GlobalID,ano_flate_id,aar,ano_round,region,kartleggingsenhet_1m2,Light1,Light2,Moist1,Moist2,pH1,pH2,Nitrogen1,Nitrogen2,fpci.min,cwm_Light,cwm_Moisture,cwm_pH,cwm_Nitrogen,richness
{36BAE83E-F412-4C90-8B56-DE6B4225BB17},ANO0003,2019,round1,Southern,V1-C-5,0.571452731711833,NA,0.757390619250545,NA,0.37917971783538684,NA,0.9167194084714718,NA,0.37917971783538684,4.764982373678026,7.151586368977674,1.9882491186839013,2.3760282021151586,10
{662B047A-411B-42F1-8F2F-E24602CBF350},ANO0003,2019,round1,Southern,V1-C-1,0.5565302768991333,NA,0.8723176154203416,NA,0.42158354470918463,NA,0.9599722972178959,NA,0.42158354470918463,4.666666666666667,7.3580246913580245,2.0987654320987654,2.45679012345679,7
{F003E630-94CD-4FFF-839B-772299BF697A},ANO0003,2019,round1,Southern,V1-C-1,0.5514068681359651,NA,0.44258387843976904,NA,0.5682473692517341,NA,0.9119317154498352,NA,0.44258387843976904,4.632911392405063,5.329113924050633,2.481012658227848,2.367088607594937,9
{F8239C33-99BD-4EEE-85A9-04A10772858D},ANO0003,2019,round1,Southern,V1-C-1,NA,0.6537915227100225,NA,0.7163311985575171,NA,0.7337169654399112,NA,0.8672029036686696,0.6537915227100225,5.63013698630137,8.076320939334638,4.211350293542074,2.724070450097847,12
{95E184F4-9560-4ADC-A7A9-75AD9A97D654},ANO0003,2019,round1,Southern,V1-C-1,0.604929699232626,NA,0.4233363462911653,NA,0.3566680851424753,NA,0.7077904809837886,NA,0.3566680851424753,4.957746478873239,5.140845070422535,1.9295774647887325,1.9859154929577465,9
{6C11D423-9559-4C61-9036-C1309E0C6328},ANO0003,2019,round1,Southern,V1-C-1,NA,0.7590121091226807,NA,0.9813801806721756,0.6521520558976296,NA,0.561662709068652,NA,0.561662709068652,5.539823008849558,7.619469026548671,2.7079646017699113,1.7345132743362832,9
{D331E117-DACA-4750-A198-028D1356340B},ANO0003,2019,round1,Southern,V3-C-1,0.5910495293665949,NA,0.6116185926445968,NA,0.3443216697717406,NA,NA,0.9025320846340638,0.3443216697717406,4.895941727367326,5.791883454734652,1.3756503642039541,1.470343392299688,5
{E9C62BB1-E07C-468E-ADF0-6653DC0D71F0},ANO0003,2019,round1,Southern,V1-C-5,0.4709445234633034,NA,0.5664169860924623,NA,0.7200664102995988,NA,NA,0.7882984351443785,0.4709445234633034,4.102790014684288,6.540381791483114,2.895741556534508,2.8384728340675482,7
{F793C8C1-C160-4F51-89E7-51AF1E1DC0EF},ANO0003,2019,round1,Southern,V1-C-5,0.5774175683590673,NA,0.36714719225435677,NA,0.31719805100838455,NA,0.7153335855314115,NA,0.31719805100838455,4.80428134556575,4.591233435270133,1.8267074413863404,2,7
{CD5636F5-9E69-42C9-AA98-AED79C5438DA},ANO0003,2019,round1,Southern,V1-C-1,0.7417750505241979,NA,NA,0.9743544419219745,0.09423925481967584,NA,0.621375616604881,NA,0.09423925481967584,5.087719298245614,7.631578947368421,1.2456140350877194,1.8245614035087718,5
{CCC71FF7-57C6-468E-889E-63B290A3C086},ANO0006,2019,round1,Central,V3-C-2,0.6358992003433257,NA,0.7929925554768633,NA,NA,0.8280220502091598,NA,0.5792368050432567,0.5792368050432567,5.009925558312656,6.0769230769230775,1.915632754342432,1.8560794044665012,17
{6E325FD4-CDD9-486E-92B9-E941289BD61D},ANO0006,2019,round1,Central,V3-C-2,0.6498001935341992,NA,0.4623480787402313,NA,NA,0.5971584804312807,NA,0.5650364203954215,0.4623480787402313,5.0312174817898025,4.678459937565037,2.1165452653485954,2.031217481789802,16
{387D0E15-EB32-4080-B750-18BB08006EF4},ANO0006,2019,round1,Central,V3-C-2,0.6282552656518939,NA,0.5950702467284507,NA,NA,0.9024652163453075,NA,0.5775401069518716,0.5775401069518716,4.998217468805704,5.734402852049911,1.8591800356506238,1.8770053475935828,12
{B1B3BE64-D329-40E0-B8F7-AF3093120824},ANO0006,2019,round1,Central,V3-C-2,0.6158174475703254,NA,0.5315667741918937,NA,NA,0.9914938594319526,NA,0.784722222222224,0.5315667741918937,4.979166666666667,5.229166666666667,1.7916666666666667,1.5208333333333333,6
{01231911-0876-0101-2ABC-000000001063},ANO0006,2019,round1,Central,V1-C-6,NA,NA,NA,NA,NA,NA,NA,NA,NA,NA,NA,NA,NA,NA
{01231911-0876-0101-2ABC-000000001067},ANO0006,2019,round1,Central,V1-C-5,NA,NA,NA,NA,NA,NA,NA,NA,NA,NA,NA,NA,NA,NA
{01231911-0876-0101-2ABC-000000001068},ANO0006,2019,round1,Central,V2-C-1,NA,NA,NA,NA,NA,NA,NA,NA,NA,NA,NA,NA,NA,NA
{A07600EF-1B69-4F56-B5A8-0C34FE1B8E01},ANO0010,2019,round1,Central,V1-C-6,0.5973316168477499,NA,0.7717721906219477,NA,0.7869415439353032,NA,NA,0.9994978245919108,0.5973316168477499,4.935483870967742,7.17741935483871,3.0806451612903225,2.532258064516129,11
{DEFCF2D7-2F86-401E-ACFB-674C8AA2260C},ANO0010,2019,round1,Central,V1-C-5,0.5979250908833662,NA,0.5979156826662376,NA,0.8947725086235898,NA,0.9506555895246761,NA,0.5979156826662376,4.9393939393939394,6.848484848484849,3.378787878787879,2.4393939393939394,14
{407934A3-5972-4C22-B993-58CA97C3FF4B},ANO0010,2019,round1,Central,V1-C-6,0.7152222393717341,NA,0.5984965593009524,NA,0.8105185192062873,NA,0.9496412705419465,NA,0.5984965593009524,5.0625,6.854166666666667,3.1458333333333335,2.4375,13
{14CF9106-FE2B-4E03-B0DC-5AE32AFD1E7F},ANO0016,2019,round1,Central,V1-C-6,0.5552810506883606,NA,0.4303937297411356,NA,0.781588187198198,NA,NA,0.7052746608101375,0.4303937297411356,4.658436213991769,5.209876543209877,3.0658436213991767,2.9588477366255144,18
{63BEE88A-40F9-48C9-B7C7-82960DCA63E5},ANO0016,2019,round1,Central,V1-C-5,0.6861263008505714,NA,0.3621135230290629,NA,0.4098351473468762,NA,0.7246698211125421,NA,0.3621135230290629,5.03486529318542,4.541996830427893,2.068145800316957,2.01743264659271,17
{0ED706D6-5AE6-47AF-A78F-6709C16A865B},ANO0016,2019,round1,Central,V1-C-6,0.5582578653418356,NA,0.5685223804348252,NA,0.522190546828329,NA,0.924332774948474,NA,0.522190546828329,4.6780487804878055,6.560975609756097,2.3609756097560974,2.3902439024390243,10
{6379CB55-7917-486D-94F6-535A2B7F4A56},ANO0016,2019,round1,Central,V1-C-5,0.5813108458148646,NA,0.7468501916664516,NA,NA,0.5437657726529675,NA,0.4952566081376842,0.4952566081376842,4.829931972789116,7.13265306122449,4.812925170068027,4.139455782312925,14
{287A06BD-4313-4015-B6A4-A97558C10BE2},ANO0016,2019,round1,Central,V1-C-6,0.5206531881677229,NA,0.39468417785372945,NA,0.676848444368042,NA,0.7641884950197158,NA,0.39468417785372945,4.430292598967298,4.860585197934595,2.7762478485370052,2.091222030981067,10
{984D28FA-D169-413F-8765-B36B321C8D47},ANO0016,2019,round1,Central,V1-C-6,0.5984178862879403,NA,0.41911632234265506,NA,0.3795359228196869,NA,0.7622820641606095,NA,0.3795359228196869,4.942640692640692,5.099567099567099,1.9891774891774892,2.0876623376623376,9
{6FFA82E4-805D-4453-AA2F-659A56471937},ANO0016,2019,round1,Central,V1-C-6,0.5786650038212577,NA,0.3514303640023385,NA,0.701262329677346,NA,NA,0.8277655961674337,0.3514303640023385,4.8125,4.4375,2.84375,2.78125,5
{30CEA49B-A36D-4C5B-B2D5-6F059A3A1542},ANO0020,2019,round1,Western,V1-C-5,0.5938066164685353,NA,0.5796143451045562,NA,0.1254365905498157,NA,0.24079857166193402,NA,0.1254365905498157,4.912259615384615,6.669471153846153,1.3269230769230769,1.3149038461538463,8
{A2E1E4EF-CAA1-46B7-A7F2-F43E751F1725},ANO0020,2019,round1,Western,V1-C-5,0.556395540117412,NA,0.5845459805935521,NA,0.5318503579261084,NA,0.8080404496786271,NA,0.5318503579261084,4.66577896138482,6.717709720372837,2.386151797603196,2.1731025299600533,7
{1417AFD7-5A4C-4DB6-A1DC-4FAE6063EBA8},ANO0020,2019,round1,Western,V3,0.6777802488902659,NA,NA,0.7068536939260159,0.0678964039500653,NA,0.1707012006716304,NA,0.0678964039500653,5.074074074074074,6.950617283950617,1.0740740740740742,1.0740740740740742,5
{268F446F-0C61-49BF-B3DB-01F151CD7319},ANO0020,2019,round1,Western,V1-C-5,0.67205995588547085,NA,NA,0.8105164225226617,0.053633861613962996,NA,0.7153335855314115,NA,0.053633861613962996,5.021505376344086,7.913978494623656,1.1397849462365592,2,5
{12749F17-8BA1-4EB2-84A3-633846AEC586},ANO0020,2019,round1,Western,V1-C-5,0.8518937322267244,NA,0.637313683436715,NA,0.23119685317024863,NA,0.39214016759195347,NA,0.23119685317024863,5.1923076923076925,6.935897435897436,1.6025641025641026,1.5128205128205128,6
{169BD197-7D47-4271-AE69-AC618143B671},ANO0020,2019,round1,Western,V1-C-5,0.6651320239141013,NA,0.4898090500721874,NA,0.26342785302472277,NA,0.5478256669642814,NA,0.26342785302472277,5.014925373134329,5.791044776119403,1.6865671641791045,1.7164179104477613,10
{2E4862FE-8B56-4250-84B3-AAC33B402C45},ANO0022,2019,round1,Southern,V1-C-6,0.638888679658651,NA,0.7286717924283248,NA,0.6528882098997044,NA,NA,0.6217147329452555,0.6217147329452555,4.99,7.1,2.71,3.08,8
{38E2470F-3E0F-4283-97B9-71DB015F8F20},ANO0022,2019,round1,Southern,V1-C-6,0.5964351367024,NA,0.5601287030859295,NA,0.5404061896098109,NA,0.9114543037696057,NA,0.5404061896098109,4.929577464788732,6.47887323943662,2.408450704225352,2.3661971830985915,4
{3A83318C-FE47-4CDD-8CFF-2EE9929D93BC},ANO0022,2019,round1,Southern,V1-C-2,0.7371571703237693,NA,NA,0.7122628607887045,NA,0.5118478244182683,NA,0.6768915331386421,0.5118478244182683,5.083333333333333,8.083333333333334,5,3,2
{07D3098E-F1F7-4DE6-AA0C-D16490BF226B},ANO0040,2019,round1,Northern,V1-C-5,0.5508918266676797,NA,0.45143212585097764,NA,0.3155028064218965,NA,0.8492236912517171,NA,0.3155028064218965,4.629518072289156,5.4156626506024095,1.8222891566265058,2.25,10
{B34DCC8A-09E7-4980-921E-D417E9882BA6},ANO0040,2019,round1,Northern,V1-C-5,0.5973981666061128,NA,0.5363826124112656,NA,0.371022952470363,NA,0.6383792723407113,NA,0.371022952470363,4.935922330097087,6.246601941747572,1.9669902912621358,1.8563106796116504,12
{05A2067D-40AC-40C2-932D-398A2080349F},ANO0040,2019,round1,Northern,V1-C-5,0.6194067096311326,NA,0.5228276043684974,NA,0.23786857718905957,NA,0.6135643840337919,NA,0.23786857718905957,4.971496437054632,6.114014251781472,1.6199524940617578,1.809976247030879,10
{ED96CD9A-F64C-48F8-96B8-DBC380380822},ANO0040,2019,round1,Northern,V2-C-1,NA,0.4821465463068053,0.627425326563294,NA,0.16906035136181669,NA,0.23053429627331426,NA,0.16906035136181669,5.107871720116618,6.55393586005831,1.7551020408163267,2.1341107871720117,12
{D332C85A-9167-49E3-BF2F-6AC5581D4E42},ANO0055,2019,round1,Southern,V4-C-2,NA,NA,NA,NA,NA,NA,NA,NA,NA,NA,NA,NA,NA,NA
{F6F3B6A7-9783-46DA-91F9-A8ED1E2467B4},ANO0055,2019,round1,Southern,V1-C-7,0.622420608420815,NA,0.5478709264446713,NA,0.8829695732705718,NA,0.9438393659607333,NA,0.5478709264446713,4.9743589743589745,6.358974358974359,3.3461538461538463,2.4266666666666667,14
{C19BBE06-05A8-45E6-82B7-D23F4CF40D3C},ANO0057,2019,round1,Eastern,V1-C-1,NA,0.9043276415443262,NA,0.6839844322692878,NA,0.8005208024332133,NA,0.8070254958588936,0.6839844322692878,5.415094339622642,8.132075471698114,4.0754716981132075,2.811320754716981,15
{6E9B8D91-993B-418C-BC83-FB57E4EB8D40},ANO0057,2019,round1,Eastern,V2-C-1,NA,0.8787045297114886,0.5454936600218395,NA,0.19901398718868507,NA,0.2333877151551129,NA,0.19901398718868507,4.481481481481482,6,1.8888888888888888,2.1481481481481484,10
{273E1AC1-89B0-4DEA-BD06-BFAB441AF4D7},ANO0065,2019,round1,Southern,V1-C-2,NA,0.8728584792494504,NA,0.7361818982901878,NA,0.4579691060584505,NA,0.6768915331386421,0.4579691060584505,5.442105263157895,8.042105263157895,5.315789473684211,3,8
{A8532402-D4DF-42B2-AFA3-79D7C9D9161C},ANO0065,2019,round1,Southern,V1-C-2,0.9974758550107354,NA,NA,0.512760264308875,NA,0.5386387573768001,NA,0.6711914504740362,0.512760264308875,5.330578512396694,8.818181818181818,4.8429752066115705,3.008264462809917,4
{10F351CF-F458-4C8F-8F72-1FF068B7C420},ANO0065,2019,round1,Southern,V1-C-1,0.7720826914512823,NA,NA,0.5867229099234701,NA,0.5035654971623093,NA,0.6602720150081041,0.5035654971623093,5.116504854368932,8.359223300970873,5.048543689320388,3.0240963855421685,6
{9E8ECED8-A919-4EDC-9E11-3718D4B9D479},ANO0065,2019,round1,Southern,V1-C-2,0.9962474135689879,NA,0.5977698940206623,NA,NA,0.762433431955117,NA,0.806719298299552,0.5977698940206623,5.329411764705882,6.847058823529412,4.152941176470588,2.8117647058823527,10
{F31B279C-CA7A-472D-B19B-1DC01E6017C0},ANO0065,2019,round1,Southern,V1-C-5,0.7094914916455278,NA,0.5326621296590183,NA,0.5092800913614141,NA,NA,0.8715844467339251,0.5092800913614141,5.057057057057058,6.210210210210211,2.3273273273273274,2.717717717717718,7
{8AD2AFD0-DE22-43D7-9482-331A1DFEA4F1},ANO0066,2019,round1,Eastern,V1-C-1,0.5795273957792627,NA,0.3996431246836511,NA,0.5929729735082199,NA,0.2780630279288397,NA,0.2780630279288397,4.818181818181818,4.909090909090909,2.5454545454545454,1.3636363636363635,5
{B67C989B-AAE0-4FAD-8470-C44A45C12345},ANO0066,2019,round1,Eastern,V2-C-1,NA,0.5933053699097242,0.35986298168604935,NA,0.36758180469551904,NA,0.318562432578115,NA,0.318562432578115,4.6716417910447765,4.298507462686567,2.6417910447761193,2.5671641791044775,5
{1EDE1C02-4EA1-49CD-A5FF-BC14BEE4A000},ANO0066,2019,round1,Eastern,V1-C-1,0.45534295382656353,NA,0.43449572276652765,NA,0.5755325919344487,NA,NA,0.8493190337429755,0.43449572276652765,4,5.25,2.5,2.75,2
{27D884FA-1ACA-4EEB-ACE3-F07FB884E252},ANO0075,2019,round1,Northern,V1-C-6,0.5937314986169897,NA,0.8367397026049814,NA,NA,0.9243866061370514,NA,0.47050702915282644,0.47050702915282644,4.911764705882353,7.294117647058823,3.823529411764706,4.382352941176471,15
{64733F92-BDDB-4549-9020-F62DEB47C2FA},ANO0075,2019,round1,Northern,V1-C-6,NA,0.5085553590507151,0.561041822797525,NA,0.39304664815035517,NA,0.9504576736256068,NA,0.39304664815035517,5.878048780487805,6.487804878048781,2.024390243902439,2.4390243902439024,11
{5885D74B-02DB-45A7-A215-F287FC32F42C},ANO0075,2019,round1,Northern,V1-C-6,0.526769299524848,NA,NA,0.5118984823520533,NA,0.9243866061370514,NA,0.9473660438905375,0.5118984823520533,4.470588235294118,8.823529411764707,3.823529411764706,2.607843137254902,6
{0F4F95FC-0E3F-476B-B6D9-D760745F8B79},ANO0081,2019,round1,Eastern,V1-C-3,NA,0.3626220821057272,0.8956858354286126,NA,NA,0.3071086946509609,NA,0.6768915331386421,0.3071086946509609,6.2,7.4,6.2,3,2
{2745B9B8-6E8F-404E-A5A0-41F3D3CB3CD3},ANO0081,2019,round1,Eastern,V1-C-3,NA,0.6822042566692985,0.5909435726961108,NA,NA,0.5707050691152354,NA,0.7635299817181593,0.5707050691152354,5.605749486652977,6.780287474332648,4.655030800821355,2.874384236453202,17
{85B87BE4-1B7F-42B2-B4B6-550079C951B6},ANO0081,2019,round1,Eastern,V1-C-3,0.6734244067758356,NA,NA,0.4852969295383067,NA,0.5149044618062167,NA,0.6434915330215796,0.4852969295383067,5.022801302931596,8.988599348534201,4.982084690553745,3.048426150121066,7
{D4BDEEA0-3044-4BF8-B82F-43C4A348DBF7},ANO0081,2019,round1,Eastern,V1-C-6,0.8049816677429111,NA,0.5562683620353932,NA,0.9304800888950826,NA,NA,0.6222464151740996,0.5562683620353932,5.147751605995717,6.4411134903640255,3.4775160599571735,3.0792291220556747,12
{D2A83528-012E-462B-98D7-949FAA502128},ANO0081,2019,round1,Eastern,V1-C-6,0.5943406785376574,NA,0.5410351857050153,NA,0.8495426033715395,NA,NA,0.8070393694156868,0.5410351857050153,4.915778251599147,6.292110874200427,3.253731343283582,2.8113006396588487,19
{03480E77-F3EA-4A8E-B169-CE5003607242},ANO0081,2019,round1,Eastern,V4-C-2,NA,NA,NA,NA,NA,NA,NA,NA,NA,NA,NA,NA,NA,NA
{BC987C00-E4A8-4367-9CFA-26503ECF5EF2},ANO0081,2019,round1,Eastern,V1-C-3,NA,0.13685917953869497,0.7281339050112549,NA,0.7507852501684754,NA,0.7947848570577469,NA,0.13685917953869497,6.698067632850242,7.099033816425121,2.980676328502416,2.1483516483516487,8
{5E7050FD-1FED-471D-BE63-4C87AF582B38},ANO0081,2019,round1,Eastern,V1-C-6,NA,0.9805233870413244,NA,0.9261167276029679,NA,0.6445880131430652,NA,0.7118135585774943,0.6445880131430652,5.3496932515337425,7.714723926380368,4.3926380368098155,2.949367088607595,14
{97C34F04-87C2-425C-9828-289D17839BD0},ANO0083,2019,round1,Southern,V1-C-1,0.9178800277293842,NA,NA,0.8484434282030562,0.9580646578337761,NA,NA,0.5084513369825948,0.5084513369825948,5.254980079681275,7.848605577689242,3.553784860557769,4.00996015936255,10
{EF7AACF4-40C9-45F5-BA34-AE49B3B418EB},ANO0084,2019,round1,Eastern,V1-C-2,0.5939255919476915,NA,NA,0.558781294242187,0.8757118676808279,NA,NA,0.4695949413089966,0.4695949413089966,4.913043478260869,8.532608695652174,3.3260869565217392,4.391304347826087,14
{71B6CD5D-D9F5-4646-BC3B-A8B6EB95EC25},ANO0085,2019,round1,Central,V1-C-6,0.7357009093477005,NA,NA,0.7997287858625478,0.015124646261071212,NA,0.6997778886012513,NA,0.015124646261071212,5.081950207468879,7.932572614107884,1.0394190871369293,1.970954356846473,8
{F57544F9-9682-46E8-9054-B2D0D18E3547},ANO0085,2019,round1,Central,V1-C-6,0.5885385117486196,NA,0.4339741192578043,NA,0.4071795208243718,NA,0.9557892856005319,NA,0.4071795208243718,4.877551020408164,5.244897959183674,2.061224489795918,2.4489795918367347,9
{5F05AFB7-C865-49F0-9D66-EFB225124A9B},ANO0091,2019,round1,Northern,V1-C-1,0.7268348498757526,NA,0.787617925251956,NA,NA,0.5821014473776385,NA,0.6987870887709384,0.5821014473776385,5.073529411764706,7.205882352941177,4.588235294117647,2.9682539682539684,11
{56F3A49C-AA0C-497F-B8EB-E21C13E3D83E},ANO0091,2019,round1,Northern,V1-C-1,0.6494174465156278,NA,0.7286717924283248,NA,NA,0.763879442438884,NA,0.5858861413973094,0.5858861413973094,5,7.1,4.15,3.25,4
{E5826DDA-1AD5-4639-947E-A6A11454ECE9},ANO0091,2019,round1,Northern,V1-C-1,0.8561101581330726,NA,0.9006370832688233,NA,NA,0.5536690855601802,NA,0.5953689066182751,0.5536690855601802,5.196312364425163,7.408893709327549,4.754880694143167,3.156934306569343,8
{A966BDCD-8AF1-48BF-B0C2-131821B0DDF5},ANO0091,2019,round1,Northern,V1-C-5,NA,0.7425986113446323,0.5371082557268106,NA,0.45426110145636545,NA,0.9320540108922452,NA,0.45426110145636545,5.553911205073996,6.25369978858351,2.1839323467230445,2.4046610169491522,12
{F104C924-809F-4519-949E-755F56398A0E},ANO0099,2019,round1,Western,V1-C-1,0.5389911408998878,NA,0.6581547520504261,NA,0.5422795977337915,NA,NA,0.9926254453563547,0.5389911408998878,4.551111111111111,6.973333333333334,2.413333333333333,2.542222222222222,13
{41116719-C664-4BBD-8182-1C7139A34628},ANO0099,2019,round1,Western,V2-C-1,NA,0.47959863003451325,0.59195395654081,NA,0.09619639970099464,NA,0.11284366161430819,NA,0.09619639970099464,5.11787072243346,6.425855513307985,1.429657794676806,1.5551330798479086,9
{D916ACA8-32F1-45D6-952C-F714D0663433},ANO0100,2019,round1,Central,V1-C-1,0.5998962725016631,NA,NA,0.7882367033086124,NA,0.5280969617013878,NA,0.6768915331386421,0.5280969617013878,4.9523809523809526,7.9523809523809526,4.904761904761905,3,2
{0E89DC20-B252-49AA-AFB9-4774FC063BE1},ANO0100,2019,round1,Central,V1-C-5,NA,0.25682072400950423,0.5990483686625819,NA,0.5035329537182749,NA,0.7672038444061062,NA,0.25682072400950423,6.433414043583535,6.859564164648911,2.312348668280872,2.096852300242131,9
{F9E693AE-9BB2-4E63-A2AE-37EF87F9B532},ANO0100,2019,round1,Central,V1-C-5,0.9575764764759309,NA,0.9106220506562803,NA,0.21991895789365115,NA,0.6761462375157121,NA,0.21991895789365115,5.2926829268292686,7.426829268292683,1.5731707317073171,1.9268292682926829,10
{E468D9A1-C13C-40BC-A8C5-32CAC9B75D2B},ANO0100,2019,round1,Central,V1-C-6,NA,0.825621888518603,0.6642194750980355,NA,0.6117347678671083,NA,0.8656959755516918,NA,0.6117347678671083,5.482649842271294,6.9842271293375395,2.5962145110410093,2.280757097791798,13
{57696830-B2FC-4EA6-9E8D-C15E2A0D656A},ANO0103,2019,round1,Northern,V1-C-1,0.4622420894906024,NA,0.5901706608700429,NA,NA,0.4679012940389219,NA,0.43108679300136477,0.43108679300136477,4.045454545454546,6.7727272727272725,5.257575757575758,4.769230769230769,3
{97CC3F84-1E00-42F8-933C-02E183A95F83},ANO0103,2019,round1,Northern,V1-C-1,0.45534295382656353,NA,NA,0.32230645185129286,NA,0.837625977111015,NA,0.6768915331386421,0.32230645185129286,4,10,4,3,1
{45374589-F0C4-417A-90DD-99E12CB95251},ANO0103,2019,round1,Northern,V1-C-1,0.4716052021775122,NA,NA,0.35108381362372976,NA,0.8025085796480956,NA,0.6153102829228088,0.35108381362372976,4.107142857142857,9.821428571428571,4.071428571428571,3.0892857142857144,4
{E2EA8E70-DCEA-4DD9-9F31-BE9EF7399400},ANO0103,2019,round1,Northern,V1-C-1,0.6206503239555811,NA,NA,0.9222948695434421,NA,0.5855017007917531,NA,0.7277717792186096,0.5855017007917531,4.972677595628415,7.721311475409836,4.5683060109289615,2.926229508196721,6
{91EB5A40-1E5F-46AA-A0F2-0D5EC56819E5},ANO0103,2019,round1,Northern,V1-C-1,0.6521772805541539,NA,NA,0.7758172928549827,NA,0.5118478244182683,NA,0.6488324647988296,0.5118478244182683,5.00262123197903,7.973787680209699,5,3.0406824146981624,5
{D1584A44-2D4A-4717-B9A5-BD3D6943D332},ANO0103,2019,round1,Northern,V1-C-1,0.6213781206648245,NA,NA,0.8363169900407361,NA,0.5075313092545101,NA,0.5962993322390262,0.5075313092545101,4.973368841544608,7.869507323568576,5.025299600532623,3.1478029294274306,4
{6C4C494F-D353-4848-8E97-C36B51A71C01},ANO0103,2019,round1,Northern,V1-C-2,0.9590870599561281,NA,0.5803299272937013,NA,NA,0.6930249287342878,NA,0.8552648096258836,0.5803299272937013,5.294117647058823,6.676470588235294,4.294117647058823,2.7413793103448274,5
{0BBA4D39-D151-47A5-B90B-7B7771B8113C},ANO0103,2019,round1,Northern,V1-C-2,NA,0.47893482542265853,0.8515689184096686,NA,NA,0.5858887046800302,NA,0.5285711927823552,0.47893482542265853,5.943396226415095,7.320754716981132,4.566037735849057,3.8125,6
{69B9284C-B5D9-40BE-99FD-8B60317842E4},ANO0103,2019,round1,Northern,V1-C-2,NA,0.05332677678025377,0.7384961478989299,NA,NA,0.39643115812787433,NA,0.4264420868141447,0.05332677678025377,6.882352941176471,7.117647058823529,5.676470588235294,4.814814814814815,4
{4482B389-6B59-4B9B-8C68-7DAC17FB8A98},ANO0103,2019,round1,Northern,V1-C-2,NA,0.001774080636525066,0.6610163973186199,NA,NA,0.1789631010360025,NA,0.8022933517599756,0.001774080636525066,6.996086105675147,6.978473581213308,6.951076320939334,2.818181818181818,3
{4011CA81-C0D0-47AD-BCB5-808190DEA2B8},ANO0103,2019,round1,Northern,V1-C-2,0.7369747592555609,NA,0.6718430362861622,NA,0.9825995632919449,NA,NA,0.9434036784464017,0.6718430362861622,5.083160083160083,6.997920997920998,3.6216216216216215,2.6135881104033967,6
{62A04026-0FDA-4805-BE88-D74D25762499},ANO0103,2019,round1,Northern,V1-C-2,0.898485049583901,NA,0.6909589440089052,NA,NA,0.7583286280011969,NA,0.5861600479617776,0.5861600479617776,5.236559139784946,7.032258064516129,4.161290322580645,3.247311827956989,4
{1C926A8D-842B-47B2-90D9-E8B06FD03E4C},ANO0108,2019,round1,Eastern,V1-C-6,0.6494174465156278,NA,0.6811474712493815,NA,0.8136427500254495,NA,0.9774534022586441,NA,0.6494174465156278,5,7.014634146341463,3.154471544715447,2.489430894308943,14
{0BD9284F-12D4-4566-8796-E7BB5019398F},ANO0108,2019,round1,Eastern,V1-C-3,0.679215843280657,NA,0.8530694938184759,NA,NA,0.9555674251940278,NA,0.5999616903234138,0.5999616903234138,5.028301886792453,7.323450134770889,3.76010781671159,3.1118598382749325,11
{823F9A48-9D84-49B0-A8E9-DB12929B4A63},ANO0111,2019,round1,Central,V1-C-5,0.6295518486722748,NA,0.5941162380115006,NA,0.6827093918328088,NA,0.9073269446775103,NA,0.5941162380115006,4.981132075471698,6.811320754716981,2.792452830188679,2.358490566037736,8
{8848EFCD-C2C1-49C7-BCE6-AC0B5F85DB02},ANO0111,2019,round1,Central,V1-C-5,0.7055708697528389,NA,0.5547914013050251,NA,0.47577360933247764,NA,0.7938824475539907,NA,0.47577360933247764,5.053333333333334,6.426666666666667,2.24,2.1466666666666665,7
{15A868EF-9717-41A5-A9F7-2C02BB6281D1},ANO0111,2019,round1,Central,V1-C-5,0.8794997626300897,NA,0.5483254670989629,NA,0.6890471852177665,NA,NA,0.957035025806965,0.5483254670989629,5.218527315914489,6.363420427553444,2.8099762470308787,2.5938242280285038,11
{EA6364FF-73F3-4557-8997-9222E3D0DBAA},ANO0111,2019,round1,Central,V1-C-1,0.541066433505983,NA,0.5111714385488559,NA,0.8887464015016111,NA,NA,0.648895924184433,0.5111714385488559,4.5647840531561465,5.999999999999999,3.362126245847176,3.040590405904059,10
{3899D4F5-229C-4410-B1C2-CF944A590631},ANO0111,2019,round1,Central,V1-C-6,0.829910592635234,NA,0.6411882460948413,NA,0.9954467296601994,NA,NA,0.8936575338983755,0.6411882460948413,5.171428571428572,6.942857142857143,3.657142857142857,2.6857142857142855,10
{8F548E35-7EB8-4CDC-8362-626B50D98DE8},ANO0111,2019,round1,Central,V1-C-1,NA,0.9058436508840899,0.5746272033342312,NA,0.4101496632176531,NA,0.6968659847424037,NA,0.4101496632176531,5.413793103448276,6.620689655172414,2.0689655172413794,1.9655172413793103,9
{8014988A-3935-45C6-A548-446A8C69738D},ANO0111,2019,round1,Central,V1-C-2,0.5951412291241928,NA,0.7975284592793208,NA,0.8291575061676673,NA,NA,0.5630942320065674,0.5630942320065674,4.921052631578948,7.223684210526316,3.1973684210526314,3.473684210526316,12
{D62A82BC-9D1F-4F92-B934-9F4FA886E3B9},ANO0114,2019,round1,Eastern,V1-C-5,0.5799023488044822,NA,0.5265436231139121,NA,0.19670981101141177,NA,0.6173415516346659,NA,0.19670981101141177,4.820652173913044,6.150362318840579,1.5126811594202898,1.8170289855072463,8
{7C26E676-F399-401C-B514-D988CED295BB},ANO0114,2019,round1,Eastern,V2-C-1,0.7072486536015807,NA,0.5441261271694171,NA,0.4783403738034447,NA,0.7131543848609677,NA,0.4783403738034447,4.249303621169917,5.987465181058496,3.136490250696379,4.155988857938718,20
{14875390-ADA8-4ED9-9013-0119A7741AF1},ANO0114,2019,round1,Eastern,V1-C-5,0.5535866456824766,NA,0.5256701193513327,NA,0.273465183076732,NA,0.6724887517009135,NA,0.273465183076732,4.6472727272727274,6.141818181818182,1.7127272727272729,1.92,12
{7636D419-BEDF-4F36-B53A-CD8E68488D69},ANO0114,2019,round1,Eastern,V2-C-1,NA,0.514246173095556,0.39566802579864646,NA,0.2340215381025318,NA,0.19867423073779278,NA,0.19867423073779278,4.981900452488687,4.626696832579185,2.0452488687782804,1.9773755656108598,12
{662B73DC-80CE-48C3-9CBD-384D4637B28D},ANO0114,2019,round1,Eastern,V2-C-1,NA,0.5547344626079009,0.46849698854088084,NA,0.4032014574514122,NA,0.29006901651629247,NA,0.29006901651629247,4.823008849557522,5.29424778761062,2.800884955752212,2.4269911504424777,9
{637D02A0-7831-4AD4-ADF0-6B18E9A3955C},ANO0114,2019,round1,Eastern,V1-C-5,0.4861188216735203,NA,0.5242059176270604,NA,0.26640115878583803,NA,0.9374554199061123,NA,0.26640115878583803,4.202764976958526,6.127496159754225,1.6943164362519203,2.414746543778802,7
{F31C8249-D1B8-493F-B090-B8C3CC04C9C5},ANO0114,2019,round1,Eastern,V2-C-1,NA,0.5674314049777636,0.4712567196993239,NA,0.20185298843246097,NA,0.1742755719397182,NA,0.1742755719397182,4.77318116975749,5.319543509272468,1.901569186875892,1.8573466476462197,9
{09C92D97-912B-4FF1-9891-303D1FC816DA},ANO0114,2019,round1,Eastern,V1-C-1,0.5515943099199834,NA,0.5504443661446827,NA,0.1364745306077622,NA,0.5346496431314681,NA,0.1364745306077622,4.634146341463414,6.384146341463414,1.3556910569105691,1.6991869918699185,8
{D16A5F51-0079-4E04-BDAE-402DE6D86710},ANO0114,2019,round1,Eastern,V1-C-5,0.7361601280077676,NA,0.545443159997018,NA,0.10246224174590565,NA,0.43881821595020015,NA,0.10246224174590565,5.082386363636363,6.3352272727272725,1.2670454545454546,1.5738636363636362,7
{F6C1FDCA-F07D-4B3E-86D7-0CAF51BB26BF},ANO0115,2019,round1,Western,V1-C-5,NA,0.3525492464916793,0.8649159167751881,NA,0.7278921171045298,NA,0.8862246606388102,NA,0.3525492464916793,6.222222222222222,7.344729344729345,2.9173789173789175,2.319088319088319,5
{7F8FFF8E-E89E-4A5F-8F67-F3C4875065C1},ANO0116,2019,round1,Northern,V1-C-1,0.6221408484405577,NA,0.5495755103569306,NA,0.22414956732507452,NA,0.8048248997175226,NA,0.22414956732507452,4.974093264248705,6.375647668393782,1.5841968911917097,2.167098445595855,10
{73A2DA0F-6DA0-40D2-A281-B05C50C37495},ANO0124,2019,round1,Eastern,V2-C-1,0.617515780921801,NA,0.3927554352157244,NA,0.2686688827047249,NA,0.28458243976978276,NA,0.2686688827047249,4.2,4.6,2.2,2.4,3
{58DD5D2C-0B33-4E32-A2F4-AD81132362FC},ANO0124,2019,round1,Eastern,V2-C-1,NA,0.6110207761085478,0.4394254483509263,NA,0.2270003291370939,NA,0.14398516297875913,NA,0.14398516297875913,4.638888888888889,5.027777777777778,2.013888888888889,1.7083333333333333,9
{F947A6C4-B8D9-4C14-84E0-3549CBF01791},ANO0124,2019,round1,Eastern,V2-C-1,NA,0.8472123234052609,0.3272961960131037,NA,0.3358361033809061,NA,0.4065463425282611,NA,0.3272961960131037,4.5,4,2.5,3,2
{5EF6D788-FE0B-4B7F-AF56-BF7492D01439},ANO0124,2019,round1,Eastern,V2-C-1,0.5839932062702883,NA,0.42491085096438025,NA,0.2592419043642082,NA,0.2460675231092107,NA,0.2460675231092107,4.105263157894737,4.894736842105263,2.1578947368421053,2.210526315789474,4
{0A081E5B-3377-4562-AD1C-38ADF96D08D8},ANO0128,2019,round1,Northern,V1-C-5,0.6184504851715779,NA,0.5472541283287753,NA,0.23698400844359652,NA,0.6208229226700192,NA,0.23698400844359652,4.970588235294118,6.352941176470588,1.6176470588235294,1.8235294117647058,9
{076A3225-491E-4374-BB57-1D5E32285EAF},ANO0128,2019,round1,Northern,V2-C-1,NA,0.618288208333062,0.5622780803302039,NA,0.1851404159663969,NA,0.28536425965926016,NA,0.1851404159663969,4.634615384615385,6.153846153846154,1.8269230769230769,2.4038461538461537,10
{BB0CE597-9DAF-407B-83DA-2A739C608621},ANO0128,2019,round1,Northern,V3,0.5654609194486502,NA,0.7440455242267062,NA,0.8921602869131007,NA,NA,0.5233415233415233,0.5233415233415233,4.7272727272727275,6,1.75,2.5454545454545454,7
{36738B15-2012-4590-8E74-EE194DEDBB96},ANO0128,2019,round1,Northern,V3-C-2,0.5594270376862407,NA,0.72416079278133,NA,NA,0.7579773112698693,NA,0.5472972972972973,0.5472972972972973,4.6875,5.96875,1.96875,2.25,9
{5B4A0439-65B0-4616-A9CF-EDF2CAD5B683},ANO0135,2019,round1,Northern,V1-C-5,0.7678660736566191,NA,0.6382058524698361,NA,0.043164944395083664,NA,0.08602574926548483,NA,0.043164944395083664,5.1125,6.9375,1.1125,1.1125,9
{66B0EE7E-6040-4911-86D2-91E5E9057E98},ANO0135,2019,round1,Northern,V1-C-2,NA,0.6787718171673724,NA,0.5745462837349133,NA,0.5934467529487168,NA,0.721872620252816,0.5745462837349133,5.608695652173913,8.434782608695652,4.521739130434782,2.9347826086956523,10
{CF6C937E-A2A5-4FC3-8B78-872CAF5261BF},ANO0135,2019,round1,Northern,V1-C-2,NA,0.5465994619976037,NA,0.9312462892284384,0.9279744633246216,NA,NA,0.9811753577345246,0.5465994619976037,5.794117647058823,7.705882352941177,3.4705882352941178,2.5588235294117645,10
{0CCA01B5-9D30-4F94-B007-3059405507D0},ANO0135,2019,round1,Northern,V1-C-5,0.6217101653130569,NA,0.5219329425183057,NA,0.2221353863606644,NA,0.5835664862453939,NA,0.2221353863606644,4.973684210526316,6.105263157894737,1.5789473684210527,1.763157894736842,8
{0BCAE399-453B-4D1F-98A0-21AC8D6A8456},ANO0135,2019,round1,Northern,V1-C-1,NA,0.36662159036424624,0.623878667408537,NA,0.2708388667926817,NA,0.5060338192087341,NA,0.2708388667926817,6.1911764705882355,6.911764705882353,1.7058823529411764,1.661764705882353,7
{91990B07-5886-48D2-AF96-FE1ABC08ABEF},ANO0135,2019,round1,Northern,V1-C-1,NA,0.5702524678275549,0.6550419455142199,NA,0.15265022151666383,NA,0.29600257811779723,NA,0.15265022151666383,5.741935483870968,6.967741935483871,1.3978494623655915,1.3870967741935485,4
{8EE206F3-C226-4E4D-B4A3-FE1AC1A84909},ANO0135,2019,round1,Northern,V1-C-1,NA,0.17512998283515252,NA,0.7606098514831916,0.675575137781827,NA,0.746837139818542,NA,0.17512998283515252,6.613636363636363,8,2.772727272727273,2.0588235294117645,9
{07107793-84FB-413D-8B84-1BF39B9BBC4E},ANO0135,2019,round1,Northern,V1-C-5,0.821082123531557,NA,0.5922921233620441,NA,0.12094525482680446,NA,0.19947999829677637,NA,0.12094525482680446,5.163043478260869,6.793478260869565,1.315217391304348,1.2608695652173914,9
{4542C7EF-6311-4FDF-9141-4F548FDDC8A2},ANO0135,2019,round1,Northern,V1-C-1,0.9630402890638795,NA,0.6137756068181981,NA,0.19592598874364212,NA,0.08496370297825663,NA,0.08496370297825663,5.297872340425532,6.8936170212765955,1.5106382978723405,1.1111111111111112,6
{DEE6EF7B-71A0-4B02-B565-34ACC09E8AF8},ANO0135,2019,round1,Northern,V1-C-2,NA,0.5079835201912127,NA,0.5084662128343671,NA,0.5471476743781488,NA,0.7252922350626656,0.5079835201912127,5.879310344827586,8.844827586206897,4.793103448275862,2.9298245614035086,8
{CD7487C4-8541-401A-96B8-5A923FCCE4A3},ANO0135,2019,round1,Northern,V1-C-2,NA,0.5635343167859274,NA,0.5640362907397625,NA,0.7047493380621306,NA,0.9005812636523717,0.5635343167859274,5.756756756756757,8.5,4.27027027027027,2.675675675675676,9
{F2CA9150-6945-4019-B368-A4EA41EAE498},ANO0135,2019,round1,Northern,V1-C-2,NA,0.9471036888608909,NA,0.4311937666659188,NA,0.5579602410325266,NA,0.770942897104642,0.4311937666659188,5.378378378378378,9.324324324324325,4.72972972972973,2.8636363636363638,5
{9FCECD12-C7FF-4C83-BD2D-4E95DED11FAB},ANO0135,2019,round1,Northern,V1-C-6,0.6494174465156278,NA,0.6194703027742912,NA,0.6743105375654321,NA,0.921318363562651,NA,0.6194703027742912,5,6.903846153846154,2.769230769230769,2.3846153846153846,12
{7864E8C6-5AD7-465C-B867-1582ECDB797A},ANO0135,2019,round1,Northern,V1-C-5,0.6851081816240244,NA,0.594345096346636,NA,0.07153512442123089,NA,0.10368451888871998,NA,0.07153512442123089,5.033898305084746,6.813559322033898,1.1864406779661016,1.1355932203389831,6
{F1DD334D-A495-4CB4-8441-9DBA4646B890},ANO0145,2019,round1,Central,V2-C-1,NA,0.8729786740194484,0.7149239360210715,NA,0.5902573938209864,NA,NA,0.9885337740384051,0.5902573938209864,4.484848484848484,6.7272727272727275,3.6363636363636362,4.696969696969697,6
{58B0CA13-E684-4EA2-B209-1F062A48D430},ANO0145,2019,round1,Central,V2-C-1,0.5883878383169103,NA,0.4834748787579458,NA,0.16907931069246165,NA,0.34834779971819885,NA,0.16907931069246165,4.12863070539419,5.431535269709544,1.755186721991701,2.7136929460580914,6
{427B7DF2-BD4B-4A5E-A263-6F6ABB8439BD},ANO0145,2019,round1,Central,V1-C-5,0.7912944467160281,NA,0.5807777620959343,NA,0.4938967632912644,NA,0.8140894081903604,NA,0.4938967632912644,5.134751773049646,6.680851063829787,2.2872340425531914,2.1843971631205674,11
{6DD2A675-9C19-499D-8E89-44CC12CB492D},ANO0145,2019,round1,Central,V1-C-5,0.6034179796647567,NA,0.5672514119042159,NA,0.45446586547574586,NA,0.6399391570675499,NA,0.45446586547574586,4.95631067961165,6.548543689320388,2.1844660194174756,1.8592233009708736,7
{74E0000C-2274-41D8-AF02-1F5005F48325},ANO0145,2019,round1,Central,V1-C-6,NA,0.578319699909996,0.7977810516008579,NA,0.5027641032990586,NA,0.8353729906599614,NA,0.5027641032990586,5.724137931034483,7.224137931034483,2.310344827586207,2.2241379310344827,14
{63CDA194-EE90-4C4C-AC93-AA205913FD7A},ANO0152,2019,round1,Northern,V1-C-5,0.8352192145799283,NA,0.5983712721836608,NA,0.1918441973114829,NA,0.29237509554282415,NA,0.1918441973114829,5.176470588235294,6.852941176470588,1.5,1.3823529411764706,12
{29B32BDC-6EDD-49F8-95F9-33AE83181945},ANO0152,2019,round1,Northern,V1-C-6,NA,0.33995820197411936,0.7657860242061668,NA,0.3380112047868984,NA,0.6707035502913096,NA,0.3380112047868984,6.25,7.166666666666667,1.880952380952381,1.9166666666666667,8
{E40730FB-0FF6-4704-87F8-6545513E99AE},ANO0152,2019,round1,Northern,V1-C-5,NA,0.8701332086585546,0.585007313005913,NA,0.2025022082732319,NA,0.44605944063584707,NA,0.2025022082732319,5.444444444444445,6.722222222222222,1.5277777777777777,1.5833333333333333,10
{ED21344F-909F-479D-9D21-CB998C2146FA},ANO0152,2019,round1,Northern,V1-C-5,NA,0.8950275073253938,0.5937452863144405,NA,0.30990216488778005,NA,0.5293892262491372,NA,0.30990216488778005,5.423076923076923,6.8076923076923075,1.8076923076923077,1.6923076923076923,10
{0E9E2860-3B3A-460B-84D2-15DE6ED6FA91},ANO0155,2019,round1,Western,V1-C-1,0.9714738444937481,NA,0.9939293901346636,NA,0.08576564115101591,NA,0.6964314529591329,NA,0.08576564115101591,5.305882352941176,7.576470588235294,1.223529411764706,1.964705882352941,5
{148D6921-8DF2-430F-A939-D6E83290B046},ANO0155,2019,round1,Western,V1-C-1,NA,0.8442431380450418,0.7596003189098599,NA,0.4050044165464638,NA,0.828396341473003,NA,0.4050044165464638,5.466666666666667,7.155555555555556,2.0555555555555554,2.2111111111111112,6
{CD447781-B7D4-410A-AF80-AEA668D453BC},ANO0156,2019,round1,Northern,V1-C-1,0.5892360977755646,NA,0.5794071591672797,NA,0.5444166719504393,NA,0.5888966110744971,NA,0.5444166719504393,4.882147024504084,6.667444574095682,2.4189031505250878,1.7701283547257873,7
{7CEC6490-2D5D-4E23-8B37-3BC754FDA3FB},ANO0160,2019,round1,Northern,V1-C-6,NA,0.5935778129706845,0.84531652087297,NA,NA,0.5605952362676271,NA,0.7299461487092064,0.5605952362676271,5.690476190476191,7.309523809523809,4.714285714285714,2.923076923076923,9
{61A4A2D8-BD2D-4886-A8A1-092359894778},ANO0160,2019,round1,Northern,V4-C-2,NA,NA,NA,NA,NA,NA,NA,NA,NA,NA,NA,NA,NA,NA
{4A7CA6E8-ED44-453C-B788-D4B4058786FF},ANO0166,2019,round1,Central,V2-C-1,NA,0.88770230294184,0.9574850659093754,NA,0.3838126895781784,NA,0.36650768758229596,NA,0.36650768758229596,4.476190476190476,7.207792207792207,2.7142857142857144,2.8030303030303028,7
{46CF3311-18F9-4DD5-8224-C35DBEC13C26},ANO0178,2019,round1,Central,V3-C-1,0.6217952166583601,NA,0.47901219775944226,NA,0.8417734272132344,NA,NA,0.5917541745567223,0.47901219775944226,4.98832271762208,4.8110403397027595,1.7335456475583866,1.7016985138004248,6
{F7F48EC6-13D8-49D5-92A0-F816406100BC},ANO0178,2019,round1,Central,V3-C-1,0.6302747082817102,NA,0.7398757247099828,NA,0.32075044303802114,NA,0.7662500642438412,NA,0.32075044303802114,5.0013106159895155,5.993446920052425,1.3499344692005244,1.3302752293577982,6
{E975AB8B-51A6-4C13-A5F0-BEDC1336E9FE},ANO0178,2019,round1,Central,V1-C-7,0.7744465529422302,NA,0.7869527345169671,NA,0.7086088665594645,NA,0.9320681941661564,NA,0.7086088665594645,5.11875,7.2046875,2.8640625,2.4046875,18
{F5457E4B-E654-489E-97A2-12C802C640A3},ANO0180,2019,round1,Western,V1-C-5,NA,0.4623431546848021,0.5878471543311844,NA,0.3299720193757506,NA,0.6082215009551668,NA,0.3299720193757506,5.98,6.75,1.86,1.8,8
{BD66F26F-7C2B-4DE5-AC6C-4AD41D98DFB4},ANO0180,2019,round1,Western,V1-C-5,0.8599927836551683,NA,0.36647060055964137,NA,0.3777854962441509,NA,0.682376021046413,NA,0.36647060055964137,5.2,4.584615384615384,1.9846153846153847,1.9384615384615385,6
{539BDBEE-D48F-4A93-96A3-C62F4FD2094E},ANO0184,2019,round1,Eastern,V1-C-7,NA,0.77107089090261,0.7495701370023014,NA,NA,0.4725020592182428,NA,0.5296803248137353,0.4725020592182428,5.529472595656671,7.137538779731128,5.230610134436401,3.8016147635524797,19
{FA307B19-3ECA-4180-AE1D-28692ED6EB2C},ANO0191,2019,round1,Eastern,V1-C-3,NA,0.2522174586824614,NA,0.6692454596195949,NA,0.47154484611761727,NA,0.9618956663689451,0.2522174586824614,6.443569553805774,8.15748031496063,5.2362204724409445,2.5867768595041323,6
{59C00AB5-038D-4046-9C83-BFE018E99F83},ANO0191,2019,round1,Eastern,V1-C-7,NA,0.7266882228269294,0.584149491301936,NA,0.9538495106775643,NA,0.9401157026071552,NA,0.584149491301936,5.5675675675675675,6.713831478537362,3.542130365659778,2.4197138314785374,17
{C4EF9D0E-8843-4438-B2E7-705FEC71CFEF},ANO0283,2019,round1,Northern,V1-C-6,NA,0.9547738241258091,0.5937452863144405,NA,0.28038767299370576,NA,0.4999787136797406,NA,0.28038767299370576,5.371794871794871,6.8076923076923075,1.7307692307692308,1.6538461538461537,9
{AC139436-3D32-436F-988B-9E7BC8C07927},ANO1333,2023,round1,Southern,V1-C-6,0.536654195581307,NA,0.5951496034533109,NA,0.641521260526053,NA,0.8109693753316297,NA,0.536654195581307,4.535714285714286,6.821428571428571,2.6785714285714284,2.1785714285714284,8
{1A0635C3-B6CA-45DB-A1E5-697C5F745954},ANO1333,2023,round1,Southern,V1-C-2,0.950239356714971,NA,0.8850817692063722,NA,0.23752138714755025,NA,0.4369561867453196,NA,0.23752138714755025,5.285714285714286,7.380952380952381,1.619047619047619,1.5714285714285714,8
{01E5B6D8-C4AA-49CF-ADF0-3AB6721F4CDC},ANO1333,2023,round1,Southern,V1-C-6,0.46524171369235834,NA,0.7516664795080747,NA,0.7734991806252667,NA,NA,0.76685370736699,0.46524171369235834,4.065217391304348,7.141304347826087,3.0434782608695654,2.869565217391304,4
{791C9576-8DCD-4B06-B0CB-A6FB2AF9D4F4},ANO1333,2023,round1,Southern,V1-C-6,0.7810270322278405,NA,0.8585716036507707,NA,0.28776629596722436,NA,0.5416436064863858,NA,0.28776629596722436,5.125,7.333333333333333,1.75,1.7083333333333333,7
{75749715-A703-42C3-ADA9-3CD55766456C},ANO1333,2023,round1,Southern,V1-C-6,0.4139481398423304,NA,0.4507602685385367,NA,0.9714915884182068,NA,NA,0.514097720909892,0.4139481398423304,3.727272727272727,5.409090909090909,3.590909090909091,3.9545454545454546,14
{60E4CB92-233D-4843-BCCB-98AD2AF7706B},ANO0870,2023,round1,Eastern,V2-C-1,NA,0.5353495818939601,0.5474954716182501,NA,0.2238907355872707,NA,0.1846242564692562,NA,0.1846242564692562,4.89908256880734,6.018348623853211,2,1.908256880733945,7
{84EBE9F1-64CC-420E-8AC7-230AB7C4D12E},ANO0870,2023,round1,Eastern,V3-C-2,0.620475526520204,NA,0.6568795781647835,NA,NA,0.9516022331544655,NA,0.5597926693817105,0.5597926693817105,4.986301369863014,5.863013698630137,1.821917808219178,2.095890410958904,8
{C80EFB5F-5D67-4FD8-83CC-8554F85848D9},ANO0962,2023,round1,Central,V3-C-1,0.6678235290224989,NA,0.6816620530255263,NA,0.5212047479696181,NA,NA,0.8562091503267995,0.5212047479696181,5.0588235294117645,5.901960784313726,1.5686274509803921,1.4901960784313726,7
{F25D298E-2D4C-4B0D-B24E-BB12F61DA870},ANO0962,2023,round1,Central,V3-C-1,0.6221648564860264,NA,NA,0.9121050499368898,0.17313583007266628,NA,0.5633139622163795,NA,0.17313583007266628,4.988888888888889,6.566666666666666,1.1888888888888889,1.2444444444444445,6
{19EB6AD7-DB4C-4902-88E2-FB73C3C6630A},ANO0962,2023,round1,Central,V3-C-1,0.6152260740688625,NA,0.4153256783576843,NA,NA,0.6881015155282739,NA,0.564042303172738,0.4153256783576843,4.978260869565218,4.304347826086956,2.0217391304347827,2.0434782608695654,6
{3DFDB14F-5676-42BA-9FAE-F061B91DC9E0},ANO0962,2023,round1,Central,V3-C-1,0.6294190381039706,NA,NA,0.8554074377093901,0.16665480969561466,NA,0.6726367566391943,NA,0.16665480969561466,5,6.672727272727273,1.1818181818181819,1.290909090909091,3
{A51AADFB-A5DE-4BC6-8EF4-5B3963C565A5},ANO0962,2023,round1,Central,V3-C-1,0.608358510826068,NA,NA,0.9994768542174234,0.2217584161272291,NA,0.8246624137811857,NA,0.2217584161272291,4.967741935483871,6.403225806451613,1.2419354838709677,1.3548387096774193,4
{8DFE12E1-8BC8-4332-AB07-0952E68B6483},ANO0962,2023,round1,Central,V3-C-1,0.7347216744934839,NA,NA,0.8873880263575279,0.23654231053571104,NA,0.6712420258397263,NA,0.23654231053571104,5.161290322580645,6.612903225806452,1.2580645161290323,1.2903225806451613,6
{EFE09EEC-4C87-45B4-94F6-16B8AE25DA55},ANO0962,2023,round1,Central,V3-C-1,0.7362533492046044,NA,0.6746297344537565,NA,0.49996442908684374,NA,0.9752933401237098,NA,0.49996442908684374,5.163636363636364,5.890909090909091,1.5454545454545454,1.4181818181818182,8
{B152A246-46AA-4BAD-8DD1-810F0181AF15},ANO0962,2023,round1,Central,V3-C-1,0.8579257590692143,NA,0.6485988132889003,NA,0.5957909446618221,NA,NA,0.8333333333333353,0.5957909446618221,5.35,5.85,1.65,1.5,5
{3F4F27D3-D976-442D-BCB6-132733A00039},ANO0962,2023,round1,Central,V3-C-1,0.8252819417884653,NA,0.7864662846435085,NA,0.45830072666294014,NA,0.8527894849037868,NA,0.45830072666294014,5.3,6.066666666666666,1.5,1.3666666666666667,6
{F46F16F1-3B0C-41FF-AF45-D39ECE1E29BF},ANO0962,2023,round1,Central,V1-C-1,0.6494174465156278,NA,0.5575176489772856,NA,0.22509719151213992,NA,0.46899964043997633,NA,0.22509719151213992,5,6.453333333333333,1.5866666666666667,1.6133333333333333,7
{0AF02612-66E0-456F-B84B-EE44031B999E},ANO0962,2023,round1,Central,V3-C-1,0.6628998763406363,NA,0.972465003394104,NA,0.3290364191426237,NA,NA,0.8632478632478653,0.3290364191426237,5.051282051282051,6.358974358974359,1.358974358974359,1.4871794871794872,5
{5BEB191C-ABD8-42C3-A524-721ACD14E185},ANO0962,2023,round1,Central,V1-C-1,0.9863379859388925,NA,0.5316182960908103,NA,0.2302130367737795,NA,0.45880399608258565,NA,0.2302130367737795,5.32,6.2,1.6,1.6,9
{8C2A53B4-1263-4CC1-A081-C573A975360E},ANO0962,2023,round1,Central,V1-C-1,0.7998284016152999,NA,0.4600542946939704,NA,0.2466568251147637,NA,0.4369561867453196,NA,0.2466568251147637,5.142857142857143,5.5,1.6428571428571428,1.5714285714285714,10
{3A9E3BF3-A40E-43B9-A834-BFE1AACF1089},ANO0962,2023,round1,Central,V1-C-1,0.7079105957210554,NA,0.6343397866596441,NA,0.07460607673224334,NA,0.0743432401059746,NA,0.0743432401059746,5.055555555555555,6.930555555555555,1.1944444444444444,1.0972222222222223,8
{D828F8D3-93EC-4D14-A25E-45B585D480F5},ANO0962,2023,round1,Central,V1-C-1,0.5914994253139183,NA,0.7221222221145881,NA,0.2144141028775397,NA,0.29237509554282415,NA,0.2144141028775397,4.897058823529412,7.088235294117647,1.5588235294117647,1.3823529411764706,3
{9903E1FE-AD2D-4263-9CE5-9DC7A66EB9CD},ANO0282,2023,round1,Central,V2-C-2,0.558497868554328,NA,0.45292503892722435,NA,0.5766882583308488,NA,0.5482215831062914,NA,0.45292503892722435,3.9696969696969697,5.151515151515151,3.5757575757575757,3.696969696969697,18
{A1FC07B1-9E51-4B61-A20F-9B617D31C1F4},ANO0117,2023,round2,Central,V3-C-1,0.5845259576223133,NA,0.8844083344293616,NA,0.36394469470292296,NA,0.9950041680397181,NA,0.36394469470292296,4.852941176470588,6.220588235294118,1.3970588235294117,1.4264705882352942,10
{060DFB54-3943-428E-8A52-5BABDE9CA330},ANO1237,2023,round1,Central,V1-C-1,NA,0.8211519939843408,NA,0.9958114278347482,0.5703476136287329,NA,0.7877066156504956,NA,0.5703476136287329,5.486486486486487,7.594594594594595,2.4864864864864864,2.135135135135135,11
{6443A2AC-2626-4C0C-82A1-6A96756CD80E},ANO0117,2023,round2,Central,V3-C-1,0.5941936897458376,NA,0.6379936231846998,NA,NA,0.7900286021940769,NA,0.5709459459459459,0.5709459459459459,4.916666666666667,5.833333333333333,1.9444444444444444,1.9583333333333333,13
{7A3255F1-32AB-4196-8C7A-747EA9C23992},ANO0326,2023,round1,Central,V1-C-1,NA,0.8168301221013223,0.5512633160820997,NA,0.4288282057550794,NA,0.6523264769571498,NA,0.4288282057550794,5.490196078431373,6.392156862745098,2.1176470588235294,1.8823529411764706,13
{4D524046-72D3-4F7E-ADA9-A51E2CF2E6C8},ANO0326,2023,round1,Central,V1-C-3,NA,0.6007365279503802,0.808417236383417,NA,0.7968742234030457,NA,0.9758764939601144,NA,0.6007365279503802,5.675675675675675,7.243243243243243,3.108108108108108,2.4864864864864864,15
{C41F0682-03AC-41A6-811A-D3836BB3E29A},ANO0455,2023,round1,Eastern,V1-C-6,NA,0.8731436819857077,0.6859472698003446,NA,0.5710710989737166,NA,0.9768863501943342,NA,0.5710710989737166,5.441860465116279,7.023255813953488,2.488372093023256,2.488372093023256,9
{43FF6B21-0D4E-417D-8519-24DCF19BADAB},ANO0455,2023,round1,Eastern,V1-C-6,NA,0.4532776026321591,0.8817679985119218,NA,0.6673552363752608,NA,0.91616874411187,NA,0.4532776026321591,6,7.375,2.75,2.375,12
{FBFD68ED-5676-49BA-B9C5-ADA4BE0A6A92},ANO0455,2023,round1,Eastern,V1-C-6,0.8248968941319117,NA,0.827643077169236,NA,0.8984257981376191,NA,0.9979904753853901,NA,0.8248968941319117,5.166666666666667,7.277777777777778,3.388888888888889,2.5277777777777777,12
{17CC9257-5AF6-4FD5-9187-07D6F9612801},ANO0455,2023,round1,Eastern,V1-C-6,0.6205715099211702,NA,0.3907310448085776,NA,0.304848313536055,NA,0.6346326998917751,NA,0.304848313536055,4.972602739726027,4.821917808219178,1.7945205479452055,1.8493150684931507,8
{02D20872-568E-4BB7-A10B-508A93DC108B},ANO0326,2023,round1,Central,V1-C-5,0.5921332239061483,NA,0.514957893649218,NA,0.3552670320583016,NA,0.7153335855314115,NA,0.3552670320583016,4.901234567901234,6.037037037037037,1.9259259259259258,2,12
{A4B4326A-7D57-4060-8D29-1C0B13088D9A},ANO0326,2023,round1,Central,V1-C-4,NA,0.5741516300007349,NA,0.9926754068167277,0.9446399104900909,NA,NA,0.9757658675194864,0.5741516300007349,5.733333333333333,7.6,3.5166666666666666,2.566666666666667,17
{181569EF-6475-4ACA-B48F-B34163007A63},ANO0455,2023,round1,Eastern,V2-C-1,0.5641968263967192,NA,0.4337339833344383,NA,0.24027298453268078,NA,0.21318893571603936,NA,0.21318893571603936,4,4.975609756097561,2.073170731707317,2.048780487804878,5
{46E2BA12-D93E-4949-A57B-2FB594CD42A8},ANO0326,2023,round1,Central,V1-C-4,0.8113984750845054,NA,0.5976773743032778,NA,NA,0.7745947508955182,NA,0.8183705079934798,0.5976773743032778,5.153846153846154,6.846153846153846,4.128205128205129,2.7948717948717947,18
{1E127F9F-4D3C-4CF8-BCA1-6CA7BBE8D991},ANO0326,2023,round1,Central,V1-C-8,0.5889102202823554,NA,0.5861432495360216,NA,NA,0.732742016688429,NA,0.5977736862952259,0.5861432495360216,4.88,6.733333333333333,4.213333333333333,3.1333333333333333,17
{43BE0E6E-EB2E-4676-AC19-1498CA258963},ANO0455,2023,round1,Eastern,V2-C-1,0.5925840881022144,NA,0.41581026160155315,NA,0.23233944259056394,NA,0.19560248555605014,NA,0.19560248555605014,4.150943396226415,4.811320754716981,2.0377358490566038,1.9622641509433962,3
{BD1007D7-8334-475D-A8F3-24B3FE395A5D},ANO0852,2023,round1,Eastern,V2-C-1,0.5717194507486754,NA,0.7179832655872301,NA,0.29255056116736705,NA,0.28729274871997124,NA,0.28729274871997124,4.04,6.733333333333333,2.3066666666666666,2.4133333333333336,9
{39D08028-E693-4166-9D57-24CC7B55F270},ANO0178,2023,round2,Central,V4-C-2,NA,NA,NA,NA,NA,NA,NA,NA,NA,NA,NA,NA,NA,NA
{72E8FF6E-A350-406A-BE24-51E6A2635136},ANO0840,2023,round1,Central,V1-C-5,0.5771671651573546,NA,0.4452572267359773,NA,0.4442707727213288,NA,0.6871461948534523,NA,0.4442707727213288,4.802631578947368,5.355263157894737,2.1578947368421053,1.9473684210526316,17
{5E186788-5BB4-4064-BCB8-8D6786820677},ANO0840,2023,round1,Central,V1-C-1,0.9126366179400531,NA,0.46899979486857546,NA,0.41726112915247526,NA,0.5543881619331243,NA,0.41726112915247526,5.25,5.5875,2.0875,1.725,18
{633522A6-BA44-4558-A642-E125505C7BAD},ANO0840,2023,round1,Central,V3-C-2,0.5590955057212731,NA,0.5089153532102763,NA,NA,0.8366486617201968,NA,0.5664335664335665,0.5089153532102763,4.685314685314685,5.048951048951049,1.9090909090909092,2.013986013986014,13
{F768D316-B377-4361-BBB8-F198249E0B0D},ANO1530,2023,round1,Northern,V1-C-5,0.5129150514368187,NA,0.5287980398781269,NA,0.6787875130441631,NA,NA,0.8830117637461209,0.5129150514368187,4.379310344827586,6.172413793103448,2.781609195402299,2.7011494252873565,7
{E3053157-5F22-4A53-A35E-4A4A77F64E33},ANO1530,2023,round1,Northern,V1-C-6,0.595101682228776,NA,NA,0.7950750329683702,NA,0.5963111617810188,NA,0.5649526288118696,0.5649526288118696,4.920792079207921,7.9405940594059405,4.5049504950495045,3.4554455445544554,10
{16782216-0974-4597-8ACF-972DA66B65F6},ANO0863,2023,round1,Central,V1-C-5,0.6494174465156278,NA,0.5121640044489509,NA,0.36878787444343314,NA,0.44544077289571415,NA,0.36878787444343314,5,6.009708737864078,1.9611650485436893,1.5825242718446602,11
{988B705C-7577-4A2B-9D60-A6C0845C3B4C},ANO0859,2023,round1,Eastern,V2-C-1,0.558497868554328,NA,0.4397009501994222,NA,0.23745987107740832,NA,0.25255151581301066,NA,0.23745987107740832,3.9696969696969697,5.03030303030303,2.0606060606060606,2.242424242424242,5
{D6CA1A35-FE89-4425-A512-29F7A06B48AB},ANO0863,2023,round1,Central,V1-C-2,0.6360898935321125,NA,0.5474063759649775,NA,0.3205497980394398,NA,0.6407618810795955,NA,0.3205497980394398,4.987341772151899,6.3544303797468356,1.8354430379746836,1.860759493670886,11
{AE31BE00-EB68-4857-82F4-2FB45F084481},ANO0792,2023,round1,Eastern,V1-C-2,0.8923889893689436,NA,0.7372366151462882,NA,0.8551483685098865,NA,NA,0.8095280720650525,0.7372366151462882,5.230769230769231,7.115384615384615,3.269230769230769,2.8076923076923075,14
{BEFD3FCD-D76E-4D94-9AC6-695A68B35F28},ANO0863,2023,round1,Central,V1-C-5,0.5773629610611328,NA,0.4570474038789772,NA,0.2708388667926817,NA,0.7363359550561652,NA,0.2708388667926817,4.803921568627451,5.470588235294118,1.7058823529411764,2.0392156862745097,8
{1B666BF8-4133-4B84-A925-99CAEB8EC4EA},ANO0859,2023,round1,Eastern,V2-C-1,0.5641968263967192,NA,0.5454936600218395,NA,0.2370607788571101,NA,0.21523041663260878,NA,0.21523041663260878,4,6,2.0588235294117645,2.0588235294117645,6
{0247685B-7FEF-4E2C-AA21-908EC1724316},ANO0792,2023,round1,Eastern,V1-C-2,NA,0.7176300529899176,0.5671902263350321,NA,0.2628002702897026,NA,0.876735356810684,NA,0.2628002702897026,5.575342465753424,6.5479452054794525,1.6849315068493151,2.3013698630136985,9
{794C2215-C8E2-485F-89E6-A042FC0815CA},ANO1237,2023,round1,Central,V3-C-1,0.5926576949224739,NA,0.8035138799511958,NA,NA,0.8400097875071267,NA,0.4933063905026522,0.4933063905026522,4.906542056074766,6.093457943925234,1.9065420560747663,2.9158878504672896,13
{EC838AC6-B2BB-4C87-8C32-DA9CEB45AB24},ANO1237,2023,round1,Central,V1-C-5,0.8833900433373394,NA,0.5263172589503036,NA,0.41921509782879596,NA,0.7351691567492346,NA,0.41921509782879596,5.222222222222222,6.148148148148148,2.0925925925925926,2.037037037037037,9
{C8ECD7A3-5FF8-4797-9D49-93F63C66C9FB},ANO1237,2023,round1,Central,V1-C-1,0.9001023716817472,NA,0.6641637229096955,NA,0.6888835495829339,NA,0.8853527673984665,NA,0.6641637229096955,5.238095238095238,6.984126984126984,2.8095238095238093,2.3174603174603177,9
{6CA6F8CC-4AD0-4562-BF38-2B97341D65C9},ANO1237,2023,round1,Central,V1-C-1,0.5293361838233801,NA,0.5942367973130451,NA,0.9295700912447198,NA,NA,0.8234549086523253,0.5293361838233801,4.4875,6.8125,3.475,2.7875,10
{F82612E2-861D-4163-A3D9-F690BA67114A},ANO1237,2023,round1,Central,V1-C-1,NA,0.7406828555909906,0.8585716036507707,NA,0.6774017825388415,NA,0.7986429846462683,NA,0.6774017825388415,5.555555555555555,7.333333333333333,2.7777777777777777,2.1555555555555554,13
{F9658E55-BF1A-41F9-8F15-096EBAD04682},ANO1237,2023,round1,Central,V3-C-1,0.5962164767747595,NA,NA,0.9851639731214678,0.3483085522638344,NA,NA,0.5967567567567568,0.3483085522638344,4.93,6.43,1.38,1.64,8
{217AA84B-29BB-4137-8B20-1DA3A220D257},ANO1237,2023,round1,Central,V1-C-5,0.5502060692070976,NA,0.5341741532835546,NA,0.402872814354114,NA,0.8960852282538241,NA,0.402872814354114,4.625,6.225,2.05,2.3375,12
{E0A38BCC-8257-4431-B5C0-54A1F738B6EF},ANO1237,2023,round1,Central,V1-C-1,0.6640407338169853,NA,0.6111433917984934,NA,0.6171225055573568,NA,0.8343470128383499,NA,0.6111433917984934,5.013888888888889,6.888888888888889,2.611111111111111,2.2222222222222223,14
{9A4B36BD-E04F-4C12-97C6-66283F195888},ANO1237,2023,round1,Central,V1-C-1,0.5370711763082544,NA,0.5788033519568586,NA,0.6687462966132951,NA,NA,0.920942764763237,0.5370711763082544,4.538461538461538,6.661538461538462,2.753846153846154,2.646153846153846,11
{2E017EEC-06C4-4ADB-B44A-251FB1833867},ANO1237,2023,round1,Central,V1-C-1,0.593809816978501,NA,0.6730004447615625,NA,0.9354393892666012,NA,0.875062132706513,NA,0.593809816978501,4.912280701754386,7,3.491228070175439,2.2982456140350878,10
{7BB1EBE3-CD3B-40F4-AC61-79E5866295CF},ANO1237,2023,round1,Central,V1-C-5,0.5915566579627151,NA,0.5072393505600187,NA,0.40336472255234856,NA,0.9968461155074388,NA,0.40336472255234856,4.897435897435898,5.961538461538462,2.051282051282051,2.5256410256410255,10
{627D0D3E-8008-4078-8615-F24BC5FB114F},ANO1237,2023,round1,Central,V1-C-1,NA,0.5701017270218908,0.570193295370992,NA,0.41137724784317986,NA,NA,0.9684184413768963,0.41137724784317986,5.742268041237113,6.577319587628866,2.0721649484536084,2.577319587628866,12
{13E0D902-4EAE-485F-A190-767B28BB3E9A},ANO1237,2023,round1,Central,V1-C-1,0.7583357243464249,NA,NA,0.9006494107361873,NA,0.7274300057618537,NA,0.8790479131575156,0.7274300057618537,5.103448275862069,7.758620689655173,4.224137931034483,2.706896551724138,13
{B8C449AF-70E8-4594-81C4-713A8DDDEDD2},ANO1237,2023,round1,Central,V1-C-1,0.7680514392702982,NA,0.727887688940061,NA,0.8647486433920948,NA,0.9793422446982114,NA,0.727887688940061,5.112676056338028,7.098591549295775,3.295774647887324,2.492957746478873,11
{37AB3A6A-2B39-44ED-B0B9-1BE296847A04},ANO1237,2023,round1,Central,V1-C-5,0.5522244333641302,NA,0.5133466361597022,NA,0.8501168740318903,NA,NA,0.591847980023924,0.5133466361597022,4.638297872340425,6.0212765957446805,3.25531914893617,3.1914893617021276,16
{A729A45E-5F66-47E6-B8EA-687A93B8754A},ANO1237,2023,round1,Central,V1-C-1,0.5811043410739001,NA,0.5462231943350633,NA,0.4494635479869027,NA,0.837747396475691,NA,0.4494635479869027,4.828571428571428,6.3428571428571425,2.1714285714285713,2.2285714285714286,10
{DA95134D-88B2-4065-A3B8-440D479CCFFE},ANO1237,2023,round1,Central,V3-C-1,0.6117737314657278,NA,0.6981852426950277,NA,NA,0.8236886451723953,NA,0.49598246895544196,0.49598246895544196,4.972972972972973,5.927927927927928,1.9189189189189189,2.8828828828828827,16
{E5E8409F-96F8-4840-A16F-70E245373C87},ANO0863,2023,round1,Central,V1-C-6,0.5312334461309908,NA,0.4889885270646604,NA,0.5357158717377258,NA,0.8770122037597051,NA,0.4889885270646604,4.5,5.783018867924528,2.3962264150943398,2.30188679245283,14
{3CF669D8-0596-41EC-BCFF-818D1A966D60},ANO0792,2023,round1,Eastern,V1-C-3,NA,0.6908662871352144,NA,0.8730573466939642,NA,0.6829515972743361,NA,0.46596123018799207,0.46596123018799207,5.598314606741573,7.806179775280898,4.314606741573034,4.426966292134831,14
{5E60BFA2-EAFF-4A99-ADF4-5A60D193ADE3},ANO0863,2023,round1,Central,V3-C-2,0.5773897481250397,NA,0.7426010034406629,NA,0.564942779972705,NA,NA,0.5786115286682824,0.564942779972705,4.805902383654938,5.997729852440409,1.616345062429058,1.8637911464245176,12
{EFAE08F0-74B0-4668-AF22-7DDCBECF6D06},ANO0792,2023,round1,Eastern,V2-C-2,NA,0.8438247155555877,NA,0.5939487100784387,0.3773138691371137,NA,0.37455713828549947,NA,0.37455713828549947,4.5019920318725095,7.7231075697211145,2.6852589641434266,2.842629482071713,6
{7E0F5C94-3099-4E3E-808A-1016DAADB321},ANO0792,2023,round1,Eastern,V1-C-6,0.8066343271854197,NA,0.5865750082171488,NA,0.7806857322386405,NA,NA,0.5836961282777838,0.5836961282777838,5.149321266968325,6.737556561085973,3.0633484162895925,3.2714932126696827,12
{765C5697-7277-453A-AFC2-DBF4A2AFA066},ANO0863,2023,round1,Central,V3-C-1,0.8742476677095892,NA,0.5998872686805069,NA,NA,0.7916936043200098,NA,0.5675675675675675,0.5675675675675675,5.375,5.7727272727272725,1.9431818181818181,2,9
{11D3453C-8119-4A85-BEE4-83BDD400E462},ANO0863,2023,round1,Central,V1-C-1,0.5708845225298074,NA,0.5145417996821452,NA,0.17325390046911152,NA,0.6350797759088506,NA,0.17325390046911152,4.761238761238761,6.032967032967033,1.4515484515484518,1.8501498501498501,10
{38BC1ADD-6E8D-4DCE-982C-76F71B0F314F},ANO0863,2023,round1,Central,V1-C-5,0.5777881178807655,NA,0.48539808870605655,NA,0.328875766819685,NA,0.7423366320632376,NA,0.328875766819685,4.80672268907563,5.7478991596638656,1.8571428571428572,2.0504201680672267,8
{6EEA5AAD-DD5E-460A-9CB8-AC2F6EB06C4A},ANO0863,2023,round1,Central,V1-C-5,0.6494174465156278,NA,0.5306993362012842,NA,0.3621328668351587,NA,0.5670611187537575,NA,0.3621328668351587,5,6.191011235955056,1.9438202247191012,1.7415730337078652,12
{9DFDE33C-36EE-499E-830C-7568235B413A},ANO0863,2023,round1,Central,V3-C-2,0.5704891542506579,NA,0.5734636627981513,NA,0.5442321129122414,NA,NA,0.589527027027027,0.5442321129122414,4.760416666666667,5.5625,1.59375,1.7291666666666667,7
{45733D10-2442-4766-8E30-FA6BDB42198F},ANO0016,2023,round2,Central,V1-C-5,0.5793330539295714,NA,0.3326214149430584,NA,0.7170219645923998,NA,NA,0.8323191393171961,0.3326214149430584,4.816901408450704,4.253521126760563,2.887323943661972,2.7746478873239435,6
{2B41040B-7837-43C3-B395-F3944464E1F0},ANO0016,2023,round2,Central,V1-C-2,0.591720422670658,NA,0.5347055691355113,NA,0.6413933695565026,NA,0.9062264095286792,NA,0.5347055691355113,4.898514851485149,6.23019801980198,2.6782178217821784,2.3564356435643568,15
{8162C0E0-F6D4-415F-924D-5D8C943A3757},ANO0863,2023,round1,Central,V1-C-5,0.597088832014998,NA,0.44695816692949564,NA,0.3044139329240059,NA,0.6577940359656601,NA,0.3044139329240059,4.933884297520661,5.371900826446281,1.7933884297520661,1.8925619834710743,10
{BC3F26B4-6B9D-4E4A-AB6E-ACACB5F58195},ANO0016,2023,round2,Central,V2-C-2,NA,0.8729786740194484,0.4858015928477325,NA,NA,0.8032518583247542,0.7097440604516835,NA,0.4858015928477325,4.484848484848484,5.452861952861952,4.370370370370371,4.14983164983165,20
{5BBBA7E5-A3C6-4F93-BBD3-1C53011C12BF},ANO0863,2023,round1,Central,V1-C-1,NA,0.555424668014054,0.5644484617215537,NA,0.33505183755808277,NA,0.6172732264123143,NA,0.33505183755808277,5.774647887323944,6.52112676056338,1.8732394366197183,1.8169014084507042,12
{70094E25-935E-4B9B-B635-2AD6D5BFB64E},ANO0016,2023,round2,Central,V3-C-2,0.5763822029763889,NA,0.41607944546904124,NA,NA,0.5734883074623018,NA,0.5625748901610971,0.41607944546904124,4.799261083743842,4.310344827586206,2.3497536945812807,2.061576354679803,13
{FB9405FD-9A09-44F3-A723-02FA5FF852E4},ANO0016,2023,round2,Central,V1-C-5,0.4742453945731656,NA,0.4103238057895257,NA,0.5823926187187064,NA,0.834200263852768,NA,0.4103238057895257,4.124537607891492,5.0135635018495694,2.5178791615289766,2.221948212083847,13
{5E422ACB-046D-49AC-BD9F-8D798337B51A},ANO0863,2023,round1,Central,V1-C-5,0.5995348892049753,NA,0.564333268157937,NA,0.5294899845796928,NA,0.9456245673703374,NA,0.5294899845796928,4.95,6.52,2.38,2.43,16
{170EB6CA-2EF1-4791-B4D5-DA9CF1199358},ANO0016,2023,round2,Central,V1-C-5,0.5264430163841997,NA,0.5159265216981477,NA,0.6968940847299752,NA,NA,0.9243622316804095,0.5159265216981477,4.46843853820598,6.046511627906977,2.831672203765227,2.6411960132890364,11
{0AD61037-032B-4F2E-A53E-BADC18AAEBA9},ANO0016,2023,round2,Central,V2-C-1,NA,0.7349679497532249,0.7823066378579867,NA,0.5328032694988215,NA,0.36133368418198974,NA,0.36133368418198974,4.566003616636528,6.860759493670886,3.3797468354430382,2.7775768535262206,14
{2DCE4B37-0598-4702-A397-FF24383EF6B0},ANO0016,2023,round2,Central,V1-C-5,0.7920485246273856,NA,0.44343492772637205,NA,0.3884136211577313,NA,0.7212696000707355,NA,0.3884136211577313,5.135467980295567,5.337438423645319,2.0123152709359604,2.0110837438423648,9
{F70AB0B9-B8D5-4D8C-8DC4-B2CC8C69F470},ANO0016,2023,round2,Central,V3-C-2,0.5538115943262176,NA,0.49770714412288025,NA,NA,0.5622506725025908,NA,0.5720658244930089,0.49770714412288025,4.650485436893204,4.959778085991679,2.460471567267684,1.9445214979195562,9
{9D9F9892-71D4-4B05-9858-24E9CAE489D7},ANO0178,2023,round2,Central,V3-C-2,0.5869863294208235,NA,0.532129641270132,NA,NA,0.5976046381976043,NA,0.5577165950997727,0.532129641270132,4.869158878504673,5.233644859813084,2.1121495327102804,2.121495327102804,11
{13DDDEF1-44F5-4348-88CB-905EA606F71A},ANO0178,2023,round2,Central,V3-C-2,0.6597853797604816,NA,0.49837810516513437,NA,NA,0.7014350007025797,NA,0.5685103708359522,0.49837810516513437,5.046511627906977,4.965116279069767,2.011627906976744,1.9883720930232558,8
{62EA9671-73FE-41B6-BB12-E48455144EFD},ANO0178,2023,round2,Central,V3-C-1,0.6628371781416915,NA,0.5849872686296945,NA,NA,0.48214684892412585,NA,0.5392246178763033,0.48214684892412585,5.051186017478153,5.6541822721598,3.2496878901373285,2.3495630461922596,9
{9D15A0AD-B0D7-4F9E-A6B1-67A0B1972AC2},ANO0178,2023,round2,Central,V1-C-2,0.706329699796585,NA,NA,0.9174109023842293,NA,0.7379684978243517,NA,0.5828892813390112,0.5828892813390112,5.054054054054054,7.72972972972973,4.202702702702703,3.2794117647058822,8
{618CEFCE-9D9F-4EC7-9804-85BF93B6C8C1},ANO0178,2023,round2,Central,V3-C-1,0.6085754060606501,NA,0.5013387731370829,NA,0.6863828360056784,NA,NA,0.6519052523171995,0.5013387731370829,4.9680741503604535,4.988671472708548,1.682801235839341,1.5777548918640576,7
{770A7A47-F12C-449F-BB5B-24D7EF1F8EDA},ANO1393,2023,round1,Central,V1-C-5,0.568356128040508,NA,0.4823608334355465,NA,0.6555095914641962,NA,0.8672692003167537,NA,0.4823608334355465,4.744580584354383,5.718190386427899,2.7172478793590953,2.283694627709708,17
{FA02E090-764E-4D3F-B731-E0B6AF201F97},ANO1393,2023,round1,Central,V1-C-1,NA,0.9601752439103489,0.5905822044636414,NA,0.4282868611566315,NA,0.7054523969173667,NA,0.4282868611566315,5.367158671586715,6.776752767527675,2.1162361623616235,1.981549815498155,14
{DC4BE339-33F0-436D-84A1-5216EC991D5E},ANO1540,2023,round1,Northern,V1-C-6,0.7097486429234444,NA,0.5623830688064309,NA,0.45602890525428286,NA,NA,0.9216684656046827,0.45602890525428286,5.057301293900185,6.500924214417744,2.188539741219963,2.645101663585952,10
{A37B79ED-0072-4A0C-922B-964BDCE66D1A},ANO1540,2023,round1,Northern,V1-C-6,NA,0.5796420937959091,NA,0.5460434548354427,NA,0.5686409256019873,NA,0.5768768568253795,0.5460434548354427,5.72122052704577,8.611650485436893,4.667128987517337,3.3384188626907076,5
{AC3D85EB-04A5-40A8-8A59-970B40473756},ANO0543,2023,round1,Central,V3-C-2,0.5922135518410193,NA,0.576965586469307,NA,NA,0.9709722067231656,NA,0.5871051774666233,0.576965586469307,4.903614457831325,5.590361445783133,1.8072289156626506,1.7590361445783131,10
{2EC31FED-7F42-4E02-8FDF-2A1FA6F61D6B},ANO1540,2023,round1,Northern,V1-C-6,NA,0.5733649307414447,NA,0.5710697776293197,NA,0.5638425753418187,NA,0.5531570334252512,0.5531570334252512,5.735068912710567,8.456355283307811,4.695252679938744,3.571209800918836,13
{BD1C74DC-A620-4050-94B7-6B76B0FC42F3},ANO1540,2023,round1,Northern,V1-C-6,0.5842413280310403,NA,NA,0.5329424110487143,0.9613730375857813,NA,NA,0.8371560980156989,0.5329424110487143,4.849239280774551,8.692946058091287,3.5629322268326424,2.767634854771784,13
{6608172D-41EF-46A2-9773-9AB8C8CFF048},ANO0543,2023,round1,Central,V3-C-2,0.5561317600488282,NA,0.6601642602866911,NA,0.7321174573857592,NA,NA,0.5532083348328355,0.5532083348328355,4.66577896138482,5.868175765645806,1.6977363515312918,2.1770972037283625,11
{1CCFFF07-2E8D-424E-A831-B1346668653A},ANO0543,2023,round1,Central,V3-C-2,0.5784261784951114,NA,0.5484255643403387,NA,NA,0.9143238170783229,NA,0.5555218139487802,0.5484255643403387,4.812734082397004,5.363295880149813,1.850187265917603,2.1485642946317105,9
{CDD1BFEF-5C06-4342-B3A4-ECD53FFC5B2D},ANO1540,2023,round1,Northern,V3-C-2,0.5753938232529421,NA,0.8685053977293714,NA,NA,0.5986011374195351,NA,0.5382649488867105,0.5382649488867105,4.7927461139896375,6.19559585492228,2.1023316062176165,2.36139896373057,10
{27B9FD6D-99BC-496D-8617-FD6A1BA210D5},ANO0543,2023,round1,Central,V3-C-1,0.5822273359985382,NA,0.8336508737702194,NA,0.5734886098349091,NA,NA,0.566122272004625,0.566122272004625,4.837789661319072,6.140819964349376,1.625668449197861,2.0178253119429592,9
{CBD8D4F1-270A-40BA-BF0C-CEFCFA6A3922},ANO0543,2023,round1,Central,V1-C-5,0.7209721727280934,NA,0.533007888350943,NA,0.5401438565080585,NA,0.8817212897275195,NA,0.533007888350943,5.067961165048544,6.213592233009709,2.407766990291262,2.3106796116504853,12
{CFB968DD-E3B7-4130-831B-22AEE4A064F9},ANO1540,2023,round1,Northern,V3-C-2,0.5817148208659259,NA,0.7275820984504572,NA,NA,0.8378893360080846,NA,0.5132338030138807,0.5132338030138807,4.8344113842173355,5.974126778783959,1.9081500646830531,2.6701164294954722,12
{743A6463-D266-472E-8BDC-45AE7E7324FA},ANO1540,2023,round1,Northern,V3-C-2,0.5891997093141128,NA,0.7825412320782532,NA,NA,0.585750216417093,NA,0.5297682023660671,0.5297682023660671,4.883748517200474,6.06049822064057,2.228944246737841,2.4661921708185055,10
{4B665DEB-95D3-4FE8-95AC-EB6F8A9AD2A4},ANO0543,2023,round1,Central,V1-C-3,0.8529948117260597,NA,0.672439806819299,NA,0.9967059083420744,NA,NA,0.8526182507736724,0.672439806819299,5.193353474320242,6.998992950654582,3.6606243705941592,2.745216515609265,21
{FC1116A6-95F6-42F8-9BCB-215F1C3A4603},ANO1540,2023,round1,Northern,V3-C-2,0.7030929594578819,NA,NA,0.9134099409608872,NA,0.5428250670920274,NA,0.5248369618117517,0.5248369618117517,5.112845138055222,6.5642256902761105,2.651860744297719,2.527010804321729,11
{831796AA-AE07-4347-8264-67EF87C48DC3},ANO1540,2023,round1,Northern,V1-C-7,NA,0.7537252219902786,NA,0.569731179174729,NA,0.6091780651943388,NA,0.5882227909314863,0.569731179174729,5.544360902255639,8.464661654135337,4.464661654135338,3.227067669172932,17
{11B5C242-799F-4304-A979-BAD71BCD1F39},ANO1540,2023,round1,Northern,V1-C-2,0.49980256328521927,NA,NA,0.32261906722651246,NA,0.8371491162337299,NA,0.5817105938961014,0.32261906722651246,4.292919495635306,9.998060135790494,4.000969932104753,3.2909796314258006,3
{6056C580-3F6F-4158-995C-E611FF519506},ANO1540,2023,round1,Northern,V1-C-6,0.6728147061977989,NA,NA,0.44406666699511477,NA,0.7666107955748888,NA,0.5887165092301466,0.44406666699511477,5.022222222222222,9.244444444444444,4.144444444444445,3.2222222222222223,7
{99D672F8-F324-4803-83AB-151CE4191D04},ANO1540,2023,round1,Northern,V1-C-6,0.510786266857259,NA,NA,0.3521573732338931,NA,0.8369891331155739,NA,0.582058545519742,0.3521573732338931,4.365284974093264,9.814766839378239,4.001295336787564,3.2875647668393784,7
{1503EC9F-079F-493B-8678-8E70ED69B47A},ANO1540,2023,round1,Northern,V1-C-6,NA,0.580531871584575,NA,0.6717680495573608,NA,0.5694455494398136,NA,0.6360850248749716,0.5694455494398136,5.719257540603248,8.153132250580045,4.6624129930394425,3.0591647331786542,8
{C86BBC68-90FC-4270-9BE2-A1D0F136F3D4},ANO0596,2023,round1,Central,V1-C-1,0.8704897415488306,NA,0.48908759694387516,NA,0.541916388175941,NA,0.8091780100846167,NA,0.48908759694387516,5.209969788519637,5.783987915407854,2.41238670694864,2.175226586102719,12
{6ECCCC68-97EC-4BC4-A887-6462134E83A9},ANO0596,2023,round1,Central,V1-C-2,0.8364924523444419,NA,0.5967419877332462,NA,0.6202205594403994,NA,0.9685647986999193,NA,0.5967419877332462,5.177679882525698,6.837004405286344,2.6196769456681355,2.472834067547724,12
{6EE35B75-2308-4665-86E6-D4A059BF18D5},ANO0596,2023,round1,Central,V1-C-5,0.9024192379032454,NA,0.5340371479996552,NA,0.539716946965022,NA,0.8271974076858997,NA,0.5340371479996552,5.240295748613678,6.22365988909427,2.406654343807763,2.208872458410351,13
{7A72F4BA-5030-46DE-A6B3-1685E586FDE5},ANO0596,2023,round1,Central,V1-C-2,0.5917885539801192,NA,0.5710288194359241,NA,0.5755325919344487,NA,0.8887663649618591,NA,0.5710288194359241,4.898963730569948,6.585492227979274,2.5,2.3238341968911915,15
{A6C37A92-64A8-476A-9C46-6246D5DA36E8},ANO0758,2023,round1,Central,V1-C-8,0.5680560518644998,NA,0.5174224502234179,NA,NA,0.6388351867390645,NA,0.5684517454565783,0.5174224502234179,4.742603550295858,6.061143984220907,4.404339250493097,3.4211045364891515,38
{B8E4F786-3604-4AC9-BDA8-EBB0C8421168},ANO0803,2023,round1,Eastern,V1-C-5,0.5784217650638719,NA,0.5845704143404866,NA,0.11682819708071074,NA,0.2769489933618172,NA,0.11682819708071074,4.810897435897436,6.717948717948718,1.3044871794871795,1.3621794871794872,7
{89A48E3D-6604-448C-A66A-A780524DE888},ANO0543,2023,round1,Central,V1-C-8,NA,0.8292657763761324,0.5830494701809819,NA,0.9404635646787457,NA,NA,0.9381809879793384,0.5830494701809819,5.479522184300341,6.703071672354949,3.5051194539249146,2.621160409556314,26
{70ABBF61-C14A-4419-8118-F172BE9D9E62},ANO0543,2023,round1,Central,V3-C-2,0.5964628418616155,NA,0.5844078820975424,NA,NA,0.5925050137582298,NA,0.5308385308385308,0.5308385308385308,4.931623931623932,5.64957264957265,2.1623931623931623,2.452991452991453,9
{383AC534-FEBB-489E-8CED-49F790B415FF},ANO0543,2023,round1,Central,V1-C-6,0.6143968700600168,NA,0.5758905691805782,NA,0.34416684324549296,NA,0.7090125934158605,NA,0.34416684324549296,4.966738197424892,6.63304721030043,1.8969957081545066,1.988197424892704,18
{050BEF8B-6A30-4393-A14C-95F6E5850C8B},ANO0543,2023,round1,Central,V1-C-5,0.5784491925795415,NA,0.5181488528435882,NA,0.4102543566641206,NA,0.6941442512927873,NA,0.4102543566641206,4.811078140454995,6.068249258160238,2.069238377843719,1.9604352126607318,17
{12F207F9-1DE4-4142-9360-CFF980C7A18A},ANO0543,2023,round1,Central,V1-C-5,0.67496617835248085,NA,0.49955093841326265,NA,0.6168915504731366,NA,0.7433769793221268,NA,0.49955093841326265,5.0242656449553,5.886334610472542,2.6104725415070242,2.052362707535121,16
{16847AB2-D303-463D-B0FF-A2EDA0E94BB5},ANO0543,2023,round1,Central,V1-C-5,0.7173449746251569,NA,0.5279749236255773,NA,0.5557882582633745,NA,0.8724642165149962,NA,0.5279749236255773,5.064516129032258,6.164362519201229,2.448540706605223,2.2933947772657453,13
{C0A1FE94-C4EA-4980-A0BB-F86EEAD65E01},ANO0803,2023,round1,Eastern,V1-C-5,0.5795962723416325,NA,0.9888728167144081,NA,0.6362126149064571,NA,0.7073135459208773,NA,0.5795962723416325,4.818635607321132,7.56738768718802,2.6638935108153077,1.9850249584026622,7
{2A983095-4DEC-4286-BB84-3B65F4CD7E29},ANO0543,2023,round1,Central,V1-C-1,NA,0.7193872664205487,0.5551374793774104,NA,0.416987776021591,NA,0.7985813196580265,NA,0.416987776021591,5.573834196891192,6.430051813471502,2.0867875647668392,2.155440414507772,17
{C1AF14E2-FB7B-410F-BAF0-859C7171DF67},ANO0543,2023,round1,Central,V1-C-5,0.5601485658869316,NA,0.551384432111639,NA,0.5540063009907435,NA,0.9464632378229378,NA,0.551384432111639,4.6905055487053025,6.393341553637485,2.4438964241676944,2.4315659679408137,16
{271A4E86-0D00-4305-BDFE-CD255DA9A7C3},ANO0803,2023,round1,Eastern,V2-C-1,NA,0.8047364593137533,0.5611499721532566,NA,0.5457972155460805,NA,0.4728270586806888,NA,0.4728270586806888,4.524977293369664,6.143505903723887,3.4377838328792008,3.3260672116257948,14
{F4639CD0-B6A6-434B-ADFE-AFF268C5EE38},ANO0803,2023,round1,Eastern,V1-C-5,NA,0.6968013799748676,NA,0.7925680317727676,NA,0.9772027517729577,NA,0.7543377834100798,0.6968013799748676,5.59322033898305,7.944915254237288,3.7161016949152543,2.88771186440678,12
{8107B3ED-41F2-493E-B66D-F50965C5F57F},ANO1252,2023,round1,Central,V1-C-2,0.5444317926187173,NA,0.5056152272602815,NA,0.6634239791808162,NA,0.988935105916384,NA,0.5056152272602815,4.586956521739131,5.945652173913044,2.739130434782609,2.510869565217391,15
{8EB8C990-B0BA-4560-9BAA-AA3D5868FE5B},ANO0731,2023,round1,Northern,V1-C-5,0.5699359144902331,NA,0.5164985023208729,NA,0.29435961095243046,NA,0.887520417721605,NA,0.29435961095243046,4.754988913525499,6.05210643015521,1.7671840354767183,2.3215077605321506,10
{B697E5B8-0FAE-463D-AEFA-ACBB7434CA1F},ANO0731,2023,round1,Northern,V1-C-1,NA,0.1582515320910285,0.5955593418703878,NA,NA,0.32165997943492175,0.010770046856398709,NA,0.010770046856398709,6.650872817955111,6.825436408977556,6.114713216957606,1.0140845070422535,3
{DB9E3CDA-D538-41B6-AE96-C8FCCCD2F6BD},ANO1252,2023,round1,Central,V1-C-6,0.5916801402202938,NA,0.45390234083834957,NA,0.6754672178508873,NA,NA,0.9493043459096021,0.45390234083834957,4.8982494529540475,5.439824945295404,2.772428884026258,2.6050328227571113,19
{70B0CA3D-E1EB-4468-A1FF-7180F6C45F8B},ANO1252,2023,round1,Central,V1-C-6,0.4387219314446072,NA,0.4666361652023613,NA,0.6237234853471465,NA,NA,0.8337569849519704,0.4387219314446072,3.890493381468111,5.564380264741276,2.6293622141997597,2.772563176895307,12
{85A198D5-8BB8-40F1-A299-A6AA6AE2701B},ANO1252,2023,round1,Central,V1-C-3,NA,0.8331473934963944,0.5894937850155855,NA,0.5551122011842067,NA,0.6853302004960488,NA,0.5551122011842067,5.476190476190475,6.766106442577031,2.4467787114845936,1.9439775910364145,18
{AFC7D221-050D-4020-ABBC-6EBAE63F79B9},ANO1252,2023,round1,Central,V1-C-5,0.5942729168552633,NA,0.49502918259468165,NA,0.37842036174484717,NA,0.8213426852550401,NA,0.37842036174484717,4.91533180778032,5.842105263157895,1.986270022883295,2.197940503432494,17
{B44C5553-4F12-4F71-94CD-496A3BA1B3ED},ANO1252,2023,round1,Central,V1-C-2,0.5897411999746275,NA,0.6076876905156405,NA,0.7380739412138744,NA,NA,0.8570252907532248,0.5897411999746275,4.885474860335196,6.882681564245811,2.9455307262569836,2.7388268156424584,21
{C5D9B2E8-E04A-45F8-9B43-8B112DF97625},ANO1252,2023,round1,Central,V1-C-7,0.9800040575922153,NA,0.7258808805400176,NA,0.3548358372436663,NA,0.7287579233081175,NA,0.3548358372436663,5.313984168865436,7.094986807387863,1.924802110817942,2.025065963060686,23
{0847465A-E6E4-4FC7-9A58-00E36119824B},ANO1165,2023,round1,Eastern,V1-C-5,0.6233650370572379,NA,0.5744136387106172,NA,0.6812421005262854,NA,0.9334372559803898,NA,0.5744136387106172,4.975255972696246,6.618600682593857,2.78839590443686,2.4072438162544167,12
{864C8054-EF4A-423F-B38B-C3071D7A8D84},ANO1165,2023,round1,Eastern,V1-C-7,0.6181217488515768,NA,0.34316859632515556,NA,NA,0.915217282758032,0.8074363334154433,NA,0.34316859632515556,4.970276008492569,4.356687898089172,3.842179759377211,2.1719745222929934,14
{F55F96D5-7ED3-44AA-8866-960F5E198BF8},ANO1165,2023,round1,Eastern,V1-C-3,0.5328832394419566,NA,0.8000763470443901,NA,NA,0.4766119234619382,NA,0.5755591236288492,0.4766119234619382,4.510869565217392,7.228260869565218,5.206521739130435,3.3513513513513513,8
{3DC63FB6-B463-4E80-9830-50D8556A0529},ANO0046,2023,round1,Western,V2-C-1,0.5639880965312376,NA,0.8509130027521032,NA,0.4475329797920916,NA,0.4063207341250823,NA,0.4063207341250823,3.998890122086571,6.996670366259711,2.9988901220865705,2.9988901220865705,2
{3447E6A0-1F0D-4CE2-ACEB-A2C5EF4C101E},ANO1165,2023,round1,Eastern,V1-C-7,0.5813704861732658,NA,0.535530510710751,NA,NA,0.7908872988992349,NA,0.5671345182581793,0.535530510710751,4.830324909747293,6.23826714801444,4.095066185318894,3.43403205918619,17
{79D55509-F5F7-4607-BF0D-B42DD64D0911},ANO1165,2023,round1,Eastern,V1-C-3,0.4806743903823505,NA,NA,0.41555927615573646,NA,0.835608288063898,NA,0.6579953686888521,0.41555927615573646,4.1668946648426815,9.421340629274967,4.004103967168263,3.0273972602739727,6
{FAF60A4A-0EF1-43C9-ABA9-29A359D3B670},ANO0046,2023,round1,Western,V2-C-1,0.51247878397702,NA,0.7390161563545721,NA,0.4925596182919956,NA,0.5031010988787231,NA,0.4925596182919956,3.725,6.775,3.2,3.475,4
{96C016D3-D105-4386-91D4-7FA5C4532BDB},ANO1165,2023,round1,Eastern,V1-C-7,0.56225494196593,NA,0.7808246655228765,NA,NA,0.6461806747341614,NA,0.6199430008289543,0.56225494196593,4.704383282364934,7.193679918450561,4.3893985728848115,3.0825688073394493,13
{817DE6A5-A6F7-4516-98C1-818185C39A54},ANO1165,2023,round1,Eastern,V1-C-7,0.5635863661935112,NA,0.48073373271241576,NA,0.9978180382247954,NA,NA,0.5499816236365402,0.48073373271241576,4.713155291790307,5.702274975272008,3.6636993076162216,3.6023738872403563,17
{60C82E27-6FA0-48E8-8814-66B102385E5F},ANO1165,2023,round1,Eastern,V1-C-3,NA,0.5796723187507417,NA,0.89356407589303,NA,0.5074730566881974,NA,0.9922402240834657,0.5074730566881974,5.721153846153847,7.770833333333333,5.025641025641026,2.5427807486631013,10
{A15DCACD-F981-4542-82B7-BBBEA4352910},ANO1165,2023,round1,Eastern,V1-C-7,0.5933507093420555,NA,0.5853887073036809,NA,NA,0.6408793238115009,NA,0.6137849802372412,0.5853887073036809,4.909255898366606,6.725952813067151,4.400181488203266,3.0914972273567467,17
{B4F69951-6B20-4239-8BD1-9BE82FE7E510},ANO1165,2023,round1,Eastern,V1-C-3,0.5059366153628483,NA,NA,0.5318056455546333,NA,0.6860358780627458,NA,0.6481536163712533,0.5059366153628483,4.333333333333333,8.7,4.308333333333334,3.0416666666666665,13
{6DDF36B2-6E11-4D0C-92D3-7D9CDF06EBC6},ANO1165,2023,round1,Eastern,V1-C-7,0.8542432863953849,NA,0.5150095858690181,NA,0.910838254489893,NA,NA,0.7020809419225795,0.5150095858690181,5.194539249146757,6.037542662116041,3.4232081911262795,2.9634782608695653,21
{F47186CA-67B0-4C5D-B761-3551D84473C0},ANO1165,2023,round1,Eastern,V1-C-3,0.5143082284228092,NA,NA,0.5470597176078215,NA,0.6668392095935074,NA,0.6403215436149237,0.5143082284228092,4.388489208633094,8.605344295991777,4.34737923946557,3.053022269353128,15
{4982AF51-8290-42BF-B660-A63E5ECB822E},ANO0352,2023,round1,Western,V1-C-2,0.9999590303388823,NA,0.8583509482894285,NA,0.09124575377478375,NA,0.600070284055191,NA,0.09124575377478375,5.33293697978597,7.33293697978597,1.2378121284185493,1.7847800237812128,6
{87D9A6B0-0F40-47CB-82B5-7E53EBC0131A},ANO1165,2023,round1,Eastern,V1-C-3,0.5121286754314683,NA,NA,0.4359956430764502,NA,0.7485920181702002,NA,0.7572602834203233,0.4359956430764502,4.3741293532338315,9.29452736318408,4.181094527363184,2.883474576271186,13
{179A85DF-3237-4A3A-AB05-198246D9D016},ANO1165,2023,round1,Eastern,V1-C-3,0.5824441035396692,NA,0.7680490871194497,NA,0.9577249242738766,NA,NA,0.780348033501242,0.5824441035396692,4.837398373983739,7.170731707317073,3.5528455284552845,2.85,16
{5A336976-3558-43F5-9C0E-2FCFCAEB2896},ANO0352,2023,round1,Western,V1-C-2,0.665451101627775,NA,0.5616831339993691,NA,0.6115127589685553,NA,NA,0.7457458311803049,0.5616831339993691,5.015228426395939,6.4940778341793575,2.595600676818951,2.9001692047377325,15
{AED8AE05-A853-415B-8D16-59EFC2609120},ANO1165,2023,round1,Eastern,V2-C-2,NA,0.41738135178844193,NA,0.6257378867141328,NA,0.781189302256579,0.5455756445963895,NA,0.41738135178844193,5.362035225048923,7.654598825831702,4.391389432485323,3.683953033268102,16
{E1ED0CB0-E338-4A65-972F-8567581514F7},ANO0352,2023,round1,Western,V1-C-2,0.7898010046086551,NA,0.9253772208508857,NA,0.19440211994230264,NA,0.7081927798929951,NA,0.19440211994230264,5.133333333333334,7.453333333333333,1.5066666666666666,1.9866666666666666,8
{44F0B7F1-6245-4D28-961C-0536F319BA94},ANO0352,2023,round1,Western,V1-C-2,0.8556228674499389,NA,0.6946624477447391,NA,0.20453428040212576,NA,0.4562253311672923,NA,0.20453428040212576,5.1958495460441,7.038910505836577,1.5330739299610896,1.5966277561608302,7
{A5745613-04BE-48CC-BEC6-C59B0CBB11D4},ANO0352,2023,round1,Western,V1-C-2,0.7691466827555777,NA,0.41277243478599307,NA,0.4660037243017498,NA,0.660082334401813,NA,0.41277243478599307,5.113716295427902,5.037514654161782,2.2145369284876906,1.8968347010550999,10
{83EF4C3B-848A-40C4-9106-EF759F0B3F12},ANO0659,2023,round1,Eastern,V2-C-1,NA,0.8966413056089615,0.5648050619638276,NA,0.5549740963773302,NA,0.4929805910540279,NA,0.4929805910540279,4.470934030045722,6.177008491182234,3.478772044415415,3.4252122795558457,13
{F1B4E326-1B36-41A5-A2FE-FCC9A507E163},ANO0099,2023,round2,Western,V1-C-6,0.5713164526298079,NA,0.4632941136706885,NA,0.47015338496053544,NA,0.8781389253509382,NA,0.4632941136706885,4.764084507042253,5.53169014084507,2.225352112676056,2.3039906103286385,15
{C05A2F36-F27B-49DC-9EAA-2509172CAC98},ANO0099,2023,round2,Western,V1-C-2,0.5277251265354089,NA,0.4989829224958662,NA,0.3178732320416542,NA,0.7615924541744367,NA,0.3178732320416542,4.476885644768856,5.880778588807785,1.8284671532846717,2.086374695863747,11
{3AC7B320-564B-402C-97D4-CAC9F89B5B7C},ANO0099,2023,round2,Western,V1-C-2,0.598529813587124,NA,0.496650637607353,NA,0.2253524928111853,NA,0.5606625927816624,NA,0.2253524928111853,4.9433781190019195,5.857965451055662,1.5873320537428024,1.7332053742802302,11
{1424C54A-C36F-4E7D-B676-68412BF00A37},ANO0892,2023,round1,Central,V1-C-7,0.5463858625301827,NA,0.5535528268549371,NA,NA,0.8904506240560833,NA,0.5798949566953138,0.5463858625301827,4.5998307952622675,6.414551607445008,3.8925549915397633,3.3087986463620984,25
{4FE00936-BFF8-4720-9F07-F14758D18553},ANO0892,2023,round1,Central,V1-C-5,0.9164513885404069,NA,0.5145051653220007,NA,0.3927245343514052,NA,0.7939212562802866,NA,0.3927245343514052,5.253623188405797,6.032608695652174,2.023550724637681,2.1467391304347827,11
{BF0F63B8-4537-4738-BD66-B5B84716B071},ANO0892,2023,round1,Central,V1-C-2,0.5937952021360675,NA,0.593542423377585,NA,0.5824819426603312,NA,0.9816440921891437,NA,0.5824819426603312,4.912184412733261,6.805708013172339,2.518111964873765,2.4972557628979146,20
{3ADA5B65-9DAF-44AC-9463-37B7201127F4},ANO0892,2023,round1,Central,V1-C-5,0.5948725585118334,NA,0.46177348114648903,NA,0.44950041746748787,NA,0.7831792444838532,NA,0.44950041746748787,4.9192825112107625,5.516816143497758,2.17152466367713,2.1266816143497755,18
{5A0279DA-2775-4AA2-A0E4-528FA11C582D},ANO0892,2023,round1,Central,V1-C-1,0.5960795840460004,NA,0.48672872942905626,NA,0.3087056314326148,NA,0.6329396743189155,NA,0.3087056314326148,4.927234927234927,5.760914760914761,1.8045738045738045,1.846153846153846,20
{BDB8807E-9DF9-430B-BAF8-626B6B65757F},ANO0892,2023,round1,Central,V1-C-5,0.5877476425279047,NA,0.5057334445217405,NA,0.31021614884410004,NA,0.6469641698444468,NA,0.31021614884410004,4.872340425531915,5.946808510638298,1.8085106382978724,1.872340425531915,11
{D3F42831-B6AF-4CA3-BDCA-288B45142E65},ANO0892,2023,round1,Central,V1-C-3,NA,0.3046142088428337,0.7732446720714885,NA,0.8318149357925916,NA,0.9191105953093686,NA,0.3046142088428337,6.327974276527331,7.180064308681672,3.204715969989282,2.380493033226152,19
{3338EE4E-E364-4DA9-A487-77F88DACAE81},ANO0892,2023,round1,Central,V3-C-2,0.6498214239044389,NA,0.5446595518813492,NA,NA,0.9365487892761685,NA,0.589527027027027,0.5446595518813492,5.03125,5.333333333333333,1.8333333333333333,1.7291666666666667,12
{31A18981-FE34-40F1-BC41-B9161A216FA2},ANO0892,2023,round1,Central,V3-C-2,0.5927236410329582,NA,0.5992229416941498,NA,NA,0.9007706040584483,NA,0.5986800754242615,0.5927236410329582,4.906976744186046,5.767441860465116,1.8604651162790697,1.6162790697674418,11
{E0AA4223-8B0A-403D-BDA0-32E3535965C9},ANO0892,2023,round1,Central,V1-C-1,NA,0.5912316556071638,0.7093078454137989,NA,0.4212231288795603,NA,0.796831910752467,NA,0.4212231288795603,5.695652173913044,7.065217391304348,2.097826086956522,2.152173913043478,11
{CC8342EB-B271-485D-AE26-AD731DDA78BE},ANO0398,2023,round2,Western,V1-C-2,0.9906660165836565,NA,0.710408069675988,NA,0.09402640500641846,NA,0.33548908804457833,NA,0.09402640500641846,5.324110671936758,7.067193675889328,1.2450592885375493,1.4387351778656126,9
{F3E0712B-53C4-40E3-B36A-CE727CF0920B},ANO0899,2023,round1,Central,V1-C-1,NA,0.2830069422952073,0.7598974025261489,NA,0.4975444705573966,NA,0.6886933586642494,NA,0.2830069422952073,6.375643224699829,7.156089193825043,2.296740994854203,1.9502572898799315,11
{08650C53-43EC-4641-919C-A78795B667F1},ANO0899,2023,round1,Central,V1-C-2,NA,0.5120582543103933,0.8620448606353283,NA,0.887358479903942,NA,0.9186747086574374,NA,0.5120582543103933,5.870320855614974,7.339572192513369,3.358288770053476,2.379679144385027,25
{507CE9B5-E63A-4FBC-8125-AB5EDAF7DD18},ANO0899,2023,round1,Central,V1-C-5,0.8343822696787373,NA,0.38130626226887643,NA,0.4355381776801233,NA,0.7153335855314115,NA,0.38130626226887643,5.175675675675675,4.72972972972973,2.135135135135135,2,10
{B3CEC3F3-F2EB-4CB2-9C66-EAB4FD0B7197},ANO0899,2023,round1,Central,V3-C-1,0.5689088518843126,NA,0.8958925643550331,NA,0.4062210986330605,NA,NA,0.5786240786240786,0.4062210986330605,4.75,6.238636363636363,1.4431818181818181,1.8636363636363635,9
{7170218D-35C8-4848-891F-51BF7735AB55},ANO0899,2023,round1,Central,V1-C-3,NA,0.19844195514295226,0.7782009961036838,NA,0.6495261544511596,NA,0.8190109595571111,NA,0.19844195514295226,6.562206572769953,7.188967136150234,2.7007042253521125,2.193586698337292,15
{E3945396-AC71-4C96-9AAA-DA8B6E8A6665},ANO0899,2023,round1,Central,V1-C-5,0.5739339788853999,NA,0.4258018862796992,NA,0.3346233825228423,NA,0.7557403182040356,NA,0.3346233825228423,4.781329923273657,5.164961636828644,1.8721227621483376,2.075447570332481,14
{BD46D877-E727-4CDC-8D8B-CB2B803B1E26},ANO0899,2023,round1,Central,V3-C-1,0.5993510664215639,NA,0.6965710270093461,NA,NA,0.90401813402148,NA,0.572446092301688,0.572446092301688,4.9506618531889295,5.9253910950661854,1.858002406738869,1.9398315282791816,13
{B0FF2275-79DF-4C63-8ABA-1272D8F25136},ANO0899,2023,round1,Central,V1-C-5,0.9045952990574322,NA,0.5553133305946228,NA,0.5102821215657773,NA,0.6957000058738514,NA,0.5102821215657773,5.2423625254582475,6.4317718940936865,2.329938900203666,1.9633401221995928,16
{46777D59-903C-4AD6-AE9D-A3D22367A4AB},ANO0899,2023,round1,Central,V1-C-1,NA,0.3500378252132441,0.6054745513652194,NA,0.3842054948852609,NA,0.6207804650496861,NA,0.3500378252132441,6.227762803234501,6.8787061994609155,2.001347708894879,1.8234501347708896,13
{325142DD-117D-456C-B0F1-31C1659B9B0A},ANO0892,2023,round1,Central,V1-C-6,0.5590919812807172,NA,0.5453034554899348,NA,0.7749423003548729,NA,NA,0.697626485742961,0.5453034554899348,4.6835443037974684,6.333860759493671,3.0474683544303796,2.969936708860759,19
{BA08AB26-DCDE-46EF-8237-9D59DC998843},ANO0892,2023,round1,Central,V3-C-2,0.5947683451517815,NA,0.7295839013573419,NA,NA,0.8066786234534054,NA,0.562960687960688,0.562960687960688,4.920454545454546,5.9772727272727275,1.9318181818181819,2.0568181818181817,9
{BE4518F5-1BCC-40D8-81FA-6598B8BD4140},ANO0892,2023,round1,Central,V2-C-1,NA,0.7337011031319514,0.6252111636080369,NA,0.49435661191095975,NA,0.3782445905914043,NA,0.3782445905914043,4.566748566748567,6.549549549549551,3.208026208026208,2.860769860769861,17
{6AAC0C1A-8F3C-409C-AC8C-6596B715C5C9},ANO1189,2023,round1,Northern,V1-C-2,0.5258126966806745,NA,NA,0.37986117539616665,NA,0.7937292302823656,NA,0.5731494861495419,0.37986117539616665,4.464285714285714,9.642857142857142,4.089285714285714,3.375,4
{8C17016D-5F1F-42F7-9D4E-14879AEBE075},ANO1189,2023,round1,Northern,V1-C-6,0.5646252627449387,NA,0.5166239338933772,NA,NA,0.9687309276392477,NA,0.6401069996763844,0.5166239338933772,4.72,6.053333333333334,3.7333333333333334,3.0533333333333332,15
{2105B27B-2EEB-4F75-8402-F889AFBEDE17},ANO1189,2023,round1,Northern,V1-C-6,0.7913783479580149,NA,0.6292139915405135,NA,0.8512408959311386,NA,NA,0.7698861402061477,0.6292139915405135,5.134831460674158,6.921348314606742,3.258426966292135,2.865168539325843,12
{DAE1C33F-DDB4-4059-8964-9F2A1FFC3780},ANO0021,2023,round1,Northern,V1-C-6,0.5589749286120209,NA,0.5507979639321602,NA,0.41351291269239804,NA,0.8165950100257602,NA,0.41351291269239804,4.682773109243698,6.387605042016807,2.077731092436975,2.1890756302521006,14
{1DA96AD0-5215-43B0-A6D0-5626C52EE512},ANO0021,2023,round1,Northern,V1-C-7,0.5671815740646667,NA,0.5926001519176913,NA,NA,0.5729103718927282,NA,0.29030635961227474,0.29030635961227474,4.7368421052631575,6.796491228070175,4.642105263157895,6.150877192982456,15
{16F6A229-2770-455F-AA2D-C3FC15B4107C},ANO0021,2023,round1,Northern,V1-C-6,0.5935893283429088,NA,NA,0.49201345834624133,NA,0.8083987588403899,NA,0.522878908430646,0.49201345834624133,4.9108280254777075,8.946921443736729,4.059447983014862,3.868365180467091,8
{EF1DB668-0EE1-4CD5-ABB8-9F07D81F43E9},ANO0512,2023,round1,Northern,V1-C-6,0.5942611431295829,NA,0.5215681457735785,NA,0.5722809953698472,NA,0.7334881761375545,NA,0.5215681457735785,4.915254237288136,6.101694915254237,2.4915254237288136,2.0338983050847457,7
{AE72C9D7-93FF-4090-B53A-7F74FEC25D31},ANO1427,2023,round1,Central,V1-C-1,NA,0.4915827521503697,0.5860472548996744,NA,0.5944468085707921,NA,0.8209370491981316,NA,0.4915827521503697,5.915492957746479,6.732394366197183,2.5492957746478875,2.1971830985915495,10
{FF9DC5CC-FC01-4B91-874E-313915206B5C},ANO1427,2023,round1,Central,V1-C-5,0.624046923968695,NA,0.5653679284190962,NA,0.6139753947109339,NA,NA,0.5659371632983963,0.5653679284190962,4.975903614457831,6.530120481927711,2.602409638554217,3.4457831325301207,13
{1D0B531E-F60A-448F-AA72-F97439F34910},ANO1427,2023,round1,Central,V1-C-1,NA,0.12798426427260956,0.6991987260165096,NA,0.45591209243434766,NA,0.746837139818542,NA,0.12798426427260956,6.7176470588235295,7.047058823529412,2.1882352941176473,2.0588235294117645,5
{C290103D-8D61-4877-BB46-E7606A4876EE},ANO0021,2023,round1,Northern,V1-C-6,0.5718989468676279,NA,0.545332348779946,NA,0.5832250081085422,NA,0.8487356349732713,NA,0.545332348779946,4.767922235722964,6.334143377885783,2.520048602673147,2.2490886998784934,16
{E779EB19-4A3C-4033-8E43-96E467360A46},ANO0021,2023,round1,Northern,V1-C-6,0.5811784709809129,NA,NA,0.4292828098019356,NA,0.7367760151662209,NA,0.5704279786179676,0.4292828098019356,4.829059829059829,9.336182336182336,4.205128205128204,3.4017094017094016,9
{198C46D5-3CAF-4289-9EE5-A9183A9BF544},ANO0021,2023,round1,Northern,V1-C-2,0.9126366179400531,NA,NA,0.40288306481411607,NA,0.837625977111015,NA,0.534939520406239,0.40288306481411607,5.25,9.5,4,3.75,3
{365D7AE1-543F-4F42-AE7F-004E6FFCCEC6},ANO0021,2023,round1,Northern,V1-C-6,0.6446532986165432,NA,NA,0.54325408739641,0.9525225851722849,NA,NA,0.6175951980891881,0.54325408739641,4.995475113122172,8.628959276018099,3.5384615384615383,3.085972850678733,5
{2F125CE6-6F29-4E18-9B80-09211EA95441},ANO0021,2023,round1,Northern,V1-C-2,0.512024649323646,NA,NA,0.40455477877600066,NA,0.9233065983068519,NA,0.6511347280691153,0.40455477877600066,4.373443983402489,9.489626556016596,3.825726141078838,3.037344398340249,6
{4EAFF0CC-D416-43BE-B4C3-84190A963703},ANO0021,2023,round1,Northern,V1-C-6,0.5492075100978288,NA,0.479847775209208,NA,0.642880943465485,NA,NA,0.8830266654400633,0.479847775209208,4.618421052631579,5.69360902255639,2.682330827067669,2.701127819548872,16
{F324F95A-9417-4986-B9A3-344DAC7D13AA},ANO0021,2023,round1,Northern,V1-C-2,0.4935463309049826,NA,NA,0.3376543781299258,NA,0.8253627589493607,NA,0.5951859214194889,0.3376543781299258,4.2517006802721085,9.904761904761905,4.024943310657596,3.158730158730159,5
{48B87086-468A-44A9-8C9D-246F1C4E95A9},ANO0021,2023,round1,Northern,V1-C-3,0.5832865402115915,NA,NA,0.3956518303174523,NA,0.5441117364275394,NA,0.5517968582341668,0.3956518303174523,4.842948717948718,9.544871794871796,4.810897435897436,3.5845588235294117,8
{00082C8E-DB73-42D6-93CA-339C4C1D1B13},ANO0021,2023,round1,Northern,V1-C-2,0.6750973656789865,NA,NA,0.6615574803042437,NA,0.5701069263845753,NA,0.8739515338293087,0.5701069263845753,5.024390243902439,8.170731707317072,4.658536585365853,2.7142857142857144,5
{9A9F0C38-2C62-4988-AC57-ABC45C656E99},ANO0021,2023,round1,Northern,V1-C-6,0.5721513613366036,NA,0.490598947473618,NA,0.49684994879748123,NA,NA,0.8050864798245059,0.490598947473618,4.7695852534562215,5.798771121351767,2.2949308755760374,2.814132104454685,16
{7879E930-97DD-48E1-BE4C-8B8AAACB2AD8},ANO0976,2023,round1,Northern,V1-C-6,0.5533961562729917,NA,0.511171438548856,NA,0.24786949387147342,NA,NA,0.9393475517576273,0.24786949387147342,4.646017699115045,6,1.6460176991150441,2.6194690265486726,3
{7B455A01-197F-4668-B389-5D58F094D8CD},ANO0976,2023,round1,Northern,V1-C-2,NA,0.32189279027501133,NA,0.5395129737510771,0.9726828784771295,NA,NA,0.6169167503197437,0.32189279027501133,6.2898550724637685,8.652173913043478,3.5942028985507246,3.0869565217391304,5
{856E687F-A8B2-467C-8E20-112F833A5347},ANO0976,2023,round1,Northern,V1-C-6,NA,0.5230126184217222,0.7800607287361059,NA,NA,0.4166966262892312,NA,0.9355327840451421,0.4166966262892312,5.846153846153846,7.1923076923076925,5.5576923076923075,2.625,5
{4E5B1E52-0EA5-46AA-A540-88E69FBCDEB2},ANO0976,2023,round1,Northern,V1-C-6,0.5493026109653781,NA,0.5440324595984253,NA,0.4704750553114938,NA,0.7599636207715135,NA,0.4704750553114938,4.619047619047619,6.321428571428571,2.2261904761904763,2.0833333333333335,6
{7CB2CEAD-3990-493B-979B-38FF724E57C9},ANO0976,2023,round1,Northern,V1-C-7,NA,0.9525107060651868,0.5380208474423314,NA,0.7322011252492824,NA,0.996638050075084,NA,0.5380208474423314,5.373737373737374,6.262626262626263,2.9292929292929295,2.525252525252525,12
{6383B6BD-FFBF-400A-AB22-F65E30C5DCF2},ANO0071,2023,round1,Western,V6-C-1,NA,NA,NA,NA,NA,NA,NA,NA,NA,NA,NA,NA,NA,NA
{04CFA6A9-C2C2-42CD-91E9-0B7E197D5838},ANO1427,2023,round1,Central,V1-C-2,0.5741042771202705,NA,0.549386418690369,NA,0.7729888732009877,NA,NA,0.9844425077742559,0.549386418690369,4.7824519230769225,6.373798076923076,3.0420673076923075,2.5540865384615383,21
{B51478CC-D16D-4526-B10A-54A5F3B37DD5},ANO1476,2023,round1,Northern,V1-C-8,NA,0.792835515819649,0.8083739376490856,NA,0.7895183466319821,NA,NA,0.543039666621366,0.543039666621366,5.510791366906475,7.243165467625899,3.0877697841726617,3.670503597122302,16
{7C333E52-5C88-43AE-84E7-C1FE3778337E},ANO1476,2023,round1,Northern,V1-C-7,0.7170603620772117,NA,0.7554189203576078,NA,NA,0.7140284329677791,NA,0.38802919898226795,0.38802919898226795,5.064245810055866,7.148044692737431,4.251396648044692,5.191806331471136,14
{B8519E1C-191A-407D-A116-1ED914A11CFF},ANO0115,2023,round2,Western,V1-C-1,NA,0.2666748414871227,0.8106822723245238,NA,0.5027437797440705,NA,0.7910195439109391,NA,0.2666748414871227,6.411674347158218,7.24731182795699,2.310291858678956,2.141321044546851,5
{36D64202-9035-4E1F-AA12-82AC4D950FE9},ANO0915,2023,round1,Northern,V1-C-3,0.8192362667894505,NA,NA,0.46786420430026365,NA,0.5462461997151948,NA,0.5776689444632659,0.46786420430026365,5.161290322580645,9.096774193548388,4.798387096774194,3.3306451612903225,5
{861DFA37-6909-44E3-B600-4E979A3E4851},ANO0026,2023,round1,Northern,V1-C-6,0.9123080047422705,NA,0.7286022901216256,NA,0.7929935046906028,NA,NA,0.5874444337996579,0.5874444337996579,5.249687890137329,7.0998751560549325,3.0973782771535583,3.234706616729089,9
{CECF5703-1BCF-4B6E-BFF0-9C061D8A51D8},ANO0026,2023,round1,Northern,V3-C-2,0.960957807361579,NA,0.4168413096880398,NA,NA,0.4959918406201434,NA,0.5552153716216216,0.4168413096880398,5.5078125,4.31640625,3.11328125,2.15234375,8
{8E09232E-A339-4F67-8127-AC717F5E10FD},ANO0026,2023,round1,Northern,V3-C-2,0.5526543132590466,NA,0.6815506539698097,NA,0.5974277329713326,NA,NA,0.5364382239382239,0.5364382239382239,4.642857142857143,5.901785714285714,1.6517857142857142,2.3839285714285716,6
{833B3465-2CD7-4644-95A7-13BF28DCEE95},ANO0026,2023,round1,Northern,V1-C-6,0.8576787689613272,NA,0.7219422888642107,NA,0.7299529470868027,NA,0.6564807918082001,NA,0.6564807918082001,5.197802197802198,7.087912087912088,2.923076923076923,1.89010989010989,6
{02EE3A98-BBFC-4369-A5A1-31ECE6243BFC},ANO0026,2023,round1,Northern,V1-C-3,0.6861457029934547,NA,0.9966710707311118,NA,0.7703907447040779,NA,0.895929542084382,NA,0.6861457029934547,5.034883720930233,7.5813953488372094,3.0348837209302326,2.3372093023255816,12
{054A0EA7-CC9A-4843-B981-BA58D034EE97},ANO0026,2023,round1,Northern,V2-C-3,NA,0.4877635745535791,0.9822336201699762,NA,NA,0.9880862403971311,0.6322837325457078,NA,0.4877635745535791,5.085828343313373,7.256819693945443,4.194278110445775,4.009980039920159,16
{AB0B7C68-9EE7-4556-B633-C7D787161D50},ANO0026,2023,round1,Northern,V3-C-2,0.5807446809803802,NA,0.808912220980555,NA,NA,0.594699040056884,NA,0.5586272819282527,0.5586272819282527,4.828016643550625,6.101941747572816,2.1407766990291264,2.1102635228848823,9
{9DE68D1E-8E33-481F-BE12-E5B13643627B},ANO0026,2023,round1,Northern,V1-C-6,0.629919730113819,NA,0.5461961482272035,NA,0.5471112293697846,NA,0.86905926246954035,NA,0.5461961482272035,4.981481481481482,6.342592592592593,2.425925925925926,2.287037037037037,8
{82D28B1C-6599-4099-B193-906535DB81B4},ANO0026,2023,round1,Northern,V1-C-2,0.7568538430153932,NA,NA,0.7606098514831916,NA,0.5814869842030665,NA,0.6768915331386421,0.5814869842030665,5.1020408163265305,8,4.591836734693878,3,5
{C1FC7EAE-4FA7-4AA5-BC0C-BD7738B1A2A4},ANO0026,2023,round1,Northern,V1-C-5,0.6068769743662255,NA,0.5638375867629807,NA,0.5038332454645005,NA,0.9154925314567169,NA,0.5038332454645005,4.959595959595959,6.515151515151516,2.313131313131313,2.3737373737373737,11
{61C18663-49D8-493E-8240-87BE772F532D},ANO0026,2023,round1,Northern,V1-C-6,0.6465756740845952,NA,0.49020030260839015,NA,0.6157395801745158,NA,NA,0.9384414800742299,0.49020030260839015,4.997300944669366,5.794871794871795,2.6072874493927127,2.620782726045884,15
{DC160722-CDDD-40BE-932F-8100D46F51D4},ANO0026,2023,round1,Northern,V1-C-6,NA,0.4841639217802065,0.9969810315515613,NA,NA,0.5756324213224477,NA,0.5832121474778885,0.4841639217802065,5.931860036832413,7.58195211786372,4.626151012891344,3.2762430939226523,10
{221379E9-AD0D-4135-B603-AD2DFD9888A2},ANO0026,2023,round1,Northern,V1-C-8,0.565729124451185,NA,0.7539769504586716,NA,NA,0.7124803425158837,NA,0.5483709023038849,0.5483709023038849,4.7272727272727275,7.1454545454545455,4.254545454545455,3.618181818181818,14
{BDFDB414-8578-40B9-8CE3-1AB1FE16A259},ANO0915,2023,round1,Northern,V1-C-5,0.5821736395956063,NA,0.5209747264114368,NA,0.29433630272446687,NA,0.9134175775559734,NA,0.29433630272446687,4.835616438356165,6.095890410958904,1.7671232876712328,2.3698630136986303,8
{589309E6-8CC4-4308-9DD3-0ACC885E717C},ANO0915,2023,round1,Northern,V1-C-1,0.5713860334721143,NA,0.5689437230164276,NA,0.1126619662881839,NA,0.44482381891663425,NA,0.1126619662881839,4.7645429362880884,6.565096952908587,1.293628808864266,1.5817174515235457,10
{B9F94716-394E-4567-8778-045DA9B2CF6A},ANO0262,2023,round1,Northern,V1-C-7,0.5858131809397542,NA,0.4724966650866066,NA,0.7670876882051423,NA,NA,0.9813619204718608,0.4724966650866066,4.859595340282036,5.621704475781729,3.0257510729613735,2.558553034947885,15
{719FC2EC-C2C4-479A-86BF-09DB85D3B038},ANO0262,2023,round1,Northern,V1-C-5,0.9074754577160449,NA,0.555272503835424,NA,0.45139811132113616,NA,0.7415865474373536,NA,0.45139811132113616,5.245098039215686,6.431372549019608,2.176470588235294,2.049019607843137,9
{5D4D6BA7-AE5F-4C84-A31E-CE6F6D79E24C},ANO0262,2023,round1,Northern,V1-C-5,0.8389711842990875,NA,0.5185860413264418,NA,0.5820801754604379,NA,0.8853237538862024,NA,0.5185860413264418,5.1800341296928325,6.072525597269625,2.5170648464163823,2.31740614334471,13
{FF034A9A-4FC7-4D15-82E7-A5F27167BE2E},ANO0262,2023,round1,Northern,V1-C-5,0.5620404776605107,NA,0.5131958798896435,NA,0.39508507961176675,NA,0.7895696837525711,NA,0.39508507961176675,4.702970297029703,6.01980198019802,2.0297029702970297,2.1386138613861387,9
{501BBB17-7C36-4386-B00B-FD7C7F3F02FB},ANO0262,2023,round1,Northern,V1-C-5,0.5887121778151798,NA,0.5646334055163511,NA,0.4122401304104037,NA,0.6776641979893071,NA,0.4122401304104037,4.878695208970439,6.522935779816514,2.0744138634046894,1.9296636085626913,11
{3518A2FF-5F56-4E1E-B0DE-1E63F08947DA},ANO0262,2023,round1,Northern,V1-C-6,0.5872458516608955,NA,0.5328437459323925,NA,0.47013539141371163,NA,0.8461030561572374,NA,0.47013539141371163,4.869034406215317,6.2119866814650395,2.225305216426193,2.244173140954495,10
{E7D497B5-73F8-4EFE-9022-F0688CC0AAE6},ANO0262,2023,round1,Northern,V1-C-2,NA,0.4662283912787922,NA,0.5156903229620684,NA,0.5410962715278836,NA,0.7163035332767753,0.4662283912787922,5.9714285714285715,8.8,4.828571428571428,2.942857142857143,3
{6B3D88BD-C3B3-4A13-BE33-0FD5D6DB28A8},ANO0262,2023,round1,Northern,V1-C-1,NA,0.5972598999388448,0.573714767500716,NA,0.4694540357739817,NA,0.5937463478715813,NA,0.4694540357739817,5.682352941176471,6.6117647058823525,2.223529411764706,1.776470588235294,7
{8969D84B-256C-419B-BF37-F108E428AEA4},ANO0211,2023,round1,Northern,V1-C-5,0.5919710947140682,NA,0.5776832629989733,NA,0.6301947170380892,NA,0.6877090046506826,NA,0.5776832629989733,4.900166389351082,6.650582362728785,2.6472545757071546,1.9484193011647253,5
{D7877BA9-3862-4EC1-AD0D-9BA379F77607},ANO0211,2023,round1,Northern,V1-C-5,0.6494174465156278,NA,0.6730004447615625,NA,0,NA,0,NA,0,5,7,1,1,2
{7A5A7CAC-6A27-4043-A8FD-68B05C0AEC3A},ANO0211,2023,round1,Northern,V1-C-5,0.5975579099936835,NA,0.4640276861280686,NA,0.38328536059500046,NA,0.7985929790045426,NA,0.38328536059500046,4.936974789915967,5.538865546218487,1.9989495798319328,2.1554621848739495,7
{ECD061DD-EB68-4B37-9F13-9FCDB94CB088},ANO0262,2023,round1,Northern,V1-C-5,0.5956253789953532,NA,0.5421515257336351,NA,0.2267249604590252,NA,0.6909899299459012,NA,0.2267249604590252,4.924242424242424,6.303030303030303,1.5909090909090908,1.9545454545454546,7
{99CB4B79-7466-40BE-BC09-75226221D403},ANO0262,2023,round1,Northern,V1-C-2,NA,0.9510396793257827,NA,0.8331303375249215,NA,0.776170531550906,NA,0.7631052834408087,0.7631052834408087,5.375,7.875,4.125,2.875,4
{D4E79D61-5A1D-4C0D-8F20-1FC2740D09BE},ANO1244,2023,round1,Northern,V1-C-5,0.5426170199766549,NA,0.5316182960908103,NA,0.44763646039346,NA,0.7510376137234931,NA,0.44763646039346,4.575,6.2,2.1666666666666665,2.066666666666667,9
{5A37E392-87F7-435D-89F1-E4E83DFF16AE},ANO1244,2023,round1,Northern,V1-C-5,0.6213604240356051,NA,0.5385581832228621,NA,0.5187596247076284,NA,NA,0.9816021232669166,0.5187596247076284,4.973352033660589,6.267882187938289,2.3520336605890604,2.5582047685834506,11
{8603ECBD-B958-4AE7-B98F-B7A393D9E42C},ANO1244,2023,round1,Northern,V1-C-5,0.6494174465156278,NA,0.5193501815656377,NA,0.5678588240419894,NA,0.7153335855314115,NA,0.5193501815656377,5,6.08,2.48,2,8
{A9DA0555-0662-475B-9453-F55B6002C763},ANO0357,2023,round1,Northern,V1-C-5,0.5761084756377548,NA,0.5750552530802333,NA,0.5575412802418616,NA,0.836931707212242,NA,0.5575412802418616,4.795656465942745,6.624876604146101,2.453109575518263,2.2270483711747286,11
{FEEE8930-D2E0-4F3C-B49A-431C7925BCBA},ANO0507,2023,round1,Northern,V2-C-3,NA,0.5852829114824594,NA,0.7853162537723986,NA,0.5784357433353045,0.8171506108698928,NA,0.5784357433353045,4.703125,7.5,4.6875,4.34375,13
{1CF6C366-3583-492F-A060-1C698FE5C81C},ANO0507,2023,round1,Northern,V1-C-5,0.5642065565805005,NA,0.4942499012727559,NA,0.35193487230934106,NA,0.911090153894893,NA,0.35193487230934106,4.7172413793103445,5.834482758620689,1.9172413793103449,2.3655172413793104,9
{F6B40C0D-6460-4FDA-8E9E-2B0F1B8E1736},ANO0507,2023,round1,Northern,V2-C-2,NA,0.6289964159913073,0.8302579532939599,NA,0.7665856082263298,NA,0.5279705820001974,NA,0.5279705820001974,4.628318584070796,6.955752212389379,3.8893805309734515,3.5973451327433623,21
{99D7B00B-230C-49A3-BBA1-AE19C6A95E51},ANO0094,2023,round1,Northern,V1-C-1,0.6539753542459207,NA,NA,0.682752359975187,NA,0.5790601649984448,NA,0.5844525784689892,0.5790601649984448,5.004329004329004,8.134199134199134,4.606060606060606,3.264069264069264,5
{F5C654C7-3048-4A13-87FE-71FC0EB39F66},ANO0094,2023,round1,Northern,V1-C-1,NA,0.16289663844593216,NA,0.5086398693278216,NA,0.7223970166858105,0.8826962176817936,NA,0.16289663844593216,6.640625,8.84375,4.234375,2.3125,5
{95087A06-FCD5-469A-826D-BA1FB9A78008},ANO0094,2023,round1,Northern,V1-C-1,NA,0.9406867186242895,NA,0.7028684218385916,NA,0.8143253342446231,NA,0.6736227653546739,0.6736227653546739,5.38388625592417,8.09952606635071,4.04739336492891,3.0047393364928907,4
{6B09AB85-A32D-4A49-9439-0853777B7694},ANO0094,2023,round1,Northern,V1-C-1,0.989055087063273,NA,NA,0.5406430805247494,NA,0.5668852248933508,NA,0.6768915331386421,0.5406430805247494,5.32258064516129,8.64516129032258,4.67741935483871,3,3
{A1365FD5-E728-4885-B6F5-ECA0468822E0},ANO0094,2023,round1,Northern,V1-C-5,0.5554762422837939,NA,0.5346001294823453,NA,0.3890174001038403,NA,0.7859978079949063,NA,0.3890174001038403,4.659722222222222,6.229166666666667,2.013888888888889,2.1319444444444446,6
{931BB6FC-EC6A-40D5-8E24-81D360D7FCDC},ANO0094,2023,round1,Northern,V1-C-5,0.5349692650208009,NA,0.5328836431116907,NA,0.3027414759261376,NA,0.7605285579264512,NA,0.3027414759261376,4.524613220815753,6.212376933895921,1.789029535864979,2.0843881856540083,8
{6619F774-7FEF-4B4D-8E90-FA040B3DAD73},ANO0094,2023,round1,Northern,V1-C-1,NA,0.5036417807023988,NA,0.5729892477356318,NA,0.7829989143909182,NA,0.6768915331386421,0.5036417807023988,5.888888888888889,8.444444444444445,4.111111111111111,3,3
{BAED1659-4A24-4765-BAB6-380D61E0CE61},ANO0094,2023,round1,Northern,V1-C-1,0.5788856157174915,NA,NA,0.3860181923335253,NA,0.9119441903464958,NA,0.8533289756174948,0.3860181923335253,4.813953488372093,9.604651162790697,3.8488372093023258,2.744186046511628,5
{624C5BAD-3C8F-4022-8C22-9B545758EF65},ANO0094,2023,round1,Northern,V1-C-5,0.5335331580190038,NA,0.4708973252086432,NA,0.263543543781431,NA,0.780250000426105,NA,0.263543543781431,4.515151515151516,5.606060606060606,1.6868686868686869,2.121212121212121,6
{43399F39-3C22-4A16-9251-48CC128B1CFA},ANO0704,2023,round1,Northern,V1-C-5,NA,0.09581477779216396,0.5340286979961625,NA,NA,0.5201705532705978,NA,0.8185284086350587,0.09581477779216396,6.788617886178861,6.223577235772357,4.951219512195122,2.794642857142857,8
{3297BA53-76E8-410C-ABCC-037288EC084F},ANO0978,2023,round1,Northern,V1-C-5,0.7506555893711757,NA,0.5308318784930428,NA,0.5460181000403743,NA,0.9007198857595271,NA,0.5308318784930428,5.096153846153846,6.1923076923076925,2.423076923076923,2.3461538461538463,11
{CA943B81-8D96-4354-8E77-362D1EB6A765},ANO0895,2023,round1,Eastern,V2-C-1,0.7085160670575094,NA,0.4227575865169257,NA,0.2238907355872707,NA,0.20327317126413055,NA,0.20327317126413055,4.25,4.875,2,2,5
{87C949F7-E602-4EA3-8484-E53F3B2790F0},ANO0895,2023,round1,Eastern,V2-C-1,0.5715975563726019,NA,0.42831354046159253,NA,0.23114645387019142,NA,0.2084491084953931,NA,0.2084491084953931,4.039351851851851,4.925925925925926,2.032407407407407,2.025462962962963,5
{A9345AB8-7EF5-44E6-BEE2-A8A249695C24},ANO0895,2023,round1,Eastern,V2-C-1,0.5759509269466508,NA,0.42957625726719867,NA,0.2238907355872707,NA,0.19056859806012239,NA,0.19056859806012239,4.0625,4.9375,2,1.9375,3
{3A0E14B5-9211-42D7-805B-15A5E654C853},ANO0357,2023,round1,Northern,V1-C-5,0.5830794260221341,NA,0.5648191340797261,NA,0.21906961145139628,NA,0.6782155364208315,NA,0.21906961145139628,4.8415841584158414,6.524752475247524,1.5709570957095709,1.9306930693069306,9
{653D06E7-1ACF-4806-AA0D-1D44C3E5E028},ANO0357,2023,round1,Northern,V1-C-5,0.5753407408036493,NA,0.5344727007049292,NA,0.3142746822054207,NA,0.8763068750298986,NA,0.3142746822054207,4.7905982905982905,6.227920227920228,1.8190883190883191,2.3005698005698005,12
{FA0E626C-285E-4787-B2EC-3472B3015054},ANO0357,2023,round1,Northern,V1-C-5,0.58752051203453,NA,0.5918345530206319,NA,0.2021478498525088,NA,0.6256169418006695,NA,0.2021478498525088,4.870843989769821,6.789002557544756,1.526854219948849,1.8324808184143224,11
{6CECC5CC-4C55-4041-B318-53D5BA83CF3F},ANO0357,2023,round1,Northern,V1-C-5,0.5822788367881353,NA,0.5091936919116133,NA,0.4533461091229685,NA,0.9225444634318846,NA,0.4533461091229685,4.836309523809524,5.980654761904761,2.181547619047619,2.386904761904762,11
{AE158F26-DE8F-41EF-9458-F3D0AEA7F388},ANO0573,2023,round1,Southern,V2-C-1,NA,0.548025410291996,0.5693364292678273,NA,0.33064658301961164,NA,0.35438186977008185,NA,0.33064658301961164,4.849337748344371,6.218543046357617,2.47682119205298,2.7433774834437084,16
{6AF072D5-C4E5-43CB-8B1B-C14869D30DFB},ANO0507,2023,round1,Northern,V1-C-5,0.6184504851715779,NA,0.511171438548856,NA,0.47396801688719303,NA,NA,0.9608897694281321,0.47396801688719303,4.970588235294118,6,2.235294117647059,2.588235294117647,8
{99D1D5DB-B970-43F9-9B69-FF07B4848E43},ANO0507,2023,round1,Northern,V3-C-2,0.8320358350189655,NA,0.5157651459459992,NA,NA,0.5529887254170059,NA,0.5172413793103449,0.5157651459459992,5.310344827586207,5.103448275862069,2.5517241379310347,2.6206896551724137,8
{8A81CAD6-B4B6-4572-AA12-69141FF325AD},ANO0507,2023,round1,Northern,V1-C-5,0.6494174465156278,NA,0.49413239059722747,NA,0.48417821226231395,NA,NA,0.66046986641442,0.48417821226231395,5,5.833333333333333,2.261904761904762,3.0238095238095237,5
{F48778CB-EAAF-4719-ADD5-CD301D617533},ANO0507,2023,round1,Northern,V1-C-7,0.6614209266457317,NA,0.5304860596796923,NA,0.6240601856442596,NA,NA,0.7319335365888853,0.5304860596796923,5.011400651465798,6.188925081433225,2.6302931596091206,2.920195439739414,20
{468FA806-3DA8-4806-B536-A14AB3584825},ANO0573,2023,round1,Southern,V1-C-5,0.7199391516681184,NA,0.4919499508478415,NA,0.3259773317419557,NA,0.6851257120904025,NA,0.3259773317419557,5.066980023501763,5.811985898942421,1.8495887191539366,1.9435957696827264,12
{BE782DDF-F600-43B5-B803-0ACAB2432D65},ANO0573,2023,round1,Southern,V1-C-5,NA,0.3907565539932405,0.5746272033342312,NA,0.4189700860825488,NA,0.7277884790867888,NA,0.3907565539932405,6.137931034482759,6.620689655172414,2.0919540229885056,2.0232558139534884,10
{AF3E4490-CF00-483E-9DC8-6D938B441D1A},ANO0507,2023,round1,Northern,V1-C-5,0.5811614015944296,NA,0.517897378529762,NA,0.35339720557378423,NA,0.8774110819296763,NA,0.35339720557378423,4.828947368421052,6.065789473684211,1.9210526315789473,2.3026315789473686,8
{A0AD5132-FB7F-425B-952C-B2911B08DB02},ANO0507,2023,round1,Northern,V1-C-5,0.5743064282497198,NA,0.5125529829773664,NA,0.2644338935915035,NA,0.6501978584242356,NA,0.2644338935915035,4.783783783783784,6.013513513513513,1.6891891891891893,1.8783783783783783,8
{884D15A2-68F5-4696-88F6-E5446D38AA53},ANO0507,2023,round1,Northern,V1-C-6,0.5645685221899448,NA,NA,0.5803524273210195,0.8129832092697824,NA,NA,0.576442764609245,0.5645685221899448,4.719626168224299,8.398753894080997,3.1526479750778815,3.3426791277258565,8
{E8D06AEB-4BD0-47FE-B9E6-5AFB71AF12FC},ANO0507,2023,round1,Northern,V1-C-5,0.578408617022932,NA,0.511171438548856,NA,0.34220856817723977,NA,0.9541645849243893,NA,0.34220856817723977,4.8108108108108105,6,1.8918918918918919,2.445945945945946,6
{0AD86D75-94F2-45CB-A93E-DD9E3DBC8335},ANO0507,2023,round1,Northern,V1-C-5,0.6706662191835943,NA,0.49476856090420057,NA,0.46460754142034205,NA,0.8282822519110034,NA,0.46460754142034205,5.020181634712412,5.839556004036328,2.2108980827447025,2.2108980827447025,8
{8E6D65A1-2C95-4EA7-AA39-7F1EC240EE95},ANO0094,2023,round1,Northern,V1-C-5,0.5401358151469573,NA,0.5136649577612896,NA,0.24286896059177282,NA,0.8098808378867495,NA,0.24286896059177282,4.558652729384437,6.02439024390244,1.6329849012775843,2.1765389082462256,9
{C8974A3A-4450-48FC-AA90-36857A1A004B},ANO0094,2023,round1,Northern,V1-C-8,NA,0.818559362814903,0.7158814296841685,NA,0.9061908577222195,NA,NA,0.9590039909667147,0.7158814296841685,5.488711819389111,7.077025232403718,3.410358565737052,2.590969455511288,14
{15D81544-B313-44DC-8248-D864FC998AA3},ANO1138,2023,round1,Northern,V1-C-5,0.5733948307445614,NA,0.5423329406585911,NA,0.426320438469962,NA,0.8246972754891388,NA,0.426320438469962,4.777777777777778,6.304804804804805,2.111111111111111,2.2042042042042045,16
{763ACB93-D0DF-4EF7-9AB3-1655492EB581},ANO0978,2023,round1,Northern,V1-C-5,0.5847483633088055,NA,0.5446634246945632,NA,0.471675905265415,NA,0.9385934178381623,NA,0.471675905265415,4.8525798525798525,6.327600327600328,2.2293202293202294,2.4168714168714174,8
{6C649FDF-FCBF-4357-AEEE-9F184F61DFF1},ANO0978,2023,round1,Northern,V1-C-5,0.6215683191635556,NA,0.5372533942017755,NA,0.5195507527872412,NA,NA,0.8810974809533304,0.5195507527872412,4.973549488054608,6.255119453924915,2.3540955631399316,2.703924914675768,9
{DB91CCB6-FA81-4AD5-A654-503BFED5D3F7},ANO0978,2023,round1,Northern,V1-C-5,0.5911759364294151,NA,0.5182093061810504,NA,0.5268764549351594,NA,NA,0.7518600116622653,0.5182093061810504,4.894927536231884,6.068840579710145,2.373188405797101,2.891304347826087,13
{D15CB7A2-DC70-414F-B8C2-F77067CAB9D4},ANO0978,2023,round1,Northern,V1-C-5,0.5568307143191824,NA,0.5831725461639323,NA,0.38870095084725625,NA,0.7146975280220513,NA,0.38870095084725625,4.668646080760095,6.704275534441805,2.013064133016627,1.998812351543943,10
{FCEA547A-0B86-43B2-99AE-631A594CC1FB},ANO0978,2023,round1,Northern,V1-C-6,0.5463172706883923,NA,0.5640348202372936,NA,0.4575662842708659,NA,0.9307220164727728,NA,0.4575662842708659,4.599378881987577,6.517080745341614,2.1925465838509313,2.402173913043478,12
{47FA88DF-75E9-487F-AF84-F0E3F636AF1A},ANO0978,2023,round1,Northern,V1-C-6,0.5671815740646667,NA,0.49531238006756184,NA,0.4118538861950116,NA,0.9304478828105729,NA,0.4118538861950116,4.7368421052631575,5.8448753462603875,2.073407202216066,2.401662049861496,16
{4E9B00C2-7394-4261-9380-27E7F40F6BD3},ANO0978,2023,round1,Northern,V1-C-3,0.5796247953415785,NA,0.6952689838282675,NA,NA,0.5792913024592636,NA,0.5322423463537707,0.5322423463537707,4.818823529411765,7.04,4.604705882352941,3.776470588235294,20
{A1721F92-284C-48F8-B3B7-E384F45649D6},ANO0978,2023,round1,Northern,V1-C-6,0.5900930264756082,NA,0.5666376365664878,NA,0.7412735359536661,NA,0.9022184186699886,NA,0.5666376365664878,4.887792848335389,6.542540073982738,2.9543773119605428,2.3489519112207153,9
{B9CE72F5-ECED-4808-989D-8F410B2E7EBF},ANO0978,2023,round1,Northern,V1-C-1,0.740971940924124,NA,NA,0.861507919019511,NA,0.5711924997131399,NA,0.7968410987764392,0.5711924997131399,5.086956521739131,7.82608695652174,4.6521739130434785,2.8260869565217392,5
{75184BAB-D879-4197-A73A-326DF29204A8},ANO0590,2023,round1,Northern,V6-C-7,NA,NA,NA,NA,NA,NA,NA,NA,NA,NA,NA,NA,NA,NA
{5527104C-9127-43C9-80CE-42C03141273A},ANO0909,2023,round1,Northern,V1-C-1,NA,0.6432614558597299,0.9542268401915996,NA,0.5300437616440971,NA,0.9030557956134897,NA,0.5300437616440971,5.639175257731959,7.505154639175258,2.381443298969072,2.350515463917526,8
{1849F02B-A694-4FD2-84AF-28DAF65309FB},ANO0909,2023,round1,Northern,V1-C-1,NA,0.08341185908000959,NA,0.5216994263016689,0.7209935760621753,NA,NA,0.7637315334430034,0.08341185908000959,6.815980629539952,8.76271186440678,2.898305084745763,2.8740920096852305,6
{2E2C41EA-9CFE-452A-8A43-5B25B8488BBC},ANO0523,2023,round1,Eastern,V1-C-5,0.5921517081410798,NA,0.37502713432376,NA,0.34583997098568187,NA,0.6631643211570385,NA,0.34583997098568187,4.901356350184957,4.668310727496918,1.9013563501849569,1.9025893958076452,9
{D457128C-B382-4E41-B88B-50E354176CE6},ANO0523,2023,round1,Eastern,V1-C-5,0.5985098076403639,NA,0.42645971320477777,NA,0.3619126628055443,NA,0.6733884445793067,NA,0.3619126628055443,4.943246311010216,5.171396140749149,1.9432463110102156,1.921679909194098,9
{4FCAFB18-8385-40B2-842B-F663BFAD07BF},ANO0523,2023,round1,Eastern,V1-C-5,0.6659390492869194,NA,0.4821491514529296,NA,0.38916183819818645,NA,0.676369845778284,NA,0.38916183819818645,5.015691868758917,5.716119828815978,2.014265335235378,1.927246790299572,9
{96D31C1E-2A7F-4061-B4AD-FE6E977223C1},ANO0523,2023,round1,Eastern,V1-C-5,0.5521498733029181,NA,0.43726180197945436,NA,0.5016185938360853,NA,0.6140948908742107,NA,0.43726180197945436,4.637806637806638,5.2770562770562774,2.3073593073593077,1.8109668109668111,9
{71848DAC-DA9A-406F-BE3F-56DABABB4D59},ANO0326,2023,round1,Central,V1-C-7,0.8520148546309383,NA,0.5152485786369825,NA,NA,0.9591888923565349,NA,0.8082321218342658,0.5152485786369825,5.192422731804586,6.03988035892323,3.752741774675972,2.8095712861415754,24
{EC776DE5-F3BA-4331-8A9E-E6BF4F062033},ANO0909,2023,round1,Northern,V1-C-5,NA,0.7701033903790732,0.8332664456204243,NA,0.581346052459039,NA,0.9587701413865128,NA,0.581346052459039,5.53030303030303,7.287878787878788,2.515151515151515,2.4545454545454546,9
{87C271D9-7C45-4A36-B19F-3C4A62B176B8},ANO0909,2023,round1,Northern,V1-C-5,0.5961706715048821,NA,0.5132793620067895,NA,0.4786216056636996,NA,0.9913956591815263,NA,0.4786216056636996,4.927835051546392,6.020618556701031,2.247422680412371,2.515463917525773,7
{CF4EE991-372C-4912-91FF-CD2619C0DD6A},ANO0909,2023,round1,Northern,V1-C-5,0.5620850705989626,NA,0.5172387553268841,NA,0.4899522427875854,NA,0.9690758630389346,NA,0.4899522427875854,4.70326409495549,6.059347181008903,2.2769535113748764,2.473788328387735,7
{ED8B4405-0EEF-481F-9899-C0E8D3062F1F},ANO0909,2023,round1,Northern,V1-C-5,0.5676192986057162,NA,0.4985672112969664,NA,0.47829649192725876,NA,0.9500997983012626,NA,0.47829649192725876,4.739726027397261,5.876712328767123,2.2465753424657535,2.4383561643835616,7
{AA339F06-643F-4C0B-9365-8F318D98923C},ANO0706,2023,round1,Southern,V1-C-5,0.6465756740845952,NA,0.5591843024125543,NA,0.3785104135889177,NA,0.46131455146470657,NA,0.3785104135889177,4.997300944669366,6.469635627530365,1.9865047233468287,1.6032831737346103,8
{2B8EFAAA-09E9-4355-B3CB-2580BD8C5B31},ANO0706,2023,round1,Southern,V1-C-1,0.6507318993067612,NA,NA,0.7598855519971313,NA,0.5120608280905189,NA,0.6751694107855402,0.5120608280905189,5.001248439450687,8.001248439450688,4.998751560549313,3.0024968789013733,2
{574FFB83-2F57-44CE-9798-67ADE1E4107D},ANO0523,2023,round1,Eastern,V1-C-5,0.5919458399745327,NA,0.5026519145730418,NA,0.32613513542952094,NA,0.6796295573393298,NA,0.32613513542952094,4.9,5.916666666666667,1.85,1.9333333333333333,7
{6F14A5AC-7B11-4425-9D75-F11F76FFF8EB},ANO0523,2023,round1,Eastern,V1-C-1,NA,NA,NA,NA,NA,NA,NA,NA,NA,NA,NA,NA,NA,NA
{4F3527D7-286B-4EEF-9F37-2C90F8118047},ANO0523,2023,round1,Eastern,V1-C-1,0.6494174465156278,NA,0.5777426026389396,NA,0.2052286761936794,NA,0.19561410685691635,NA,0.19561410685691635,5,6.651162790697675,1.5348837209302326,1.255813953488372,7
{8CD91D44-384E-469D-B918-C4F26A1EC8D1},ANO0523,2023,round1,Eastern,V1-C-1,NA,NA,NA,NA,NA,NA,NA,NA,NA,NA,NA,NA,NA,NA
{B368AB7A-DC51-464C-BB62-83BAB4C5E391},ANO0523,2023,round1,Eastern,V1-C-1,0.5659693928573952,NA,0.5037963282414347,NA,0.15843849131197085,NA,0.3842388358568916,NA,0.15843849131197085,4.7288557213930345,5.9278606965174125,1.4129353233830844,1.5024875621890545,7
{B5774C4A-8BA9-407E-97A5-C5D2E6CD725A},ANO0523,2023,round1,Eastern,V1-C-5,NA,0.9503807125963669,0.5264371919172834,NA,0.6928580074058891,NA,NA,0.9380034646722023,0.5264371919172834,5.375565610859728,6.149321266968326,2.8205128205128207,2.6214177978883866,12
{04709EFA-B456-40B3-87E6-EDC1F483B33E},ANO0523,2023,round1,Eastern,V1-C-1,NA,0.2851605575244572,0.5706881130841218,NA,0.5836386847785959,NA,0.8108795764679676,NA,0.2851605575244572,6.370892018779342,6.582159624413145,2.5211267605633805,2.1784037558685445,8
{938089EF-B6ED-4ACC-BA30-8FAE481C8C7A},ANO0706,2023,round1,Southern,V1-C-5,NA,0.5882964629906746,0.5068210433271636,NA,0.8116407397883894,NA,0.9660214430502818,NA,0.5068210433271636,5.702127659574468,5.957446808510638,3.148936170212766,2.4680851063829787,8
{BADCB43D-5A43-475F-806E-A55A6C4983EB},ANO0706,2023,round1,Southern,V1-C-5,0.6744263939193733,NA,0.5305983815815917,NA,0.26520979295791697,NA,0.8412729723847154,NA,0.26520979295791697,5.02375296912114,6.190023752969122,1.6912114014251782,2.235154394299287,6
{6C7CD76E-6982-41E6-821F-650BFAB6E9E3},ANO1138,2023,round1,Northern,V1-C-5,0.5933731382242947,NA,0.5334472581186457,NA,0.3502476629815146,NA,0.9008143741898165,NA,0.3502476629815146,4.909403669724771,6.217889908256881,1.9128440366972477,2.3463302752293576,12
{1FC1A12F-B152-444C-86CD-58F7D4C8E3B6},ANO1138,2023,round1,Northern,V1-C-1,NA,0.543933123158591,NA,0.5801516133323271,NA,0.7392972642148403,NA,0.6768915331386421,0.543933123158591,5.8,8.4,4.2,3,2
{1D090EB8-C28E-4907-ACB5-2AAA70D66D8F},ANO1138,2023,round1,Northern,V1-C-5,0.5710428802875127,NA,0.5529724626837546,NA,0.4384141561381273,NA,0.7569222713019026,NA,0.4384141561381273,4.762282091917591,6.408874801901743,2.1426307448494453,2.0776545166402536,9
{F6E6C105-0D46-40C8-A43D-34F0592DAAEF},ANO1138,2023,round1,Northern,V1-C-5,0.5570908714867927,NA,0.5195257639988236,NA,0.36243141985161037,NA,0.8481110310933766,NA,0.36243141985161037,4.6703601108033235,6.081717451523546,1.9445983379501386,2.24792243767313,9
{40F01467-9A7F-4583-8AC7-0892469BBCEF},ANO1087,2023,round1,Northern,V1-C-5,0.5342690658231678,NA,0.49617707635142294,NA,0.2557922630819772,NA,NA,0.9803639342022686,0.2557922630819772,4.52,5.8533333333333335,1.6666666666666667,2.56,9
{73036A85-A028-4A0B-A5C2-587483D08501},ANO1087,2023,round1,Northern,V2-C-1,NA,0.6771544093516285,0.5539791169555126,NA,0.11443304263349391,NA,0.21682471601507264,NA,0.11443304263349391,4.6,6.0777777777777775,1.511111111111111,2.066666666666667,7
{668FA0B6-2567-4BF1-A637-D61F63D3F8BC},ANO0590,2023,round1,Northern,V1-C-5,NA,0.556462747946797,0.7635229612928839,NA,0.8577495380606823,NA,0.9567747597811431,NA,0.556462747946797,5.772357723577236,7.162601626016261,3.2764227642276422,2.4508196721311477,10
{5E94B5D0-3D24-4D68-AF39-08D8DF847611},ANO0590,2023,round1,Northern,V1-C-7,0.8408495711879379,NA,0.5213367796563617,NA,0.5991497753155971,NA,0.9778939098094379,NA,0.5213367796563617,5.1818181818181825,6.099431818181818,2.5615530303030303,2.490253411306043,18
{6711C675-00FF-4DCB-84A9-71DF97E40437},ANO0590,2023,round1,Northern,V1-C-7,0.6256861913909615,NA,0.6972599351047046,NA,NA,0.9406827423177493,NA,0.7400670897567325,0.6256861913909615,4.977460555972953,7.043576258452291,3.79038317054846,2.9084027252081754,13
{928582A5-B407-4DBB-9811-9A6E62F27BFE},ANO1246,2023,round1,Northern,V1-C-1,NA,0.8485581498139609,0.5958933714194534,NA,0.5435585590492015,NA,0.936004315329693,NA,0.5435585590492015,5.462962962962963,6.828703703703703,2.4166666666666665,2.4120370370370368,10
{C8AA448E-2825-4A71-9836-F42C10B20D04},ANO0909,2023,round1,Northern,V1-C-5,0.5906515835166276,NA,0.5031472357344263,NA,0.5654942327728014,NA,0.845591013964732,NA,0.5031472357344263,4.891472868217054,5.921511627906977,2.4738372093023258,2.2432170542635657,9
{394CF0CC-6573-435B-A327-42CA6BF1B6A6},ANO0909,2023,round1,Northern,V1-C-5,0.5740864370536799,NA,0.5798651397544752,NA,NA,0.9306815413660698,NA,0.7008246877966566,0.5740864370536799,4.782334384858044,6.6719242902208205,3.810725552050473,2.965299684542587,16
{9CC078E0-DB2B-4BCA-8BEB-940DA084A861},ANO1423,2023,round1,Northern,V1-C-5,0.5921332239061483,NA,0.5307347899007259,NA,0.41447820406801855,NA,0.831041084302046,NA,0.41447820406801855,4.901234567901234,6.191358024691358,2.080246913580247,2.2160493827160495,10
{E5B52C68-B38B-4A8C-B3A2-C9854BA9B8ED},ANO0909,2023,round1,Northern,V2-C-2,NA,0.49602508607967105,0.5308266113361695,NA,0.4745823879575481,NA,0.30322517260395176,NA,0.30322517260395176,5.053406998158379,5.865561694290976,3.119705340699816,2.491712707182321,12
{199EFF4F-EE4F-4220-B180-1B539C19C4AC},ANO1423,2023,round1,Northern,V1-C-5,0.5680516057638316,NA,0.5172447625712187,NA,0.39888397460803376,NA,0.9115289879730475,NA,0.39888397460803376,4.742574257425742,6.0594059405940595,2.0396039603960396,2.366336633663366,7
{B8BD5571-A736-47E9-9720-A96103D6671E},ANO0909,2023,round1,Northern,V2-C-2,NA,0.5240577063922007,0.7954477991303451,NA,NA,0.3854865473562441,0.5983134852302711,NA,0.3854865473562441,4.943396226415095,6.886792452830188,5.7924528301886795,3.943396226415094,6
{161A416E-F933-4DDC-B9FB-AC6E95B2652D},ANO1423,2023,round1,Northern,V2-C-1,NA,0.5452477503215841,0.5681880874810364,NA,0.4050894132510749,NA,0.38298163036654714,NA,0.38298163036654714,4.8602383531961,6.208017334777899,2.80931744312026,2.884073672806067,11
{BABE93F0-658D-462B-9B3F-549491F90E65},ANO1423,2023,round1,Northern,V1-C-1,NA,0.5968550631517698,NA,0.8107287214177906,0.7454658178041481,NA,NA,0.8610549369254692,0.5968550631517698,5.683246073298429,7.913612565445026,2.9659685863874343,2.7329842931937174,10
{6447D280-7ED4-400B-A7D6-6FA24B06D342},ANO1423,2023,round1,Northern,V1-C-6,0.7155208995511115,NA,0.5639899094306818,NA,0.8324620911029132,NA,0.9417921909705973,NA,0.5639899094306818,5.062783661119516,6.516641452344932,3.2065052950075645,2.4228441754916794,13
{768C45E8-E0D6-45E9-A986-52531E1EB1F3},ANO0540,2023,round1,Western,V1-C-5,NA,0.4532776026321591,0.6272431727066892,NA,NA,0.8578305071581742,NA,0.5401737622888833,0.4532776026321591,6,6.917808219178082,3.958904109589041,3.6986301369863015,7
{63EBFD62-A4B2-4E32-9C6C-A9EB7C4FDD90},ANO0326,2023,round1,Central,V1-C-1,0.5632354609581589,NA,0.6797078360467148,NA,0.5778439678056714,NA,0.9927925997951774,NA,0.5632354609581589,4.710843373493976,7.0120481927710845,2.5060240963855422,2.5180722891566263,14
{74DED8ED-CC02-45CC-91B1-54FEBF2086BD},ANO0182,2023,round1,Southern,V1-C-5,0.8887514685624012,NA,0.5278512765070038,NA,0.42237375063444726,NA,0.9460516412180977,NA,0.42237375063444726,5.227314390467461,6.163153070577452,2.1008249312557288,2.4307974335472045,11
{B4845EF6-7746-48DB-9CB4-3E888F0D7163},ANO1423,2023,round1,Northern,V1-C-5,0.5456026136781124,NA,0.5830078735314583,NA,0.4224339267588053,NA,0.7190892687213217,NA,0.4224339267588053,4.594670406732118,6.702664796633941,2.100981767180926,2.0070126227208975,12
{F79BD326-9738-4AE4-AA13-8F0BC5BA77D5},ANO1423,2023,round1,Northern,V1-C-5,0.8205099079415039,NA,0.9096036723453029,NA,NA,0.9974101355672987,NA,0.6337846579875588,0.6337846579875588,5.1625,7.425,3.675,3.0625,10
{3A7C0C07-379A-45AC-89EE-C736CCFBB710},ANO0182,2023,round1,Southern,V1-C-1,0.5510367444731267,NA,0.6700755053044646,NA,0.49254569747571614,NA,NA,0.8955211486159406,0.49254569747571614,4.63047285464098,6.994746059544658,2.2837127845884413,2.6830122591943955,10
{26F48CDA-B33E-41F6-9B1A-3E7A56239871},ANO1423,2023,round1,Northern,V1-C-5,0.516587912528382,NA,0.4752997586506907,NA,0.181747134295089,NA,0.7904999606726357,NA,0.181747134295089,4.4035087719298245,5.649122807017544,1.4736842105263157,2.1403508771929824,6
{CB762E72-5834-41A1-A5AE-B3AF0F115891},ANO0790,2023,round1,Northern,V2-C-1,NA,0.5982661171497721,0.5644673525443383,NA,0.15575007693027526,NA,0.17675927936011354,NA,0.15575007693027526,4.6521739130434785,6.173913043478261,1.6956521739130435,1.8695652173913044,8
{F65AB5F8-B94C-4F01-A21E-6B4C0A18BB4F},ANO0655,2023,round1,Northern,V1-C-6,NA,0.9439320080709039,0.568499076516952,NA,NA,0.5444473397152433,NA,0.43063914316439555,0.43063914316439555,5.38110072689512,6.5607476635514015,4.808930425752856,4.773624091381101,17
{498AC5BF-F073-4965-A2A1-0081A410EB92},ANO0740,2023,round1,Northern,V1-C-5,0.5696689409415016,NA,0.5237195746372646,NA,0.24637355572043146,NA,0.9720427804783541,NA,0.24637355572043146,4.753229974160206,6.122739018087855,1.6421188630490955,2.479328165374677,10
{2CA8CD8B-F62A-4275-9FC3-F3C1DE007156},ANO0740,2023,round1,Northern,V1-C-5,0.6520365427487058,NA,0.6411486786835641,NA,0.6857988957501926,NA,0.9045116453551267,NA,0.6411486786835641,5.002487562189054,6.942786069651741,2.8009950248756215,2.3532338308457708,15
{C2345FBE-0636-459F-BE73-6B488C0227AD},ANO0340,2023,round1,Northern,V2-C-1,NA,0.5841797346446047,0.5718860396347106,NA,0.14800090819411707,NA,0.13465775480366457,NA,0.13465775480366457,4.707454289732771,6.241912798874825,1.6610407876230662,1.6624472573839664,10
{F9206683-C90D-4432-8527-983D90801785},ANO0340,2023,round1,Northern,V2-C-1,NA,0.5995695291697064,0.6150458237141223,NA,0.18657561298939224,NA,0.20991608535772957,NA,0.18657561298939224,4.647058823529411,6.529411764705882,1.8333333333333333,2.0326797385620914,12
{DB26C8E4-1E8F-4D62-88CE-C5DEEF0CD28C},ANO0340,2023,round1,Northern,V1-C-2,0.6845133360388844,NA,0.932800067206454,NA,0.6131038870919245,NA,0.8224456701076561,NA,0.6131038870919245,5.033333333333333,7.466666666666667,2.6,2.2,10
{D641CC05-53A2-4BD3-BB1B-63397C8A4553},ANO0340,2023,round1,Northern,V1-C-2,0.8734337626215214,NA,NA,0.871705064142863,0.7192980176039871,NA,0.8862571247488229,NA,0.7192980176039871,5.212765957446808,7.808510638297872,2.893617021276596,2.3191489361702127,7
{69809510-A27D-4C07-99E5-ED0DC3F574D0},ANO0340,2023,round1,Northern,V1-C-1,NA,0.834534361564975,0.6034112601781095,NA,0.2589896663705019,NA,0.22940199804129283,NA,0.22940199804129283,5.475,6.875,1.675,1.3,6
{62EB6340-5B05-4FD4-8821-A2B2FDC46AFB},ANO0340,2023,round1,Northern,V2-C-1,NA,0.5605975097736754,0.5960757994056829,NA,0.21574925429318814,NA,0.21066492294646252,NA,0.21066492294646252,4.8,6.463636363636364,1.9636363636363636,2.036363636363636,9
{AF26ACD2-72E5-4829-8B87-9E57F7F0B67D},ANO0340,2023,round1,Northern,V2-C-2,NA,0.37422407327886986,NA,0.8343503574887366,0.4557131880552498,NA,0.2887068229548521,NA,0.2887068229548521,5.531400966183575,7.452495974235105,3.0354267310789047,2.420289855072464,15
{2C920995-34CD-4A06-8B10-050417D04621},ANO0340,2023,round1,Northern,V2-C-1,NA,0.5945731164266254,0.5665478012858404,NA,0.14533258274963187,NA,0.1747436033674105,NA,0.14533258274963187,4.666666666666667,6.192982456140351,1.6491228070175439,1.8596491228070176,10
{F1505F59-C8A0-47DF-9EC3-79AEC474DE63},ANO0340,2023,round1,Northern,V3-C-2,0.5792526491913002,NA,NA,0.988241843499532,0.8689616447638951,NA,NA,0.5835380835380836,0.5792526491913002,4.818181818181818,6.424242424242424,1.7424242424242424,1.803030303030303,10
{9FCDB233-23B1-4296-8AC7-A07056854B3F},ANO0340,2023,round1,Northern,V2-C-1,0.9772596021366484,NA,0.5265661996935963,NA,0.1732643704252368,NA,0.1711774073803205,NA,0.1711774073803205,4.39766081871345,5.826510721247563,1.773879142300195,1.842105263157895,11
{41789673-0A61-4932-A1AD-234F7CED3E85},ANO0340,2023,round1,Northern,V2-C-1,NA,0.5396695695539874,0.5309748173596613,NA,0.19239279940198922,NA,0.1483971440407341,NA,0.1483971440407341,4.88212927756654,5.866920152091255,1.859315589353612,1.7300380228136882,8
{F2F29366-7F9E-4B0C-827E-E395C60DD6C4},ANO0340,2023,round1,Northern,V1-C-1,0.6206073879517598,NA,0.5958580500099351,NA,0.0878092843415742,NA,0.060869518551586704,NA,0.060869518551586704,4.9726368159203975,6.8283582089552235,1.2288557213930347,1.079601990049751,6
{497D1B2D-42D7-4F99-AD31-9C86475835D9},ANO0340,2023,round1,Northern,V2-C-1,NA,0.6852524052589444,0.5740671374515549,NA,0.2238907355872707,NA,0.1790739842088769,NA,0.1790739842088769,4.595238095238095,6.261904761904762,2,1.880952380952381,10
{006700B0-78F6-451B-834E-13928DEA5BD5},ANO0340,2023,round1,Northern,V1-C-1,0.6580475832836427,NA,0.5170373403026954,NA,0.3931233551464814,NA,0.031339070770668366,NA,0.031339070770668366,5.008196721311476,6.057377049180329,2.0245901639344264,1.040983606557377,4
{0A013DE1-1097-4765-B479-FE1C998EAD3C},ANO0340,2023,round1,Northern,V2-C-1,NA,0.5625766713262743,0.5082094331620943,NA,0.33431451585749744,NA,0.31734297028419606,NA,0.31734297028419606,4.792233009708738,5.658252427184466,2.4932038834951458,2.5611650485436894,14
{52B64A04-EF17-42FE-AAC9-2A6A18EB13C6},ANO0340,2023,round1,Northern,V1-C-5,0.5873555541265386,NA,0.7221583676461217,NA,0.10502728682836152,NA,0.23969892363402195,NA,0.10502728682836152,4.869757174392936,7.088300220750553,1.2737306843267109,1.3134657836644592,8
{DAAE7C0E-0DA7-4A2F-9731-7635D31951E1},ANO0182,2023,round1,Southern,V1-C-5,0.5616186273273528,NA,0.5344686218716429,NA,0.4501194852260509,NA,0.8694222622610821,NA,0.4501194852260509,4.700190961171229,6.227880330999364,2.173138128580522,2.287714831317632,11
{C7C97FD0-1043-448C-8EE1-E738D2F1359D},ANO0182,2023,round1,Southern,V1-C-5,0.5604323296731849,NA,0.5513125085698706,NA,0.7422420682080869,NA,NA,0.9393697266108152,0.5513125085698706,4.692375109553024,6.392638036809816,2.957055214723926,2.619436875567666,17
{903E6C30-4841-4C73-A836-DF99EF69FBCF},ANO0182,2023,round1,Southern,V1-C-5,0.54746026474697,NA,0.5205262099732795,NA,0.3306670291661974,NA,0.9663619069939455,NA,0.3306670291661974,4.606909430438842,6.091503267973856,1.861811391223156,2.4687208216619982,14
{5EBE7AFA-0050-4061-BE3B-042A1B7B8A9A},ANO1423,2023,round1,Northern,V1-C-5,0.6064866948052221,NA,0.5328480255454232,NA,0.497113098436075,NA,NA,0.9314022577819391,0.497113098436075,4.959225280326198,6.212028542303772,2.2956167176350664,2.63098878695209,10
{49EE77FD-C3CE-4EC8-87A3-7891DDF9BEE5},ANO0740,2023,round1,Northern,V1-C-5,NA,0.532799989058854,0.7088124227928128,NA,0.848721832907272,NA,0.9314369140624312,NA,0.532799989058854,5.824561403508771,7.064327485380116,3.251461988304093,2.4035087719298245,7
{3C1CF249-3652-4487-851D-8CB66AC41DA5},ANO0740,2023,round1,Northern,V1-C-5,NA,0.9468445289948899,0.5629196582538019,NA,0.38842528838374313,NA,0.3304144004709978,NA,0.3304144004709978,5.378600823045267,6.506172839506172,2.0123456790123457,1.4320987654320987,8
{EEF41CC4-B7C4-41A0-ACF8-CDEB9351F4B5},ANO0740,2023,round1,Northern,V1-C-5,NA,0.9543701327960773,0.8107320533342184,NA,0.5743360584792834,NA,0.7041992732053985,NA,0.5743360584792834,5.372141372141371,7.247401247401248,2.4968814968814965,1.9792099792099793,10
{87D39FBC-D33F-440D-A719-15E7F08EB90B},ANO1195,2023,round1,Northern,V2-C-1,NA,0.7409261271217402,0.5727683430229316,NA,0.16791805169045304,NA,0.19480345579479177,NA,0.16791805169045304,4.5625,6.25,1.75,1.9583333333333333,6
{3BA18A06-745C-41D6-ACD8-D8A952CB2103},ANO0337,2023,round1,Northern,V1-C-5,0.5654882568718917,NA,0.5259584427562544,NA,0.2717394116531727,NA,0.6886223424949415,NA,0.2717394116531727,4.725685785536159,6.144638403990025,1.708229426433915,1.9501246882793017,12
{1F90F428-55A1-4E25-B828-64CF6D5662EC},ANO0337,2023,round1,Northern,V1-C-6,0.8518937322267244,NA,0.8121788139284687,NA,0.757774151847488,NA,NA,0.8758463415282574,0.757774151847488,5.1923076923076925,7.25,3,2.7115384615384617,14
{88F9B6E2-446C-44BA-B543-EA163F736EB2},ANO0337,2023,round1,Northern,V1-C-5,0.5339176757623371,NA,0.5440441998703258,NA,0.19862968339002407,NA,0.7687174218957775,NA,0.19862968339002407,4.517684887459807,6.321543408360128,1.517684887459807,2.0996784565916395,8
{F74802E9-FD0A-4C2B-B2F5-EFC31B663F9A},ANO1246,2023,round1,Northern,V1-C-1,NA,0.054791798120370716,NA,0.5286179993275326,0.7239912603523702,NA,NA,0.7943696104734626,0.054791798120370716,6.8791208791208796,8.719780219780219,2.9065934065934065,2.82967032967033,5
{F5731993-83DF-4501-9D4F-E1535F1E4F9D},ANO1246,2023,round1,Northern,V1-C-5,0.578213274700398,NA,0.7236816436178587,NA,0.6812853213919905,NA,NA,0.8449721219630343,0.578213274700398,4.809523809523808,7.091036414565826,2.788515406162465,2.7563025210084033,11
{0B34B075-75FE-4305-B718-1A2433B1F74A},ANO1233,2023,round1,Western,V1-C-5,NA,0.7667447629563633,0.5521103900432556,NA,0.485552570186585,NA,0.6323928120763548,NA,0.485552570186585,5.533185840707964,6.400442477876106,2.265486725663717,1.845132743362832,9
{F27B4F88-4979-4C37-BDFE-0256FEC4D59D},ANO1233,2023,round1,Western,V1-C-5,0.6484166131642035,NA,0.5886246013860116,NA,0.0955573758471645,NA,0.5240774416596075,NA,0.0955573758471645,4.999049429657794,6.757604562737642,1.2490494296577948,1.685361216730038,8
{1E46AA7B-7AD5-4E6A-97E6-83CE2F3F20EF},ANO1233,2023,round1,Western,V1-C-5,0.5719234267177792,NA,0.5293159280901876,NA,0.12102922514952616,NA,0.31419463316120383,NA,0.12102922514952616,4.7680835197613725,6.177479492915735,1.3154362416107384,1.4108873974645786,8
{1295120B-8E94-48DB-8AB6-A10C998CE76C},ANO1233,2023,round1,Western,V1-C-1,0.6505017685400338,NA,NA,0.8926553914644252,NA,0.6614241640941833,NA,0.9056110190072117,0.6505017685400338,5.001029866117405,7.772399588053554,4.358393408856848,2.6683831101956748,5
{4734D94B-9571-427D-8FDF-C3F06333E5ED},ANO1259,2023,round1,Northern,V1-C-5,0.598485996221906,NA,0.5186519961861564,NA,0.5490175402735119,NA,NA,0.9011874688841163,0.5186519961861564,4.943089430894309,6.073170731707317,2.4308943089430892,2.6747967479674797,8
{B8176538-864F-481A-9154-9559C313C3B1},ANO1259,2023,round1,Northern,V1-C-5,0.7389963507241872,NA,0.4404520360763757,NA,0.4546541889428732,NA,0.8738224899598868,NA,0.4404520360763757,5.085080147965475,5.3082614056720105,2.184956843403206,2.2959309494451294,10
{2499CE36-C8EF-40A1-BD96-E53ED0656634},ANO1243,2023,round1,Southern,V1-C-1,NA,0.346953226706097,0.8242065742268435,NA,0.7667044151040043,NA,0.8960852282538241,NA,0.346953226706097,6.234567901234568,7.271604938271605,3.0246913580246915,2.3375,5
{DB411694-CB96-4379-A047-7F3AF1446C5F},ANO1243,2023,round1,Western,V1-C-1,NA,0.24389319565495798,0.5899507404980522,NA,0.5151371964845374,NA,0.7834037653303904,NA,0.24389319565495798,6.461934156378601,6.770576131687243,2.3425925925925926,2.1271008403361344,12
{9363AC2B-45BD-4DA4-96E0-F17E35887044},ANO1322,2023,round1,Northern,V3-C-2,0.5931809307135802,NA,0.7841371519833606,NA,0.5288402624499454,NA,NA,0.57997421363758,0.5288402624499454,4.90999099909991,6.063006300630064,1.576957695769577,1.846984698469847,8
{710A0387-DF97-467F-9DFB-F2F8AC274325},ANO0224,2023,round1,Western,V1-C-2,0.5638082514124734,NA,0.8260643588801553,NA,0.6016913836077268,NA,NA,0.9721386223404936,0.5638082514124734,4.7146171693735495,7.274941995359629,2.568445475638051,2.5719257540603246,13
{A0DFCD12-4ECD-4091-84E4-03204D605386},ANO1322,2023,round1,Northern,V1-C-5,0.6332400838672638,NA,0.48080222632265,NA,0.452467364209669,NA,NA,0.9692014061221724,0.452467364209669,4.984635083226633,5.702944942381563,2.179257362355954,2.5761843790012806,10
{FF3368F9-54F8-4839-B386-714641311C5E},ANO0224,2023,round1,Western,V1-C-2,0.8599927836551683,NA,0.5948176739477598,NA,0.4046168525114912,NA,0.6861211988287993,NA,0.4046168525114912,5.2,6.818181818181818,2.0545454545454547,1.9454545454545455,12
{7A2D1B33-DF05-4356-B083-646E250794BC},ANO1322,2023,round1,Northern,V1-C-6,0.9281200986120781,NA,0.49085214607178024,NA,NA,0.8744335166978185,NA,0.5801072597059449,0.49085214607178024,5.264705882352941,5.801247771836007,3.925133689839572,3.306715063520871,16
{08464A9A-11F2-4DE6-81CD-D0123E1B2A9B},ANO0224,2023,round1,Western,V1-C-6,0.589474986736714,NA,0.4790746272911372,NA,0.5086101975234664,NA,NA,0.7250108356328748,0.4790746272911372,4.883720930232558,5.686046511627907,2.3255813953488373,2.9302325581395348,14
{9DB18901-FB6A-4326-9441-D49FBB3E1F24},ANO0224,2023,round1,Western,V1-C-6,0.5589736011032169,NA,0.509554076794913,NA,0.5050885527884337,NA,NA,0.7515479030922251,0.5050885527884337,4.682764363030808,5.984179850124897,2.3164029975020815,2.891756869275604,16
{37AEDC6C-5B01-4CBB-9DF8-C87BD079469C},ANO1506,2023,round1,Central,V1-C-5,0.56561119050821,NA,0.4108303783892657,NA,0.4946410215580968,NA,0.913689297709642,NA,0.4108303783892657,4.726495726495727,5.018518518518518,2.289173789173789,2.3703703703703702,18
{C880DC93-5A99-44A5-A2CF-22B5BBD58537},ANO1322,2023,round1,Northern,V1-C-5,NA,0.484474846538016,0.5649789583961041,NA,0.4820700342698801,NA,0.7883316998512544,NA,0.4820700342698801,5.9311740890688265,6.526315789473685,2.2564102564102564,2.1363022941970313,12
{87329A3B-3D3E-4246-9DB5-1627FCF96A4C},ANO0815,2023,round1,Northern,V1-C-5,0.5557142501001608,NA,0.5655864626524439,NA,0.4827047545256667,NA,0.7239716568682053,NA,0.4827047545256667,4.661290322580645,6.532258064516129,2.2580645161290325,2.0161290322580645,6
{F8745A96-F743-4068-A40A-39DF5DEF26B3},ANO0926,2023,round1,Northern,V1-C-5,NA,0.4017245705731368,0.5835691101029858,NA,0.46108476607051674,NA,0.8601417685422141,NA,0.4017245705731368,6.113733905579399,6.708154506437769,2.2017167381974247,2.2703862660944205,12
{3DED5594-5EBB-45DD-9585-FC3FF800BEB2},ANO0926,2023,round1,Northern,V1-C-5,0.5874849940313148,NA,0.5678632801624075,NA,0.40567423608934644,NA,0.90342319800356,NA,0.40567423608934644,4.870609981515711,6.55452865064695,2.057301293900185,2.3512014787430684,14
{A6F68F3F-0460-47C9-800E-330F7C042238},ANO0926,2023,round1,Northern,V1-C-5,0.9453547904239405,NA,0.5518132886462455,NA,0.35876798377399377,NA,0.7938984403997654,NA,0.35876798377399377,5.281075027995521,6.397536394176932,1.9350503919372901,2.146696528555431,15
{3A45AC09-7212-43DD-8FD2-A1BE04FE1645},ANO0926,2023,round1,Northern,V1-C-5,0.5969296932004949,NA,0.5720160985850817,NA,0.233362717625162,NA,0.9456445509682059,NA,0.233362717625162,4.932835820895522,6.595149253731343,1.6082089552238805,2.4300373134328357,11
{DE04D7A7-3171-46D6-9160-9676A210182B},ANO0926,2023,round1,Northern,V1-C-5,NA,0.47159184920315556,0.5307921604325494,NA,0.3560744571311613,NA,0.7302102639447787,NA,0.3560744571311613,5.959595959595959,6.191919191919191,1.9280303030303028,2.0277777777777777,12
{12D32895-D284-443F-9F2C-110BDA14A198},ANO0926,2023,round1,Northern,V1-C-5,0.8400545872814904,NA,0.5364752738790153,NA,0.5621481130522522,NA,0.9573143746073127,NA,0.5364752738790153,5.181063122923588,6.24750830564784,2.4651162790697674,2.451827242524917,18
{31BF8B17-7EDA-4DB0-AC5A-E4743A0FDF24},ANO0926,2023,round1,Northern,V1-C-5,0.7979560660746401,NA,0.5506228441795976,NA,0.5598772563308837,NA,0.8553348579028515,NA,0.5506228441795976,5.141078838174274,6.385892116182573,2.459197786998617,2.2614107883817427,17
{628BC01F-AB72-4984-8FDD-64E084A5808E},ANO1506,2023,round1,Central,V3-C-2,0.5787233613174045,NA,0.5188874526399999,NA,NA,0.6661612071937558,NA,0.5506756756756757,0.5188874526399999,4.81469298245614,5.128289473684211,2.0383771929824563,2.2083333333333335,11
{5ACA8D18-E4BE-46FC-9680-F4F07E38943F},ANO0224,2023,round1,Western,V1-C-6,0.5933256671073404,NA,0.41513316827604063,NA,0.4224447981202351,NA,0.7748402991848806,NA,0.41513316827604063,4.909090909090909,5.0606060606060606,2.101010101010101,2.111111111111111,9
{9F85700C-31A6-4443-A96E-65F50B9714A1},ANO1506,2023,round1,Central,V3-C-2,0.605939726370717,NA,0.6547257096600049,NA,0.5720784012637163,NA,NA,0.5832758512572898,0.5720784012637163,4.964037122969837,5.859628770301624,1.6241299303944314,1.8062645011600926,10
{D2A19E73-3A4E-424B-8803-6E1FC738970A},ANO0224,2023,round1,Western,V1-C-2,NA,0.9156157651417534,0.785847771113108,NA,NA,0.4703466494654357,NA,0.5163508884230107,0.4703466494654357,5.405405405405405,7.202702702702703,5.243243243243243,3.9324324324324325,10
{18C4A40D-AA03-4B0B-947D-BF1F0CCFC56D},ANO0224,2023,round1,Western,V1-C-2,NA,0.4936047914784367,0.633376709767425,NA,0.4273824466796735,NA,0.7439222202047864,NA,0.4273824466796735,5.911032028469751,6.9288256227758,2.1138790035587185,2.0533807829181496,10
{2F394AC8-8B91-463A-90CC-CE8DA8CE2803},ANO1506,2023,round1,Central,V3-C-2,0.6677483734629717,NA,0.5494969617204278,NA,NA,0.869023341022093,NA,0.5734384090548474,0.5494969617204278,5.0587084148727985,5.371819960861057,1.8845401174168297,1.927592954990215,10
{6DB5F091-6B55-4F8F-88BC-90FBC6513146},ANO1506,2023,round1,Central,V1-C-6,0.5608409476129871,NA,0.4884781773756108,NA,0.3772362355205616,NA,0.7039259083624168,NA,0.3772362355205616,4.695067264573991,5.778026905829596,1.9831838565022422,1.9786995515695067,16
{BB61C55E-455A-49F5-8E90-EE44AF9C0B51},ANO0224,2023,round1,Western,V1-C-6,0.5651419639691392,NA,0.47636827677531696,NA,0.408179143215921,NA,0.8634673195198348,NA,0.408179143215921,4.723404255319149,5.659574468085107,2.0638297872340425,2.276595744680851,12
{A8BCE75A-471B-448B-9989-6C215C2CBD49},ANO1421,2023,round1,Northern,V1-C-5,0.5821736395956063,NA,0.5244759006480728,NA,0.501948516253332,NA,NA,0.9650580409979389,0.501948516253332,4.835616438356165,6.13013698630137,2.308219178082192,2.5821917808219177,9
{A27910A6-86C7-4DE6-9B40-DDD8A08C09B7},ANO1421,2023,round1,Northern,V1-C-6,0.8597453390756862,NA,0.71225168870992694,NA,0.9481745002919431,NA,NA,0.552929484692745,0.552929484692745,5.1997649823736785,7.0705052878965935,3.5264394829612224,3.5734430082256172,10
{EDE0BB54-5DB3-4D25-96EF-8A72E4B12B73},ANO0403,2023,round1,Central,V1-C-5,0.9115752503133419,NA,0.5193130804128399,NA,0.4734219707847884,NA,0.8988926014382822,NA,0.4734219707847884,5.248991935483871,6.079637096774194,2.2338709677419355,2.342741935483871,20
{0C77B01F-A906-4440-AF30-969F7CE6D5F8},ANO0403,2023,round1,Central,V1-C-5,0.5944755230513469,NA,0.4795274923529745,NA,0.4430687414098533,NA,0.9767380776520084,NA,0.4430687414098533,4.916666666666667,5.690476190476191,2.1547619047619047,2.488095238095238,11
{CAA25382-F4CD-4F42-9C42-EB120C5AE6EF},ANO1097,2023,round1,Northern,V1-C-1,NA,NA,NA,NA,NA,NA,NA,NA,NA,NA,NA,NA,NA,NA
{80BBB0F3-7016-4F01-AF77-C44CEEBBB46F},ANO1097,2023,round1,Northern,V1-C-1,NA,0.4532776026321591,NA,0.9188363664833296,0.5232114472131352,NA,0.9100828302154926,NA,0.4532776026321591,6,7.7272727272727275,2.3636363636363638,2.3636363636363638,7
{DC17C693-63DA-483A-AA04-8D3B1EFF291A},ANO1097,2023,round1,Northern,V1-C-5,0.566201533169978,NA,0.5557257536634568,NA,0.3535844549592524,NA,0.9021303378772875,NA,0.3535844549592524,4.730385164051356,6.435805991440799,1.921540656205421,2.348787446504993,10
{08E497CE-5EBD-4CC5-A9CA-38F145E3D5AA},ANO1097,2023,round1,Northern,V1-C-5,0.592521103181505,NA,0.5373261287719826,NA,0.5512024969401352,NA,0.7348510936539049,NA,0.5373261287719826,4.903790087463557,6.255830903790088,2.436588921282799,2.0364431486880465,8
{15AB8827-0FA0-437D-BE11-4217BB69D2FB},ANO0403,2023,round1,Central,V1-C-3,NA,0.9552888785809855,0.5483228905813193,NA,NA,0.9497780899634162,0.988085843338294,NA,0.5483228905813193,5.371352785145888,6.363395225464191,3.7718832891246676,2.5092838196286467,23
{E06F49C9-9B1C-4F1A-933E-2D4276C0A0D3},ANO1097,2023,round1,Northern,V1-C-5,0.593055670037069,NA,0.5218054890727355,NA,0.5136919804426937,NA,0.9078264666699768,NA,0.5136919804426937,4.907312049433574,6.104016477857879,2.3388259526261588,2.3594232749742536,9
{F2F2D904-1233-4F30-B15C-32D833F949F9},ANO0146,2023,round2,Western,V1-C-6,NA,0.9661959141023588,0.5430907410464769,NA,0.34288894994586305,NA,0.7274503371803078,NA,0.34288894994586305,5.361990950226244,6.3122171945701355,1.8936651583710407,2.02262443438914,10
{66294FA6-9463-4B1A-BE71-D5C212C3C0E2},ANO1097,2023,round1,Northern,V1-C-1,0.7683374027514565,NA,0.579045993199145,NA,0.6043359922582541,NA,0.9204104416760119,NA,0.579045993199145,5.112947658402204,6.663911845730028,2.575757575757576,2.3829201101928374,10
{0BDC23A2-99EF-42BF-B6DE-3637473F4839},ANO0146,2023,round2,Western,V1-C-6,0.570613048666965,NA,0.5881106447634261,NA,0.38500691144297594,NA,0.8625666914781394,NA,0.38500691144297594,4.759450171821306,6.752577319587629,2.0034364261168385,2.274914089347079,9
{84934C21-BFBC-4494-A3D8-3C4550BECA89},ANO0403,2023,round1,Central,V1-C-5,0.5950293065620329,NA,0.5028458792169744,NA,0.4922097181459237,NA,NA,0.8212353952907812,0.4922097181459237,4.92031523642732,5.918563922942206,2.2828371278458843,2.7907180385288965,15
{801D86D4-28AC-4307-9AC1-157749185DE6},ANO1097,2023,round1,Northern,V1-C-1,NA,0.7791182335801722,0.7748221495202487,NA,0.4930532576983955,NA,0.6886191701382862,NA,0.4930532576983955,5.522565320665083,7.182897862232778,2.2850356294536818,1.9501187648456055,10
{6DB596C7-1AF5-4DA0-886B-239C75DD17CB},ANO1097,2023,round1,Northern,V1-C-5,0.5673408883385104,NA,0.5900073755102371,NA,0.19785640862323878,NA,0.4444255232708806,NA,0.19785640862323878,4.737891737891738,6.771130104463438,1.5156695156695157,1.5811965811965811,11
{C3603CF8-D524-49D1-B7A8-0FDE0066F7E3},ANO1097,2023,round1,Northern,V1-C-1,0.6494174465156278,NA,0.9677311088797167,NA,0.9066994243899799,NA,0.8098442483928037,NA,0.6494174465156278,5,7.529411764705882,3.411764705882353,2.176470588235294,3
{0CCE39FD-EE98-4A15-91E7-160E7C94BD81},ANO1097,2023,round1,Northern,V1-C-5,0.5854409406341532,NA,0.5465804364503903,NA,0.3213833932350639,NA,0.8689012710235606,NA,0.3213833932350639,4.857142857142858,6.3463514902363825,1.8376156217882837,2.2867420349434737,9
{8984D5CC-ADD8-444A-AF4D-7ADE48304421},ANO1097,2023,round1,Northern,V1-C-5,0.5990668682141831,NA,0.5064627555083592,NA,0.42861677806827797,NA,0.8992887659121593,NA,0.42861677806827797,4.946916471506636,5.953942232630758,2.117096018735363,2.3434816549570647,9
{5C373BE8-794A-4A47-98D1-C56E85B2C26F},ANO1097,2023,round1,Northern,V1-C-5,0.559779411126234,NA,0.5833919904172266,NA,0.34496754745918023,NA,0.8971293254085237,NA,0.34496754745918023,4.6880733944954125,6.706422018348624,1.8990825688073394,2.3394495412844036,6
{2C3538CE-407D-494C-8376-F34C170AF17F},ANO1097,2023,round1,Northern,V1-C-1,NA,NA,NA,NA,NA,NA,NA,NA,NA,NA,NA,NA,NA,NA
{8BCFE4D8-9B7D-45A6-BF22-3082AC53A85D},ANO0403,2023,round1,Central,V1-C-7,0.8247165452648858,NA,0.511486652180027,NA,0.7232049467543037,NA,0.9443090592401355,NA,0.511486652180027,5.166495375128469,6.003083247687565,2.904419321685509,2.4275436793422402,27
{7CDD9EEE-6175-482B-940E-32A95C62F7D8},ANO0403,2023,round1,Central,V3-C-2,0.679161997769874,NA,0.5482507137618855,NA,NA,0.5712883523159774,NA,0.5204633204633204,0.5204633204633204,5.076190476190476,5.3619047619047615,2.3714285714285714,2.580952380952381,12
{3BC57C2F-59D6-4A4E-897D-11A91958C0AF},ANO0403,2023,round1,Central,V1-C-5,0.5966044642546063,NA,0.5202814245824,NA,0.4558673995520386,NA,NA,0.9978456926793813,0.4558673995520386,4.930693069306931,6.089108910891089,2.1881188118811883,2.5346534653465347,11
{BDCDC134-5F72-47D2-8208-0052CA4BFDE0},ANO0403,2023,round1,Central,V1-C-2,NA,0.6272566967138282,0.9027123162020866,NA,0.8455595066748929,NA,NA,0.9798951992491697,0.6272566967138282,5.652912621359223,7.4126213592233,3.242718446601941,2.5606796116504853,10
{A2B999C0-CD7E-4F19-9626-97B3971C566F},ANO0403,2023,round1,Central,V1-C-2,NA,0.32515820227803965,NA,0.8782259224124688,0.9847908441052436,NA,0.8009397349978058,NA,0.32515820227803965,6.282651072124757,7.7972709551656925,3.6276803118908383,2.159844054580897,14
{8818B7EC-C195-4255-BDA8-DE5F332AE66B},ANO0801,2023,round1,Northern,V1-C-6,0.5081439163253958,NA,NA,0.4853098870298168,0.941726296757691,NA,NA,0.9464333731638069,0.4853098870298168,4.347876004592423,8.988518943742825,3.5086107921928824,2.6091954022988504,8
{32B17BDD-1F87-4292-ADF9-ABF2B6C698DF},ANO1472,2023,round1,Northern,V1-C-7,0.5507825161433596,NA,0.6524086649112409,NA,NA,0.5138762834318148,NA,0.5083893988990035,0.5083893988990035,4.6287978863936585,6.963011889035667,4.988110964332893,4.0105680317040955,30
{371FAE08-C3A9-444D-A25E-339420D41D55},ANO1472,2023,round1,Northern,V1-C-5,0.5734918929249668,NA,0.5657454252255829,NA,0.12642394585418587,NA,0.45880399608258565,NA,0.12642394585418587,4.77841726618705,6.533812949640288,1.3294964028776979,1.6,14
{42BE5F44-EDC6-4D7B-BD79-C08FB8AB9FA9},ANO1472,2023,round1,Northern,V1-C-5,0.5414316449223361,NA,0.5473905666554592,NA,0.43257016217528094,NA,0.8938537264918189,NA,0.43257016217528094,4.5671902268760904,6.354275741710297,2.1273996509598607,2.333333333333333,15
{B3C62658-C217-4630-91BC-02A12EA44A1C},ANO1472,2023,round1,Northern,V1-C-5,0.5435337399907297,NA,0.486316313555196,NA,0.36315461203610977,NA,0.9790192983261419,NA,0.36315461203610977,4.581039755351682,5.7568807339449535,1.9464831804281344,2.492354740061162,13
{7D351396-9AD8-435E-B866-AD823CDE57B0},ANO1472,2023,round1,Northern,V3-C-2,0.5874463313277339,NA,0.7949861845586805,NA,0.4660248962134391,NA,NA,0.587040692377771,0.4660248962134391,4.872191011235954,6.08005617977528,1.5084269662921348,1.7598314606741572,11
{796DBDC9-3892-43D2-8BA7-6A4FAFB4B22E},ANO1382,2023,round1,Central,V1-C-7,0.5682680063755512,NA,0.5250753016773849,NA,NA,0.7392972642148403,NA,0.4992768857124898,0.4992768857124898,4.744,6.136,4.2,4.1,21
{CC08C145-B967-4CFC-BAAF-0A304ACF0CF2},ANO0379,2023,round1,Northern,V6-C-3,NA,NA,NA,NA,NA,NA,NA,NA,NA,NA,NA,NA,NA,NA
{5A8F674B-7916-4773-92DE-4361F5EAE467},ANO0379,2023,round1,Northern,V6-C-5,NA,NA,NA,NA,NA,NA,NA,NA,NA,NA,NA,NA,NA,NA
{812FF8D7-6D28-4CBD-920A-18EBF855832E},ANO1542,2023,round1,Central,V1-C-6,0.5858932240238727,NA,0.570128635142221,NA,0.6659129714658879,NA,NA,0.9612382335217389,0.570128635142221,4.860122699386503,6.576687116564417,2.7460122699386504,2.5877300613496934,22
{A424499E-4E25-4A03-A801-A40EF05547E5},ANO1542,2023,round1,Central,V1-C-6,0.5921806628761779,NA,0.5353280634929369,NA,0.27575916969386155,NA,0.7221128313906674,NA,0.27575916969386155,4.901547116736991,6.236286919831223,1.718706047819972,2.0126582278481013,13
{111B36C4-6EDD-468E-AE8D-2F30AA1C24AE},ANO1542,2023,round1,Central,V1-C-3,NA,0.5911965884864283,0.83149538473811,NA,0.7532692948488717,NA,NA,0.9886110004233444,0.5911965884864283,5.695729537366548,7.284697508896796,2.987544483985765,2.5480427046263343,13
{0BB531D6-5DF4-4A86-94A8-29BC7F5A8BAF},ANO1542,2023,round1,Central,V1-C-1,0.592043135477487,NA,NA,0.5475077547473886,0.5816814444123808,NA,0.8938537264918192,NA,0.5475077547473886,4.9006410256410255,8.602564102564102,2.516025641025641,2.3333333333333335,10
{60D3F6AC-00C4-4BAF-835B-BFFF9DB3D69B},ANO1542,2023,round1,Central,V1-C-6,0.5948806324408722,NA,0.5684129377173163,NA,0.3427252208198021,NA,0.9847020544538772,NA,0.3427252208198021,4.919335705812574,6.559905100830368,1.893238434163701,2.5029655990510085,11
{ECE5945B-3829-41A5-8C87-0A320FA7532A},ANO1542,2023,round1,Central,V1-C-4,NA,0.49627905482587864,0.8452959064363019,NA,NA,0.49274308447108567,NA,0.6543660120643591,0.49274308447108567,5.905132192846034,7.309486780715397,5.111975116640746,3.032659409020218,14
{370DD5F8-9264-4DE3-8CF7-01C1E3FDDD42},ANO1063,2023,round1,Eastern,V1-C-6,0.792270062163055,NA,0.5942260943934775,NA,0.7135491546650922,NA,0.9324284303174346,NA,0.5942260943934775,5.135678391959799,6.8123953098827466,2.8777219430485763,2.4053601340033497,10
{42B68E4A-D889-4AF0-AA90-54356A81075C},ANO0804,2023,round1,Eastern,V1-C-1,0.5902593845899898,NA,0.5793276303553702,NA,0.22737090051731304,NA,0.6756624430957652,NA,0.22737090051731304,4.888888888888889,6.666666666666667,1.5925925925925926,1.9259259259259258,7
{819FD3D9-E563-4B27-AE97-C32B7216B2A2},ANO1245,2023,round1,Northern,V1-C-1,NA,0.47071135657954977,NA,0.7940808450409129,NA,0.512394670384527,NA,0.6083626546933302,0.47071135657954977,5.961538461538462,7.9423076923076925,4.996794871794872,3.0993589743589745,4
{011F8BA2-F873-4F5B-9293-E7DFD3EFDA2A},ANO1245,2023,round1,Northern,V1-C-6,0.5904812866142716,NA,NA,0.9024701004946463,NA,0.7610762115887738,NA,0.45684371322913775,0.45684371322913775,4.890350877192982,7.75548245614035,4.155701754385965,4.516447368421052,9
{9DB25E2D-48EA-4EE4-B5B9-454F4950CFC6},ANO1245,2023,round1,Northern,V1-C-5,0.5633672581878204,NA,0.5223553696367975,NA,0.31751819529287895,NA,0.877382397339434,NA,0.31751819529287895,4.711711711711712,6.109395109395109,1.8275418275418274,2.3025780189959293,15
{49F9D9F2-39C8-476D-AA8C-4F7DC248130D},ANO0944,2023,round1,Northern,V1-C-1,NA,0.4721641694084992,0.9629553805259502,NA,0.9612167116599992,NA,0.9942713057820485,NA,0.4721641694084992,5.958333333333333,7.520833333333333,3.5625,2.5208333333333335,2
{F4C52E77-C0A9-4031-A882-B4B7867FDF79},ANO0944,2023,round1,Northern,V1-C-6,0.8076082786032132,NA,0.5152003759955465,NA,NA,0.5181513690539612,NA,0.33285984485695536,0.33285984485695536,5.150246305418719,6.039408866995074,4.963054187192118,5.733249051833123,7
{C3E098AB-84A6-492C-A302-C2AF3F052C2E},ANO0944,2023,round1,Northern,V1-C-5,NA,0.38852365939899336,0.8956858354286126,NA,0.8921108262633685,NA,0.9601612074199706,NA,0.38852365939899336,6.142857142857143,7.4,3.3714285714285714,2.4571428571428573,3
{4356E7C1-94EA-409E-962B-04974000C29A},ANO0944,2023,round1,Northern,V1-C-5,NA,0.20629217576151915,0.7625466274175764,NA,0.599453314791242,NA,0.8368697413473498,NA,0.20629217576151915,6.544887780548628,7.160847880299251,2.5623441396508726,2.226932668329177,6
{DE4E35C5-5813-4579-AA72-C1345CF5E8D2},ANO0662,2023,round1,Northern,V1-C-7,NA,0.1273034969094573,0.7495979018349802,NA,0.48654953871337797,NA,0.8044633493393815,NA,0.1273034969094573,6.719148936170213,7.137588652482269,2.268085106382979,2.1664233576642338,13
{8A5D5CB2-1E30-432B-BD79-2E98D64DF9F1},ANO0662,2023,round1,Northern,V1-C-6,NA,0.21059557609829105,0.6058395966291772,NA,NA,0.3186078348738505,NA,0.6820258507745032,0.21059557609829105,6.535393818544367,6.879361914257228,6.132602193419741,2.9925558312655087,14
{394D5D7F-49EB-4177-9708-B57D3DA86925},ANO0662,2023,round1,Northern,V1-C-5,NA,0.7138010282402667,NA,0.8530149869234609,0.8255883384516585,NA,NA,0.7770107270379327,0.7138010282402667,5.578629032258064,7.840725806451612,3.1875,2.854838709677419,11
{3E14AB28-3283-48E7-9F44-FB29D9A665F1},ANO1063,2023,round1,Eastern,V1-C-6,0.4992171446900605,NA,NA,0.8421953982801378,0.8029836095836016,NA,NA,0.8600957525307462,0.4992171446900605,4.2890625,7.859375,3.125,2.734375,11
{188D7AB8-80D6-49D1-9B79-6A16D3E7FC4E},ANO1063,2023,round1,Eastern,V1-C-7,0.6703355263639269,NA,0.7946663039008448,NA,0.7290317151410847,NA,NA,0.6129449103979623,0.6129449103979623,5.0198675496688745,7.218543046357616,2.9205298013245033,3.0927152317880795,13
{C389EC75-72E6-4BBE-9DE1-F17275BB29B6},ANO1063,2023,round1,Eastern,V1-C-3,0.9732145535224566,NA,NA,0.5852061136974087,NA,0.8546482593842838,NA,0.5383117509199046,0.5383117509199046,5.307535641547862,8.368635437881872,3.9653767820773926,3.716904276985743,9
{BF5CDB30-E6F9-422E-83DB-FA095D48777C},ANO1249,2023,round1,Central,V1-C-5,0.6385630476940021,NA,0.520071559815686,NA,0.33666129470926903,NA,0.9785127624111877,NA,0.33666129470926903,4.989690721649485,6.087056128293241,1.8774341351660941,2.491408934707904,9
{8B391561-AD49-4B75-A1BD-64DB7A9D31B7},ANO1249,2023,round1,Central,V1-C-1,0.5855344018315725,NA,0.5759491984339266,NA,0.23484375877784971,NA,0.5174728978805024,NA,0.23484375877784971,4.857758620689656,6.633620689655173,1.6120689655172413,1.6767241379310345,11
{256D26D6-0B3C-4030-9456-3F8775B15B1B},ANO1249,2023,round1,Central,V1-C-5,0.9779747101376055,NA,0.4273054862195638,NA,0.47530193565587253,NA,0.687479379140426,NA,0.4273054862195638,5.3120567375886525,5.17966903073286,2.2387706855791962,1.947990543735225,12
{6D91280A-32A5-4DA6-A08E-958D61E37BA8},ANO1249,2023,round1,Central,V1-C-1,0.6773082196466929,NA,0.5793276303553702,NA,0.3591255614131071,NA,0.6562209560743228,NA,0.3591255614131071,5.026490066225166,6.666666666666667,1.93598233995585,1.8896247240618103,10
{52D4E2AC-5D89-4E1A-922D-40C6F797B54D},ANO1249,2023,round1,Central,V1-C-5,NA,0.564046405847735,0.4582462928212896,NA,0.41638210027411876,NA,0.7420255037135945,NA,0.41638210027411876,5.755627009646302,5.482315112540193,2.085209003215434,2.04983922829582,8
{51F59BD9-20B3-4081-942D-6EB497D8DBAC},ANO1249,2023,round1,Central,V1-C-5,0.7528696723686507,NA,0.3768572951076511,NA,0.44449479630647853,NA,0.6983586117475374,NA,0.3768572951076511,5.098256735340729,4.68621236133122,2.1584786053882725,1.9683042789223455,10
{E35F2939-5434-4AF5-85CC-DFBE3F52DBC2},ANO1249,2023,round1,Central,V1-C-5,NA,0.7951482683297898,0.4251425858772286,NA,0.4888085027388469,NA,0.6744591109866606,NA,0.4251425858772286,5.5088062622309195,5.158512720156556,2.2739726027397262,1.923679060665362,8
{FA598FBF-73C3-471E-9E57-DE3E2C6FEFD7},ANO1249,2023,round1,Central,V1-C-5,0.5934499758580437,NA,0.4614358391224808,NA,0.5115845261639544,NA,0.8668344619140278,NA,0.4614358391224808,4.90990990990991,5.513513513513513,2.3333333333333335,2.282882882882883,16
{8AE4C73B-C15C-450B-B180-96AA33E41C08},ANO1249,2023,round1,Central,V1-C-6,0.5342997286483414,NA,0.4629310170754143,NA,0.918518890464781,NA,NA,0.5959945979431568,0.4629310170754143,4.520202020202021,5.528138528138529,3.4444444444444446,3.1507936507936507,16
{70FCF1C3-CD10-4C59-AAC0-0FE1A90FAAE1},ANO1249,2023,round1,Central,V1-C-2,0.565729124451185,NA,0.6730004447615625,NA,NA,0.7929311076127539,NA,0.5915101190391808,0.565729124451185,4.7272727272727275,7,4.090909090909091,3.1948051948051948,10
{BE49B32F-B19E-4C86-8CD6-5AC9A4220994},ANO1249,2023,round1,Central,V1-C-6,0.5943212740832483,NA,0.5473274671291409,NA,0.7346180881289907,NA,NA,0.5703536349975928,0.5473274671291409,4.9156504065040645,6.353658536585366,2.935975609756097,3.402439024390244,13
{96B5C307-33C8-4BCD-97A0-F86CFDC72140},ANO0804,2023,round1,Eastern,V1-C-5,0.535168508694924,NA,0.3920243180574684,NA,0.6211411240227891,NA,0.7748402991848806,NA,0.3920243180574684,4.525925925925926,4.834567901234569,2.6222222222222222,2.111111111111111,10
{DC735C6F-D9AB-47F5-BA8D-CD26FF67D39A},ANO0804,2023,round1,Eastern,V1-C-1,0.6287728056195946,NA,0.6402525931928789,NA,NA,0.8472660470027966,NA,0.6498440820634523,0.6287728056195946,4.980392156862745,6.9411764705882355,3.9803921568627456,3.03921568627451,2
{B6F2B548-4577-41AE-96D6-A9AFAA73E95E},ANO0804,2023,round1,Eastern,V1-C-1,0.5464115445918761,NA,NA,0.38676774222155147,NA,0.7392972642148403,NA,0.5706021550999884,0.38676774222155147,4.6,9.6,4.2,3.4,3
{F30A1417-0D42-44CD-9C89-26D147B3550C},ANO0393,2023,round1,Eastern,V1-C-1,NA,NA,NA,NA,NA,NA,NA,NA,NA,NA,NA,NA,NA,NA
{E69BF63F-51CB-414A-A4B2-48D80DD4055E},ANO0393,2023,round1,Eastern,V1-C-5,0.4879380025820442,NA,0.4974219248004703,NA,0.19226034524491342,NA,0.9592982033297992,NA,0.19226034524491342,4.214750542299349,5.865509761388286,1.5010845986984815,2.455531453362256,5
{C0496399-C759-4772-AB34-BAC8B0DD4F0F},ANO0393,2023,round1,Eastern,V1-C-1,NA,0.4355020103720745,0.691193695633053,NA,0.4689524823169582,NA,0.6523264769571498,NA,0.4355020103720745,6.03921568627451,7.0326797385620905,2.2222222222222223,1.8823529411764706,6
{D4EFA02D-91CB-4A3E-9E80-629288F7C6C4},ANO0393,2023,round1,Eastern,V2-C-1,NA,0.5096340997942503,NA,0.42764342254692017,0.5721652131674696,NA,0.6179643680394415,NA,0.42764342254692017,5,8.920634920634921,3.5555555555555554,3.9841269841269846,6
{54D9EA81-42A9-4D40-AE3D-94F2447912A5},ANO0393,2023,round1,Eastern,V1-C-5,0.5524184245481277,NA,0.49455385114726774,NA,0.38911155214413845,NA,0.7929236114611999,NA,0.38911155214413845,4.639575971731449,5.837455830388692,2.0141342756183747,2.1448763250883394,9
{0D266DD4-EB85-42CF-99B7-5E2A97B1D535},ANO1412,2023,round1,Eastern,V1-C-2,0.5328670966502641,NA,0.5313782155717266,NA,0.2477831119874338,NA,0.7666886945748164,NA,0.2477831119874338,4.510763209393346,6.197651663405088,1.6457925636007826,2.095890410958904,7
{29F176A5-3B61-41F6-B5BD-6D94463EC79A},ANO1412,2023,round1,Eastern,V1-C-2,NA,NA,NA,NA,NA,NA,NA,NA,NA,NA,NA,NA,NA,NA
{69F01E23-951D-460D-9590-A760D3A15FC0},ANO1412,2023,round1,Eastern,V1-C-2,0.5897204796738764,NA,0.5286588824992116,NA,NA,0.8274604146875382,NA,0.45602971646518264,0.45602971646518264,4.885338345864661,6.171052631578947,4.0206766917293235,4.524436090225564,11
{A6C277DE-0C91-4E06-8625-14BCE006C3AF},ANO0078,2023,round1,Eastern,V1-C-6,0.5925808211517086,NA,0.575878430365162,NA,0.7719287998836262,NA,NA,0.984980616539637,0.575878430365162,4.904183535762483,6.632928475033738,3.0391363022941973,2.553306342780027,10
{B8613802-22D6-4306-83DE-0FBE12DA3EAE},ANO0078,2023,round1,Eastern,V1-C-7,0.5919660504917907,NA,0.4338491011065791,NA,NA,0.8323887620433094,NA,0.5655007091631993,0.4338491011065791,4.900133155792277,5.243675099866845,4.010652463382157,3.450066577896139,19
{4C605C78-CEA0-46A0-9C57-53B12AB8F9DB},ANO0799,2023,round1,Central,V1-C-5,0.5514866720107807,NA,0.8019174803761837,NA,0.2211288255615224,NA,0.9049764767074207,NA,0.2211288255615224,4.63343717549325,7.231568016614745,1.576323987538941,2.3541017653167184,16
{A9AE67C7-AAB8-40A2-8F0E-AF7C8FBDEE7C},ANO0799,2023,round1,Central,V1-C-5,0.596509883567666,NA,0.36657783932297333,NA,0.3917378015031678,NA,0.7424861244537111,NA,0.36657783932297333,4.93006993006993,4.585664335664336,2.020979020979021,2.0506993006993004,12
{515673CC-B34E-4438-ADCD-3D6AFB7BB939},ANO0078,2023,round1,Eastern,V1-C-2,NA,0.572341304706044,NA,0.49435175449080765,NA,0.7092397928379759,NA,0.5058662950634085,0.49435175449080765,5.7373271889400925,8.93241167434716,4.261136712749616,4.035330261136713,7
{978B94FE-FB2A-478A-B081-66863DE5F369},ANO0078,2023,round1,Eastern,V1-C-6,0.5994249029842441,NA,0.5887731895459469,NA,0.8239503146206397,NA,NA,0.8393232366064926,0.5887731895459469,4.94927536231884,6.759057971014493,3.1829710144927534,2.764492753623188,13
{B5ED4A8C-DD26-4E94-991A-BF69648DB66C},ANO0078,2023,round1,Eastern,V1-C-6,0.8913828960237951,NA,NA,0.901146445551637,0.804949238180824,NA,NA,0.5461730921154502,0.5461730921154502,5.229813664596273,7.75776397515528,3.130434782608696,3.639751552795031,15
{503CA376-33A3-4A94-82B8-89B85D5E0A0E},ANO0169,2023,round1,Central,V1-C-5,0.7585739533005595,NA,0.4196704093912918,NA,0.4249776969314739,NA,0.8559006256577166,NA,0.4196704093912918,5.103674540682414,5.10498687664042,2.1076115485564304,2.2624671916010497,10
{9828C53C-C838-4A7C-BF2E-2834306092DE},ANO0169,2023,round1,Central,V1-C-1,NA,0.8391776894467461,0.6608979778774835,NA,0.6332843406900736,NA,0.8987048172787867,NA,0.6332843406900736,5.471014492753623,6.978260869565217,2.655797101449275,2.342391304347826,11
{0BC7DACF-7586-44B4-815F-F7CF179BE11D},ANO0169,2023,round1,Central,V1-C-1,0.7387409198509927,NA,0.8870437128666246,NA,0.9203323464509868,NA,0.9299444409098077,NA,0.7387409198509927,5.084837545126354,7.38447653429603,3.449458483754513,2.4007220216606497,11
{DA1E723B-1AB8-45DE-9748-DE0778EA65B1},ANO0169,2023,round1,Central,V1-C-1,NA,NA,NA,NA,NA,NA,NA,NA,NA,NA,NA,NA,NA,NA
{03DEE640-5082-4349-A140-B8FB69135681},ANO0169,2023,round1,Central,V1-C-5,0.6344421763689425,NA,0.46061356322629954,NA,0.3228187915372655,NA,0.780374293343026,NA,0.3228187915372655,4.985776805251641,5.505470459518599,1.8413566739606126,2.1214442013129102,13
{C015BE3A-4991-4F9B-B05C-15F3DF0E0F62},ANO0169,2023,round1,Central,V1-C-5,0.6511101743061389,NA,0.46679321076487174,NA,0.2603159204676714,NA,0.7153335855314115,NA,0.2603159204676714,5.001607717041801,5.565916398713826,1.6784565916398715,2,8
{FA2AAB59-A8AC-4B6A-8644-B39389BA2A2B},ANO0288,2023,round1,Eastern,V1-C-5,0.6472285136971295,NA,0.5388023271190645,NA,0.3270524777451475,NA,0.603990462271282,NA,0.3270524777451475,4.997920997920998,6.27027027027027,1.8523908523908523,1.792099792099792,4
{F5D528A2-15B2-4205-B596-4836E6C6F6AF},ANO0288,2023,round1,Eastern,V1-C-5,0.5833617490641688,NA,0.539180832441944,NA,0.27856828650708476,NA,0.735246791078854,NA,0.27856828650708476,4.843444227005871,6.273972602739726,1.726027397260274,2.0371819960861055,6
{135215FA-DAC6-4B62-BEA0-62D2C85A18AD},ANO0728,2023,round1,Northern,V1-C-7,NA,0.8389656938136318,0.5412225807264697,NA,0.9062908933616928,NA,NA,0.5741842218048258,0.5412225807264697,5.471196454948301,6.293943870014771,3.4106351550960117,3.364844903988183,19
{6843B9EF-19B2-48F5-8E30-4B62EFF435A1},ANO0728,2023,round1,Northern,V1-C-6,NA,0.6135684487441937,0.586194494793019,NA,0.9568317341803312,NA,NA,0.9239039526090358,0.586194494793019,5.6646616541353385,6.733834586466165,3.550375939849624,2.641860465116279,12
{B4B2D78B-F24F-44F9-9D0F-216085B3DB8B},ANO0728,2023,round1,Northern,V1-C-6,NA,0.6190441617602622,0.57697741684480075,NA,0.5193023961707381,NA,0.8599964583786383,NA,0.5193023961707381,5.659961685823754,6.64367816091954,2.353448275862069,2.2701149425287355,10
{55D7A86C-2827-4A65-B4B5-299E0624CD0C},ANO0728,2023,round1,Northern,V1-C-6,0.703970642665768,NA,0.5932766955178433,NA,0.7966589704184458,NA,0.9595269389694819,NA,0.5932766955178433,5.051813471502591,6.803108808290156,3.1075129533678756,2.4559585492227978,7
{F36E0057-5405-4F3B-97E5-8A0AEF2D23BC},ANO1412,2023,round1,Eastern,V1-C-2,0.5858213441043506,NA,NA,0.8013231068048646,NA,0.7513727201845463,NA,0.5291298180125206,0.5291298180125206,4.859649122807017,7.9298245614035086,4.175438596491228,3.807017543859649,9
{B1F275AE-39BF-4756-8ED8-3C59CBD66B3A},ANO1412,2023,round1,Eastern,V1-C-3,0.5752686700607201,NA,0.6798734506463481,NA,NA,0.6312570735017597,NA,0.42015238051895076,0.42015238051895076,4.790123456790123,7.012345679012346,4.419753086419753,4.8765432098765435,14
{522AC16E-0F1E-469E-A771-9E6CAA69FD93},ANO0799,2023,round1,Central,V1-C-2,NA,0.5308037029444179,0.9079719259481739,NA,0.4106788885895467,NA,0.7973297330346055,NA,0.4106788885895467,5.82896551724138,7.422068965517242,2.0703448275862066,2.153103448275862,14
{44657E0E-C2E4-4A9E-A301-7974E65EA952},ANO0799,2023,round1,Central,V1-C-4,0.6096620539984186,NA,0.6987679382005028,NA,NA,0.6699521670566372,NA,0.5947288862100104,0.5947288862100104,4.962241169305725,7.046285018270402,4.341047503045067,3.1632155907429964,19
{232E7C2F-206E-4282-998D-7A892D55835D},ANO0799,2023,round1,Central,V1-C-8,0.5938049489267799,NA,0.5808851301681333,NA,0.8668719291997182,NA,NA,0.7260664693256185,0.5808851301681333,4.912248628884826,6.681901279707495,3.3016453382084094,2.9287020109689212,21
{330E1B72-F232-48C8-ACCF-AF4ED9F62416},ANO1004,2023,round1,Eastern,V1-C-1,0.527875459745839,NA,NA,0.6168524278252493,0.8441922303519175,NA,0.9428282784367096,NA,0.527875459745839,4.47787610619469,8.247787610619469,3.238938053097345,2.4247787610619467,6
{963BE9A2-8DA3-493B-B857-9DEFBCFA9BBC},ANO1004,2023,round1,Eastern,V1-C-1,0.5002359211052387,NA,NA,0.4675713315589179,NA,0.8237768626185961,NA,0.575481549786457,0.4675713315589179,4.295774647887324,9.098591549295774,4.028169014084507,3.352112676056338,4
{B732D34B-E988-42B9-9544-2DCC13690BE0},ANO1004,2023,round1,Eastern,V1-C-1,0.5996715169325283,NA,0.6392878447014938,NA,NA,0.6686486472567053,NA,0.5076317980255917,0.5076317980255917,4.950900163666121,6.939443535188216,4.343698854337152,4.018003273322422,6
{FA9E8E08-9B65-4493-9984-636F1BC8A435},ANO1004,2023,round1,Eastern,V1-C-1,0.5733948307445614,NA,0.5906869956564559,NA,0.1705281753879848,NA,0.33985481191302636,NA,0.1705281753879848,4.777777777777778,6.777777777777778,1.4444444444444444,1.4444444444444444,3
{550B7442-ABE1-4749-B902-F66319FAE93B},ANO1004,2023,round1,Eastern,V1-C-2,0.5250801629711723,NA,NA,0.5153999567892293,NA,0.9837902800647879,NA,0.9378628854046599,0.5153999567892293,4.45945945945946,8.801801801801803,3.702702702702703,2.621621621621622,4
{DCBC22EC-B109-4ECC-920B-DC636666AE4A},ANO1004,2023,round1,Eastern,V1-C-6,0.5229959100148059,NA,0.5376154113513836,NA,0.18076774250135116,NA,0.7388339274130356,NA,0.18076774250135116,4.4457274826789845,6.258660508083142,1.471131639722864,2.043879907621247,8
{00C5027D-3190-4ACB-8E9C-037A1F78D757},ANO1004,2023,round1,Eastern,V1-C-5,0.5912156221791635,NA,0.5549108503009746,NA,0.20568862392158993,NA,0.7512216551059262,NA,0.20568862392158993,4.895189003436426,6.427835051546392,1.5360824742268042,2.0670103092783503,6
{1B8ACC73-49AC-4878-B43C-4093EA6F1D34},ANO1004,2023,round1,Eastern,V1-C-1,0.4655984257595942,NA,NA,0.34843940740680324,NA,0.890776632730569,NA,0.7328139657670746,0.34843940740680324,4.0675675675675675,9.837837837837837,3.8918918918918917,2.918918918918919,5
{6D7F4551-FF91-4D26-B455-FD66CEAA8A99},ANO1004,2023,round1,Eastern,V1-C-1,0.48063978459470597,NA,NA,0.32230645185129286,NA,0.837625977111015,NA,0.5943772448958212,0.32230645185129286,4.166666666666667,10,4,3.1666666666666665,2
{7EE2123E-27F8-4462-BF36-2A6185B6E39D},ANO1004,2023,round1,Eastern,V1-C-2,0.655108671843723,NA,0.5376970915762561,NA,0.7167190767141524,NA,NA,0.5623405408852201,0.5376970915762561,5.005405405405405,6.2594594594594595,2.8864864864864863,3.4810810810810815,12
{AA67561B-A25B-4F5C-842E-DD482781AD21},ANO1004,2023,round1,Eastern,V1-C-7,0.5724116953185948,NA,NA,0.716382111116935,NA,0.9313248627183561,NA,0.652148573410666,0.5724116953185948,4.771300448430494,8.076233183856502,3.8094170403587446,3.0358744394618835,12
{DE505314-2E09-4BF3-B46D-AB42508A5305},ANO1004,2023,round1,Eastern,V1-C-2,0.5952039658221571,NA,0.9673881994392068,NA,0.9878453189653018,NA,NA,0.620920302575979,0.5952039658221571,4.921465968586387,7.528795811518324,3.636125654450262,3.081151832460733,7
{2B3C8E14-58A5-423D-A3C7-A5C0574FEAD2},ANO1004,2023,round1,Eastern,V1-C-2,0.5870224260783913,NA,0.598100017158124,NA,NA,0.5930623224705591,NA,0.4153958655855413,0.4153958655855413,4.867562380038388,6.850287907869481,4.523992322456813,4.923224568138195,6
{DFFFBEA4-4963-4B76-A225-FA66D87A528E},ANO1004,2023,round1,Eastern,V1-C-1,0.488574504804589,NA,NA,0.4061361578840437,NA,0.7765522423928943,NA,0.5623114627399508,0.4061361578840437,4.218944099378882,9.479813664596273,4.124223602484472,3.4813664596273286,8
{18F8CFD9-0396-4DDE-8EED-BAA8FDE1BD1A},ANO0266,2023,round1,Central,V1-C-1,0.733535424068041,NA,NA,0.978461005291637,0.08736446801668071,NA,0.5600137546502932,NA,0.08736446801668071,5.079893475366179,7.624500665778962,1.2276964047936088,1.7323568575233024,11
{888D14D1-1424-4660-8CA1-4877F37FD3C6},ANO0358,2023,round1,Southern,V1-C-5,0.5962824395347855,NA,0.39141127294598116,NA,0.328875766819685,NA,0.7382861750834637,NA,0.328875766819685,4.928571428571429,4.828571428571428,1.8571428571428572,2.0428571428571427,11
{A1429AA7-EA3C-41BC-84AC-BA36072E716A},ANO0358,2023,round1,Southern,V1-C-5,NA,0.30705902113791433,0.6370834462668772,NA,0.42081952958647856,NA,0.749885870878587,NA,0.30705902113791433,6.32258064516129,6.935483870967742,2.096774193548387,2.064516129032258,6
{FBD8C4F4-2FA4-433E-BD9E-CC6FDECB9280},ANO0358,2023,round1,Southern,V1-C-5,0.5496069337415362,NA,0.8605249842706573,NA,0.34733896776394796,NA,0.9182827984127169,NA,0.34733896776394796,4.621052631578947,7.336842105263158,1.9052631578947368,2.3789473684210525,8
{F09376B8-7311-4193-83D2-83D2482B1916},ANO0266,2023,round1,Central,V1-C-2,0.5424445415850538,NA,0.48619374325612774,NA,0.45944505208403424,NA,0.9952856247647779,NA,0.45944505208403424,4.573863636363636,5.7556818181818175,2.1974431818181817,2.5227272727272725,18
{43705474-8BE3-43D2-AFD1-7398E8817164},ANO0266,2023,round1,Central,V1-C-2,0.5925296129922588,NA,0.5467389617206122,NA,0.6844273392965904,NA,0.9308379788023415,NA,0.5467389617206122,4.903846153846153,6.347902097902098,2.797202797202797,2.4023904382470116,15
{05107A08-35FA-49C8-AB6C-03B7C6115015},ANO0266,2023,round1,Central,V1-C-1,0.5972520044771185,NA,NA,0.9705065427909632,0.32753887345862925,NA,0.7131565106416503,NA,0.32753887345862925,4.934959349593496,7.638211382113821,1.8536585365853657,1.9959349593495934,10
{44793799-76EC-43BC-A9C4-0CA74EC97C50},ANO1166,2023,round1,Central,V1-C-5,0.928843318516079,NA,0.5618544665323625,NA,0.6402871533994985,NA,0.8267665397614747,NA,0.5618544665323625,5.265392781316348,6.495753715498938,2.6751592356687897,2.208067940552017,16
{D025D3E7-B751-4266-8F47-9D293EB979BC},ANO1166,2023,round1,Central,V1-C-5,NA,0.9060438547753054,0.7349602503043051,NA,0.18929477276249307,NA,0.5754103273128772,NA,0.18929477276249307,5.413621262458471,7.111295681063123,1.4933554817275747,1.7524916943521593,11
{D5C1D335-5E85-436E-8AD0-54E9E27AE404},ANO1064,2023,round1,Central,V1-C-5,0.491088475564156,NA,0.4498679073315838,NA,0.36283576448041327,NA,NA,0.9130422404880555,0.36283576448041327,4.2355072463768115,5.40036231884058,1.9456521739130435,2.6576086956521734,7
{4D2A6E0D-AAC8-4B40-B515-2EE34A737363},ANO0238,2023,round1,Eastern,V1-C-5,0.486083406405572,NA,NA,0.4916193347858328,NA,0.9309760209997884,NA,0.6594305204192159,0.486083406405572,4.2025316455696204,8.949367088607595,3.810126582278481,3.0253164556962027,9
{07D33E13-9124-4AC0-A0D0-2743B677A8B0},ANO0238,2023,round1,Eastern,V2-C-1,NA,0.67215270599711,0.2294282158327149,NA,0.30949601684122713,NA,0.221209039316848,NA,0.221209039316848,4.602941176470588,3.1029411764705883,2.3823529411764706,2.088235294117647,7
{201510E6-1FE3-4F3D-B756-E5641F2C0C9B},ANO0238,2023,round1,Eastern,V1-C-1,NA,0.6759576790572085,NA,0.8411881693073362,NA,0.8171408285909785,NA,0.8972155616886237,0.6759576790572085,5.611111111111111,7.861111111111111,4.041666666666667,2.6805555555555554,12
{3E51956B-257C-4530-98A5-035687EA64B0},ANO1074,2023,round1,Central,V1-C-6,0.5834964416773561,NA,0.567910603301487,NA,0.7938805208008646,NA,NA,0.9348033952947009,0.567910603301487,4.844331641285956,6.554991539763113,3.099830795262267,2.626057529610829,14
{E98021CD-8DD9-4053-B723-B0FE26453EBF},ANO1074,2023,round1,Central,V1-C-2,0.7478639195047939,NA,0.7868135010058157,NA,0.4700334850135539,NA,0.8961170563296688,NA,0.4700334850135539,5.09350237717908,7.204437400950872,2.225039619651347,2.3375594294770203,10
{FDBD3959-0195-4559-905F-E2A5B2894BB4},ANO1064,2023,round1,Central,V2-C-1,0.43376422674586473,NA,0.5032618927943423,NA,0.3647252305534571,NA,0.9215605386467804,NA,0.3647252305534571,3.306451612903226,5.612903225806452,2.629032258064516,4.532258064516129,11
{02ED8573-6567-4BDE-8EFF-509DE3D50757},ANO1074,2023,round1,Central,V1-C-5,0.5306541293958424,NA,0.4947827359388927,NA,0.49205839921113165,NA,NA,0.68742145683967,0.49205839921113165,4.4961832061068705,5.8396946564885495,2.282442748091603,2.984732824427481,13
{9F148F14-5575-4E3E-A7BA-6861D4488E18},ANO1074,2023,round1,Central,V1-C-6,0.5823770387709309,NA,0.512282680806571,NA,0.6044551212641462,NA,NA,0.8718095773000623,0.512282680806571,4.836956521739131,6.010869565217392,2.5760869565217392,2.717391304347826,17
{819772CB-FAEA-4FCA-B59D-32A3707008DE},ANO0717,2023,round1,Central,V6-C-7,NA,NA,NA,NA,NA,NA,NA,NA,NA,NA,NA,NA,NA,NA
{B470AD8D-EACA-4CF4-8E11-CA9D0226210A},ANO0717,2023,round1,Central,V6-C-7,NA,NA,NA,NA,NA,NA,NA,NA,NA,NA,NA,NA,NA,NA
{C553D075-2C36-4ADA-9B05-581208C9B5DD},ANO0717,2023,round1,Central,V6-C-1,NA,NA,NA,NA,NA,NA,NA,NA,NA,NA,NA,NA,NA,NA
{DB3E0483-306D-4DF4-BAFB-C2EFC8CF8C2B},ANO1394,2023,round1,Central,V1-C-6,NA,0.876946385135795,0.5452495344521131,NA,0.5115845261639544,NA,0.875062132706513,NA,0.5115845261639544,5.43859649122807,6.333333333333333,2.3333333333333335,2.2982456140350878,18
{23860238-2555-4E8A-81D2-75F42F148EE4},ANO1394,2023,round1,Central,V1-C-1,0.8019720256784775,NA,0.6597768467409536,NA,0.3016647473163935,NA,0.3087754526288185,NA,0.3016647473163935,5.144893111638955,6.976247030878859,1.7862232779097387,1.4038004750593824,10
{1FBB62AA-FD1D-4770-AF06-020617C87832},ANO1394,2023,round1,Central,V1-C-5,0.5664769584976589,NA,0.48716104791776205,NA,0.4770620847065568,NA,0.835422054424013,NA,0.4770620847065568,4.732199787460149,5.765143464399575,2.2433581296493093,2.22422954303932,16
{1258E116-FA2F-4E2D-B2D1-533F6D194B3F},ANO1394,2023,round1,Central,V1-C-6,0.5908110288746533,NA,0.49875045032243515,NA,0.6890445089340194,NA,0.841298731723101,NA,0.49875045032243515,4.892523364485982,5.878504672897195,2.809968847352025,2.235202492211838,21
{424FA933-D252-4726-9773-0D5D86FF8F25},ANO1394,2023,round1,Central,V1-C-6,0.562196766991197,NA,0.5986839888284202,NA,0.5248857238442172,NA,NA,0.8369042536994635,0.5248857238442172,4.704,6.856,2.368,2.768,12
{44E6BCFA-8E0A-4497-AA3A-E35A2A3BEE15},ANO1119,2023,round1,Central,V1-C-5,0.5192861624200942,NA,0.42095137977171865,NA,0.48747993374492105,NA,0.9077078394266623,NA,0.42095137977171865,4.421286031042128,5.117516629711751,2.270509977827051,2.3592017738359203,11
{11883444-9B2E-4A8E-A46D-C6F069BC4236},ANO1119,2023,round1,Central,V1-C-5,0.5605526301144402,NA,0.7608297758631634,NA,0.3403149239264566,NA,0.8098051135427575,NA,0.3403149239264566,4.693167701863354,7.15776397515528,1.8869565217391304,2.1763975155279502,11
{1C72911F-DD39-428E-B96A-FB7233AAE7F5},ANO1119,2023,round1,Central,V1-C-5,0.5152565003826902,NA,0.5680056313875117,NA,0.7296173843100839,NA,NA,0.6080717850904216,0.5152565003826902,4.394736842105263,6.555921052631579,2.9221491228070176,3.0997807017543857,15
{A417A316-C4CB-419B-8A05-C73AC3AE59CB},ANO0471,2023,round1,Southern,V1-C-6,0.5897064483983363,NA,0.4441325613621208,NA,0.3962683419876532,NA,0.7416726227222912,NA,0.3962683419876532,4.885245901639344,5.344262295081967,2.0327868852459017,2.0491803278688523,13
{871016BC-5E85-4C63-AD8B-404C2CCA46A5},ANO0521,2023,round1,Southern,V1-C-5,NA,0.4532776026321591,NA,0.8766426291499596,NA,0.5118478244182683,NA,0.6079205328969088,0.4532776026321591,6,7.8,5,3.1,5
{7D0CD6DB-F344-44B2-93BD-7DFA864D7B19},ANO0521,2023,round1,Southern,V1-C-5,NA,0.6112325025234254,NA,0.8895351600018226,NA,0.5497624780788807,NA,0.5660735665674487,0.5497624780788807,5.666666666666667,7.777777777777778,4.777777777777778,3.4444444444444446,3
{2EEAC4D8-BADF-4172-AF60-895C70D5E798},ANO0521,2023,round1,Southern,V1-C-5,0.5747439950521958,NA,0.5288920484185496,NA,0.37345670409968673,NA,0.9938250054296474,NA,0.37345670409968673,4.786666666666667,6.173333333333333,1.9733333333333334,2.52,6
{1C43B0A8-82F2-44F4-AF88-3D802F67B8C8},ANO0521,2023,round1,Southern,V1-C-5,NA,0.22663880131607955,0.8585716036507707,NA,NA,0.6020467691305966,NA,0.5289776817796245,0.22663880131607955,6.5,7.333333333333333,4.479166666666667,3.8085106382978724,5
{143EEBB7-ECE7-43F5-A4BE-6A5FD228E6E9},ANO1428,2023,round1,Eastern,V1-C-5,0.5302965264729115,NA,0.5376766242513893,NA,0.13263302530176593,NA,0.6492150148053345,NA,0.13263302530176593,4.493827160493828,6.2592592592592595,1.345679012345679,1.876543209876543,7
{81762FB1-6373-4903-9EDD-F87F1B2D041C},ANO1428,2023,round1,Eastern,V1-C-1,NA,0.9861921458915435,0.5570006020049604,NA,0.3175352231362476,NA,0.39552068627809095,NA,0.3175352231362476,5.344827586206897,6.448275862068965,1.8275862068965518,1.5172413793103448,8
{B2D04EF7-D224-48A5-9D49-276BA68C362C},ANO1428,2023,round1,Eastern,V1-C-5,0.5900872973058526,NA,0.5247331297756624,NA,0.3601972684215597,NA,0.9557892856005319,NA,0.3601972684215597,4.887755102040816,6.13265306122449,1.9387755102040816,2.4489795918367347,8
{6F9CC3CF-11E3-4B44-9E01-3ACF9D259A8A},ANO0214,2023,round1,Western,V1-C-1,0.6685606589828591,NA,NA,0.8239004574832469,NA,0.5273583645521551,NA,0.6258019033299509,0.5273583645521551,5.0181818181818185,7.890909090909091,4.909090909090909,3.074074074074074,6
{DFE5EA88-8EDE-4389-8BA4-C8A726E94D27},ANO1026,2023,round1,Central,V6-C-7,NA,NA,NA,NA,NA,NA,NA,NA,NA,NA,NA,NA,NA,NA
{F2710E08-053A-47A2-9A2C-CDC2B351507D},ANO1026,2023,round1,Central,V6-C-2,NA,NA,NA,NA,NA,NA,NA,NA,NA,NA,NA,NA,NA,NA
{8DCCD4A9-D4E6-445E-8149-F2C1004209E3},ANO1026,2023,round1,Central,V4-C-2,NA,NA,NA,NA,NA,NA,NA,NA,NA,NA,NA,NA,NA,NA
{A4A6CAB5-BAAA-47AD-809B-D18AC657953C},ANO1043,2023,round1,Eastern,V1-C-5,0.45866662502237787,NA,0.4604274125323274,NA,0.6917749434735997,NA,NA,0.5793783613437056,0.45866662502237787,4.021897810218978,5.503649635036497,2.817518248175183,3.3138686131386863,11
{56A9D424-2A07-4907-9ADE-6AD1FDF7A81D},ANO1043,2023,round1,Eastern,V1-C-5,NA,0.8998718032821841,0.8008940812933142,NA,0.37850341631725,NA,0.708096282519503,NA,0.37850341631725,5.418918918918919,7.22972972972973,1.9864864864864864,1.9864864864864864,6
{9D967F06-5077-4D30-A63D-BA6FE8B707EE},ANO1043,2023,round1,Eastern,V1-C-5,0.5993402981990665,NA,0.48364682262699454,NA,0.20168236127617428,NA,0.39214016759195347,NA,0.20168236127617428,4.948717948717949,5.730769230769231,1.5256410256410255,1.5128205128205128,7
{21DBA701-7B46-4821-A6E9-152832EA1D14},ANO0453,2023,round1,Central,V1-C-1,NA,0.5840496658644306,NA,0.6272099118663004,NA,0.7971000433794032,NA,0.8878440501469804,0.5840496658644306,5.711496746203904,8.22993492407809,4.082429501084598,2.6941431670281997,8
{B5D2E21C-4081-4D90-B04F-DFE66375FD13},ANO0453,2023,round1,Central,V1-C-5,0.6388018245700047,NA,0.4784677113163079,NA,0.37348952803812074,NA,0.9661781099056599,NA,0.37348952803812074,4.989917506874427,5.680109990834098,1.9734188817598535,2.468377635197067,11
{740AACE2-2D40-48E8-A6B5-EEEF32A80D9E},ANO0453,2023,round1,Central,V1-C-5,0.869915181740277,NA,0.47892214098595703,NA,0.6380045936565274,NA,0.7917420751833134,NA,0.47892214098595703,5.209424083769633,5.68455497382199,2.668848167539267,2.1426701570680624,14
{5ECD3A29-CB8F-4535-9697-37959BAFA459},ANO0453,2023,round1,Central,V1-C-5,0.7019331936124723,NA,NA,0.8509516735108459,0.18017484224387442,NA,0.8000329224834296,NA,0.18017484224387442,5.049878345498784,7.844282238442822,1.4695863746958637,2.1581508515815084,8
{63A811E2-99C5-4576-963E-03947755854F},ANO0453,2023,round1,Central,V1-C-4,0.5615545897075864,NA,NA,0.7137143870682159,NA,0.8728244771084909,NA,0.7421989467624541,0.5615545897075864,4.699769053117783,8.080831408775982,3.928406466512702,2.905311778290993,16
{3CD06623-7D5B-4C3E-A2BF-2A8B152174CC},ANO0453,2023,round1,Central,V1-C-5,NA,0.8423174303134582,0.5511639147328438,NA,0.5348383682623161,NA,0.7610701505708548,NA,0.5348383682623161,5.46831955922865,6.3911845730027554,2.3939393939393945,2.0853994490358128,12
{DCA28FEE-0B0E-4F11-81E6-7DB6C6840BC0},ANO0453,2023,round1,Central,V3-C-2,0.5784235509871176,NA,0.666069791206225,NA,0.6027538736968264,NA,NA,0.5741290423371348,0.5741290423371348,4.81271676300578,5.877456647398843,1.6554913294797686,1.9190751445086704,12
{C1EB7735-5B8C-4824-86AE-875787D2B52A},ANO1064,2023,round1,Central,V1-C-2,0.5853959551615363,NA,0.7630910073758251,NA,0.9963900449609174,NA,NA,0.9072718451494112,0.5853959551615363,4.856846473029045,7.161825726141078,3.659751037344398,2.6659751037344397,15
{B73D5140-EECD-49E2-A497-36EBB819CBC7},ANO1064,2023,round1,Central,V1-C-7,0.52014831804158,NA,0.5777960305394935,NA,0.8756235248225257,NA,NA,0.5254943603348609,0.52014831804158,4.426966292134831,6.651685393258427,3.3258426966292136,3.842696629213483,14
{F862E3ED-B0B9-4BB3-98C9-5AAB79D70C11},ANO1064,2023,round1,Central,V1-C-6,0.5811043410739001,NA,0.6252821467614806,NA,0.7887749228665374,NA,0.8989543019478308,NA,0.5811043410739001,4.828571428571428,6.914285714285715,3.085714285714286,2.342857142857143,13
{A435C356-2675-4A4B-B8E6-959B02A02B5D},ANO1064,2023,round1,Central,V1-C-2,NA,0.6632795516949213,0.6730004447615621,NA,0.5748733335244436,NA,0.8460029670591322,NA,0.5748733335244436,5.621993127147766,6.999999999999999,2.4982817869415808,2.2439862542955322,12
{75BD37B0-060F-4890-BBBA-247424DB23AD},ANO1064,2023,round1,Central,V1-C-2,0.6100439416488166,NA,NA,0.9791757484732259,0.3491458106195132,NA,0.8718477811379738,NA,0.3491458106195132,4.962603878116344,7.623268698060941,1.9099722991689752,2.2922437673130194,17
{EC8E982E-ED02-40E4-B608-9C4E0E12A2AA},ANO0846,2023,round1,Southern,V1-C-5,NA,0.29401790441004894,0.8535561669240355,NA,0.7479991339585985,NA,0.8890288578172134,NA,0.29401790441004894,6.351351351351352,7.324324324324325,2.972972972972973,2.324324324324324,2
{C0EA92C6-077F-45E7-9FA6-64E3578A5782},ANO1069,2023,round1,Central,V3-C-1,NA,0.46977375565611046,NA,0.8860615313532691,NA,0.8790677928055017,NA,0.5563409563409564,0.46977375565611046,6.107692307692307,6.615384615384615,1.876923076923077,2.1384615384615384,8
{4AADBB9C-CA4D-4A32-9B2F-518CEA9FA0FC},ANO1069,2023,round1,Central,V3-C-2,0.5869945345213756,NA,0.6321018509045881,NA,0.8319082579978027,NA,NA,0.5713213213213213,0.5713213213213213,4.869212962962963,5.8240740740740735,1.730324074074074,1.9537037037037037,13
{B0FF83BD-342C-4CC6-8B45-4B833DAEF4FC},ANO1069,2023,round1,Central,V3-C-2,0.621175649901761,NA,0.8452768843122577,NA,0.3877038975557701,NA,NA,0.5994062244062244,0.3877038975557701,4.987373737373737,6.159090909090909,1.422979797979798,1.6073232323232323,8
{3B5DD605-B613-4DE4-8ABA-2178F0A6322A},ANO0846,2023,round1,Southern,V1-C-5,0.8034969614957794,NA,NA,0.8030608677027409,NA,0.5493001042537513,NA,0.7273581186813738,0.5493001042537513,5.146341463414634,7.926829268292683,4.780487804878049,2.926829268292683,2
{9943CAFF-3CAC-408C-BFA7-A49A8FBD8666},ANO1069,2023,round1,Central,V1-C-6,0.5654463729895439,NA,0.7992496758091387,NA,NA,0.8248647370493533,NA,0.5410642507986081,0.5410642507986081,4.725409836065573,7.226775956284153,4.025956284153005,3.689890710382514,17
{A7F127C9-0898-43EF-9E15-22F40B06A0A1},ANO1043,2023,round1,Eastern,V1-C-5,0.571477182220161,NA,0.4794473025113925,NA,0.3314969870653254,NA,0.5127618163799353,NA,0.3314969870653254,4.765143464399575,5.689691817215728,1.8639744952178534,1.6705632306057385,10
{62164EA3-8CB3-4E74-80D4-16FBA39DEBFA},ANO1043,2023,round1,Eastern,V1-C-5,0.5555478757042538,NA,0.4645208412443973,NA,0.26448423318670455,NA,0.6009420388965871,NA,0.26448423318670455,4.660194174757281,5.543689320388349,1.6893203883495145,1.7864077669902914,9
{D179A72C-00A1-4D67-835B-04070CD3B63D},ANO1277,2023,round1,Eastern,V1-C-5,NA,0.6826333699104684,0.7279228505314627,NA,0.4318645159209166,NA,0.8954548039892218,NA,0.4318645159209166,5.605381165919282,7.098654708520179,2.125560538116592,2.336322869955157,9
{959DCFAE-6A2C-4FD5-8B99-024F22F7DD8B},ANO1277,2023,round1,Eastern,V1-C-5,0.5444686053878404,NA,0.5470104695310835,NA,0.282302735444848,NA,0.6992950760969179,NA,0.282302735444848,4.587199060481503,6.350557839107457,1.7357604227833237,1.970052847915443,9
{68AB10A2-DFFD-4620-9B7C-8C7E0F94466D},ANO1069,2023,round1,Central,V1-C-2,NA,0.9027343418021065,0.9869211889758618,NA,0.8964016782717379,NA,NA,0.8632996419000838,0.8632996419000838,5.416461916461916,7.563882063882064,3.3832923832923827,2.7297297297297294,17
{F211C381-41E5-4B8C-9EE9-700C4080D2BB},ANO1069,2023,round1,Central,V3-C-2,0.4901923903024949,NA,0.5676159707913722,NA,0.7875534933198449,NA,NA,0.5438660958715343,0.4901923903024949,4.231135282121006,5.515975526852482,1.715839564921822,2.292318150917743,6
{7BD43758-D728-4A05-808A-431CF832350F},ANO0238,2023,round1,Eastern,V1-C-1,NA,NA,NA,NA,NA,NA,NA,NA,NA,NA,NA,NA,NA,NA
{7E6B96BA-98F8-4AFB-A794-388269BF9F35},ANO1277,2023,round1,Eastern,V1-C-1,0.6494174465156278,NA,0.9010406250881022,NA,0.6360160102828969,NA,0.6265175950038455,NA,0.6265175950038455,5,7.409618573797679,2.6633499170812605,1.834162520729685,5
{0DC7C8F9-328E-43F3-A6A0-4707236EBDA6},ANO0846,2023,round1,Southern,V1-C-5,NA,0.26441193486875936,0.6418684411321226,NA,0.5784775686475635,NA,0.7800005959781013,NA,0.26441193486875936,6.416666666666667,6.94407894736842,2.507675438596491,2.1207464324917673,6
{0311FCDF-02CE-4401-A3A2-F8FB1A47B1D6},ANO1542,2023,round1,Central,V1-C-3,NA,0.6753292792850352,NA,0.9509937294024515,0.9017421337644322,NA,NA,0.9166159805807833,0.6753292792850352,5.611650485436893,7.671844660194175,3.3980582524271843,2.652427184466019,21
{678006F7-705E-40F6-BA5C-849BA7E7171F},ANO1542,2023,round1,Central,V1-C-3,NA,0.6201895286005891,NA,0.6220204547642347,NA,0.6683450792914067,NA,0.59625172243915,0.59625172243915,5.6589785831960455,8.238879736408567,4.344316309719933,3.14827018121911,16
{09F32EB7-141B-49C6-B41E-557FB0652474},ANO1542,2023,round1,Central,V1-C-8,0.6719317907380942,NA,0.5924444823634164,NA,NA,0.4652771837898556,NA,0.5766260322989325,0.4652771837898556,5.021383647798742,6.79496855345912,5.272955974842767,3.3408805031446542,29
{00832335-4048-47C5-81F1-0F63746C68F3},ANO1542,2023,round1,Central,V3-C-2,0.6260594685725042,NA,0.4818501511234261,NA,NA,0.9429574767042874,NA,0.5827268091419034,0.4818501511234261,4.994854202401372,4.833619210977702,1.8284734133790737,1.8130360205831906,9
{DF650B90-8259-48A2-BBFD-4A983DDA724D},ANO1069,2023,round1,Central,V2-C-1,NA,0.8973292910834045,0.5457116395063638,NA,0.1462782628112638,NA,0.2867349828421103,NA,0.1462782628112638,4.4705294705294705,6.001998001998002,1.6533466533466534,2.410589410589411,12
{4B0021C9-BE03-413F-9818-DECB3FA51B79},ANO0112,2023,round1,Southern,V2-C-1,0.9518249892028335,NA,0.57526783562424,NA,0.26921000834964876,NA,0.42333224388139173,NA,0.26921000834964876,4.38368580060423,6.272910372608258,2.202416918429003,3.08257804632427,12
{0DCE0954-3E79-4509-8D37-716B66A69700},ANO1069,2023,round1,Central,V2-C-3,NA,0.5974426777993408,0.7332178999808721,NA,NA,0.780661898190271,NA,0.8246470000816766,0.5974426777993408,4.655405405405405,6.763513513513513,4.391891891891892,5.027027027027027,22
{F2DAFB41-A438-42C5-B1EF-609EE2604B67},ANO0238,2023,round1,Eastern,V1-C-5,0.591313419205329,NA,0.5878471543311844,NA,0.23714074389891635,NA,0.41419805201900095,NA,0.23714074389891635,4.895833333333333,6.75,1.6180555555555556,1.5416666666666667,9
{E216B312-7E67-449D-A627-AF688DCEC277},ANO0238,2023,round1,Eastern,V1-C-5,NA,0.43994590843709563,0.7712439994676141,NA,0.18808254638380678,NA,0.5022854205479288,NA,0.18808254638380678,6.029411764705882,7.176470588235294,1.4901960784313726,1.6568627450980393,7
{98F56430-BA8D-45BE-924B-4743C9B87BCD},ANO0238,2023,round1,Eastern,V1-C-1,0.8052813667548644,NA,0.5822103695858571,NA,0.17387691599228056,NA,0.07161593090916492,NA,0.07161593090916492,5.148036253776435,6.694864048338368,1.4531722054380665,1.093655589123867,6
{0F59CEEE-A1D7-40F5-9A15-E124E87B2D26},ANO0846,2023,round1,Southern,V1-C-6,0.8493013206215938,NA,NA,0.828487745703265,NA,0.6997921301152734,NA,0.860814200449931,0.6997921301152734,5.189845474613687,7.88300220750552,4.2803532008830025,2.7333333333333334,6
{3B6F5634-E0B6-4ADC-8A89-FF82B35E1631},ANO0846,2023,round1,Southern,V1-C-5,NA,0.3630846102716788,0.8405825627380409,NA,0.728249608019822,NA,0.93119722536619,NA,0.3630846102716788,6.198979591836734,7.301020408163264,2.9183673469387754,2.4030612244897958,5
{D0F19DD8-BF6B-4934-9A70-3AE8E6D14F20},ANO0846,2023,round1,Southern,V1-C-5,0.9021078510830763,NA,NA,0.8302295180832524,NA,0.5732695633484605,NA,0.7596567334287222,0.5732695633484605,5.24,7.88,4.64,2.88,2
{20600510-FA5E-417F-921E-33E2A9CC21B1},ANO0112,2023,round1,Southern,V2-C-1,NA,0.5509557835613518,0.5956201044562789,NA,0.5567012884872677,NA,0.3571015170856347,NA,0.3571015170856347,4.837837837837838,6.45945945945946,3.4864864864864864,2.7567567567567566,7
{64CFC84C-FC21-45D1-868D-8C080E58BDD2},ANO0476,2023,round1,Western,V6-C-1,NA,NA,NA,NA,NA,NA,NA,NA,NA,NA,NA,NA,NA,NA
{E820CC01-2EBC-4849-967C-DC8D5A64A153},ANO0343,2023,round1,Central,V3-C-2,0.585976117440842,NA,0.4839090634022756,NA,NA,0.881603719120384,NA,0.5827702702702703,0.4839090634022756,4.8625,4.85,1.875,1.8125,9
{AC7284CA-1029-4032-B640-9D1F7931EE21},ANO0238,2023,round1,Eastern,V1-C-1,NA,0.9697104033259126,NA,0.8126758414618693,NA,0.6800479115722738,NA,0.7387885846376336,0.6800479115722738,5.358974358974359,7.910256410256411,4.32051282051282,2.91025641025641,10
{E101FD2A-6420-4B74-9664-9ADDB1A47CAE},ANO0238,2023,round1,Eastern,V2-C-1,NA,0.5937718049489614,NA,0.40614063617687945,NA,0.9246468744577184,0.5081829281603264,NA,0.40614063617687945,4.669811320754717,9.075471698113208,4.254716981132075,3.5,11
{AA2A19BD-889D-4F3D-B5E8-11440270C69A},ANO0238,2023,round1,Eastern,V1-C-5,NA,0.9428581261122433,0.6792556523645698,NA,NA,0.9812521869593598,NA,0.6846410837276009,0.6792556523645698,5.382022471910112,7.01123595505618,3.707865168539326,2.9887640449438204,10
{814F8193-C935-492C-8724-4C0F215741A0},ANO0238,2023,round1,Eastern,V1-C-1,0.6015594153475501,NA,NA,0.5951681639299442,NA,0.8599734118601456,NA,0.6141906238279755,0.5951681639299442,4.954545454545454,8.306818181818182,3.9545454545454546,3.090909090909091,11
{F5078924-1A5F-4F46-8B26-97C93CBD28E4},ANO0238,2023,round1,Eastern,V1-C-5,0.6139272211550313,NA,NA,0.8844650635994047,0.9447076400147891,NA,NA,0.7931347919730243,0.6139272211550313,4.966292134831461,7.786516853932584,3.5168539325842696,2.831460674157303,9
{0FE7C7F9-BC1E-4D1F-8DA5-22B68B58ED27},ANO0253,2023,round1,Southern,V2-C-1,0.5729035675448167,NA,0.6562867860030276,NA,0.41875859804285814,NA,0.38019611662365155,NA,0.38019611662365155,4.046296296296297,6.611111111111111,2.8703703703703702,2.8703703703703702,5
{720C3903-277A-4F1D-B010-5E3B7863A0B4},ANO0253,2023,round1,Southern,V1-C-5,0.5448456915267439,NA,0.36998504825329864,NA,0.3378077190642993,NA,0.688335815093085,NA,0.3378077190642993,4.58968347010551,4.6189917936694025,1.88042203985932,1.9495896834701056,7
{772C9CD9-3C80-4111-89B9-EBCE8E65B753},ANO0720,2023,round1,Southern,V2-C-1,NA,0.4494046152731117,0.5931003794419274,NA,0.1669003665286927,NA,0.14413915780547437,NA,0.14413915780547437,5.236363636363636,6.4363636363636365,1.7454545454545454,1.709090909090909,8
{E6DDFC65-ED64-4BEB-AE5C-11CB4521A958},ANO0720,2023,round1,Southern,V2-C-1,0.7989540445250274,NA,0.5770660016214559,NA,0.3739966767482525,NA,0.33515998681140374,NA,0.33515998681140374,4.299691040164779,6.2893923789907324,2.6704428424304845,2.6488156539649848,6
{04C7122E-6369-4646-89A9-B9016849A60A},ANO0720,2023,round1,Southern,V2-C-1,NA,0.6734807910462377,0.45495447828644153,NA,0.28233206170816044,NA,0.2508438504078515,NA,0.2508438504078515,4.602160216021603,5.17011701170117,2.261026102610261,2.234023402340234,8
{4A33FF78-C3B9-4D55-8481-EAABCF246DBD},ANO0746,2023,round1,Southern,V1-C-5,NA,0.5437426703843754,0.7835244438058703,NA,0.5771447280463099,NA,0.42651421904736164,NA,0.42651421904736164,5.800420168067228,7.198529411764706,2.504201680672269,1.5577731092436975,8
{3050B752-85D3-4FF6-B404-0A3DC98B1D56},ANO1161,2023,round1,Central,V1-C-8,0.5779726609817327,NA,0.5334247406111623,NA,NA,0.91442561202352,NA,0.5071178381364676,0.5071178381364676,4.8079385403329065,6.217669654289374,3.8437900128040976,4.0230473751600515,22
{56A399C2-64D4-415B-B06F-64E11DB40C9A},ANO1161,2023,round1,Central,V1-C-4,NA,0.5883603318933988,0.5898782991201202,NA,NA,0.8327421006426621,NA,0.7168581723515672,0.5883603318933988,5.701986754966887,6.769867549668874,4.009933774834437,2.94205298013245,17
{611C1DF3-84B3-460B-8DA1-CE719463AA3F},ANO1161,2023,round1,Central,V1-C-3,NA,0.9799301680417722,0.5740848463702537,NA,NA,0.9461060348608432,NA,0.5959400246808233,0.5740848463702537,5.350202429149798,6.615384615384616,3.779352226720648,3.1513292433537834,20
{B6EB776D-B9EA-4F34-B055-E2D9C7862621},ANO1161,2023,round1,Central,V1-C-2,0.7605007665663022,NA,0.5526748076420429,NA,0.6656961737060457,NA,0.9106411709399307,NA,0.5526748076420429,5.105504587155963,6.405963302752293,2.7454128440366974,2.3646788990825685,10
{01AD15B3-CF54-4AE1-A4D8-300861A07891},ANO1161,2023,round1,Central,V1-C-6,0.7101154372653844,NA,0.530892908683557,NA,0.6944207653968809,NA,NA,0.6126613333569836,0.530892908683557,5.057649667405765,6.192904656319291,2.8248337028824833,3.0931263858093128,16
{202C6E0D-7500-4131-9A04-753D5556A45A},ANO1161,2023,round1,Central,V1-C-3,0.9090955528536255,NA,0.6355533499184484,NA,0.8104847303738985,NA,0.8651795069593184,NA,0.6355533499184484,5.246636771300448,6.932735426008968,3.1457399103139014,2.2797927461139897,15
{D22C4C11-40AC-4136-B33D-BB16D9AE582E},ANO1407,2023,round1,Central,V1-C-6,0.887514237864291,NA,0.558640497330693,NA,0.4955287779223513,NA,0.8451943243555773,NA,0.4955287779223513,5.226139294926913,6.464316423043852,2.291487532244196,2.242476354256234,17
{5EE91FFD-BF2E-4C7D-AD7F-6C5E19AA419C},ANO1407,2023,round1,Central,V1-C-5,0.5492280989454426,NA,0.5027397447171223,NA,0.522132660724036,NA,0.8809708297214802,NA,0.5027397447171223,4.618556701030927,5.917525773195877,2.3608247422680413,2.3092783505154637,14
{58CD4CE1-6CB1-4228-8876-96D47C8D3BD8},ANO1407,2023,round1,Central,V1-C-5,0.5591931011905166,NA,0.45198316671688327,NA,0.42407664668854106,NA,0.9455306094014106,NA,0.42407664668854106,4.684210526315789,5.421052631578948,2.1052631578947367,2.4298245614035086,16
{DCC49705-C59A-4791-93ED-C9D67501253A},ANO1407,2023,round1,Central,V1-C-3,0.8938352485525938,NA,0.5685478245084215,NA,0.5481262780328082,NA,0.7576865781572223,NA,0.5481262780328082,5.232142857142857,6.561224489795918,2.4285714285714284,2.079081632653061,17
{151F07D0-5900-4A1C-8F9C-423801F0AE7A},ANO1407,2023,round1,Central,V1-C-5,0.617186527565698,NA,0.5487268911769353,NA,0.4189250839250749,NA,0.8355614355659717,NA,0.4189250839250749,4.969387755102041,6.36734693877551,2.0918367346938775,2.2244897959183674,18
{654CB463-5865-4AAC-A2CB-A7E48C59FEB8},ANO1407,2023,round1,Central,V1-C-5,0.8597690054010352,NA,0.5686442740413842,NA,0.4134538067456826,NA,0.972584713206558,NA,0.4134538067456826,5.199787460148778,6.562167906482466,2.077577045696068,2.4803400637619557,12
{B59DAE55-4338-4A48-A471-D48630E799BA},ANO1407,2023,round1,Central,V1-C-6,0.7534566447071002,NA,0.5096561081974267,NA,0.6416233711025321,NA,0.9084952005033939,NA,0.5096561081974267,5.098814229249012,5.985177865612648,2.6788537549407114,2.360671936758893,16
{4735AC4C-4E51-49A9-8407-FB9B5151917A},ANO1407,2023,round1,Central,V1-C-2,NA,0.9938725167378448,0.8285527397128105,NA,0.28212381957571014,NA,0.6838300312442807,NA,0.28212381957571014,5.338235294117647,7.279411764705882,1.7352941176470589,1.9411764705882353,12
{B8FDB3A5-D2E9-4644-A240-30650C28E54A},ANO0253,2023,round1,Southern,V1-C-5,NA,0.6917443074800816,0.46878161193748746,NA,0.29946411287646113,NA,0.6108339908228801,NA,0.29946411287646113,5.597560975609756,5.585365853658536,1.7804878048780488,1.8048780487804879,8
{D60E57C3-21A6-433A-8B02-E1F67A0FEFAA},ANO0253,2023,round1,Southern,V1-C-5,0.48489460322543326,NA,0.5955850706027956,NA,0.7979603365018112,NA,NA,0.7338400654483299,0.48489460322543326,4.194699286442406,6.825688073394496,3.111111111111111,2.9174311926605507,7
{EC6EE008-A94B-4CD2-AC66-D3DDDB07429F},ANO0249,2023,round1,Central,V1-C-8,0.5848032054047041,NA,0.5923574905536744,NA,NA,0.5846105053404731,NA,0.5753971311932655,0.5753971311932655,4.852941176470588,6.794117647058823,4.573529411764706,3.3529411764705883,21
{2F241F03-4960-47CB-81AC-92CE355F301A},ANO0249,2023,round1,Central,V1-C-1,0.5900140819886017,NA,0.5476040210781563,NA,0.2023084262557456,NA,0.6705412592540728,NA,0.2023084262557456,4.887272727272728,6.356363636363636,1.5272727272727273,1.9163636363636365,8
{2FEF3092-B5D1-4EF8-9BA3-0A3CDAAA9629},ANO0249,2023,round1,Central,V1-C-1,NA,0.16980368395817674,0.7160897231414096,NA,0.5107925996528647,NA,0.7932634303469454,NA,0.16980368395817674,6.625386996904026,7.077399380804954,2.3312693498452015,2.1455108359133126,7
{7082A616-505A-4953-AD04-7BB61254ACF9},ANO1515,2023,round1,Eastern,V1-C-5,0.6357140623199964,NA,0.49442807906493474,NA,0.29588118066912006,NA,0.49927694439934295,NA,0.29588118066912006,4.9869848156182215,5.836225596529284,1.7711496746203905,1.6529284164859002,8
{FBC8543D-7D55-485A-BA9C-54566CDD270D},ANO1211,2023,round1,Central,V1-C-3,NA,0.6245094618124067,NA,0.9936671399591787,0.7979603365018112,NA,NA,0.9873592835145358,0.6245094618124067,5.655270655270655,7.598290598290598,3.111111111111111,2.5498575498575495,13
{1EFC3706-A828-4BB7-9B5F-98D018C79CEE},ANO1211,2023,round1,Central,V1-C-7,NA,0.761935898631933,0.8564410507358549,NA,0.7905782589533706,NA,NA,0.5845700690984587,0.5845700690984587,5.537313432835822,7.329506314580942,3.0907003444316876,3.2629161882893225,14
{2FA027A3-3AA4-4BAD-9FD7-F1457519A30F},ANO1211,2023,round1,Central,V1-C-6,0.7524386486386905,NA,0.5593876094648147,NA,0.5638942942501904,NA,0.9385711003527432,NA,0.5593876094648147,5.097847358121331,6.471624266144814,2.4696673189823874,2.416829745596869,14
{B6D27B82-ABE3-40EF-94CC-2579670C7DEE},ANO1211,2023,round1,Central,V1-C-6,0.5629456115031577,NA,0.5138230483165446,NA,0.2642695282849821,NA,NA,0.9690741566410859,0.2642695282849821,4.70893371757925,6.0259365994236305,1.6887608069164264,2.5763688760806915,11
{0E78A091-0A5C-4899-B3F8-2B692306C1F7},ANO1339,2023,round1,Eastern,V1-C-5,0.5053616873908451,NA,0.5762296216368923,NA,0.505771065639364,NA,0.9039969163191148,NA,0.5053616873908451,4.329545454545454,6.636363636363637,2.3181818181818183,2.352272727272727,7
{690FF37E-4309-47A8-BA27-7480B00E9759},ANO1339,2023,round1,Eastern,V1-C-5,0.8750338791651353,NA,0.5345392757396609,NA,0.38916965740329384,NA,0.7841913541875687,NA,0.38916965740329384,5.214285714285714,6.228571428571429,2.0142857142857142,2.1285714285714286,11
{51868C9F-B47F-4C4F-A7AB-BCB8E3561C0F},ANO1339,2023,round1,Eastern,V1-C-5,0.7485117228165876,NA,0.5604844479147457,NA,0.22569905566056808,NA,0.539769407155983,NA,0.22569905566056808,5.094117647058823,6.482352941176471,1.588235294117647,1.7058823529411764,11
{DE2681E7-FBFF-480F-B6E2-5E42CBD1B211},ANO1339,2023,round1,Eastern,V1-C-6,0.5911780762391571,NA,0.5166080219419827,NA,0.2498204592746159,NA,0.5970601073102392,NA,0.2498204592746159,4.8949416342412455,6.053177691309988,1.6511024643320364,1.7808041504539562,10
{7F720E6C-8B8F-46E6-814A-A09573FD1FAF},ANO1339,2023,round1,Eastern,V1-C-5,0.584647220248749,NA,0.5761523002878455,NA,0.37666581169309443,NA,0.5369253642452886,NA,0.37666581169309443,4.851913477537438,6.635607321131448,1.9816971713810314,1.7021630615640597,6
{17AF224A-500F-46E2-8496-75D4BCFA07FB},ANO1339,2023,round1,Eastern,V1-C-1,NA,0.4537697607240505,0.5799936517736749,NA,0.42201557410756174,NA,0.8845497452039803,NA,0.42201557410756174,5.998914223669924,6.673181324647123,2.0998914223669924,2.3159609120521174,11
{60000C96-FDA1-4900-BC54-DD724BE8EF74},ANO0312,2023,round1,Southern,V1-C-5,NA,0.8701332086585546,0.9204286566138402,NA,0.8984257981376191,NA,NA,0.6363203565258579,0.6363203565258579,5.444444444444445,7.444444444444445,3.388888888888889,3.0588235294117645,11
{11773B34-D52D-430F-9401-AC2BE83576E0},ANO1382,2023,round1,Central,V3-C-2,0.687025774481763,NA,0.578546741195234,NA,0.7570623120441977,NA,NA,0.5973767885532592,0.578546741195234,5.088235294117647,5.602941176470588,1.7058823529411764,1.6323529411764706,5
{D4D2B153-D8C8-4229-974F-D533DCF58808},ANO1489,2023,round2,Central,V2-C-1,NA,0.4379668045106839,0.5182189770207476,NA,0.34982927435511046,NA,0.26679603728417134,NA,0.26679603728417134,5.28125,5.75,2.5625,2.3125,11
{7DF2142B-C4EA-4DAE-9326-28F23D505544},ANO1489,2023,round2,Central,V2-C-2,NA,0.47654097643098725,0.911595122416994,NA,NA,0.5941687419900995,0.7490401551710038,NA,0.47654097643098725,5.12987012987013,7.116883116883117,4.597402597402597,4.220779220779221,11
{F795E93F-F3C7-4C8C-A8B4-39508B9E7E6A},ANO1489,2023,round2,Central,V2-C-2,NA,0.5784347032664741,0.41893913089677276,NA,NA,0.9715838356803668,0.42687365965467416,NA,0.41893913089677276,4.73,4.84,4.21,3.1,15
{AC6BBFB3-7385-4E65-81D2-36D6F243704C},ANO1382,2023,round1,Central,V2-C-2,NA,0.5286098375525469,0.9009246644316835,NA,NA,0.9240148119580867,0.4476334728901598,NA,0.4476334728901598,4.925531914893617,7.095744680851064,4.25531914893617,3.202127659574468,10
{A6DEDB25-54D9-4CE0-92C2-E2B50EC06710},ANO1382,2023,round1,Central,V2-C-1,NA,0.8746410192203636,0.8933025873382336,NA,0.5308377117956258,NA,0.3540887499439693,NA,0.3540887499439693,4.483870967741935,7.080645161290323,3.370967741935484,2.7419354838709675,8
{B862F5E9-CD70-4C90-B928-A42835D5C7C0},ANO1382,2023,round1,Central,V2-C-1,NA,0.3174036937315068,NA,0.5603683480471038,0.826644743788188,NA,0.3637519906831809,NA,0.3174036937315068,5.754385964912281,7.964912280701754,3.9649122807017543,2.789473684210526,7
{F4808CB1-BB53-47F5-9980-AE2E8D8E2662},ANO1382,2023,round1,Central,V2-C-2,NA,0.5372648642409265,0.5481225451303786,NA,0.5934453232433682,NA,0.5534908036830543,NA,0.5372648642409265,4.891566265060241,6.024096385542169,3.6506024096385543,3.7228915662650603,8
{A530D384-4CA1-4BE3-A5A7-4A7CF3CB1DC1},ANO1382,2023,round1,Central,V1-C-6,0.9575764764759309,NA,0.9717247493149219,NA,0.8151129762932907,NA,NA,0.7694136066336503,0.7694136066336503,5.2926829268292686,7.536585365853658,3.158536585365854,2.8658536585365852,10
{A185EEDC-48F5-4464-8AD6-69E8288032D6},ANO1005,2023,round1,Eastern,V2-C-1,NA,0.2932800008249931,NA,0.8145297284201561,0.09716013053787217,NA,0.19176714270200995,NA,0.09716013053787217,5.849056603773585,7.471698113207547,1.4339622641509433,1.9433962264150944,5
{42F9AB72-A55A-4DE4-ACBF-813CD73DE96E},ANO1005,2023,round1,Eastern,V2-C-1,0.7253679718974559,NA,0.397334888164056,NA,0.2570597334520515,NA,0.22836862450661582,NA,0.22836862450661582,4.2592592592592595,4.6419753086419755,2.148148148148148,2.123456790123457,4
{2E513626-A292-410B-BF88-D5C782E7B799},ANO0433,2023,round1,Central,V1-C-5,NA,0.7277378202842342,0.5668323285241759,NA,0.32826673762187075,NA,0.8343470128383499,NA,0.32826673762187075,5.566666666666666,6.544444444444444,1.8555555555555556,2.2222222222222223,12
{160499A7-7F8E-4353-8965-7226CD3189FC},ANO0433,2023,round1,Central,V1-C-1,NA,0.4302564984704558,0.837772034178075,NA,0.7634748190226197,NA,0.9132376997659789,NA,0.4302564984704558,6.050788091068301,7.295971978984238,3.0157618213660244,2.369527145359019,6
{964817F7-1A5E-450D-8834-095E220A56F9},ANO0433,2023,round1,Central,V1-C-1,NA,0.9510396793257827,0.9235215092619937,NA,NA,0.5459710127128194,NA,0.588433472446863,0.5459710127128194,5.375,7.45,4.8,3.225,8
{15D5E52B-5205-49F7-9628-417DA36AF22A},ANO0433,2023,round1,Central,V1-C-2,0.9630402890638795,NA,0.9454346993010385,NA,NA,0.4428754225463031,NA,0.8089636612611102,0.4428754225463031,5.297872340425532,7.48936170212766,5.404255319148936,2.8085106382978724,6
{34C8D13D-9501-4299-B3AF-D687C864C261},ANO0433,2023,round1,Central,V3-C-2,0.7881699691633305,NA,0.6641223524269336,NA,NA,0.5903551133327274,NA,0.5389737563650607,0.5389737563650607,5.243156199677939,5.874396135265701,2.183574879227053,2.3526570048309177,12
{0C0C666B-3D56-499C-93FB-CB4132BACF18},ANO0433,2023,round1,Central,V3-C-2,0.5876053869227641,NA,0.5611822685148029,NA,NA,0.6796225457308107,NA,0.5435858393604872,0.5435858393604872,4.873239436619718,5.464788732394366,2.028169014084507,2.295774647887324,10
{334D2CDB-BAE1-47FA-A707-748AEEDD9471},ANO0433,2023,round1,Central,V1-C-2,NA,0.5141516608368912,0.8823431157398843,NA,0.816060725457684,NA,0.9311068964029785,NA,0.5141516608368912,5.865702479338843,7.37603305785124,3.1611570247933884,2.402892561983471,13
{775A0A12-BA4F-4895-B1EC-73205B8CA65E},ANO0433,2023,round1,Central,V1-C-2,NA,0.28515012583885846,0.7193932344838645,NA,0.5673823482578169,NA,0.778340694105673,NA,0.28515012583885846,6.370915032679738,7.083333333333333,2.47875816993464,2.1176470588235294,9
{C18F009D-96B0-49B0-88A9-7212E92E4E13},ANO0433,2023,round1,Central,V1-C-5,NA,0.8082221702349375,0.469849689410124,NA,0.6698304723865778,NA,NA,0.855705237469062,0.469849689410124,5.4975845410628015,5.595813204508857,2.756843800322061,2.7407407407407405,12
{D882A028-97B7-40F4-8B69-F8A41DC74E6A},ANO0433,2023,round1,Central,V1-C-1,NA,0.40802653908681663,0.7662570169952259,NA,0.6959649439781482,NA,0.8249830122126772,NA,0.40802653908681663,6.0998307952622675,7.167512690355331,2.829103214890017,2.2047377326565147,11
{FCDB2AD5-DC0E-4C0D-92B4-7C3BCD91C587},ANO0433,2023,round1,Central,V1-C-5,0.5928944711283379,NA,0.4696387591667615,NA,0.5835261001557606,NA,NA,0.8565035129348225,0.4696387591667615,4.90625,5.59375,2.5208333333333335,2.7395833333333335,15
{070E83F3-D25A-4690-B7F8-55501E7E33B9},ANO1005,2023,round1,Eastern,V1-C-1,0.5892673520108469,NA,0.5502610191437686,NA,0.23698400844359652,NA,0.6365746998135846,NA,0.23698400844359652,4.882352941176471,6.382352941176471,1.6176470588235294,1.8529411764705883,6
{BFB4BEE9-D322-4208-8F8E-ED86D8C9BD23},ANO1005,2023,round1,Eastern,V2-C-1,0.5772796513566429,NA,0.476239682314719,NA,0.3952158202105735,NA,0.4348278272258793,NA,0.3952158202105735,4.069565217391304,5.3652173913043475,2.765217391304348,3.139130434782609,5
{43BC3B3E-5210-4634-B700-7316867EA5E8},ANO0219,2023,round1,Eastern,V1-C-1,0.5990340890019512,NA,0.5446440860477405,NA,0.3866098798612116,NA,0.8308732706707616,NA,0.3866098798612116,4.946700507614214,6.3274111675126905,2.0076142131979693,2.215736040609137,11
{520056D8-EA95-4C91-BE26-BFB2349B7610},ANO0219,2023,round1,Eastern,V2-C-1,0.5809942800722783,NA,0.42684162398906816,NA,0.22428283845169678,NA,0.19366130502221895,NA,0.19366130502221895,4.089316987740806,4.912434325744308,2.001751313485114,1.9527145359019265,4
{22FBBE39-E241-4E58-8AA0-D6C552E4630D},ANO0219,2023,round1,Eastern,V1-C-1,0.8683324009676253,NA,NA,0.6974236854270301,NA,0.9885264771001939,NA,0.7520084640949855,0.6974236854270301,5.207920792079208,8.10891089108911,3.693069306930693,2.891089108910891,5
{45DC2683-14B2-41B9-A9C9-6D11D7BBE276},ANO0219,2023,round1,Eastern,V1-C-2,0.5678924127526208,NA,NA,0.37761751668170557,NA,0.7876283264858417,NA,0.5802733780677848,0.37761751668170557,4.741525423728813,9.656779661016948,4.101694915254237,3.3050847457627115,10
{123DD9CC-5A8B-4004-BA82-32517889A55D},ANO0219,2023,round1,Eastern,V2-C-1,NA,0.36096052859892336,0.5798885527079527,NA,0.5400844991128029,NA,0.46135180525140046,NA,0.36096052859892336,5.5834522111269616,6.315263908701855,3.4122681883024253,3.2696148359486448,5
{C5A35B0F-8FA7-4747-A75F-2EDD50B22F85},ANO0918,2023,round1,Eastern,V3-C-1,0.8406437381558766,NA,NA,0.6332862039240099,NA,0.5045044198192008,NA,0.47933227344992047,0.47933227344992047,5.323529411764706,7.088235294117647,3.0294117647058822,3.088235294117647,12
{68A5898B-09BC-49C8-8920-FEA897A12DE6},ANO1454,2023,round1,Eastern,V1-C-1,0.6357437233247485,NA,0.5310872088819284,NA,0.27904610518033873,NA,0.7918422173715861,NA,0.27904610518033873,4.987012987012987,6.194805194805195,1.7272727272727273,2.142857142857143,8
{CF285B0B-E670-4FEB-882A-D0A386B15389},ANO1454,2023,round1,Eastern,V1-C-1,0.9436035792841031,NA,0.5863437089236878,NA,0.32726363070782377,NA,0.6208229226700192,NA,0.32726363070782377,5.279411764705882,6.735294117647059,1.8529411764705883,1.8235294117647058,9
{ED2697CF-3A4C-4458-A152-28D5A755D67E},ANO1454,2023,round1,Eastern,V1-C-5,0.9698581769453625,NA,0.7093078454137989,NA,0.4170526028510497,NA,0.4155833297849507,NA,0.4155833297849507,5.304347826086956,7.065217391304348,2.0869565217391304,1.5434782608695652,5
{666B1520-D275-4D13-8505-9313A6B1A3B8},ANO1454,2023,round1,Eastern,V1-C-5,0.6494174465156278,NA,0.4397837031653089,NA,0.35061180887960663,NA,0.7245673859259152,NA,0.35061180887960663,5,5.301724137931035,1.9137931034482758,2.0172413793103448,8
{95922108-A4EA-4745-9D42-C17B85397162},ANO1454,2023,round1,Eastern,V1-C-1,0.5825936782966132,NA,0.5307921604325495,NA,0.1705281753879848,NA,0.6774656768428401,NA,0.1705281753879848,4.838383838383838,6.191919191919192,1.4444444444444444,1.9292929292929293,7
{BF2363B7-0BEC-43CC-B891-B443A2D9347E},ANO1454,2023,round1,Eastern,V1-C-5,0.5731431209856744,NA,0.5493185608286214,NA,0.15462069634059816,NA,0.42228228495163356,NA,0.15462069634059816,4.776119402985074,6.373134328358209,1.4029850746268657,1.5522388059701493,5
{A48442CD-5025-409C-B92B-D9F74F2D7389},ANO1454,2023,round1,Eastern,V1-C-1,0.7347858264370627,NA,0.5664332156892729,NA,0.2644338935915035,NA,0.6284859493885104,NA,0.2644338935915035,5.081081081081081,6.54054054054054,1.6891891891891893,1.837837837837838,7
{56C56749-7CCC-46AF-A8EA-44A07AD68572},ANO1454,2023,round1,Eastern,V1-C-5,0.5543305524845121,NA,0.5378412527340137,NA,0.13345683291233593,NA,0.6687631139765224,NA,0.13345683291233593,4.6521739130434785,6.260869565217392,1.3478260869565217,1.9130434782608696,7
{26AED95D-617E-4DB8-A38A-CD8AD86E4688},ANO1454,2023,round1,Eastern,V1-C-1,0.5863675644718139,NA,0.5618516837383153,NA,0.2393953231408248,NA,0.6604043113897475,NA,0.2393953231408248,4.863247863247863,6.495726495726496,1.623931623931624,1.8974358974358974,8
{D6889DF3-F254-4807-A261-2CBF8AAC5E76},ANO1125,2023,round1,Eastern,V1-C-1,NA,NA,NA,NA,NA,NA,NA,NA,NA,NA,NA,NA,NA,NA
{C6A4890E-BC7E-41DA-86EC-CED14DD54015},ANO1125,2023,round1,Eastern,V1-C-5,0.5659655867622507,NA,0.5048848543247673,NA,0.6483964315181809,NA,NA,0.6296130249084219,0.5048848543247673,4.72883064516129,5.938508064516129,2.6975806451612905,3.068548387096774,10
{C7FF212C-4493-4572-AF8C-71AF86F5A0A9},ANO1125,2023,round1,Eastern,V1-C-1,NA,0.1510925342107196,NA,0.510318548764547,0.8783327058104577,NA,NA,0.6768915331386421,0.1510925342107196,6.666666666666667,8.833333333333334,3.3333333333333335,3,2
{B1FB3D8B-1700-4547-A3FE-532A2DE110D5},ANO1125,2023,round1,Eastern,V1-C-6,0.5997338530424777,NA,0.529423003021387,NA,0.7505496692130029,NA,NA,0.7096118578475791,0.529423003021387,4.951310861423222,6.17852684144819,2.9800249687890137,2.952559300873908,15
{D71A8F52-055F-49FC-A0D5-741B208D916D},ANO0835,2023,round1,Southern,V1-C-6,0.4693535062519962,NA,NA,0.34461997544099765,NA,0.8224984828192959,NA,0.6556696869104166,0.34461997544099765,4.092307692307692,9.861538461538462,4.030769230769231,3.0307692307692307,7
{39EFD0EB-2CD4-4458-ACFA-DB64FF19D4CB},ANO0918,2023,round1,Eastern,V2-C-1,NA,0.9321106675948622,0.5289026086110371,NA,0.3270661897749531,NA,0.312559822481405,NA,0.312559822481405,4.450076804915515,5.847926267281107,2.460829493087558,2.5376344086021505,9
{6E512B8B-A7E9-416D-9A1C-BA3B9E8BF284},ANO0921,2023,round1,Eastern,V1-C-2,NA,0.41749252874014675,0.5730500863731913,NA,0.37359133160657193,NA,0.6871461948534523,NA,0.37359133160657193,6.078947368421052,6.605263157894737,1.9736842105263157,1.9473684210526316,8
{CB3130F1-F2E4-4811-B1C5-83BB83D236F6},ANO1005,2023,round1,Eastern,V2-C-1,0.5709861985555243,NA,0.4966552384747579,NA,0.3965910502821451,NA,0.4730810026772907,NA,0.3965910502821451,4.036101083032491,5.552346570397112,2.771359807460891,3.327316486161252,6
{541FED6B-B242-4094-B06A-32923FACA36D},ANO1005,2023,round1,Eastern,V2-C-1,NA,0.5342145226139088,0.4404291255031637,NA,0.21057247639638807,NA,0.15098425261097798,NA,0.15098425261097798,4.903536977491961,5.036977491961415,1.9405144694533762,1.742765273311897,11
{DF46FF56-F14E-41C9-9D6C-9E7BD63A1325},ANO0921,2023,round1,Eastern,V1-C-6,NA,0.8971503758160619,0.5829056122555841,NA,0.36010703362181046,NA,0.9690561930423622,NA,0.36010703362181046,5.421254801536492,6.701664532650448,1.9385403329065303,2.473751600512164,9
{C6896D76-3C12-4E1A-B2B3-D99CB87679FD},ANO0921,2023,round1,Eastern,V1-C-6,0.5757596021324813,NA,0.64115889904810075,NA,0.4417371923334514,NA,0.8556464638508461,NA,0.4417371923334514,4.793357933579336,6.942804428044281,2.151291512915129,2.261992619926199,17
{F4400432-28D8-4315-AD3F-4C6EC3831975},ANO0921,2023,round1,Eastern,V1-C-6,0.5354619486347566,NA,0.6534093546735523,NA,0.8945957365503303,NA,NA,0.6384619435611368,0.5354619486347566,4.527859237536657,6.964809384164223,3.378299120234604,3.0557184750733137,10
{52EA87C8-3C2D-41E8-A695-3355E20BF449},ANO0347,2021,round1,Eastern,V2-C-1,NA,0.5359944842663669,0.5342075842972497,NA,0.2238907355872707,NA,0.11916013487897309,NA,0.11916013487897309,4.896551724137931,5.896551724137931,2,1.5862068965517242,7
{E703EA8B-E476-4E8A-B1B7-705AA91F8CB8},ANO1522,2021,round1,Eastern,V1-C-2,NA,0.18381321040921955,0.604445494343893,NA,0.5971201555385008,NA,0.8438226041844435,NA,0.18381321040921955,6.59447983014862,6.876857749469214,2.5562632696390657,2.2399150743099785,5
{F6000FF1-4F8C-4373-A7C6-98D610B3A354},ANO1522,2021,round1,Eastern,V1-C-6,0.6494174465156278,NA,0.5654182034560816,NA,0.6618193844075734,NA,0.7809124128229898,NA,0.5654182034560816,5,6.530612244897959,2.7346938775510203,2.122448979591837,9
{2FE87488-820F-419C-868C-79C8CE0BB0BA},ANO1522,2021,round1,Eastern,V1-C-6,0.5843953138366301,NA,0.5249237665910333,NA,0.9395299413246554,NA,NA,0.9202156202858738,0.5249237665910333,4.850253807106599,6.134517766497462,3.50253807106599,2.6472081218274113,18
{9A7CBA27-8878-4580-BFDB-458AF06E9D51},ANO1522,2021,round1,Eastern,V1-C-2,0.5666490092063902,NA,NA,0.6832546663720132,NA,0.6081923136866076,NA,0.5909808034964165,0.5666490092063902,4.733333333333333,8.133333333333333,4.466666666666667,3.2,9
{F90F8522-5EBB-448D-983A-292A0542A6C0},ANO1522,2021,round1,Eastern,V1-C-5,NA,0.557308527826425,NA,0.5732827873092669,NA,0.9585219355899182,NA,0.5345219251522139,0.5345219251522139,5.770491803278689,8.442622950819672,3.7540983606557377,3.7540983606557377,8
{8E86716D-0893-48A5-9182-864AAF0C6C1E},ANO1522,2021,round1,Eastern,V1-C-2,0.5154133737170769,NA,0.6881376692026762,NA,NA,0.5597852339559309,NA,0.5962755580646728,0.5154133737170769,4.395770392749244,7.027190332326284,4.719033232628398,3.148036253776435,7
{993CA358-F2AC-454C-8663-4A5835A87452},ANO1522,2021,round1,Eastern,V1-C-2,0.4766455481576309,NA,NA,0.38167869298179413,NA,0.8980032569595432,NA,0.7373924105436713,0.38167869298179413,4.140350877192983,9.631578947368421,3.8771929824561404,2.912280701754386,6
{85632175-A413-4724-B74A-634AC53B792C},ANO1522,2021,round1,Eastern,V1-C-3,0.5981956452231325,NA,0.5953643813686675,NA,NA,0.7797855577603243,NA,0.569403411076669,0.569403411076669,4.9411764705882355,6.823529411764706,4.117647058823529,3.411764705882353,14
{6BCBFD96-E0FE-4691-BD95-F12E68B6EF31},ANO1522,2021,round1,Eastern,V1-C-6,NA,0.9889438066794702,0.5885473891785117,NA,0.9584298272790058,NA,NA,0.9272657120983588,0.5885473891785117,5.342465753424658,6.756849315068494,3.554794520547945,2.636986301369863,16
{C3BAFB25-8C39-4DA9-8C54-0CE92A269881},ANO1522,2021,round1,Eastern,V1-C-6,0.8022543847620687,NA,0.6550419455142199,NA,0.8219424144406815,NA,NA,0.5916381792511399,0.5916381792511399,5.145161290322581,6.967741935483871,3.1774193548387095,3.193548387096774,10
{191A9CD4-EBF5-43D1-9F29-EA0082627198},ANO1478,2021,round1,Eastern,V1-C-5,0.6923920051155336,NA,0.546640477142042,NA,0.7356307439767386,NA,NA,0.6346643901334994,0.546640477142042,5.040816326530612,6.346938775510204,2.938775510204082,3.061224489795918,11
{3FAC4C8A-8DD6-433E-ACCF-76275A62E7DE},ANO1152,2021,round1,Western,V1-C-2,0.5735909302078803,NA,0.571798748702325,NA,NA,0.957678475414484,NA,0.6688716493896034,0.571798748702325,4.77906976744186,6.593023255813954,3.755813953488372,3.011627906976744,8
{C69743BC-81E5-4053-8ED5-4088A02E402C},ANO1108,2021,round1,Eastern,V2-C-1,NA,0.5222601698341978,0.9708327200011113,NA,0.8617082951128499,NA,0.42760617558715763,NA,0.42760617558715763,4.950450450450451,7.2342342342342345,4.009009009009009,3.103603603603604,6
{36AB226C-2807-4505-97A2-549335BDF5C7},ANO1108,2021,round1,Eastern,V8-C-1,NA,NA,NA,NA,NA,NA,NA,NA,NA,NA,NA,NA,NA,NA
{96F6674D-7074-4425-B695-94369B9F8E15},ANO0201,2021,round1,Eastern,V2-C-2,NA,0.5670576603344475,NA,0.6617418844877522,NA,0.6450111483882761,NA,0.38166268007137993,0.38166268007137993,4.774647887323944,7.619718309859155,4.52112676056338,6.76056338028169,8
{AD1A4CC0-6705-4FE5-9AD3-15054173AA24},ANO1268,2021,round1,Western,V1-C-1,0.6621305568808041,NA,0.6913334900963914,NA,0.021479811334545885,NA,0.06715023726053213,NA,0.021479811334545885,5.012074643249178,7.032930845225028,1.0559824368825468,1.0878155872667399,7
{9F97F1CE-9FA5-4FEE-A84F-0D3012657366},ANO1268,2021,round1,Western,V1-C-1,0.7502563403570977,NA,0.5981425790794219,NA,0.605972254322284,NA,NA,0.9780325201095903,0.5981425790794219,5.095774647887324,6.850704225352112,2.5802816901408447,2.563380281690141,11
{19FEF904-50EC-478F-968F-1315AE4CFE77},ANO1159,2021,round1,Western,V2-C-2,0.5171804241969925,NA,0.5486407388296579,NA,0.6506599386285138,NA,0.8202572822434818,NA,0.5171804241969925,3.75,6.028846153846154,3.7435897435897436,4.3493589743589745,12
{036CD762-8D85-463E-AFBA-33CDE2E8BC0F},ANO1159,2021,round1,Western,V1-C-6,0.4416754718001737,NA,0.48646078132990656,NA,0.5764418061397162,NA,0.9818446964438683,NA,0.4416754718001737,3.9099526066350707,5.758293838862559,2.502369668246445,2.4976303317535544,6
{A9EDB4E9-99A3-42F6-B302-340A98C973DA},ANO1159,2021,round1,Western,V1-C-5,NA,NA,NA,NA,NA,NA,NA,NA,NA,NA,NA,NA,NA,NA
{FE394B26-36E1-44C6-AE7E-EF98C5E7F964},ANO1159,2021,round1,Western,V2,0.5641968263967192,NA,0.8360432950747354,NA,0.4441111312468813,NA,0.40321399545835734,NA,0.40321399545835734,4,6.967213114754099,2.9836065573770494,2.9836065573770494,2
{746500A1-C7D1-4CF6-B601-399E07FDA86F},ANO1159,2021,round1,Western,V1-C-2,0.9189683505860006,NA,0.5933804534082596,NA,0.7391310764923895,NA,NA,0.9956750222284405,0.5933804534082596,5.2560137457044664,6.804123711340206,2.9484536082474224,2.5378006872852232,9
{8EA9FC2F-9988-481D-B9FE-7DDAE0244224},ANO1137,2021,round1,Northern,V1-C-3,NA,0.09774469630219551,0.6617870216533283,NA,0.4050549284467564,NA,0.8341352451741028,NA,0.09774469630219551,6.7843601895734595,6.979857819905213,2.055687203791469,2.2218268090154214,18
{F2A2E739-6439-41C6-A90E-AB812E3A3852},ANO1529,2021,round1,Western,V3-C-2,0.5928858533047242,NA,0.5374359503975116,NA,NA,0.8228693337814422,NA,0.5750232991612302,0.5374359503975116,4.908045977011494,5.275862068965517,1.9195402298850575,1.9080459770114941,11
{2571E8BC-103D-460F-B7F2-48F7FB9E4476},ANO1529,2021,round1,Western,V1-C-6,0.5903381909163702,NA,0.5051201878744458,NA,0.5307091813476534,NA,0.9981295097630851,NA,0.5051201878744458,4.889408099688473,5.9408099688473515,2.3831775700934577,2.52803738317757,15
{E52CDEBD-6D82-49FE-AEA3-0D454DD222F4},ANO1529,2021,round1,Western,V1-C-2,NA,0.41749252874014675,0.5361066306731905,NA,0.6430965029558828,NA,0.7012398901924318,NA,0.41749252874014675,6.078947368421052,6.2439024390243905,2.682926829268293,1.9736842105263157,12
{9264F6EF-C9E8-4ECB-9C10-6F8950AD7720},ANO1529,2021,round1,Western,V1-C-5,0.5594359939468252,NA,0.501500627549283,NA,0.5768288365108775,NA,NA,0.9565036962808044,0.501500627549283,4.6858108108108105,5.905405405405405,2.503378378378378,2.5945945945945943,20
{3F8C6311-8300-4815-9BFC-E0DDE8A31A04},ANO1529,2021,round1,Western,V3-C-1,0.599940243805275,NA,0.5484683599364635,NA,0.9617562133607171,NA,NA,0.5995085995085995,0.5484683599364635,4.954545454545454,5.363636363636363,1.7727272727272727,1.606060606060606,7
{CAB4AE11-7D76-4CBD-9CC0-D4E93A6D6819},ANO1529,2021,round1,Western,V1-C-1,NA,0.5826007417568833,0.5652783154965382,NA,0.4165290560742895,NA,0.6381701009222767,NA,0.4165290560742895,5.71469329529244,6.5292439372325255,2.085592011412268,1.855920114122682,13
{65FB1CBA-78CB-4046-99C9-64C4F56E953F},ANO1529,2021,round1,Western,V3-C-1,NA,0.5605988622866807,0.765684169285224,NA,NA,0.8442924546894104,NA,0.5822155843409829,0.5605988622866807,5.935175345377258,6.034006376195537,1.9032943676939427,1.8193411264612114,8
{AFE00D8A-50C0-4D25-8351-7CAECA0AC507},ANO0868,2021,round1,Western,V1-C-1,0.701081446321437,NA,0.5559746204724275,NA,0.4486102888062087,NA,0.9328200516760704,NA,0.4486102888062087,5.04906937394247,6.43824027072758,2.1692047377326564,2.4060913705583755,15
{49D46C00-5A25-4D54-BC8A-D128520A5C7C},ANO1529,2021,round1,Western,V1-C-2,NA,0.8679812206919595,0.5620271136372205,NA,0.5142013268092943,NA,0.6550659164603786,NA,0.5142013268092943,5.446291560102301,6.497442455242966,2.340153452685422,1.887468030690537,17
{A1D1DCD4-2827-4E70-BD82-19E235690094},ANO1159,2021,round1,Western,V1-C-5,NA,NA,NA,NA,NA,NA,NA,NA,NA,NA,NA,NA,NA,NA
{AD6A9CC2-A662-4A03-9DC3-76D702B6C1FF},ANO1030,2021,round1,Western,V1-C-1,NA,0.8485581498139609,0.7451670065518103,NA,0.19894953795264894,NA,0.33985481191302636,NA,0.19894953795264894,5.462962962962963,7.12962962962963,1.5185185185185186,1.4444444444444444,6
{FADD3955-1A87-462F-B1DB-6AF1F59D2874},ANO1030,2021,round1,Western,V1-C-1,0.5647415465637923,NA,0.5326076601654209,NA,0.5503917193029035,NA,0.9091503111507249,NA,0.5326076601654209,4.720766129032258,6.209677419354839,2.434475806451613,2.3618951612903225,10
{F9D4E4A0-E676-4940-ACC7-1782C359534B},ANO1362,2021,round1,Central,V3-C-1,0.6403772099826669,NA,0.597474799267506,NA,0.7082106297300012,NA,NA,0.6704946996466442,0.597474799267506,5.016784452296819,5.753533568904593,1.6899293286219081,1.5697879858657242,12
{D3DE55B9-6A3E-415B-8656-4F944C7F3432},ANO1362,2021,round1,Central,V3-C-2,0.5755619046122812,NA,0.597553703181951,NA,NA,0.8315833031398937,NA,0.5603003772017856,0.5603003772017856,4.793854033290653,5.75416133162612,1.9129321382842512,2.089628681177977,12
{9F7EF48C-1279-45D2-B342-8FE7D852E3C9},ANO1273,2021,round1,Northern,V1-C-7,0.8012083186345624,NA,0.9407774381259374,NA,0.1749981144545113,NA,0.6521613207092488,NA,0.1749981144545113,5.144167758846658,7.480996068152031,1.4560943643512452,1.8820445609436436,12
{FD1124ED-F3CF-4458-8185-D5D11F252340},ANO0999,2021,round1,Southern,V1-C-5,0.5735330647924748,NA,0.5229032420565347,NA,0.43086319724054345,NA,NA,0.5512257353132205,0.43086319724054345,4.778688524590164,6.114754098360656,2.122950819672131,3.5901639344262297,13
{EA1F1785-B287-4FB5-985E-4CCC30644A80},ANO0511,2021,round1,Southern,V1-C-5,NA,0.9995835617261197,0.9929507187084735,NA,0.5380457947586416,NA,0.4130993834460061,NA,0.4130993834460061,5.333333333333333,7.574712643678161,2.4022988505747125,1.5402298850574712,4
{43E0BD5B-A832-4ED8-AFFD-D9F34E446E21},ANO0511,2021,round1,Southern,V1-C-1,0.8599927836551683,NA,NA,0.9926754068167277,0.20660144325852006,NA,0.5293892262491372,NA,0.20660144325852006,5.2,7.6,1.5384615384615385,1.6923076923076923,6
{0AF32414-7802-4F1C-8A4B-8C69EF4EF002},ANO0511,2021,round1,Southern,V4-C-1,NA,NA,NA,NA,NA,NA,NA,NA,NA,NA,NA,NA,NA,NA
{A791DCB7-DBBE-4EE6-9D3F-6780051F4284},ANO1273,2021,round1,Northern,V1-C-6,0.5870014594153048,NA,0.5342128783925355,NA,0.6776301131334684,NA,0.96560020968349,NA,0.5342128783925355,4.867424242424243,6.225378787878788,2.778409090909091,2.467298578199052,20
{98B3DADA-DCCA-4FED-9AC6-7891641F817C},ANO0132,2021,round1,Northern,V1-C-5,0.9119802110287702,NA,0.49188034685299736,NA,0.4296161825080091,NA,NA,0.9486475939414817,0.4296161825080091,5.249376558603491,5.811305070656692,2.119700748129676,2.6059850374064837,10
{B3F9607B-26E0-422C-B109-2E26C8A6F6D4},ANO1056,2021,round1,Northern,V1-C-6,0.5838327387511948,NA,0.6388287735594577,NA,NA,0.9457624132883937,NA,0.8171266870828315,0.5838327387511948,4.846547314578005,6.938618925831202,3.7800511508951407,2.7966751918158566,13
{F086AEB3-4B7A-4756-B6C4-26C6A6FAB87A},ANO1056,2021,round1,Northern,V4-C-1,NA,NA,NA,NA,NA,NA,NA,NA,NA,NA,NA,NA,NA,NA
{FA9CA809-3906-43E7-BEE8-4606BBC18920},ANO0841,2021,round1,Northern,V3-C-2,0.6619245341250551,NA,0.6146262551584956,NA,0.6002112734252167,NA,NA,0.5748683005038937,0.5748683005038937,5.04978813559322,5.796610169491526,1.6546610169491522,1.909957627118644,11
{430EBA10-6C8F-4053-98CE-AD5075EABD4E},ANO0841,2021,round1,Northern,V1-C-5,0.44160146550806634,NA,0.47425350132032756,NA,0.4800052344254387,NA,NA,0.9749143736893418,0.44160146550806634,3.9094650205761314,5.638888888888889,2.251028806584362,2.567901234567901,14
{170D3038-6701-4B88-91AE-FBD4C1EC326F},ANO0841,2021,round1,Northern,V3-C-2,0.5808461159743155,NA,0.6483453027684809,NA,NA,0.8205293184292933,NA,0.5393022504576289,0.5393022504576289,4.828685258964144,5.849601593625497,1.9213147410358564,2.348605577689243,16
{312E82C0-281A-41DA-B7C5-7A8783339AD6},ANO0617,2021,round1,Southern,V1-C-7,0.5013371915868224,NA,0.45540728161625355,NA,NA,0.7035413686162316,NA,0.4878524919144922,0.45540728161625355,4.303030303030303,5.454545454545454,4.2727272727272725,4.212121212121212,25
{10996F5B-7AAA-4B2F-84A1-E94064BE745A},ANO0617,2021,round1,Southern,V1-C-7,0.5609297257283754,NA,0.5734010049808906,NA,NA,0.912441302140713,NA,0.5360470556451753,0.5360470556451753,4.695652173913044,6.608695652173913,3.847826086956522,3.739130434782609,16
{E4BE7E1D-1903-4C66-9D96-626AB3E8761A},ANO0617,2021,round1,Southern,V1-C-3,NA,0.4532776026321591,0.6972053785297203,NA,0.9621995259586104,NA,NA,0.9767654472331349,0.4532776026321591,6,7.043478260869565,3.5652173913043477,2.5652173913043477,12
{59FA0D4C-CA8C-4686-8909-E06439760B39},ANO0724,2021,round1,Western,V1-C-1,NA,0.7809449732773592,0.595293352451778,NA,0.5850996253961762,NA,0.9683542577587609,NA,0.5850996253961762,5.520997375328084,6.822834645669291,2.5249343832021,2.47244094488189,7
{30615339-2FA8-408A-9E6B-5BEBEC57C03A},ANO0617,2021,round1,Southern,V1-C-3,NA,0.41207054784741737,0.9260520250650282,NA,0.987931391231339,NA,0.9100828302154926,NA,0.41207054784741737,6.090909090909091,7.454545454545454,3.6363636363636362,2.3636363636363638,6
{FBA0F3DC-C36A-4F9B-B2BF-6ACB35FC766D},ANO0617,2021,round1,Southern,V1-C-4,NA,0.9510396793257827,0.7773842216367421,NA,0.9386119827919424,NA,NA,0.8924259088940587,0.7773842216367421,5.375,7.1875,3.5,2.6875,11
{F0556A45-35AC-4B49-ACD5-960A8F5E06ED},ANO0908,2021,round1,Southern,V2-C-1,0.6620432368456867,NA,0.6823322659397836,NA,0.5142573427859639,NA,0.3729893700749188,NA,0.3729893700749188,4.224465558194774,6.66270783847981,3.296912114014252,2.8349168646080756,6
{1BA61C61-FDEF-4AA3-A3B6-0F6BA19646E6},ANO0666,2021,round1,Eastern,V1-C-6,0.5919458399745327,NA,0.592958868716673,NA,0.7658113887783526,NA,NA,0.6922184220812495,0.5919458399745327,4.9,6.8,3.022222222222222,2.977777777777778,13
{A4F3E3B7-CAFE-4FC1-B008-01BB6EBB85D0},ANO1041,2021,round1,Southern,V1-C-7,0.481904626133113,NA,0.564844439596486,NA,0.9928633320752787,NA,NA,0.5604128309017742,0.481904626133113,4.175,6.525,3.65,3.5,12
{36B3A146-31EC-4D6A-A640-D891DAAD26B4},ANO0666,2021,round1,Eastern,V1-C-6,0.5312334461309908,NA,0.5518030144335088,NA,0.15249154145271715,NA,0.7290659040668274,NA,0.15249154145271715,4.5,6.397435897435898,1.3974358974358974,2.0256410256410255,10
{9F73C0A0-3FF4-4B7B-BE86-87910048D420},ANO1041,2021,round1,Southern,V1-C-4,0.5680945423931412,NA,0.7207187427616445,NA,NA,0.9500016489923574,NA,0.617773532931442,0.5680945423931412,4.742857142857143,7.085714285714285,3.7714285714285714,3.085714285714286,15
{BA1A7C72-F4B5-44E3-BBA1-4DDF09AA9DE1},ANO1288,2021,round1,Western,V1-C-1,NA,0.9024957969254457,0.6266076550392606,NA,0.05329005480874523,NA,0.042481851489128315,NA,0.042481851489128315,5.416666666666667,6.916666666666667,1.1388888888888888,1.0555555555555556,6
{E84E07DE-96FD-4BA9-BD34-AF534BE651D5},ANO0666,2021,round1,Eastern,V1-C-5,0.5782132747003981,NA,0.5306446362078601,NA,0.757774151847488,NA,0.9321080424119064,NA,0.5306446362078601,4.809523809523809,6.190476190476191,3,2.4047619047619047,5
{9E945917-4E35-46F2-9775-672F3EC5F799},ANO0666,2021,round1,Eastern,V1-C-6,0.6061485416239418,NA,NA,0.5474794524597302,NA,0.9992622174882883,NA,0.5611107298194601,0.5474794524597302,4.958904109589041,8.602739726027398,3.671232876712329,3.493150684931507,13
{085EF8E5-A945-445E-9F19-D9139E197072},ANO1288,2021,round1,Western,V1-C-1,0.4623698512621587,NA,0.6162981462120821,NA,0.74102990824152,NA,NA,0.7215949592212472,0.4623698512621587,4.046296296296297,6.898148148148148,2.9537037037037037,2.935185185185185,5
{29E5A36F-9E58-43F9-92D9-D95A0325719B},ANO1041,2021,round1,Southern,V1-C-6,0.5013371915868224,NA,0.46779931649016526,NA,0.44182299986886964,NA,0.8127082078734519,NA,0.44182299986886964,4.303030303030303,5.575757575757576,2.1515151515151514,2.1818181818181817,11
{5C9720CA-9D9A-439C-AC36-153CAF099FDB},ANO0666,2021,round1,Eastern,V1-C-6,0.5951861081852834,NA,NA,0.40922055122692236,NA,0.8707704870760178,NA,0.5312186997720597,0.40922055122692236,4.921348314606742,9.460674157303371,3.932584269662921,3.7865168539325844,7
{A829DE22-BB58-4F06-AED5-8FCC8DD05649},ANO0666,2021,round1,Eastern,V1-C-6,0.5982823276815041,NA,0.6189505926579097,NA,0.8385366782887006,NA,NA,0.9246514369196257,0.5982823276815041,4.941747572815534,6.902912621359223,3.2233009708737863,2.6407766990291264,14
{C8B4BB8D-AA1D-41F1-9266-6F8E7BFCB684},ANO1041,2021,round1,Southern,V1-C-8,0.5160553476701054,NA,0.5725120111747187,NA,0.941899943354569,NA,NA,0.5965386166954423,0.5160553476701054,4.4,6.6,3.5090909090909093,3.1454545454545455,19
{9CE2B911-E0C4-4E05-9F79-27E2BE7D2E98},ANO1041,2021,round1,Southern,V1-C-6,0.4452242215193065,NA,0.3748590549358278,NA,NA,0.9031784523751314,NA,0.5230519755083226,0.3748590549358278,3.933333333333333,4.666666666666667,3.8666666666666667,3.8666666666666667,11
{47C60898-CCFD-4AD2-B24A-B9FFCD0B7636},ANO1041,2021,round1,Southern,V1-C-5,0.5185850307469196,NA,0.4600542946939704,NA,0.3836883946229658,NA,0.8045936560116151,NA,0.3836883946229658,4.416666666666667,5.5,2,2.1666666666666665,11
{C7AC4C12-4C87-4970-8612-F327590B2405},ANO1149,2021,round1,Eastern,V2-C-1,NA,0.5995695291697062,0.46206521790085237,NA,0.4082713413650231,NA,0.3348028703173915,NA,0.3348028703173915,4.647058823529412,5.235294117647059,2.823529411764706,2.6470588235294117,7
{5EDFE643-5A90-4090-A4D5-88B857DDA073},ANO0449,2021,round1,Southern,V2-C-1,NA,0.7272201212749609,0.7205624813893567,NA,0.5915944984130802,NA,0.4876577782638265,NA,0.4876577782638265,4.570559610705596,6.738442822384428,3.6423357664233573,3.399026763990267,5
{F0F00355-17D2-406A-BF58-BA8A3E6D0C05},ANO0449,2021,round1,Southern,V1-C-5,0.8394546061538904,NA,NA,0.8594718593607074,0.2542150686347229,NA,0.6264737844255582,NA,0.2542150686347229,5.180493273542601,7.829596412556053,1.6625560538116593,1.8340807174887892,7
{A30B8AD9-E740-4A91-8741-7D58ED7E0004},ANO1030,2021,round1,Western,V1-C-1,0.8192362667894505,NA,0.5672354027767951,NA,0.3094261246959401,NA,0.6289528721634722,NA,0.3094261246959401,5.161290322580645,6.548387096774194,1.8064516129032258,1.8387096774193548,4
{E0CE0F5C-CA5B-46AC-8EFB-D7014382C899},ANO0666,2021,round1,Eastern,V1-C-2,0.9624348395608904,NA,NA,0.48345967777693927,NA,0.9439272883501226,NA,0.5080892742082426,0.48345967777693927,5.297297297297297,9,3.7837837837837838,4.013513513513513,7
{5BD1E07C-43A6-4D4D-A85E-D61E89E46EBC},ANO0666,2021,round1,Eastern,V1-C-5,0.5615896430527617,NA,0.5265065817053217,NA,0.4316494439508365,NA,0.7822786383915643,NA,0.4316494439508365,4.7,6.15,2.125,2.125,13
{D44DC413-EA9F-4F4E-A724-F18329CBA36E},ANO0744,2021,round1,Western,V1-C-1,0.52764192077502,NA,0.5541897756613009,NA,0.6569365959093252,NA,NA,0.9529174497439331,0.52764192077502,4.476337448559671,6.420781893004115,2.72119341563786,2.599794238683127,7
{F21E21B4-A161-4295-A439-ADF5E8539F87},ANO1030,2021,round1,Western,V1-C-1,0.9818397803802772,NA,0.7893091288540949,NA,0.12879680852367156,NA,0.5340148232964366,NA,0.12879680852367156,5.315727699530516,7.208920187793428,1.3356807511737088,1.698356807511737,9
{11242502-38AC-4B2E-A4AB-06575266F2B0},ANO0666,2021,round1,Eastern,V1-C-1,NA,0.586134830989861,NA,0.780615502805048,0.633058406368554,NA,0.8261391902654576,NA,0.586134830989861,5.706896551724138,7.9655172413793105,2.6551724137931036,2.206896551724138,7
{D4A6934C-4B27-4671-AC14-1D7B25D9F919},ANO0511,2021,round1,Southern,V1-C-5,0.5586513428574978,NA,NA,0.6826346803014545,0.7747207303330349,NA,0.5751550300254361,NA,0.5586513428574978,4.6806411837237984,8.134401972872997,3.0468557336621456,1.752157829839704,6
{84205CB8-452A-4AB5-AD12-751C30E4F006},ANO1030,2021,round1,Western,V1-C-1,NA,NA,NA,NA,NA,NA,NA,NA,NA,NA,NA,NA,NA,NA
{094CD079-2050-46B9-9484-4A0A0E273979},ANO1057,2021,round1,Central,V1-C-7,0.49532719747843734,NA,0.44149669463131863,NA,0.8099161214513937,NA,NA,0.7483031847650765,0.44149669463131863,4.263433813892529,5.3184796854521625,3.1441677588466583,2.896461336828309,18
{1BEF19F2-C5CF-41CE-BA16-E85087270E23},ANO0855,2021,round1,Southern,V1-C-5,0.5767677415136471,NA,0.4936455606557524,NA,0.6234374774316076,NA,NA,0.637479533000509,0.4936455606557524,4.8,5.828571428571428,2.6285714285714286,3.057142857142857,10
{DC39B0EB-BB31-4536-8CC3-628C4C360B78},ANO0855,2021,round1,Southern,V1-C-5,0.5615896430527617,NA,0.49072458100690175,NA,0.6854390194697062,NA,0.8938537264918192,NA,0.49072458100690175,4.7,5.8,2.8,2.3333333333333335,14
{FF4808EB-0C1E-48F6-87AB-1DA5DE3724E8},ANO1030,2021,round1,Western,V1-C-1,0.5246342728871275,NA,0.5445087062803032,NA,0.7656366662363774,NA,NA,0.9767654472331349,0.5246342728871275,4.456521739130435,6.326086956521739,3.0217391304347827,2.5652173913043477,4
{20265774-796A-41DD-9CF0-6027B72C58F8},ANO0724,2021,round1,Western,V1-C-1,NA,0.5777431738467272,0.6783242075165807,NA,0.3988891643552964,NA,0.8089834955434284,NA,0.3988891643552964,5.725409836065574,7.009562841530054,2.039617486338798,2.174863387978142,11
{9159F9B2-A557-4E1F-BEC3-F9E5AD20D469},ANO0724,2021,round1,Western,V1-C-1,0.5974768419560416,NA,0.5375964027450256,NA,0.5665907013817949,NA,0.8287997768198061,NA,0.5375964027450256,4.936440677966101,6.258474576271186,2.4766949152542375,2.211864406779661,18
{29E3BCD1-9387-4D3B-B57E-EE94BE8F0C55},ANO0724,2021,round1,Western,V1-C-1,NA,0.4806935866623304,0.57561751507558,NA,0.47135912995348217,NA,0.6944582464674928,NA,0.47135912995348217,5.939516129032257,6.630376344086021,2.228494623655914,1.961021505376344,12
{AB7E55D7-5CFD-46D2-8F20-FCC6ABB38AC4},ANO0666,2021,round1,Eastern,V1-C-5,0.5897775401944061,NA,0.5754329908235694,NA,0.4713885991082151,NA,0.6541266800592717,NA,0.4713885991082151,4.885714285714286,6.628571428571429,2.2285714285714286,1.8857142857142857,6
{CD3C32DF-1D79-48D6-A11E-2E0906A9FC80},ANO0666,2021,round1,Eastern,V3-C-1,0.5330317170807973,NA,0.881626368821741,NA,0.44591422053691465,NA,NA,0.5675675675675675,0.44591422053691465,4.513513513513513,6.216216216216216,1.4864864864864864,2,7
{22382F16-B814-4D9C-9F0C-5ACCB7691AD3},ANO0724,2021,round1,Western,V1-C-1,NA,0.8054080321247725,0.49072458100690175,NA,0.31974032885247144,NA,0.6796295573393298,NA,0.31974032885247144,5.5,5.8,1.8333333333333333,1.9333333333333333,7
{0E1F9E4F-0D7C-4BD6-9912-A73F5DE2F135},ANO0724,2021,round1,Western,V1-C-1,NA,NA,NA,NA,NA,NA,NA,NA,NA,NA,NA,NA,NA,NA
{9D0B3AC8-442F-438F-9580-84F6A435D1A0},ANO0724,2021,round1,Western,V1-C-1,0.46854130031429003,NA,0.534507525960869,NA,NA,0.4469395858145024,NA,0.5404771966009206,0.4469395858145024,4.086956521739131,6.228260869565218,5.380434782608695,3.6956521739130435,8
{55F7EECF-BB2C-4877-81D9-C5CE6571909D},ANO0421,2021,round1,Central,V1-C-5,0.5931648064312357,NA,0.541497412493853,NA,0.7662070040676958,NA,NA,0.9922641119641842,0.541497412493853,4.908031088082901,6.296632124352332,3.023316062176166,2.5427461139896375,14
{2547A4F8-6878-4BEE-8861-EB5DDABE4FC2},ANO0421,2021,round1,Central,V1-C-1,NA,0.5511804789370014,0.7167254864072665,NA,0.36862068768125056,NA,0.6702653872524865,NA,0.36862068768125056,5.784011220196353,7.078541374474053,1.9607293127629737,1.9158485273492285,12
{AD66A7D6-9950-4F2A-8448-ED0E46E23D0C},ANO1052,2021,round1,Eastern,V1-C-7,0.5105360391388741,NA,0.46049989868772406,NA,NA,0.45554243900073355,NA,0.3320729941061798,0.3320729941061798,4.363636363636363,5.504358655043586,5.3300124533001245,5.740971357409713,21
{302CF716-815B-432E-B571-07D7B72B5C8B},ANO1415,2021,round1,Eastern,V1-C-1,0.5628544845911687,NA,0.423136357465442,NA,0.35704336721859314,NA,0.9905521361787065,NA,0.35704336721859314,4.708333333333333,5.138888888888889,1.9305555555555556,2.513888888888889,11
{3314C7F9-FFEC-428E-A3C0-EE520A01A12D},ANO1415,2021,round1,Eastern,V2-C-1,NA,0.5880132456347775,0.4873851476360245,NA,0.20272396830804806,NA,0.27906077173544425,NA,0.20272396830804806,4.692410119840213,5.467376830892144,1.9054593874833556,2.3728362183754994,10
{98BD0C1D-ABD2-4107-B6AF-0B40E58E16EF},ANO0421,2021,round1,Central,V1-C-3,NA,0.4930616799854856,0.8091749642342191,NA,0.36326181821857767,NA,0.6891335072897401,NA,0.36326181821857767,5.912230215827337,7.244604316546763,1.9467625899280576,1.9510791366906475,13
{32BE6206-DED1-4D72-AA07-FD6EC15FB024},ANO0402,2021,round1,Eastern,V1-C-6,0.7357188141957671,NA,0.8486846156771655,NA,NA,0.6515805298962587,NA,0.4234415875815194,0.4234415875815194,5.081967213114754,7.315573770491803,4.378415300546448,4.844262295081967,17
{7B4D6580-E09F-4601-97B2-E24108430A25},ANO0402,2021,round1,Eastern,V1-C-2,0.5435507511646935,NA,NA,0.5281775886358885,0.7369446634664514,NA,0.9676918999780609,NA,0.5281775886358885,4.5811518324607325,8.722513089005234,2.9424083769633507,2.4712041884816753,6
{5D5A55D1-62C9-4DF9-92E1-E9BA1C33156E},ANO1356,2021,round1,Western,V1-C-1,0.7406758397132296,NA,0.5694965625850903,NA,0.5901752926348077,NA,0.9238765186326379,NA,0.5694965625850903,5.086675291073739,6.570504527813712,2.538163001293661,2.389391979301423,12
{68435B92-0DB6-4D57-87B1-FC6080E694E6},ANO0402,2021,round1,Eastern,V1-C-2,NA,0.7665729262045033,NA,0.6832546663720132,0.781885862640082,NA,0.8402976842036968,NA,0.6832546663720132,5.533333333333333,8.133333333333333,3.066666666666667,2.2333333333333334,8
{072DF842-6D5D-4EC2-9E9B-704BCBA0235B},ANO0402,2021,round1,Eastern,V1-C-6,0.8976685374568343,NA,0.9965274166391425,NA,NA,0.7742100943138981,NA,0.4106820543690721,0.4106820543690721,5.235783633841887,7.58113730929265,4.128987517337032,4.969486823855757,12
{5EBFF382-90A0-47B2-AA86-1E1ABE33EC34},ANO0402,2021,round1,Eastern,V1-C-2,NA,0.9219133498855803,NA,0.7606098514831916,NA,0.5914685971055544,NA,0.7228721999664645,0.5914685971055544,5.4,8,4.533333333333333,2.933333333333333,5
{C99114CF-91D8-4AA7-9D77-C56D947B6F00},ANO0927,2021,round1,Central,V1-C-1,0.7588072320426618,NA,0.9838923862772488,NA,0.6685295080047703,NA,0.9100828302154926,NA,0.6685295080047703,5.103896103896104,7.558441558441558,2.7532467532467533,2.3636363636363638,11
{DF9D206A-7AAB-4A57-BEC3-82D8F75A875D},ANO0927,2021,round1,Central,V1-C-1,NA,0.7726116290017573,0.6252395030635357,NA,0.48963988161000477,NA,0.5453166352009284,NA,0.48963988161000477,5.528150134048257,6.914209115281501,2.276139410187668,1.7131367292225201,12
{C260D692-9671-489B-8EF1-1AD654A70A1A},ANO0411,2021,round1,Eastern,V1-C-1,0.5572233407557945,NA,0.5405813021365984,NA,0.409968421651936,NA,0.7740251387238742,NA,0.409968421651936,4.671232876712328,6.287671232876712,2.0684931506849313,2.1095890410958904,5
{0D3DCA5B-C628-4CA1-8086-300866C942B8},ANO0927,2021,round1,Central,V1-C-1,0.9606268536141185,NA,NA,0.9913932766767637,NA,0.8675048677700739,NA,0.8674191581158063,0.8674191581158063,5.295580110497236,7.6022099447513805,3.939226519337016,2.7237569060773477,7
{7A94E0A4-51ED-4857-B1D8-162D58B67EB9},ANO0907,2021,round1,Eastern,V1-C-6,NA,0.7988381833788627,NA,0.5391968837361856,NA,0.7636946140311844,NA,0.4694367219891486,0.4694367219891486,5.5056390977443606,8.654135338345863,4.150375939849624,4.392857142857142,12
{C40A5616-DE33-4143-B8C6-2DCE1633F0FB},ANO0421,2021,round1,Central,V1-C-5,0.8125784693323579,NA,0.5184835597890252,NA,0.3892785566638302,NA,0.8018744750565892,NA,0.3892785566638302,5.154966887417219,6.071523178807947,2.014569536423841,2.16158940397351,13
{58BB27F5-F6ED-479A-B55C-63EFC9105FC8},ANO0927,2021,round1,Central,V1-C-1,NA,0.34940148536228915,0.6330510980562467,NA,0.8054952461244969,NA,0.8988126192962749,NA,0.34940148536228915,6.229166666666667,6.9282407407407405,3.1319444444444446,2.3425925925925926,12
{5762D3AF-BE61-416C-92E3-3F0465C6D10B},ANO0421,2021,round1,Central,V1-C-5,0.9794235718835642,NA,0.5020161292017123,NA,0.5497624758776823,NA,0.8272417335961446,NA,0.5020161292017123,5.313432835820896,5.91044776119403,2.4328358208955225,2.208955223880597,11
{71F0FA14-3BBD-4D2D-AD09-AC1EDE5D262E},ANO1462,2021,round1,Western,V1-C-1,NA,0.5567431423634126,0.5478424330534479,NA,NA,0.7948743628083302,NA,0.751860011662265,0.5478424330534479,5.771739130434783,6.358695652173914,4.086956521739131,2.8913043478260874,5
{415F0CF3-8F2F-4364-9268-C9CADC94C1B9},ANO0421,2021,round1,Central,V1-C-1,0.7736143775596719,NA,0.5547378034496194,NA,0.7766074222327766,NA,0.942420311067658,NA,0.5547378034496194,5.117959617428268,6.42614240170032,3.0520722635494155,2.424017003188098,11
{029840CF-F8D9-48A1-BE1E-37D2DF37204F},ANO0421,2021,round1,Central,V1-C-2,NA,0.9142640108406791,0.7917941032929112,NA,0.28437511066121324,NA,0.7099238842901869,NA,0.28437511066121324,5.406565656565657,7.213383838383837,1.7411616161616161,1.9898989898989898,16
{C37F2498-A2B5-40DB-BDF8-4F3B99FE6C84},ANO1415,2021,round1,Eastern,V2-C-1,NA,0.9413403201139143,0.5068461387213992,NA,0.13796956768662066,NA,0.17664513591403225,NA,0.13796956768662066,4.444649446494465,5.645756457564575,1.6162361623616235,1.8690036900369003,9
{CB71D8F4-DC1A-4158-A023-8909B0983BB7},ANO1415,2021,round1,Eastern,V2-C-1,0.8425071231262173,NA,0.4875952694680128,NA,0.1539976859762601,NA,0.17154478865266376,NA,0.1539976859762601,4.323621227887617,5.469302809573362,1.6878251821019772,1.8439125910509886,6
{1BBC6F82-D073-41C2-9E5F-96D35EFEAE3D},ANO1415,2021,round1,Eastern,V2-C-1,NA,0.5471071953673571,0.5775815223760654,NA,0.0987753245237959,NA,0.07174347221086963,NA,0.07174347221086963,4.852941176470588,6.294117647058823,1.4411764705882353,1.3529411764705883,8
{E5107F0E-2BE0-41E2-86CD-3BE4E96D2D44},ANO1415,2021,round1,Eastern,V2-C-1,NA,0.5642377533436344,0.5065298271631368,NA,0.1839102470895438,NA,0.2226325209083335,NA,0.1839102470895438,4.785714285714286,5.642857142857143,1.8214285714285714,2.0952380952380953,10
{FC4CAE21-5CD8-49BD-87E7-8782DA5486A8},ANO1415,2021,round1,Eastern,V2-C-1,NA,0.5346161635096547,0.5615375911989525,NA,0.2019406634708716,NA,0.14747269287789866,NA,0.14747269287789866,4.901960784313726,6.147058823529412,1.9019607843137254,1.7254901960784315,6
{21B160DF-38AD-4292-973E-202452701B83},ANO1415,2021,round1,Eastern,V3-C-1,0.6078956420946856,NA,NA,0.7157016729491337,0.5338448024865017,NA,0.7125475149008885,NA,0.5338448024865017,4.967032967032967,6.934065934065934,1.5824175824175823,1.3076923076923077,4
{AF77B85B-46E6-41CA-A927-70C06D41BDDD},ANO1415,2021,round1,Eastern,V1-C-6,0.7359552562990008,NA,0.611990748688398,NA,NA,0.8713001938562802,NA,0.6674434509137471,0.611990748688398,5.082191780821918,6.890410958904109,3.9315068493150687,3.0136986301369864,11
{50DC8473-336F-48A6-9564-8BCBAC68697C},ANO1176,2021,round1,Northern,V1-C-6,0.5011364577218345,NA,0.5819788674180524,NA,0.7220869897635729,NA,NA,0.6219241325664828,0.5011364577218345,4.301707779886147,6.692599620493358,2.901328273244782,3.079696394686907,14
{1E32AE31-3251-44FD-AD44-D59DA78FA99B},ANO0059,2021,round1,Northern,V1-C-2,NA,0.44117002059190114,0.7157530656742681,NA,NA,0.5622635533676468,0.9156099373267268,NA,0.44117002059190114,6.026711185308848,7.076794657762938,4.704507512520869,2.373956594323873,22
{943309EE-8DA2-4DF5-883E-21B538E46EDE},ANO0059,2021,round1,Northern,V3-C-2,0.515757739835086,NA,0.6740845842722937,NA,0.7598915890048037,NA,NA,0.5009197679354748,0.5009197679354748,4.399650959860384,5.890052356020942,1.7068062827225132,2.8219895287958114,11
{9A04C470-BB38-4BD3-91E7-FF125F9BFF93},ANO0059,2021,round1,Northern,V3-C-2,0.6208285598721943,NA,0.7077646107123358,NA,NA,0.7138766628553581,NA,0.49822190611664297,0.49822190611664297,4.9868421052631575,5.942982456140351,2.0021929824561404,2.8552631578947367,10
{B7DCF5D0-A530-4F53-AABC-82323C781DD7},ANO0076,2021,round2,Northern,V1-C-2,0.6613480605178688,NA,NA,0.7606098514831916,NA,0.5137811495341068,NA,0.680810339970559,0.5137811495341068,5.0113314447592074,8,4.9886685552407934,2.9943181818181817,4
{CA1848AB-0CA9-4551-89F4-08B542927A79},ANO1554,2021,round1,Southern,V1-C-6,0.5910942634932288,NA,0.5135332867797748,NA,0.6145362659508905,NA,0.8673408342699764,NA,0.5135332867797748,4.894389438943895,6.023102310231023,2.603960396039604,2.283828382838284,17
{72616ABD-3238-485C-ABDC-B03B4089465C},ANO1554,2021,round1,Southern,V1-C-6,0.7211392915904029,NA,0.5919560255674763,NA,0.6533119715743971,NA,0.9692505162707377,NA,0.5919560255674763,5.068119891008174,6.790190735694822,2.7111716621253406,2.4741144414168934,17
{A22634F4-A38F-4F5F-B37E-278F16DD51E2},ANO1554,2021,round1,Southern,V1-C-5,0.5937314986169897,NA,0.40593026002409155,NA,0.4062583001890225,NA,0.7625889169621076,NA,0.40593026002409155,4.911764705882353,4.970588235294118,2.0588235294117645,2.088235294117647,8
{81B10B1F-BF32-48EF-ADEF-5445F7D52A6D},ANO1554,2021,round1,Southern,V1-C-5,0.5911469926871175,NA,0.5219329425183057,NA,0.4846590247869041,NA,NA,0.7857931124676948,0.4846590247869041,4.894736842105263,6.105263157894737,2.263157894736842,2.8421052631578947,8
{CDA0BE7E-D8A9-4C2C-B57D-890D23ACA013},ANO1554,2021,round1,Southern,V1-C-5,NA,0.9464017287779796,0.47828716129189147,NA,0.4203465214977715,NA,0.7016887339930363,NA,0.4203465214977715,5.3789808917197455,5.678343949044587,2.0955414012738856,1.9745222929936306,12
{F0A76DBA-6D0B-4E15-A875-F693502A98D5},ANO1554,2021,round1,Southern,V2-C-1,NA,0.5532212267503377,0.5727683430229316,NA,0.1885395668103332,NA,0.4038716955379436,NA,0.1885395668103332,4.828947368421052,6.25,1.8421052631578947,2.986842105263158,6
{8334CFB3-DA27-4B3C-BE5E-17D172D999D8},ANO1554,2021,round1,Southern,V1-C-6,NA,0.8607612373957456,0.5065454526796356,NA,0.4531342579031405,NA,0.6450564259678119,NA,0.4531342579031405,5.452488687782805,5.954751131221719,2.180995475113122,1.8687782805429862,10
{8E7A11A6-57F3-44E3-8632-2CA70AE83403},ANO1554,2021,round1,Southern,V1-C-3,NA,0.29925123280569754,0.7594802081274071,NA,0.5382812914856171,NA,0.7829285903610801,NA,0.29925123280569754,6.339805825242718,7.155339805825243,2.4029126213592233,2.126213592233009,12
{50588F15-B140-4B1C-A38E-AEB7E770B948},ANO1554,2021,round1,Southern,V1-C-3,NA,0.18717433342522,0.9250448545961588,NA,0.4638620890217943,NA,0.8005969364378747,NA,0.18717433342522,6.587064676616915,7.45273631840796,2.2089552238805967,2.159203980099502,5
{48060011-16D0-4767-A1B7-5BB2E34DB454},ANO1293,2021,round1,Western,V6-C-4,NA,NA,NA,NA,NA,NA,NA,NA,NA,NA,NA,NA,NA,NA
{95304857-864F-48F0-B270-283EB9021573},ANO1293,2021,round1,Western,V6-C-1,NA,NA,NA,NA,NA,NA,NA,NA,NA,NA,NA,NA,NA,NA
{02337F36-5694-4D35-9868-01AE90616B6C},ANO1293,2021,round1,Western,V6-C-4,NA,NA,NA,NA,NA,NA,NA,NA,NA,NA,NA,NA,NA,NA
{6949AE19-9D38-476C-9378-CD1C9CF7057F},ANO1287,2021,round1,Southern,V1-C-6,NA,0.9249006657256009,0.5400067504669966,NA,0.6233049955041757,NA,0.8560898505194251,NA,0.5400067504669966,5.397435897435898,6.282051282051282,2.628205128205128,2.2628205128205128,14
{CE191142-1F35-4EB5-BB65-E108E4532127},ANO1287,2021,round1,Southern,V1-C-5,0.5615489510997835,NA,0.459369078288409,NA,0.5482732287775891,NA,0.8954620160500208,NA,0.459369078288409,4.699731903485255,5.493297587131368,2.428954423592493,2.3363363363363363,13
{E8ED9CF1-0566-4D76-A40D-023F191B0EE3},ANO0283,2021,round2,Northern,V3-C-2,0.5479689695311427,NA,0.8138845810104662,NA,0.42984746647100597,NA,NA,0.5577695211841553,0.42984746647100597,4.611973392461197,6.109756097560975,1.4689578713968958,2.1208425720620845,8
{6AC8D412-D5BF-4ED6-8A12-47A29F6D1C8A},ANO0283,2021,round2,Northern,V1-C-5,NA,0.5233064457354422,0.6878565628187043,NA,0.45374385993333866,NA,0.6032570363610431,NA,0.45374385993333866,5.845505617977528,7.026685393258427,2.182584269662921,1.7907303370786516,8
{0C732BBA-0504-41DC-AA03-0A83E6D61BF9},ANO1287,2021,round1,Southern,V1-C-5,0.5720975573718362,NA,0.4875789106158319,NA,0.6093943931238331,NA,0.8280831482432479,NA,0.4875789106158319,4.769230769230769,5.769230769230769,2.58974358974359,2.210526315789474,10
{60F7AE3A-391C-4403-BA3E-6D6A033A3708},ANO1287,2021,round1,Southern,V1-C-5,0.5623812445597919,NA,0.4485790175020573,NA,0.5489963197439716,NA,NA,0.9319667651761963,0.4485790175020573,4.705215419501133,5.387755102040816,2.430839002267574,2.6301703163017027,16
{A69F6852-30DD-42DC-A28B-505AFD843F67},ANO1088,2021,round1,Northern,V1-C-5,0.6261922255075899,NA,0.5765713137749596,NA,0.693949035043563,NA,0.8334719141081518,NA,0.5765713137749596,4.977941176470588,6.639705882352941,2.823529411764706,2.2205882352941178,7
{73A2B5EA-99E9-440A-B7E5-5B3C7DD52611},ANO1176,2021,round1,Northern,V1-C-6,0.5867187600257562,NA,0.5256687500657112,NA,0.4190188177005869,NA,NA,0.9334687347745562,0.4190188177005869,4.865561694290976,6.141804788213628,2.0920810313075506,2.6279926335174952,8
{88FF582E-B54F-47D8-B7C8-D4E5D485CD22},ANO1176,2021,round1,Northern,V1-C-2,NA,0.545651711225443,NA,0.9915755700615924,0.47460981514973494,NA,0.6645695644052291,NA,0.47460981514973494,5.7962085308056865,7.601895734597156,2.2369668246445498,1.90521327014218,5
{51AA3F02-B698-4478-8992-71DDF329995A},ANO1176,2021,round1,Northern,V1-C-2,NA,0.3249914886796614,0.8410648905480153,NA,0.45608243134428006,NA,0.7961728946455583,NA,0.3249914886796614,6.283018867924528,7.30188679245283,2.188679245283019,2.150943396226415,4
{DF2D1B76-264B-4C9C-8E3F-479F9E016673},ANO1176,2021,round1,Northern,V1-C-2,NA,NA,NA,NA,NA,NA,NA,NA,NA,NA,NA,NA,NA,NA
{134F43D4-4A09-48B5-BF0F-E93F1F069F0D},ANO1176,2021,round1,Northern,V1-C-6,0.5270289867235433,NA,0.48596686346251344,NA,0.6711122550236914,NA,NA,0.5609773363975201,0.48596686346251344,4.472299168975069,5.753462603878115,2.760387811634349,3.494459833795014,13
{8B0D014B-B31F-49D4-8A6A-A15E8CA6E95F},ANO1176,2021,round1,Northern,V1-C-6,0.5173380038780675,NA,0.5119942497175464,NA,0.6995567414830761,NA,NA,0.5106963094114944,0.5106963094114944,4.408450704225352,6.008048289738431,2.839034205231388,3.987927565392354,15
{954C990A-06E0-47F1-B637-ABB9D02841A5},ANO1176,2021,round1,Northern,V1-C-6,0.5318946411268668,NA,0.5466021016660856,NA,0.5478609700569939,NA,NA,0.5728905609218524,0.5318946411268668,4.504356243949662,6.346563407550823,2.427879961277832,3.377541142303969,16
{6EC6B1D1-A0E5-433E-992E-63453C22A8BC},ANO0284,2021,round1,Northern,V1-C-5,NA,0.9738365301767694,0.5380950170801587,NA,0.5094647007792972,NA,0.646292647038436,NA,0.5094647007792972,5.355432780847146,6.263351749539596,2.3278084714548806,1.871086556169429,11
{9A7AE1B2-6346-4CA3-B80E-82627C1F92DB},ANO0739,2021,round1,Northern,V1-C-1,0.6494174465156278,NA,NA,0.7606098514831916,NA,0.5118478244182683,NA,0.6768915331386421,0.5118478244182683,5,8,5,3,1
{B04FC432-AB2F-453C-A078-3CD5EB1AE39F},ANO0739,2021,round1,Northern,V1-C-1,NA,0.9219133498855803,NA,0.5801516133323271,NA,0.5800942010073707,NA,0.529844858307132,0.529844858307132,5.4,8.4,4.6,3.8,2
{5D95521D-3D5E-421D-ABED-06A87D15CC95},ANO1462,2021,round1,Western,V2-C-1,0.8723165821017846,NA,0.5705863683828443,NA,0.5127097844948499,NA,0.4146772693788263,NA,0.4146772693788263,4.34,6.23,3.29,3.04,13
{427D7383-AEF5-4C5F-BC15-728F43457F37},ANO0220,2021,round1,Western,V1-C-1,NA,0.1946769190791967,0.5940729603135103,NA,0.3738502306582744,NA,0.7153335855314115,NA,0.1946769190791967,6.57051282051282,6.810897435897436,1.9743589743589745,2,7
{AB7E361A-D6E6-4083-8B6C-C2F8BE89FB68},ANO1462,2021,round1,Western,V2-C-1,0.5594220238801212,NA,0.5203857618291882,NA,0.35756505683470763,NA,0.36159650121678266,NA,0.35756505683470763,3.974610974610975,5.76986076986077,2.5970515970515975,2.778869778869779,16
{2E2AB34C-61F2-4BD7-844D-CCDB661C9D96},ANO1462,2021,round1,Western,V1-C-1,0.7267473725838207,NA,0.839699960373902,NA,0.32299192541707294,NA,0.8015678909105914,NA,0.32299192541707294,5.073446327683616,7.299435028248587,1.84180790960452,2.1610169491525424,12
{8CF6D0EE-9491-4DCA-B785-362A0E08F967},ANO1462,2021,round1,Western,V1-C-2,0.34572335383127967,NA,0.8740358668915379,NA,0.6506109927692928,NA,NA,0.546260991737588,0.34572335383127967,3.2777777777777777,7.361111111111111,2.7037037037037037,3.638888888888889,11
{23D6C369-43DD-4AD5-9112-48E551E71F93},ANO0220,2021,round1,Western,V1-C-1,0.5134319726274831,NA,0.5995220575573004,NA,0.4310573322307394,NA,0.6492150148053345,NA,0.4310573322307394,4.382716049382716,6.864197530864198,2.123456790123457,1.876543209876543,6
{093E805B-3104-43C4-B51B-82E0A9D5D5AE},ANO0220,2021,round1,Western,V1-C-1,0.6494174465156278,NA,NA,0.7606098514831916,NA,0.5118478244182683,NA,0.6768915331386421,0.5118478244182683,5,8,5,3,1
{5A063A1A-BF01-4A12-B232-6742BDD5B969},ANO0220,2021,round1,Western,V1-C-1,NA,0.7262994830279267,0.5789069131219966,NA,0.7667044151040043,NA,0.9114853453521062,NA,0.5789069131219966,5.567901234567902,6.662551440329218,3.0246913580246915,2.366255144032922,11
{BAC69C8C-0777-4B12-947A-4E7A9D89AB48},ANO1384,2021,round1,Eastern,V1-C-1,NA,0.5578801263165035,NA,0.44627047179409796,NA,0.5643450371791162,NA,0.623836917568078,0.44627047179409796,5.769230769230769,9.23076923076923,4.6923076923076925,3.076923076923077,3
{69C61372-EA43-4FFA-A332-FB018312BFA3},ANO1384,2021,round1,Eastern,V2-C-1,NA,0.9186106842674726,0.4821997391643437,NA,0.19227257827151117,NA,0.181549320900025,NA,0.181549320900025,4.458015267175573,5.419847328244275,1.8587786259541987,1.8931297709923665,10
{9174DF1C-71F1-4C97-84F3-D9A84B799263},ANO1384,2021,round1,Eastern,V2-C-1,0.5709412482295075,NA,0.8602526398259114,NA,0.4555018413672059,NA,0.4090697336198158,NA,0.4090697336198158,4.035862068965518,7.0151724137931035,3.0344827586206895,3.0124137931034483,10
{25E381F0-43EB-478D-BE1B-CE791364C22F},ANO1384,2021,round1,Eastern,V1-C-1,0.790848643101886,NA,0.4956074126587118,NA,0.4902048743242667,NA,0.6274057549091211,NA,0.4902048743242667,5.134328358208955,5.847761194029851,2.2776119402985073,1.835820895522388,13
{C309DD3A-2127-4FA9-BEFA-5218C1F79DC2},ANO1390,2021,round1,Eastern,V2-C-2,0.566812150918575,NA,NA,0.4150415773245266,NA,0.3894227612502834,NA,0.8443443833939526,0.3894227612502834,4.013906447534766,9.011378002528446,5.769911504424779,4.987357774968395,4
{E3E3802F-D9AA-4BB0-95E6-E870BB1D0EDD},ANO1192,2021,round1,Northern,V6-C-4,NA,NA,NA,NA,NA,NA,NA,NA,NA,NA,NA,NA,NA,NA
{08BFC158-30F1-4164-815E-9EA80D6D7F13},ANO1192,2021,round1,Northern,V6-C-3,NA,NA,NA,NA,NA,NA,NA,NA,NA,NA,NA,NA,NA,NA
{4A392CE8-206F-45A1-89FA-24BC73DF9B4F},ANO1192,2021,round1,Northern,V6-C-4,NA,NA,NA,NA,NA,NA,NA,NA,NA,NA,NA,NA,NA,NA
{B51E8F66-D8CC-4D82-80B4-C2A5F0452C15},ANO0220,2021,round1,Western,V1-C-1,NA,0.6759576790572085,NA,0.7606098514831916,NA,0.7215434688308091,NA,0.9834293119907903,0.6759576790572085,5.611111111111111,8,4.236111111111111,2.5555555555555554,5
{D1B349A4-BAF2-4A52-AF91-7D877E061F8B},ANO0687,2021,round1,Western,V1-C-1,0.5410691852427515,NA,0.45691613443002793,NA,0.4595885545415607,NA,0.8916588067259124,NA,0.45691613443002793,4.564802182810369,5.469304229195089,2.197817189631651,2.3292349726775954,10
{1B411723-A0D1-4B77-9CB4-ADEA5FC86D35},ANO0912,2021,round1,Northern,V6-C-3,NA,NA,NA,NA,NA,NA,NA,NA,NA,NA,NA,NA,NA,NA
{B36E40A1-6EE2-44AD-88FB-5D9A05735BE6},ANO0209,2021,round1,Western,V6-C-3,NA,NA,NA,NA,NA,NA,NA,NA,NA,NA,NA,NA,NA,NA
{200DD66A-AC45-4B27-AB46-18B48D5EEC16},ANO0737,2021,round1,Northern,V1-C-2,0.7651181812076825,NA,0.5561095869927115,NA,0.6981572845031624,NA,0.6974815714353706,NA,0.5561095869927115,5.1098901098901095,6.43956043956044,2.8351648351648353,1.9666666666666666,9
{F8D8D7FF-4CB8-48D1-AECB-3768F1780910},ANO0737,2021,round1,Northern,V1-C-2,0.6700620874116612,NA,NA,0.7285508843916606,NA,0.49998682313941356,NA,0.5020194667355384,0.49998682313941356,5.019607843137255,8.055258467023172,5.06951871657754,4.073083778966132,7
{75FC7F13-BA8C-4A81-81D5-CF158A39D4C1},ANO0737,2021,round1,Northern,V1-C-1,0.7702393612678234,NA,0.6273681925756918,NA,0.5409377366815582,NA,0.7241132645950379,NA,0.5409377366815582,5.114754098360656,6.918032786885246,2.4098360655737703,2.0163934426229506,11
{A178D2E2-6587-4271-9F8B-3CBE664A7B0E},ANO0971,2021,round1,Northern,V1-C-5,0.8492516929113958,NA,0.5914550666198745,NA,0.5434447724553039,NA,NA,0.5485071555337543,0.5434447724553039,5.189798339264532,6.785290628706999,2.416370106761566,3.616844602609727,15
{8B5F9834-33BA-457E-BFCD-40785D431F22},ANO0971,2021,round1,Northern,V1-C-5,0.9120893847354281,NA,0.5772730258206623,NA,0.39326066226428724,NA,0.5913897662602973,NA,0.39326066226428724,5.249480249480249,6.646569646569646,2.024948024948025,1.7733887733887732,14
{16E4264E-D6CF-4732-91B2-D75893264F40},ANO0971,2021,round1,Northern,V1-C-6,0.5715209914284027,NA,0.5805897820554908,NA,NA,0.8133472825687496,NA,0.5547520952360998,0.5547520952360998,4.765432098765432,6.679012345679013,4.049382716049383,3.5555555555555554,19
{C68A612F-4508-4E6B-B9FE-F720ED06D12C},ANO0971,2021,round1,Northern,V1-C-2,0.9777573692903784,NA,0.6602689515321578,NA,NA,0.8989536566720385,NA,0.9937853180330926,0.6602689515321578,5.3118503118503115,6.977130977130978,3.8752598752598755,2.5405405405405403,17
{7C659A4D-4061-494D-9C12-399697222B14},ANO0971,2021,round1,Northern,V3-C-1,0.6132986345085389,NA,0.5974185967929329,NA,NA,0.5914447314821049,NA,0.5265265265265265,0.5265265265265265,4.9753086419753085,5.753086419753086,2.1728395061728394,2.506172839506173,9
{B90E19F4-F3F9-4D45-908D-452FC4A1D9AA},ANO0985,2021,round1,Northern,V1-C-1,0.5964099865806753,NA,0.5532679099587618,NA,0.559733658038209,NA,NA,0.9933467107183598,0.5532679099587618,4.929411764705883,6.411764705882353,2.458823529411765,2.541176470588235,12
{B3BFD216-4800-446D-8A0D-DCC260AE0A97},ANO1096,2021,round1,Northern,V1-C-2,0.5832994099871146,NA,0.5894248439563352,NA,0.9721004700038782,NA,NA,0.6452646194475479,0.5832994099871146,4.843033509700176,6.765432098765432,3.592592592592592,3.045855379188712,13
{6D3205D8-EC00-4E97-88D1-AAAB97CDD01A},ANO1096,2021,round1,Northern,V1-C-1,0.6937869651612026,NA,0.5792888170342958,NA,0.6337828372363701,NA,NA,0.9293395499869478,0.5792888170342958,5.042141230068337,6.66628701594533,2.6571753986332576,2.6339794754846064,13
{63BA7C67-603A-49A0-A98D-6A085C8113CD},ANO0414,2021,round1,Eastern,V1-C-4,0.8112325109158893,NA,0.440780617502784,NA,NA,0.5415657650436457,NA,0.7123007520127462,0.440780617502784,5.153688524590164,5.311475409836065,4.825819672131148,2.9486607142857144,31
{C014DC9C-89C9-4E32-B271-7E6FFA25D826},ANO0414,2021,round1,Eastern,V1-C-8,0.9410730381216392,NA,0.5421815618292437,NA,NA,0.5092484125675752,NA,0.46573457281721276,0.46573457281721276,5.2770083102493075,6.303324099722992,5.015235457063712,4.429190751445087,22
{37E79D50-9F59-41A9-897C-17E820F55109},ANO1474,2021,round1,Northern,V6-C-1,NA,NA,NA,NA,NA,NA,NA,NA,NA,NA,NA,NA,NA,NA
{51EE6814-ACC7-42A6-88C4-7446CCB84995},ANO1474,2021,round1,Northern,V1-C-6,NA,0.053073643346170596,0.6923797113544228,NA,NA,0.29668816404835285,NA,0.8583941653537297,0.053073643346170596,6.882911392405063,7.034810126582278,6.261075949367088,2.736842105263158,9
{54A7EF7E-23C7-4825-A67D-D6D8FC351C5D},ANO0769,2021,round1,Northern,V1-C-6,NA,0.6547229208253046,0.5556772167947501,NA,NA,0.8919083895931305,0.9860139436663256,NA,0.5556772167947501,5.629337539432177,6.435331230283912,3.889589905362776,2.5054151624548737,13
{F15C066C-E823-4A71-8BA4-33D6EF5AF8C9},ANO1364,2021,round1,Northern,V3-C-2,0.5625876424189313,NA,NA,0.9588805800245765,0.45830072666294014,NA,NA,0.5827702702702703,0.45830072666294014,4.708333333333333,6.479166666666667,1.5,1.8125,9
{92663348-4A50-4C57-B3C1-1E0F18F44289},ANO1500,2021,round1,Northern,V3-C-2,0.7383220633891256,NA,NA,0.8552461167024593,NA,0.5619026515596858,NA,0.544601060390534,0.544601060390534,5.166804979253112,6.673029045643154,2.463900414937759,2.283253588516746,12
{65932096-B058-4B68-9267-6676FEA4AB47},ANO1500,2021,round1,Northern,V1-C-5,0.5302191139130702,NA,0.5638413510506094,NA,0.4517546225876717,NA,0.9929065159276063,NA,0.4517546225876717,4.493317132442285,6.515188335358445,2.177399756986634,2.5182849936948295,15
{D95812C9-D7D3-4EA2-AAE3-9B63D1C01114},ANO1500,2021,round1,Northern,V1-C-5,NA,0.5109983460385014,0.7974095737547028,NA,NA,0.8333294665599958,0.9583283327551968,NA,0.5109983460385014,5.872659176029963,7.22347066167291,4.008739076154807,2.453720508166969,10
{0528B171-2576-4A54-9229-28F489251AE1},ANO1364,2021,round1,Northern,V3-C-2,0.551085113719631,NA,0.6423400125716673,NA,0.5384407444400662,NA,NA,0.5587062472308374,0.5384407444400662,4.632513661202186,5.840163934426229,1.587431693989071,2.109289617486339,13
{510BFB63-35C5-4F0D-870B-4FAB3BB86BE2},ANO1364,2021,round1,Northern,V3-C-2,0.558072492800802,NA,0.9803897608346055,NA,0.8046682650932402,NA,NA,0.5194980694980695,0.5194980694980695,4.678571428571429,6.371428571428571,1.7214285714285715,2.592857142857143,6
{0F1C0455-08BC-4ED2-9F9B-242AB153AD74},ANO1500,2021,round1,Northern,V3-C-2,0.5683681374290254,NA,0.9118710376882926,NA,0.499370445549232,NA,NA,0.5641823085814939,0.499370445549232,4.746435845213849,6.263747454175153,1.5448065173116088,2.0417515274949083,10
{5E5A22D8-42F5-4300-AF90-C7227BA7F094},ANO1500,2021,round1,Northern,V1-C-1,NA,0.7786358117201492,NA,0.5044019353457238,NA,0.5691704545168804,NA,0.5812019074182706,0.5044019353457238,5.5229793977813,8.870047543581617,4.664025356576862,3.295971978984238,8
{EFEE3242-BE92-4792-A05F-3A9BC4AE5518},ANO0955,2021,round1,Central,V1-C-6,NA,0.583252016067029,0.7556250673793798,NA,NA,0.6017220765748039,NA,0.4411212788415191,0.4411212788415191,5.713256484149856,7.148414985590778,4.479827089337175,4.670750382848392,12
{E059B79E-88EA-4F4C-9F69-7033AAE15B8D},ANO0955,2021,round1,Central,V1-C-1,NA,0.5892608834218067,NA,0.5499353834712684,NA,0.6532596404306876,NA,0.4790305662017527,0.4790305662017527,5.7,8.5875,4.375,4.298701298701299,3
{E217B52A-B9CF-40C4-A2AC-B2BDCDD9C513},ANO0966,2021,round1,Northern,V1-C-5,NA,0.47125988782550043,0.6120742092849417,NA,0.5689715728745486,NA,0.832716691916337,NA,0.47125988782550043,5.960328317373461,6.890560875512996,2.482900136798906,2.219178082191781,7
{DA613B04-2963-4FDB-AAE4-11E9657AEEF1},ANO0966,2021,round1,Northern,V1-C-6,0.590892200869368,NA,0.5380247223750624,NA,0.5319807197492904,NA,NA,0.9680449112697863,0.5319807197492904,4.893058161350845,6.26266416510319,2.386491557223265,2.577861163227017,12
{814EDC42-D197-4ED0-9E10-1DDEDFA6F45F},ANO1368,2021,round1,Northern,V1-C-5,0.5630584912909119,NA,0.5760297501066679,NA,0.4620763462126039,NA,0.8189904415729383,NA,0.4620763462126039,4.709677419354839,6.634408602150538,2.204301075268817,2.193548387096774,9
{C1642D22-3D28-44BE-ADA5-D3E12071FE34},ANO1406,2021,round1,Northern,V1-C-6,0.5115581333113244,NA,0.5244240314001227,NA,0.2344762411584791,NA,0.6855802287046768,NA,0.2344762411584791,4.37037037037037,6.12962962962963,1.6111111111111112,1.9444444444444444,7
{09A68FD3-BC2F-487D-A3AC-859476071614},ANO1406,2021,round1,Northern,V1-C-6,0.5386329220124055,NA,0.5604350195725815,NA,0.4857167348530857,NA,0.9824664636647532,NA,0.4857167348530857,4.548751007252216,6.481869460112812,2.265914585012087,2.4987912973408544,8
{4AD1325A-18D1-4F4F-8B05-96C360D3E3ED},ANO1406,2021,round1,Northern,V1-C-6,0.49462404594227094,NA,0.5727454672075479,NA,0.19786784955818035,NA,0.7204293079184831,NA,0.19786784955818035,4.258801141769744,6.602283539486204,1.51569933396765,2.009514747859182,6
{6EF03061-D48F-47FC-B37E-7BE38D0CA279},ANO1406,2021,round1,Northern,V1-C-6,0.7969543069318666,NA,0.5730329502203737,NA,0.7370411521213723,NA,0.9217119650493352,NA,0.5730329502203737,5.140127388535032,6.605095541401274,2.942675159235669,2.385350318471338,13
{39D1D2E4-1A29-4E39-976B-231EA2748323},ANO0769,2021,round1,Northern,V1-C-6,NA,0.57960086893948215,NA,0.5415805133566808,NA,0.5370206682421175,NA,0.589644498683536,0.5370206682421175,5.721311475409836,8.639344262295081,4.852459016393443,3.2131147540983607,6
{F98B4688-A310-4ABB-B22F-BB9EEADC58B0},ANO0769,2021,round1,Northern,V1-C-6,NA,0.706460348458185,0.963799693748866,NA,NA,0.5257934441555049,NA,0.6757663944723822,0.5257934441555049,5.584929757343551,7.52234993614304,4.918263090676884,3.00163132137031,9
{7853E11A-C3CA-4930-81B4-F249B8C32CC2},ANO1012,2021,round1,Northern,V1-C-6,0.6341583641142118,NA,0.8262983586265609,NA,NA,0.8233754390101201,NA,0.47296713815590713,0.47296713815590713,4.9855072463768115,7.27536231884058,4.028985507246377,4.358208955223881,7
{80739A22-EF87-4A71-83EB-C4CE617060BC},ANO0911,2021,round2,Northern,V1-C-6,NA,0.2053212903012006,0.6165022949017295,NA,0.42452651583283585,NA,0.729915676253425,NA,0.2053212903012006,6.547029702970297,6.898514851485149,2.1064356435643563,2.0272277227722775,12
{C6DEB983-FA4B-41DC-93D9-27B54B804FBC},ANO0257,2021,round1,Northern,V1-C-6,0.9491948361934457,NA,0.5407057883316788,NA,0.7195972764258809,NA,0.8492236912517171,NA,0.5407057883316788,5.284722222222222,6.288888888888889,2.8944444444444444,2.25,16
{D718F845-19CC-4874-B009-2EE702DF0A8F},ANO1012,2021,round1,Northern,V1-C-7,0.572369629902894,NA,0.5187328397675118,NA,NA,0.67623538451547,NA,0.4955294442900463,0.4955294442900463,4.771023302938196,6.073961499493414,4.328267477203648,4.13677811550152,24
{B2A0D0D1-25FE-4CBB-9EA5-BA6B7C3624DF},ANO1012,2021,round1,Northern,V2-C-2,NA,0.44603209135283295,0.847732231553599,NA,NA,0.5597437496910763,NA,0.7005819268869586,0.44603209135283295,5.249598715890851,6.990369181380418,4.79454253611557,5.276886035313002,16
{46959E86-DEEB-4C6C-B173-24EAB5198CF0},ANO0257,2021,round1,Northern,V1-C-6,NA,0.44601870863982923,0.556285501452812,NA,0.7339627648548019,NA,0.9383249359837356,NA,0.44601870863982923,6.016014234875445,6.4412811387900355,2.934163701067616,2.416370106761566,10
{3BF9E31C-5023-488A-A116-D574DFF84640},ANO0147,2021,round1,Central,V4-C-2,NA,NA,NA,NA,NA,NA,NA,NA,NA,NA,NA,NA,NA,NA
{2D409DD4-4138-48EB-B50D-17E074363FB0},ANO0147,2021,round1,Central,V1-C-6,NA,0.996303569672043,NA,0.7596298449150599,0.7644944766460994,NA,NA,0.5471598247655837,0.5471598247655837,5.336148648648648,8.00168918918919,3.0185810810810807,3.6300675675675675,13
{308153C8-8F85-4F73-B056-8B13047E911D},ANO0378,2021,round1,Northern,V1-C-5,0.8727549252999884,NA,0.7573509715293845,NA,0.7796938889316642,NA,0.9019682783536558,NA,0.7573509715293845,5.212121212121212,7.151515151515151,3.0606060606060606,2.3484848484848486,9
{0C70C1AD-04CA-4BAB-AB33-F125F3ADF6E6},ANO0378,2021,round1,Northern,V1-C-5,0.6494174465156278,NA,0.9458269167708622,NA,0.40613374221128495,NA,0.9192721571583671,NA,0.40613374221128495,5,7.490066225165563,2.0584988962472406,2.380794701986755,6
{AD2FF3CC-4690-47C1-9991-47E6239843FC},ANO0378,2021,round1,Northern,V1-C-6,NA,0.4666655487014633,0.6025303844238887,NA,0.974474337451813,NA,NA,0.953954525562699,0.4666655487014633,5.970464135021097,6.8734177215189876,3.5991561181434597,2.5982905982905984,7
{3FE756ED-1B5E-4AE0-8E55-5254CE3E97F5},ANO0378,2021,round1,Northern,V1-C-6,0.5869159744981847,NA,0.531737519749947,NA,0.4189250839250749,NA,NA,0.5335284623904514,0.4189250839250749,4.866861030126336,6.201166180758017,2.0918367346938775,3.7638483965014577,11
{9B535C8D-DF52-4379-BCAD-B1815FBAFE43},ANO0378,2021,round1,Northern,V1-C-5,0.7516836146628665,NA,0.44316570191189264,NA,0.5138431774935964,NA,NA,0.904764815762176,0.44316570191189264,5.097130242825608,5.334805003679175,2.339220014716703,2.6696100073583517,11
{5BFA0573-5FF3-4CCB-B697-043FAAA915A3},ANO0378,2021,round1,Northern,V1-C-6,0.5562273208420299,NA,0.5255577005918478,NA,0.8471102060565747,NA,NA,0.9236590340035261,0.5255577005918478,4.664670658682636,6.140718562874252,3.247005988023952,2.6422155688622757,16
{14473AAF-8A68-427B-A0E3-E74819476C97},ANO0532,2021,round1,Central,V1-C-6,0.557548941225367,NA,0.4491904721744757,NA,0.5137304344112863,NA,NA,0.7941576633035581,0.4491904721744757,4.673378076062639,5.3937360178970915,2.338926174496644,2.8299776286353464,13
{F11C02B3-008E-44F1-9D34-5C311BCCC7AF},ANO0532,2021,round1,Central,V1-C-6,0.5455154206975066,NA,0.5711539173158435,NA,0.9966669322095347,NA,0.983113796972023,NA,0.5455154206975066,4.594095940959409,6.586715867158671,3.6605166051660514,2.5,13
{B9E6B7FB-CDBE-4547-8ED1-246216630D19},ANO0532,2021,round1,Central,V1-C-1,NA,0.5802543903401907,0.6276654710915608,NA,0.2262136789145173,NA,0.3935452300816967,NA,0.2262136789145173,5.719869706840391,6.9185667752443,1.5895765472312704,1.514657980456026,11
{B7CD5660-1A73-43E0-BC3E-D057B5869A6F},ANO0532,2021,round1,Central,V1-C-2,0.5448738940942047,NA,0.6420719182800275,NA,0.4488903440360189,NA,0.9621114274472689,NA,0.4488903440360189,4.589869281045751,6.944444444444444,2.169934640522876,2.46078431372549,11
{352AEE3B-5677-4F2D-974D-E2DBFB50FED7},ANO1118,2021,round1,Central,V1-C-2,NA,0.5117140879889182,0.9465077625669114,NA,NA,0.4779624283766407,NA,0.674488362398512,0.4779624283766407,5.871080139372823,7.491289198606272,5.198606271777003,3.0034843205574915,16
{BA5CBE6D-19D9-4449-9A26-7AE151DD55C0},ANO1169,2021,round1,Northern,V3-C-2,0.5767057443956191,NA,0.817210250381122,NA,0.7330030520985166,NA,NA,0.546849985874376,0.546849985874376,4.801393728222997,6.114982578397213,1.6980255516840883,2.2555168408826947,9
{923C666F-6C7D-4C6F-B458-01BC24794353},ANO1169,2021,round1,Northern,V3-C-2,0.5985320356104993,NA,0.7386871123845841,NA,0.8518679084434282,NA,NA,0.5597155049786628,0.5597155049786628,4.945263157894737,5.991578947368422,1.736842105263158,2.096842105263158,9
{51904869-CB6D-4B23-AA69-5EAE621B1488},ANO1118,2021,round1,Central,V1-C-6,0.6651320239141013,NA,0.48889351913747303,NA,0.2851892843615477,NA,0.6849585167709837,NA,0.2851892843615477,5.014925373134329,5.782089552238806,1.7432835820895523,1.943283582089552,15
{EFF54689-27D2-4D5A-BC62-CB0D0165BBC0},ANO1118,2021,round1,Central,V1-C-2,0.5296846605737575,NA,NA,0.558280818385275,0.8961704510396724,NA,NA,0.903862426791285,0.5296846605737575,4.489795918367347,8.535714285714286,3.3826530612244894,2.6709183673469385,10
{40388E1E-6016-45A1-9C22-DF3614B8C0F8},ANO0701,2021,round1,Western,V1-C-2,0.577921421206636,NA,0.5842653117095238,NA,0.6710063564774646,NA,0.8552662375906384,NA,0.577921421206636,4.807600950118765,6.714964370546318,2.7600950118764844,2.2612826603325415,10
{23CDE370-793C-4CA4-9CED-63B7C0997F52},ANO1169,2021,round1,Northern,V3-C-2,0.6031422811597147,NA,0.7873856200085791,NA,0.6148539174453538,NA,NA,0.5680696176052212,0.5680696176052212,4.959752321981425,6.06811145510836,1.6594427244582046,1.993808049535604,11
{86902070-4B17-426F-9162-6476AC3CC69F},ANO1169,2021,round1,Northern,V3-C-2,0.5872308932964493,NA,0.584325657733197,NA,NA,0.9142416393293942,NA,0.5293429869137024,0.5293429869137024,4.870770937326678,5.6489184692179695,1.8502495840266222,2.471436494731004,9
{ECD12836-58F3-4042-8FFC-605B8F89D548},ANO1298,2021,round1,Southern,V8-C-2,NA,NA,NA,NA,NA,NA,NA,NA,NA,NA,NA,NA,NA,NA
{6AB28721-D38C-4EEF-BC50-447C1F2505AC},ANO0413,2021,round1,Western,V1-C-1,0.5750967581968524,NA,0.540247245145213,NA,0.3132868543251739,NA,NA,0.6262706155300306,0.3132868543251739,4.7889908256880735,6.284403669724771,1.81651376146789,3.073394495412844,10
{A0B4D656-F91E-4B4A-94B2-03782F753322},ANO0413,2021,round1,Western,V1-C-1,0.5802260424287855,NA,0.5428770087879623,NA,0.36668954169663187,NA,NA,0.5629924066481575,0.36668954169663187,4.822784810126582,6.310126582278481,1.9556962025316456,3.4746835443037973,9
{20B300FC-D3DB-4DC5-BBA5-E3AC74240767},ANO1118,2021,round1,Central,V3-C-2,0.581216372300353,NA,0.891534923026847,NA,0.9884884235194044,NA,NA,0.5579022731340612,0.5579022731340612,4.83112582781457,6.231788079470198,1.781456953642384,2.119205298013245,13
{F1FBCCB7-340E-42A9-8036-93AD89B609BF},ANO1118,2021,round1,Central,V1-C-1,0.6540865227271471,NA,NA,0.7631826403449822,NA,0.5118478244182683,NA,0.6768915331386421,0.5118478244182683,5.004434589800443,7.995565410199557,5,3,2
{1B994369-07C0-4298-8AB8-D54FB6C21626},ANO0532,2021,round1,Central,V1-C-2,NA,0.8616907943280617,0.7509941202367374,NA,0.7647630535265008,NA,0.8524577517763623,NA,0.7509941202367374,5.451690821256038,7.1400966183574885,3.0193236714975846,2.2560386473429954,21
{7F3D7251-3664-48CB-9772-B39EAC68B991},ANO0532,2021,round1,Central,V1-C-5,0.5822016233314069,NA,0.5062179602748967,NA,0.4792231900539869,NA,0.8919315715420435,NA,0.4792231900539869,4.835800807537012,5.951547779273216,2.2489905787348587,2.3297442799461643,19
{68057A59-9EDE-4945-AABE-18AA6BAC27B8},ANO0532,2021,round1,Central,V1-C-2,0.7284537660854294,NA,NA,0.9628117428595967,NA,0.8323536600656437,NA,0.9228203007566188,0.7284537660854294,5.075067024128687,7.651474530831099,4.010723860589812,2.64343163538874,13
{13C887B6-20A1-4F6B-BA17-5EA81EB5AAFC},ANO0532,2021,round1,Central,V1-C-2,NA,0.8373481322941839,NA,0.9287513439245911,NA,0.9916657362172938,NA,0.9884315603402052,0.8373481322941839,5.4725848563968675,7.710182767624022,3.6866840731070494,2.548302872062663,14
{70E37D2E-7F16-4F15-AE06-D1A8CEA8B15B},ANO0532,2021,round1,Central,V1-C-3,NA,0.4062571044338025,0.8693516709721348,NA,0.6842384363597017,NA,0.8264457064611258,NA,0.4062571044338025,6.1037344398340245,7.352697095435683,2.7966804979253115,2.20746887966805,11
{9DA83353-5F30-42CD-B9D0-BE4A43E03561},ANO1118,2021,round1,Central,V1-C-2,NA,0.8722553455940878,0.593680825855607,NA,0.81432873201675,NA,0.9132140444269956,NA,0.593680825855607,5.442622950819673,6.807061790668348,3.156368221941993,2.369482976040353,17
{14BEA65E-89C0-4EF7-9A01-34BD1DBD570E},ANO0413,2021,round1,Western,V1-C-5,0.521664383263105,NA,0.4586355000588229,NA,0.2841910868975813,NA,0.8261831258739961,NA,0.2841910868975813,4.43695479777954,5.486122125297383,1.7406819984139572,2.2069785884218875,9
{CCBE90C6-D199-48E8-9976-83800C00ED54},ANO0532,2021,round1,Central,V1-C-1,NA,0.5617749011345377,0.5931038818907294,NA,0.3728036174705413,NA,0.7257789129280311,NA,0.3728036174705413,5.76063829787234,6.801418439716312,1.971631205673759,2.019503546099291,16
{A6578479-A31D-4004-994D-CC8E3B4BF2C5},ANO0413,2021,round1,Western,V1-C-2,0.9327026534298074,NA,0.530426326817064,NA,0.6053189401095623,NA,0.918270158327211,NA,0.530426326817064,5.2690582959641254,6.188340807174888,2.57847533632287,2.3789237668161434,18
{0A30CDFC-5E09-4BDC-A8CC-17D5DF189541},ANO0532,2021,round1,Central,V1-C-2,NA,0.48602000282229196,0.8715573958078031,NA,0.8957497429518348,NA,0.8700779063639092,NA,0.48602000282229196,5.927765237020317,7.356659142212189,3.3814898419864563,2.288939051918736,9
{739F3616-2467-43B5-82BC-BAD046A8577C},ANO0532,2021,round1,Central,V1-C-6,0.5645512232402516,NA,0.5515352808001225,NA,0.35678341573172123,NA,0.8484072881680568,NA,0.35678341573172123,4.719512195121952,6.394817073170732,1.9298780487804879,2.2484756097560976,16
{22590596-EC23-4F04-A2EA-45484271CEBB},ANO0954,2021,round1,Eastern,V1-C-1,0.7020612808005127,NA,NA,0.8186262403165754,0.8120255011308243,NA,NA,0.8493190337429755,0.7020612808005127,5.05,7.9,3.15,2.75,8
{E3258B76-4CD8-4CA7-85B2-2DEBA1681ABA},ANO0954,2021,round1,Eastern,V1-C-1,0.8113984750845054,NA,0.6944125015564712,NA,0.04427173784111145,NA,0.14705256284698254,NA,0.04427173784111145,5.153846153846154,7.038461538461538,1.1153846153846154,1.1923076923076923,5
{6B3AA465-BE39-4566-BD3C-6AC3339415B7},ANO0954,2021,round1,Eastern,V1-C-1,0.6494174465156278,NA,0.5598544326963661,NA,0.328875766819685,NA,0.7663393400915279,NA,0.328875766819685,5,6.476190476190476,1.8571428571428572,2.0952380952380953,8
{EE5CB276-1DEB-4B76-92FD-010CBC1855DB},ANO0342,2021,round1,Eastern,V1-C-1,0.512260823054884,NA,NA,0.5237479842583509,0.8481930673197152,NA,0.91616874411187,NA,0.512260823054884,4.375,8.75,3.25,2.375,4
{3EA036D4-32C5-43D2-99ED-7A93548E1DC1},ANO0342,2021,round1,Eastern,V1-C-1,0.5596923807451509,NA,0.5622885824037417,NA,0.2398052466393536,NA,0.7488061119614878,NA,0.2398052466393536,4.6875,6.5,1.625,2.0625,8
{F27D8248-4522-4B12-A29A-4D8AA62ECC2C},ANO0342,2021,round1,Eastern,V1-C-1,0.840849571187937,NA,NA,0.512760264308875,0.6920149405949592,NA,0.9587701413865128,NA,0.512760264308875,5.181818181818182,8.818181818181818,2.8181818181818183,2.4545454545454546,4
{DE560D01-7715-4EB8-9A50-3F3E43E0D352},ANO0954,2021,round1,Eastern,V1-C-2,0.7288798378890392,NA,NA,0.9685931322066434,NA,0.9953229694916724,NA,0.7809987033148433,0.7288798378890392,5.0754716981132075,7.6415094339622645,3.6792452830188678,2.849056603773585,9
{EEC7315B-DC3F-448F-9D68-4861FE801E45},ANO0342,2021,round1,Eastern,V1-C-5,0.5637579428328882,NA,0.7525309414283663,NA,0.8998610190181308,NA,0.9639866390119793,NA,0.5637579428328882,4.714285714285714,7.142857142857143,3.392857142857143,2.4642857142857144,5
{8CA7D87B-7E49-456A-8A5A-D80E6002BAEB},ANO0342,2021,round1,Eastern,V1-C-1,0.5720975573718362,NA,0.9299451263004663,NA,0.3541739027288915,NA,0.41174717597155125,NA,0.3541739027288915,4.769230769230769,7.461538461538462,1.9230769230769231,1.5384615384615385,4
{CE366293-326A-4CE9-ADE0-B3ECE577A7BA},ANO0954,2021,round1,Eastern,V1-C-2,0.7810270322278405,NA,NA,0.5942525206008212,0.9725190760940277,NA,NA,0.5699653223375999,0.5699653223375999,5.125,8.3125,3.59375,3.40625,9
{5A8A8CA8-3FFF-4D2B-B017-826F5EF907D4},ANO0954,2021,round1,Eastern,V1-C-5,0.693287308419699,NA,0.5835873923432773,NA,0.808006882665392,NA,0.9087304049051864,NA,0.5835873923432773,5.041666666666667,6.708333333333333,3.138888888888889,2.361111111111111,4
{CFBB0A63-3CF0-40EE-A8DB-2862CBECF1CF},ANO1265,2021,round1,Western,V1-C-2,0.9893596948126435,NA,0.5771881983255692,NA,0.7756146553487346,NA,NA,0.95834270004437,0.5771881983255692,5.322869955156951,6.6457399103139005,3.0493273542600896,2.591928251121076,12
{AB84CE4B-6BB9-4E12-B0C2-25EF67F5E6D8},ANO0546,2021,round1,Eastern,V1-C-1,NA,0.6172071342034668,0.5677935055881139,NA,0.34236810597126177,NA,0.8389244523501552,NA,0.34236810597126177,5.661538461538462,6.553846153846154,1.8923076923076922,2.230769230769231,10
{F9F9E8BA-7929-4EC9-8998-C5C4DB2F5F58},ANO0546,2021,round1,Eastern,V1-C-2,0.8443946105337206,NA,0.5944734507568178,NA,0.5542165700109506,NA,0.7946758704027038,NA,0.5542165700109506,5.185185185185185,6.814814814814815,2.4444444444444446,2.1481481481481484,13
{F409F49B-0242-4128-950A-21CB6C022C94},ANO0546,2021,round1,Eastern,V1-C-2,0.5983673431695226,NA,0.48954495461025055,NA,0.553396723013893,NA,0.8286252134485933,NA,0.48954495461025055,4.9423076923076925,5.788461538461538,2.4423076923076925,2.2115384615384617,11
{81EF55D7-500D-47B2-92E7-3EBA37A718FB},ANO0546,2021,round1,Eastern,V1-C-1,0.7268348498757526,NA,0.5307162288463123,NA,0.33854858349085215,NA,0.8728513569670652,NA,0.33854858349085215,5.073529411764706,6.1911764705882355,1.8823529411764706,2.2941176470588234,9
{97183AA6-32F2-4E80-982B-5A32668F3BDE},ANO0546,2021,round1,Eastern,V1-C-2,0.9442229185109845,NA,0.5547914013050251,NA,0.3683408588380471,NA,0.8652905039381538,NA,0.3683408588380471,5.28,6.426666666666667,1.96,2.28,9
{F397367D-104D-4C82-A440-5C4E35985D47},ANO0546,2021,round1,Eastern,V1-C-2,0.9403438991426241,NA,0.6803256220861368,NA,0.4846590247869041,NA,0.8351299959127376,NA,0.4846590247869041,5.276315789473684,7.0131578947368425,2.263157894736842,2.223684210526316,11
{AB4587F4-91E0-4398-A5BD-450165527445},ANO0546,2021,round1,Eastern,V2-C-1,NA,0.37178225312859237,0.604336695145987,NA,0.40373739204261927,NA,0.31657297164085907,NA,0.31657297164085907,5.540983606557377,6.508196721311475,2.80327868852459,2.557377049180328,14
{93B0E210-F4B4-4F89-916B-A58AD7B8B5BC},ANO0546,2021,round1,Eastern,V1-C-2,0.5586831986666346,NA,0.5873033549284729,NA,0.634650522268285,NA,0.783703001218376,NA,0.5586831986666346,4.680851063829787,6.74468085106383,2.6595744680851063,2.127659574468085,11
{3264A974-68A8-41ED-9166-D76AACD27275},ANO0546,2021,round1,Eastern,V1-C-2,0.9939952709257844,NA,NA,0.8871910634833019,NA,0.873381872709624,NA,0.6768915331386421,0.6768915331386421,5.327272727272727,7.781818181818182,3.9272727272727272,3,7
{9B803F39-FAF2-40FA-AA08-0DE758EE51E7},ANO1265,2021,round1,Western,V1-C-2,0.4841061141751803,NA,0.5716774455607615,NA,0.6807994482967873,NA,NA,0.6165670431312951,0.4841061141751803,4.189504373177843,6.591836734693878,2.7871720116618075,3.0874635568513122,16
{70363913-A3C4-4ED6-BD0C-6806EF765AB5},ANO1265,2021,round1,Western,V1-C-2,NA,0.20014855181160285,0.7501209263778568,NA,0.5331773795410043,NA,0.7617024533133356,NA,0.20014855181160285,6.558441558441558,7.138528138528138,2.3896103896103895,2.0865800865800868,5
{17E7C2EF-DDF2-4572-8B4D-8DA0D87F1021},ANO1502,2021,round1,Western,V1-C-1,0.6319489042189843,NA,0.5125592343096221,NA,0.4184113262630532,NA,NA,0.9400840378318326,0.4184113262630532,4.9834087481146305,6.013574660633484,2.090497737556561,2.6184012066365008,11
{A0AD0DF5-70DE-4B2A-A1B5-29DBD5B580D6},ANO1449,2021,round1,Eastern,V1-C-2,0.8282078271058038,NA,0.5266030291465573,NA,0.3619701836065715,NA,0.8871171173989736,NA,0.3619701836065715,5.169811320754717,6.150943396226415,1.9433962264150944,2.3207547169811322,13
{AC2AAA2C-9031-4C04-89BB-E6633EAA1BC9},ANO1449,2021,round1,Eastern,V1-C-3,NA,0.6015237260433586,NA,0.5277768149064921,NA,0.4436014478291657,NA,0.5451288446044531,0.4436014478291657,5.675,8.725,5.4,3.65,10
{A1FCB69C-D1BA-46A8-AD48-A795BF7ADF12},ANO0136,2021,round1,Northern,V6-C-1,NA,NA,NA,NA,NA,NA,NA,NA,NA,NA,NA,NA,NA,NA
{7AF1E2E9-A34C-4919-8C49-3189389BE0ED},ANO0218,2021,round1,Northern,V1-C-5,0.6813228006276794,NA,0.5545435606075468,NA,0.5232114472131352,NA,0.9100828302154926,NA,0.5232114472131352,5.03030303030303,6.424242424242424,2.3636363636363638,2.3636363636363638,11
{9BDE5813-46B3-4767-BF73-6C2F68492C9A},ANO1220,2021,round1,Central,V4-C-4,NA,NA,NA,NA,NA,NA,NA,NA,NA,NA,NA,NA,NA,NA
{95688DF3-96DB-43E9-8EAD-46E567A74A34},ANO0345,2021,round1,Northern,V1-C-2,NA,0.3226814145988842,0.9784242849021438,NA,NA,0.46084738092881294,NA,0.5317553565942972,0.3226814145988842,6.288115246098439,7.548619447779111,5.298919567827131,3.7812499999999996,11
{F25E2413-69A7-460E-BF4E-316B502A95B8},ANO1210,2021,round1,Northern,V1-C-6,NA,0.497695596750777,0.5252935302395799,NA,NA,0.9850610011702144,NA,0.7558930649470628,0.497695596750777,5.902007083825265,6.138134592680046,3.700118063754427,2.885456885456885,18
{4E817BEB-E7D1-4182-892E-87653536C92E},ANO1210,2021,round1,Northern,V1-C-2,NA,0.488451413670965,NA,0.6561293855021337,NA,0.576546988168552,NA,0.5843569968434047,0.488451413670965,5.922401171303075,8.1800878477306,4.620790629575403,3.2650073206442167,8
{0255EA61-5A44-47EF-98B2-848732637121},ANO0702,2021,round1,Northern,V1-C-5,0.5923745998180603,NA,0.5364700927956808,NA,0.7753470936115819,NA,NA,0.581770114955658,0.5364700927956808,4.902824858757062,6.247457627118644,3.048587570621469,3.2903954802259885,15
{ED1EE731-64BD-4B78-BBB8-590072500753},ANO0702,2021,round1,Northern,V1-C-1,0.5960795840460004,NA,0.5666457609859668,NA,0.34101203472207453,NA,0.7654379909984698,NA,0.34101203472207453,4.927234927234927,6.542619542619542,1.8887733887733886,2.0935550935550937,10
{8CDEBB4F-56AB-427D-8929-4315B43B2610},ANO0702,2021,round1,Northern,V1-C-5,NA,0.5101850343180205,NA,0.5860300320669041,NA,0.5780267748583566,NA,0.5564987557100805,0.5101850343180205,5.874453466583385,8.363522798251093,4.6121174266083695,3.5384134915677703,5
{C061A1A0-C6B4-46BD-B3F5-E656D480F19D},ANO0702,2021,round1,Northern,V1-C-1,0.9303817306203515,NA,0.5973239281919216,NA,0.5415826356686524,NA,0.8883376547205705,NA,0.5415826356686524,5.26685393258427,6.842696629213482,2.411516853932584,2.3230337078651684,10
{749BDE6D-1EC2-44FB-991E-ECAACF53BB4B},ANO1364,2021,round1,Northern,V1-C-5,0.6634558023249308,NA,0.5547914013050251,NA,0.5320479072105125,NA,0.9509801715991495,NA,0.5320479072105125,5.013333333333334,6.426666666666667,2.3866666666666667,2.44,11
{19D49B21-0723-47BA-A441-424E010181AA},ANO1383,2021,round1,Northern,V1-C-5,0.5398467842146221,NA,0.5499012990769442,NA,0.5025611794601422,NA,0.9773639151312736,NA,0.5025611794601422,4.556748466257669,6.378834355828221,2.309815950920245,2.4892638036809815,16
{D0FC6093-9C8B-4937-8044-8F93EA7950A1},ANO1383,2021,round1,Northern,V1-C-6,0.5726072475192928,NA,0.5456301020205758,NA,0.5348265642815553,NA,NA,0.7189043251640637,0.5348265642815553,4.77258883248731,6.337055837563452,2.3939086294416243,2.9390862944162435,15
{EED264FE-7382-407E-BDC9-4B4E98644293},ANO1383,2021,round1,Northern,V1-C-5,0.5985600653542462,NA,0.8160216740615286,NA,0.6856995301505387,NA,NA,0.6777195163348213,0.5985600653542462,4.94357743097239,7.256902761104442,2.8007202881152464,2.9987995198079234,14
{8B3C022F-0660-4E6A-837C-ACC6556E37E4},ANO1383,2021,round1,Northern,V1-C-1,0.7431453413848597,NA,NA,0.9224359805733425,0.8550795722567692,NA,NA,0.9477272116348646,0.7431453413848597,5.089020771513353,7.721068249258161,3.269040553907023,2.607319485657765,11
{9C3C4CAA-BBC0-4ADE-83EC-177D918805A1},ANO1383,2021,round1,Northern,V2-C-1,0.7113492017441755,NA,NA,0.38168703132805026,0.6792749086561852,NA,0.44223939003541235,NA,0.38168703132805026,4.251556662515567,9.251556662515567,3.779576587795766,3.1755915317559156,11
{34AC376D-0696-4BE5-8293-AD79296A140F},ANO1383,2021,round1,Northern,V2-C-1,NA,0.613279572610762,0.5818599040232955,NA,0.4901391779072683,NA,0.5148741794666647,NA,0.4901391779072683,4.637560637560638,6.333333333333333,3.189189189189189,3.5329175329175326,22
{19D60876-B3BE-45EF-A751-1A4A8832827E},ANO1383,2021,round1,Northern,V2-C-1,NA,0.589869215189073,0.7699265186088549,NA,0.36736502025949325,NA,0.439835540670409,NA,0.36736502025949325,4.685126582278481,6.836234177215189,2.6408227848101267,3.1637658227848098,13
{8C84F9A8-CA04-4CAA-84DE-6F471B7F422C},ANO1220,2021,round1,Central,V1-C-2,0.770296799782086,NA,0.5941836388855753,NA,0.7637920497158559,NA,NA,0.9729733644592278,0.5941836388855753,5.114808652246256,6.8119800332778695,3.016638935108153,2.5707154742096505,14
{CB5A246A-776A-466C-B0F1-F0E8BA237C1E},ANO1220,2021,round1,Central,V1-C-3,0.587602268389263,NA,0.5044325224779548,NA,0.6414797268028227,NA,0.9038990720442537,NA,0.5044325224779548,4.871382636655948,5.934083601286174,2.678456591639871,2.352090032154341,16
{48055B46-F0AD-4120-8D9C-06350D8ECDAE},ANO1262,2021,round1,Eastern,V1-C-6,0.593809816978501,NA,0.47350617465578243,NA,0.9608201374693315,NA,NA,0.6284908312146187,0.47350617465578243,4.912280701754386,5.631578947368421,3.56140350877193,3.0701754385964914,11
{9D2A90EC-F4A1-4257-B457-61769F34DFFC},ANO1262,2021,round1,Eastern,V1-C-5,0.6165150500875747,NA,0.4808206343850177,NA,0.3716981322909981,NA,0.8241192964291598,NA,0.3716981322909981,4.96875,5.703125,1.96875,2.203125,9
{34B6DEEA-2063-4919-93A5-24141F3AD78B},ANO1262,2021,round1,Eastern,V1-C-6,0.5591931011905166,NA,0.5219329425183057,NA,0.24737804390164894,NA,0.9337858632855944,NA,0.24737804390164894,4.684210526315789,6.105263157894737,1.644736842105263,2.4078947368421053,11
{4B0DA268-5619-40DF-8479-A7D817468FC3},ANO1262,2021,round1,Eastern,V1-C-2,0.5251273145662668,NA,0.5440744276968283,NA,0.24256162878463353,NA,0.8876978595621499,NA,0.24256162878463353,4.459770114942529,6.32183908045977,1.632183908045977,2.32183908045977,9
{2027F43C-21D4-40E9-B149-95DA6E9FDFA7},ANO1262,2021,round1,Eastern,V1-C-6,0.6760725524826584,NA,0.5965823624582851,NA,0.9409010692595938,NA,NA,0.8602321666926168,0.5965823624582851,5.025316455696203,6.8354430379746836,3.5063291139240507,2.7341772151898733,14
{B8F4502B-FB1A-43C9-A614-021F581CAD9C},ANO1262,2021,round1,Eastern,V1-C-5,0.6061485416239418,NA,0.5251761354954,NA,0.32587233515923125,NA,0.8840718009597419,NA,0.32587233515923125,4.958904109589041,6.136986301369863,1.8493150684931507,2.315068493150685,8
{7830A089-16BD-4044-B13D-26964670A1C5},ANO1262,2021,round1,Eastern,V1-C-5,0.797478230441867,NA,0.5415222427126943,NA,0.4316494439508365,NA,0.765542375176526,NA,0.4316494439508365,5.140625,6.296875,2.125,2.09375,10
{1B2F0847-11A5-401E-8912-F6AEDD676A83},ANO1262,2021,round1,Eastern,V1-C-2,0.7351167116305571,NA,NA,0.8618012273553731,NA,0.8776434765455048,NA,0.7811500218761459,0.7351167116305571,5.0813953488372094,7.825581395348837,3.9186046511627906,2.8488372093023258,11
{CFE31CA1-AF39-4802-B2E1-E33795797ECF},ANO1262,2021,round1,Eastern,V1-C-2,NA,0.49593902405636214,NA,0.9380717467382483,0.7790491907821296,NA,0.9484598872561789,NA,0.49593902405636214,5.905882352941177,7.694117647058824,3.0588235294117645,2.4352941176470586,12
{57480EBD-3FC8-41C3-A710-8C8FFDBF5272},ANO0579,2021,round1,Eastern,V2-C-1,0.9124822256375456,NA,0.4100607513267622,NA,0.23161110577993518,NA,0.143693103824644,NA,0.143693103824644,4.362068965517241,4.758620689655173,2.0344827586206895,1.706896551724138,5
{E72436CD-47EB-493F-8796-3C3BC7FA9D68},ANO1262,2021,round1,Eastern,V1-C-6,0.6359190274682215,NA,NA,0.5475077547473886,0.4968272802169172,NA,0.880121407956403,NA,0.4968272802169172,4.987179487179487,8.602564102564102,2.2948717948717947,2.3076923076923075,11
{9A35FF56-7A82-4C1F-9702-2F5226B77AA9},ANO1262,2021,round1,Eastern,V1-C-5,0.6494174465156278,NA,0.5401632514814777,NA,0.2863346228529595,NA,0.8192482944486636,NA,0.2863346228529595,5,6.2835820895522385,1.7462686567164178,2.1940298507462686,9
{FAC4D925-DF03-48B3-8A8F-8981E4F2E1E8},ANO1262,2021,round1,Eastern,V1-C-5,0.7386442842866192,NA,0.511171438548856,NA,0.4357139396565883,NA,NA,0.9457615340809922,0.4357139396565883,5.084745762711864,6,2.135593220338983,2.610169491525424,12
{2C8E7E46-6B61-4D87-BA08-E257FC8501ED},ANO1262,2021,round1,Eastern,V1-C-2,0.5747771712236949,NA,0.594970035032275,NA,0.5912575261403079,NA,0.9348255621220765,NA,0.5747771712236949,4.786885245901639,6.819672131147541,2.540983606557377,2.4098360655737703,11
{F1224E2B-4C4C-4394-B118-5FCC6D97FBF7},ANO0668,2021,round1,Eastern,V1-C-2,0.5495518408251628,NA,NA,0.46555376378520086,0.8242892161029194,NA,NA,0.9939995802270714,0.46555376378520086,4.620689655172414,9.11111111111111,3.1839080459770113,2.540229885057471,7
{FCEF2631-B9DF-4995-ACA1-F04A60CD3544},ANO0668,2021,round1,Eastern,V1-C-1,0.9381094409811268,NA,0.6909589440089052,NA,0.10520488239661964,NA,0.3576697818923383,NA,0.10520488239661964,5.274193548387097,7.032258064516129,1.2741935483870968,1.467741935483871,8
{A594DCB9-BD10-4A16-A5B6-D33615254AA8},ANO0668,2021,round1,Eastern,V1-C-6,0.5553536801192196,NA,0.5267245230163309,NA,0.7752971974816406,NA,NA,0.4690841014119679,0.4690841014119679,4.658914728682171,6.1521317829457365,3.048449612403101,4.396317829457364,9
{F63445B4-CB85-41C8-B8EB-F268FA79FABF},ANO0668,2021,round1,Eastern,V1-C-6,0.5633360232479226,NA,0.5404924398463284,NA,0.4680868570611815,NA,0.7515813298888546,NA,0.4680868570611815,4.71150592216582,6.286802030456853,2.2199661590524533,2.0676818950930627,10
{5E608D26-A170-42A0-BA50-159CB2244CA3},ANO1118,2021,round1,Central,V1-C-3,NA,0.7374901338785611,0.8078099861967718,NA,0.5204741675939333,NA,0.7657675266995984,NA,0.5204741675939333,5.558295964125561,7.242152466367712,2.356502242152466,2.094170403587444,19
{4E58F84E-E931-42C4-9FE3-4D164712AB77},ANO0755,2021,round1,Eastern,V1-C-1,NA,0.8993639335447795,0.5194161391706118,NA,0.27229498973242733,NA,0.5550048339708696,NA,0.27229498973242733,5.419354838709677,6.080645161290323,1.7096774193548387,1.7258064516129032,7
{CA815EE1-91C1-4BB7-8971-052D9C2C97E5},ANO0755,2021,round1,Eastern,V1-C-1,NA,0.1510925342107196,0.6188755234188767,NA,0.35704336721859314,NA,0.6409501934645749,NA,0.1510925342107196,6.666666666666667,6.902777777777778,1.9305555555555556,1.8611111111111112,4
{DF330574-44C9-4495-9023-4C991AD57558},ANO0755,2021,round1,Eastern,V1-C-1,0.7246229240654634,NA,0.5257763367931091,NA,0.3562820807213254,NA,0.6675156906313022,NA,0.3562820807213254,5.071428571428571,6.142857142857143,1.9285714285714286,1.9107142857142858,10
{0A5B34AA-A9A7-4BBB-82A9-6CC917110AAD},ANO0755,2021,round1,Eastern,V2-C-1,NA,0.4704314767331541,0.5496897650989306,NA,0.2238907355872707,NA,0.37918264639655125,NA,0.2238907355872707,5.153846153846154,6.038461538461538,2,2.8653846153846154,7
{8CB02ECB-508A-412F-9E8D-2DE7F5C246E8},ANO0723,2021,round1,Western,V1-C-1,0.5815955577288944,NA,0.8061275804864292,NA,0.31256995076836563,NA,0.869138695535058,NA,0.31256995076836563,4.831807780320366,7.239130434782608,1.814645308924485,2.2871853546910756,13
{DC7850FE-E32B-4955-BC4D-F8CBFC6D2A8C},ANO0723,2021,round1,Western,V1-C-1,0.47926223440436144,NA,0.5513228584744757,NA,0.7395710038481287,NA,NA,0.8248491244162879,0.47926223440436144,4.157590759075907,6.3927392739273925,2.9496699669966997,2.7854785478547854,6
{971AC4E7-0779-4F7D-87C4-CB6FC67D4E0C},ANO0723,2021,round1,Western,V1-C-1,NA,0.9766696640315543,0.5607805486582771,NA,0.24707502929434114,NA,0.7093405390902177,NA,0.24707502929434114,5.353001017293999,6.485249237029501,1.6439471007121058,1.9888097660223805,11
{A8C136D3-C37C-46B0-84B4-4496333550D8},ANO0723,2021,round1,Western,V1-C-5,0.5787774897288237,NA,0.3973196181447926,NA,0.7634923441303165,NA,0.8365226535549293,NA,0.3973196181447926,4.813241106719368,4.886363636363636,3.015810276679842,2.2262845849802373,12
{C4E65DA5-E67D-4B75-B2BA-5CDE35E2A830},ANO1538,2021,round1,Central,V1-C-6,0.5715609050461237,NA,0.5660707925992825,NA,NA,0.8541610745711341,NA,0.569779698438249,0.5660707925992825,4.765695067264574,6.536995515695067,3.9663677130044843,3.408071748878924,8
{DE9068B6-6172-4BC0-B691-703291F2524E},ANO0994,2021,round1,Central,V2-C-2,0.6320758267035145,NA,0.6224098099404292,NA,0.7209594298213221,NA,NA,0.6235615884391665,0.6224098099404292,4.208,6.544,3.832,5.432,23
{9A6A8B0F-BFBE-4927-9475-82BAE5E63387},ANO0994,2021,round1,Central,V2-C-2,NA,0.5929396737990796,0.9690836230558022,NA,0.46500383545048535,NA,0.7439219284924378,NA,0.46500383545048535,4.673076923076923,7.230769230769231,3.076923076923077,4.211538461538462,12
{CD84D3C2-BD84-4BCE-8534-1644F470C9C3},ANO1253,2021,round1,Central,V1-C-3,0.5192666818754025,NA,0.5560647385411708,NA,0.7729342095314542,NA,NA,0.8434682003891361,0.5192666818754025,4.421157684630739,6.439121756487026,3.0419161676646707,2.7584830339321353,13
{6E8A4D15-B5FD-4775-A034-3AF3605143BC},ANO1253,2021,round1,Central,V2-C-3,NA,0.7674069883118328,0.8556087201235699,NA,NA,0.970795706235434,0.8436747076143676,NA,0.7674069883118328,4.546928327645051,7.005972696245734,4.21075085324232,4.391638225255973,19
{5BFC1F12-0C9A-4091-A1C8-A0AEED557152},ANO1253,2021,round1,Central,V3,0.6081694151827199,NA,0.8447412686504299,NA,0.4845334281891016,NA,NA,0.584038584038584,0.4845334281891016,4.967452300785634,6.158249158249159,1.5286195286195285,1.7968574635241303,9
{842491C2-991F-4FC7-8827-5E5FDED04DCB},ANO1253,2021,round1,Central,V1-C-3,0.5638502109086381,NA,0.7480185728231573,NA,NA,0.9003889853426158,NA,0.5784067438475565,0.5638502109086381,4.714893617021276,7.134751773049645,3.872340425531915,3.323404255319149,16
{6002CC2D-BEC5-4D77-8DB8-4EF3C6071628},ANO1253,2021,round1,Central,V1-C-1,NA,NA,NA,NA,NA,NA,NA,NA,NA,NA,NA,NA,NA,NA
{CEB3C81B-FCFD-45C7-865B-764DDACF585C},ANO1253,2021,round1,Central,V2-C-2,NA,0.5699134019204519,NA,0.7242716096159726,NA,0.5539088473407662,NA,0.9288324446317717,0.5539088473407662,4.763440860215054,7.559139784946237,4.827956989247312,4.817204301075269,13
{D284BB11-9211-4236-8AEA-4039512DACAA},ANO1253,2021,round1,Central,V2-C-2,NA,0.48857483947217384,NA,0.4636781285960729,NA,0.7929706694724663,0.9426021822876787,NA,0.4636781285960729,5.082644628099174,8.661157024793388,4.380165289256198,4.570247933884297,16
{777B8D94-2257-47E5-B4BC-B42AC24AB80E},ANO0723,2021,round1,Western,V1-C-1,NA,0.5904396195043016,0.5227724924733692,NA,0.39457317177539036,NA,0.6672217744924364,NA,0.39457317177539036,5.697399527186762,6.113475177304966,2.028368794326241,1.9101654846335698,12
{7B6ACD3B-EBF1-483D-8B50-CB91967B8898},ANO1105,2021,round1,Western,V1-C-1,0.6287728056195936,NA,NA,0.5756703471568546,0.32350197978014766,NA,0.7267894234540044,NA,0.32350197978014766,4.980392156862744,8.427807486631016,1.843137254901961,2.021390374331551,6
{884D8BBC-454D-43A3-92F8-603608CAE8A5},ANO1253,2021,round1,Central,V2-C-1,NA,0.45899150264742966,NA,0.3917692522128345,0.8116409506302732,NA,0.6959904272999216,NA,0.3917692522128345,5.198741007194244,9.178956834532375,3.946043165467626,4.125,11
{C1124D07-2FCE-4873-9B77-F0BC1BF5F85C},ANO1420,2021,round1,Central,V3-C-1,0.5120704975224634,NA,0.9828826310055178,NA,0.7288701215360055,NA,NA,0.5694766788949615,0.5120704975224634,4.375346260387811,6.375346260387811,1.6966759002770082,1.9764542936288085,5
{35D283C3-DD01-4782-A5F0-E3AED7D97D28},ANO1420,2021,round1,Central,V1-C-1,0.5666490092063902,NA,0.6284633666281526,NA,0.6082815449334056,NA,0.8510088926613213,NA,0.5666490092063902,4.733333333333333,6.92,2.5866666666666664,2.2533333333333334,10
{A2DC8CFF-BE3D-42DE-95BA-EAC433F49B07},ANO1420,2021,round1,Central,V1-C-1,0.5914224572689847,NA,0.5464246412073979,NA,0.21830546590617014,NA,0.7615025875039307,NA,0.21830546590617014,4.896551724137931,6.344827586206897,1.5689655172413792,2.086206896551724,9
{13EC060A-1989-4A25-AC61-FFC0EB638468},ANO1420,2021,round1,Central,V1-C-2,0.716622341347395,NA,0.5464765690018212,NA,0.23988374262843354,NA,0.8476897620536121,NA,0.23988374262843354,5.063829787234042,6.345335515548281,1.625204582651391,2.2471358428805237,11
{85093F81-90C9-4CEF-BD7B-B2F98D134B98},ANO1420,2021,round1,Central,V1-C-1,NA,0.060049596929901194,0.6975846581186796,NA,0.4274135677993721,NA,0.7694999530877744,NA,0.060049596929901194,6.867521367521368,7.044159544159544,2.113960113960114,2.101139601139601,7
{4D4A8D6E-9A48-404E-8482-E0C9EB88277E},ANO1420,2021,round1,Central,V1-C-1,0.7519447642240189,NA,0.5313375027912329,NA,0.5082314440636287,NA,0.9092318659752998,NA,0.5082314440636287,5.097378277153559,6.197253433208489,2.3245942571785267,2.362047440699126,13
{2632CBA8-76F2-4014-9100-ADF3DE5691AB},ANO1420,2021,round1,Central,V3-C-1,0.6745190488207953,NA,0.547691563556802,NA,NA,0.5855050580734176,NA,0.5453413940256046,0.5453413940256046,5.069078947368421,5.357456140350878,2.231359649122807,2.2741228070175437,12
{936C5489-2E5A-4CEC-A470-66F5AA31D0E3},ANO1420,2021,round1,Central,V1-C-1,0.5759407849573219,NA,0.5225436975676501,NA,0.40154449471325143,NA,0.9785545425207072,NA,0.40154449471325143,4.794551645856981,6.111237230419977,2.0465380249716234,2.4914869466515324,12
{E34B606F-CC70-470F-8EB0-F14575977A33},ANO1420,2021,round1,Central,V1-C-5,0.6798554058919086,NA,0.45219528571759515,NA,0.4996520355734022,NA,0.9264612161021957,NA,0.45219528571759515,5.0289093298291725,5.423127463863338,2.302233902759527,2.3942181340341655,17
{AD63B2AA-E821-4597-8714-DD18A4128821},ANO1420,2021,round1,Central,V1-C-3,NA,0.18072616672688652,0.6830572043400742,NA,0.5505309610590166,NA,0.7941127961229719,NA,0.18072616672688652,6.601290322580645,7.018064516129032,2.434838709677419,2.1470967741935483,15
{FD58A719-66F6-4155-8DAD-E8E4C248048B},ANO0942,2021,round1,Northern,V1-C-5,0.5596199661532575,NA,0.6050049056265854,NA,NA,0.9201920719093296,NA,0.4884653127082779,0.4884653127082779,4.687022900763359,6.877862595419847,3.83206106870229,4.206106870229007,15
{171BBFDE-2ED4-4C98-8939-D44B15BD50B7},ANO0942,2021,round1,Northern,V1-C-1,0.528456964705219,NA,NA,0.41631250030792,NA,0.7127165349156714,NA,0.5211673647318237,0.41631250030792,4.4817073170731705,9.416666666666666,4.254065040650406,3.8851626016260163,14
{D8AD26B6-66AE-483E-9356-5834FFAB07CB},ANO0942,2021,round1,Northern,V1-C-1,0.4622899337046387,NA,NA,0.322753478830282,NA,0.8171692407248483,NA,0.6501066786758332,0.322753478830282,4.045769764216367,9.997226074895979,4.041608876560333,3.0388349514563107,3
{D9C16CB0-CA81-4F2D-9D32-8155D9BAEA8B},ANO0450,2021,round1,Central,V1-C-1,0.874844444712868,NA,0.5890703605443366,NA,0.4092998365814256,NA,0.7888551045415539,NA,0.4092998365814256,5.214105793450881,6.761964735516372,2.0667506297229217,2.1372795969773297,11
{E527AC43-A1FD-42D4-B6D2-1AD4F7127B6D},ANO0450,2021,round1,Central,V2-C-1,0.5361040383603679,NA,0.4526918340430203,NA,0.3697448662395591,NA,0.2943665426190106,NA,0.2943665426190106,3.850622406639004,5.149377593360995,2.6514522821576763,2.4481327800829873,8
{3CB0C30C-8D99-4977-9D2E-00800F65C6AF},ANO0450,2021,round1,Central,V1-C-1,0.59399275910539,NA,0.8111163836294852,NA,0.4700915063892063,NA,0.9674421815442009,NA,0.4700915063892063,4.913486005089059,7.248091603053436,2.225190839694657,2.4707379134860052,10
{BFF90E72-84C6-4B7D-A3CB-7EEA3C9BAC22},ANO0250,2021,round1,Central,V1-C-5,0.5623162541492934,NA,0.44170106485245564,NA,0.27194935416760735,NA,0.5714712894468376,NA,0.27194935416760735,4.704787234042553,5.320478723404255,1.7087765957446808,1.747340425531915,12
{F0B350A1-C22C-4E34-BF6E-B07A563BA7B5},ANO0250,2021,round1,Central,V1-C-5,0.5748002102316805,NA,NA,0.7498660757733053,0.941960831513136,NA,0.4531397492173685,NA,0.4531397492173685,4.787037037037037,8.018518518518519,3.509259259259259,1.5925925925925926,9
{8D2C0958-ABEF-48F7-B48D-A652E9B17E38},ANO1503,2021,round1,Northern,V1-C-7,NA,0.9409645339219396,0.523495278262298,NA,NA,0.5867829182097618,NA,0.666662783102792,0.523495278262298,5.383647798742138,6.120545073375261,4.560796645702306,3.014830508474576,33
{5DDE3770-F991-436F-B91E-ED20578CFABA},ANO1503,2021,round1,Northern,V1-C-7,NA,0.5401558098033228,0.5776237255602074,NA,NA,0.6204834027986297,NA,0.7007569311461621,0.5401558098033228,5.808333333333334,6.65,4.441666666666666,2.965397923875433,22
{B6AABA55-CFBD-4E2E-8334-30F31D1B0B15},ANO1503,2021,round1,Northern,V1-C-7,NA,0.15305477491475517,0.803798534321016,NA,0.7731464349974297,NA,0.9093579570963211,NA,0.15305477491475517,6.662337662337662,7.234946871310507,3.0425029515938604,2.3622828784119108,17
{326F46F8-EE1B-4CFF-B9D1-45EA7902242C},ANO0592,2021,round1,Central,V1-C-5,NA,0.9013694887491045,0.49693928712754215,NA,0.35698154580930225,NA,0.8134989530664846,NA,0.35698154580930225,5.417633410672853,5.860788863109049,1.9303944315545243,2.1832946635730854,8
{ABAE7D39-F840-41A9-B12D-96188405CECF},ANO0592,2021,round1,Central,V1-C-1,0.6857235391258932,NA,0.925592766298597,NA,0.6593143527851717,NA,0.2803339600988574,NA,0.2803339600988574,5.0344827586206895,7.453720508166969,2.7277676950998186,1.366606170598911,9
{A0D175C1-0474-430D-85FC-BAC596BE61BC},ANO0592,2021,round1,Central,V1-C-5,NA,0.8883144380219773,0.658404960354546,NA,0.14011093062074598,NA,0.23913941119160984,NA,0.14011093062074598,5.428838951310861,6.97378277153558,1.3651685393258428,1.3127340823970037,9
{C7C42354-ABA6-40B3-891A-3855CDD69E6A},ANO1191,2021,round1,Central,V1-C-6,0.5810165852649237,NA,0.49031081660470377,NA,0.5732679892680401,NA,0.7270743705186896,NA,0.49031081660470377,4.827993254637438,5.795952782462058,2.4940978077571674,2.021922428330523,16
{CB32E177-B531-4C97-A9DF-D95B51F23C11},ANO1191,2021,round1,Central,V3-C-2,0.6014386232919001,NA,0.5225140536180416,NA,NA,0.7544451281884259,NA,0.5849420849420849,0.5225140536180416,4.957142857142857,5.1571428571428575,1.9714285714285715,1.7857142857142858,12
{7366D215-9BCE-432E-B0C9-69C2AA01BA8B},ANO1191,2021,round1,Central,V1-C-5,0.6067332565549104,NA,0.5774855711173562,NA,0.2488789586743562,NA,0.589005130106022,NA,0.2488789586743562,4.95945945945946,6.648648648648648,1.6486486486486487,1.7702702702702702,10
{18D48694-F4FB-4E14-8EE2-706440172BFC},ANO0322,2021,round2,Southern,V1-C-5,0.7182704177874131,NA,0.3729090821457232,NA,0.39065821105571713,NA,0.7299265125853958,NA,0.3729090821457232,5.065395095367848,4.647593097184378,2.0181653042688463,2.02724795640327,8
{A28304FF-5EF7-42E5-BB89-5A5956559FB9},ANO0322,2021,round2,Southern,V1-C-1,0.8524981390497431,NA,NA,0.8498658343037819,0.25593910135010695,NA,0.8198631743830852,NA,0.25593910135010695,5.192881745120552,7.846153846153847,1.6670493685419059,2.195177956371986,5
{F6CC3682-64CC-446F-859F-A7C0D321D876},ANO0162,2021,round1,Central,V1-C-1,0.98643095518266255,NA,NA,0.8265666732253384,0.35192611029987253,NA,0.6396694198263381,NA,0.35192611029987253,5.320088300220751,7.886313465783665,1.9172185430463575,1.8587196467991172,12
{686521CE-FD94-42A8-A442-3DCAEE95488D},ANO0189,2021,round1,Southern,V1-C-6,0.5720975573718362,NA,0.48856193261304126,NA,0.33941665678185434,NA,NA,0.5888253695314096,0.33941665678185434,4.769230769230769,5.778846153846154,1.8846153846153846,3.2211538461538463,8
{4E1E4001-79F8-4A86-9F3D-B06B961DFB59},ANO0189,2021,round1,Southern,V1-C-2,NA,0.37660377930134636,NA,0.5776661655692947,0.8108559032192433,NA,0.9404821215187912,NA,0.37660377930134636,6.169154228855721,8.41542288557214,3.146766169154229,2.4203980099502487,8
{8B5E747A-2F90-4AB5-902A-1A9EAE721F53},ANO0189,2021,round1,Southern,V1-C-2,0.71007700865459,NA,0.5256861831002433,NA,0.7510764544051007,NA,0.9081794168158024,NA,0.5256861831002433,5.05761316872428,6.1419753086419755,2.9814814814814814,2.360082304526749,17
{02AA3396-99CC-4B75-9FE2-929044477F82},ANO0189,2021,round1,Southern,V1-C-5,0.5957570805572218,NA,0.4883526254330187,NA,0.2777656072674335,NA,0.6445546750184746,NA,0.2777656072674335,4.92511013215859,5.776798825256975,1.7239353891336273,1.8678414096916303,10
{FAEBBC55-D1F8-499A-A478-3C0185427D33},ANO0189,2021,round1,Southern,V1-C-6,0.6627449994991431,NA,0.5085832287334188,NA,0.2574112014559138,NA,0.43557341400245464,NA,0.2574112014559138,5.012658227848101,5.974683544303797,1.6708860759493671,1.5696202531645569,9
{DC56E19E-7928-4394-981D-4CA670ECB9EE},ANO0525,2021,round1,Eastern,V1-C-2,0.6700253531751917,NA,0.5437336049190501,NA,0.5065779160324566,NA,0.34015717384533334,NA,0.34015717384533334,5.019572953736655,6.318505338078292,2.320284697508897,1.4448398576512456,6
{1F1F59B2-BBF6-497B-B76A-207644F8F5BC},ANO0525,2021,round1,Eastern,V1-C-6,0.5818271076672755,NA,0.5566956124654209,NA,0.6547011896806744,NA,0.466003210609751,NA,0.466003210609751,4.833333333333333,6.445292620865141,2.7150127226463106,1.6094147582697202,7
{C8FE4FA5-CED4-45E1-B24F-AFC93D0FEBEA},ANO0525,2021,round1,Eastern,V2-C-1,NA,0.5912202605069264,0.43208839912256236,NA,0.2194718394901535,NA,0.11902179106912907,NA,0.11902179106912907,4.6798245614035086,4.9605263157894735,1.9802631578947367,1.5855263157894737,6
{F0B4C1D7-4668-4D48-814E-B948366ACE43},ANO0216,2021,round1,Central,V3-C-2,0.5748973661146738,NA,0.7217188082178627,NA,0.6906983945647367,NA,NA,0.55049786628734,0.55049786628734,4.7894736842105265,5.964912280701754,1.6842105263157894,2.210526315789474,6
{2C5484E1-E86E-42CB-A405-DBDCB0F557E3},ANO0216,2021,round1,Central,V3-C-2,0.5763546937085653,NA,0.58797013918291,NA,0.7700471889743379,NA,NA,0.5737854418836014,0.5737854418836014,4.799079754601227,5.677914110429447,1.710122699386503,1.9233128834355828,10
{24B68052-7E96-43CB-BFD0-DBF034FDE9A3},ANO0162,2021,round1,Central,V1-C-1,0.7120531700273889,NA,0.4723629553955718,NA,0.2260826801177816,NA,0.5285560672528372,NA,0.2260826801177816,5.0594900849858355,5.620396600566573,1.5892351274787537,1.691218130311615,7
{67E80B27-36A9-4523-A83B-09EEBB65CE8A},ANO1379,2021,round1,Eastern,V2-C-2,NA,0.5758203465207763,0.5979177260499124,NA,0.4623198306282603,NA,NA,0.9670385218710923,0.4623198306282603,4.740259740259741,6.48051948051948,3.064935064935065,4.740259740259741,9
{FDA8898A-C033-4596-8FC6-5572612E357A},ANO1134,2021,round2,Southern,V1-C-5,0.6631805404463167,NA,0.4309876834823688,NA,0.3861961619080832,NA,0.7083327956898269,NA,0.3861961619080832,5.0130718954248366,5.215686274509804,2.0065359477124183,1.9869281045751634,6
{8AC0CCA4-ECDE-4EC7-9A4B-5D6CB285084F},ANO0216,2021,round1,Central,V3-C-2,0.5994953492974476,NA,0.4946535880609772,NA,NA,0.5909798863199914,NA,0.5806451612903226,0.4946535880609772,4.951612903225806,4.935483870967742,2.1774193548387095,1.8387096774193548,8
{F71C3FA7-3E8F-4085-B46B-3013068BB481},ANO0216,2021,round1,Central,V3-C-1,NA,NA,NA,NA,NA,NA,NA,NA,NA,NA,NA,NA,NA,NA
{0307BF41-C73F-4C77-8A59-EC7D1E2C1CFA},ANO0252,2021,round1,Southern,V1-C-6,0.5107374737568025,NA,0.5313198018201248,NA,0.4761096867584247,NA,NA,0.592022048304993,0.4761096867584247,4.364963503649635,6.197080291970803,2.240875912408759,3.18978102189781,9
{C1E8F2A2-626F-4CB5-A6FD-BBAA72993B81},ANO0252,2021,round1,Southern,V1-C-6,0.6077193599533426,NA,0.5597580307277572,NA,0.29631380970882504,NA,0.9804625077498386,NA,0.29631380970882504,4.96039603960396,6.475247524752476,1.7722772277227723,2.495049504950495,7
{EE06BD71-EC27-482B-AADB-8E39B6EE8549},ANO0252,2021,round1,Southern,V1-C-5,0.5857463349693822,NA,0.4233363462911653,NA,0.5566183752981052,NA,0.8133939446505087,NA,0.4233363462911653,4.859154929577465,5.140845070422535,2.4507042253521125,2.183098591549296,4
{844EC9E9-D4D0-4047-B891-2F0D22FA9189},ANO0252,2021,round1,Southern,V1-C-5,0.5937780694459659,NA,0.3367941773210868,NA,0.6090074116368489,NA,0.7029622195781194,NA,0.3367941773210868,4.912071535022355,4.294336810730253,2.5886736214605066,1.9769001490312967,10
{F541CE80-743E-4A7B-B1E3-FD9D04768E49},ANO0252,2021,round1,Southern,V1-C-5,0.6139670530577928,NA,0.38725108980973943,NA,0.4138322640097307,NA,0.6786678326742233,NA,0.38725108980973943,4.966329966329966,4.787878787878788,2.078563411896745,1.9315375982042648,7
{6EEA6F40-68C0-4B0A-9E50-5E987BD3B4FE},ANO1060,2021,round1,Northern,V4-C-2,NA,NA,NA,NA,NA,NA,NA,NA,NA,NA,NA,NA,NA,NA
{AC1B7A36-F3E8-40E5-9D8F-1B078ABB9513},ANO1503,2021,round1,Northern,V1-C-6,NA,0.16627408071036165,0.7040769546233911,NA,0.7035516443234728,NA,0.7673756760940743,NA,0.16627408071036165,6.633173843700159,7.055821371610844,2.8500797448165867,2.097173144876325,12
{ADA8046A-D6CA-4FA5-BDEC-58E638550F76},ANO1503,2021,round1,Northern,V1-C-7,NA,0.23546888448423897,0.8284464155194057,NA,NA,0.3678213803178898,NA,0.780348033501242,0.23546888448423897,6.4805194805194795,7.279220779220779,5.844155844155844,2.85,7
{3596B1AB-7B9B-4573-92EF-F927E3F06F08},ANO0643,2021,round1,Central,V3-C-2,0.5691521981698727,NA,0.6262316799893903,NA,NA,0.8606027161369172,NA,0.5257264597319593,0.5257264597319593,4.751604032997251,5.814848762603116,1.8909257561869846,2.5160403299725025,9
{595A585B-E1FF-45D1-886A-FF336D743534},ANO0643,2021,round1,Central,V1-C-1,0.5832570415750328,NA,0.8503706171839306,NA,0.7756163222181639,NA,NA,0.6783092309853377,0.5832570415750328,4.842754367934224,7.318602261048305,3.049331963001028,2.9979445015416237,12
{E5C4DB53-E2F6-4635-B302-E9C77267BF39},ANO0643,2021,round1,Central,V1-C-5,0.5732082759453864,NA,0.44795355488761474,NA,0.4363182186641689,NA,NA,0.9538436690650715,0.4363182186641689,4.7765486725663715,5.381637168141593,2.13716814159292,2.598451327433628,16
{486B9B03-F7E6-417E-BDAE-800D18CD24A0},ANO0643,2021,round1,Central,V1-C-3,NA,0.8477736022196116,0.5836648425612393,NA,0.6492714532808155,NA,NA,0.6831616240697089,0.5836648425612393,5.463636363636364,6.709090909090909,2.7,2.9909090909090907,14
{74A9359C-6057-4C50-9D52-995FAB9607C1},ANO0643,2021,round1,Central,V1-C-1,NA,0.9846469825260162,0.997873030615348,NA,NA,0.9008745523824272,NA,0.8881952606696821,0.8881952606696821,5.346153846153846,7.5835543766578235,3.871352785145888,2.6936339522546415,11
{F2937CCF-2DAB-4C29-BE7D-2AFBFDF275EE},ANO0643,2021,round1,Central,V1-C-2,NA,0.6641515846250807,0.5662375463066941,NA,0.6720120045540879,NA,0.904963348997939,NA,0.5662375463066941,5.621244635193133,6.538626609442059,2.7628755364806867,2.3540772532188843,13
{BC2C857D-02E7-4022-BCED-20E53764B31D},ANO0643,2021,round1,Central,V1-C-2,NA,0.2525692436657646,NA,0.9890547703665017,0.6228847147982814,NA,0.8577783339649017,NA,0.2525692436657646,6.442793462109956,7.606240713224368,2.6270430906389306,2.2659732540861812,12
{5D8CECF3-F726-46B2-9C51-D2C95F8C154C},ANO0643,2021,round1,Central,V1-C-2,0.9361931974838742,NA,0.5801232279250962,NA,0.38866489779576685,NA,0.7083872765446252,NA,0.38866489779576685,5.272373540856032,6.674448767833983,2.012970168612192,1.987029831387808,12
{76FABCDA-358F-49D8-8AE1-2DA663E938AF},ANO1092,2021,round1,Southern,V1-C-5,NA,0.5748721905215605,0.872537838410689,NA,0.07576559208277638,NA,0.42336235604739336,NA,0.07576559208277638,5.731743666169897,7.358420268256334,1.1974664679582712,1.553651266766021,7
{0F196D90-18BE-4160-A4BF-865FA2BDD960},ANO1092,2021,round1,Southern,V1-C-5,0.5960801727642514,NA,0.9529151499144068,NA,0.1403039651979502,NA,0.749805291854923,NA,0.1403039651979502,4.927238805970149,7.5027985074626855,1.3656716417910448,2.064365671641791,8
{9AF179D2-112B-41B5-828C-3A1F5317E033},ANO1079,2021,round1,Eastern,V1-C-4,NA,0.5375841142583472,NA,0.9224695815235162,0.9039392873066108,NA,NA,0.9540877053349068,0.5375841142583472,5.814006888633754,7.721010332950632,3.4041331802525834,2.5980975029726516,13
{6592AB80-71AA-42C7-B5B8-156C3708C146},ANO1079,2021,round1,Eastern,V1-C-4,NA,0.9510396793257827,0.5418417248617874,NA,NA,0.3284356873350554,NA,0.7783194746706028,0.3284356873350554,5.375,6.3,6.075,2.8529411764705883,18
{F1E04779-F822-4AA4-AE0B-CBAB8ABD0BC4},ANO0643,2021,round1,Central,V1-C-5,0.5999813038655896,NA,0.44687864585009085,NA,0.4066686621084055,NA,NA,0.9313834591642892,0.4066686621084055,4.952941176470588,5.371122994652406,2.0598930481283424,2.6310160427807485,18
{13994590-0E3A-4650-B279-C404F905E96D},ANO1079,2021,round1,Eastern,V1-C-6,NA,0.22663880131607955,0.5841959297701212,NA,NA,0.3960727212760409,NA,0.9686919187767444,0.22663880131607955,6.5,6.714285714285714,5.678571428571429,2.576923076923077,12
{E129C0C3-C2E0-48AC-9783-2C5DDB1FD88D},ANO0216,2021,round1,Central,V2-C-1,NA,0.5653753294592465,0.49946763245749687,NA,0.15742317345979973,NA,0.23821074757515298,NA,0.15742317345979973,4.78125,5.578125,1.703125,2.171875,6
{25640EA8-641C-4D9F-BB76-DFE4B0DBF248},ANO1092,2021,round1,Southern,V1-C-5,0.8052649421610709,NA,NA,0.9927752629076629,0.10302132454592537,NA,0.6461992796517355,NA,0.10302132454592537,5.148020654044751,7.599827882960413,1.2685025817555937,1.8709122203098107,6
{B2542BDB-AE5F-4588-80CE-E4BAE964E95D},ANO1092,2021,round1,Southern,V1-C-5,0.5749958959830516,NA,0.5109557543975697,NA,0.8030471953188142,NA,0.8543081256461591,NA,0.5109557543975697,4.788326300984529,5.99789029535865,3.1251758087201127,2.259493670886076,7
{E64DCA42-9260-4E1D-B74B-D36E579D4162},ANO1092,2021,round1,Southern,V1-C-5,NA,0.9040467196858403,0.5598388790241146,NA,0.21207058233154338,NA,0.4281437716372372,NA,0.21207058233154338,5.415335463258786,6.476038338658147,1.5527156549520766,1.5599041533546327,9
{D43ACBFE-5B66-4294-878C-3787D8E2AF6D},ANO1092,2021,round1,Southern,V1-C-5,0.9993136350253105,NA,NA,0.9455068968946571,0.2094166029698398,NA,0.5041865765681707,NA,0.2094166029698398,5.332323996971991,7.681302043906133,1.5457986373959123,1.6593489780469342,6
{71394F47-3648-4980-ABBD-C71249DCE20F},ANO0643,2021,round1,Central,V3-C-2,0.5709452146651064,NA,0.5682441259206099,NA,NA,0.8683284001565704,NA,0.5035597678215128,0.5035597678215128,4.763422818791946,5.520973154362416,1.8850671140939597,2.789429530201342,12
{20A168B8-360C-43CB-AE65-F8853E9625B7},ANO0643,2021,round1,Central,V3-C-2,0.5965831503684903,NA,0.7666407746205356,NA,0.571169748693332,NA,NA,0.5700752298690442,0.5700752298690442,4.93241695303551,6.035509736540664,1.6231386025200458,1.9690721649484537,11
{329A423F-06CE-4C8C-AD64-CF77BEA59F4A},ANO0643,2021,round1,Central,V1-C-5,0.5961819519033689,NA,0.4564218714952196,NA,0.36393101075978523,NA,0.7710406943995923,NA,0.36393101075978523,4.927909371781669,5.464469618949537,1.948506694129763,2.1040164778578787,12
{EA44724F-5185-4471-9BE1-929A55B1BFB1},ANO0643,2021,round1,Central,V1-C-2,NA,0.22384079142328867,0.6977432659467903,NA,0.41495189344409633,NA,0.7047546142152391,NA,0.22384079142328867,6.506172839506172,7.044444444444444,2.0814814814814815,1.980246913580247,10
{C3A84DBC-CF9E-4275-BBA6-D58F2057E1E6},ANO1191,2021,round1,Central,V3-C-2,0.6058210979010198,NA,0.5315352253299914,NA,NA,0.939196744464399,NA,0.5822207749918593,0.5315352253299914,4.963855421686747,5.228915662650603,1.8313253012048192,1.819277108433735,9
{2277B7C6-9A23-4FB1-A5E7-9E08C07B48D0},ANO1191,2021,round1,Central,V1-C-2,0.5077332652753584,NA,0.642159783412077,NA,0.8286708014791206,NA,NA,0.8199279825036005,0.5077332652753584,4.345170454545454,6.944602272727272,3.196022727272727,2.7926136363636362,14
{7AAF20CB-4F46-45EB-B17A-C150819CDED2},ANO1191,2021,round1,Central,V3-C-2,0.541095530236635,NA,0.5404698630207234,NA,NA,0.8925927331515409,NA,0.590990990990991,0.5404698630207234,4.566666666666666,5.3,1.8666666666666667,1.711111111111111,7
{62AC83C2-2774-4AEF-9E10-897C315956B7},ANO0765,2021,round1,Eastern,V1-C-1,0.6909612861485833,NA,0.484824994490481,NA,0.4309989241695707,NA,NA,0.9413795858535503,0.4309989241695707,5.039457459926018,5.7422934648582,2.123304562268804,2.6165228113440198,9
{3954EBE4-2277-43AD-98E5-8B9D43AA28F0},ANO0765,2021,round1,Eastern,V1-C-1,0.6005276501648222,NA,0.5264302874607623,NA,0.3098776918430918,NA,0.9293801227028453,NA,0.3098776918430918,4.9535655058043115,6.1492537313432845,1.8076285240464345,2.399668325041459,10
{1645C1C3-EB0A-43F8-A27D-1644E99D896D},ANO0765,2021,round1,Eastern,V1-C-1,0.5838890759803848,NA,0.5066999587683095,NA,0.3089339956705788,NA,0.7142688530803554,NA,0.3089339956705788,4.846918489065607,5.956262425447317,1.805168986083499,1.9980119284294235,10
{ADBED5B6-147B-4A20-AA0E-72004C626EAD},ANO0765,2021,round1,Eastern,V1-C-5,0.5598155795962945,NA,0.5124991565710608,NA,0.5730411088524814,NA,0.9935467922229559,NA,0.5124991565710608,4.688311688311688,6.012987012987013,2.4935064935064934,2.5194805194805197,11
{3168A000-D138-4C45-9A2A-138499F23275},ANO0765,2021,round1,Eastern,V1-C-2,0.6508194128081691,NA,0.6062837831103167,NA,0.07305917500810137,NA,0.14254895572916554,NA,0.07305917500810137,5.001331557922771,6.880159786950734,1.1904127829560587,1.1864181091877497,8
{190066D1-2E3C-47A4-862B-1049E23FF413},ANO0765,2021,round1,Eastern,V1-C-1,0.6494174465156278,NA,0.6730004447615625,NA,0.6802722242998647,NA,0.6579521116512803,NA,0.6494174465156278,5,7,2.7857142857142856,1.8928571428571428,2
{0C9A8E59-DB5C-450A-AF01-0704657C5A1E},ANO0765,2021,round1,Eastern,V1-C-1,0.5862912542734183,NA,0.5151806263021804,NA,0.4062583001890225,NA,NA,0.9473660438905375,0.4062583001890225,4.862745098039215,6.03921568627451,2.0588235294117645,2.607843137254902,9
{DA6F957F-1F0F-467F-B557-F8E058B9F3E8},ANO0765,2021,round1,Eastern,V1-C-1,0.6494174465156278,NA,0.6111433917984934,NA,0.8984257981376191,NA,NA,0.8684776449212346,0.6111433917984934,5,6.888888888888889,3.388888888888889,2.7222222222222223,11
{B77AA278-32D4-4BDF-B5E6-073CB9E7C196},ANO0765,2021,round1,Eastern,V3,0.6227570345772869,NA,0.8154682330917309,NA,NA,0.6091210242661883,NA,0.5278543849972421,0.5278543849972421,4.989795918367347,6.112244897959184,2.0816326530612246,2.489795918367347,5
{58D54D9D-F365-4E37-B4B9-C11BB4854B63},ANO0765,2021,round1,Eastern,V1-C-7,0.5909195628544015,NA,0.5655629901951579,NA,NA,0.9391040082138289,NA,0.5246958047977143,0.5246958047977143,4.893238434163701,6.53202846975089,3.7935943060498216,3.8505338078291813,22
{D5F0CD93-E1B8-4349-9423-1380AD935C44},ANO0990,2021,round2,Southern,V1-C-5,0.5991414674191747,NA,NA,0.9489124809048433,0.5480027334171735,NA,0.5170593494544542,NA,0.5170593494544542,4.9474079639368895,7.675432006010519,2.4282494365138994,1.67618332081142,6
{B0FCD2B5-A14A-4013-B05D-FF3408A1EE75},ANO0990,2021,round2,Southern,V1-C-1,0.8475602914255267,NA,NA,0.395449797935627,0.7164016591590888,NA,0.9702682517737645,NA,0.395449797935627,5.188191881918819,9.546125461254611,2.885608856088561,2.476014760147601,4
{4ADCEAAC-AEE8-48A4-AD62-2F4C6D719EEC},ANO0990,2021,round2,Southern,V1-C-5,0.5888211798351107,NA,0.8384117819354852,NA,0.680959820615243,NA,NA,0.9619916482063177,0.5888211798351107,4.879413362303096,7.29712112982075,2.7876154263986965,2.5866376969038565,8
{38837894-CA85-48D2-87F5-80FB71A0982E},ANO1079,2021,round1,Eastern,V1-C-5,0.6962119658799699,NA,0.542977661391896,NA,0.6894576379351385,NA,0.983113796972023,NA,0.542977661391896,5.044444444444444,6.311111111111111,2.811111111111111,2.5,11
{D35BB93E-2020-4373-9CD9-EF3A51A86068},ANO0679,2021,round1,Central,V6-C-3,NA,NA,NA,NA,NA,NA,NA,NA,NA,NA,NA,NA,NA,NA
{9414BFE9-90E4-4492-93F7-957C050EE671},ANO0679,2021,round1,Central,V6-C-3,NA,NA,NA,NA,NA,NA,NA,NA,NA,NA,NA,NA,NA,NA
{F7DDC046-D829-47CD-8BBD-AC6F35990E32},ANO0187,2021,round1,Eastern,V2-C-1,NA,0.9056291641107062,0.5016320832872592,NA,0.34124822039891906,NA,0.27361706768123434,NA,0.27361706768123434,4.465648854961833,5.5979643765903315,2.5241730279898222,2.3460559796437663,9
{3B9DFF86-C4DE-433A-9A10-20E80F175909},ANO0679,2021,round1,Central,V1-C-2,NA,0.7807942325978415,0.5572488639955135,NA,0.7730562220681461,NA,NA,0.8739515338293087,0.5572488639955135,5.52112676056338,6.450704225352113,3.0422535211267605,2.7142857142857144,8
{83816A31-9E73-4D40-9829-AD45574A4CDD},ANO0187,2021,round1,Eastern,V2-C-1,NA,0.5487633097035465,0.5781824186748337,NA,0.15009903247236503,NA,0.19413729839832697,NA,0.15009903247236503,4.846441947565544,6.299625468164794,1.6704119850187267,1.955056179775281,10
{33523945-E6E9-4AF8-BAB5-B8CD8D7DA39C},ANO0187,2021,round1,Eastern,V2-C-1,NA,0.5839771022793273,0.5381399225527324,NA,0.1430287898369385,NA,0.234561697625712,NA,0.1430287898369385,4.708249496981891,5.932595573440644,1.6388329979879275,2.153923541247485,10
{E4952CB2-0D85-4E5A-90FB-1A9174ECF2DB},ANO0187,2021,round1,Eastern,V2-C-1,NA,0.8511671586158102,0.636590869687564,NA,0.23638696268981613,NA,0.34320074962269476,NA,0.23638696268981613,4.497674418604651,6.572093023255815,2.0558139534883724,2.6883720930232555,11
{B9F7DFF2-CDA6-40BA-91A5-BEB84156F790},ANO0187,2021,round1,Eastern,V2-C-1,NA,0.5641893458493531,0.5364988177555219,NA,0.1708953221104965,NA,0.2597679755117413,NA,0.1708953221104965,4.785904255319148,5.917553191489361,1.7632978723404253,2.2779255319148937,9
{AC8ED371-8006-4D97-9951-AB98FB321B56},ANO1255,2021,round1,Western,V6-C-3,NA,NA,NA,NA,NA,NA,NA,NA,NA,NA,NA,NA,NA,NA
{77CB81A4-B1CE-43D4-8474-F96395B24062},ANO0624,2021,round1,Eastern,V2-C-1,NA,0.6991188366070871,0.7518334600433196,NA,0.4341990586438067,NA,0.43797213612878216,NA,0.4341990586438067,4.5870841487279845,6.800391389432485,2.9393346379647745,3.154598825831702,11
{194C1406-26BA-4F40-81B9-23EDA267C258},ANO0677,2021,round1,Southern,V2-C-1,0.6884981682048279,NA,0.934824616489917,NA,0.24518830853255213,NA,0.2757844095271974,NA,0.24518830853255213,4.239001189060643,7.162901307966706,2.09512485136742,2.3567181926278242,8
{064B0B77-6747-4E99-9B39-17CA317B06AB},ANO0624,2021,round1,Eastern,V2-C-1,NA,0.8577097255073363,0.4498639072772701,NA,0.20730623665488027,NA,0.22836862450661582,NA,0.20730623665488027,4.493827160493828,5.1234567901234565,1.9259259259259258,2.123456790123457,7
{CA954228-9A54-4AB1-9289-574A42CF0E2C},ANO0624,2021,round1,Eastern,V2-C-1,NA,0.5568092058060601,0.5456466736712146,NA,0.18997741238471086,NA,0.27825331718624324,NA,0.18997741238471086,4.814866760168304,6.001402524544179,1.8485273492286118,2.3688639551192145,10
{83555C3D-0BEC-478F-9605-D371DEE00B04},ANO0624,2021,round1,Eastern,V2-C-1,NA,0.728050602156278,0.3980419295931333,NA,0.1776235289457207,NA,0.12746821190909846,NA,0.12746821190909846,4.5700712589073635,4.648456057007126,1.7933491686460807,1.6270783847980996,5
{57BDA78C-848B-4F18-9294-AEEBBDEE29AE},ANO0677,2021,round1,Southern,V2-C-1,NA,0.9659137164056605,0.3903931834686213,NA,0.2238907355872707,NA,0.11814167218769979,NA,0.11814167218769979,4.43019943019943,4.578347578347578,2,1.5811965811965811,3
{33F2C6C7-20A5-406D-BD98-3577E6CFF4BE},ANO0677,2021,round1,Southern,V2-C-1,NA,0.5096340997942503,0.3272961960131037,NA,NA,0.5238663335866908,NA,0.340855978428528,0.3272961960131037,5,4,5,7,1
{6DFA1AEE-DD03-4C6E-8819-6265C420D67A},ANO0677,2021,round1,Southern,V2-C-2,NA,0.5733383622685316,NA,0.6562900740781354,0.5649742780835034,NA,0.7392619214320542,NA,0.5649742780835034,4.75,7.625,3.5234375,4.203125,11
{69A12446-816A-4E81-A8EB-5831DCF4B73D},ANO0292,2021,round1,Western,V1-C-1,NA,0.6162760227728118,0.5244486187709043,NA,0.8329275361360925,NA,NA,0.6859666647493965,0.5244486187709043,5.662337662337662,6.12987012987013,3.207792207792208,2.986842105263158,5
{277B7F10-0B72-4A4A-86AF-2B88574DB23D},ANO0701,2021,round1,Western,V1-C-1,0.5981000986845945,NA,0.551530277454497,NA,0.26187531333362946,NA,0.639552740914449,NA,0.26187531333362946,4.940546967895363,6.394768133174792,1.6825208085612366,1.8585017835909634,11
{8B4DD66A-FF10-4199-937B-3228837EFCB2},ANO0701,2021,round1,Western,V1-C-1,NA,0.6516210126805062,NA,0.6275589330919635,0.9767084858442406,NA,NA,0.48120781746765673,0.48120781746765673,5.632,8.229333333333335,3.605333333333333,4.277333333333334,11
{2F224A21-F505-4BAC-A690-B5ED40CA8183},ANO0237,2021,round1,Central,V3-C-2,0.6656899461936924,NA,0.49602923474908595,NA,NA,0.588849105390552,NA,0.5540540540540541,0.49602923474908595,5.055555555555556,4.946428571428572,2.1984126984126986,2.166666666666667,12
{EFBC7DF1-6ED6-4F52-8E4E-F542ACA6643F},ANO0237,2021,round1,Central,V3-C-1,0.6524244014366976,NA,0.9404283883676756,NA,NA,0.576552643527159,NA,0.5890446947555088,0.576552643527159,5.035236938031591,6.308626974483597,2.319562575941677,1.7351154313487245,12
{0759717D-AC41-41D4-B045-B2A391A59E3E},ANO0237,2021,round1,Central,V3-C-1,0.7846560781237226,NA,0.9704564967716978,NA,0.446707959546677,NA,NA,0.6897133220910634,0.446707959546677,5.2377740303541325,6.355817875210793,1.4873524451939293,1.5615514333895446,11
{007BF0B7-A512-4ADD-838F-E079F29C86B3},ANO0237,2021,round1,Central,V3-C-1,0.8038516495278213,NA,NA,0.9273398281842784,0.28337678518853554,NA,0.6252744668572657,NA,0.28337678518853554,5.2671755725190845,6.5381679389312986,1.3091603053435115,1.2709923664122136,9
{77B8E000-A34E-4BF6-B6D9-C79B305F7A4D},ANO0237,2021,round1,Central,V3-C-2,0.7731339569500361,NA,0.5118534975953173,NA,NA,0.934475390402365,NA,0.5861805201427843,0.5118534975953173,5.220125786163522,5.072327044025157,1.8349056603773586,1.770440251572327,9
{698213DF-ADD5-465A-AC2E-3F5A1CB7B20E},ANO0237,2021,round1,Central,V3-C-1,0.7371029996732464,NA,0.7381048575708262,NA,0.4278741224031598,NA,NA,0.5919591790961085,0.4278741224031598,5.164937759336099,5.990663900414938,1.466804979253112,1.6991701244813278,10
{7AF875FD-5CD8-4384-A3A0-8AC063A32B2F},ANO0237,2021,round1,Central,V3-C-2,0.6701220521697425,NA,0.6020258961480093,NA,NA,0.9617604922902938,NA,0.5646357080272292,0.5646357080272292,5.062344139650873,5.776807980049875,1.814214463840399,2.0361596009975065,10
{671FCBBE-AEAD-4768-83C6-419D5D3C7D6F},ANO0237,2021,round1,Central,V1-C-1,0.7385776141712244,NA,0.7326235568330643,NA,0.4271698938890802,NA,0.7746920881919703,NA,0.4271698938890802,5.084682440846825,7.107098381070984,2.1133250311332503,2.1108343711083437,12
{2E37BD9D-2DBE-445B-B723-37BF3B0C9577},ANO0438,2021,round1,Central,V3-C-1,0.726655940642372,NA,0.9651750200164215,NA,NA,0.9038155559918712,NA,0.5807935595169638,0.5807935595169638,5.148936170212766,6.347517730496454,1.8581560283687943,1.8368794326241136,8
{7D611385-91E9-416F-8886-F808AA56C849},ANO0438,2021,round1,Central,V1-C-5,NA,0.8518939444482873,0.5341167899051638,NA,0.21911382136822727,NA,0.48054283878974047,NA,0.21911382136822727,5.460099750623441,6.224438902743142,1.5710723192019949,1.628428927680798,13
{DCFB65FC-7F67-4098-826B-BE2E357B66AC},ANO0438,2021,round1,Central,V1-C-3,0.96356972201184,NA,NA,0.5505870185613295,NA,0.9349379972593712,0.47100262522510633,NA,0.47100262522510633,5.298375184638109,8.583456425406204,3.802067946824224,1.6159527326440177,23
{55FE60FA-A191-43BD-AFD7-77FCF7154FEC},ANO0438,2021,round1,Central,V1-C-1,NA,0.9672209734592276,0.6093240667113438,NA,0.1648856989964706,NA,0.5135306165303448,NA,0.1648856989964706,5.361111111111112,6.885620915032679,1.4297385620915033,1.6715686274509802,9
{A59A741F-C1DD-4A37-B33E-CD6A5DB95C66},ANO0438,2021,round1,Central,V1-C-6,0.6238857947839281,NA,0.579524386105389,NA,0.5919257450534438,NA,0.33642094400974826,NA,0.33642094400974826,4.975750577367205,6.668591224018476,2.5427251732101617,1.4399538106235568,12
{3B373284-6351-4152-BE6D-9FEABBBF53D3},ANO0438,2021,round1,Central,V3-C-1,NA,0.45973487986744144,0.5930475077364636,NA,NA,0.7167685086530311,NA,0.5687095546250476,0.45973487986744144,6.126760563380282,5.71830985915493,2,1.9859154929577465,3
{54FE7044-8722-4E3E-A3EC-8C3020AB1567},ANO0438,2021,round1,Central,V1-C-5,0.5776519025890385,NA,0.5503777916026031,NA,0.10430364125672852,NA,0.1503362608523034,NA,0.10430364125672852,4.805825242718447,6.383495145631067,1.2718446601941746,1.1966019417475726,5
{C5041BFF-0069-4093-B598-F928415CDD71},ANO0776,2021,round1,Central,V1-C-5,0.9414562352492967,NA,0.5406477477790456,NA,0.32207419986599317,NA,0.7710396879113928,NA,0.32207419986599317,5.2773722627737225,6.288321167883212,1.8394160583941606,2.104014598540146,13
{2DD8E141-0755-4B1F-992D-C01DDFBACA3C},ANO0776,2021,round1,Central,V1-C-5,0.6408312961735473,NA,0.4862642063749159,NA,0.473645918336811,NA,0.9064101890058539,NA,0.473645918336811,4.99184505606524,5.756371049949032,2.234454638124363,2.3567787971457697,15
{0BBCBD1B-F9A4-41B9-9136-77DA7C675ECA},ANO0776,2021,round1,Central,V1-C-1,0.6568846570524909,NA,0.90989979653502,NA,0.6808218833604861,NA,0.6545607715874429,NA,0.6545607715874429,5.00709219858156,7.425531914893617,2.7872340425531914,1.8865248226950355,5
{D685D8F1-FB96-4B4A-9C96-EF3296F9CB49},ANO0776,2021,round1,Central,V1-C-1,NA,NA,NA,NA,NA,NA,NA,NA,NA,NA,NA,NA,NA,NA
{18683F63-EEC8-4097-B957-D9AFC41C8173},ANO0776,2021,round1,Central,V1-C-5,NA,0.46433315391586993,0.9581463718352242,NA,NA,0.9935129609708039,0.8459580789170756,NA,0.46433315391586993,5.975609756097562,7.51219512195122,3.682926829268293,2.2439024390243905,5
{FA06D14B-8157-4168-BC86-CFFD7D0D0391},ANO0776,2021,round1,Central,V1-C-5,0.5920825796003063,NA,0.5176186458819046,NA,0.3767750902153448,NA,0.9372775445632697,NA,0.3767750902153448,4.900900900900901,6.063063063063063,1.981981981981982,2.4144144144144146,14
{3F6F281F-3478-4CC7-B2A3-42EEA240347C},ANO0290,2021,round1,Central,V1-C-5,0.5199556020733669,NA,0.48418854991957433,NA,0.5713749777512278,NA,NA,0.9229877491714521,0.48418854991957433,4.425696594427245,5.736068111455109,2.489164086687307,2.643188854489164,16
{3D5AFA4D-4EFF-4648-B476-10F3BDA6C991},ANO0290,2021,round1,Central,V1-C-5,NA,0.5596590808009315,0.5841959297701211,NA,0.27210554516628693,NA,0.607401765614022,NA,0.27210554516628693,5.765306122448979,6.7142857142857135,1.7091836734693877,1.798469387755102,8
{92DE58A9-F5F3-4AE5-B51D-9038BFED93EC},ANO0439,2021,round1,Central,V1-C-1,NA,0.9669802315698888,0.8913078548469546,NA,0.13496371798108575,NA,0.5932109761606227,NA,0.13496371798108575,5.361317747077577,7.392136025504783,1.3517534537725824,1.7757704569606803,7
{65354B29-6AB8-4B7A-AA79-2C4935142522},ANO0439,2021,round1,Central,V1-C-5,0.7402479298252789,NA,0.5670291370818727,NA,0.3980318860107402,NA,0.6922324889297771,NA,0.3980318860107402,5.086268871315601,6.546369518332136,2.0373831775700935,1.9568655643422,17
{E216885B-DE80-4D7A-B343-6F59BAB46809},ANO0439,2021,round1,Central,V3-C-1,0.5714373356704651,NA,0.966754516414919,NA,NA,0.8486366770269136,NA,0.5675675675675675,0.5675675675675675,4.766666666666667,6.35,1.9,2,9
{96ABCAF0-0864-4653-9F84-5681B515E8E3},ANO0439,2021,round1,Central,V1-C-6,0.6436324097810251,NA,0.49274679768687535,NA,0.36977441987290216,NA,0.7247500325271252,NA,0.36977441987290216,4.9945054945054945,5.81978021978022,1.9637362637362636,2.0175824175824175,21
{E79901CD-5695-4AE5-B198-A43A9BA1B303},ANO0439,2021,round1,Central,V1-C-5,0.8917462075095433,NA,0.3464606416831136,NA,0.5907583218798044,NA,0.7450869423581459,NA,0.3464606416831136,5.23015873015873,4.388888888888889,2.5396825396825395,2.0555555555555554,11
{C40D77EA-0F84-4437-90E4-E8538BF04863},ANO0439,2021,round1,Central,V3-C-1,0.7164692175193019,NA,0.5372112161291256,NA,0.6142921065037278,NA,NA,0.5897897897897898,0.5372112161291256,5.133333333333334,5.274074074074074,1.6592592592592592,1.7259259259259259,7
{413CF412-FFFD-444B-9914-6EB27D30204D},ANO0439,2021,round1,Central,V1-C-2,0.9893596948126435,NA,NA,0.9947567122457277,0.08086706075013178,NA,0.5966509366096405,NA,0.08086706075013178,5.322869955156951,7.596412556053812,1.210762331838565,1.7802690582959642,8
{6824551C-94D1-4A75-B7AB-839852AEBB2C},ANO0439,2021,round1,Central,V1-C-5,0.6459953121092434,NA,0.48968340841267444,NA,0.6966458709648556,NA,0.9543919758099206,NA,0.48968340841267444,4.996749729144096,5.789815817984832,2.830985915492958,2.4463705308775734,13
{CFE97232-0250-4C56-AA86-2EEBF7C6570C},ANO0439,2021,round1,Central,V1-C-5,0.6382166307103324,NA,0.7354557284109283,NA,0.3332226096435427,NA,0.7857748016937385,NA,0.3332226096435427,4.989361702127659,7.112185686653771,1.8684719535783363,2.1315280464216633,14
{9C8F8893-F209-4201-88A8-1BAAE76E354F},ANO0439,2021,round1,Central,V1-C-1,0.8801039113595062,NA,0.8856775032638009,NA,0.08406655837244754,NA,0.5971325417179719,NA,0.08406655837244754,5.219101123595506,7.382022471910112,1.2191011235955056,1.7808988764044944,11
{803FA3B7-137B-4DF7-905C-D65B3AA26A04},ANO1550,2021,round1,Central,V1-C-2,NA,0.47611913915897597,0.6966903799389085,NA,0.4898149718591053,NA,0.8490737583225791,NA,0.47611913915897597,5.949608062709966,7.042553191489362,2.276595744680851,2.2497200447928334,13
{D9EBE7C4-E368-4D80-B496-EFDA837CA971},ANO1550,2021,round1,Central,V1-C-6,0.7316167744461035,NA,0.5191529902873916,NA,0.436550171149666,NA,0.8567559704483818,NA,0.436550171149666,5.078071182548795,6.078071182548794,2.137772675086108,2.26406429391504,15
{4C907E78-7EB9-4946-A29E-E556DB1EAD97},ANO1550,2021,round1,Central,V1-C-2,NA,0.8149772574028686,0.5518972122977177,NA,0.4857164174231178,NA,0.9033845759065431,NA,0.4857164174231178,5.491786447638603,6.398357289527721,2.265913757700205,2.351129363449692,19
{E6D2E9AC-2732-468F-B371-91BB3CD4CC20},ANO1550,2021,round1,Central,V3-C-2,0.5776077639926354,NA,0.6418854360669751,NA,0.5353849467438625,NA,NA,0.5614926853458964,0.5353849467438625,4.807339449541284,5.839449541284403,1.5840978593272168,2.074923547400611,9
{1993CAA6-89D8-4330-A5DB-28A21D34914A},ANO1550,2021,round1,Central,V1-C-5,NA,0.9811828880980615,0.4346869340278302,NA,0.43152984033655256,NA,0.7033135261649999,NA,0.43152984033655256,5.349127182044888,5.251870324189526,2.1246882793017456,1.9775561097256857,7
{88FE9355-4130-426F-8B6D-4185D37BB93D},ANO1550,2021,round1,Central,V1-C-2,0.7586681300773421,NA,0.6656380081423567,NA,0.23341369276147864,NA,0.7044371374565137,NA,0.23341369276147864,5.103763987792472,6.986775178026449,1.6083418107833163,1.9796541200406919,12
{AB49180F-8540-4DF9-8A74-03E823C5A487},ANO1550,2021,round1,Central,V3-C-2,0.8742476677095892,NA,0.5237111075782204,NA,NA,0.854131184042492,NA,0.5760135135135135,0.5237111075782204,5.375,5.166666666666667,1.8958333333333333,1.8958333333333333,7
{0FD01A49-E103-4584-AA35-429E713B2BE2},ANO1550,2021,round1,Central,V1-C-3,NA,0.5010445248826335,0.636177468165834,NA,0.6900613317404839,NA,0.8744406618358105,NA,0.5010445248826335,5.894618834080717,6.933856502242152,2.812780269058296,2.2970852017937218,19
{EC909B06-6B2E-44F7-BF0E-C7CA0D2CB1B1},ANO1550,2021,round1,Central,V1-C-5,0.5947462842369385,NA,0.47448798363158845,NA,0.38759959130617644,NA,0.8458116090468164,NA,0.38759959130617644,4.918450560652396,5.64118246687054,2.0101936799184505,2.2436289500509683,12
{885B2121-6E1D-410C-8B0D-01DA09446449},ANO1550,2021,round1,Central,V1-C-6,0.7199450713949007,NA,0.4721609866596012,NA,0.4204049874098525,NA,0.6999586451616158,NA,0.4204049874098525,5.066985645933015,5.618421052631579,2.0956937799043063,1.9712918660287084,13
{CFEA2375-7544-49DF-93BD-8D9DAE186BB9},ANO1550,2021,round1,Central,V1-C-5,0.5979035982488988,NA,0.40619020151978025,NA,0.6170755590799569,NA,0.8073048263766682,NA,0.40619020151978025,4.9392523364485985,4.973130841121495,2.610981308411215,2.171728971962617,20
{4F2D75B5-D58B-41AE-AC25-0BE81D95F862},ANO1550,2021,round1,Central,V3-C-2,0.6109597366654519,NA,0.5426021153872919,NA,NA,0.9306618174737629,NA,0.5664816602316602,0.5426021153872919,4.971726190476191,5.316964285714286,1.837797619047619,2.013392857142857,10
{BC394868-4D1D-4BB1-ADD8-E779867974DE},ANO1550,2021,round1,Central,V1-C-5,0.6608617583166901,NA,0.49005783565227284,NA,0.4337347069650918,NA,0.7211548944757724,NA,0.4337347069650918,5.010869565217392,5.793478260869565,2.130434782608696,2.010869565217391,9
{16FCA8EB-F185-4965-8A95-628A02BA2B95},ANO1550,2021,round1,Central,V1-C-5,NA,0.7918033771845502,0.5548000836224526,NA,0.4651508987892005,NA,0.7028258049545675,NA,0.4651508987892005,5.51167728237792,6.426751592356688,2.2123142250530785,1.9766454352441611,11
{73A67A8E-9598-4FDD-8E71-DCCF5046DD4F},ANO1550,2021,round1,Central,V3-C-2,0.5959329958410348,NA,0.5214743127039644,NA,NA,0.9266203166402154,NA,0.5592430212553415,0.5214743127039644,4.928131416837782,5.148870636550308,1.8408624229979467,2.102669404517454,11
{9B67E722-728C-48CD-8080-8645994EDF06},ANO1513,2021,round1,Central,V1-C-5,0.573488263175838,NA,0.51570259811494,NA,0.5696869238723259,NA,0.9890479844831721,NA,0.51570259811494,4.7783933518005535,6.044321329639889,2.484764542936288,2.511080332409972,15
{70BA81BB-056B-494D-8C32-A2C82D81D13A},ANO1513,2021,round1,Central,V1,NA,NA,NA,NA,NA,NA,NA,NA,NA,NA,NA,NA,NA,NA
{29A7A19E-36A6-4E56-88A6-1B1E09CBC481},ANO1513,2021,round1,Central,V1-C-2,NA,0.5401910177839978,0.8131054342291808,NA,0.7438079811487154,NA,0.8950422760321681,NA,0.5401910177839978,5.808255659121172,7.251664447403463,2.961384820239681,2.3355525965379496,9
{5A5A2D51-9265-4783-858A-56797E3FEE4A},ANO1513,2021,round1,Central,V1-C-2,NA,0.2860254390940896,0.6834202157152346,NA,0.8544788742776777,NA,0.9888417159333194,NA,0.2860254390940896,6.3689839572192515,7.018716577540107,3.267379679144385,2.5106951871657754,12
{EC1C5823-644C-4774-8829-5B12DDB022E8},ANO1513,2021,round1,Central,V3-C-2,0.7352908779334273,NA,0.5163508433636075,NA,NA,0.8236886451723953,NA,0.574872169466764,0.5163508433636075,5.162162162162162,5.108108108108108,1.9189189189189189,1.90990990990991,9
{BE458E1A-EEAB-4218-ACC5-2B9945DFA291},ANO1513,2021,round1,Central,V1-C-2,0.9991826040093086,NA,0.8825569915344098,NA,0.5046241924746488,NA,0.8082369241944805,NA,0.5046241924746488,5.332199546485261,7.37641723356009,2.315192743764172,2.1734693877551017,14
{BA32D187-A58A-4C24-A41F-4C8973C42A8E},ANO1513,2021,round1,Central,V1-C-2,NA,NA,NA,NA,NA,NA,NA,NA,NA,NA,NA,NA,NA,NA
{60D669C5-9CFA-45BE-B6C9-0102DB786BBB},ANO1513,2021,round1,Central,V1-C-2,NA,0.34648445017955587,0.7507265846104458,NA,0.5022099406059763,NA,0.7471120399432118,NA,0.34648445017955587,6.235602094240838,7.139616055846423,2.30890052356021,2.05933682373473,12
{62786148-9046-47AA-86B6-1C1FDDBCF973},ANO1513,2021,round1,Central,V1-C-2,NA,0.6812145461868553,0.5269995896917394,NA,0.4849665495488249,NA,0.7860166870284258,NA,0.4849665495488249,5.606598984771574,6.154822335025381,2.2639593908629445,2.1319796954314723,16
{486C0BEF-E8DC-4DC5-8553-868DCD7EFCCF},ANO1280,2021,round1,Eastern,V1-C-1,0.6621027077890943,NA,0.5579774979822453,NA,0.34670638068340276,NA,0.7024285151005385,NA,0.34670638068340276,5.0120481927710845,6.457831325301205,1.9036144578313252,1.9759036144578312,8
{2099CD96-8E24-4964-9E2E-BD14AD55FFB3},ANO1280,2021,round1,Eastern,V1-C-2,NA,0.7033157433653019,NA,0.7067802123594334,NA,0.5716513502953167,NA,0.5598876080049591,0.5598876080049591,5.587628865979381,8.092783505154639,4.649484536082475,3.5051546391752577,5
{85681EBC-F5AF-4EEA-8222-EDD6DF0CE68D},ANO1280,2021,round1,Eastern,V1-C-1,0.5784860168111058,NA,0.5034556432500054,NA,0.3257731652459144,NA,0.8669072901204369,NA,0.3257731652459144,4.811320754716981,5.9245283018867925,1.849056603773585,2.2830188679245285,6
{EECDCB3A-43B4-48B8-8A35-3F7286BF8BCB},ANO1280,2021,round1,Eastern,V1-C-2,0.812233428840015,NA,0.6156073028370654,NA,NA,0.9542012552868921,NA,0.5294246799896799,0.5294246799896799,5.154639175257732,6.896907216494846,3.7628865979381443,3.804123711340206,8
{36586822-61E1-4D0A-A7D8-2A01143F960E},ANO1345,2021,round1,Eastern,V1-C-1,NA,0.3495152598609419,0.7132447924724752,NA,0.573221216063226,NA,0.7669538672549028,NA,0.3495152598609419,6.228915662650603,7.072289156626506,2.4939759036144578,2.0963855421686746,8
{36437107-9225-49FE-A42A-910B873C0ADB},ANO1345,2021,round1,Eastern,V1-C-1,NA,0.9702740478240297,0.6624964168999091,NA,0.9283758791535771,NA,NA,0.5979018538952033,0.5979018538952033,5.3584905660377355,6.981132075471698,3.4716981132075473,3.1320754716981134,11
{AFAA71DC-6957-4051-8ED0-5F31BC0BCED3},ANO1280,2021,round1,Eastern,V1-C-1,0.5954484780808907,NA,0.4521901187162958,NA,NA,0.8518080030095017,NA,0.4957498119515695,0.4521901187162958,4.923076923076923,5.423076923076923,3.9711538461538463,4.134615384615385,10
{217A2630-9B65-4376-B6CA-83FC87488C3A},ANO0732,2021,round1,Western,V1-C-3,0.7180833173219995,NA,0.5511761598265926,NA,0.5421683837063647,NA,0.9249007075284117,NA,0.5421683837063647,5.065217391304348,6.391304347826087,2.4130434782608696,2.391304347826087,9
{D6D9A80A-F892-4443-99CF-7259FB30BE38},ANO0414,2021,round1,Eastern,V1-C-4,0.7709032179422852,NA,0.5937452863144405,NA,NA,0.3084211249699821,NA,0.5721697434381751,0.3084211249699821,5.115384615384615,6.8076923076923075,6.1923076923076925,3.3846153846153846,7
{E1035520-1967-4C7A-A28C-09ED48DE863C},ANO1144,2021,round1,Northern,V1-C-6,NA,0.05886722112105969,0.6802304899130902,NA,NA,0.2105001875313225,0.8224456701076561,NA,0.05886722112105969,6.87012987012987,7.012987012987013,6.766233766233766,2.2,3
{E44ECEAA-1FD2-4C52-92B4-2E1328C92CB7},ANO1024,2021,round1,Northern,V4-C-2,NA,NA,NA,NA,NA,NA,NA,NA,NA,NA,NA,NA,NA,NA
{AD3505F6-2044-42EF-AE36-31A85CFCE639},ANO1024,2021,round1,Northern,V4-C-2,NA,NA,NA,NA,NA,NA,NA,NA,NA,NA,NA,NA,NA,NA
{7A7420E4-8A53-4AFE-A20E-F136F2DBEFD6},ANO1024,2021,round1,Northern,V1-C-5,0.5990430063844835,NA,0.5637085030663772,NA,0.21893330850592832,NA,0.5032844143972742,NA,0.21893330850592832,4.946759259259259,6.5138888888888875,1.5706018518518516,1.6581691772885283,10
{1EFF8046-1D2B-494E-8587-F87B5AB9BAAC},ANO0654,2021,round1,Northern,V6-C-2,NA,NA,NA,NA,NA,NA,NA,NA,NA,NA,NA,NA,NA,NA
{4B693D81-85E9-4379-8997-8C57007A502B},ANO0732,2021,round1,Western,V1-C-6,0.5554871086200346,NA,0.5027397447171223,NA,0.45488830290351606,NA,NA,0.586148752845717,0.45488830290351606,4.65979381443299,5.917525773195877,2.185567010309278,3.247422680412371,11
{EB432AF4-AD56-4F58-9D0A-4B78BC86DDFA},ANO0732,2021,round1,Western,V1-C-6,0.589474986736714,NA,0.49452864752633513,NA,0.5353791552878592,NA,NA,0.7410506031309523,0.49452864752633513,4.883720930232558,5.837209302325581,2.395348837209302,2.9069767441860463,12
{F92DE005-6B28-4B6A-84E8-418C8ACEE4AD},ANO0151,2021,round1,NA,V4-C-2,NA,NA,NA,NA,NA,NA,NA,NA,NA,NA,NA,NA,NA,NA
{23AF3313-1729-4A44-9405-13F446049132},ANO1486,2021,round1,Northern,V1-C-5,0.8073489493702835,NA,0.6173290970948003,NA,0.6537923990544267,NA,0.963030281113977,NA,0.6173290970948003,5.15,6.9,2.7125,2.4625,7
{3C2B61ED-603B-4F79-B9DB-145C44DFC441},ANO1486,2021,round1,Northern,V1-C-2,0.6446854164675485,NA,NA,0.5823244658167179,0.9544606915713439,NA,NA,0.5964761693561275,0.5823244658167179,4.995505617977528,8.386516853932584,3.543820224719101,3.146067415730337,16
{E89FA387-05EE-43DE-9746-AF55083B5607},ANO1383,2021,round1,Northern,V1-C-1,0.5534241103740126,NA,NA,0.44321329461132514,NA,0.673403725083585,NA,0.5123289752941771,0.44321329461132514,4.646201873048907,9.249739854318419,4.334027055150885,3.971904266389178,10
{70365487-AF14-4305-AA17-324DA2E38162},ANO1383,2021,round1,Northern,V1-C-1,0.570100853980873,NA,NA,0.4168806222415011,NA,0.5734292758409282,NA,0.7259348186390645,0.4168806222415011,4.756075607560756,9.413141314131414,4.639063906390639,2.928892889288929,8
{16A50911-D20D-4395-AC22-15FD3E713E71},ANO1383,2021,round1,Northern,V1-C-1,NA,0.5230126184217222,NA,0.480360577278369,NA,0.5282532034060332,NA,0.6702597061923217,0.480360577278369,5.846153846153846,9.01923076923077,4.903846153846154,3.0096153846153846,5
{C672CD18-D3EE-4B46-B8C3-5FFACAF38F96},ANO1308,2021,round1,Northern,V6-C-9,NA,NA,NA,NA,NA,NA,NA,NA,NA,NA,NA,NA,NA,NA
{9F4621E5-FE3B-49AB-B5C4-3B2E2D6A48BC},ANO1308,2021,round1,Northern,V6-C-5,NA,NA,NA,NA,NA,NA,NA,NA,NA,NA,NA,NA,NA,NA
{755878F4-9431-4F57-9FB2-83E2734F27EE},ANO0737,2021,round1,Northern,V1-C-3,NA,0.9347712718995592,0.9247578177902598,NA,0.817647780935423,NA,NA,0.6676087605623658,0.6676087605623658,5.388963660834455,7.452220726783311,3.165545087483176,3.0134589502018843,18
{A75B08A7-0D9F-47BF-98D6-55AE70F4B339},ANO0737,2021,round1,Northern,V1-C-3,0.9575764764759309,NA,0.6322653123224681,NA,0.9871294496306986,NA,NA,0.48212899864720266,0.48212899864720266,5.2926829268292686,6.926829268292683,3.6341463414634148,4.2682926829268295,6
{6EF792B7-9A72-4383-970A-B39F784BFB6D},ANO0737,2021,round1,Northern,V1-C-4,0.5849599868936445,NA,0.7429755213112824,NA,NA,0.5749221096207658,NA,0.4111514736543683,0.4111514736543683,4.853974121996304,7.1256931608133085,4.630314232902033,4.964879852125693,16
{C0174008-8230-4296-9865-3432B1FF133E},ANO0737,2021,round1,Northern,V1-C-2,NA,0.6126681811156729,0.5756111651829262,NA,NA,0.8994222107241379,0.8513489310250553,NA,0.5756111651829262,5.66543438077634,6.630314232902033,3.874306839186691,2.253968253968254,16
{202D037D-B37C-4613-A66C-F42A759961C8},ANO0059,2021,round1,Northern,V1-C-1,0.9126366179400531,NA,0.5568117455621467,NA,0.34257892377050514,NA,0.7822786383915643,NA,0.34257892377050514,5.25,6.446428571428571,1.8928571428571428,2.125,10
{2AB03021-E7CF-4A82-9AD6-96D2D01F66AB},ANO0059,2021,round1,Northern,V1-C-2,0.6956469387526296,NA,0.5304736311790214,NA,0.28387044783301757,NA,0.645375637866356,NA,0.28387044783301757,5.0439077936333705,6.18880351262349,1.7398463227222833,1.8693743139407246,17
{2800DBBA-965A-4C2E-A633-2004B1746707},ANO0059,2021,round1,Northern,V1-C-2,0.6898706525081671,NA,0.4451384925930122,NA,0.5374824967252138,NA,NA,0.8244307444553302,0.4451384925930122,5.038421599169263,5.354101765316719,2.4008307372793354,2.786085150571132,18
{B4F1CF02-B5AA-444E-A4CD-E4EC1D755252},ANO0971,2021,round1,Northern,V1-C-2,0.9821447108270225,NA,0.5676732166049058,NA,0.26465086959563877,NA,0.6774656768428401,NA,0.26465086959563877,5.316017316017316,6.5526695526695535,1.6897546897546898,1.9292929292929293,16
{D0211A69-A78E-425E-8E8D-27FD7640847E},ANO0971,2021,round1,Northern,V1-C-5,0.5713158846807255,NA,0.5522389845151616,NA,0.5875610803949985,NA,0.9657550372505805,NA,0.5522389845151616,4.764080765143465,6.401700318809777,2.5313496280552603,2.467587672688629,12
{FA105153-E17A-42C3-BD42-2F0AFF61EAF1},ANO1368,2021,round1,Northern,V1-C-5,0.5928155646552856,NA,0.511171438548856,NA,0.4751778639508078,NA,0.9133226512915678,NA,0.4751778639508078,4.905730129390018,6,2.2384473197781882,2.3696857670979665,7
{34D772F3-0AE3-4573-9FEE-A559BD422D84},ANO1368,2021,round1,Northern,V1-C-6,0.5628544845911687,NA,0.5716600587771373,NA,0.5819273985114981,NA,0.7376486031514623,NA,0.5628544845911687,4.708333333333333,6.591666666666667,2.5166666666666666,2.0416666666666665,6
{22FC9239-A701-46F4-955D-F25D9FA0A371},ANO1368,2021,round1,Northern,V1-C-6,0.5460626227881776,NA,0.5088212250382865,NA,0.47630283470437124,NA,0.9123213272808268,NA,0.47630283470437124,4.597701149425287,5.977011494252873,2.2413793103448274,2.367816091954023,8
{44C96E24-FB4B-4708-9A19-D764AD432869},ANO1406,2021,round1,Northern,V1-C-6,0.5109959815164767,NA,0.5543370266929817,NA,0.392214803392365,NA,0.8224456701076561,NA,0.392214803392365,4.366666666666666,6.4222222222222225,2.022222222222222,2.2,11
{6B598893-D292-467E-B39B-E333988D0B04},ANO1406,2021,round1,Northern,V1-C-2,NA,NA,NA,NA,NA,NA,NA,NA,NA,NA,NA,NA,NA,NA
{2BBA606A-D0BD-4E98-A80D-7DC67A7D9D37},ANO1406,2021,round1,Northern,V1-C-2,NA,0.5245796974282291,NA,0.7475724607341162,0.619605921462961,NA,0.9620524320272557,NA,0.5245796974282291,5.842696629213483,8.02247191011236,2.6179775280898876,2.460674157303371,7
{E5CEA90B-8CB6-4533-A8B8-BF3880976085},ANO1406,2021,round1,Northern,V1-C-2,0.9190565977308925,NA,NA,0.838436714552365,0.6166324301347431,NA,NA,0.9292244608523005,0.6166324301347431,5.2560975609756095,7.865853658536586,2.6097560975609757,2.6341463414634148,10
{5B235AE6-3985-4EC3-BBED-773F0D0BB8C7},ANO1406,2021,round1,Northern,V1-C-5,0.5499828618767904,NA,0.542443103024786,NA,0.3024367345851613,NA,0.8224456701076561,NA,0.3024367345851613,4.6235294117647054,6.305882352941176,1.7882352941176471,2.2,10
{23C5E172-1217-4B6A-92BF-67A68F38A345},ANO0879,2021,round1,Northern,V1-C-5,0.6494174465156278,NA,NA,0.46734435518437467,NA,0.9851190464552768,NA,0.4992768857124898,0.46734435518437467,5,9.1,3.7,4.1,4
{C5D99048-4644-4E59-A548-809FB821729C},ANO0136,2021,round1,Northern,V6-C-7,NA,NA,NA,NA,NA,NA,NA,NA,NA,NA,NA,NA,NA,NA
{A46EB35C-9A71-4AC4-9ACE-6C24ECD8FB1A},ANO0473,2021,round1,Northern,V1-C-6,NA,0.741136271888951,0.5863700389658507,NA,0.8787549774530599,NA,0.8515609250174083,NA,0.5863700389658507,5.555166374781085,6.7355516637478114,3.3345008756567425,2.254364089775561,9
{E6E3557B-9C04-4947-AA88-E4B55AE502CC},ANO0473,2021,round1,Northern,V1-C-5,NA,0.7365540450803922,0.5073352551451124,NA,0.9959508072377451,NA,NA,0.8962339367342604,0.5073352551451124,5.559099437148218,5.962476547842402,3.658536585365854,2.6819787985865724,10
{5467AD90-45C0-4CFE-B634-5AF27A62EDC7},ANO1406,2021,round1,Northern,V3-C-2,0.5734601226993872,NA,0.8840340336021543,NA,NA,0.582598121727309,NA,0.5740540540540541,0.5734601226993872,4.78,6.22,2.26,1.92,6
{4D79B03D-0F12-404E-BE44-2C33E0E19CA9},ANO1406,2021,round1,Northern,V1-C-5,0.6189483462864335,NA,0.5974624370177143,NA,0.6763680543162223,NA,0.8462100875859867,NA,0.5974624370177143,4.971061093247588,6.844051446945337,2.7749196141479096,2.2443729903536975,7
{8E2172C1-F059-4810-813F-7C5A7815DC40},ANO1406,2021,round1,Northern,V1-C-6,NA,0.3695861854345775,NA,0.677729296006929,NA,0.5835892984607208,NA,0.5990004333235823,0.3695861854345775,6.184636118598382,8.142857142857142,4.579514824797844,3.1212938005390836,8
{817EFCD9-5222-441E-B46F-36741790213E},ANO1406,2021,round1,Northern,V3-C-2,0.6001857688973297,NA,0.9624807830893458,NA,NA,0.5817194829249743,NA,0.5167406212182332,0.5167406212182332,4.955223880597015,6.343283582089552,2.2686567164179103,2.626865671641791,7
{80A52F0D-B7CE-4422-B1C1-E7494698680C},ANO1406,2021,round1,Northern,V1-C-5,0.5666490092063902,NA,0.9105315281397491,NA,0.6613273086771123,NA,0.3976301299382409,NA,0.3976301299382409,4.733333333333333,7.426666666666667,2.7333333333333334,1.52,7
{C46CB576-2B13-4764-88B2-AADEBDEAAAF1},ANO1406,2021,round1,Northern,V1-C-6,0.9722675057455872,NA,0.4543226241015462,NA,NA,0.4810042102847494,NA,0.4350087531457222,0.4350087531457222,5.306636155606408,5.443935926773456,5.1807780320366135,4.73073989321129,9
{5455313C-80A8-43B3-B78F-6AB5CE22D352},ANO1406,2021,round1,Northern,V1-C-1,0.5670987306422682,NA,0.5207133054017681,NA,0.3836883946229658,NA,0.9406656745658815,NA,0.3836883946229658,4.736296296296296,6.093333333333334,2,2.4207407407407406,16
{4086F935-8515-4F57-8087-F3DD44190E4A},ANO0384,2021,round1,Northern,V2-C-1,NA,0.48309065709663307,0.7158799765104962,NA,0.5923775712413205,NA,0.7883029481151379,NA,0.48309065709663307,5.104166666666667,6.729166666666667,3.6458333333333335,4.291666666666667,14
{BC58103B-304A-4BD8-8129-5D62F19777EC},ANO0384,2021,round1,Northern,V2-C-2,NA,0.4512385258594924,NA,0.5670684043824495,0.5877131809165856,NA,0.4658343508136325,NA,0.4512385258594924,5.229166666666667,7.916666666666667,3.625,3.2916666666666665,10
{9DFBA501-604D-4ACF-9F07-1F8FB0941298},ANO0384,2021,round1,Northern,V2-C-1,NA,0.5096340997942503,0.570670290484386,NA,0.3100025569669902,NA,0.3492128839665833,NA,0.3100025569669902,5,6.230769230769231,2.3846153846153846,2.717948717948718,6
{7F21D150-0A26-4976-9D92-E600C8A41E9A},ANO1176,2021,round1,Northern,V1-C-6,0.5922882030977105,NA,0.6771862603756048,NA,0.2928148274754212,NA,0.7777485220326064,NA,0.2928148274754212,4.902255639097745,7.007518796992481,1.763157894736842,2.1165413533834583,15
{8E6E3786-F8EB-4FC3-9FFA-D0682C15A3F0},ANO1176,2021,round1,Northern,V1-C-6,0.5446520878370559,NA,0.5270728831522833,NA,0.5280993604641847,NA,NA,0.5252398519196779,0.5252398519196779,4.588407923697725,6.15553925165077,2.3763756419662507,3.8451944240645632,15
{0D80216C-21A0-4F7A-96E0-53FACD3859C5},ANO0474,2021,round1,Northern,V1-C-5,0.5796616202085241,NA,0.4449379408691794,NA,0.42474454579857496,NA,0.8882966793023901,NA,0.42474454579857496,4.819066147859922,5.352140077821012,2.1070038910505837,2.32295719844358,14
{CD8DBDD1-C682-4964-88BF-7B6DC5F2B5DC},ANO1332,2021,round1,Eastern,V3-C-2,0.5825626643295361,NA,0.8814887879771464,NA,NA,0.523729321970891,NA,0.5396756756756756,0.523729321970891,4.84,6.216,2.84,2.344,15
{39AAF0B3-1072-4A94-9EC5-304FCD6ACDB4},ANO1496,2021,round1,Western,V1-C-5,NA,0.3997020228498199,0.5706358609492518,NA,0.4445534276735763,NA,0.7844650242548042,NA,0.3997020228498199,6.118195956454121,6.5816485225505446,2.1586314152410577,2.1290824261275274,9
{781126FA-7D61-4EDE-AF7C-0B84264F2FF6},ANO0845,2021,round1,Western,V1-C-5,0.47050186379381953,NA,0.5962158902720286,NA,0.7664616835489915,NA,NA,0.7300802943870079,0.47050186379381953,4.099873577749684,6.831858407079646,3.0240202275600505,2.922882427307206,7
{745FA817-1C0F-4A57-8475-76FD5C83F588},ANO0129,2021,round1,Western,V1-C-5,0.5288863175030188,NA,0.570193295370992,NA,0.9330190601854129,NA,0.9030557956134897,NA,0.5288863175030188,4.484536082474227,6.577319587628866,3.484536082474227,2.350515463917526,4
{0C824C4E-C804-45ED-A1BA-45E5269019F5},ANO0401,2022,round1,Eastern,V1-C-5,0.42684767319118466,NA,0.39405246527214494,NA,0.48953346900171485,NA,NA,0.8618712272735591,0.39405246527214494,3.812260536398467,4.854406130268199,2.275862068965517,2.731800766283525,8
{EE44A4DA-D7BC-4AE3-805A-3BDB5274E0F0},ANO0401,2022,round1,Eastern,V1-C-5,0.46482926536461694,NA,0.7077950370532891,NA,0.7502392422248023,NA,NA,0.7056294499060309,0.46482926536461694,4.0625,7.0625,2.9791666666666665,2.9583333333333335,3
{4B775C11-4415-485F-BDFA-167D6F201CAD},ANO0401,2022,round1,Eastern,V1-C-5,0.5208171040499909,NA,0.4119440416540781,NA,0.3836883946229658,NA,NA,0.818890651283387,0.3836883946229658,4.431372549019608,5.029411764705882,2,2.794117647058824,6
{EAA27728-B255-4401-B1BA-175E3427CA2E},ANO0401,2022,round1,Eastern,V1-C-6,0.5376922114334952,NA,0.5622885824037417,NA,NA,0.8794679825987489,NA,0.5170540045263952,0.5170540045263952,4.542553191489362,6.5,3.9148936170212765,3.925531914893617,6
{322FB942-5839-45E7-9E65-7D22E2031F52},ANO1062,2022,round1,Central,V1-C-6,0.8113984750845054,NA,NA,0.9279648192717991,NA,0.9227181325019352,0.7359320633345353,NA,0.7359320633345353,5.153846153846154,7.711538461538462,3.826923076923077,2.0384615384615383,12
{DC6502C0-232C-4ACF-98DF-974533A7802E},ANO1062,2022,round1,Central,V3-C-1,NA,0.7740227580658593,NA,0.9407464615288517,NA,0.6960562308979715,NA,0.7661431064572444,0.6960562308979715,5.7329842931937165,6.513089005235602,2.015706806282722,1.5287958115183244,9
{100D04E4-C7DA-4894-97EB-B9166CC19722},ANO1062,2022,round1,Central,V2-C-1,NA,0.9944200784646069,0.4338577482034165,NA,0.32686890337676466,NA,0.30832390576755725,NA,0.30832390576755725,4.41343669250646,4.976744186046511,2.4599483204134365,2.516795865633075,18
{D3EDB30C-A8F4-4192-AC72-CE61186A69AC},ANO1062,2022,round1,Central,V1-C-5,NA,0.24082535223815482,0.5726680940567184,NA,0.3590854746624092,NA,0.7177865340331576,NA,0.24082535223815482,6.468702290076336,6.601526717557252,1.9358778625954198,2.004580152671756,11
{AAA3033C-3F47-49D5-90EB-2A60FBEA5449},ANO1062,2022,round1,Central,V3-C-2,0.5661702863592513,NA,0.9882481212848568,NA,NA,0.5867002042643109,NA,0.9591163864160924,0.5661702863592513,4.731948565776459,6.3837784371909,2.219584569732938,1.4460929772502473,10
{C11FFD33-6687-4611-8FB3-F0304BD33828},ANO1062,2022,round1,Central,V1-C-3,0.5932742768975524,NA,NA,0.7281984610734795,0.843983620603131,NA,0.6864113280573788,NA,0.5932742768975524,4.9087523277467415,8.05586592178771,3.238361266294227,1.945996275605214,15
{16ADEDDE-CA63-458E-9929-E0260670BCDD},ANO1062,2022,round1,Central,V1-C-1,NA,0.28844938349319227,0.5762296216368923,NA,0.3787054284590312,NA,0.6249142933566595,NA,0.28844938349319227,6.363636363636363,6.636363636363637,1.9870129870129871,1.8311688311688312,10
{22973695-173C-487B-8402-2688886A61D1},ANO1062,2022,round1,Central,V3-C-2,0.6092862873581345,NA,0.5985533469167115,NA,NA,0.7516235311307089,NA,0.5759018930825098,0.5759018930825098,4.969162995594714,5.762114537444934,1.9735682819383262,1.8972099853157123,11
{FCBF1296-9E60-4F12-B8E5-DDCBF4EE3265},ANO0307,2022,round1,Eastern,V1-C-6,0.5944755230513469,NA,0.4728335806576918,NA,0.9386119827919424,NA,NA,0.9355327840451421,0.4728335806576918,4.916666666666667,5.625,3.5,2.625,11
{960C59FB-128B-4DA1-87C5-A7EAAB7F049F},ANO0307,2022,round1,Eastern,V1-C-5,0.5957403645897539,NA,0.5188390101270889,NA,0.2206208269082053,NA,0.497037662422801,NA,0.2206208269082053,4.925,6.075,1.575,1.65,13
{1EB59A16-D3BC-48BF-93EE-755EEF114C8C},ANO1151,2022,round1,Central,V1-C-5,0.5452928401236435,NA,0.4577122741587864,NA,0.343179460529306,NA,0.6939965168907253,NA,0.343179460529306,4.592629482071713,5.477091633466135,1.894422310756972,1.9601593625498008,15
{B03B6418-7ECF-42BD-8C7F-47027F9FBDDA},ANO1151,2022,round1,Central,V2-C-1,NA,0.5264167814559708,0.4662144497178971,NA,0.2074245673278337,NA,0.22781768151556234,NA,0.2074245673278337,4.934138309549946,5.2733260153677275,1.9264544456641055,2.1207464324917673,13
{A3B3D3C1-BF27-4F62-9CB5-53E16F58744A},ANO1151,2022,round1,Central,V2-C-1,NA,0.5231011148665337,0.4479266074624929,NA,0.2686688827047249,NA,0.22897195561047662,NA,0.22897195561047662,4.9471502590673575,5.105699481865285,2.2,2.1264248704663213,16
{1A811DE7-1F8B-497A-BB71-F0CF636C7749},ANO1143,2022,round1,Central,V1-C-2,0.5289931363950666,NA,0.5147552973431101,NA,0.7063921851215729,NA,0.8754088410789355,NA,0.5147552973431101,4.485239852398523,6.035055350553506,2.857933579335793,2.298892988929889,11
{9965C441-1319-450B-8A0A-E607337A7B10},ANO1143,2022,round1,Central,V1-C-5,0.7185845280578128,NA,0.513410145578997,NA,0.2968683929199589,NA,0.6332403820240707,NA,0.2968683929199589,5.065693430656935,6.021897810218978,1.7737226277372262,1.8467153284671534,7
{E154D67D-5D55-4771-A88E-B1CA311B954B},ANO1151,2022,round1,Central,V3-C-1,NA,0.966276169069938,NA,0.9211773250664248,0.6763140971800267,NA,0.7815615542885045,NA,0.6763140971800267,5.592292089249493,6.549695740365111,1.6795131845841786,1.336713995943205,11
{5C67FDC3-942C-4E8C-947B-B95B42FD2266},ANO1151,2022,round1,Central,V1-C-5,0.5408842601812647,NA,0.4706913882129061,NA,0.25616190508065056,NA,0.6611583982457386,NA,0.25616190508065056,4.563583815028902,5.604046242774566,1.6676300578034682,1.8988439306358382,9
{84AA8EB3-0B8B-4AC1-BDA8-58C13F325C1C},ANO1332,2022,round2,Eastern,V1-C-1,NA,0.5456575488207781,NA,0.5211204860095631,NA,0.573974281367587,NA,0.6637720493970078,0.5211204860095631,5.796195652173914,8.766304347826088,4.635869565217392,3.019021739130435,13
{05339CBC-8E7E-4538-A8F1-C26B7D0258C5},ANO1332,2022,round2,Eastern,V3-C-1,0.7323355063782535,NA,0.5925417102885008,NA,NA,0.47899023413154773,NA,0.5667687391825323,0.47899023413154773,5.157635467980295,5.714285714285714,3.2807881773399012,2.0098522167487682,10
{2C322EBE-F533-427D-8CA8-2661847C38FE},ANO1332,2022,round2,Eastern,V3-C-1,0.537199178172728,NA,0.9526722148011448,NA,NA,0.5291203595969733,NA,0.513070447496677,0.513070447496677,4.540983606557377,6.327868852459017,2.7868852459016393,2.6721311475409837,7
{32DE60C0-E1B3-4292-9598-0B62E23DE804},ANO1332,2022,round2,Eastern,V1-C-1,NA,0.9785916125800274,NA,0.7919700616633993,NA,0.7446123297767957,NA,0.807377209271651,0.7446123297767957,5.351351351351352,7.945945945945946,4.1891891891891895,2.810810810810811,7
{C318F387-103C-446A-9699-15483DBCD60E},ANO1332,2022,round2,Eastern,V1-C-5,0.5357126488808306,NA,0.4747946515222764,NA,0.3785121599568887,NA,0.7686186866275198,NA,0.3785121599568887,4.529510961214166,5.644182124789207,1.9865092748735245,2.0994940978077574,14
{9DCE06C6-9A61-4295-889F-F1A5250502F1},ANO1332,2022,round2,Eastern,V1-C-5,0.5313912226222681,NA,0.48375309527534144,NA,0.23292517927215378,NA,0.6485277115753337,NA,0.23292517927215378,4.501039501039501,5.731808731808731,1.6070686070686069,1.8752598752598753,7
{84D4AE08-EA0C-4C8B-95A4-0588872246E9},ANO1352,2022,round1,Central,V2-C-3,NA,0.9589808359696292,0.6644526337773702,NA,NA,0.49481107382037404,NA,0.5058960611618085,0.49481107382037404,4.434276206322795,6.627287853577371,5.166389351081531,6.031613976705491,14
{3DF615AC-EA76-4038-9A97-CC42E3C3D6AA},ANO0682,2022,round1,Eastern,V2-C-2,0.5799855438197943,NA,0.5394648246719701,NA,0.6508982737175368,NA,NA,0.5715948288631425,0.5394648246719701,4.083953241232732,5.944739638682253,3.7438894792773647,5.6461211477151965,14
{E205DE4F-FA7B-4E03-8C87-AE989CF5BFCD},ANO0682,2022,round1,Eastern,V1-C-6,0.45534295382656353,NA,0.5430149052125554,NA,0.6332628584103226,NA,NA,0.9143326815118225,0.45534295382656353,4,6.311475409836066,2.6557377049180326,2.6557377049180326,5
{64FFD1F9-E77E-4691-A046-C35345347876},ANO0027,2022,round1,Central,V1-C-2,0.504379887315578,NA,NA,0.34461997544099765,NA,0.8905722071320321,NA,0.5690345667618015,0.34461997544099765,4.323076923076923,9.861538461538462,3.8923076923076922,3.4153846153846152,6
{4B81D1FF-C055-4BC5-9CE5-7861C2390AA5},ANO1510,2022,round1,Southern,V2-C-1,NA,0.9091539477294315,0.5819803220497904,NA,0.3439910639486543,NA,0.5822228249783873,NA,0.3439910639486543,4.4635761589403975,6.3344370860927155,2.5364238410596025,3.864238410596027,10
{8F447227-28AE-4C5A-ABCA-E845D86FEABB},ANO1510,2022,round1,Southern,V1-C-1,0.5658140891761114,NA,NA,0.3947460176922547,NA,0.6693046582370215,NA,0.6828373090215503,0.3947460176922547,4.7278325123152705,9.550492610837438,4.342364532019705,2.9913793103448274,5
{DA8FFB92-7020-41F6-8BFA-D199FD0651C7},ANO1051,2022,round1,Central,V1-C-1,NA,0.6538364161912311,NA,0.7720336129975006,NA,0.7214570336049861,NA,0.8039689034855768,0.6538364161912311,5.630098452883264,7.980309423347398,4.236286919831223,2.8157524613220817,8
{3E35A634-A976-4946-B94B-358E70EF3266},ANO1051,2022,round1,Central,V1-C-1,0.5867459358721921,NA,0.5073849834484941,NA,0.5213543695455577,NA,0.6657446574868537,NA,0.5073849834484941,4.8657407407407405,5.962962962962963,2.3587962962962963,1.9074074074074074,18
{1586CBAE-1CE1-46DA-8AB2-80B071758178},ANO1051,2022,round1,Central,V1-C-1,0.604929699232626,NA,0.41037707038429294,NA,0.34045589945418087,NA,0.6776180627932972,NA,0.34045589945418087,4.957746478873239,5.014084507042254,1.8873239436619718,1.9295774647887325,12
{71C92AC8-957D-4164-AA6D-DD2A16754511},ANO1051,2022,round1,Central,V1-C-1,0.5435507511646936,NA,0.4769149232953202,NA,0.6441587606781974,NA,0.9415214081095198,NA,0.4769149232953202,4.581151832460733,5.664921465968587,2.68586387434555,2.422338568935428,20
{CE283CC0-9362-4F06-8F20-B3241ACB70AE},ANO0116,2022,round2,Northern,V2-C-1,0.4077821811138714,NA,0.5285203739272265,NA,0.813308966198019,NA,NA,0.8438972279482123,0.4077821811138714,3.168297455968689,5.844422700587083,3.9481409001956944,4.988258317025441,14
{EDC565CE-3242-4566-AAF8-0D3208E688E1},ANO0116,2022,round2,Northern,V3-C-2,0.7241409059929547,NA,NA,0.9701778560478106,0.5418279574216531,NA,NA,0.5683453237410072,0.5418279574216531,5.145083932853717,6.458033573141487,1.5911270983213426,1.990407673860911,11
{883F900A-D838-42E4-9D26-FEB8A914CE58},ANO0565,2022,round1,Northern,V3-C-2,NA,0.5284132841328435,NA,0.8579897643812173,NA,0.5971898537448052,NA,0.5526079585120175,0.5284132841328435,5.99630996309963,6.667896678966789,2.1162361623616235,2.1845018450184504,7
{3D1124A3-A9CD-4BDB-802E-E9ED8BC93D2E},ANO0565,2022,round1,Northern,V1-C-5,0.9324488136386655,NA,0.5691591662552048,NA,0.42494521124909107,NA,0.7182129426436759,NA,0.42494521124909107,5.268817204301075,6.567204301075269,2.10752688172043,2.005376344086021,5
{6B3E8917-84F4-4F76-AC89-CC6C75DFA2A2},ANO0565,2022,round1,Northern,V1-C-2,0.5200318974513705,NA,NA,0.9415096616832268,NA,0.6571147790820603,NA,0.5171740012783566,0.5171740012783566,4.42619926199262,7.688191881918819,4.367158671586715,3.9243542435424352,10
{222BA150-FB95-4ED7-A162-06369D8DF2CE},ANO1051,2022,round1,Central,V1-C-1,0.5989416751141858,NA,0.5381767220948332,NA,0.39403039986886773,NA,0.7138900264400873,NA,0.39403039986886773,4.946091644204851,6.264150943396226,2.026954177897574,1.9973045822102424,17
{94BDD5CF-79BB-430B-9011-3095F951274F},ANO1446,2022,round1,Southern,V2-C-1,NA,0.6593743239025137,0.44025845815590636,NA,0.3379126616367746,NA,0.2546913427474688,NA,0.2546913427474688,4.610455311973018,5.035413153456999,2.5092748735244523,2.2529510961214165,13
{6014027F-6DDE-4964-91F5-020262B0B700},ANO0989,2022,round1,Central,V3-C-2,0.5709522389125435,NA,0.9346881006070804,NA,0.4263822792080969,NA,NA,0.5963348368078986,0.4263822792080969,4.763469119579501,6.299605781865966,1.4651773981603156,1.645203679369251,9
{06DBEDFF-0D7B-463F-9D84-1599F809E280},ANO0989,2022,round1,Central,V3-C-2,0.712907061839902,NA,0.8246015718212736,NA,0.8079687953281314,NA,NA,0.5911038916154006,0.5911038916154006,5.127877237851663,6.126598465473146,1.7225063938618923,1.7097186700767262,10
{5CB0D94E-0540-43B5-BDFD-1F466F123063},ANO0483,2022,round1,Northern,V3-C-2,NA,0.5157262905162079,0.8192273230319954,NA,NA,0.8159175074303864,NA,0.5580747234882573,0.5157262905162079,6.020408163265307,6.118152524167562,1.9248120300751879,2.117078410311493,9
{68CCB88A-D6F4-404E-B287-5A91FE80D616},ANO1541,2022,round2,Northern,V3-C-1,NA,0.03227680718063808,NA,0.6651603544382767,NA,0.6664645752134031,NA,0.5663524559982326,0.03227680718063808,6.938692098092643,7.028610354223432,2.0381471389645776,2.014986376021798,8
{DF18EA3F-D03E-40CC-8463-02A1569A1E52},ANO1541,2022,round2,Northern,V3-C-2,0.7532287492413198,NA,0.49143096594220737,NA,NA,0.9449755979632728,NA,0.5786584511973113,0.49143096594220737,5.189637305699482,4.909844559585492,1.8269430051813473,1.8632124352331607,11
{14DE7982-E757-489F-AC54-5ADC5D2F546A},ANO1541,2022,round2,Northern,V3-C-2,0.5282193859138753,NA,0.501882476539666,NA,NA,0.9697928653368112,NA,0.5868725868725869,0.501882476539666,4.481792717086835,4.992997198879552,1.8081232492997197,1.7619047619047616,11
{4F026A5D-16D5-406D-AE35-982A3C3BC901},ANO0496,2022,round1,Central,V1-C-1,NA,0.8184080941490924,0.45141707272486653,NA,0.4897021912244229,NA,0.7210249821613924,NA,0.45141707272486653,5.488841657810839,5.415515409139214,2.2763018065887355,2.010626992561105,11
{3A2B5FFE-DA62-41FA-89E6-89D63A986053},ANO0496,2022,round1,Central,V1-C-1,NA,0.9918165405420657,0.7732088705617348,NA,0.35299332305312847,NA,0.5046843956908441,NA,0.35299332305312847,5.34,7.18,1.92,1.66,10
{821DAD05-3295-4105-8B29-9E9AA8A5A982},ANO0496,2022,round1,Central,V1-C-2,NA,0.896647136395285,NA,0.599955985674997,NA,0.736927897639029,NA,0.5917173811492994,0.5917173811492994,5.421686746987952,8.27710843373494,4.204819277108434,3.1927710843373496,13
{FBC7438E-A886-45F7-B2B7-C8ADDF58FC21},ANO0794,2022,round1,Central,V1-C-6,0.47429189073153916,NA,0.42540184885975957,NA,0.3985377582101219,NA,0.8042593486315397,NA,0.3985377582101219,4.1248439450686645,5.1610486891385765,2.038701622971286,2.1660424469413235,12
{F134D3AD-DDCD-4B16-83A6-59185B362E67},ANO1002,2022,round1,Central,V1-C-5,0.5871527562500424,NA,0.48157730263286963,NA,0.1918441973114829,NA,0.4225826279708025,NA,0.1918441973114829,4.868421052631579,5.7105263157894735,1.5,1.5526315789473684,8
{B71BE869-5407-4ACC-8438-43A4E4ECDD8F},ANO1002,2022,round1,Central,V1-C-5,0.5645512232402515,NA,0.4051968720204347,NA,0.32285974669493467,NA,0.702271136192845,NA,0.32285974669493467,4.719512195121951,4.963414634146342,1.8414634146341464,1.975609756097561,9
{6347A817-1649-4593-B255-505A49931605},ANO1496,2022,round2,Western,V1-C-2,0.9652804522249381,NA,0.5137272957416004,NA,0.3549117650262434,NA,0.5161544955929088,NA,0.3549117650262434,5.3,6.025,1.925,1.675,8
{4017EB2A-25F9-486F-AE28-1290E7554441},ANO0794,2022,round1,Central,V1-C-2,0.5674661989889239,NA,0.5604673064944227,NA,0.9630959646537804,NA,NA,0.8423564030772424,0.5604673064944227,4.738717339667458,6.4821852731591445,3.567695961995249,2.7600950118764844,12
{227D8053-DFDD-4B37-81C7-0BBA2997E22D},ANO1002,2022,round1,Central,V1-C-5,0.5240739657249127,NA,0.5208161826724194,NA,0.3619701836065715,NA,0.7254384991706799,NA,0.3619701836065715,4.452830188679245,6.09433962264151,1.9433962264150944,2.018867924528302,9
{E8F2E8F2-80BC-48B0-8F6C-5EA226244FAE},ANO1002,2022,round1,Central,V1-C-5,0.5423640516689734,NA,0.414389646183606,NA,0.24556057255869806,NA,0.7081927798929951,NA,0.24556057255869806,4.573333333333333,5.053333333333334,1.64,1.9866666666666666,9
{5EC5DACC-1450-49EC-B1EE-3B6EF2DDD7D5},ANO1002,2022,round1,Central,V2-C-1,0.5907227205062322,NA,0.8757932783430191,NA,0.48006999247159626,NA,0.39655986343287586,NA,0.39655986343287586,4.141045958795563,7.0459587955625995,3.144215530903328,2.950871632329635,14
{E2590CDC-5054-4552-A858-F69FFC52E2DD},ANO1002,2022,round1,Central,V2-C-1,0.9555168437115764,NA,0.537700893450099,NA,0.3358361033809061,NA,0.42977756210130463,NA,0.3358361033809061,4.385714285714286,5.928571428571429,2.5,3.1142857142857143,11
{2CF6E77E-6DE5-4773-93AD-684777240291},ANO1002,2022,round1,Central,V1-C-1,0.4620638830343356,NA,NA,0.35917545556859953,NA,0.8430685257953054,NA,0.6768915331386425,0.35917545556859953,4.0442804428044274,9.77121771217712,3.9889298892988925,2.9999999999999996,4
{714605D2-B804-49BF-BF3C-EAB4166E6B55},ANO1002,2022,round1,Central,V1-C-1,NA,0.8543682428475823,NA,0.904904472080802,0.8942555336923594,NA,0.9835731112283534,NA,0.8543682428475823,5.457975986277873,7.7512864493996565,3.377358490566038,2.500857632933105,11
{0317A7E9-6E73-4ACE-A930-32944B2960C2},ANO1002,2022,round1,Central,V3-C-1,0.5714373356704651,NA,0.8147467915880434,NA,0.7390492487283441,NA,NA,0.5522522522522523,0.5522522522522523,4.766666666666667,6.111111111111111,1.7,2.188888888888889,9
{4C4AA154-68F5-4D45-895E-669995815C3F},ANO1002,2022,round1,Central,V3-C-1,0.5917575238261167,NA,0.5868963746750816,NA,0.9868841543499176,NA,NA,0.5624691628748424,0.5624691628748424,4.9006085192697775,5.669371196754565,1.7809330628803246,2.062880324543611,12
{F202D540-F001-4CA8-8A83-29EE9F17DFDF},ANO1002,2022,round1,Central,V3-C-2,0.48076147933941094,NA,0.5529617003148474,NA,0.6699023282578099,NA,NA,0.5462697720762236,0.48076147933941094,4.168970814132105,5.399385560675884,1.67741935483871,2.2626728110599084,6
{1EA2F39F-AAD0-466F-899B-C77A1182BB5F},ANO1496,2022,round2,Western,V1-C-6,0.5028703328454978,NA,0.6648778014431798,NA,0.7654866519326612,NA,NA,0.7086290304440415,0.5028703328454978,4.313131313131313,6.985409652076319,3.021324354657688,2.9539842873176205,10
{13AEBB5A-5AA1-473C-8CFA-AC42458654CF},ANO1496,2022,round2,Western,V1-C-5,0.5993068920177945,NA,0.44107732927144855,NA,0.3260527988641512,NA,0.6170708899169381,NA,0.3260527988641512,4.948497854077253,5.314377682403434,1.849785407725322,1.8165236051502147,8
{D07F0DCD-23B5-4439-9370-EAB0AAA8CA9B},ANO0845,2022,round2,Western,V2-C-1,0.5740950163335038,NA,0.782427361671134,NA,0.4595651941001873,NA,0.39804233671289263,NA,0.39804233671289263,4.052631578947369,6.860998650472335,3.0526315789473686,2.9581646423751686,4
{91DC8E40-569B-4BC8-87D8-1D4B849348E7},ANO0761,2022,round1,Central,V1-C-5,0.5702628421732676,NA,0.49802703012902827,NA,0.4220572340852624,NA,NA,0.9724815341746419,0.4220572340852624,4.757142857142857,5.871428571428571,2.1,2.5714285714285716,13
{0B7DC326-7AC6-4285-B961-F2D008D5EE6B},ANO1336,2022,round1,Western,V1-C-1,NA,0.787982023057984,0.9751483573119404,NA,0.19758312629088629,NA,0.7119005058975574,NA,0.19758312629088629,5.514957264957266,7.5427350427350435,1.5149572649572651,1.9935897435897436,15
{7BC878DE-04DD-42F2-8A22-3A96060BB0AF},ANO0937,2022,round1,Central,V1-C-2,NA,0.32252444802672864,0.7158245583513797,NA,0.5829112149079673,NA,0.8080267356454691,NA,0.32252444802672864,6.288461538461538,7.076923076923077,2.519230769230769,2.173076923076923,6
{44688FF1-A9BF-46CF-91CE-E4A6350E6646},ANO0937,2022,round1,Central,V1-C-1,NA,0.15511884297650314,0.7979291351778603,NA,0.5714965990036321,NA,0.7596506471723542,NA,0.15511884297650314,6.657784011220197,7.224403927068725,2.4894810659186537,2.082748948106592,8
{C3705108-2142-4179-BC29-C35F6378BF09},ANO0937,2022,round1,Central,V1-C-1,NA,0.10072835614047987,0.7348574977246317,NA,0.5115845261639544,NA,0.7748402991848806,NA,0.10072835614047987,6.777777777777778,7.111111111111111,2.3333333333333335,2.111111111111111,2
{770EB858-FDBF-46F2-9AE1-5F2FEEFC61AF},ANO0937,2022,round1,Central,V1-C-5,0.521334686265196,NA,0.4978365314562772,NA,0.6712864935697054,NA,0.8783302359735228,NA,0.4978365314562772,4.434782608695652,5.869565217391305,2.760869565217391,2.3043478260869565,12
{4EC96203-AFE0-4767-8548-49DFC63038F8},ANO0937,2022,round1,Central,V1-C-1,0.5958344437124454,NA,0.7903243592658966,NA,0.7547850967905549,NA,0.8923783534260308,NA,0.5958344437124454,4.925619834710744,7.210743801652892,2.991735537190083,2.3305785123966944,10
{F43CB9C6-B29C-4890-A26D-EE66C4BC4F5D},ANO0937,2022,round1,Central,V1-C-2,NA,0.3200428705121204,0.7130517740182265,NA,0.5674487151720943,NA,0.8540398821049657,NA,0.3200428705121204,6.293936279547791,7.071942446043166,2.4789311408016443,2.258992805755396,10
{4968EF3D-CA0F-4447-8091-83CDDBB399C5},ANO0937,2022,round1,Central,V1-C-1,NA,0.47629870679386244,0.5349843286809043,NA,0.4334133354322468,NA,0.6871955598108568,NA,0.4334133354322468,5.949211908931699,6.23292469352014,2.129597197898424,1.947460595446585,10
{21CA7EC5-36B6-4F16-9544-C0DC251177A3},ANO0937,2022,round1,Central,V1-C-1,NA,0.49854249498932335,0.5664715386969986,NA,0.45765883408564567,NA,0.7599017205839403,NA,0.45765883408564567,5.900138696255201,6.540915395284328,2.192787794729542,2.0832177531206657,11
{B04391A1-67EC-44F5-8BF4-BAF189193A02},ANO0937,2022,round1,Central,V1-C-1,NA,0.2317554807614623,0.7920321442881069,NA,0.5304377407735822,NA,0.8035268025795811,NA,0.2317554807614623,6.488711819389111,7.213811420982736,2.3824701195219125,2.164674634794157,9
{9A5BCA3A-F0E2-4F80-9DF4-F4741A0A820C},ANO1336,2022,round1,Western,V1-C-1,0.5396139912934429,NA,0.48451525923802613,NA,0.5308081778372931,NA,0.879615923838535,NA,0.48451525923802613,4.5552147239263805,5.7392638036809815,2.3834355828220857,2.3067484662576687,17
{CB326DB4-A873-4C73-B31D-049F7404A478},ANO0761,2022,round1,Central,V1-C-6,0.5998049931385503,NA,0.47361119507339483,NA,0.499103273372928,NA,0.9674343586442717,NA,0.47361119507339483,4.951779563719863,5.63260619977038,2.3008036739380024,2.470723306544202,18
{86EF0AA4-CEFB-4416-869F-11AE08799E3D},ANO0761,2022,round1,Central,V1-C-2,0.8219843721797733,NA,0.5851958501893335,NA,NA,0.9498267905817537,NA,0.6740296659086947,0.5851958501893335,5.163900414937759,6.724066390041494,3.771784232365145,3.004149377593361,13
{CFC43B9B-F2C8-45D0-8FCD-645C18692851},ANO0496,2022,round1,Central,V1-C-1,0.5944755230513469,NA,NA,0.9636672124000353,0.32613513542952094,NA,0.45880399608258565,NA,0.32613513542952094,4.916666666666667,7.65,1.85,1.6,8
{515EDFF6-D302-40D3-8431-1F1F4FDBAC4B},ANO0761,2022,round1,Central,V1-C-7,0.6877237708393487,NA,0.4790770987480754,NA,0.9995178634842533,NA,NA,0.567085673152164,0.4790770987480754,5.036382536382536,5.6860706860706856,3.668399168399168,3.434511434511434,25
{1B588E54-51C4-418A-B793-0301DD611529},ANO0496,2022,round1,Central,V2-C-1,NA,0.5922906860372718,0.7867095482020522,NA,0.31026700785798356,NA,0.339829044474199,NA,0.31026700785798356,4.675623800383877,6.869481765834932,2.385796545105566,2.6717850287907865,10
{D507A9AB-F5F6-4EEC-8CD7-983708BF8CD4},ANO0129,2022,round2,Western,V2-C-1,0.5644602236079219,NA,0.7472525656802699,NA,0.465968673785272,NA,0.4054075572550727,NA,0.4054075572550727,4.001400560224089,6.791316526610643,3.0812324929971986,2.9943977591036415,7
{B1CC4CF3-8E1A-477F-B4FA-4438DDCF218E},ANO0761,2022,round1,Central,V1-C-5,0.4971190165403716,NA,0.4427255286050135,NA,0.3641166167888507,NA,0.800704534981128,NA,0.3641166167888507,4.2752391073326255,5.330499468650372,1.9489904357066952,2.159404888416578,8
{078CAB34-23B8-4272-B18A-341882065410},ANO0761,2022,round1,Central,V1-C-5,0.4822718381926506,NA,0.44356489345045896,NA,0.24754089975675214,NA,0.6721432288474418,NA,0.24754089975675214,4.17741935483871,5.338709677419355,1.6451612903225807,1.9193548387096775,6
{5A0F9C04-AEE6-42DA-ACE9-00EBEFC6F283},ANO0562,2022,round1,Western,V1-C-5,0.5748748608741835,NA,0.5907394638564609,NA,0.5077446884964419,NA,0.9899165275167037,NA,0.5077446884964419,4.787528868360278,6.778290993071594,2.323325635103926,2.51270207852194,10
{8CAE480D-F07E-4A4E-A471-D632A94D88A7},ANO0562,2022,round1,Western,V1-C-5,NA,0.5520688750007067,0.9513571830953749,NA,0.17708695136444572,NA,0.7084674262637034,NA,0.17708695136444572,5.782051282051282,7.5,1.4615384615384615,1.9871794871794872,4
{85A1033C-7C6C-44D6-855C-132152360104},ANO0562,2022,round1,Western,V1-C-5,0.693842623127346,NA,0.6111433917984934,NA,0.4446684067079098,NA,0.8893342292523152,NA,0.4446684067079098,5.042194092827005,6.888888888888889,2.158931082981716,2.3248945147679327,9
{0B6D633E-650A-4AC9-B36B-BA4FB32318F2},ANO0562,2022,round1,Western,V1-C-5,NA,0.6021216272342137,NA,0.7623112118595377,0.7132275893860973,NA,0.9650523750859991,NA,0.6021216272342137,5.674486803519061,7.997067448680351,2.8768328445747797,2.4662756598240465,9
{A4DD348B-F22F-4DAA-A390-B872FBFF5453},ANO0562,2022,round1,Western,V1-C-5,0.8798979150265678,NA,0.8627261818348575,NA,0.192798646054326,NA,0.7566330211267296,NA,0.192798646054326,5.218905472636816,7.340796019900497,1.5024875621890545,2.0771144278606966,8
{B7B5157E-A6D1-414D-9FD2-E4D2F9E7E0AD},ANO0562,2022,round1,Western,V1-C-5,0.6494174465156278,NA,0.3590087777715221,NA,0.3926113805444301,NA,0.7028786919760341,NA,0.3590087777715221,5,4.511627906976744,2.0232558139534884,1.9767441860465116,6
{514B37B9-70A7-4B4F-9505-711568192354},ANO0562,2022,round1,Western,V1-C-5,NA,0.4209487394429409,0.9302632846480876,NA,0.25940300082236173,NA,0.666790961763574,NA,0.25940300082236173,6.071322436849926,7.462109955423477,1.6760772659732541,1.9093610698365528,8
{620A9ED1-0CFB-438C-99E3-E603E95E9DE1},ANO0562,2022,round1,Western,V1-C-5,0.504851912052729,NA,0.9185341067527965,NA,0.8353156413795666,NA,0.8498388065919329,NA,0.504851912052729,4.326186830015314,7.4410413476263395,3.214395099540582,2.25114854517611,11
{C994D533-0AE0-4A30-B263-033AB814CDA7},ANO0639,2022,round1,Western,V1-C-6,0.542908906485518,NA,0.5386960544707176,NA,0.4279601324640772,NA,0.880121407956403,NA,0.4279601324640772,4.576923076923077,6.269230769230769,2.1153846153846154,2.3076923076923075,11
{418084A4-6C12-426E-BC48-8D156355EDFD},ANO1266,2022,round1,Eastern,V1-C-6,0.5990504818072875,NA,0.5206879280963082,NA,0.531653334038737,NA,NA,0.9153550978042094,0.5206879280963082,4.946808510638298,6.093085106382978,2.3856382978723403,2.654255319148936,16
{DC0FF9DE-049B-40AB-B49F-CAEF6F6A36DF},ANO0615,2022,round1,Western,V6-C-3,NA,NA,NA,NA,NA,NA,NA,NA,NA,NA,NA,NA,NA,NA
{9F84149A-19D5-4BF1-95D5-FB6AC10B1A03},ANO1302,2022,round1,Western,V1-C-1,NA,0.1844133212229696,0.7492045708453433,NA,0.38806506832588933,NA,0.6990427741890166,NA,0.1844133212229696,6.593155893536122,7.1368821292775655,2.011406844106464,1.9695817490494294,7
{29950EF0-B163-4896-96AA-A84595A7425B},ANO1302,2022,round1,Western,V1-C-1,NA,0.37328743746177795,0.9022354057423494,NA,0.8145075890065325,NA,0.9253572807789499,NA,0.37328743746177795,6.176470588235294,7.411764705882353,3.156862745098039,2.392156862745098,3
{EDE58347-5C17-482E-A875-1E72D52056F4},ANO0897,2022,round1,Eastern,V1-C-5,NA,0.9767393817730202,0.9895630099255058,NA,0.693949035043563,NA,0.7678395093432961,NA,0.693949035043563,5.352941176470588,7.568627450980392,2.823529411764706,2.0980392156862746,7
{F81C6ADE-9429-46D4-B563-903E93BBB8E6},ANO0897,2022,round1,Eastern,V3-C-1,0.8651799406871585,NA,0.8500974252687126,NA,NA,0.9365487892761685,NA,0.5720720720720721,0.5720720720720721,5.361111111111111,6.166666666666667,1.8333333333333333,1.9444444444444444,6
{3924805E-9D76-4857-8E86-47E68FF1FB4D},ANO0897,2022,round1,Eastern,V3-C-1,0.5961523743689134,NA,0.9860231012521288,NA,NA,0.5975511971389683,NA,0.5687095546250476,0.5687095546250476,4.929577464788732,6.380281690140845,2.112676056338028,1.9859154929577465,9
{A0911539-A5FC-419B-8678-ABD39CC4F548},ANO1392,2022,round1,Western,V1-C-1,0.6494174465156278,NA,0.35882230392253034,NA,0.4965379224532498,NA,0.778340694105673,NA,0.35882230392253034,5,4.509803921568627,2.2941176470588234,2.1176470588235294,7
{1EFE3905-E906-475F-A7E7-503A0394F12C},ANO1392,2022,round1,Western,V1-C-1,0.9784414107961594,NA,0.5942367973130451,NA,0.3956786569549335,NA,0.7320698487464496,NA,0.3956786569549335,5.3125,6.8125,2.03125,2.03125,6
{36B26BDE-F1F1-426F-88C9-90C7BCFFECEA},ANO1392,2022,round1,Western,V1-C-1,0.6494174465156278,NA,NA,0.9794435988371838,0.6499059719858836,NA,0.7670104684410028,NA,0.6494174465156278,5,7.62280701754386,2.7017543859649122,2.096491228070175,10
{0D6CD611-7AD9-4AC9-A799-515AE1ECBA9C},ANO1392,2022,round1,Western,V1-C-1,0.9328842465111626,NA,0.9727692398902834,NA,0.799505958988516,NA,0.8595229301532792,NA,0.799505958988516,5.269230769230769,7.538461538461538,3.1153846153846154,2.269230769230769,7
{095CB9ED-BC07-4968-8309-759156F65AC5},ANO0956,2022,round1,Central,V2-C-3,NA,0.5248017813357458,0.6092131733332626,NA,NA,0.582073703985212,0.8427013978812473,NA,0.5248017813357458,4.940476190476191,6.517857142857142,4.666666666666667,4.3898809523809526,21
{C7DBF1A1-F650-4494-89B3-EA60C48D18ED},ANO0639,2022,round1,Western,V1-C-1,0.7941879907990619,NA,0.555898939421881,NA,0.19664030224426995,NA,0.45880399608258565,NA,0.19664030224426995,5.1375,6.4375,1.5125,1.6,10
{7512B85B-AB79-47BA-889E-C4AEF80BBF76},ANO0639,2022,round1,Western,V1-C-1,NA,0.6034795775665656,0.585759793647455,NA,0.3516563326399232,NA,0.5412388338542298,NA,0.3516563326399232,5.673321234119783,6.729582577132486,1.9165154264972775,1.7078039927404718,13
{5A689C6F-EF33-4DAA-A405-AB805E79B105},ANO0647,2022,round1,Western,V1-C-1,NA,0.5254811145558662,0.6188070974753331,NA,0.7321687952535829,NA,0.8350052729451358,NA,0.5254811145558662,5.840707964601769,6.902654867256636,2.9292035398230087,2.223451327433628,8
{A50591EB-2959-4F90-AB84-FB8E157B6760},ANO0548,2022,round1,Central,V6-C-1,NA,NA,NA,NA,NA,NA,NA,NA,NA,NA,NA,NA,NA,NA
{89FCB2AE-A2A6-4181-A43F-65C8DDFBC9C3},ANO1153,2022,round1,Central,V1-C-3,0.5626394763577937,NA,0.6403677673484546,NA,NA,0.6284036864819917,NA,0.5290564697994156,0.5290564697994156,4.706916764361079,6.941383352872216,4.425556858147714,3.8077373974208677,18
{61BDB1CF-0C83-49F0-828E-D335C846D105},ANO1164,2022,round1,Southern,V1-C-1,0.624348953999015,NA,0.7790411069839669,NA,NA,0.8961549728825475,NA,0.7097348665870864,0.624348953999015,4.976190476190475,7.19047619047619,3.880952380952381,2.9523809523809526,5
{3946BC15-14A8-4B49-B654-179199A56A58},ANO1164,2022,round1,Southern,V6-C-1,NA,NA,NA,NA,NA,NA,NA,NA,NA,NA,NA,NA,NA,NA
{07576B1C-D000-413A-BF95-B8A398BBEF54},ANO0400,2022,round1,Central,V1-C-3,NA,0.5721930230757807,NA,0.5341931007535317,NA,0.5397572222517747,NA,0.6321881070560371,0.5341931007535317,5.737654320987655,8.685185185185185,4.836419753086419,3.064814814814815,12
{5EEFAA81-F122-4661-B552-87BA16804A51},ANO0400,2022,round1,Central,V1-C-4,NA,0.6822610810474339,0.5781943920117939,NA,0.99960716567582,NA,0.8947018031709659,NA,0.5781943920117939,5.605700712589074,6.6555819477434675,3.6686460807600945,2.334916864608076,19
{32C8257C-D168-41E3-9C3A-339464287875},ANO0400,2022,round1,Central,V3-C-1,0.6145809393399939,NA,0.8525076957469401,NA,NA,0.8216636425868012,NA,0.550982800982801,0.550982800982801,4.9772727272727275,6.170454545454546,1.9204545454545454,2.2045454545454546,7
{AEA3E06B-9B08-4BF0-956E-AD367B55B231},ANO0400,2022,round1,Central,V1-C-7,0.5210336142429729,NA,0.48255592275339604,NA,0.4972336655348175,NA,0.7945780377456492,NA,0.48255592275339604,4.4327990135635025,5.720098643649815,2.2959309494451294,2.147965474722565,13
{749DDD38-A898-43F2-9A4A-52CACBA3FD66},ANO0400,2022,round1,Central,V1-C-4,0.674132861672851,NA,0.5003720419597957,NA,NA,0.789154076387549,NA,0.8541761464360553,0.5003720419597957,5.023474178403756,5.894366197183098,4.098591549295774,2.742957746478873,29
{3ABDEAAB-2C7C-49F6-9D1C-0B419940C059},ANO0400,2022,round1,Central,V1-C-4,NA,0.17050318865711206,0.7765617389823648,NA,0.5536469743583187,NA,0.8248675260795754,NA,0.17050318865711206,6.623843782117164,7.186022610483043,2.442959917780062,2.204522096608428,11
{CE9777EF-F842-44CC-B3A9-6FAA4E3E7402},ANO0400,2022,round1,Central,V1-C-4,0.5892495310663114,NA,0.5496368342240893,NA,NA,0.47813329706137636,NA,0.5266517966322426,0.47813329706137636,4.8822355289421155,6.37624750499002,5.197604790419161,3.8313373253493013,30
{B0D03F03-53A6-4E25-8142-9623526E2E9E},ANO0400,2022,round1,Central,V1-C-4,NA,0.8691985490696189,0.6046673826435148,NA,NA,0.9198623856102222,NA,0.644522471653352,0.6046673826435148,5.445246690734056,6.877256317689531,3.8327316486161256,3.0469314079422385,19
{CB0BE474-507D-42AF-BB95-E4F6693EA147},ANO0400,2022,round1,Central,V1-C-6,0.5276596556346603,NA,0.44688561220503864,NA,0.7187011579038108,NA,NA,0.9978646090558497,0.44688561220503864,4.476454293628809,5.371191135734072,2.89196675900277,2.5346260387811634,13
{FD45C487-64F5-4541-9AE2-939BE9CEA6DF},ANO0400,2022,round1,Central,V1-C-3,NA,0.8626505292904874,0.9285094045731781,NA,NA,0.5818693957741393,NA,0.8650667476710012,0.5818693957741393,5.4508670520231215,7.458959537572255,4.589595375722543,2.7271676300578034,21
{64E11EFA-A6F1-4E49-9F7F-4E7F64946C13},ANO0102,2022,round1,Western,V2-C-1,NA,0.537912194110824,0.5936531496119305,NA,0.5137616016373746,NA,0.368448288234614,NA,0.368448288234614,4.889025893958077,6.441430332922319,3.2946979038224415,2.812577065351418,14
{35AB3129-975F-447A-9863-4140973EF756},ANO0102,2022,round1,Western,V1-C-1,NA,0.5190380838430425,0.8446297290191982,NA,0.30665251228286255,NA,0.6820344918807653,NA,0.30665251228286255,5.854922279792746,7.308290155440415,1.799222797927461,1.937823834196891,13
{5E6B7B16-D756-4897-886C-0E5D87901E3D},ANO0102,2022,round1,Western,V1-C-1,0.5833151565359898,NA,0.7712439994676141,NA,0.5492010354407156,NA,0.8203454331551807,NA,0.5492010354407156,4.8431372549019605,7.176470588235294,2.4313725490196076,2.196078431372549,13
{34F69F12-905F-43F3-BB43-EA955C6845AB},ANO0875,2022,round1,Western,V1-C-5,0.7387592920259587,NA,0.5614649979162838,NA,0.17432888391569773,NA,0.4032809919021652,NA,0.17432888391569773,5.08485499462943,6.491944146079485,1.4543501611170786,1.5273899033297529,12
{EC91C51A-CB70-432B-83D9-7E1B9F7E8ADD},ANO0875,2022,round1,Western,V1-C-1,0.9021078510830763,NA,0.5602438966495462,NA,0.26602395360525627,NA,0.6296439178704157,NA,0.26602395360525627,5.24,6.48,1.6933333333333334,1.84,8
{27749F87-5F25-4265-8DBE-3CC1820267A0},ANO0875,2022,round1,Western,V1-C-1,0.5183463814000503,NA,0.5593951591666727,NA,0.5863916974426457,NA,0.9376416855953152,NA,0.5183463814000503,4.415094339622642,6.471698113207547,2.5283018867924527,2.4150943396226414,9
{F2FBB74E-16BC-4B98-AC2F-E51E024FF9A1},ANO0875,2022,round1,Western,V1-C-1,0.5464115445918761,NA,NA,0.9123450222781958,0.6854390194697062,NA,NA,0.9952192265620268,0.5464115445918761,4.6,7.7384615384615385,2.8,2.5384615384615383,11
{1DA4BF36-DF02-47CD-A0B4-B9F56A3BED01},ANO0875,2022,round1,Western,V1-C-1,NA,0.7451466608691819,0.9993497241874115,NA,0.6704731300122342,NA,NA,0.7244577402019066,0.6704731300122342,5.551724137931035,7.586206896551724,2.7586206896551726,2.9310344827586206,6
{6388D13E-3A51-4867-A710-BC4CBB254749},ANO0875,2022,round1,Western,V1-C-1,0.5632760984373045,NA,0.5702401381145016,NA,0.6372155978845183,NA,NA,0.7228721999664645,0.5632760984373045,4.711111111111111,6.5777777777777775,2.6666666666666665,2.933333333333333,9
{C85C9EEE-5270-47A5-9FC5-4FE8739BAE20},ANO0631,2022,round1,Central,V1-C-1,NA,0.5634367012798156,0.8127333094231575,NA,0.37986679706696014,NA,0.8444228508075626,NA,0.37986679706696014,5.756972111553784,7.250996015936255,1.9900398406374502,2.241035856573705,8
{395573A6-9BD4-40B7-AC39-76BD41971C62},ANO0631,2022,round1,Central,V1-C-1,NA,0.1980276618591561,0.7827638110832642,NA,0.4288602198055278,NA,0.6902647997795243,NA,0.1980276618591561,6.563120567375886,7.197163120567375,2.117730496453901,1.953191489361702,14
{F551D6EE-CCB7-4D3D-AA73-D24211BA613D},ANO0984,2022,round1,Central,V1,NA,0.3249914886796614,0.5728978009396613,NA,0.4922794497049373,NA,0.8770122037597051,NA,0.3249914886796614,6.283018867924528,6.60377358490566,2.2830188679245285,2.30188679245283,8
{9B3A3DB3-B806-48C8-A554-3451B3710FFB},ANO0956,2022,round1,Central,V2-C-1,0.9535168374228795,NA,0.5958469209469325,NA,0.4248183188066162,NA,0.3153340220892281,NA,0.3153340220892281,4.384615384615385,6.461538461538462,2.8974358974358974,2.551282051282051,8
{9A83C4C4-314C-4CA4-AB0B-49F69377168F},ANO0361,2022,round1,Central,V2-C-1,NA,0.94924707183744,0.4102112323364233,NA,0.2507576238577432,NA,0.1870113175630001,NA,0.1870113175630001,4.44,4.76,2.12,1.92,6
{0F6979D9-4A31-4175-A5DE-E70F39907D04},ANO0434,2022,round1,Northern,V1-C-5,0.584321818166991,NA,0.5031623008020075,NA,0.3380701430963643,NA,NA,0.8898434693688787,0.3380701430963643,4.849769585253457,5.921658986175115,1.88110599078341,2.6912442396313363,11
{8CC7B79B-5693-4081-B9F8-38CB27CC228E},ANO0434,2022,round1,Northern,V1-C-1,0.7732852918918276,NA,0.5131760324255182,NA,0.37616509276761356,NA,0.7048324007690345,NA,0.37616509276761356,5.117647058823529,6.019607843137255,1.9803921568627452,1.9803921568627452,9
{B69F6511-358B-43B5-A0C0-E7E30678CB2C},ANO0434,2022,round1,Northern,V1-C-5,0.5978406977865585,NA,0.5067944354053184,NA,0.37586600125654446,NA,NA,0.910310208778351,0.37586600125654446,4.938837920489297,5.957186544342508,1.979612640163099,2.6615698267074417,8
{4DAA8152-3662-481D-8069-23D15CC6443A},ANO0427,2022,round1,Northern,V1-C-2,NA,0.7810515197009109,0.5715502251927802,NA,0.4859607367437214,NA,0.89260968369767,NA,0.4859607367437214,5.520905923344947,6.590592334494774,2.2665505226480835,2.3310104529616726,15
{80475A7B-9308-4342-9601-60177C7D83DD},ANO0434,2022,round1,Northern,V3-C-2,0.6527360504473628,NA,0.565607996184478,NA,NA,0.584821409731246,NA,0.5164092664092664,0.5164092664092664,5.035714285714286,5.5,2.238095238095238,2.630952380952381,8
{91D52CAC-91C0-4EC6-981F-6F82F4015460},ANO0434,2022,round1,Northern,V2-C-1,NA,0.5343183147619299,0.5407785136311888,NA,0.21938622749423325,NA,0.4425962790117657,NA,0.21938622749423325,4.9031296572280185,5.956780923994039,1.9798807749627423,3.1773472429210137,9
{2BA90A09-23C5-4225-A446-DB980F9E4793},ANO0434,2022,round1,Northern,V1-C-5,0.5561181085770454,NA,0.5049249443914363,NA,0.2707699159610135,NA,0.6940638742357212,NA,0.2707699159610135,4.663951120162933,5.938900203665988,1.7057026476578412,1.960285132382892,9
{A7626968-0BAA-476C-9FBA-A0D456AA3D49},ANO0434,2022,round1,Northern,V1-C-5,0.5883300614717375,NA,0.5234175376150332,NA,0.41157422680283146,NA,NA,0.591885911702449,0.41157422680283146,4.876177658142665,6.11978465679677,2.072678331090175,3.1911170928667563,13
{61E18788-95CF-4610-A825-CE377572FAC2},ANO0434,2022,round1,Northern,V2-C-1,NA,0.5495662525695099,0.5337396340468342,NA,0.2155578776516035,NA,0.3764834151424788,NA,0.2155578776516035,4.843290891283056,5.892262487757101,1.962781586679726,2.852105778648384,12
{34BA52ED-FAC5-49C3-9619-D0E86948D6E2},ANO0427,2022,round1,Northern,V1-C-1,NA,0.8483989242874324,0.5491792041826548,NA,0.35254025926611987,NA,0.9134514172430075,NA,0.35254025926611987,5.46309963099631,6.371771217712177,1.918819188191882,2.369926199261992,10
{D2EC870A-DE2A-42A5-B6DA-D7A55D9DEC93},ANO0410,2022,round1,Central,V1-C-1,NA,0.9348583851923367,0.7417305036094177,NA,0.9698679041897496,NA,0.913689297709642,NA,0.7417305036094177,5.388888888888889,7.123456790123457,3.58641975308642,2.3703703703703702,6
{19AFFAE1-1F1A-4046-AF06-1E298E64BC3D},ANO0410,2022,round1,Central,V4-C-1,NA,NA,NA,NA,NA,NA,NA,NA,NA,NA,NA,NA,NA,NA
{75D6219D-4535-4939-9F26-6B73133EBDCE},ANO0410,2022,round1,Central,V4-C-1,NA,NA,NA,NA,NA,NA,NA,NA,NA,NA,NA,NA,NA,NA
{523AB85F-44C0-4734-AAE4-0E0F862D3D47},ANO0221,2022,round1,Western,V1-C-5,0.7451335088517824,NA,0.5808766347146092,NA,0.18312400652459732,NA,0.43447348113881207,NA,0.18312400652459732,5.090909090909091,6.681818181818182,1.4772727272727273,1.5681818181818181,5
{A6CA7C24-873E-496F-B322-1555D8013341},ANO0221,2022,round1,Western,V6-C-1,NA,NA,NA,NA,NA,NA,NA,NA,NA,NA,NA,NA,NA,NA
{41E6DE59-195E-4B13-B734-D4A2235D1DC1},ANO1381,2022,round1,Central,V1-C-5,0.5471446250883405,NA,0.5035403391369302,NA,0.3512580912355143,NA,0.686527371786977,NA,0.3512580912355143,4.604829857299671,5.925356750823271,1.915477497255763,1.946212952799122,10
{15C017F1-95A2-4D52-8735-9A30613C1DCD},ANO1381,2022,round1,Central,V1-C-1,0.9339787129204118,NA,0.6834171210401669,NA,0.3039194976119542,NA,0.5913897662602973,NA,0.3039194976119542,5.27027027027027,7.018711018711019,1.792099792099792,1.7733887733887732,9
{65BF9B5B-2649-4EFC-864C-FECF76F626BF},ANO0221,2022,round1,Western,V6-C-2,NA,NA,NA,NA,NA,NA,NA,NA,NA,NA,NA,NA,NA,NA
{C8529178-A655-4A02-97C5-7789C4B3195B},ANO1381,2022,round1,Central,V1-C-5,0.5262479393372693,NA,0.49624672501458283,NA,0.2856658120550548,NA,0.9811591968885147,NA,0.2856658120550548,4.467153284671533,5.854014598540146,1.7445255474452555,2.4963503649635035,13
{F6E4AE15-1A54-4B70-8188-643D63272C3F},ANO1381,2022,round1,Central,V1-C-5,NA,0.43666050111000276,NA,0.9283965564595767,0.5548243588234331,NA,0.7044260412772113,NA,0.43666050111000276,6.036659877800407,7.710794297352343,2.446028513238289,1.9796334012219958,8
{FDADA9BE-4933-4810-A055-6AEE9C4362BE},ANO1381,2022,round1,Central,V1-C-5,0.5351453271776107,NA,0.5101174768198893,NA,0.23337747714180396,NA,0.8864920711944828,NA,0.23337747714180396,4.525773195876289,5.989690721649485,1.6082474226804124,2.3195876288659796,9
{8CEEFA05-A6CA-492F-82BC-BBDCAC6EF133},ANO0910,2022,round1,Central,V4-C-1,NA,NA,NA,NA,NA,NA,NA,NA,NA,NA,NA,NA,NA,NA
{4D5CD3E1-F297-4320-B66C-38229077BD8F},ANO1381,2022,round1,Central,V1-C-6,0.8912615112118512,NA,0.5320452606334496,NA,0.7334386664767726,NA,0.9663387025198269,NA,0.5320452606334496,5.229698375870069,6.2041763341067275,2.9327146171693736,2.468677494199536,11
{94207568-A0C5-4DA3-A4A9-FBC42866F830},ANO1381,2022,round1,Central,V3-C-1,0.5768935375247941,NA,0.7105554502134412,NA,0.5306639992939307,NA,NA,0.5889046941678521,0.5306639992939307,4.802631578947368,5.947368421052632,1.5789473684210527,1.736842105263158,9
{0A6FB8CB-1496-4336-8927-2AE6D47B9B8E},ANO1381,2022,round1,Central,V1-C-6,0.553041058862148,NA,0.4676924886033212,NA,0.7245166197197723,NA,NA,0.9781441778726497,0.4676924886033212,4.64367816091954,5.574712643678161,2.9080459770114944,2.5632183908045976,18
{18A5641F-F197-4053-AC44-3216E0780A1C},ANO1381,2022,round1,Central,V1-C-5,0.5168590758981766,NA,0.5317848692683415,NA,0.6826399002941911,NA,NA,0.9718795178792533,0.5168590758981766,4.405295315682281,6.20162932790224,2.792260692464358,2.572301425661914,10
{79C9F470-4F4B-4680-BC15-4EB64781B3F2},ANO1381,2022,round1,Central,V1-C-5,0.6494174465156278,NA,0.4223618552858225,NA,0.43794735951914276,NA,0.7856597016673297,NA,0.4223618552858225,5,5.1313131313131315,2.1414141414141414,2.1313131313131315,9
{02664017-2605-4B29-A768-A79A6E0B35CA},ANO1381,2022,round1,Central,V3-C-1,0.5772343472777415,NA,0.5870673781535368,NA,0.798799897776054,NA,NA,0.5636123928806855,0.5636123928806855,4.804878048780488,5.670731707317073,1.7195121951219512,2.048780487804878,11
{6BB87641-ADB3-49C6-B613-870E783DCD38},ANO0207,2022,round1,Northern,V1-C-1,0.5609297257283754,NA,0.5600660978883119,NA,0.45875786313615474,NA,0.796831910752467,NA,0.45875786313615474,4.695652173913044,6.478260869565218,2.1956521739130435,2.152173913043478,8
{0A3A6E80-6B35-4DDB-BE28-458FFF08D74E},ANO0207,2022,round1,Northern,V1-C-1,0.5942398382926375,NA,0.8055512725395689,NA,0.9749293111596694,NA,0.9382065565440942,NA,0.5942398382926375,4.9151138716356115,7.238095238095239,3.6004140786749486,2.4161490683229814,8
{FF2FB242-7954-42E1-8E03-91463D6648AE},ANO0207,2022,round1,Northern,V1-C-5,0.6949121181198492,NA,0.5017053007979513,NA,0.6800064426553255,NA,NA,0.9397451822683751,0.5017053007979513,5.04320987654321,5.907407407407407,2.7849794238683128,2.6188925081433223,11
{0E31CDB0-1774-4417-9D1B-021E38F355A8},ANO0207,2022,round1,Northern,V1-C-6,0.6633259892593225,NA,0.5384519221913577,NA,0.7157299533716307,NA,0.8115190063074932,NA,0.5384519221913577,5.013210039630119,6.266842800528401,2.8837516512549537,2.1795977011494254,13
{9B481C70-8DDA-46AA-9888-67CE9D34A0C4},ANO0656,2022,round1,Northern,V1-C-6,0.6494174465156278,NA,0.5944344151372264,NA,NA,0.959269745642365,NA,0.475501795916657,0.475501795916657,5,6.814432989690721,3.752577319587629,4.333333333333333,11
{55208401-6D74-46C8-9017-94A2A760D8F6},ANO0207,2022,round1,Northern,V1-C-6,NA,0.7474832493731506,0.5572056393937812,NA,NA,0.7610660974638994,NA,0.9404749735529098,0.5572056393937812,5.549718574108819,6.450281425891182,4.155722326454034,2.6178343949044582,13
{7E1A130E-BBEB-471B-96FB-A96D0BD797C9},ANO0207,2022,round1,Northern,V3-C-2,0.5495874191788076,NA,0.9361395336612834,NA,0.5188310113165361,NA,NA,0.5660377358490566,0.5188310113165361,4.622641509433962,6.30188679245283,1.5660377358490567,2.018867924528302,6
{1524FF07-6B70-48CD-AC1F-5FA510428A54},ANO0207,2022,round1,Northern,V1-C-6,NA,0.4612680731913795,0.567695203388393,NA,NA,0.6375018338768137,NA,0.7072084563218215,0.4612680731913795,5.982371794871796,6.552884615384615,4.407051282051282,2.956043956043956,13
{E275363F-8F20-459E-B0E4-BDD39A36AA8F},ANO0207,2022,round1,Northern,V3-C-2,0.7910636638671651,NA,0.5666183713116385,NA,NA,0.5721089143641241,NA,0.5244115082824761,0.5244115082824761,5.247588424437298,5.508038585209003,2.363344051446945,2.532258064516129,10
{D7FB6B22-921F-4AD4-B838-96A30012A3DE},ANO0104,2022,round1,Northern,V1-C-5,0.5976460892626975,NA,0.5366160114935716,NA,0.5281277367557861,NA,NA,0.8928489023165938,0.5281277367557861,4.937555753791258,6.2488849241748445,2.376449598572703,2.6868867082961643,11
{7249A03D-3A31-424F-B6A9-1E4B1E5E6AD8},ANO0873,2022,round1,Northern,V1-C-6,NA,0.4726399536755921,0.5371499212965745,NA,NA,0.8236251746175836,NA,0.9406041811217404,0.4726399536755921,5.957283680175246,6.254107338444688,4.028477546549836,2.617647058823529,12
{53E87EC2-9630-4A86-886D-0EE0792A939E},ANO0873,2022,round1,Northern,V1-C-5,NA,0.5707940181293857,0.7760955330333449,NA,0.9319142853495552,NA,0.8783302359735228,NA,0.5707940181293857,5.7407407407407405,7.185185185185185,3.4814814814814814,2.3043478260869565,5
{D6BFEFBF-4320-402B-8500-4A59FC0B42FE},ANO0873,2022,round1,Northern,V1-C-5,0.7490587732378081,NA,0.49278861709946503,NA,0.5337747067152301,NA,0.9574902436165069,NA,0.49278861709946503,5.094637223974764,5.82018927444795,2.3911671924290223,2.452155625657203,12
{C750F7A3-004F-43F6-9DBA-C5A8C01A6643},ANO0873,2022,round1,Northern,V1-C-5,0.6477515023926878,NA,0.5161860950662657,NA,0.5506414144351739,NA,0.971655689667908,NA,0.5161860950662657,4.998417721518987,6.049050632911392,2.435126582278481,2.4786053882725834,11
{6A2B9EC6-827F-4148-8CE7-79C158D7C09F},ANO0873,2022,round1,Northern,V1-C-5,0.5997070665871669,NA,0.5737966304967264,NA,0.5350209900588998,NA,0.8548414579252963,NA,0.5350209900588998,4.951134380453753,6.612565445026178,2.394415357766143,2.2604895104895104,13
{8481FE48-60E0-4E4E-84B7-34F3D42B32DF},ANO0873,2022,round1,Northern,V3-C-2,0.6294190381039706,NA,0.8107067191673956,NA,NA,0.553888707067775,NA,0.5504158004158004,0.5504158004158004,5,6.104761904761904,2.5428571428571427,2.2115384615384617,8
{7A7B8742-4F9A-4BF9-BE28-F9C31C7F8754},ANO0873,2022,round1,Northern,V1-C-5,0.8080844919650817,NA,0.5090288037764956,NA,0.5851056556725466,NA,NA,0.8516760868532343,0.5090288037764956,5.150698602794411,5.979041916167665,2.524950099800399,2.7465825446898005,15
{87615BCE-DEB1-4069-B5FF-796EFA6EACD3},ANO0873,2022,round1,Northern,V3-C-2,0.5975555314839806,NA,0.6002598007165705,NA,NA,0.5808570710823109,NA,0.5067314505516752,0.5067314505516752,4.938826466916355,5.774032459425718,2.2771535580524347,2.750312109862672,8
{E9FF3DBA-32B0-47B8-97DE-1C41CEC6557A},ANO0873,2022,round1,Northern,V1-C-5,0.900918934955904,NA,0.5177206491621856,NA,0.660384831382288,NA,NA,0.8342487527593956,0.5177206491621856,5.238870792616721,6.064060803474485,2.7307274701411512,2.771850170261067,12
{80700C45-2CAF-4D89-B726-839FF7262F89},ANO0993,2022,round1,Northern,V1-C-5,0.8043234416527609,NA,0.5399223838281557,NA,0.6264068999430109,NA,NA,0.9447866151586566,0.5399223838281557,5.147126436781609,6.281226053639847,2.6367816091954026,2.6115830115830114,14
{F5DDE044-8316-4244-8251-12879214B5E9},ANO0993,2022,round1,Northern,V1-C-5,0.7186856495220556,NA,0.5488367024419296,NA,0.6150074432071292,NA,0.947879558624574,NA,0.5488367024419296,5.065789473684211,6.368421052631579,2.6052631578947367,2.4342105263157894,12
{6C76FFF7-2DA5-44D1-9EE0-87DB00EEEFE5},ANO0993,2022,round1,Northern,V1-C-5,0.7358009082435008,NA,0.7994359668109281,NA,0.7539036631946936,NA,0.920387635671428,NA,0.7358009082435008,5.082045184304399,7.227110582639715,2.9892984542211654,2.3828775267538647,11
{BEF8DAD5-DD2F-4030-8A14-2480967D2A77},ANO0993,2022,round1,Northern,V1-C-2,0.6933745248449558,NA,0.5921661973010307,NA,0.7818618947367095,NA,0.885690777700389,NA,0.5921661973010307,5.041749502982108,6.792246520874752,3.066600397614314,2.3180914512922466,17
{2D52A00F-5CE4-4DF3-8DB9-DD224541EB66},ANO0993,2022,round1,Northern,V1-C-3,0.8172243089752045,NA,0.5541415622971095,NA,0.8878549611305229,NA,0.8671638323566946,NA,0.5541415622971095,5.159379407616361,6.420310296191818,3.3596614950634693,2.2834978843441465,23
{D87B9A1C-BE2C-4016-A1E8-B963E71903E8},ANO0993,2022,round1,Northern,V1-C-2,0.736113605447735,NA,0.521179735698852,NA,0.709131587988687,NA,0.9128000543522099,NA,0.521179735698852,5.082342177493138,6.097895699908509,2.865507776761208,2.3687099725526073,14
{25468EF8-121D-43F1-B8D4-85CD3737EF70},ANO0993,2022,round1,Northern,V1-C-3,NA,0.9869488526082225,0.8350574499559057,NA,0.998065516253133,NA,0.9748602973043328,NA,0.8350574499559057,5.344178082191782,7.2910958904109595,3.664383561643836,2.4845890410958904,12
{C2D42BDD-CFD6-49B4-84BA-8C7139801A42},ANO0993,2022,round1,Northern,V1-C-6,NA,0.752451069506223,0.6453948178193661,NA,NA,0.8498154869741772,NA,0.9390953357105208,0.6453948178193661,5.545454545454546,6.950413223140496,3.975206611570248,2.6198347107438016,8
{FE80423C-7683-4903-A26E-B818C2F10065},ANO0993,2022,round1,Northern,V1-C-6,0.8453014810640377,NA,0.5141433655171634,NA,0.5680967703332284,NA,NA,0.9519704251533375,0.5141433655171634,5.186046511627907,6.029069767441861,2.4806201550387597,2.601167315175097,14
{B7A770BB-C97E-4198-985D-B313D18BBCD4},ANO0993,2022,round1,Northern,V1-C-5,0.6234357656699736,NA,0.5052848579404203,NA,0.4616885030480811,NA,NA,0.7725269976336423,0.4616885030480811,4.975323149236193,5.942420681551116,2.203290246768508,2.8613396004700355,13
{8CE107C8-94A7-4D68-BCC0-17E026FAAC8F},ANO0239,2022,round1,Northern,V3,0.5652852286239028,NA,0.7811974640821862,NA,0.6304736929879864,NA,NA,0.5235840936477879,0.5235840936477879,4.726114649681528,6.058386411889597,1.664543524416136,2.5424628450106157,9
{930AE1A4-B1D4-4204-9E9A-DF1BF245FC17},ANO0239,2022,round1,Northern,V3,0.5891151112010014,NA,0.7603612013100918,NA,NA,0.8482609842395235,NA,0.5041580041580042,0.5041580041580042,4.883190883190883,6.0256410256410255,1.9002849002849003,2.782051282051282,9
{18FFC10E-37BE-4DCB-B6EE-15076FC430A9},ANO0480,2022,round1,Southern,V1-C-5,0.5296667555384139,NA,0.5518625423276419,NA,0.03485195987491841,NA,0.4363247471690981,NA,0.03485195987491841,4.489677952105699,6.3980181668042935,1.0908340214698595,1.5706028075970273,6
{EA03654E-89FB-46A4-B627-1EB0124DADCB},ANO0480,2022,round1,Southern,V1-C-5,0.46829986714683153,NA,0.4475866986318032,NA,0.2433145917121246,NA,0.702271136192845,NA,0.2433145917121246,4.085365853658536,5.378048780487805,1.6341463414634145,1.975609756097561,5
{FE43DE3E-72EB-4DEA-87B5-A2129D8238BB},ANO0749,2022,round1,Central,V2-C-3,NA,0.5187347087191476,0.5486478750627822,NA,0.5475423091402981,NA,0.3280718359347957,NA,0.3280718359347957,4.964285714285714,6.028911564625851,3.445578231292517,2.6139455782312924,18
{967A1FA8-6BAE-4790-8053-B1774A5FD904},ANO0254,2022,round1,Southern,V1-C-6,0.9529074002644107,NA,0.5336131114607571,NA,0.5725549658120975,NA,NA,0.7655903804561708,0.5336131114607571,5.288248337028825,6.219512195121951,2.492239467849224,2.8713968957871394,6
{3E50DCC4-8E5B-4618-A3B1-C9FC0A0CE06F},ANO0327,2022,round1,Southern,V1-C-5,0.5828389808980012,NA,0.8511487572952026,NA,0.15347535784918628,NA,0.7956676489635948,NA,0.15347535784918628,4.84,7.32,1.4,2.15,8
{50AFFFD4-CBBD-4446-B3F0-2A8FD6D6ECDB},ANO0327,2022,round1,Southern,V1-C-5,NA,0.3341274498149812,0.5904201649279068,NA,0.5253183389468793,NA,0.9315945616613012,NA,0.3341274498149812,6.262863534675614,6.775167785234899,2.3691275167785233,2.4038031319910513,12
{84DFA063-02F4-412D-91D5-0AC6C89DC357},ANO0332,2022,round1,Central,V1-C-5,0.6097542836982489,NA,0.38040258081050143,NA,0.38828739935303563,NA,0.757518139388494,NA,0.38040258081050143,4.962328767123288,4.720890410958904,2.011986301369863,2.078767123287671,10
{BD9478EB-A659-470B-B203-A4AE61261504},ANO0332,2022,round1,Central,V1-C-1,0.6494174465156278,NA,NA,0.9997613779719494,0.6721867814768303,NA,0.9565401882031073,NA,0.6494174465156278,5,7.587786259541986,2.7633587786259546,2.450381679389313,5
{6DCD287E-B676-41BE-97BC-1AC143BBFC19},ANO0838,2022,round1,Central,V1-C-6,NA,0.4453531690197091,0.9279985756827475,NA,0.3172807878612986,NA,0.7275054133241663,NA,0.3172807878612986,6.017482517482517,7.458041958041958,1.8269230769230769,2.0227272727272725,8
{A682A063-FBDD-47CF-AA11-C30113DB3042},ANO0465,2022,round1,Northern,V1-C-6,0.5840461279100951,NA,0.5348866047037543,NA,0.5860036202477461,NA,NA,0.7783985607848576,0.5348866047037543,4.847953216374269,6.23196881091618,2.5272904483430803,2.852826510721248,16
{0B198129-3866-46B5-90AF-14B153CC6742},ANO0465,2022,round1,Northern,V1-C-2,NA,0.4068502471064933,NA,0.7176057896794703,NA,0.5100082994428208,NA,0.5209032064597197,0.4068502471064933,6.1024258760107815,8.074123989218329,5.010781671159029,3.887755102040816,11
{28003CFC-180D-4703-BB28-42B5EF544FC8},ANO0465,2022,round1,Northern,V2-C-2,NA,0.39085145722289344,0.5867840791267114,NA,NA,0.5785205348709846,0.8328169445756589,NA,0.39085145722289344,5.4661487236404,6.378468368479468,4.687014428412875,4.37203495630462,15
{5DFAD418-837D-4E37-90A7-167847A7D639},ANO0465,2022,round1,Northern,V1-C-3,NA,0.4985407013258124,0.8238928278811757,NA,NA,0.7162931145501149,NA,0.8186821356913977,0.4985407013258124,5.900142653352354,7.271041369472183,4.24679029957204,2.7944199706314246,11
{C932A558-4583-4450-85C0-E8521302A472},ANO0465,2022,round1,Northern,V2-C-1,NA,0.5021461544277277,0.9824994925554587,NA,0.9395119180375335,NA,0.5337957097577213,NA,0.5021461544277277,5.029385574354407,7.257346393588602,4.106856634016029,3.6260017809439002,12
{8B571D96-C88C-4524-B464-AD048D70A1B9},ANO1089,2022,round1,Eastern,V1-C-6,NA,0.6259987024931102,NA,0.5379944196301046,NA,0.5202813120195833,NA,0.5300804496180733,0.5202813120195833,5.653992395437262,8.661596958174906,4.950570342205323,3.7976878612716765,9
{7387F779-C381-4654-AA87-3564DD2D48B2},ANO1089,2022,round1,Eastern,V1-C-2,0.8559138424999233,NA,0.5354304220732087,NA,0.6290421365988934,NA,NA,0.9050398799942483,0.5354304220732087,5.196125907990315,6.2372881355932215,2.6440677966101696,2.6692111959287534,14
{52B4A262-14BE-496B-B489-48D9C123134F},ANO1089,2022,round1,Eastern,V1-C-6,0.689912703657847,NA,NA,0.5939942622259404,0.8435561998596011,NA,NA,0.6083772944879138,0.5939942622259404,5.038461538461538,8.314102564102564,3.2371794871794872,3.0993377483443707,10
{384A36CB-2467-4A66-8690-2E81DEDE886A},ANO1089,2022,round1,Eastern,V1-C-2,NA,0.9389037087256982,NA,0.815000216014489,NA,0.44786684636598473,NA,0.6768915331386421,0.44786684636598473,5.385416666666667,7.90625,5.375,3,4
{8E1568AD-12AD-49B4-81B9-2AF8930F7138},ANO1089,2022,round1,Eastern,V1-C-6,NA,0.6112325025234254,NA,0.9401843883484275,NA,0.8903020733053943,NA,0.8597062325745619,0.6112325025234254,5.666666666666667,7.690476190476191,3.892857142857143,2.7349397590361444,6
{42B5B102-5A96-4B78-AE52-5AF6AFD272F2},ANO1054,2022,round1,Central,V1-C-2,0.7228739594712806,NA,0.6378590625134402,NA,0.3760401209759963,NA,0.4826841597768065,NA,0.3760401209759963,5.069767441860464,6.93687707641196,1.9800664451827241,1.6312292358803986,12
{D54A7257-2BAD-4E91-B9A7-3084AA459835},ANO1054,2022,round1,Central,V1-C-6,0.5805231473184023,NA,0.4858763570536549,NA,0.6421870846458779,NA,0.875449588248478,NA,0.4858763570536549,4.824742268041237,5.752577319587629,2.6804123711340204,2.2989690721649483,15
{467C5866-DF5E-40CA-B2F1-6C56598A7171},ANO1054,2022,round1,Central,V1-C-1,NA,NA,NA,NA,NA,NA,NA,NA,NA,NA,NA,NA,NA,NA
{5F384464-52E5-4704-BABD-BE27AE9ACADD},ANO1054,2022,round1,Central,V1-C-1,0.5794571398152705,NA,0.5289739468975024,NA,0.23521427043077944,NA,0.8353165723276119,NA,0.23521427043077944,4.817718940936864,6.174134419551934,1.6130346232179227,2.2240325865580446,9
{4B2F706C-FC44-4344-AFC1-01EF60065B2F},ANO1054,2022,round1,Central,V1-C-2,NA,0.011192039571164436,NA,0.9038601942816706,0.5400058887286185,NA,0.7219454426040192,NA,0.011192039571164436,6.9753086419753085,7.753086419753086,2.4074074074074074,2.0123456790123457,3
{34DF945B-092B-4891-91D8-DB72ACCDDE94},ANO1054,2022,round1,Central,V1-C-2,NA,0.4986053628953748,0.7843431400950875,NA,0.757774151847488,NA,0.7688896278195337,NA,0.4986053628953748,5.9,7.2,3,2.1,5
{BC52C564-6DE9-4AED-8B35-1D10E2F62ED8},ANO1054,2022,round1,Central,V1-C-2,0.7958440054537184,NA,0.8942110977420759,NA,0.899091132320638,NA,0.9245922938095051,NA,0.7958440054537184,5.139072847682119,7.397350993377484,3.3907284768211925,2.390728476821192,6
{FCC122B6-59B2-4948-9DAE-AD43407B3C3D},ANO1054,2022,round1,Central,V1-C-6,0.5148295629963046,NA,0.5339980966123203,NA,0.7053698397923255,NA,NA,0.8513668662917205,0.5148295629963046,4.391923990498812,6.223277909738717,2.8551068883610453,2.7470308788598574,13
{82519D9C-7DA6-48AE-906D-612622E50EA4},ANO0749,2022,round1,Central,V1-C-4,0.8372112413330538,NA,0.5652778890619221,NA,NA,0.7671858172877323,NA,0.5970586460006143,0.5652778890619221,5.178362573099415,6.529239766081871,4.143274853801169,3.1403508771929824,14
{DD5CDEBF-BB04-47FA-87D6-BE0AB5C56A77},ANO0749,2022,round1,Central,V1-C-3,0.46897377040551397,NA,0.642597402953257,NA,0.8275635089352751,NA,NA,0.6383883048483541,0.46897377040551397,4.089805825242718,6.945388349514562,3.1929611650485437,3.0558252427184467,9
{7AEA55FF-7A3F-4BC3-B284-B863040545AB},ANO0749,2022,round1,Central,V2-C-3,NA,0.6140304190934932,0.5875012050318317,NA,NA,0.44695520981911574,NA,0.9357245243231982,0.44695520981911574,4.637119113573407,6.3850415512465375,5.4404432132963985,4.803324099722992,19
{24005737-207A-41E3-BE6C-22E46CA55A0D},ANO0749,2022,round1,Central,V2-C-3,0.3552350388423787,NA,0.4591238305183816,NA,0.6668008214188192,NA,NA,0.948409303326088,0.3552350388423787,2.888888888888889,5.208333333333333,3.763888888888889,4.777777777777778,17
{85784EEC-D8F8-432A-8485-9EC514BFD65B},ANO0273,2022,round1,Central,V1-C-2,NA,0.3129077643976841,0.8669522366328641,NA,0.8021085878209672,NA,NA,0.810383791671029,0.3129077643976841,6.309677419354839,7.348387096774194,3.1225806451612903,2.806451612903226,10
{92AEE114-E517-4D02-A37A-323DC77910D0},ANO0273,2022,round1,Central,V1-C-2,NA,0.742745809424737,NA,0.7837239506199979,NA,0.6221646540317483,NA,0.7291006568276035,0.6221646540317483,5.553784860557768,7.960159362549801,4.438247011952191,2.9243027888446216,8
{50DD28A0-15C9-4D9C-A2EB-B0251A75C8E9},ANO0273,2022,round1,Central,V1-C-4,0.6242365392343671,NA,0.5227854981392037,NA,0.7685865782118798,NA,0.792985844155445,NA,0.5227854981392037,4.976083707025411,6.113602391629297,3.029895366218236,2.144992526158445,17
{C7E0AF23-1BCB-40E4-98EB-77084327705D},ANO0273,2022,round1,Central,V1-C-4,NA,0.05138369584494107,0.6865238490530838,NA,NA,0.21447874424004337,NA,0.68108855140893,0.05138369584494107,6.886639676113361,7.0242914979757085,6.742914979757086,2.9939148073022315,8
{C41D8499-84B4-4F40-AA40-7EC2710DC4D4},ANO0273,2022,round1,Central,V1-C-3,NA,0.05779115363820131,0.6883934441164283,NA,NA,0.19996922172613346,NA,0.70655647947917255,0.05779115363820131,6.872503840245776,7.0276497695852544,6.827956989247312,2.956989247311828,7
{54946689-36ED-4438-8A98-D89D6E7C340B},ANO0273,2022,round1,Central,V1-C-4,NA,0.7041464007999582,0.8988075932417019,NA,NA,0.5651055108219135,NA,0.5603176035728189,0.5603176035728189,5.586915887850467,7.405607476635514,4.68785046728972,3.5009345794392526,14
{1D6B856D-7EF0-490A-9B3F-5E586DA009E3},ANO0273,2022,round1,Central,V1-C-4,NA,0.4629218069434815,0.8760570319959546,NA,0.6648817706024643,NA,NA,0.8739515338293087,0.4629218069434815,5.9787234042553195,7.364741641337386,2.743161094224924,2.7142857142857144,19
{44B6D233-E646-4F79-AA53-EA5A6B572815},ANO0465,2022,round1,Northern,V2-C-2,NA,0.49050179654289844,0.5391925781403991,NA,0.5172393231389092,NA,0.40855894818434163,NA,0.40855894818434163,5.0750825082508255,5.942244224422442,3.31023102310231,3.00990099009901,20
{B6814F5B-E2FE-4EB1-92D2-B8E163E0FF57},ANO0901,2022,round1,Eastern,V1-C-5,0.7602465713259126,NA,NA,0.424087436646438,NA,0.9152539083448371,NA,0.8946946917967474,0.424087436646438,5.105263157894737,9.368421052631579,3.8421052631578947,2.6842105263157894,3
{3DEFDB83-32DB-4E19-9E03-BF948A0B4D87},ANO0901,2022,round1,Eastern,V1-C-2,0.9217131410926197,NA,NA,0.8272953558893801,NA,0.47752852584616207,NA,0.6768915331386425,0.47752852584616207,5.258620689655173,7.885057471264368,5.2011494252873565,2.9999999999999996,6
{F3D9FDD6-3950-4C91-880F-41F0D52DC1EF},ANO0901,2022,round1,Eastern,V1-C-7,0.5549877872181489,NA,NA,0.5401253446166483,NA,0.8266339461978247,NA,0.9020052144831886,0.5401253446166483,4.65650406504065,8.648373983739837,4.022357723577236,2.6736111111111107,10
{5BE9EAAC-9CE2-4FDB-A390-9FE71E6147E7},ANO0901,2022,round1,Eastern,V1-C-6,NA,0.4796722670631468,0.7197568957694821,NA,0.3046305395158821,NA,0.8958528322136601,NA,0.3046305395158821,5.941769316909295,7.083986562150057,1.793952967525196,2.337066069428891,11
{A79592C1-E203-4345-8C11-8B991B458E41},ANO0901,2022,round1,Eastern,V1-C-6,NA,0.5833528840008617,NA,0.833686354394902,0.7799579821495459,NA,0.9323734064142729,NA,0.5833528840008617,5.71303395399781,7.874041621029573,3.0613362541073386,2.4052573932092005,8
{7FA5D177-A5D9-45AE-9B73-7225566DFCFF},ANO0901,2022,round1,Eastern,V1-C-6,0.5535859901826511,NA,NA,0.8171103726748485,NA,0.8253640829850079,NA,0.6203713547932788,0.5535859901826511,4.647268408551069,7.902612826603325,4.0249406175771965,3.0819477434679334,13
{A8DF1504-61FE-411C-9372-1E9E41A211FC},ANO0901,2022,round1,Eastern,V1-C-6,0.566500798746497,NA,NA,0.47895339582695445,0.9626915874449992,NA,NA,0.5705207490478055,0.47895339582695445,4.732356857523302,9.027962716378163,3.5665778961384826,3.400798934753662,8
{ED015877-D7BF-4D48-9A77-CC2AA1E5ADBD},ANO1300,2022,round1,Central,V1-C-1,NA,0.9753721490576224,0.5751634739981143,NA,0.3454152380520964,NA,0.9423791513414062,NA,0.3454152380520964,5.3541147132169575,6.625935162094763,1.9002493765586035,2.423940149625935,8
{26D39063-5FD8-4964-B49A-CEB1181C4B09},ANO1300,2022,round1,Central,V1-C-1,0.5803390587985613,NA,0.5131760324255182,NA,0.28588547050338625,NA,0.8098442483928037,NA,0.28588547050338625,4.823529411764706,6.019607843137255,1.7450980392156863,2.176470588235294,9
{444F2A98-CDD5-4A1B-A397-A5D916B98737},ANO0786,2022,round1,Northern,V1-C-1,0.5935344681867059,NA,0.565576065804245,NA,0.8540081552000225,NA,NA,0.947383097768895,0.565576065804245,4.91046658259773,6.532156368221942,3.266078184110971,2.6078184110971,12
{B11A2B98-DE5A-47CC-95E1-D8A017422427},ANO0388,2022,round1,Northern,V1-C-5,0.6494174465156278,NA,0.5553133305946228,NA,0.2688163090637479,NA,0.5949189630127213,NA,0.2688163090637479,5,6.4317718940936865,1.7006109979633401,1.7780040733197555,6
{BC95316C-2310-46C8-BF99-CA2F37AED713},ANO1112,2022,round1,Northern,V1-C-5,0.5793676935648172,NA,NA,0.9257954030226877,0.7971231243215128,NA,NA,0.9195672747299262,0.5793676935648172,4.817129629629629,7.715277777777778,3.1087962962962963,2.648148148148148,11
{BB5CD88A-127F-4F53-932B-1F4317F3964F},ANO1112,2022,round1,Northern,V3-C-2,0.549727964243041,NA,NA,0.9630546881962238,0.4515499794616858,NA,NA,0.5796434732604945,0.4515499794616858,4.623567921440261,6.471358428805237,1.4926350245499183,1.851063829787234,9
{55DD48D3-4DAB-4374-94A1-D8A671DC8BE1},ANO1112,2022,round1,Northern,V3-C-2,0.5609959709708138,NA,NA,0.8535194596660488,NA,0.5987647705316639,NA,0.5553179078358934,0.5553179078358934,4.697841726618705,6.676258992805756,2.1007194244604315,2.1510791366906474,7
{26D245E2-FF56-47AE-9102-B769E1AE1A06},ANO1112,2022,round1,Northern,V3-C-2,0.5403750301963733,NA,NA,0.94418444461246,NA,0.8923586130123953,NA,0.5745312556231331,0.5403750301963733,4.561917443408789,6.506657789613849,1.8668442077230358,1.9141145139813582,8
{DC681078-0157-4776-A0F7-C99C2D52F4C2},ANO1112,2022,round1,Northern,V3-C-1,0.5917268762959327,NA,NA,0.7912818456221209,0.5812594582066559,NA,NA,0.9945799457994611,0.5812594582066559,4.900406504065041,6.792682926829268,1.6341463414634148,1.4308943089430894,8
{F4DBB3C9-29E8-44E5-AAD8-92E440DEF9EA},ANO1112,2022,round1,Northern,V1-C-2,NA,0.7637989900673412,NA,0.5295034566128384,NA,0.6971563872593372,NA,0.5931642301103195,0.5295034566128384,5.535714285714286,8.714285714285714,4.285714285714286,3.1785714285714284,3
{FDA16558-5544-4647-943D-89F7FF0E72D0},ANO1112,2022,round1,Northern,V1-C-2,0.8952504053882095,NA,0.8354821046184735,NA,0.862776763363623,NA,0.9456821545125826,NA,0.8354821046184735,5.233486943164363,7.291858678955454,3.2903225806451615,2.4301075268817205,11
{85209EC5-5193-4174-8769-B5E172EB3F6C},ANO1112,2022,round1,Northern,V3-C-2,0.5306684055231377,NA,0.996783580714923,NA,NA,0.9018848474107519,NA,0.5648894146003972,0.5306684055231377,4.49793559042114,6.397192402972751,1.8596201486374897,2.033030553261767,9
{17A7E524-B5EB-4ABB-ABE4-0E8EF01D814A},ANO1112,2022,round1,Northern,V1-C-1,0.48666283953950173,NA,NA,0.40343120503835284,NA,0.9256981802719878,NA,0.723810580922134,0.40343120503835284,4.2063492063492065,9.496598639455783,3.820861678004535,2.9319727891156466,6
{E4445DF4-F893-4E06-9427-4296B3ECA73A},ANO1112,2022,round1,Northern,V3-C-2,0.5597399967632511,NA,NA,0.9475051112784735,NA,0.5428916966678184,NA,0.5509318417436169,0.5428916966678184,4.689562890276539,6.500446030330063,2.6512042818911685,2.2051739518287246,9
{FFB8D7B7-BC95-4EFE-98D2-C28645DF1AFF},ANO1112,2022,round1,Northern,V3-C-2,0.5719916788719035,NA,0.9485572439095018,NA,NA,0.6971013694473813,NA,0.5415684140516355,0.5415684140516355,4.770320656226697,6.321401938851604,2.0149142431021625,2.320656226696495,9
{9BB4A23F-1A74-4609-A5BA-E7D27B20F9CD},ANO1112,2022,round1,Northern,V1-C-1,0.9102509456914925,NA,0.9421066570480274,NA,0.3720966002234804,NA,0.3719408024637275,NA,0.3719408024637275,5.247734138972809,7.483383685800604,1.9697885196374623,1.486404833836858,3
{8672F48D-79C9-4190-9443-3678332685EC},ANO1112,2022,round1,Northern,V3-C-2,0.532450931916908,NA,NA,0.8687865837009497,NA,0.9538438476787153,NA,0.5636411229631568,0.532450931916908,4.509685230024213,6.64769975786925,1.8202179176755449,2.0484261501210654,9
{EF3E3571-A857-43E5-B9FD-23752D34101B},ANO1112,2022,round1,Northern,V1-C-5,0.6123056051137514,NA,0.5351284289455975,NA,0.4623294885600489,NA,NA,0.9870809532858631,0.4623294885600489,4.964751958224544,6.2343342036553535,2.2049608355091386,2.550261096605744,10
{FDC3E8EE-202A-4391-A336-CA61FAE390DB},ANO1112,2022,round1,Northern,V3-C-2,0.5761239048041069,NA,NA,0.8180418902701714,NA,0.5491007070274508,NA,0.5575870886145555,0.5491007070274508,4.797558494404884,6.742624618514751,2.590030518819939,2.123092573753815,11
{3E80D728-C03F-46F0-9701-E7A3D621B4CB},ANO1300,2022,round1,Central,V1-C-1,0.5733948307445614,NA,NA,0.41183602180998524,NA,0.6567497027711381,NA,0.5990316275542646,0.41183602180998524,4.777777777777778,9.444444444444445,4.367901234567902,3.120987654320988,10
{26D15621-9BB4-4401-9AD8-70C73C18CB89},ANO0798,2022,round1,Eastern,V1-C-5,0.4990059767962341,NA,0.440638692108989,NA,0.48594159069932286,NA,NA,0.8065879345894731,0.440638692108989,4.287671232876713,5.310087173100872,2.2665006226650064,2.811955168119552,13
{E94DF989-DB4B-41C0-82E6-08AFE80C1AC2},ANO1184,2022,round1,Southern,V1-C-2,NA,0.9731436707497958,0.8075714100772223,NA,0.11359668897644334,NA,0.06734474645809341,NA,0.06734474645809341,5.356027482823236,7.241723922548408,1.2960649594003748,1.0880699562773266,8
{70934FA0-15D7-4493-91AA-047226D0AD5B},ANO1184,2022,round1,Southern,V1-C-6,0.4960007038278356,NA,0.9292723201168087,NA,0.8143126095976002,NA,NA,0.9813825161382819,0.4960007038278356,4.267871170463472,7.4603299293008645,3.1563236449332286,2.5585231736056557,9
{AB35F38E-146C-4879-9058-5EDAAF87ECED},ANO1184,2022,round1,Southern,V1-C-2,NA,0.5134471959019147,NA,0.6168524278252493,0.220705713721175,NA,0.5413616472950863,NA,0.220705713721175,5.867256637168142,8.247787610619469,1.575221238938053,1.7079646017699115,7
{675462A7-DE4F-4A94-B616-FC0A3A108EB9},ANO0838,2022,round1,Central,V1-C-1,0.9478035517740864,NA,0.5567008784196044,NA,0.446859763238353,NA,0.7377389473523536,NA,0.446859763238353,5.2834008097166,6.445344129554656,2.1646423751686914,2.041835357624832,17
{7EAF7664-2B9F-4E7B-B049-1700C50E15D6},ANO0721,2022,round1,Eastern,V1-C-5,0.4737406489306671,NA,0.4523092728977756,NA,0.4534499209180504,NA,0.8613955190444723,NA,0.4523092728977756,4.121212121212121,5.424242424242424,2.1818181818181817,2.272727272727273,7
{85A6B03D-3134-4316-83C8-23584EE30F69},ANO0726,2022,round1,Eastern,V1-C-5,0.5895153601556326,NA,0.47759449111476454,NA,0.4162893693294922,NA,0.654076674417546,NA,0.4162893693294922,4.883986928104575,5.671568627450981,2.0849673202614376,1.8856209150326797,12
{DC774441-A714-41A2-8C77-0D8B2D1ABDB1},ANO1234,2022,round1,Eastern,V1-C-5,0.5741280722161018,NA,0.5636220731129995,NA,0.5838736439914697,NA,0.6780772082875002,NA,0.5636220731129995,4.782608695652174,6.51304347826087,2.5217391304347827,1.9304347826086956,6
{CB88C598-15ED-43DA-A1AD-4858C68D3ADC},ANO0726,2022,round1,Eastern,V2-C-1,NA,0.595969080037524,0.551148587976554,NA,0.15312880904262133,NA,0.18014474469804742,NA,0.15312880904262133,4.661188369152971,6.051833122629583,1.683944374209861,1.88621997471555,10
{D3EC10EB-679B-49E2-A861-8DF40469C99A},ANO0726,2022,round1,Eastern,V1-C-5,0.576566262330538,NA,0.5222543591191631,NA,0.5534620205623311,NA,0.6904513534948944,NA,0.5222543591191631,4.798672566371681,6.1084070796460175,2.4424778761061945,1.9535398230088494,10
{ADD68CFB-62B6-41A1-B887-C3CD01EAC0EA},ANO0726,2022,round1,Eastern,V1-C-5,0.5703842144756348,NA,0.5711818827718382,NA,0.0992597813623709,NA,0.2892107892603289,NA,0.0992597813623709,4.757942511346445,6.586989409984872,1.2586989409984872,1.3782148260211802,6
{8A740F2C-CBCD-41B7-8408-0738D063B46F},ANO0726,2022,round1,Eastern,V1-C-1,0.5691786922832044,NA,NA,0.40288306481411607,0.8481930673197152,NA,NA,0.8493190337429755,0.40288306481411607,4.75,9.5,3.25,2.75,2
{37876EC9-F53F-41B1-94A0-BC6E350F2695},ANO1234,2022,round1,Eastern,V1-C-5,0.5786337645955563,NA,0.5965724187323204,NA,0.20258410297875584,NA,0.34498434392598365,NA,0.20258410297875584,4.812294182217344,6.835345773874864,1.5279912184412734,1.451152579582876,5
{4D1E9801-2565-42AB-A799-473FFB8FD216},ANO1234,2022,round1,Eastern,V1-C-1,0.5956313834650349,NA,0.598724562227198,NA,0.0631132346246654,NA,0.3633695704396458,NA,0.0631132346246654,4.924281984334204,6.856396866840732,1.164490861618799,1.4751958224543082,8
{BE248602-3CFF-4C46-8179-944099C3FE22},ANO1234,2022,round1,Eastern,V1-C-5,0.5516341161052992,NA,0.5386537739547085,NA,0.43732225623692866,NA,0.7038161570823529,NA,0.43732225623692866,4.634408602150538,6.268817204301075,2.139784946236559,1.978494623655914,6
{0BBEBB03-607A-4708-9085-E953F37015A0},ANO1234,2022,round1,Eastern,V1-C-5,0.5594213432726352,NA,NA,0.9153202217055488,NA,0.9640486079775252,NA,0.5764246260703964,0.5594213432726352,4.685714285714286,7.733333333333333,3.742857142857143,3.342857142857143,9
{7D41E514-FCB7-4B00-BD7D-92C85274ED8D},ANO1234,2022,round1,Eastern,V1-C-5,0.5582453162732445,NA,0.5562238365226535,NA,0.46172671217339945,NA,0.8605703103805566,NA,0.46172671217339945,4.677966101694915,6.440677966101695,2.2033898305084745,2.2711864406779663,8
{4B4224A0-0AC8-4675-AB26-7706E18853DB},ANO1093,2022,round1,Eastern,V1-C-3,NA,0.7081629127620241,0.5868115557927953,NA,NA,0.5002337732969462,NA,0.5944499738337099,0.5002337732969462,5.583468395461912,6.739870340356564,5.068071312803889,3.165952890792291,13
{936370A6-082F-47D0-A517-F21747A52CF2},ANO0721,2022,round1,Eastern,V2-C-1,NA,0.5594896095567314,0.41584009445143133,NA,0.25796106491576837,NA,0.3078557448855311,NA,0.25796106491576837,4.804347826086956,4.811594202898551,2.152173913043478,2.5144927536231885,10
{EE2466B3-D871-4185-B2D9-F2000BDA4EFA},ANO0802,2022,round1,Southern,V1-C-1,0.8747656075448625,NA,0.6994790881226867,NA,0.3704577603256223,NA,0.7599105529531542,NA,0.3704577603256223,5.214030915576695,7.047562425683711,1.9655172413793107,2.0832342449464925,7
{4A3F51E9-1C57-45C8-A73D-53FE637AD3F3},ANO0721,2022,round1,Eastern,V2-C-1,0.586460044883817,NA,0.41226405582958964,NA,0.2469075401803546,NA,0.2349356589999764,NA,0.2349356589999764,4.118380062305295,4.778816199376947,2.102803738317757,2.155763239875389,4
{5B754A26-0F57-4FF6-9DAF-EA1803022947},ANO0721,2022,round1,Eastern,V2-C-1,0.5999054862952456,NA,0.43225193819452096,NA,0.18704795631341603,NA,0.1904077806777932,NA,0.18704795631341603,4.189873417721519,4.962025316455696,1.8354430379746836,1.9367088607594938,8
{FE9D35BE-1D72-4024-8A29-B59B93021B8A},ANO0802,2022,round1,Southern,V1-C-5,0.5990718968116061,NA,0.35208006244877,NA,0.387080864955618,NA,0.7101247750524606,NA,0.35208006244877,4.946949602122016,4.443854995579134,2.008841732979664,1.9902740937223697,7
{1CA26A22-6E55-499A-862C-971953892D76},ANO0802,2022,round1,Southern,V1-C-1,0.5781131685240302,NA,0.6730004447615621,NA,0.14879882339948813,NA,0.2965492126110895,NA,0.14879882339948813,4.808864265927977,6.999999999999999,1.3878116343490305,1.3878116343490305,3
{5C76D1E4-82E0-493D-8C00-43464E042D32},ANO0044,2022,round1,Northern,V1-C-5,NA,0.45428265274886004,NA,0.7606098514831916,NA,0.5118478244182683,NA,0.6768915331386421,0.45428265274886004,5.9977827050997785,8,5,3,2
{EBB6B4EC-942D-4664-ADC7-9AE43519A669},ANO0044,2022,round1,Northern,V1-C-6,NA,0.4904605309730784,NA,0.742479729972759,0.9131816628153784,NA,NA,0.8829962799547593,0.4904605309730784,5.91796875,8.03125,3.4296874999999996,2.701171875,7
{66355024-C88C-4AD0-BDA5-DE7C89D61F5E},ANO0044,2022,round1,Northern,V1-C-5,NA,0.06764176917495357,0.672045533137776,NA,0.42120166819673777,NA,0.7401365553732521,NA,0.06764176917495357,6.850771869639794,6.998284734133791,2.097770154373928,2.0463121783876503,6
{5242CE09-46A3-42FE-B2A5-CE2ECA23A734},ANO0044,2022,round1,Northern,V1-C-6,0.5978106773565994,NA,0.7468596124786605,NA,0.9095219834526188,NA,NA,0.8107158619658859,0.5978106773565994,4.938640132669984,7.132669983416252,3.419568822553897,2.8059701492537314,15
{0DF95E5D-63C9-482C-8BFA-E890ECF73277},ANO0044,2022,round1,Northern,V1-C-6,NA,0.16886812647080418,NA,0.5118984823520533,0.9137911040348603,NA,NA,0.6493031330419488,0.16886812647080418,6.627450980392157,8.823529411764707,3.4313725490196076,3.04,4
{1D2870FB-B23B-4BA8-A9EC-8F7E7FFB6F8E},ANO0044,2022,round1,Northern,V1-C-5,0.4824467010781447,NA,NA,0.40863853716860354,NA,0.837625977111015,NA,0.6768915331386421,0.40863853716860354,4.178571428571429,9.464285714285714,4,3,2
{A00269F0-7C27-4E09-A2E7-8F5E04143E05},ANO1234,2022,round1,Eastern,V3-C-2,0.5619644245843163,NA,0.824704716568514,NA,NA,0.6796225457308107,NA,0.5652835934526075,0.5619644245843163,4.704225352112676,6.126760563380282,2.028169014084507,2.028169014084507,9
{9578D2B5-9468-4DFA-BF2B-19F50950C9AC},ANO1234,2022,round1,Eastern,V1-C-5,0.5468273829058731,NA,0.5699911657243408,NA,0.2733122811012907,NA,0.5970736935321319,NA,0.2733122811012907,4.602739726027397,6.575342465753424,1.7123287671232876,1.7808219178082192,4
{E38D6347-9DE9-4E37-8615-DC2269D66565},ANO1093,2022,round1,Eastern,V1-C-3,NA,0.38694429492989185,0.5735094188596921,NA,0.8812731583461397,NA,NA,0.8899726720968427,0.38694429492989185,6.146341463414634,6.609756097560975,3.341463414634146,2.6910569105691056,20
{E044B40C-5F82-4C95-81C5-EABC7EC5F97A},ANO1485,2022,round1,Northern,V1-C-6,0.6779731571513485,NA,0.5085775677320726,NA,0.540453469241448,NA,NA,0.7704217609380182,0.5085775677320726,5.027121609798775,5.974628171478565,2.408573928258968,2.864391951006124,17
{853A8820-E48F-4C93-8450-5BE65EFBF6F7},ANO1485,2022,round1,Northern,V1-C-5,0.5914023786485674,NA,0.48763924956195215,NA,0.5205797783823104,NA,0.940652484671977,NA,0.48763924956195215,4.896419437340153,5.7698209718670075,2.3567774936061383,2.420716112531969,14
{AE529EB8-2A39-40A6-963B-2F0EF0F3C7F3},ANO1485,2022,round1,Northern,V1-C-5,0.59996445802934,NA,0.9986253084728145,NA,NA,0.553697017609699,NA,0.5594515739019427,0.553697017609699,4.952830188679245,7.584905660377358,4.754716981132075,3.509433962264151,12
{D9ACB5D9-A841-4150-B01D-7148D361063D},ANO1485,2022,round1,Northern,V1-C-6,0.854895649927131,NA,0.8363929023614409,NA,NA,0.7524623036873235,NA,0.4539335592068531,0.4539335592068531,5.195158850226929,7.293494704992437,4.173222390317701,4.545008183306055,17
{B5DE0CA5-B33F-4860-A1C2-2F482E2ADA24},ANO1485,2022,round1,Northern,V1-C-1,0.5565302768991333,NA,NA,0.5506068552459585,NA,0.45971517563492614,NA,0.506378535911245,0.45971517563492614,4.666666666666667,8.583333333333334,5.305555555555555,4.03030303030303,5
{DDBBF5EF-5168-4C23-8A59-02D0891CE6FC},ANO1485,2022,round1,Northern,V1-C-1,0.5270061242784895,NA,NA,0.5787837344915792,NA,0.5159208840290237,NA,0.47649280003849914,0.47649280003849914,4.472148541114058,8.408488063660476,4.976127320954907,4.323607427055703,12
{ACC5CCA6-CF11-41C9-8344-8CB6AC514DA1},ANO1485,2022,round1,Northern,V1-C-5,0.5711568804712345,NA,NA,0.5967737944122925,NA,0.48031217646832736,NA,0.4107338095583409,0.4107338095583409,4.76303317535545,8.296854803963809,5.18483412322275,4.9689788884101675,6
{74A8A88B-BB2D-4038-88C8-E17FD873F5EE},ANO0991,2022,round1,Eastern,V1-C-5,NA,0.982698733065133,NA,0.8299772729144117,NA,0.8964094467772062,NA,0.8343253380382507,0.8299772729144117,5.3478260869565215,7.880434782608695,3.880434782608696,2.7717391304347827,12
{CB600944-1A2F-482C-B4DA-D82E25B5E032},ANO0991,2022,round1,Eastern,V1-C-1,0.5013532174536379,NA,NA,0.5098506241828813,NA,0.694301314294872,NA,0.5214188434068667,0.5013532174536379,4.3031358885017426,8.83623693379791,4.291521486643438,3.882694541231127,4
{9145B9ED-6000-42DB-AB91-E308625482E7},ANO0991,2022,round1,Eastern,V1-C-5,0.570617873682132,NA,0.55467539076578,NA,0.7450602987931139,NA,NA,0.5997656787533411,0.55467539076578,4.759481961147086,6.425531914893617,2.9648473635522667,3.113783533765033,10
{2574E903-0026-43F6-B51F-C41E0C89FE6D},ANO0991,2022,round1,Eastern,V1-C-6,0.6966946763345773,NA,0.5553406211030776,NA,0.7112479137889632,NA,0.8186759486844627,NA,0.5553406211030776,5.0449029126213585,6.432038834951456,2.8713592233009706,2.192961165048543,15
{8CD5D952-D5A3-4575-B8AE-376B113DAE04},ANO0991,2022,round1,Eastern,V1-C-7,0.5743839049760529,NA,0.6646995479921648,NA,NA,0.5810439517750123,NA,0.5120996336597452,0.5120996336597452,4.784294234592446,6.985089463220676,4.594433399602385,3.974155069582505,22
{5BA97E76-2B3C-4829-8AAD-36072B3A5166},ANO0991,2022,round1,Eastern,V1-C-5,0.6987710411577076,NA,0.5718730468765327,NA,0.3117468206311597,NA,0.8910643492893127,NA,0.3117468206311597,5.046875,6.59375,1.8125,2.328125,8
{13116DF1-6A7E-464C-98D3-BBD22F03D76D},ANO1184,2022,round1,Southern,V1-C-6,0.6378755583654709,NA,0.8086188312822997,NA,0.4117289593944371,NA,0.4936380794230012,NA,0.4117289593944371,4.989037758830695,7.243605359317906,2.0730816077953715,1.6455542021924483,7
{DAA81D0A-8AAD-4BEA-9FF4-68634EBFF7C8},ANO1184,2022,round1,Southern,V1-C-6,0.5625349300309368,NA,0.8947699730698174,NA,0.3485207156798503,NA,0.9418926363389792,NA,0.3485207156798503,4.706227967097533,7.3983548766157465,1.9083431257344303,2.4230317273795534,9
{6B013B87-8663-4C6F-AC0A-37D68C48FBB9},ANO0390,2022,round1,Western,V6-C-1,NA,NA,NA,NA,NA,NA,NA,NA,NA,NA,NA,NA,NA,NA
{AE3F417C-2419-48AC-86B7-47BFE7CB02E0},ANO0390,2022,round1,Western,V1-C-5,NA,0.41314364823243654,0.5745353981189747,NA,0.4636234768360837,NA,0.7404379803539687,NA,0.41314364823243654,6.088541666666667,6.619791666666667,2.2083333333333335,2.046875,7
{9BF84346-6C61-41C9-AA1A-C02A89EBBF96},ANO0390,2022,round1,Western,V6-C-1,NA,NA,NA,NA,NA,NA,NA,NA,NA,NA,NA,NA,NA,NA
{665A9180-B181-460A-BEE1-8F73EBD72C88},ANO0972,2022,round1,Northern,V1-C-5,0.8456927274712585,NA,NA,0.9707357870714793,NA,0.7276444606891951,NA,0.9156726258530314,0.7276444606891951,5.18641810918775,7.6378162450066585,4.2237017310253,2.653794940079894,6
{81B54720-F3C5-4283-B851-24ABBA9A0CCB},ANO1196,2022,round1,Northern,V1-C-6,0.653173249199449,NA,0.6041559720226413,NA,NA,0.8715324298338335,NA,0.8640985337947753,0.6041559720226413,5.003567181926279,6.8763376932223546,3.9310344827586214,2.7285714285714286,18
{B8E4ED1A-0581-4484-98A7-3F8480264AF5},ANO1196,2022,round1,Northern,V1-C-5,NA,0.16030549361381236,0.8087842195585443,NA,NA,0.26008527663529885,NA,0.5634096909600725,0.16030549361381236,6.646341463414634,7.2439024390243905,6.475609756097561,3.4705882352941178,4
{0FC948DF-4191-4F33-BAB2-4A43D88251E8},ANO0355,2022,round1,Northern,V1-C-6,0.7731827522847287,NA,0.7448939069802297,NA,0.9529832011451442,NA,NA,0.887001865000876,0.7448939069802297,5.117549668874172,7.129139072847683,3.5397350993377485,2.6953642384105962,15
{88681DF6-3F70-484F-BC06-F8AB99C95898},ANO0355,2022,round1,Northern,V1-C-2,NA,0.2215376064311519,NA,0.5430500989391561,NA,0.8660812316468857,0.9271468717513163,NA,0.2215376064311519,6.511254019292604,8.63022508038585,3.9421221864951765,2.395498392282958,6
{43CDDEFC-1597-4933-9ABD-C817DB573565},ANO0893,2022,round1,Northern,V1-C-5,0.7046141272861496,NA,0.5201487613228465,NA,0.5536578276276348,NA,NA,0.9815209837476084,0.5201487613228465,5.052424639580603,6.08781127129751,2.4429882044560944,2.5583224115334207,14
{600627BD-E92B-46D5-BE05-286BFDAAC2B3},ANO0390,2022,round1,Western,V6-C-1,NA,NA,NA,NA,NA,NA,NA,NA,NA,NA,NA,NA,NA,NA
{0A2019DE-5C6D-48B1-8673-66A615DB9366},ANO0207,2022,round1,Northern,V1,0.6506836842615061,NA,0.5266633450448647,NA,0.9245842737168766,NA,NA,0.9868875450554581,0.5266633450448647,5.001202645820806,6.151533373421527,3.461214672279014,2.550541516245487,16
{F4E97E2D-25EE-4168-8959-4E3BA947872C},ANO0873,2022,round1,Northern,V1-C-2,NA,0.476742731051248,0.6589420236335919,NA,NA,0.5314514237541532,0.9789575630915699,NA,0.476742731051248,5.9482323232323235,6.974747474747474,4.8851010101010095,2.492239467849224,11
{B06448B3-FC79-435D-A2D0-9FE715A344C5},ANO0465,2022,round1,Northern,V1-C-2,0.5931133860099853,NA,0.5237541201131355,NA,0.5755325919344487,NA,0.8760017123957782,NA,0.5237541201131355,4.907692307692308,6.123076923076923,2.5,2.3,11
{AEF53C7C-E3DA-40CE-8E1B-CED3357A8D3A},ANO0465,2022,round1,Northern,V1-C-3,NA,0.5273605037887465,0.5271378103582514,NA,NA,0.5990148066234777,NA,0.567058042335392,0.5271378103582514,5.836561743341405,6.156174334140436,4.4891041162227605,3.4347826086956528,21
{D6CDEA55-3086-457B-ABE4-A0BF8CBCB506},ANO0772,2022,round1,Central,V1-C-2,0.5770186191741575,NA,0.5390535170151572,NA,0.3392946960715482,NA,0.7684470158997972,NA,0.3392946960715482,4.801652892561983,6.2727272727272725,1.884297520661157,2.0991735537190084,11
{E535DC39-8BB0-42CB-8C9A-DFBC9259B6C2},ANO0772,2022,round1,Central,V1-C-6,0.5938932747427754,NA,0.46841527708747277,NA,0.6125371083857323,NA,0.8097516816319209,NA,0.46841527708747277,4.9128305582762,5.581782566111655,2.5984329089128306,2.1762977473065623,13
{ED6D58A6-D9FD-4847-BA8B-5D419C3010D8},ANO0772,2022,round1,Central,V1-C-6,0.5872647441875305,NA,0.42900182412791843,NA,0.40161775885768386,NA,0.7453650111135359,NA,0.40161775885768386,4.869158878504673,5.196261682242991,2.046728971962617,2.05607476635514,9
{B50D5679-7A3B-428E-8D34-656A3651B5D2},ANO0772,2022,round1,Central,V1-C-5,0.5850667562942585,NA,0.3876731618422296,NA,0.4122646419972466,NA,0.7201978945494061,NA,0.3876731618422296,4.8546775658492285,4.792007266121708,2.0744777475022707,2.009082652134423,12
{8B1DD22B-9A6E-4431-8B1D-9DE871B17EAA},ANO0772,2022,round1,Central,V1-C-6,0.5739990981461892,NA,0.45877775364221973,NA,0.4590929542611382,NA,0.9496776142188522,NA,0.45877775364221973,4.7817589576547235,5.487513572204126,2.196525515743757,2.43756786102063,10
{92295D62-CF48-4DA9-82CA-87FEE5D03A98},ANO0772,2022,round1,Central,V1-C-6,0.5901574839625249,NA,0.39462640965916723,NA,0.3705510276368823,NA,0.7104795635717629,NA,0.3705510276368823,4.88821752265861,4.860020140986909,1.9657603222557904,1.9909365558912386,15
{D79604A7-0D4B-45F9-BAB3-E63774391C45},ANO0772,2022,round1,Central,V3-C-2,0.5770361211969457,NA,0.527451901203779,NA,NA,0.9051516063300058,NA,0.5574324324324325,0.527451901203779,4.803571428571429,5.196428571428571,1.8571428571428572,2.125,10
{AC53767B-C56A-4AD6-AC9A-3E2285F874C8},ANO1163,2022,round1,Western,V1-C-1,NA,0.6133232215500892,0.5539639869711156,NA,0.5551346220991767,NA,0.8373143287482938,NA,0.5539639869711156,5.664872139973082,6.4185733512786,2.4468371467025576,2.2277628032345014,12
{F2AFD256-E915-4E9D-9FC8-80A57DA445B0},ANO0129,2022,round2,Western,V1-C-5,0.5288863175030188,NA,0.570193295370992,NA,0.9330190601854129,NA,0.9030557956134897,NA,0.5288863175030188,4.484536082474227,6.577319587628866,3.484536082474227,2.350515463917526,4
{C30D8B38-4E41-4A2A-8B3C-570936251C84},ANO1163,2022,round1,Western,V6-C-1,NA,NA,NA,NA,NA,NA,NA,NA,NA,NA,NA,NA,NA,NA
{AF74467C-A3B3-4EA6-8427-76520F4E8AFF},ANO0775,2022,round1,Central,V1-C-1,NA,0.5809967061362482,0.5879883619108941,NA,0.2808768634670882,NA,0.572448816475049,NA,0.2808768634670882,5.718232044198895,6.751381215469613,1.7320441988950275,1.7486187845303864,10
{6A7F8A21-B948-4C35-8741-62D58C07DF9D},ANO1048,2022,round1,Western,V1-C-6,0.6154901634104388,NA,0.5463110433470588,NA,0.7573856710076503,NA,0.8654745848568671,NA,0.5463110433470588,4.967776584317938,6.3437164339419985,2.9989258861439314,2.280343716433942,10
{7A2794BA-5192-4E12-BD50-AE7F21D8FE0C},ANO0775,2022,round1,Central,V1-C-1,NA,0.824520887392237,0.5708202597661121,NA,0.27969296669377397,NA,0.7535333303874188,NA,0.27969296669377397,5.483594864479316,6.583452211126962,1.7289586305278175,2.07132667617689,11
{E4236502-9B2F-4A9A-B879-843D093B86BE},ANO0775,2022,round1,Central,V1-C-6,NA,0.8790608192149385,0.5511250682285367,NA,0.7162022366878433,NA,0.777931557037009,NA,0.5511250682285367,5.436781609195402,6.390804597701149,2.8850574712643677,2.116883116883117,11
{504803F8-B31C-4083-A74B-86B19A21D1AA},ANO0775,2022,round1,Central,V6-C-1,NA,NA,NA,NA,NA,NA,NA,NA,NA,NA,NA,NA,NA,NA
{51F4380B-8394-4AA7-A7D8-B69127B37293},ANO1300,2022,round1,Central,V1-C-2,0.5923086630453106,NA,NA,0.4426898377519251,NA,0.7132460315152567,NA,0.7483355971340631,0.4426898377519251,4.902390438247012,9.252988047808765,4.252988047808764,2.896414342629482,7
{55EEBE0F-44D8-4B09-95F8-8E3598AD4FC0},ANO1300,2022,round1,Central,V1-C-3,NA,0.4532776026321591,NA,0.7606098514831916,NA,0.837625977111015,0.983113796972023,NA,0.4532776026321591,6,8,4,2.5,2
{BFEBE7FC-BBE8-4938-8A07-91C73F9150F9},ANO1300,2022,round1,Central,V1-C-2,0.5996907464561534,NA,0.5536479277552855,NA,0.4182385344231382,NA,0.8523964425721037,NA,0.4182385344231382,4.9510268562401265,6.415481832543445,2.0900473933649293,2.255924170616114,14
{1E3E1FF4-3A46-4D6C-B007-B36DA3639114},ANO1300,2022,round1,Central,V1-C-3,0.7354501718061012,NA,0.5839686161787709,NA,NA,0.6644985740545211,NA,0.537813940656708,0.537813940656708,5.081712062256809,6.712062256809339,4.352140077821011,3.721789883268483,27
{D59B3934-10EC-4B71-8156-7A1AF52A107A},ANO1300,2022,round1,Central,V1-C-5,0.6231268277288843,NA,0.5329311739829216,NA,0.6670326956541945,NA,NA,0.9475268491882494,0.5329311739829216,4.975029726516053,6.212841854934602,2.7491082045184303,2.607609988109394,11
{367933A3-7B01-405D-BB3B-25795C5BA176},ANO1300,2022,round1,Central,V1-C-6,0.5886550133170839,NA,0.47577394733961004,NA,0.8693975032490429,NA,NA,0.593550677298621,0.47577394733961004,4.878318584070796,5.653761061946903,3.308628318584071,3.1747787610619467,17
{3B512913-2BC6-4F1C-9F21-175A013CFBFB},ANO1300,2022,round1,Central,V1-C-3,0.5755490620751817,NA,NA,0.9808180426755985,NA,0.5863625725797273,NA,0.650880571976918,0.5755490620751817,4.791970802919708,7.620437956204379,4.5632603406326036,3.037712895377129,16
{F5857778-F241-425B-883E-50D1D4855914},ANO0866,2022,round1,Western,V6-C-3,NA,NA,NA,NA,NA,NA,NA,NA,NA,NA,NA,NA,NA,NA
{3F3A4F36-05FA-4EA6-96F2-36C70650B467},ANO0845,2022,round2,Western,V1-C-5,0.47050186379381953,NA,0.5962158902720286,NA,0.7664616835489915,NA,NA,0.7300802943870079,0.47050186379381953,4.099873577749684,6.831858407079646,3.0240202275600505,2.922882427307206,7
{13584B52-10E7-49AA-AC36-EBA8AB8AD174},ANO0772,2022,round1,Central,V3-C-2,0.5587915941591689,NA,0.47947437959513495,NA,NA,0.6283943090857773,NA,0.5747061121568349,0.47947437959513495,4.683311432325887,4.814717477003942,2.0670170827858083,1.9119579500657031,10
{D6EF91AF-6497-4573-8051-A7CBA5823CED},ANO0772,2022,round1,Central,V1-C-5,0.5183350620634398,NA,0.4383345596568155,NA,0.33136724990165223,NA,0.7333267222685276,NA,0.33136724990165223,4.41501976284585,5.287549407114625,1.8636363636363635,2.033596837944664,14
{39258B07-0303-40B5-BCBE-9FFB99158A28},ANO1035,2022,round1,Northern,V1-C-5,0.7007772848423441,NA,0.59957802880786,NA,0.6711644589783036,NA,0.8352706203673392,NA,0.59957802880786,5.048780487804877,6.864745011086475,2.760532150776053,2.2239467849223944,8
{D7255ACE-50F8-49FB-9736-4BCDC92236F5},ANO1035,2022,round1,Northern,V3,0.5689519021190371,NA,0.9332777471983678,NA,0.4931544709153999,NA,NA,0.5619535540080375,0.4931544709153999,4.750283768444949,6.29738933030647,1.5380249716231555,2.0692395005675372,8
{D59FAC8F-78A8-4777-B973-7816DC91E42C},ANO1035,2022,round1,Northern,V1-C-5,NA,0.3279029465849663,NA,0.5880378350265608,0.8193359666370894,NA,NA,0.8749997253223442,0.3279029465849663,6.276595744680851,8.351063829787234,3.1702127659574466,2.7127659574468086,4
{3B0DCA8E-E702-4689-8D51-BEB243D40AD9},ANO1047,2022,round1,Northern,V1-C-5,0.6759451822977592,NA,0.5137472807239937,NA,0.4103565714864213,NA,0.9898606485200487,NA,0.4103565714864213,5.0251954821894005,6.0251954821894005,2.0695047784535188,2.5125977410947002,7
{FB012F07-6EC2-4337-9A49-21AF897F530A},ANO0625,2022,round1,Eastern,V2-C-2,NA,0.539657860960377,0.6726386406580002,NA,0.9266128274206344,NA,NA,0.7045561661760417,0.539657860960377,4.882175226586102,6.643504531722054,4.090634441087613,5.268882175226586,7
{8E20A517-021E-4282-96E5-5FBC8EF720AA},ANO0269,2022,round1,Northern,V6-C-1,NA,NA,NA,NA,NA,NA,NA,NA,NA,NA,NA,NA,NA,NA
{776627E3-30C1-49E9-9A4A-C21465C60906},ANO0239,2022,round1,Northern,V1-C-1,NA,0.6100035434753165,NA,0.7257265797162841,NA,0.818178051300854,0.9263376129007541,NA,0.6100035434753165,5.667721518987341,8.06012658227848,4.0395569620253164,2.393987341772152,6
{DE332991-A159-470E-99AF-B12E5E554036},ANO0093,2022,round1,Northern,V1-C-7,NA,0.7902853273271604,NA,0.987132823459852,0.6646323406860661,NA,0.5748945883762409,NA,0.5748945883762409,5.512980269989615,7.609553478712357,2.742471443406023,1.7518172377985461,8
{04F99032-9641-4C9C-A947-B2E2229EB654},ANO0093,2022,round1,Northern,V1-C-5,0.6482100191237725,NA,0.5368472516319294,NA,0.5332916677557734,NA,0.8744048579238848,NA,0.5332916677557734,4.998853211009174,6.251146788990826,2.3899082568807337,2.2970183486238533,8
{7DC5D2DA-379C-4457-AFF3-E3B6BFCE367F},ANO0567,2022,round1,Northern,V1-C-5,0.9193465021351399,NA,0.48436565298766315,NA,0.7788477519575481,NA,0.9922803446324081,NA,0.48436565298766315,5.256372906045156,5.737800436999271,3.058266569555717,2.517115804806992,9
{18080284-7785-43AE-A5CF-CA4A6C603EAF},ANO0269,2022,round1,Northern,V1-C-6,NA,0.1407259795478913,NA,0.9476952906028512,NA,0.44629384347504814,NA,0.7856142921403891,0.1407259795478913,6.689536878216124,7.67753001715266,5.384219554030874,2.8423645320197046,11
{9063B133-7A97-4B25-A9B5-271E3F70A70F},ANO0651,2022,round1,Southern,V1-C-7,0.8930084196885192,NA,0.6272285910393682,NA,0.8213958743977359,NA,0.9109206615740761,NA,0.6272285910393682,5.231357552581263,6.917782026768643,3.1759082217973233,2.365200764818356,16
{F93FE238-303E-4152-999B-81A0F2873B8C},ANO1496,2022,round2,Western,V1-C-5,NA,0.3997020228498199,0.5706358609492518,NA,0.4445534276735763,NA,0.7844650242548042,NA,0.3997020228498199,6.118195956454121,6.5816485225505446,2.1586314152410577,2.1290824261275274,9
{449F09D5-64C2-448E-9333-1D750C6815EB},ANO1135,2022,round1,Eastern,V1-C-6,0.64795714598068,NA,0.48394677386053975,NA,0.3634662600936001,NA,0.8267539231627338,NA,0.3634662600936001,4.998613037447989,5.73370319001387,1.9472954230235786,2.2080443828016643,14
{1FA62884-D217-44D2-AFCB-64C51C3B5152},ANO0651,2022,round1,Southern,V1-C-6,0.8027490026851963,NA,0.5081937408485714,NA,0.5811202870017735,NA,NA,0.931347650535328,0.5081937408485714,5.145631067961165,5.970873786407767,2.5145631067961167,2.6310679611650487,10
{9FD1906C-8ED5-43AF-92EB-8887838BFC6B},ANO0239,2022,round1,Northern,V1-C-6,NA,0.7505512681566788,0.5253833798896763,NA,0.6880340017971603,NA,NA,0.7201917126626004,0.5253833798896763,5.547085201793722,6.139013452914798,2.807174887892377,2.937219730941704,7
{F85B1E46-F824-4B3E-92EA-955F8F8CB452},ANO1018,2022,round1,Northern,V3-C-2,0.6073410940493577,NA,0.9387301734825633,NA,NA,0.5584837824634356,NA,0.5466771118945032,0.5466771118945032,4.966183574879227,6.305958132045089,2.497584541062802,2.257648953301127,7
{9A182E4A-C4C8-405A-8E8F-96550D7A7047},ANO1018,2022,round1,Northern,V3-C-2,0.6282972574414014,NA,0.8282310539198449,NA,NA,0.6034797042081148,NA,0.548202842017275,0.548202842017275,4.99828178694158,6.132302405498281,2.0859106529209623,2.238831615120275,7
{F40C72CC-7C36-4AEE-82C1-1B99C53726CF},ANO1018,2022,round1,Northern,V3-C-2,0.5953730198699758,NA,0.8502952832930446,NA,NA,0.5786896939514068,NA,0.5395824929407019,0.5395824929407019,4.924440298507462,6.166977611940299,2.298507462686567,2.345149253731343,6
{EF44AF01-B5E4-4FAD-83E9-AF5970A1F6E0},ANO1018,2022,round1,Northern,V3-C-2,0.5851633905095786,NA,0.6741211938693397,NA,NA,0.5989493268131196,NA,0.5533115533115534,0.5533115533115534,4.857142857142857,5.8901098901098905,2.098901098901099,2.1758241758241756,6
{75C8CDCB-A69D-4C33-862B-27747969C5D5},ANO0923,2022,round1,Northern,V1-C-2,0.6881261481956907,NA,0.6750471854846054,NA,0.768411671314809,NA,0.8354408862510974,NA,0.6750471854846054,5.036764705882353,7.0036764705882355,3.0294117647058827,2.224264705882353,6
{4A499C7D-93E0-4200-861D-15E32104941D},ANO0923,2022,round1,Northern,V3-C-2,0.6740460288168931,NA,0.703772650413286,NA,NA,0.5856045161277895,NA,0.532466643859049,0.532466643859049,5.068354430379746,5.936708860759493,2.230379746835443,2.432911392405063,10
{030DC412-4A32-473C-B934-1799AA0E8E31},ANO0923,2022,round1,Northern,V1-C-1,0.5932225024618968,NA,0.5358223228751373,NA,0.4919817546006626,NA,NA,0.9540647116801871,0.4919817546006626,4.908411214953271,6.241121495327103,2.2822429906542054,2.5981308411214954,11
{3DA02D84-801E-4DC4-A891-F81426AE2D11},ANO0923,2022,round1,Northern,V3-C-2,0.5881555195102495,NA,0.7290083143774663,NA,NA,0.591440055881837,NA,0.5536506655909641,0.5536506655909641,4.876865671641791,5.97636815920398,2.172885572139303,2.171641791044776,10
{0DE7E325-AA4D-4C1B-BD35-49F9D5A27F44},ANO0923,2022,round1,Northern,V3-C-2,0.5858431621126033,NA,0.6747791534354325,NA,NA,0.5891374348953142,NA,0.5601625610850703,0.5601625610850703,4.861623616236162,5.891143911439114,2.195571955719557,2.0913284132841325,10
{0709FEF3-48E4-4649-A90E-AFFDCB8B8C39},ANO0923,2022,round1,Northern,V3-C-2,0.5784556736234095,NA,NA,0.9851796805892454,NA,0.5582883235368357,NA,0.5778913095269609,0.5582883235368357,4.812928501469148,6.429970617042116,2.4995102840352597,1.8726738491674828,4
{8AF21A36-0A86-4C4D-8296-7F62B12A3225},ANO0923,2022,round1,Northern,V3-C-2,0.6402327249878629,NA,0.99303694406446,NA,NA,0.5461555314019073,NA,0.5356723182810139,0.5356723182810139,5.01656314699793,6.391304347826087,2.619047619047619,2.3933747412008284,8
{92DFD55B-0B59-40BF-8743-D2086E61B405},ANO0651,2022,round1,Southern,V1-C-5,0.5929092780662225,NA,0.40595842029186985,NA,0.39526692057933005,NA,0.8262352755973463,NA,0.39526692057933005,4.906347554630593,4.970863683662851,2.0301768990634756,2.207075962539022,10
{2011185F-766F-4605-AB7F-4BA3F700AB0D},ANO0651,2022,round1,Southern,V1-C-6,0.5381325817950297,NA,0.5181419581654314,NA,0.9303920813853762,NA,NA,0.6612163058109753,0.5181419581654314,4.545454545454546,6.068181818181818,3.477272727272727,3.022727272727273,8
{FF875D87-7012-42C5-9EAA-9DF7D46C20DE},ANO0651,2022,round1,Southern,V1-C-6,0.5410726869596368,NA,0.47982112709783253,NA,0.30020264472191455,NA,0.8385064449088291,NA,0.30020264472191455,4.5648252536640355,5.693348365276211,1.782412626832018,2.229988726042841,10
{3E019F3F-5E77-4500-9D8D-E4F07254C1C6},ANO0651,2022,round1,Southern,V1-C-5,0.7494492089249097,NA,0.39576687222913043,NA,0.3651527233851413,NA,0.6894611013342509,NA,0.3651527233851413,5.09500805152979,4.871175523349437,1.9516908212560387,1.9516908212560387,8
{E2F7A24D-6B9C-48A1-B984-249EA1D240E0},ANO0368,2022,round1,Northern,V1-C-5,0.5915674386278623,NA,0.5497806940181972,NA,0.5703954896980378,NA,0.7919835075504231,NA,0.5497806940181972,4.8975069252077565,6.377654662973223,2.486611265004617,2.1431209602954757,8
{26EA6FF7-7F28-49F7-853C-88C185C9A876},ANO0368,2022,round1,Northern,V1-C-5,0.6494174465156278,NA,0.5589072927324069,NA,NA,0.960058615736602,NA,0.5706550180011464,0.5589072927324069,5,6.4669260700389115,3.7509727626459144,3.3994811932555127,9
{10908C01-CBBE-4479-8DE2-3203C2EDA35A},ANO0368,2022,round1,Northern,V1-C-5,0.5893022964069811,NA,0.5835957284724121,NA,0.7167229025528565,NA,0.8316686284664716,NA,0.5835957284724121,4.882583170254403,6.708414872798435,2.8864970645792565,2.2172211350293543,10
{3C217C81-68F0-4390-A312-B0B9CE2C25C6},ANO0368,2022,round1,Northern,V1-C-5,NA,0.5097277109747584,NA,0.5971213858280733,NA,0.5789581639124841,NA,0.5496706950331268,0.5097277109747584,5.875462392108508,8.294697903822442,4.606658446362516,3.6054254007398274,7
{193267C8-C0A9-479E-B4AE-C6603A7D8AA1},ANO0368,2022,round1,Northern,V1-C-7,0.7110492525076885,NA,0.39946177783183773,NA,NA,0.8587306764643401,0.8921535346731484,NA,0.39946177783183773,5.058536585365854,4.907317073170732,3.9570731707317077,2.33015873015873,19
{861E91B5-35D1-4132-9197-76930F2301A3},ANO0572,2022,round1,Eastern,V3-C-2,NA,0.6998914340259699,0.9335850920464621,NA,NA,0.8009396799555092,NA,0.5520414031052329,0.5520414031052329,5.787234042553192,6.297872340425532,1.9361702127659575,2.1914893617021276,5
{53487FC6-F118-4680-8718-28ACAF65D6D5},ANO0572,2022,round1,Eastern,V3-C-2,NA,0.8743359871054597,0.8252767675780301,NA,NA,0.9131679083588135,NA,0.5813686026451984,0.5813686026451984,5.659574468085107,6.127659574468085,1.851063829787234,1.8297872340425532,8
{B5F59984-E217-4FD5-A670-6C6988A755D9},ANO0572,2022,round1,Eastern,V3-C-2,0.7926381245077163,NA,0.5229629488531086,NA,NA,0.5546136922864502,NA,0.569015444015444,0.5229629488531086,5.25,5.160714285714286,2.5357142857142856,1.9821428571428572,9
{1943BF95-F4CE-4515-A30D-28003ED83BAC},ANO0572,2022,round1,Eastern,V3-C-1,0.5856674072111373,NA,0.862429041668946,NA,0.40500994449283073,NA,NA,0.5864236329352608,0.40500994449283073,4.8604651162790695,6.186046511627907,1.441860465116279,1.7674418604651163,7
{12AD595F-152F-4EA1-94E7-9AD60BB77836},ANO0572,2022,round1,Eastern,V3-C-1,0.6069060606689713,NA,NA,0.9569604022705668,0.5215146199957594,NA,NA,0.5927306616961789,0.5215146199957594,4.9655172413793105,6.482758620689655,1.5689655172413792,1.6896551724137931,8
{81791A48-AD87-4594-912F-DAE9FC5B7949},ANO0572,2022,round1,Eastern,V3-C-1,0.995946109326417,NA,NA,0.5969147005444643,0.5628254537965931,NA,NA,0.608187134502924,0.5628254537965931,5.56140350877193,7.175438596491228,1.6140350877192982,1.5964912280701755,6
{3241A271-8182-4D0F-9992-72B94A871263},ANO0572,2022,round1,Eastern,V3-C-1,0.7298615528139683,NA,NA,0.6969033437459189,0.18332029066517602,NA,0.5672532206934171,NA,0.18332029066517602,5.153846153846154,6.969230769230769,1.2,1.2461538461538462,6
{4E9C1E88-49E3-42B9-9127-4808323D7B8B},ANO0572,2022,round1,Eastern,V3-C-1,0.8355905156665968,NA,NA,0.5057495462794915,NA,0.37572040981863875,NA,0.5007112375533428,0.37572040981863875,5.315789473684211,7.912280701754386,4.298245614035087,2.824561403508772,8
{D0CB1650-86FB-4277-B923-DCEEDB474CF3},ANO0753,2022,round1,Eastern,V1-C-3,NA,0.29962417801108826,NA,0.848016840309382,0.9028530896673328,NA,0.9261285542360735,NA,0.29962417801108826,6.338983050847458,7.849340866290019,3.401129943502825,2.3935969868173257,8
{B5B87E91-68B5-4351-B12F-A304607BA6BA},ANO0753,2022,round1,Eastern,V1-C-6,0.5992338188524681,NA,0.5153671001511723,NA,0.3642677782056612,NA,NA,0.6674563757868315,0.3642677782056612,4.948016415868674,6.041039671682627,1.9493844049247608,3.013679890560876,6
{152AF8E1-7942-478A-BF84-5A42F821150D},ANO0753,2022,round1,Eastern,V1-C-6,0.6482357667336996,NA,0.4823714315733762,NA,0.5387140086120429,NA,0.7519993383885998,NA,0.4823714315733762,4.998877665544332,5.718294051627385,2.404040404040404,2.0684624017957356,12
{20736865-3736-49E5-8E55-A08949650AA1},ANO0753,2022,round1,Eastern,V1-C-6,0.6233130658784946,NA,0.4723055109897695,NA,0.4693048132578424,NA,0.9056567110181271,NA,0.4693048132578424,4.975206611570248,5.619834710743802,2.2231404958677685,2.355371900826446,7
{1106179A-6C88-4D96-92ED-2F1FAD6A0FF1},ANO0753,2022,round1,Eastern,V1-C-6,0.5985728970490036,NA,0.46797385219261467,NA,0.3377538685061318,NA,0.7794499741862058,NA,0.3377538685061318,4.943661971830986,5.577464788732394,1.880281690140845,2.119718309859155,8
{C1003739-EFE7-4D7C-B705-3D8ECC5A5354},ANO0753,2022,round1,Eastern,V1-C-6,0.6108209439708704,NA,0.3627443354203477,NA,0.576677442216785,NA,0.7787972673562111,NA,0.3627443354203477,4.963341858482524,4.5481670929241265,2.502983802216539,2.1184995737425405,14
{B4278AA5-87DB-4C69-99DA-5A3F6604EED3},ANO0753,2022,round1,Eastern,V1-C-6,0.5991499374324166,NA,0.9261437104202106,NA,0.8842295916021247,NA,0.8239980191594855,NA,0.5991499374324166,4.947463768115942,7.454710144927536,3.3496376811594204,2.2028985507246372,9
{E1566BC2-5105-4050-98D6-5113ED99990C},ANO0734,2022,round1,Eastern,V3-C-1,0.7549721814914674,NA,NA,0.7832581685231875,0.8921602869131007,NA,NA,0.5878378378378378,0.5878378378378378,5.1923076923076925,6.8076923076923075,1.75,1.75,9
{8600117D-51B4-40A1-AAC3-B4CEABD55500},ANO0734,2022,round1,Eastern,V3-C-1,0.9437669082148884,NA,NA,0.47198467432950164,NA,0.34960398322776964,NA,0.4804804804804805,0.34960398322776964,5.481481481481482,8.185185185185185,4.555555555555555,3.074074074074074,3
{0AFCDD3E-8A79-4266-9CCD-88761633E239},ANO0734,2022,round1,Eastern,V3-C-2,0.6569085684456542,NA,NA,0.9843199034055995,NA,0.37714494217814054,NA,0.34566145092460887,0.34566145092460887,5.042105263157895,6.431578947368421,4.28421052631579,4.7368421052631575,13
{162CC188-8853-47D1-9CFA-19C9833AF667},ANO0734,2022,round1,Eastern,V3-C-2,0.6446022089322261,NA,NA,0.5697064955894143,NA,0.46736256422497036,NA,0.5430546825895662,0.46736256422497036,5.023255813953488,7.395348837209302,3.395348837209302,2.302325581395349,7
{1A9408AE-F821-4FA9-B77E-450BCE0C9E0D},ANO0734,2022,round1,Eastern,V3-C-2,0.696626897211395,NA,0.5545176433181157,NA,NA,0.3582279904041662,NA,0.39228934817170114,0.3582279904041662,5.102941176470588,5.411764705882353,4.470588235294118,4.161764705882353,7
{88714F82-0126-4A0D-A9E8-E68B90FE19F4},ANO0301,2022,round1,Eastern,V1-C-6,0.6494174465156278,NA,0.5819490223479284,NA,NA,0.6863510341938235,NA,0.5173041516016378,0.5173041516016378,5,6.6923076923076925,4.3076923076923075,3.923076923076923,2
{DFD66FDB-FE91-44B6-B25E-32FE782A9192},ANO0753,2022,round1,Eastern,V1-C-6,0.7654825929704924,NA,0.4728000392247162,NA,0.4461258761626609,NA,0.7729660719831966,NA,0.4461258761626609,5.110236220472441,5.624671916010499,2.1627296587926508,2.1076115485564304,9
{DC54A025-D1E1-41C6-9019-C9F04CA742C0},ANO0753,2022,round1,Eastern,V1-C-5,0.6947794805933065,NA,0.4483471937204025,NA,0.4358908972927571,NA,0.9582181310557756,NA,0.4358908972927571,5.043083900226757,5.385487528344671,2.1360544217687076,2.453514739229025,7
{D43CBB13-9F65-4BA6-B2DE-6C01EA8A922E},ANO0753,2022,round1,Eastern,V1-C-2,NA,0.21611377958313477,0.7695204283324202,NA,0.463277008987482,NA,0.7667341214735722,NA,0.21611377958313477,6.523219814241486,7.173374613003096,2.2074303405572757,2.0959752321981426,9
{6701CCE4-523B-45BF-BCEA-FBA158383F3E},ANO0651,2022,round1,Southern,V1-C-5,0.7369339140290919,NA,0.48463734860891533,NA,0.18387102880574693,NA,0.40146971101939566,NA,0.18387102880574693,5.083121289228159,5.7404580152671745,1.47921967769296,1.5250212044105174,10
{8912C926-96F5-4722-82D7-EC4995B531B5},ANO0651,2022,round1,Southern,V1-C-6,0.5636874290189003,NA,0.5236390346110232,NA,0.333153825575063,NA,0.9835492119499751,NA,0.333153825575063,4.713821138211382,6.121951219512195,1.8682926829268294,2.5008130081300814,15
{9E319631-7301-4901-A2FE-C4149B74175B},ANO0753,2022,round1,Eastern,V1-C-5,0.693287308419699,NA,0.43769054425745796,NA,0.5795293460451045,NA,0.8771174632767809,NA,0.43769054425745796,5.041666666666667,5.28125,2.5104166666666665,2.3020833333333335,10
{DC6F0995-E713-4C95-BF3F-150B648553A1},ANO0753,2022,round1,Eastern,V1-C-6,0.5919755427112466,NA,0.5358797253045443,NA,0.40321070041591506,NA,0.9249462755044928,NA,0.40321070041591506,4.900195694716243,6.241682974559686,2.050880626223092,2.391389432485323,8
{886307E4-A57D-489D-86F8-0FF2AEA2C218},ANO0753,2022,round1,Eastern,V1-C-2,0.551303658971831,NA,0.5899594330028739,NA,0.7443234040912889,NA,0.9477048433930992,NA,0.551303658971831,4.632231404958677,6.770661157024794,2.962809917355372,2.4338842975206614,12
{8D702396-2DF1-49EC-B2E5-EFA0108EA5D6},ANO0522,2022,round1,Northern,V6-C-1,NA,NA,NA,NA,NA,NA,NA,NA,NA,NA,NA,NA,NA,NA
{9DB63D5F-25BA-4743-B4C3-6DF3578B6684},ANO0753,2022,round1,Eastern,V1-C-6,0.5945637971367791,NA,0.6013992099757969,NA,0.8630675648799522,NA,0.9993995326628278,NA,0.5945637971367791,4.9172482552342975,6.871385842472583,3.2911266201395817,2.530408773678963,15
{11094C9E-611E-4DBF-801F-065591B35B57},ANO1132,2022,round1,Central,V1-C-5,0.8008997047142997,NA,0.5311231442699936,NA,0.5006532328698527,NA,NA,0.9968292654738501,0.5006532328698527,5.143874643874644,6.195156695156695,2.304843304843305,2.536127167630058,13
{0D6FB559-C780-4120-9DB1-35ABF90342D4},ANO1132,2022,round1,Central,V1-C-5,0.7246229240654634,NA,0.5535256434571898,NA,0.49879491300985546,NA,NA,0.6473325330350423,0.49879491300985546,5.071428571428571,6.414285714285715,2.3,3.0428571428571427,8
{22E5A899-F6DC-4963-8BB0-B3A48C25EF4B},ANO1132,2022,round1,Central,V1-C-5,0.7822127041711934,NA,0.5503151973566514,NA,0.647805200597482,NA,0.992763534321234,NA,0.5503151973566514,5.126126126126126,6.382882882882883,2.695945945945946,2.518018018018018,12
{6B8182DB-81E4-4057-9DCE-F669CD60A46E},ANO0391,2022,round1,Central,V1-C-6,0.5835295484109138,NA,0.44130326656900287,NA,0.40841902100624705,NA,0.9214355113037114,NA,0.40841902100624705,4.844549763033176,5.316587677725118,2.0644549763033178,2.3848341232227486,16
{07FC25BF-D180-4686-BB87-936550C41F5A},ANO0391,2022,round1,Central,V1-C-5,0.5398304159623517,NA,0.45775801674736416,NA,0.28776629596722425,NA,0.7121955361785917,NA,0.28776629596722425,4.556640625,5.477539062499999,1.7499999999999998,1.9941406249999998,13
{8CEE3D2E-E9DE-4E0B-BC8E-2E8352BAF47D},ANO0391,2022,round1,Central,V3-C-2,0.6154573239920411,NA,0.7492293238703072,NA,NA,0.9960819406465905,NA,0.5501458688831398,0.5501458688831398,4.978615071283095,6.008146639511201,1.7881873727087576,2.214867617107943,10
{E1C5B411-A50A-4CD7-ABDE-98644CE161BE},ANO0391,2022,round1,Central,V1-C-6,0.4730304684204577,NA,0.5168304377228856,NA,0.5013379315029866,NA,NA,0.5718043914584083,0.4730304684204577,4.116533139111435,6.055353241077931,2.3066278222869627,3.388201019664967,17
{55F05D69-BBEC-4D7E-89EE-F2A111D7ED73},ANO0753,2022,round1,Eastern,V1-C-2,0.596386434728077,NA,0.46606086555461645,NA,0.395649903328238,NA,0.6838678052901884,NA,0.395649903328238,4.929256594724221,5.5587529976019185,2.031175059952038,1.9412470023980815,14
{731CA90B-D27A-41B9-A11E-14B9B8DDE18C},ANO0753,2022,round1,Eastern,V1-C-6,0.743987208704044,NA,0.4042437603853428,NA,0.5027773075249043,NA,0.8917157607318142,NA,0.4042437603853428,5.089820359281437,4.954091816367265,2.310379241516966,2.3293413173652695,12
{CA883058-B4BE-4363-B186-2D1FDB31D22A},ANO0356,2022,round1,Eastern,V2-C-1,NA,0.39233736254001805,NA,0.6624341778731009,NA,0.9087717385542708,0.5807804893260873,NA,0.39233736254001805,5.4603174603174605,7.619047619047619,4.26984126984127,3.857142857142857,11
{49DBE4E9-D4F5-4ECD-B055-86A8D31F8073},ANO0165,2022,round1,Northern,V1,0.6744263939193733,NA,0.9295382463613706,NA,0.04192319751224801,NA,0.6517278345953992,NA,0.04192319751224801,5.02375296912114,7.460807600950119,1.1092636579572446,1.8812351543942993,9
{0C7A7196-83BE-4704-8AF9-2235CE845BDD},ANO0707,2022,round1,Northern,V1-C-6,NA,0.25529428194225046,NA,0.7120246982729685,NA,0.8142143788024021,NA,0.8121287885145899,0.25529428194225046,6.436781609195402,8.083743842364532,4.0476190476190474,2.803921568627451,16
{9A6C8A20-1C5B-47B7-B7AC-082C86078281},ANO0707,2022,round1,Northern,V1-C-3,NA,0.03615097444305604,0.8599946953600436,NA,NA,0.3940914230950471,0.7635822722774676,NA,0.03615097444305604,6.920245398773005,7.335889570552147,5.690184049079754,2.09009009009009,8
{CF2A5992-A64E-43B9-A918-6A915F665FD1},ANO0707,2022,round1,Northern,V1-C-3,NA,0.04590152938047165,NA,0.4916193347858328,0.9317447233889884,NA,NA,0.9824592557285999,0.04590152938047165,6.89873417721519,8.949367088607595,3.481012658227848,2.5569620253164556,4
{B38284EF-D31C-4CBE-B880-7D62A74CCCE4},ANO0707,2022,round1,Northern,V1-C-2,NA,0.536378496448055,NA,0.7896180458998835,NA,0.4976298292955386,NA,0.6649999813728261,0.4976298292955386,5.816666666666666,7.95,5.083333333333333,3.0172413793103448,5
{1D52C1CD-8BE5-4330-A676-6982B274F1F7},ANO0707,2022,round1,Northern,V1-C-2,0.9071838667429364,NA,NA,0.4904399493330407,0.975051997690354,NA,NA,0.9769348675235838,0.4904399493330407,5.244821092278719,8.95668549905838,3.6007532956685497,2.564971751412429,9
{9C080A48-B61F-4240-BFAB-65812ED764E5},ANO0165,2022,round1,Northern,V1-C-5,0.5958110700173668,NA,0.4742146960351375,NA,0.30504418951391066,NA,0.848392075688237,NA,0.30504418951391066,4.925465838509317,5.638509316770186,1.795031055900621,2.248447204968944,12
{7AC2EE60-1543-4656-AAEB-C2AC795E0EEB},ANO0667,2022,round1,Northern,V1-C-5,0.5484057473093648,NA,0.4969929606912965,NA,0.7023348168134217,NA,NA,0.7524072268339705,0.4969929606912965,4.6131386861313866,5.861313868613139,2.846715328467153,2.8905109489051095,9
{E86F6BF1-CBA3-449B-8F0F-E2DA89A79526},ANO0667,2022,round1,Northern,V1-C-5,0.5271312573577784,NA,0.5691963045462938,NA,0.4303531993744075,NA,0.8383677367338546,NA,0.4303531993744075,4.472972972972973,6.5675675675675675,2.1216216216216215,2.22972972972973,9
{5980BCF5-0A38-4F6E-806F-9152BC43002A},ANO0667,2022,round1,Northern,V1-C-5,0.5615057861551878,NA,0.4884652597315477,NA,0.8093279202272329,NA,NA,0.7409796307083945,0.4884652597315477,4.699447513812155,5.777900552486187,3.142541436464088,2.907079646017699,15
{D853D2A2-5861-4A96-A8AD-64524965FC6E},ANO0165,2022,round1,Northern,V1,0.6494174465156278,NA,0.552582795595852,NA,0.2234134956032459,NA,0.5130086876028911,NA,0.2234134956032459,5,6.405063291139241,1.5822784810126582,1.6708860759493671,9
{F245020D-E8D1-4B76-B6B2-CFBC3839C0B6},ANO0165,2022,round1,Northern,V1-C-5,0.6160457607565882,NA,0.5144118280166776,NA,0.3119368406364207,NA,0.6652574128689833,NA,0.3119368406364207,4.9683042789223455,6.0316957210776545,1.8129952456418383,1.9064976228209192,8
{065B1B5E-7186-4B75-9EB4-7DE11EC9ADE9},ANO0165,2022,round1,Northern,V1-C-8,0.5010790259982124,NA,0.49546631901884686,NA,NA,0.48740211345392953,NA,0.49167032684427125,0.48740211345392953,4.301329394387001,5.846381093057607,5.14327917282127,4.174652241112828,22
{7715448F-9CEB-48D8-B9A8-BBFB8923D7A2},ANO1477,2022,round1,Eastern,V1-C-7,NA,0.5208752688984373,0.5773945636161187,NA,NA,0.7292214949153238,0.8173196680541568,NA,0.5208752688984373,5.850869167429094,6.647758462946021,4.220494053064959,2.1904287138584246,21
{532A3C2E-92A9-4295-9212-DBEB58B54559},ANO1468,2022,round1,Northern,V1-C-6,0.9059256475637936,NA,0.5864714804880644,NA,0.9242679055498895,NA,NA,0.5410733203839175,0.5410733203839175,5.243626062322947,6.736543909348443,3.4603399433427766,3.689801699716714,26
{64F13B94-37BD-45BC-A91E-9F3EB24CF1F3},ANO1477,2022,round1,Eastern,V1-C-3,0.5560181953046365,NA,NA,0.5871979892027601,NA,0.7065873752419565,NA,0.8578603340825087,0.5560181953046365,4.663292847503374,8.356275303643725,4.266531713900135,2.7376160990712077,14
{2098B363-41D7-421E-8BC8-34F6A3B7CA17},ANO1477,2022,round1,Eastern,V1-C-3,NA,0.4278561401271235,0.5934836454786813,NA,0.86503917704648,NA,0.9737726268054899,NA,0.4278561401271235,6.056083650190114,6.805133079847908,3.296577946768061,2.4825581395348837,18
{AE822EC3-C6DD-4B2A-934C-7414A7354382},ANO0171,2022,round1,Southern,V2-C-1,0.5738326968122108,NA,0.7072215603465548,NA,0.4337388543665059,NA,0.39379687683943315,NA,0.39379687683943315,4.051236749116608,6.712014134275618,2.937279151943463,2.937279151943463,5
{158009AD-7236-44D8-8060-070A752251B1},ANO0171,2022,round1,Southern,V2-C-1,0.9000956168168965,NA,0.5354450926003846,NA,0.3211064497238488,NA,0.2193210532060356,NA,0.2193210532060356,4.355263157894737,5.907894736842105,2.4342105263157894,2.0789473684210527,6
{9A28416B-D225-4A35-AD8A-28C9D6C5D57B},ANO0171,2022,round1,Southern,V2-C-1,0.7449161815117921,NA,0.5924061147837177,NA,0.4119589534805781,NA,0.29881156175827195,NA,0.29881156175827195,4.27,6.43,2.84,2.47,6
{0E0147ED-355C-4F16-B3B2-8C8E0CCE26F5},ANO0171,2022,round1,Southern,V2-C-1,0.5783370977349828,NA,0.5709226877822562,NA,0.5538349775053539,NA,0.6017691889490525,NA,0.5538349775053539,4.075187969924812,6.2330827067669174,3.473684210526316,3.954887218045113,8
{E6C3472A-FF89-4E08-AECA-F5912A03AFAE},ANO0171,2022,round1,Southern,V1-C-5,0.47937628720246084,NA,0.6416446378929289,NA,0.7650768485274978,NA,NA,0.8535335210053554,0.47937628720246084,4.158342189160468,6.943676939426142,3.0201912858660998,2.7438894792773647,7
{32DA6CBF-3726-4AFF-87FA-92C0FAE067EA},ANO0743,2022,round1,Northern,V1-C-6,NA,0.5955084046311062,0.6852448760665687,NA,NA,0.6509167642069889,NA,0.553935081841054,0.553935081841054,5.686217008797654,7.02199413489736,4.379765395894427,3.563573883161512,16
{362124B5-958A-4B4A-A80F-85C98B5CB828},ANO0743,2022,round1,Northern,V1-C-5,NA,0.8143699796448347,0.8357320764028682,NA,NA,0.6409685513186658,NA,0.5676909196147844,0.5676909196147844,5.492307692307692,7.292307692307692,4.4,3.4285714285714284,5
{13F9128A-12FF-49B6-BA82-E847A1B2F101},ANO0743,2022,round1,Northern,V1-C-5,NA,0.6868406733416503,NA,0.9723953416935537,NA,0.5982882018458372,NA,0.58605558692167,0.58605558692167,5.601769911504424,7.634955752212389,4.4933628318584065,3.2483370288248334,8
{FECB3A53-12DE-4AED-A4A5-1F1D78AA22D8},ANO1104,2022,round1,Southern,V2-C-1,0.5589727817078607,NA,0.8105279849635338,NA,0.44156228407489506,NA,0.40089986554870194,NA,0.40089986554870194,3.9722222222222223,6.916666666666667,2.9722222222222223,2.9722222222222223,2
{2FB962EF-FE63-4312-8787-D7BEF6196FCB},ANO1104,2022,round1,Southern,V2-C-1,NA,0.8821948498058818,0.461310843303104,NA,0.24644899609984208,NA,0.20719868170835815,NA,0.20719868170835815,4.479429051217465,5.228379513014274,2.1007556675062973,2.019311502938707,6
{CCC290CF-699E-45CB-8F87-0B4BA760BE38},ANO1251,2022,round1,Central,V1-C-1,NA,0.722584346512824,0.8062422958123443,NA,0.9111863401842526,NA,0.8435127388750214,NA,0.722584346512824,5.571090047393365,7.2393364928909945,3.4241706161137437,2.239336492890995,5
{4B9F0B9F-40AF-499E-9310-8FA9BE8BF2A4},ANO1251,2022,round1,Central,V1-C-1,NA,0.22958216237213258,NA,0.5751984189424049,NA,0.5244039759552244,0.6121628547166303,NA,0.22958216237213258,6.4935064935064934,8.43073593073593,4.926406926406926,1.8073593073593073,6
{C156C97A-9A4F-4BF7-90AD-94F34A499FE1},ANO1251,2022,round1,Central,V1-C-5,NA,0.21077109131640703,0.8142012208780539,NA,NA,0.26865812712751036,NA,0.577527711390962,0.21077109131640703,6.535006605019815,7.253632760898283,6.425363276089827,3.3320312499999996,13
{19ED0405-C616-43E3-9206-C8D0E4139285},ANO1251,2022,round1,Central,V1-C-5,NA,0.9863169106353454,0.5873709076493066,NA,0.8150581852522529,NA,0.9989637160292553,NA,0.5873709076493066,5.344720496894409,6.745341614906831,3.1583850931677016,2.529595015576324,10
{D2B9620E-859C-460C-970E-BF328688379C},ANO1380,2022,round1,Southern,V2-C-1,0.8561454830014621,NA,0.43621339934525133,NA,0.24624255611179022,NA,0.18974417484056114,NA,0.18974417484056114,4.331114808652246,4.998336106489184,2.0998336106489184,1.9334442595673877,6
{BB1FC153-E695-4BCA-9612-2F2D244A6C66},ANO1380,2022,round1,Southern,V1-C-1,0.7103671751996048,NA,NA,0.9061447201798747,0.0875384419060342,NA,0.6843306552624644,NA,0.0875384419060342,5.057888762769581,7.749148694665155,1.228149829738933,1.9421112372304201,8
{9BC3C4C0-98D3-49EF-B526-205EC9792274},ANO0171,2022,round1,Southern,V1-C-1,0.5189613742835737,NA,0.6960467982587991,NA,0.6768299222138772,NA,0.8130231322665373,NA,0.5189613742835737,4.419146183699871,7.041397153945666,2.776196636481242,2.1824062095730916,10
{CAEE22AC-7C4F-401D-BA4D-140FA7C2A100},ANO0559,2022,round1,Northern,V1-C-5,0.8315187600796957,NA,0.49670432236351103,NA,0.5164107952787087,NA,NA,0.6776144995981991,0.49670432236351103,5.172955974842767,5.8584905660377355,2.3459119496855347,2.99895178197065,16
{E9331F64-E931-4B42-BFEA-B393518832A8},ANO0559,2022,round1,Northern,V3-C-2,0.5896838210044545,NA,0.8829673127261763,NA,0.4341796357859432,NA,NA,0.5797376323692113,0.4341796357859432,4.886939571150098,6.218323586744639,1.4736842105263157,1.8499025341130606,9
{FC2D3A24-AA5D-45A3-ADC2-BFB198EA9917},ANO0559,2022,round1,Northern,V3-C-2,0.5991057123877263,NA,NA,0.9477435490513184,0.5079256461105197,NA,NA,0.5726458943019452,0.5079256461105197,4.949044585987261,6.499999999999999,1.5541401273885351,1.9373673036093417,8
{250AE903-2BD6-4AF1-8A09-A0C2D526A649},ANO0559,2022,round1,Northern,V3-C-2,0.600434516656025,NA,NA,0.9599065218345434,0.41811675617862015,NA,NA,0.579266280709122,0.41811675617862015,4.9556048834628195,6.477247502774696,1.4561598224195338,1.855715871254162,8
{82B96DB6-89F7-469A-89D7-9871ECA6A5F7},ANO0559,2022,round1,Northern,V3-C-2,0.5984678171423586,NA,0.9240695697677628,NA,0.5740991309087364,NA,NA,0.5762239107434837,0.5740991309087364,4.944839857651245,6.282918149466192,1.6263345195729537,1.893238434163701,8
{E7B6970C-43ED-4610-9C1F-6AF3AFDAD7FC},ANO0559,2022,round1,Northern,V3-C-2,0.5987718414516618,NA,0.9427607142190368,NA,0.5044860712103683,NA,NA,0.5793301607255096,0.5044860712103683,4.946843853820598,6.312292358803987,1.550387596899225,1.8549280177187155,9
{1654A7B6-FC10-43C6-8F7E-CAD2D9B7AA51},ANO0559,2022,round1,Northern,V3-C-2,0.599288395882115,NA,0.9149948572496412,NA,0.48338186095792673,NA,NA,0.5738200887454619,0.48338186095792673,4.9502487562189055,6.26865671641791,1.5273631840796018,1.9228855721393032,8
{2D7DC2A9-BE05-48F1-954F-E576F407BD96},ANO0559,2022,round1,Northern,V1-C-6,0.669245632686959,NA,0.47882612718305273,NA,0.2557922630819771,NA,0.5213027199682863,NA,0.2557922630819771,5.018832391713747,5.68361581920904,1.6666666666666665,1.6817325800376648,8
{49728F93-168C-48E0-87D6-B058D00BB207},ANO0559,2022,round1,Northern,V3-C-2,0.6303490613883223,NA,0.5928230691252949,NA,0.5235857304610796,NA,NA,0.5952875952875952,0.5235857304610796,5.001424501424501,5.716524216524216,1.571225071225071,1.6581196581196582,7
{3C60AB70-55EA-4ED8-A366-2F41119E7BD0},ANO0559,2022,round1,Northern,V1-C-1,0.5949976280805163,NA,NA,0.62773609809648,NA,0.557512011150657,NA,0.6015836500517961,0.557512011150657,4.920106524633822,8.229027962716378,4.732356857523302,3.1091877496671105,7
{6D45C3A5-1185-4FED-8FB1-BDA47C08FAE1},ANO0559,2022,round1,Northern,V1-C-5,0.7781590267280591,NA,0.5671156250437913,NA,0.14307024884246186,NA,0.4582485433028247,NA,0.14307024884246186,5.122276029055691,6.547215496368039,1.3728813559322035,1.5992736077481842,13
{9D912181-AEE4-4221-B67B-C9EF4C592678},ANO1537,2022,round1,Northern,V2-C-1,NA,0.8283169996215239,0.5951941934904961,NA,0.21145236138797788,NA,0.2574793502678987,NA,0.21145236138797788,4.511111111111111,6.455555555555556,1.9444444444444444,2.2666666666666666,7
{D4582530-6B1D-4B7B-811B-0E6F9865AB1F},ANO1537,2022,round1,Northern,V2-C-1,NA,0.9972634240408188,0.8575426819728857,NA,0.120725396640195,NA,0.27302376924692046,NA,0.120725396640195,4.411764705882353,7.009803921568627,1.5392156862745099,2.343137254901961,10
{47722AEB-F4FE-4709-978B-58C41FF7CE10},ANO1537,2022,round1,Northern,V2-C-1,NA,0.5985237683630149,0.5746712278834728,NA,0.17442650330636209,NA,0.2765460585802707,NA,0.17442650330636209,4.651162790697675,6.267441860465116,1.7790697674418605,2.36046511627907,7
{64C8524B-A7D1-4E7D-BE02-F9F4920FC40A},ANO1537,2022,round1,Northern,V2-C-1,0.7715788584928374,NA,0.6171256957914052,NA,0.1047715215713905,NA,0.2305378291087978,NA,0.1047715215713905,4.284649776453056,6.533532041728764,1.4679582712369599,2.134128166915052,10
{F90EAFAB-6150-4CAE-A710-5503D8A89737},ANO0735,2022,round1,Eastern,V1-C-3,NA,0.8360673262723535,0.8781054098496347,NA,0.5452414028852671,NA,0.6871461948534523,NA,0.5452414028852671,5.473684210526316,7.368421052631579,2.4210526315789473,1.9473684210526316,7
{EA6E8A4D-BB8D-48A6-9091-7BA581DC93DD},ANO0735,2022,round1,Eastern,V1-C-6,0.5445338416894986,NA,0.5080095533619559,NA,0.2847996331222014,NA,0.9417044859245056,NA,0.2847996331222014,4.587628865979381,5.969072164948454,1.7422680412371134,2.422680412371134,8
{EAC22C62-2DE6-4BD5-9FCC-7027EFC216A7},ANO0735,2022,round1,Eastern,V1-C-3,0.9590870599561281,NA,0.7057482963302463,NA,0.693949035043563,NA,NA,0.9811753577345246,0.693949035043563,5.294117647058823,7.0588235294117645,2.823529411764706,2.5588235294117645,9
{AF97D5D8-DBE1-46E1-8FFA-BA5B7D43DDD9},ANO0735,2022,round1,Eastern,V1-C-6,0.5937805551731011,NA,0.4696036512382897,NA,0.3541739027288915,NA,0.9330889223072932,NA,0.3541739027288915,4.912087912087912,5.593406593406593,1.9230769230769231,2.4065934065934065,7
{9CBDBA5D-D1EC-422B-88D5-3875EFCD3A36},ANO0735,2022,round1,Eastern,V1-C-6,0.5947336539775523,NA,0.5508133052118285,NA,0.6581288164291151,NA,0.7207984878057095,NA,0.5508133052118285,4.918367346938775,6.387755102040816,2.7244897959183674,2.010204081632653,12
{F716FDA5-ECE8-4699-9922-082A53EE8E0B},ANO0735,2022,round1,Eastern,V1-C-2,NA,0.30479011211472773,0.7401900022904138,NA,0.5689172747857769,NA,0.8538405914489692,NA,0.30479011211472773,6.327586206896552,7.120689655172414,2.4827586206896552,2.2586206896551726,7
{6ECC89AD-3CF4-402A-A50E-4F9DFE53D689},ANO0735,2022,round1,Eastern,V1-C-6,0.5700611398681396,NA,0.512360209336179,NA,0.6442248161381794,NA,0.9582040098612683,NA,0.512360209336179,4.755813953488372,6.011627906976744,2.686046511627907,2.453488372093023,11
{511FC399-D174-4B5F-81AE-0033A7945BD6},ANO0735,2022,round1,Eastern,V1-C-2,NA,0.48283918541251725,0.6124881103411686,NA,0.45875786313615474,NA,0.7269762034201337,NA,0.45875786313615474,5.934782608695652,6.891304347826087,2.1956521739130435,2.0217391304347827,7
{12E7ECE2-61F1-48BC-AA3A-A23AF93F18BE},ANO0735,2022,round1,Eastern,V1-C-3,NA,0.21247387623382458,0.7947815177826054,NA,0.5395618049385457,NA,0.8241192964291598,NA,0.21247387623382458,6.53125,7.21875,2.40625,2.203125,6
{692B7539-2CE5-4807-9EDF-3D1271C68B18},ANO0735,2022,round1,Eastern,V1-C-6,0.5995348892049753,NA,0.4745374854528547,NA,0.3996754110655893,NA,NA,0.958523117459053,0.3996754110655893,4.95,5.641666666666667,2.0416666666666665,2.591666666666667,12
{50FB00F1-180D-49CF-B96D-1CA4F215BCCA},ANO1332,2022,round2,Eastern,V3-C-2,0.5825626643295361,NA,0.8814887879771464,NA,NA,0.523729321970891,NA,0.5396756756756756,0.523729321970891,4.84,6.216,2.84,2.344,15
{B3FFD31B-605A-4037-BC79-297E2C145443},ANO0276,2022,round1,Northern,V1-C-3,NA,0.0018094914276735041,0.8985749672436538,NA,NA,0.3078579063700031,NA,0.6632339093283979,0.0018094914276735041,6.996007984031936,7.405189620758483,6.195608782435129,3.01980198019802,3
{62A59549-15BA-4512-A630-8AAE6B9D25EE},ANO0230,2022,round1,Northern,V1-C-2,NA,0.20729158656958524,NA,0.5420906278596442,0.9283203989170548,NA,NA,0.584229340714673,0.20729158656958524,6.542682926829268,8.636178861788617,3.4715447154471546,3.2662601626016254,8
{1D701496-0C1C-40A2-BBBF-DAECD7B5DE61},ANO0230,2022,round1,Northern,V1-C-6,NA,0.5034232810144585,NA,0.6259514218699145,NA,0.8898831021859887,NA,0.6484653074424833,0.5034232810144585,5.889370932754881,8.232104121475054,3.8937093275488066,3.041214750542299,5
{C167AD87-F9E1-475D-A8DB-917C34C583BF},ANO0230,2022,round1,Northern,V1-C-6,NA,0.21977095885195574,NA,0.5298522731191707,0.9002524428946339,NA,NA,0.6664413815868644,0.21977095885195574,6.515151515151516,8.712121212121213,3.393939393939394,3.015151515151515,4
{FD4C58D6-D96D-4E2A-82D7-7657DAC9434C},ANO0044,2022,round1,Northern,V1-C-5,0.8987829773387672,NA,NA,0.8980170881938376,NA,0.9799438510396886,0.983113796972023,NA,0.8980170881938376,5.2368421052631575,7.7631578947368425,3.710526315789474,2.5,6
{6A498C7C-87A2-4F39-BFD7-EE047F6016DF},ANO0355,2022,round1,Northern,V1-C-7,0.6595235927134248,NA,0.5813794528835767,NA,NA,0.938871946759781,NA,0.5773061258202792,0.5773061258202792,5.009598603839442,6.68673647469459,3.7940663176265272,3.334205933682374,21
{E71325C0-7034-4E17-B64D-0971AEA09C58},ANO0355,2022,round1,Northern,V1-C-7,0.5535541791617047,NA,0.5088862015294612,NA,NA,0.9509931990383694,NA,0.5962552771990214,0.5088862015294612,4.647058823529412,5.977647058823529,3.769411764705882,3.1482352941176472,31
{5075D98C-2989-4457-B547-1215F50F5A74},ANO0355,2022,round1,Northern,V1-C-7,0.5684785954907281,NA,0.513057680019516,NA,NA,0.8884230981643892,NA,0.5713792007338004,0.513057680019516,4.745387453874539,6.018450184501845,3.896678966789668,3.3923739237392376,21
{C5FF76B7-722A-4700-B4AF-FF94DD0D7791},ANO0355,2022,round1,Northern,V1-C-5,0.748998769604996,NA,0.5546291591481212,NA,0.74163134866009806,NA,NA,0.9927948392405238,0.5546291591481212,5.094580233793836,6.425079702444209,2.9553666312433586,2.5419766206163654,11
{5EB62008-1C31-45F5-A47A-0B61D7EFE042},ANO0355,2022,round1,Northern,V1-C-2,NA,0.47896945055462936,NA,0.5102098083961759,NA,0.5403989401303082,NA,0.7243614523333572,0.47896945055462936,5.943319838056681,8.834008097165993,4.832658569500675,2.931174089068826,4
{2BA8899E-7C03-4484-886D-CE33092C274B},ANO0355,2022,round1,Northern,V1-C-6,NA,0.31059138804077635,0.6721853445028985,NA,0.6190347324991804,NA,0.7968830496304558,NA,0.31059138804077635,6.314787701317717,6.998535871156662,2.616398243045388,2.1522693997071745,14
{B342C7A2-A266-49DE-81C7-74850680BD22},ANO0355,2022,round1,Northern,V1-C-5,0.5502060692070976,NA,0.5268997905042054,NA,0.27300905002018716,NA,0.880121407956403,NA,0.27300905002018716,4.625,6.153846153846154,1.7115384615384615,2.3076923076923075,9
{06172F3C-0598-40A3-A330-0BADDBD54CB3},ANO0355,2022,round1,Northern,V1-C-6,0.8829066288810965,NA,0.563696768184868,NA,0.6322338394562966,NA,NA,0.787093131321026,0.563696768184868,5.2217630853994494,6.513774104683196,2.6528925619834713,2.840220385674931,20
{14491EAB-37AE-4468-9330-03CC1224A425},ANO0355,2022,round1,Northern,V1-C-2,NA,0.41729466498244994,NA,0.9207735789497616,NA,0.9389837735798207,NA,0.9122428135843672,0.41729466498244994,6.079383886255924,7.723933649289099,3.7938388625592414,2.6587677725118484,16
{7993583D-2CA4-4515-B9B1-E44BCF612E0B},ANO0355,2022,round1,Northern,V1-C-7,0.8793846092713241,NA,0.8169440709601571,NA,NA,0.7331444639981965,NA,0.5483227827090882,0.5483227827090882,5.218417945690673,7.258559622195985,4.212514757969304,3.6186540731995276,20
{30010D70-ADEE-4C30-9D5D-46E02C655882},ANO0355,2022,round1,Northern,V1-C-7,0.9241992172015905,NA,0.8866230579014649,NA,NA,0.9468801025512092,NA,0.5564634804373503,0.5564634804373503,5.260981912144702,7.383720930232558,3.7777777777777772,3.5387596899224802,14
{48E23714-2678-410E-9099-A64F445C351A},ANO0355,2022,round1,Northern,V1-C-6,NA,0.3508925301077901,NA,0.9005616666514422,0.6514922687485543,NA,0.8832834549875844,NA,0.3508925301077901,6.2258771929824555,7.758771929824562,2.706140350877193,2.31359649122807,12
{96B74D61-1EEA-4A9F-A907-DC07F817E98F},ANO0355,2022,round1,Northern,V1-C-1,NA,0.6112325025234254,NA,0.6961471972238762,NA,0.5497624780788807,NA,0.7535259778516792,0.5497624780788807,5.666666666666667,8.11111111111111,4.777777777777778,2.888888888888889,3
{EDBC8C08-0A30-4054-9CFD-9F4B9AAA1B96},ANO0355,2022,round1,Northern,V1-C-7,NA,0.9038867391145671,0.4808526741420901,NA,0.8308347081889439,NA,NA,0.9871622219051787,0.4808526741420901,5.415472779369628,5.703438395415473,3.202005730659026,2.550143266475645,24
{6256A65D-E8A9-46BC-8F93-5D88AE6BA973},ANO0893,2022,round1,Northern,V1-C-5,0.5839187333002109,NA,0.5480140601728142,NA,0.21010082139260694,NA,0.7403988159314686,NA,0.21010082139260694,4.847113884555382,6.360374414976599,1.5475819032761313,2.046801872074883,10
{5C4F6534-3569-43CF-9BFE-0A6F6F35CFBB},ANO0893,2022,round1,Northern,V1-C-5,NA,0.6658164071579056,0.44992509107295625,NA,0.7894416061142588,NA,NA,0.8421676627501689,0.44992509107295625,5.619815668202765,5.400921658986175,3.087557603686636,2.76036866359447,12
{E0F540D2-A07A-48CB-A644-6A9DB61A1FE4},ANO0893,2022,round1,Northern,V1-C-5,0.70259303670238,NA,0.5293722397699138,NA,0.687904989891676,NA,0.9912283488338596,NA,0.5293722397699138,5.05050505050505,6.178030303030303,2.8068181818181817,2.515151515151515,12
{C0924F12-DD66-41B2-8597-EA6FF6C32D3D},ANO0893,2022,round1,Northern,V1-C-5,0.8701235558886846,NA,0.4944837111735497,NA,0.5669622326043823,NA,NA,0.9156373032061806,0.4944837111735497,5.209621993127147,5.8367697594501715,2.4776632302405495,2.6538461538461537,13
{B801E724-F521-4B1A-910D-1E0C3BC6E704},ANO0893,2022,round1,Northern,V1-C-5,0.5729932937482416,NA,0.5424547699732746,NA,0.48383986270797263,NA,0.848987553499124,NA,0.48383986270797263,4.7751322751322745,6.305996472663139,2.261022927689594,2.249559082892416,13
{F48FBDFC-CE04-495F-8876-C976FC547399},ANO0893,2022,round1,Northern,V1-C-5,0.596074747984965,NA,0.556413048627318,NA,0.3322359279110738,NA,0.9205291498537191,NA,0.3322359279110738,4.9272030651340994,6.442528735632184,1.8659003831417624,2.3831417624521074,8
{6B22BAC7-F308-4D1D-B5CE-9CA6B71A8667},ANO0276,2022,round1,Northern,V1-C-5,0.8380197049971292,NA,0.5053040794281214,NA,0.6175068951497025,NA,0.9650718678324073,NA,0.5053040794281214,5.179130434782609,5.942608695652174,2.612173913043478,2.4663120567375887,17
{9A786FD0-5456-4DB2-A1FE-B0EE24A6978E},ANO0276,2022,round1,Northern,V1-C-5,0.9120451141840432,NA,0.578025770511875,NA,0.814666952594058,NA,0.9824182639552941,NA,0.578025770511875,5.249438202247191,6.653932584269663,3.157303370786517,2.498701298701299,16
{DD9D96F8-63F0-4861-9ED4-31DD9DA618E4},ANO0276,2022,round1,Northern,V1-C-1,0.7604713768529108,NA,0.5688207934845891,NA,0.5829261816888466,NA,NA,0.8958243762296212,0.5688207934845891,5.105476673427992,6.563894523326573,2.5192697768762677,2.682572614107884,15
{B4EE8FB7-0312-45FF-9983-BCF247F77450},ANO0559,2022,round1,Northern,V3-C-2,0.9632892533746795,NA,NA,0.811524592278569,0.25844629419521326,NA,NA,0.7291301809690611,0.25844629419521326,5.51138353765324,6.754816112084063,1.2819614711033276,1.5446584938704029,8
{DD8ABD2B-E6AF-4258-B8C5-5ADEADD88058},ANO0559,2022,round1,Northern,V3-C-2,0.6177849732450033,NA,NA,0.9903304347855407,0.3276321756647014,NA,NA,0.6694619147449344,0.3276321756647014,4.982180293501048,6.420335429769391,1.3574423480083857,1.570230607966457,9
{CEB134AD-D28F-4053-B690-6A3DE5ACCFE9},ANO0559,2022,round1,Northern,V3-C-2,0.6323799285602744,NA,0.9337846396964178,NA,0.5622237939334481,NA,NA,0.574002574002574,0.5622237939334481,5.00453514739229,6.298185941043084,1.6133786848072562,1.9206349206349207,9
{06DAFB1E-085C-454C-8A81-E7C0EBCED709},ANO0559,2022,round1,Northern,V1-C-5,0.6510078946813344,NA,0.5622885824037417,NA,0.17445650571225477,NA,0.302635062874213,NA,0.17445650571225477,5.001510574018127,6.5,1.4546827794561932,1.3957703927492446,8
{F8A2F032-84BF-4E4E-BA3A-7A707F737B21},ANO0743,2022,round1,Northern,V1-C-6,0.5724729741034931,NA,0.5406473478671074,NA,0.9318281413310038,NA,NA,0.49756228346262954,0.49756228346262954,4.771704180064309,6.288317256162916,3.481243301178993,4.116827438370847,13
{062E39CA-ABC0-4257-8B4C-6CFCE7702121},ANO0207,2022,round1,Northern,V1-C-5,0.5840202809502847,NA,0.5105624983838079,NA,0.5002423146308689,NA,NA,0.8330006137651993,0.5002423146308689,4.84778292521509,5.99404367968233,2.3037723362011917,2.7736598279285243,13
{6B320A10-E644-451E-8382-89467DD74C4C},ANO0950,2022,round1,Northern,V1-C-7,0.9394957170649949,NA,0.7809346902379389,NA,0.772536423761321,NA,NA,0.7754215334839754,0.772536423761321,5.275510204081633,7.1938775510204085,3.0408163265306123,2.857142857142857,8
{D9C3DF55-A931-4B89-BE6E-B27959D4824C},ANO1267,2022,round1,Northern,V1-C-6,NA,0.18756314591675544,0.5534752817391062,NA,NA,0.5118478244182683,NA,0.7034188409239241,0.18756314591675544,6.586206896551724,6.413793103448276,5,2.9615384615384617,4
{9A401DF3-3ECD-4519-960B-4847BE7E648A},ANO1537,2022,round1,Northern,V2-C-1,NA,0.5649245917530605,0.8525937664982172,NA,0.31893868937431963,NA,0.3509338711446782,NA,0.31893868937431963,4.783018867924528,7,2.4245283018867925,2.7264150943396226,7
{22EDD5F6-EEA8-429F-BEB7-3626848BFED8},ANO1537,2022,round1,Northern,V2-C-1,0.7443026964367202,NA,0.61437855421192,NA,0.07295316103405448,NA,0.1941372983983269,NA,0.07295316103405448,4.269662921348314,6.52808988764045,1.3258426966292134,1.9550561797752808,5
{82427227-8619-404C-9230-6CDB950F1636},ANO1537,2022,round1,Northern,V1-C-5,0.5312334461309908,NA,0.5055950228555958,NA,0.33834340253116074,NA,0.7883645522879418,NA,0.33834340253116074,4.5,5.945454545454545,1.8818181818181818,2.1363636363636362,7
{65213961-B0DC-4D23-B2EE-41D7651182AB},ANO1537,2022,round1,Northern,V2-C-1,NA,0.5301366210503409,NA,0.9336222074439654,0.39116542309500174,NA,0.3247697793760247,NA,0.3247697793760247,4.919540229885057,7.35632183908046,2.7471264367816093,2.5977011494252875,6
{C134AE1C-388C-42CC-AA17-12906129956E},ANO1537,2022,round1,Northern,V2-C-1,NA,0.4914328819444558,0.8365687068659569,NA,0.5206348057703994,NA,0.41783929648737944,NA,0.41783929648737944,5.071428571428571,6.968253968253968,3.3253968253968256,3.0555555555555554,6
{5219D5E9-DB74-416F-9FE5-73FE13D62959},ANO1537,2022,round1,Northern,V1-C-2,0.6494174465156278,NA,NA,0.48345967777693927,NA,0.5971557951546462,NA,0.6768915331386421,0.48345967777693927,5,9,4.5,3,2
{004D6DC4-E78C-46C8-9AF3-868D4E0E1513},ANO1267,2022,round1,Northern,V1-C-7,NA,0.16997910098705965,0.5239507245125774,NA,NA,0.5118478244182683,NA,0.8649942610706423,0.16997910098705965,6.625,6.125,5,2.727272727272727,3
{F907B21E-6898-4944-A195-647C69C9125F},ANO1501,2022,round1,Northern,V1-C-7,NA,0.3907565539932405,0.5581757087602451,NA,NA,0.6002808080512835,NA,0.6507000140595027,0.3907565539932405,6.137931034482759,6.459770114942529,4.482758620689655,3.037974683544304,12
{4312DBA5-8AA8-43A2-9675-39B70DC3DA2D},ANO1491,2024,round1,Central,V1-C-5,0.884200197758467,NA,0.45835510985668887,NA,0.3698713610215848,NA,0.7004981167535382,NA,0.3698713610215848,5.2229916897506925,5.483379501385041,1.9639889196675901,1.9722991689750693,13
{D3938DC6-AEFA-40BB-B319-713696BF1F95},ANO1491,2024,round1,Central,V3-C-1,0.7173062384752186,NA,0.8664131023520981,NA,0.519995055252182,NA,NA,0.5925155925155925,0.519995055252182,5.134615384615385,6.1923076923076925,1.5673076923076923,1.6923076923076923,7
{3529AC2D-5DB5-4BE0-BBD3-762A2FC5E369},ANO1491,2024,round1,Central,V3-C-1,0.6294190381039706,NA,0.4056946243259402,NA,NA,0.7298247629474746,NA,0.5603425207385603,0.4056946243259402,5,4.227722772277228,1.9900990099009903,2.089108910891089,3
{E559CA7E-AFFC-4749-A7D3-011507A33551},ANO1491,2024,round1,Central,V3-C-1,0.6624760682616915,NA,0.6636016043465502,NA,0.4873071017681895,NA,NA,0.9367088607594964,0.4873071017681895,5.050632911392405,5.873577749683945,1.5316455696202531,1.4556962025316456,6
{DA5C2591-18A8-4652-9F29-EF5B982F0DC3},ANO1491,2024,round1,Central,V1-C-5,0.5943975426852305,NA,0.3663290259982677,NA,0.5743498286957837,NA,0.8408039682039543,NA,0.3663290259982677,4.916152897657214,4.583230579531443,2.4969173859432803,2.2342786683107274,10
{E6B2E956-B4E1-47E4-AC6E-88D879167A62},ANO1491,2024,round1,Central,V3-C-1,0.6628998763406363,NA,0.5414367142962524,NA,0.5875650341832566,NA,NA,0.5966735966735967,0.5414367142962524,5.051282051282051,5.3076923076923075,1.641025641025641,1.641025641025641,6
{F78C3E54-B221-4673-AB6A-3C2DAE79F130},ANO1491,2024,round1,Central,V1-C-1,0.7690625244358208,NA,0.49839215258513464,NA,0.47525039788526446,NA,0.6970758438422788,NA,0.47525039788526446,5.113636363636363,5.875,2.2386363636363638,1.9659090909090908,8
{0C5CFEE1-B2F5-428E-9D92-53FC28A025EC},ANO1312,2024,round1,Central,V1-C-2,0.884577721493794,NA,0.5711973232109383,NA,0.5401501596045813,NA,0.5964710721773039,NA,0.5401501596045813,5.223350253807106,6.587140439932318,2.4077834179357023,1.7800338409475465,13
{9E4BA3F4-9AC4-4819-9B85-D34B3923CB3C},ANO1312,2024,round1,Central,V1-C-1,0.7248341754068961,NA,NA,0.7467576238123002,0.6206218643334355,NA,0.38878053975162913,NA,0.38878053975162913,5.071629213483146,8.02387640449438,2.6207865168539324,1.5084269662921348,9
{DF4F1882-4B38-453E-AFD0-2DECD93C2F3B},ANO0083,2024,round2,Southern,V1-C-6,0.5498480951867937,NA,0.5709688521149486,NA,0.6895334609250524,NA,NA,0.6899049294106675,0.5498480951867937,4.622641509433962,6.584905660377358,2.811320754716981,2.981132075471698,11
{0C586DAD-4677-40D3-81E8-8E481EAD4AB3},ANO1133,2024,round1,Western,V3-C-1,0.7544379127962013,NA,NA,0.6804548056931059,NA,0.9131679083588135,NA,0.5796434732604945,0.5796434732604945,5.191489361702128,7,1.851063829787234,1.851063829787234,9
{8869710C-6FD9-4156-BF15-F07240BD016E},ANO1928,2024,round1,Central,V3-C-2,0.5440599595031587,NA,0.5359912301007441,NA,NA,0.7016112479204009,NA,0.5591798695246971,0.5359912301007441,4.586206896551724,5.264367816091954,2.0114942528735633,2.103448275862069,8
{64F9BF8C-8531-4ED8-BFD9-8B756A1FB440},ANO1928,2024,round1,Central,V1-C-5,0.5112857249525877,NA,0.4766429713341022,NA,0.598914483824101,NA,NA,0.5501636575159055,0.4766429713341022,4.368575624082232,5.662261380323055,2.560939794419971,3.6005873715124816,14
{3E8113A4-194E-491B-A2BA-35CC40275578},ANO1910,2024,round1,Western,V1-C-5,0.617644893045042,NA,0.9047230156950175,NA,0.5429929414019078,NA,NA,0.7931589841184629,0.5429929414019078,4.969823100936525,7.416233090530698,2.4151925078043703,2.831425598335068,5
{57BE558E-00D6-4FEC-9167-A5278B4F4721},ANO1780,2024,round1,Central,V1-C-6,0.49059263604446696,NA,0.49161843270272493,NA,0.44868478934051736,NA,NA,0.8106877357933707,0.44868478934051736,4.23224043715847,5.808743169398907,2.169398907103825,2.8060109289617485,15
{CF2803CD-6F11-4CA5-8294-1635DD4F45D6},ANO1780,2024,round1,Central,V3-C-2,NA,0.9911343545390183,0.8575744657738319,NA,0.913089133859218,NA,NA,0.5794672370211938,0.5794672370211938,5.57410071942446,6.17841726618705,1.7568345323741006,1.8532374100719426,11
{8EDF8421-E288-46FA-BA21-E0CD5ACE3C49},ANO1780,2024,round1,Central,V3-C-1,NA,0.8212642315389485,0.7339453431750866,NA,NA,0.8214257851402392,NA,0.5894465894465895,0.5894465894465895,5.698412698412699,5.984126984126984,1.9206349206349207,1.7301587301587302,8
{AC6F35C4-27BD-4F7F-A805-E137AB472EAA},ANO1780,2024,round1,Central,V1-C-2,NA,0.03759906381280598,0.6986554436863381,NA,0.6461047078541382,NA,0.7671620135521748,NA,0.03759906381280598,6.917050691244239,7.046082949308756,2.6912442396313363,2.096774193548387,9
{50611D06-5F3B-4563-81D9-8BFA89B93C83},ANO0020,2024,round2,Western,V2-C-1,NA,0.9251482366430219,0.554482227025289,NA,0.4572351479604097,NA,0.40215011534335204,NA,0.40215011534335204,4.4541709577754895,6.082389289392379,3.042224510813594,2.9783728115345007,13
{2CA94BF4-6F15-4570-A765-7FF2DF2C193E},ANO0020,2024,round2,Western,V1-C-5,NA,0.5428139192014745,0.5704925684545258,NA,0.42158354470918463,NA,0.8674062982013883,NA,0.42158354470918463,5.802469135802469,6.580246913580247,2.0987654320987654,2.2839506172839505,9
{710531E7-6DC8-407E-B4E0-C9CEDA207072},ANO0020,2024,round2,Western,V1-C-5,NA,0.5650446827332395,0.5279770748847088,NA,0.3311283405650252,NA,0.5237488539755544,NA,0.3311283405650252,5.7534246575342465,6.164383561643835,1.8630136986301369,1.6849315068493151,7
{CFA9B5FD-4493-4B65-B70C-F9CC1A1EB779},ANO0020,2024,round2,Western,V1-C-1,0.5763834858564095,NA,0.5849354182888176,NA,0.5002519575463984,NA,0.7085543396721554,NA,0.5002519575463984,4.7974683544303796,6.7215189873417724,2.3037974683544302,1.9873417721518987,7
{4D23A210-1699-4401-872C-EFC95A10F322},ANO0020,2024,round2,Western,V1-C-1,0.7068470839173208,NA,NA,0.9715785381500422,0.21626073151476255,NA,0.6958586610630033,NA,0.21626073151476255,5.054545454545455,7.636363636363637,1.5636363636363637,1.9636363636363636,8
{D4243ACD-C8D3-45E8-AF73-81D0FD4BD5C4},ANO1890,2024,round1,Central,V3-C-2,0.6514014066431957,NA,0.4720100649041685,NA,NA,0.8470086749482233,NA,0.5874965874965875,0.4720100649041685,5.033670033670034,4.7553310886644224,1.9012345679012348,1.7542087542087546,7
{69F1F02D-F123-4E45-9EC0-1619C0743F9A},ANO0108,2024,round2,Eastern,V1-C-6,0.9185149617187629,NA,0.9548107406429411,NA,0.8959827174328281,NA,NA,0.5628147807748024,0.5628147807748024,5.255583126550869,7.50620347394541,3.3821339950372216,3.4764267990074442,14
{9F732776-C503-4188-BD61-348D7EC10696},ANO0020,2024,round2,Western,V3-C-1,0.8430876603052375,NA,NA,0.8359682563742474,0.3833060622999136,NA,0.6726367566391943,NA,0.3833060622999136,5.327272727272727,6.709090909090909,1.4181818181818182,1.290909090909091,6
{05F90CBE-E924-483A-BA32-F767C17D1100},ANO0020,2024,round2,Western,V1-C-5,0.6909783683194847,NA,0.4627446706863328,NA,0.3332030795409966,NA,0.6237245658280444,NA,0.3332030795409966,5.0394736842105265,5.526315789473684,1.868421052631579,1.8289473684210527,10
{47AFA474-FD4E-4C06-B7C0-52E85E89FF15},ANO0108,2024,round2,Eastern,V1-C-6,0.5455130525053968,NA,NA,0.4889109496898573,NA,0.4703661473160124,NA,0.4556114308503757,0.4556114308503757,4.5940803382663855,8.9661733615222,5.243128964059197,4.528541226215645,8
{0206B754-79A2-4A5B-BF94-B52D85BBA254},ANO1981,2024,round1,Central,V3-C-2,0.5548345047289034,NA,0.592488190737375,NA,NA,0.9329458338561165,NA,0.5640633181616788,0.5548345047289034,4.657228017883756,5.713859910581222,1.836065573770492,2.043219076005961,10
{476E186A-34E6-4DB2-8A32-CB9CDC6DE63F},ANO0006,2024,round2,Central,V1-C-5,NA,0.7455058940808391,0.4682056127155394,NA,0.43686726302823536,NA,0.699370532688454,NA,0.43686726302823536,5.551415797317437,5.57973174366617,2.138599105812221,1.9701937406855439,8
{C3C6C145-11D3-4CE3-BEC7-12D81C366C03},ANO0006,2024,round2,Central,V3-C-2,0.6190559215069075,NA,0.7734278691041451,NA,NA,0.7757571554003666,NA,0.5766935766935767,0.5766935766935767,4.984126984126984,6.046176046176046,1.9552669552669553,1.8874458874458877,16
{5B7DF245-72F8-4422-9423-11E0561B6DC7},ANO1424,2024,round1,Central,V1-C-5,0.5668240025423243,NA,0.5193876224034562,NA,0.45745961190042306,NA,0.9338073694331107,NA,0.45745961190042306,4.734486266531027,6.080366225839268,2.192268565615463,2.4079348931841302,15
{BE38D133-8878-4C65-8222-F3CE7FAD7C91},ANO1424,2024,round1,Central,V2-C-2,0.9385625686315039,NA,0.5202999548692542,NA,0.46258604677288584,NA,0.5308262773499727,NA,0.46258604677288584,4.376398779247203,5.769074262461852,3.0661241098677516,3.6113936927772126,22
{FD2C4973-75DF-497B-A03B-9AF6442B9410},ANO1424,2024,round1,Central,V1-C-5,0.5434338250028198,NA,0.4842432428759827,NA,0.3286268448042296,NA,0.7737052937473484,NA,0.3286268448042296,4.5803814713896465,5.7366030881017265,1.8564940962761127,2.108991825613079,13
{465FE21B-88AE-4F04-8753-0D6587E2A23F},ANO1424,2024,round1,Central,V1-C-3,NA,0.4313634182809861,0.7962423594437091,NA,0.6712664871717695,NA,0.8270790172776208,NA,0.4313634182809861,6.048346055979644,7.221374045801528,2.760814249363868,2.208651399491094,11
{CB4F3C7F-38D0-4372-AF85-3A494353F9BD},ANO1424,2024,round1,Central,V1-C-6,0.5284296102084134,NA,0.5717314045444224,NA,0.7199140148270973,NA,NA,0.8595117923993895,0.5284296102084134,4.481527093596059,6.592364532019704,2.895320197044335,2.735221674876847,12
{800C4500-A2B5-461E-B63E-99089213A5AA},ANO0181,2024,round2,Central,V1-C-5,0.5650529457643573,NA,0.49238412687171595,NA,0.5740636470852031,NA,NA,0.9546767255364347,0.49238412687171595,4.722817764165391,5.816232771822359,2.4961715160796327,2.5972434915773355,11
{1832AFE5-FDAA-4450-9FF3-26D1546E9518},ANO1741,2024,round1,Central,V1-C-4,0.995252854226552,NA,NA,0.5749758892879996,0.9135322836098648,NA,NA,0.9437136508621359,0.5749758892879996,5.328467153284672,8.432116788321169,3.4306569343065694,2.613138686131387,12
{F68EA8E8-364D-4175-A447-ACAB740921AC},ANO1741,2024,round1,Central,V1-C-8,NA,0.8876050354529499,0.5582117549797323,NA,0.9872052158923541,NA,NA,0.9832412520037641,0.5582117549797323,5.429447852760736,6.460122699386503,3.634355828220859,2.555828220858896,17
{A09F7E95-5992-4A04-B923-F651966EE6E9},ANO1424,2024,round1,Central,V1-C-2,NA,0.4686429450942662,0.8003840368804263,NA,0.4237914189197164,NA,0.703230525127316,NA,0.4237914189197164,5.966101694915254,7.228813559322035,2.1045197740112993,1.9774011299435028,14
{1BD8D1C4-D3EB-460D-A278-D68A0197EC62},ANO1424,2024,round1,Central,V1-C-5,0.7693995528243289,NA,0.40239206199723015,NA,0.32964777566198467,NA,0.7221909533019777,NA,0.32964777566198467,5.113956466069142,4.935979513444303,1.8591549295774648,2.0128040973111396,8
{8D60D2AE-CA67-48AD-9C07-974BEDA0B280},ANO1424,2024,round1,Central,V1-C-2,NA,0.7371841973999744,0.8786333505577123,NA,0.8490076521437894,NA,0.8359553023965517,NA,0.7371841973999744,5.558558558558559,7.36936936936937,3.2522522522522523,2.225225225225225,9
{04A1047C-6603-4378-B938-04B47EC66A86},ANO1424,2024,round1,Central,V1-C-5,0.9234538441629745,NA,0.44955077198406246,NA,0.4677844811156706,NA,0.7153335855314115,NA,0.44955077198406246,5.260273972602739,5.397260273972603,2.219178082191781,2,12
{58A0C024-46FF-4182-B441-C7477EA83292},ANO1424,2024,round1,Central,V1-C-7,0.5404679086901577,NA,0.5055168872374748,NA,0.8401913933841199,NA,NA,0.6478992985237544,0.5055168872374748,4.560840707964601,5.944690265486725,3.22787610619469,3.0420353982300883,24
{04D34616-2DAB-40F1-AB1C-3D060D06868C},ANO0003,2024,round2,Southern,V1-C-2,NA,0.4822102155661267,0.9016994343582463,NA,0.24490748592955255,NA,0.6978029661244974,NA,0.24490748592955255,5.9361702127659575,7.410801963993453,1.6382978723404253,1.967266775777414,9
{65A04E1C-EBBE-4E16-8CDD-83E1BAF03351},ANO0003,2024,round2,Southern,V1-C-6,0.5802050734979677,NA,0.5735162224591804,NA,0.510886593658956,NA,0.9783646254185059,NA,0.510886593658956,4.822646657571624,6.609822646657572,2.3315143246930425,2.491132332878581,13
{99350A34-99F2-4B31-9DCD-24A459B46395},ANO0003,2024,round2,Southern,V1-C-5,0.5883192146785688,NA,0.43905167553741187,NA,0.36380062701292587,NA,0.7085629101473252,NA,0.36380062701292587,4.876106194690266,5.29456384323641,1.9481668773704173,1.9873577749683944,11
{4732BBE6-9698-4610-928C-FD44EE8B6F9C},ANO0003,2024,round2,Southern,V1-C-6,0.5699909758399796,NA,0.7410999526108137,NA,0.5123667655005966,NA,NA,0.9946784047927039,0.5123667655005966,4.755351681957187,7.1223241590214075,2.3353720693170237,2.5392456676860347,8
{9C2BDD7E-ABD8-4992-86EA-568F3456078B},ANO0003,2024,round2,Southern,V1-C-6,NA,0.6257502991291342,NA,0.7841055852786427,NA,0.6967187872909515,NA,0.8222821151643103,0.6257502991291342,5.654205607476635,7.959501557632399,4.286604361370717,2.78920041536864,15
{2CC93904-FCB2-4DA6-996D-8B281E9D7722},ANO0003,2024,round2,Southern,V3-C-1,0.6294190381039706,NA,0.8318592002487499,NA,0.2743966134160278,NA,0.8442064122450659,NA,0.2743966134160278,5,6.138004246284502,1.2993630573248407,1.3630573248407643,6
{CBA11B08-1011-4926-ACAB-A3C82D2BFD03},ANO0003,2024,round2,Southern,V1-C-3,NA,0.5353364789707393,NA,0.9431614197951323,0.7078878536559144,NA,0.7430349867149231,NA,0.5353364789707393,5.81896551724138,7.685344827586207,2.8620689655172415,2.0517241379310347,10
{3BDCE98D-8E06-4045-BA06-D9812E175BC2},ANO0003,2024,round2,Southern,V1-C-5,0.5565302768991333,NA,0.39757778553799916,NA,0.3022999472787003,NA,0.7477917929787583,NA,0.3022999472787003,4.666666666666667,4.888888888888889,1.7878787878787878,2.0606060606060606,5
{1F8B28B3-7204-48B7-89FB-FBFB54AD3449},ANO1741,2024,round1,Central,V1-C-1,NA,0.5206567057261285,0.7030930651219749,NA,0.860411839680827,NA,0.9469272819124808,NA,0.5206567057261285,5.851351351351352,7.054054054054054,3.2837837837837838,2.4324324324324325,10
{2690593B-774C-4AA4-B4C9-1825BF36BECD},ANO0424,2024,round1,Central,V1-C-6,0.502363616666783,NA,0.484024480795414,NA,0.8779921449235565,NA,NA,0.566457345256647,0.484024480795414,4.309792843691149,5.734463276836158,3.3323917137476458,3.4406779661016946,20
{DB6CBD0D-5E4C-4666-B15B-F101D4A21B02},ANO0424,2024,round1,Central,V1-C-1,0.5989690390430563,NA,0.48101680763446075,NA,0.27935207678689605,NA,0.6325331254149066,NA,0.27935207678689605,4.946271929824562,5.705043859649122,1.7280701754385963,1.8453947368421053,12
{F4B87DBF-1D9C-40A6-AEDF-D8DB5A1368E9},ANO0787,2024,round1,Central,V1-C-1,NA,0.13022339965122787,0.6955560552342843,NA,0.43456420385474026,NA,0.6107858786706202,NA,0.13022339965122787,6.712707182320442,7.040515653775323,2.132596685082873,1.8047882136279927,8
{CE5894A3-F7BB-4156-BDEA-F2D777B2E343},ANO0006,2024,round2,Central,V1-C-5,0.7016262077898943,NA,0.5373636940778057,NA,0.32978176066767306,NA,0.6400895591761983,NA,0.32978176066767306,5.049586776859504,6.256198347107438,1.859504132231405,1.859504132231405,14
{BEAD5F35-06B1-4DC1-A2B2-EDA722E29EC5},ANO0006,2024,round2,Central,V1-C-5,0.867939022792509,NA,0.42340426702442985,NA,0.44884302767214873,NA,0.6900713014332405,NA,0.42340426702442985,5.2075471698113205,5.1415094339622645,2.169811320754717,1.9528301886792452,14
{692E6DC9-57BA-46D7-8B07-DEB01C70F40C},ANO0787,2024,round1,Central,V1-C-6,0.5277084779092003,NA,0.5203892841620321,NA,0.5729117695668055,NA,NA,0.9868841435147387,0.5203892841620321,4.476775956284152,6.090163934426229,2.4931693989071038,2.5505464480874314,14
{1F1AE2FC-AB80-411B-BDE7-DC971DFB8C86},ANO0787,2024,round1,Central,V3-C-2,0.5748518693303976,NA,0.5814237732224528,NA,NA,0.8758117886481216,NA,0.5318395318395318,0.5318395318395318,4.789173789173789,5.6258309591642925,1.8793922127255462,2.4406457739791074,12
{1DB58DDB-3621-404C-957B-6528C58435A5},ANO1289,2024,round1,Eastern,V1-C-5,0.4770259516278285,NA,0.40893715083908483,NA,0.328875766819685,NA,0.6847301327953416,NA,0.328875766819685,4.142857142857143,5,1.8571428571428572,1.9428571428571428,4
{F445BBBB-DC0C-4741-8B17-6BD643D84A94},ANO1289,2024,round1,Eastern,V2-C-1,0.718364582873062,NA,0.4028624173148304,NA,0.23649064711382703,NA,0.17863399898969046,NA,0.17863399898969046,4.255411255411255,4.692640692640692,2.056277056277056,1.8787878787878787,5
{952C4F3A-631C-4531-A35B-F3677C01606B},ANO1974,2024,round1,Central,V2-C-1,NA,0.579153689133404,0.5192375336473444,NA,0.21367165636959445,NA,0.1963146498411883,NA,0.1963146498411883,4.727178423236514,5.759336099585062,1.954356846473029,1.9657676348547717,12
{0F4ECDD2-4C8E-44B5-AF5F-5FE2564A0811},ANO1974,2024,round1,Central,V3-C-1,0.621999988721982,NA,0.5898891475358319,NA,0.5624599827226991,NA,NA,0.5869164619164619,0.5624599827226991,4.988636363636363,5.693181818181818,1.6136363636363635,1.7613636363636365,6
{3AF4BEB8-4490-4594-848C-A29778B6ED42},ANO0787,2024,round1,Central,V4-C-1,NA,NA,NA,NA,NA,NA,NA,NA,NA,NA,NA,NA,NA,NA
{145DEFFB-728D-416C-B126-5C4972632006},ANO0424,2024,round1,Central,V1-C-1,0.7425923744534781,NA,NA,0.8515584256341345,0.12320714568171094,NA,0.7356456116836702,NA,0.12320714568171094,5.0884955752212395,7.8432364096080915,1.3211125158027814,2.0379266750948166,8
{3B7E85F7-3139-4973-AEC0-16D4332F6520},ANO0424,2024,round1,Central,V1-C-1,0.8820973770565557,NA,0.9405920053697574,NA,0.5596339015495191,NA,0.6857446118915648,NA,0.5596339015495191,5.220994475138121,7.480662983425414,2.458563535911602,1.9447513812154695,10
{155E2539-7184-4C9B-BB5A-F3B1BDE040CA},ANO0424,2024,round1,Central,V1-C-1,NA,0.5036417807023984,0.820505724904267,NA,0.7562285293607833,NA,0.7176223052873141,NA,0.5036417807023984,5.88888888888889,7.264957264957266,2.9957264957264957,2.0042735042735043,12
{890D3AB7-0E06-47A8-BA63-4710C9B53671},ANO0424,2024,round1,Central,V1-C-1,NA,0.6498263966056814,NA,0.7245748273630768,0.6252346235776393,NA,0.7452717458166972,NA,0.6252346235776393,5.633540372670807,8.062111801242237,2.633540372670807,2.0559006211180124,8
{0DCCB3A4-50E0-4F28-A223-6FCAB71C7EDA},ANO1974,2024,round1,Central,V2-C-1,NA,0.5123777557823755,0.46179745915711595,NA,0.2154533996566603,NA,0.1871316946765347,NA,0.1871316946765347,4.989232839838492,5.232839838492598,1.9623149394347243,1.9205921938088828,12
{A24EEE9F-FB06-4EC7-B5AA-E8DC948C3AE6},ANO0278,2024,round1,Southern,V1-C-5,0.790848643101886,NA,0.697927913866083,NA,0.3206947775953147,NA,0.7792810987112588,NA,0.3206947775953147,5.134328358208955,7.044776119402985,1.835820895522388,2.1194029850746268,7
{DB73FA07-1EE2-442C-9E75-DC1D9A02A353},ANO0278,2024,round1,Southern,V1-C-5,0.659531535715414,NA,0.3599314740214327,NA,0.3542022547864266,NA,0.7199637909165516,NA,0.3542022547864266,5.0096061479346785,4.520653218059558,1.9231508165225744,2.0086455331412103,9
{A8EA69B7-31EB-48F0-B880-AB3009C1F67F},ANO0278,2024,round1,Southern,V1-C-5,0.5938226036497681,NA,0.514116964245176,NA,0.5140411145248858,NA,0.890853387988283,NA,0.5140411145248858,4.912364945978392,6.028811524609844,2.339735894357743,2.327731092436975,10
{2485A3BC-BCB1-4340-821C-94CF60BF9E76},ANO0006,2024,round2,Central,V3-C-2,0.6511565972576268,NA,0.5300365276146416,NA,0.9967539352712299,NA,NA,0.5843237037266887,0.5300365276146416,5.033295063145809,5.21699196326062,1.7841561423650978,1.7933409873708381,10
{5AB27270-6300-4AF6-A72B-7EC335BF068D},ANO0787,2024,round1,Central,V1-C-6,0.5752068319251907,NA,0.5273343420547753,NA,0.6248174043073594,NA,NA,0.7213548026728374,0.5273343420547753,4.789716039907905,6.158096699923253,2.6323867996930157,2.9355333844973135,29
{0013F414-3B04-40E8-A5ED-7404AC2917C4},ANO0006,2024,round2,Central,V1-C-5,0.5565926611920263,NA,0.4429732268953589,NA,0.336850970371827,NA,0.6842961750808351,NA,0.336850970371827,4.66707768187423,5.332922318125771,1.8779284833538843,1.9420468557336623,13
{67A6F9DF-FBEE-477D-9CCD-8199BF21768E},ANO0006,2024,round2,Central,V3-C-2,0.6277471396516917,NA,0.5220749294700375,NA,NA,0.785995075917169,NA,0.5529293698307782,0.5220749294700375,4.997439180537772,5.1536491677336755,1.9475032010243278,2.1805377720870682,9
{6F142E44-3A3E-4FED-A985-FA242BD35FB4},ANO0278,2024,round1,Southern,V1-C-2,0.597293995414647,NA,NA,0.9714048537208432,0.2400684796213946,NA,0.8558373627746743,NA,0.2400684796213946,4.93523600439078,7.636663007683865,1.6256860592755213,2.2623490669593855,4
{9415EE14-4C54-47C6-85BE-141257BEA085},ANO1974,2024,round1,Central,V1-C-5,0.7357188141957671,NA,0.49860164907634313,NA,0.22434239467025868,NA,0.6941160277943137,NA,0.22434239467025868,5.081967213114754,5.877049180327869,1.5846994535519126,1.960382513661202,7
{BE76E3F1-3B46-4DED-A63A-C8F46A9637DD},ANO0854,2024,round1,Eastern,V2-C-2,NA,0.5096340997942503,NA,0.277747789901608,NA,0.3492442223911272,NA,0.8380670088672153,0.277747789901608,5,10,6,5,1
{86648795-AABE-4349-81B9-8F20087C515F},ANO1342,2024,round1,Eastern,V1-C-5,0.8352192145799283,NA,0.5171852201788426,NA,0.47396801688719303,NA,0.1349423517889958,NA,0.1349423517889958,5.176470588235294,6.0588235294117645,2.235294117647059,1.1764705882352942,7
{A6C6CBF4-0B41-4CFE-BB6D-03AFBDDF3C42},ANO1342,2024,round1,Eastern,V1-C-5,0.5854647419489734,NA,0.3967049473699685,NA,0.33735938978374924,NA,0.8382009053801223,NA,0.33735938978374924,4.857299670691548,4.880351262349068,1.8792535675082327,2.229418221734358,7
{79D2BCB1-DF3D-48A8-A4EF-6160DD52B05E},ANO1342,2024,round1,Eastern,V1-C-5,0.5411322059967856,NA,0.44560814534367665,NA,0.20435577539701436,NA,0.6862270408096058,NA,0.20435577539701436,4.565217391304348,5.358695652173913,1.5326086956521738,1.9456521739130435,7
{A2798CE4-F964-48A8-B0E1-4443FE2C9E3C},ANO1342,2024,round1,Eastern,V1-C-5,NA,0.36005029428937474,0.5967292112421398,NA,0.3836883946229658,NA,0.6013845593864703,NA,0.36005029428937474,6.205673758865248,6.836879432624114,2,1.7872340425531914,7
{DBF93660-D9E8-41D4-89D6-C1E82D32651A},ANO1342,2024,round1,Eastern,V1-C-5,0.95104226216924,NA,0.38965452717852295,NA,0.40485270108793364,NA,0.657203361695549,NA,0.38965452717852295,5.286476868327402,4.8113879003558715,2.0551601423487544,1.891459074733096,8
{92B208DE-D2E9-454B-ACBD-AF306096937E},ANO1342,2024,round1,Eastern,V1-C-5,0.6082089656664029,NA,0.43134466595355525,NA,0.33788606180104613,NA,0.7876499635721244,NA,0.33788606180104613,4.960861056751468,5.219178082191781,1.8806262230919764,2.135029354207436,10
{DD35C4D8-0419-4EF6-8864-133F39F1B59F},ANO1342,2024,round1,Eastern,V1-C-5,0.5908550874663813,NA,0.3556408351998862,NA,0.3836883946229658,NA,0.7088103160687899,NA,0.3556408351998862,4.892813641900122,4.478684531059684,2,1.9878197320341047,8
{BD0B0070-137D-495F-8B94-FEBE4E09C04F},ANO1342,2024,round1,Eastern,V1-C-5,NA,0.4944846574169008,0.5965074968851114,NA,0.3170978467958395,NA,0.6223850823867364,NA,0.3170978467958395,5.909090909090909,6.8347107438016534,1.8264462809917357,1.8264462809917357,6
{6839F61E-1938-485F-9803-B86A68CCF84B},ANO1342,2024,round1,Eastern,V1-C-5,NA,0.5021604813473918,0.5743161456637148,NA,0.3122170269971193,NA,0.547266204477594,NA,0.3122170269971193,5.892156862745098,6.61764705882353,1.8137254901960786,1.715686274509804,6
{B9895D66-314C-4911-A5D6-71D9CA38BBBC},ANO1342,2024,round1,Eastern,V1-C-5,NA,0.09443283388169965,0.7657860242061668,NA,0.42365593572952465,NA,0.681861059101335,NA,0.09443283388169965,6.791666666666667,7.166666666666667,2.1041666666666665,1.9375,4
{9571AA40-FE1D-49FA-9753-CAC629936C08},ANO0006,2024,round2,Central,V1-C-1,NA,0.018627846683513694,NA,0.7765047525334333,0.48355249733305283,NA,0.42947406025995455,NA,0.018627846683513694,6.9589041095890405,7.972602739726028,2.26027397260274,1.5616438356164384,5
{B74855C7-8AFA-4998-B518-503C6E2B4D61},ANO1966,2024,round1,Western,V2-C-1,NA,0.5417245262775543,0.9369351339642652,NA,0.21049079131272083,NA,0.28412621569462637,NA,0.21049079131272083,4.8740648379052365,7.167082294264338,1.940149625935162,2.3977556109725686,10
{89D2E79C-241E-4D08-A98C-C29930679F41},ANO1966,2024,round1,Western,V2-C-1,0.8463952884752505,NA,0.5595442542951293,NA,0.43251619374813655,NA,0.3957667046581935,NA,0.3957667046581935,4.325757575757576,6.128787878787879,2.9318181818181817,2.946969696969697,8
{2F3CD852-4E89-4D89-B7D9-327CCB1539FA},ANO0338,2024,round1,Eastern,V1-C-5,0.5449299140951269,NA,0.5042088309863292,NA,0.2626153257181026,NA,0.7597103288575515,NA,0.2626153257181026,4.590238365493757,5.93189557321226,1.6844494892167992,2.0828603859250854,8
{629BBD66-992D-4089-9274-D2C7DE89A9A7},ANO0338,2024,round1,Eastern,V2-C-1,0.973933568286659,NA,NA,0.6347857107957586,0.46177464214874586,NA,0.3472583342428897,NA,0.3472583342428897,4.395833333333333,7.645833333333333,3.0625,2.7083333333333335,6
{0A6E984B-748B-4995-9ED9-B23A9BE0D8E0},ANO0338,2024,round1,Eastern,V2-C-1,0.5979420720468902,NA,0.9029137989741244,NA,0.23375790336761218,NA,0.25531792864970015,NA,0.23375790336761218,4.179433368310598,7.099685204617,2.044071353620147,2.2560335781741867,7
{F51DF80D-1E68-4500-9603-4E5384152221},ANO0066,2024,round2,Eastern,V1-C-1,0.5181239950039185,NA,0.3698904577518346,NA,0.6139063370549109,NA,NA,0.8419409948898584,0.3698904577518346,4.413629160063391,4.618066561014262,2.6022187004754356,2.760697305863708,6
{05073DEC-490B-4977-9652-E03C265A9A6A},ANO1435,2024,round1,Eastern,V2-C-2,NA,0.9706257810327551,0.9137453940549227,NA,0.46773973103260674,NA,0.5589431429274264,NA,0.46773973103260674,4.427428571428571,7.121142857142857,3.0891428571428574,3.749714285714286,13
{FE4A3D7B-48C3-489D-86E9-1FB4005F0328},ANO0317,2024,round1,Western,V4-C-1,NA,NA,NA,NA,NA,NA,NA,NA,NA,NA,NA,NA,NA,NA
{E674AD2D-3923-4E6A-BA89-6E820ED1003D},ANO0317,2024,round1,Western,V1-C-2,0.8012240778581952,NA,0.7918136706884864,NA,0.8047584276960115,NA,NA,0.5844497448740066,0.5844497448740066,5.144182726623841,7.213418986438259,3.129907209136331,3.2640970735189154,15
{AA59B66D-0488-48A2-9100-0E49AD9F7C28},ANO1676,2024,round1,Western,V1-C-1,0.7887687725638535,NA,0.9267962944188621,NA,0.6673552363752608,NA,NA,0.9608897694281321,0.6673552363752608,5.132352941176471,7.455882352941177,2.75,2.588235294117647,8
{145396A6-B1A9-4A9D-8489-0AD694A4B34F},ANO1676,2024,round1,Western,V3-C-1,NA,0.883307633988122,0.9322503063575904,NA,NA,0.9193828518651423,NA,0.5745233069176731,0.5745233069176731,5.653008962868118,6.295774647887324,1.8463508322663251,1.9142125480153651,10
{4F8F59D9-D0F2-43B0-988D-ED8C7F1B8801},ANO0813,2024,round1,Western,V1-C-5,0.5459490540570568,NA,0.54926149865125,NA,0.5696869238723259,NA,NA,0.9338610492747401,0.5459490540570568,4.596952908587257,6.3725761772853184,2.484764542936288,2.627423822714681,15
{0A3F2B47-CFF9-4865-824F-92F1C2CD1BE3},ANO0813,2024,round1,Western,V3-C-2,0.588474955615281,NA,0.9250236549005081,NA,0.34805894823721034,NA,0.5264363049457162,NA,0.34805894823721034,4.878971255673223,6.2844175491679275,1.379727685325265,1.228441754916793,8
{9368FBA9-BD3D-4A59-958A-38CF08087E1C},ANO0813,2024,round1,Western,V1-C-5,0.4709697422521439,NA,0.47021519484861124,NA,0.35318106049392267,NA,0.9730140336455169,NA,0.35318106049392267,4.102956167176351,5.599388379204893,1.9204892966360858,2.481141692150867,11
{0305C4BD-6A7E-43B7-B7E3-36EAE5655DED},ANO0813,2024,round1,Western,V1-C-5,NA,0.6465371442691248,0.7814511220344764,NA,0.33385873298361957,NA,0.7918422173715861,NA,0.33385873298361957,5.636363636363637,7.194805194805195,1.87012987012987,2.142857142857143,11
{60A077C8-C77E-470F-9A02-C2804AF30DC8},ANO1214,2024,round1,Western,V1-C-1,NA,0.7174794904185023,0.8043007930322286,NA,0.9659082591609167,NA,NA,0.9511135822925216,0.7174794904185023,5.5754716981132075,7.235849056603773,3.5754716981132075,2.602409638554217,8
{79A7BD2D-FF5B-4D36-A1F0-70EBADF9B37F},ANO1183,2024,round1,Western,V1-C-6,0.5147484272546866,NA,0.5972002912204835,NA,NA,0.8015464591696595,NA,0.48234785196633767,0.48234785196633767,4.391389432485323,6.841487279843444,4.073385518590998,4.266144814090019,18
{CBEC1B07-56CC-4C1E-BFB7-D87BA3EFA868},ANO0397,2024,round1,Western,V1-C-7,0.9393400121425315,NA,0.5215430329541951,NA,0.757774151847488,NA,0.927982576969544,NA,0.5215430329541951,5.27536231884058,6.101449275362318,3,2.3970588235294117,9
{556A8F14-47D8-4D1C-BE80-BF69E31829C3},ANO0557,2024,round1,Central,V3-C-2,0.6937871285167156,NA,0.9412124388400133,NA,NA,0.5761079723612541,NA,0.5710424710424711,0.5710424710424711,5.098591549295775,6.309859154929577,2.323943661971831,1.957142857142857,9
{DF7CB405-6743-441A-90F7-A6449716B55C},ANO0557,2024,round1,Central,V1-C-5,0.7322733853133359,NA,0.5325601858816105,NA,0.7931781033951546,NA,0.8874398292118044,NA,0.5325601858816105,5.0786948176583495,6.209213051823417,3.0978886756238,2.3213572854291415,11
{747FF475-2AF1-441E-9792-F47C2607A50F},ANO0323,2024,round1,Western,V1-C-5,0.5739218480522311,NA,0.5452495344521131,NA,0.2398052466393536,NA,0.8548024456567298,NA,0.2398052466393536,4.78125,6.333333333333333,1.625,2.2604166666666665,13
{6F0ACA07-9524-4FEF-90EE-244606B41936},ANO0323,2024,round1,Western,V1-C-5,0.6081281647235612,NA,0.5693046609720592,NA,0.4213049038997272,NA,0.6523264769571498,NA,0.4213049038997272,4.96078431372549,6.568627450980392,2.0980392156862746,1.8823529411764706,9
{3AF4EDD3-BAE4-4076-BA3E-3DAD4C9A80FD},ANO0323,2024,round1,Western,V1-C-2,NA,0.4973240127819271,0.7113605606450211,NA,0.5951915379486995,NA,0.6768040587054241,NA,0.4973240127819271,5.902826855123675,7.0689045936395765,2.5512367491166077,1.9280575539568345,13
{6DA6D64B-9B92-497C-BE06-5218F7073AEE},ANO0323,2024,round1,Western,V3-C-2,NA,0.590109890109892,0.7364174154604479,NA,NA,0.7958103678181954,NA,0.5741285741285741,0.5741285741285741,5.8791208791208796,5.988011988011988,1.94005994005994,1.919080919080919,9
{0E4A0201-65AA-42A1-AD73-BE3D1BBE8646},ANO0323,2024,round1,Western,V1-C-5,0.970749941501289,NA,0.6121475647362054,NA,0.2541312743606656,NA,0.4593005372038871,NA,0.2541312743606656,5.305194805194804,6.890692640692641,1.6623376623376622,1.6006493506493507,17
{57F30787-9113-4F40-9939-408CA3C9F629},ANO0323,2024,round1,Western,V1-C-5,NA,0.7259725881969488,0.5901706608700429,NA,0.3836883946229658,NA,0.7214194994277889,NA,0.3836883946229658,5.568181818181818,6.7727272727272725,2,2.0113636363636362,14
{FAB222A0-DB98-476E-A72E-C20337BA7571},ANO0323,2024,round1,Western,V3-C-2,0.7386245880925176,NA,0.6360793289420646,NA,0.9207189041437109,NA,NA,0.5695189774612157,0.5695189774612157,5.167268351383875,5.830324909747293,1.7593261131167268,1.9759326113116726,13
{23A22150-23A4-4F3F-B4DF-F33E00AC6AB5},ANO0323,2024,round1,Western,V1-C-1,NA,0.1252477586220439,0.9147312964725047,NA,0.6054896626311054,NA,0.7002473764361657,NA,0.1252477586220439,6.723684210526316,7.434210526315789,2.5789473684210527,1.971830985915493,6
{BF9CD963-5BDA-438C-AACF-48B1390D73CC},ANO0323,2024,round1,Western,V1-C-5,NA,0.5786522586793519,0.6670779609672262,NA,0.15510807442205002,NA,0.2765839692696438,NA,0.15510807442205002,5.723404255319149,6.98936170212766,1.4042553191489362,1.3617021276595744,7
{EF766CA9-1C57-499C-9C78-B89595A8B3F9},ANO1741,2024,round1,Central,V6-C-2,NA,NA,NA,NA,NA,NA,NA,NA,NA,NA,NA,NA,NA,NA
{4BDFF180-A3D3-4389-827E-8785003D4969},ANO1741,2024,round1,Central,V1-C-2,0.5203919472303583,NA,NA,0.4143940095230908,NA,0.978095566962693,NA,0.6768915331386421,0.4143940095230908,4.428571428571429,9.428571428571429,3.7142857142857144,3,3
{F54B08A9-CA84-4230-A7DE-A5183C43061B},ANO1974,2024,round1,Central,V2-C-1,NA,0.5252164373778877,0.4774704698032888,NA,0.23248126740836497,NA,0.21545981222720795,NA,0.21545981222720795,4.938848920863308,5.376498800959232,2.0383693045563547,2.0599520383693046,19
{72BEFC79-2D86-48C2-826E-57853D9651DF},ANO1974,2024,round1,Central,V1-C-1,0.7278231571526905,NA,0.48833186363497094,NA,0.33062510600489603,NA,0.47181971228350994,NA,0.33062510600489603,5.074468085106383,5.776595744680851,1.8617021276595744,1.6170212765957446,11
{368F93F4-C5A1-4399-9615-00B83D07AE1D},ANO1974,2024,round1,Central,V2-C-1,NA,0.5385049970732348,0.4634008949298829,NA,0.23464410835562488,NA,0.18875365903097832,NA,0.18875365903097832,4.886699507389163,5.247536945812808,2.0480295566502464,1.9285714285714284,13
{F678ED36-76A2-4146-B08C-8559E18D3836},ANO0243,2024,round1,Western,V1-C-5,NA,0.9696182022197394,0.5087523144569581,NA,0.8091231655724564,NA,0.913689297709642,NA,0.5087523144569581,5.359053497942386,5.97633744855967,3.141975308641975,2.3703703703703702,11
{A8527AC2-AFCE-426B-B05D-8CB3E9D13715},ANO1788,2024,round1,Central,V2-C-2,0.6062289237266747,NA,0.5091274160203836,NA,0.9886109068181903,NA,NA,0.8043869480585479,0.5091274160203836,4.1937984496124034,5.666666666666666,4.1686046511627906,5.067829457364341,17
{5D220A5B-BFA3-4E6F-B3DF-F03088FECF7D},ANO1927,2024,round1,Central,V1-C-2,0.8183976553313081,NA,0.5919491473565764,NA,0.4121097571876299,NA,0.5758650979637391,NA,0.4121097571876299,5.160493827160494,6.790123456790123,2.074074074074074,1.7530864197530864,8
{49DAEE92-9C9C-44B9-B957-5AAA04DB69EA},ANO1927,2024,round1,Central,V1-C-5,0.5320969283443155,NA,0.5549861332816152,NA,0.40794176975716084,NA,0.783040339372274,NA,0.40794176975716084,4.505689001264223,6.428571428571429,2.063211125158028,2.1264222503160557,6
{65A48B1B-00FF-4424-9B8E-D15CE67BC10D},ANO1927,2024,round1,Central,V1-C-5,0.5889102202823554,NA,0.5384339152714617,NA,0.4962369903790358,NA,0.9152761434070681,NA,0.4962369903790358,4.88,6.266666666666667,2.2933333333333334,2.3733333333333335,10
{55924CAC-0F4A-4EEA-9DF4-A499775A8949},ANO1927,2024,round1,Central,V3-C-2,0.5563909888050846,NA,0.6891910926532547,NA,0.7978800909865258,NA,NA,0.5762548262548263,0.5563909888050846,4.667487684729064,5.913793103448276,1.7192118226600983,1.8928571428571426,13
{20CEF237-F1F4-4E21-8BBE-4DA2B7EB7DD0},ANO1927,2024,round1,Central,V3-C-2,0.503498075677324,NA,0.7624893331035769,NA,NA,0.7932138236523832,NA,0.5552291421856639,0.503498075677324,4.318840579710145,6.028985507246377,1.9420289855072463,2.152173913043478,6
{427D3DAD-AA25-4089-9E1B-877E3EACC401},ANO1927,2024,round1,Central,V1-C-1,NA,0.5136341409320468,NA,0.5564185283957405,NA,0.543880910633526,NA,0.7301580845903134,0.5136341409320468,5.8668442077230365,8.547270306258323,4.812250332889481,2.9227696404793613,6
{2D0729C5-2637-4D16-B43A-C1669D2F0093},ANO1694,2024,round1,Central,V1-C-5,0.6377306215482466,NA,0.5463499371452557,NA,0.24430613219686315,NA,0.5717688548556945,NA,0.24430613219686315,4.9889001009081735,6.34409687184662,1.6367305751765893,1.7477295660948537,17
{89F4223B-E069-47A9-8E25-62FF29CF2E4F},ANO1694,2024,round1,Central,V3-C-1,NA,0.5150255754475723,0.9515383740915011,NA,NA,0.6594345224035169,NA,0.5622796709753232,0.5150255754475723,6.021739130434782,6.326086956521739,2.0434782608695654,2.0652173913043477,9
{DD6BEDB1-036F-4292-B7D0-387AEF6F16FB},ANO1694,2024,round1,Central,V2-C-1,NA,0.5396530148450808,NA,0.5672349198440213,0.5633509695802009,NA,0.44383746387527784,NA,0.44383746387527784,4.8821942446043165,7.91546762589928,3.5161870503597124,3.1834532374100717,11
{E66E9244-5B95-4993-8561-22056C9C7D99},ANO1181,2024,round1,Southern,V1-C-6,0.4375041528466384,NA,0.457814101138577,NA,0.3164282776372665,NA,0.907367203297587,NA,0.3164282776372665,3.8824701195219125,5.47808764940239,1.8247011952191232,2.358565737051793,8
{AF02CD80-295F-4449-BACC-1AD3BC295425},ANO1181,2024,round1,Southern,V1-C-5,0.6851081816240244,NA,0.5648877592099223,NA,0.33816604271854617,NA,0.4536197701381496,NA,0.33816604271854617,5.033898305084746,6.52542372881356,1.88135593220339,1.5932203389830508,8
{81B5EDF9-6093-4FA9-9B20-8473E3A9BF96},ANO1694,2024,round1,Central,V1-C-8,0.5699955175428411,NA,0.5871969362586663,NA,NA,0.5918136130341686,NA,0.5293064791420601,0.5293064791420601,4.755381604696673,6.743639921722114,4.531311154598826,3.8052837573385516,18
{FC1FA137-3029-4B01-A316-C2CF70488867},ANO0153,2024,round1,Central,V1-C-1,0.9679883045179583,NA,0.584019168520569,NA,0.22696242405080133,NA,0.6286392356852831,NA,0.22696242405080133,5.302571860816944,6.712556732223904,1.5915279878971258,1.8381240544629351,12
{86104C2E-EA5E-44E5-B2EB-50B1EE314FE7},ANO0153,2024,round1,Central,V1-C-2,NA,0.5222546291196617,0.6730004447615625,NA,0.27525471788169287,NA,0.7619040570863004,NA,0.27525471788169287,5.8478260869565215,7,1.7173913043478262,2.0869565217391304,8
{89ECB2BB-902F-408A-A94F-61D8262AB957},ANO0153,2024,round1,Central,V1-C-1,NA,0.19085372742406714,0.8488047005513388,NA,0.47456196177051035,NA,0.7294272808703909,NA,0.19085372742406714,6.578947368421052,7.315789473684211,2.236842105263158,2.026315789473684,5
{25705F6B-8B2E-4308-9C7F-EC45F922A3F7},ANO0153,2024,round1,Central,V1-C-5,0.5770839518982488,NA,0.5280921597785982,NA,0.26023310098270597,NA,0.5434136836317661,NA,0.26023310098270597,4.802083333333333,6.1655092592592595,1.6782407407407407,1.7106481481481481,14
{92AEE72D-FBF4-4526-AB22-CBE7C3E856B1},ANO0153,2024,round1,Central,V3-C-2,0.5893312209263135,NA,0.6969113459858144,NA,0.9684976991134773,NA,NA,0.5778470778470779,0.5778470778470779,4.884615384615384,5.925925925925926,1.7749287749287748,1.8732193732193732,12
{DFDDFDEE-9299-4DB7-A035-400CC02B39E3},ANO0153,2024,round1,Central,V3-C-1,0.6142358672757152,NA,0.5509928024846207,NA,NA,0.8087695563557395,NA,0.5477686989314896,0.5477686989314896,4.976744186046512,5.383720930232558,1.930232558139535,2.244186046511628,10
{CE39BACC-D47D-4C93-A645-30B993EE3071},ANO0153,2024,round1,Central,V1-C-2,NA,0.38587209706832504,NA,0.718097842424246,NA,0.9986816275444044,0.863074391843473,NA,0.38587209706832504,6.148706896551724,8.073275862068966,3.6724137931034484,2.2758620689655173,10
{5D568DB4-3B0E-452C-B0F4-AA46E59456AB},ANO0153,2024,round1,Central,V1-C-4,0.6916058851411457,NA,NA,0.5887427086517082,NA,0.8633216337912,NA,0.6552629964774714,0.5887427086517082,5.04006968641115,8.346689895470384,3.947735191637631,3.0313588850174216,13
{C8EA00C4-762F-4BD8-A415-BBCB996B50AE},ANO0153,2024,round1,Central,V1-C-5,0.6275735318745967,NA,0.49186994439618137,NA,0.26587536058935796,NA,0.658666403857257,NA,0.26587536058935796,4.979253112033195,5.8112033195020745,1.692946058091286,1.8941908713692945,13
{4D829DEB-73D0-416D-9001-6D88E8A90DAF},ANO0153,2024,round1,Central,V1-C-1,NA,0.10941183511810726,0.7305914940720067,NA,0.4366109318123403,NA,0.7153335855314115,NA,0.10941183511810726,6.758620689655173,7.103448275862069,2.1379310344827585,2,7
{E0A1A9DA-233C-4494-9488-00C125AABEC3},ANO0111,2024,round2,Central,V1-C-5,0.6837503819188137,NA,0.5445087062803032,NA,0.37951786859445524,NA,0.7619040570863004,NA,0.37951786859445524,5.032608695652174,6.326086956521739,1.9891304347826086,2.0869565217391304,9
{21C2157D-48C1-4922-9936-96B0404FC20C},ANO0111,2024,round2,Central,V1-C-5,0.8628872900076018,NA,0.5728281996934087,NA,0.5893770185445556,NA,0.9021355887013223,NA,0.5728281996934087,5.202749140893471,6.603092783505154,2.536082474226804,2.348797250859106,10
{AD23A80C-2EB0-45AD-8A90-1C8AC07B8201},ANO0111,2024,round2,Central,V1-C-5,NA,0.7152551076670042,0.5862243878596007,NA,0.9572698542385926,NA,NA,0.9259534784560125,0.5862243878596007,5.5773809523809526,6.734126984126984,3.551587301587302,2.638888888888889,14
{0259DBE6-FD69-47C3-9F09-2B54174777E7},ANO0111,2024,round2,Central,V1-C-1,0.510732223091406,NA,0.5312791302074129,NA,0.8511927469799312,NA,NA,0.771448549599083,0.510732223091406,4.364928909952606,6.196682464454976,3.258293838862559,2.8629032258064515,14
{648E17D9-421C-4DE8-AD2B-BB1C557C7FBD},ANO0111,2024,round2,Central,V1-C-6,0.7653176652330143,NA,0.7682471801596044,NA,0.7294732711426529,NA,NA,0.5985214439507978,0.5985214439507978,5.110079575596817,7.1710875331564985,2.9217506631299734,3.125994694960212,17
{E23057D2-B604-41B3-A6B2-E506C9B710A3},ANO0111,2024,round2,Central,V1-C-1,NA,0.6815637967097405,0.7329092440880001,NA,0.5085633577023561,NA,0.6998712111175177,NA,0.5085633577023561,5.606299212598425,7.107611548556431,2.3254593175853016,1.9711286089238842,12
{F0E07A6C-98C8-4717-B953-01D800FA8398},ANO0111,2024,round2,Central,V1-C-1,NA,0.9542919989903207,0.5948868602466837,NA,0.9902158303319235,NA,NA,0.918204462024111,0.5948868602466837,5.372208436724566,6.8188585607940455,3.6426799007444175,2.6501240694789083,13
{B3EE5694-1464-44A5-AC5F-5E54427CCDA3},ANO0246,2024,round1,Northern,V6-C-7,NA,NA,NA,NA,NA,NA,NA,NA,NA,NA,NA,NA,NA,NA
{FA96A9AA-FC86-461B-B570-E66BC74F31B0},ANO0960,2024,round1,Western,V6-C-3,NA,NA,NA,NA,NA,NA,NA,NA,NA,NA,NA,NA,NA,NA
{6C2085E7-3103-4A4C-BA70-77D5F3F1E118},ANO0960,2024,round1,Western,V1-C-5,NA,0.549378861140744,0.5456709950021533,NA,0.8555416010860092,NA,0.9501940278591404,NA,0.5456709950021533,5.787985865724382,6.337455830388692,3.270318021201413,2.438532110091743,17
{BE355383-0728-4BEE-9ECD-B3F08DC60C00},ANO0399,2024,round1,Central,V3-C-2,0.5684518969832008,NA,0.5557647512709596,NA,0.6246771479156347,NA,NA,0.5607294041028981,0.5557647512709596,4.746987951807229,5.421686746987952,1.6626506024096386,2.0843373493975905,10
{97B3E27A-0CE8-438D-899B-DC8F82D8D254},ANO0399,2024,round1,Central,V1-C-1,NA,0.9637908373756403,0.5808980495214189,NA,0.39960173817875705,NA,0.56381443451009,NA,0.39960173817875705,5.364055299539171,6.682027649769585,2.0414746543778803,1.7373271889400923,17
{4EFC0CCC-E010-4953-914E-B6E87D4A9190},ANO0399,2024,round1,Central,V2-C-1,NA,0.9605047626415515,0.508311343223717,NA,0.43019678506951037,NA,0.4803861060028892,NA,0.43019678506951037,4.433380084151473,5.659186535764376,2.921458625525947,3.363253856942497,19
{D6F05973-1D59-429B-9B69-AD6A872101B0},ANO0399,2024,round1,Central,V3-C-1,0.5959337547143836,NA,0.542873448225784,NA,0.613352732605901,NA,NA,0.5844553445040656,0.542873448225784,4.928136419001219,5.3191230207064555,1.658952496954933,1.7917174177831914,8
{7680C77D-B9F2-4429-A463-65FFF5F20267},ANO0399,2024,round1,Central,V1-C-6,0.5799039567901654,NA,0.4964241923684991,NA,0.5370141663533906,NA,0.8343470128383499,NA,0.4964241923684991,4.820662768031189,5.855750487329434,2.3996101364522415,2.2222222222222223,19
{3C201374-21F4-45A8-A0DD-6DEA586A28B7},ANO1694,2024,round1,Central,V2-C-1,NA,0.56590784953825,0.4667661146874279,NA,0.34297414394006487,NA,0.2908418624618975,NA,0.2908418624618975,4.7791601866251945,5.278382581648523,2.5318818040435462,2.4307931570762054,13
{4D78DA8E-BB07-490E-B3BB-52DADB33E165},ANO0906,2024,round1,Northern,V1-C-5,0.5664022108574326,NA,0.5479508469322493,NA,0.44217747916914957,NA,0.87534858992885,NA,0.44217747916914957,4.7317073170731705,6.359756097560975,2.152439024390244,2.298780487804878,9
{FA8670E3-D016-44CF-9F96-30DF5DD5A3A8},ANO0906,2024,round1,Northern,V1-C-5,0.498311758794932,NA,0.5441996680504307,NA,0.6222587081755406,NA,NA,0.8078273204418491,0.498311758794932,4.283097418817652,6.323064113238968,2.625312239800167,2.8101582014987514,12
{389AE0AA-D91D-4B94-A3DB-385219D96327},ANO0906,2024,round1,Northern,V1-C-5,0.5712205889371351,NA,0.5227472939958144,NA,0.2989500384113914,NA,0.914067329896529,NA,0.2989500384113914,4.763452914798206,6.113228699551569,1.77914798206278,2.3710762331838566,12
{2580C6F9-C327-4C9A-89BE-EF69F205655E},ANO0906,2024,round1,Northern,V1-C-7,0.606046105769558,NA,0.5560441585805596,NA,NA,0.9053666386943175,NA,0.7305577292921523,0.5560441585805596,4.958806818181818,6.438920454545454,3.8622159090909083,2.9221902017291064,12
{AC26A179-7A72-4076-BF8B-EE7C9C3A4023},ANO0906,2024,round1,Northern,V1-C-1,NA,0.7479758332286,0.539969829453017,NA,0.3782843327268677,NA,0.22617098398437321,NA,0.22617098398437321,5.549295774647887,6.281690140845071,1.9859154929577465,1.295774647887324,4
{C239C58F-C6C3-441A-8A6F-09B2EF85E562},ANO0906,2024,round1,Northern,V1-C-7,0.5849155371459583,NA,0.5134581327753561,NA,NA,0.9659206630892483,NA,0.624970332549748,0.5134581327753561,4.853681267474371,6.022367194780989,3.739049394221808,3.075279755849441,19
{FED8C749-57CD-4771-8201-00E1F930FA69},ANO0164,2024,round1,Eastern,V1-C-7,NA,0.5165367014255244,NA,0.5720685868903064,NA,0.7499246067419193,NA,0.4357562050725594,0.4357562050725594,5.860440713536201,8.4501573976915,4.178384050367261,4.723404255319149,14
{ED9682F9-7CB9-4717-ACA2-23D0108D3194},ANO1347,2024,round1,Eastern,V2-C-1,0.7893314063264473,NA,0.4693103605443369,NA,0.2238907355872707,NA,0.20327317126413055,NA,0.20327317126413055,4.294403892944039,5.301703163017032,2,2,5
{56D941AB-B335-4EB3-BD1E-A40C048A1B78},ANO1347,2024,round1,Eastern,V1-C-3,0.5988213888499764,NA,0.539482472068485,NA,0.8016698304699026,NA,NA,0.680428507510013,0.539482472068485,4.9452991452991455,6.276923076923077,3.1213675213675214,2.994871794871795,16
{F5A00C4C-190C-426F-A36A-62D45093B4DF},ANO0497,2024,round1,Eastern,V1-C-5,0.5300593316227648,NA,0.4059175727210747,NA,0.2822349231896078,NA,0.4312714543579861,NA,0.2822349231896078,4.49226441631505,4.970464135021097,1.7355836849507738,1.5639943741209565,7
{EC83D11C-6707-43E5-A915-F1BB0E418E93},ANO1347,2024,round1,Eastern,V1-C-6,0.5777545528686892,NA,0.487670212968514,NA,0.5134653516277926,NA,0.9114017589236858,NA,0.487670212968514,4.806501547987616,5.770123839009289,2.3382352941176476,2.3660990712074303,15
{81E2B8B2-A133-4E3F-9FED-54F6D71CDD53},ANO1347,2024,round1,Eastern,V1-C-3,NA,0.4909143710817605,NA,0.6426222496439387,NA,0.7837877528417497,NA,0.9018150116646316,0.4909143710817605,5.916967509025271,8.203369434416366,4.109506618531889,2.673886883273165,13
{E1AAB47C-AA4A-4543-BD07-884CE0344686},ANO1347,2024,round1,Eastern,V1-C-6,NA,0.7441440949778234,0.5895328355456504,NA,0.6926596387444937,NA,0.8098442483928037,NA,0.5895328355456504,5.552584670231729,6.766488413547237,2.819964349376114,2.176470588235294,6
{7C3CBF96-1FD7-4EDE-9B9C-01657B8465C2},ANO0497,2024,round1,Eastern,V2-C-1,NA,0.9460832036690011,0.449080827087747,NA,0.18223664524545288,NA,0.1134547932637008,NA,0.1134547932637008,4.441860465116279,5.116279069767442,1.813953488372093,1.558139534883721,3
{734069CE-7228-4119-A37B-2EA223E6E784},ANO1347,2024,round1,Eastern,V2-C-1,NA,0.5274120335080033,0.8408544786280729,NA,NA,0.5401102509072083,0.5010920035813451,NA,0.5010920035813451,4.930232558139535,6.976744186046512,4.906976744186046,3.4651162790697674,4
{20387A9D-9416-4560-8287-890C44A153E6},ANO0497,2024,round1,Eastern,V1-C-5,0.5930961210039157,NA,0.5410291417986598,NA,0.2581563320568568,NA,0.38304338551565226,NA,0.2581563320568568,4.9075785582255085,6.292051756007393,1.6728280961182993,1.500924214417745,8
{D7560405-AEC1-4E64-B787-DE697C116093},ANO1347,2024,round1,Eastern,V1-C-3,NA,0.35365615150421204,NA,0.7096064327285685,0.861110055244319,NA,0.9507447604242568,NA,0.35365615150421204,6.21978021978022,8.087912087912088,3.2857142857142856,2.4395604395604398,11
{0B9FC2EA-5BBF-4467-A964-E041A8A2AE63},ANO0170,2024,round1,Eastern,V1-C-7,0.5384447598793752,NA,0.7233817548672292,NA,0.87069551234674,NA,NA,0.5966056792981456,0.5384447598793752,4.547511312217194,7.09049773755656,3.3122171945701355,3.1447963800904977,10
{9666946D-0590-4D8E-95B7-2A2DBA2CF73E},ANO0630,2024,round1,Northern,V6-C-1,NA,NA,NA,NA,NA,NA,NA,NA,NA,NA,NA,NA,NA,NA
{1EF4BCFE-E030-4C3A-ABD8-E5A569547633},ANO0479,2024,round1,Northern,V1-C-5,0.5906134114836916,NA,0.6905305446947986,NA,0.302044776301476,NA,0.8788634856478155,NA,0.302044776301476,4.891221374045802,7.03148854961832,1.7872137404580155,2.3053435114503817,20
{1B9BF2C0-1155-4592-A378-2B64C06D1396},ANO0479,2024,round1,Northern,V1-C-6,NA,0.9804963641093518,0.5645110669191715,NA,0.5055402855429246,NA,0.9259131090839526,NA,0.5055402855429246,5.349716446124764,6.521739130434783,2.31758034026465,2.3931947069943287,23
{F39A17BB-3B98-4329-BDE5-596AF248EC8A},ANO1155,2024,round1,Eastern,V1-C-5,0.5826431344662479,NA,0.43532019282870316,NA,0.42081952958647856,NA,0.6030386581530904,NA,0.42081952958647856,4.838709677419355,5.258064516129032,2.096774193548387,1.7903225806451613,7
{E57CAFBC-EB6C-4E30-B0BB-67D64991A7ED},ANO1294,2024,round1,Central,V1-C-1,NA,0.22889765980095772,0.5994801256071302,NA,0.6724619525314995,NA,0.8585648614182502,NA,0.22889765980095772,6.49501661129568,6.863787375415282,2.7641196013289036,2.2674418604651163,10
{B09FE8E1-1D53-41DA-99E5-4D0569C2B5EA},ANO1059,2024,round1,Central,V1-C-1,NA,0.32820491775714095,0.7394574351269738,NA,0.5729045892315517,NA,0.7981305980707786,NA,0.32820491775714095,6.275929549902152,7.119373776908024,2.493150684931507,2.1545988258317026,8
{1257F021-2418-4CC0-9C27-0C10E3547457},ANO1294,2024,round1,Central,V1-C-5,0.6056365701326603,NA,0.5312865012422593,NA,0.5751434556315856,NA,0.8098442483928039,NA,0.5312865012422593,4.95841784989858,6.196754563894523,2.4989858012170387,2.1764705882352944,17
{CB0E3C94-653E-4D6E-BDD0-9E7E3CFBC4E2},ANO1155,2024,round1,Eastern,V3-C-2,0.6213588363062548,NA,NA,0.8784464674399295,NA,0.8307286541613244,NA,0.5785785785785785,0.5785785785785785,4.987654320987654,6.62962962962963,1.9135802469135803,1.8641975308641976,7
{75A097D2-C713-4CBE-8F18-3302D3E48485},ANO1155,2024,round1,Eastern,V1-C-6,0.5302106632158367,NA,0.5420346197442587,NA,0.07239403672131428,NA,0.5379507770779642,NA,0.07239403672131428,4.493261455525606,6.30188679245283,1.1886792452830188,1.7035040431266846,6
{0D1CDBAA-71DC-4764-B666-91336840E5BC},ANO1155,2024,round1,Eastern,V1-C-5,0.6923920051155336,NA,0.7184464428568789,NA,0.1487771326089051,NA,0.1560557809804713,NA,0.1487771326089051,5.040816326530612,7.081632653061225,1.3877551020408163,1.2040816326530612,5
{7951BBED-075D-417E-B4F8-F7460CA5620F},ANO1059,2024,round1,Central,V1-C-6,0.5954254040485695,NA,0.7555172644257361,NA,0.6602074960217251,NA,0.9630038206187754,NA,0.5954254040485695,4.9229249011857705,7.148221343873518,2.7302371541501977,2.4624505928853755,20
{5A018E1E-1B30-461A-9AB2-29A28F6C2703},ANO1294,2024,round1,Central,V1-C-5,0.5866030014176558,NA,0.856763358497161,NA,NA,0.7118706195702313,NA,0.7852625323004399,0.5866030014176558,4.864799025578563,7.3300852618757615,4.2557856272838,2.8428745432399514,12
{CEA1D372-7FCA-4EAF-9D7F-7DF7AF9566E4},ANO1059,2024,round1,Central,V1-C-5,0.6494174465156278,NA,0.5257011313438595,NA,0.23076624352194858,NA,0.6987869195309617,NA,0.23076624352194858,5,6.142121524201854,1.6014418125643668,1.969104016477858,12
{B72BE8A4-D628-4055-AF6F-A32D38C8401A},ANO0497,2024,round1,Eastern,V3-C-2,0.5899795501022501,NA,0.5963323811624003,NA,NA,0.9365487892761685,NA,0.572972972972973,0.572972972972973,4.888888888888889,5.7444444444444445,1.8333333333333333,1.9333333333333333,10
{9E979363-1286-43C6-BA94-1B11189F587C},ANO0497,2024,round1,Eastern,V1-C-5,0.5230606238828217,NA,0.5992502094988127,NA,0.17708695136444572,NA,0.5058608161936201,NA,0.17708695136444572,4.446153846153846,6.861538461538461,1.4615384615384615,1.6615384615384616,5
{3DFDFADF-783F-4267-BECC-1DA4D734227D},ANO0497,2024,round1,Eastern,V2-C-1,0.575259509267243,NA,0.5390760875509945,NA,0.2370607788571101,NA,0.20327317126413055,NA,0.20327317126413055,4.0588235294117645,5.9411764705882355,2.0588235294117645,2,4
{B41D96F0-5C86-45CC-AD69-CC85946D8A53},ANO0497,2024,round1,Eastern,V2-C-1,NA,0.8878706604451112,0.42709545190067516,NA,0.33234508359524173,NA,0.13227547319266708,NA,0.13227547319266708,4.476091476091476,4.914760914760914,2.4844074844074844,1.6507276507276507,5
{2B8B2439-248B-474A-A515-82DDFBC75AD7},ANO1059,2024,round1,Central,V1-C-7,0.8466544536746305,NA,0.7630349692900192,NA,0.23734902039345182,NA,0.7247167196250176,NA,0.23734902039345182,5.18733153638814,7.1617250673854445,1.618598382749326,2.017520215633423,15
{5605BCCE-37FF-4BC0-A99A-829CE43221CD},ANO1155,2024,round1,Eastern,V1-C-1,0.5209779741979601,NA,NA,0.37021687036972817,NA,0.9040642966354573,NA,0.807377209271651,0.37021687036972817,4.4324324324324325,9.702702702702704,3.864864864864865,2.810810810810811,3
{693B51F1-4234-4DB1-805B-43F60CE0FC61},ANO1155,2024,round1,Eastern,V3-C-1,0.7419839252789677,NA,NA,0.5759571938168843,0.5689250399953739,NA,0.8008558018592353,NA,0.5689250399953739,5.172413793103448,7.344827586206897,1.6206896551724137,1.3448275862068966,5
{856DCFAF-E09F-4B0F-8863-00CD14A64546},ANO1155,2024,round1,Eastern,V3-C-2,0.5843606972441334,NA,0.5943151235628397,NA,NA,0.9935288620303151,NA,0.6172839506172844,0.5843606972441334,4.851851851851852,5.728395061728395,1.7901234567901234,1.5925925925925926,7
{621CD8EB-820B-4701-8FD2-FF789633B96E},ANO1155,2024,round1,Eastern,V3-C-1,0.5808795163554172,NA,0.7697414152336959,NA,0.9482955772146322,NA,NA,0.5804922882499928,0.5804922882499928,4.8289054197662065,6.0403825717321995,1.7683315621679065,1.8405951115834218,9
{AF7650B4-A798-41F2-A36B-BE016B3FBAE8},ANO1155,2024,round1,Eastern,V3-C-1,0.5843606972441334,NA,NA,0.7200531380424708,0.2715856158002608,NA,0.8615969516189448,NA,0.2715856158002608,4.851851851851852,6.925925925925926,1.2962962962962963,1.3703703703703705,4
{E235F7DA-6E8C-4DAC-B993-B039F64F01F0},ANO1294,2024,round1,Central,V1-C-6,0.5679546520847459,NA,0.5859233908527748,NA,0.9366674899860881,NA,NA,0.559865017772838,0.559865017772838,4.741935483870968,6.731182795698925,3.4946236559139785,3.5053763440860215,15
{2BD59F76-F979-49E2-957C-383E76D9773D},ANO1294,2024,round1,Central,V1-C-6,0.9335946896189218,NA,0.8525612017434283,NA,0.8060951916949941,NA,0.9321596676695583,NA,0.8060951916949941,5.269905533063429,7.322537112010797,3.133603238866397,2.4048582995951415,11
{47298C4C-0798-4812-9F7E-C2FF4968F925},ANO0057,2024,round2,Eastern,V1-C-1,0.5137202555991999,NA,0.4988134477267958,NA,0.22768322318285877,NA,0.6741366299251635,NA,0.22768322318285877,4.384615384615385,5.8791208791208796,1.5934065934065933,1.9230769230769231,11
{97BF7A88-A86E-4DD6-B9FB-91981AD95929},ANO0057,2024,round2,Eastern,V1-C-3,NA,0.6020080118060227,NA,0.5707350590383343,NA,0.860981965922458,NA,0.9472054295729889,0.5707350590383343,5.67458432304038,8.458432304038006,3.9524940617577196,2.6080760095011875,15
{DBAEEF31-69CA-42FD-ACF6-C262E72D9A69},ANO1155,2024,round1,Eastern,V2-C-1,NA,0.5877779950960353,0.5251285633810242,NA,0.1612013296228349,NA,0.13280513855923196,NA,0.13280513855923196,4.693333333333333,5.8133333333333335,1.72,1.6533333333333333,8
{8D66E784-3824-4EF3-A3FB-9F74CDA55531},ANO1155,2024,round1,Eastern,V1-C-5,0.5913544854890435,NA,0.5695910315258681,NA,0.16942084957377707,NA,0.4071637194672297,NA,0.16942084957377707,4.896103896103896,6.571428571428571,1.4415584415584415,1.5324675324675325,7
{C432D7F0-2F75-4373-94EC-41CA0D1B6D7E},ANO1155,2024,round1,Eastern,V1-C-5,0.6343763510056607,NA,0.633235196428161,NA,0.08770020448524934,NA,0.20755418870402675,NA,0.08770020448524934,4.985714285714286,6.928571428571429,1.2285714285714286,1.2714285714285714,6
{8223B412-508D-4CB9-82F7-A1FFB240DA86},ANO0789,2024,round1,Western,V6-C-3,NA,NA,NA,NA,NA,NA,NA,NA,NA,NA,NA,NA,NA,NA
{0AC06DB7-18EF-448E-AE6A-2147837889A8},ANO1347,2024,round1,Eastern,V1-C-3,NA,0.32988079610797794,NA,0.5516061417346083,0.9553501486325362,NA,0.7940638836319178,NA,0.32988079610797794,6.272232304900181,8.577132486388384,3.546279491833031,2.1470054446460978,11
{6F2ECA26-4E5C-49F6-A2AC-36C99430AB7B},ANO1347,2024,round1,Eastern,V1-C-5,0.778341122315346,NA,0.5480314198319708,NA,0.3314858919531745,NA,0.5097822178695396,NA,0.3314858919531745,5.122448979591836,6.360544217687075,1.8639455782312926,1.6666666666666667,10
{03E41A6E-BD6D-47C1-83D0-66578043A602},ANO1294,2024,round1,Central,V1-C-6,0.5729157241012254,NA,0.5736156767806766,NA,0.9334745444128387,NA,NA,0.8179685790876421,0.5729157241012254,4.774621212121212,6.610795454545455,3.485795454545455,2.7954545454545454,23
{BB7ED3F6-A497-459C-9876-0F5D9AF6799B},ANO1059,2024,round1,Central,V1-C-1,NA,0.2687349388963644,0.7764050117223412,NA,0.412483020861087,NA,0.6540405540196768,NA,0.2687349388963644,6.407129455909944,7.185741088180113,2.075046904315197,1.8855534709193247,10
{2580228E-9494-4444-A634-7F6A19BE8DF7},ANO1294,2024,round1,Central,V1-C-5,0.563730872923024,NA,0.4806670755493114,NA,0.5824782619994088,NA,NA,0.9782629449314841,0.4806670755493114,4.71410736579276,5.701622971285893,2.5181023720349565,2.5630461922596757,16
{8C163C50-A88F-4591-A9F3-4711EF9F9BAF},ANO1294,2024,round1,Central,V1-C-1,0.5795587198912446,NA,0.5993644676741979,NA,0.6637631114700079,NA,0.7888895573459722,NA,0.5795587198912446,4.81838819523269,6.8626560726447225,2.740068104426788,2.1373439273552783,13
{A5DEE880-05EF-479C-94DC-AD916EAB9E82},ANO1059,2024,round1,Central,V1-C-5,0.5911987315010693,NA,0.5294464796161468,NA,0.47016738512088807,NA,NA,0.7483640722492468,0.47016738512088807,4.8950777202072535,6.178756476683938,2.2253886010362693,2.8963730569948183,20
{9A99A216-9723-417D-B386-91A86D8A4C6A},ANO1059,2024,round1,Central,V1-C-5,0.5917731435318677,NA,0.4377592066662391,NA,0.4821570976677978,NA,0.7701760561425102,NA,0.4377592066662391,4.898862199747156,5.281921618204804,2.256637168141593,2.102402022756005,16
{974D91B2-4C1E-4678-9C95-A892C187825E},ANO1294,2024,round1,Central,V1-C-1,NA,0.7669308534480074,0.9457985999950071,NA,NA,0.9660121613840538,NA,0.9406976630955021,0.7669308534480074,5.5330261136712755,7.4900153609831035,3.7388632872503846,2.6175115207373274,8
{86254C18-8ED2-45F7-91A5-A6E89E56C030},ANO0179,2024,round1,Eastern,V1-C-6,0.5486142618288301,NA,0.5153442666186425,NA,0.7979603365018111,NA,NA,0.8989750259805045,0.5153442666186425,4.6145124716553285,6.040816326530612,3.1111111111111107,2.6780045351473922,11
{21BD5482-3833-4F5F-AE76-C267BB21AB67},ANO1059,2024,round1,Central,V1-C-2,NA,0.5463345939010127,NA,0.9969017662681655,0.5374178507467369,NA,0.8022291508333316,NA,0.5374178507467369,5.794701986754967,7.59271523178808,2.4006622516556293,2.162251655629139,12
{B2CB4907-0A6D-47A0-8E6B-1509EEF41C56},ANO0179,2024,round1,Eastern,V1-C-2,0.46799136921063467,NA,NA,0.32230645185129286,NA,0.837625977111015,NA,0.6194156996038642,0.32230645185129286,4.083333333333333,10,4,3.0833333333333335,3
{35580C53-50BE-4D2B-8FE2-15C0CEBD5351},ANO0179,2024,round1,Eastern,V1-C-5,0.5768434427528535,NA,0.5973439803092118,NA,0.02966169634242377,NA,0.1906916026943415,NA,0.02966169634242377,4.800498753117207,6.8428927680798,1.0773067331670823,1.2493765586034913,5
{2E13F476-9BE3-49BE-800B-E186DC62228D},ANO0179,2024,round1,Eastern,V1-C-2,0.6494174465156278,NA,NA,0.4866613974973163,0.8751391017319684,NA,NA,0.9144075604611674,0.4866613974973163,5,8.980132450331126,3.3245033112582782,2.6556291390728477,3
{EB5E95F9-B313-4614-8C89-621F1DD8DA9A},ANO0179,2024,round1,Eastern,V1-C-2,0.48199152364338527,NA,NA,0.40964903994839874,0.9814056679772714,NA,NA,0.7874557319994357,0.40964903994839874,4.175572519083969,9.458015267175574,3.618320610687023,2.83969465648855,4
{1CE382B2-0F66-4D0E-A21B-6EB4D8F7DB97},ANO0179,2024,round1,Eastern,V1-C-6,0.5848759113754882,NA,0.5239923508512215,NA,0.5180418227075549,NA,0.9011224618729432,NA,0.5180418227075549,4.85342019543974,6.125407166123779,2.3501628664495118,2.3469055374592833,13
{D115019B-9255-4006-AC4D-F9915990572B},ANO1820,2024,round1,Central,V2-C-1,0.6788799585458797,NA,0.5097544202273052,NA,0.39330997037074183,NA,0.41082987678861627,NA,0.39330997037074183,4.233716475095785,5.672413793103448,2.756704980842912,3.0210727969348654,14
{DC61D787-FC69-4FE7-B0D7-BE21C3694041},ANO0935,2024,round1,Eastern,V2-C-1,NA,0.680488878254641,0.43425573719385663,NA,0.4214413846348625,NA,0.46433969514257273,NA,0.4214413846348625,4.598039215686274,4.980392156862745,2.8823529411764706,3.284313725490196,12
{1D29D2D4-6057-43B8-AE89-D5A668C53595},ANO0935,2024,round1,Eastern,V2-C-1,0.5977400384298177,NA,0.48296620600744555,NA,0.33357323625547,NA,0.17426867595890383,NA,0.17426867595890383,4.178359096313912,5.426872770511296,2.489892984542212,1.8573127229488704,6
{2E676E66-A5A0-43A3-91F7-370193C57E5A},ANO0935,2024,round1,Eastern,V2-C-1,0.6845686233375854,NA,0.5512356985483852,NA,0.10605350633081242,NA,0.18187599534159046,NA,0.10605350633081242,4.2368421052631575,6.052631578947368,1.4736842105263157,1.894736842105263,7
{149E6688-030F-4D93-9062-F2C76F056AAB},ANO1820,2024,round1,Central,V1-C-8,0.6134496094265756,NA,0.5948321056653924,NA,NA,0.9070973503528776,NA,0.7208016419881931,0.5948321056653924,4.96583850931677,6.818322981366459,3.8586956521739126,2.9363354037267078,31
{16294288-914D-4420-9761-E24A5BDD721B},ANO0935,2024,round1,Eastern,V3-C-2,0.570023422822793,NA,0.6281096928608856,NA,0.8118123449605631,NA,NA,0.5757369460140241,0.570023422822793,4.757346767422335,5.817800167926112,1.7237615449202353,1.8992443324937027,8
{015B6D49-93A7-4C16-B7E2-CD74E7CDEC42},ANO0935,2024,round1,Eastern,V3-C-2,0.5869624228866077,NA,0.5616139348192901,NA,0.467217083212803,NA,NA,0.8076091655858206,0.467217083212803,4.869001297016862,5.468223086900131,1.5097276264591442,1.5110246433203633,7
{4CEF694D-4A27-4D1B-A7B2-15AD3C68F2A2},ANO0935,2024,round1,Eastern,V1-C-1,0.7184585406597395,NA,0.6364946430128658,NA,0.16982928942327996,NA,0.3760688492480211,NA,0.16982928942327996,5.065573770491803,6.934426229508197,1.4426229508196722,1.4918032786885247,9
{9DA6427B-3D65-4572-B995-861DB63AE99C},ANO1820,2024,round1,Central,V1-C-7,0.5811326848618755,NA,0.5153142658939579,NA,0.8707682475225851,NA,NA,0.9816261485857777,0.5153142658939579,4.82875816993464,6.040522875816993,3.312418300653595,2.5581699346405227,22
{B25ED4CB-E1F7-418F-AC32-2B893A54B3DB},ANO1820,2024,round1,Central,V1-C-6,0.5837086901211044,NA,0.4872322802697086,NA,0.5406518287869063,NA,NA,0.9029948121680157,0.4872322802697086,4.84573002754821,5.765840220385676,2.409090909090909,2.672176308539945,21
{EEFF655D-577F-4B86-951B-198F3EB13C23},ANO1820,2024,round1,Central,V1-C-3,NA,0.5912004230844168,0.8238689146667352,NA,NA,0.8921664676239486,NA,0.9381287606786461,0.5912004230844168,5.695721077654516,7.270998415213946,3.8890649762282092,2.6212361331220286,14
{9B7E10DC-789E-4FF1-A2C0-DDBC04C31AC7},ANO1820,2024,round1,Central,V1-C-1,0.5738061613261572,NA,0.5635353420099584,NA,0.696024648598162,NA,NA,0.9292244608523005,0.5635353420099584,4.780487804878049,6.512195121951219,2.8292682926829267,2.6341463414634148,11
{1F1AE419-CAAE-4074-8DD3-04AA02AF9475},ANO1820,2024,round1,Central,V1-C-7,0.5096978848514933,NA,0.45472476473629875,NA,0.6735033947255935,NA,NA,0.8644826489366475,0.45472476473629875,4.358114233907525,5.447869446962828,2.766999093381686,2.728014505893019,24
{0BE619A5-9819-4CA0-8966-2D69A47DDC7D},ANO1820,2024,round1,Central,V1-C-4,NA,0.9426913683397377,0.7025499923553854,NA,0.877948761371085,NA,NA,0.809415429569149,0.7025499923553854,5.382165605095541,7.053078556263269,3.3322717622080678,2.8078556263269636,15
{8A8B9183-D031-47E0-80A1-673A06255C7F},ANO1820,2024,round1,Central,V1-C-8,0.5438257460963216,NA,0.7629044844718622,NA,NA,0.8310823626769305,NA,0.5500607668317165,0.5438257460963216,4.582963620230701,7.161490683229814,4.013309671694765,3.6015971606033714,31
{158E551A-379D-4E92-B23F-E5A004F5C745},ANO0065,2024,round2,Southern,V1-C-5,0.7516384839620075,NA,0.5125893898347059,NA,0.5965529686162895,NA,NA,0.9944833789119493,0.5125893898347059,5.0970873786407775,6.013869625520112,2.5547850208044385,2.5395284327323164,9
{EEDEEF5A-8BCC-4AFC-AD6C-C9BD459281C5},ANO1666,2024,round1,Western,V1-C-5,0.5498188728177892,NA,0.4423197753973775,NA,0.7208684720629055,NA,0.9284647742290411,NA,0.4423197753973775,4.622448979591836,5.326530612244898,2.8979591836734695,2.3979591836734695,6
{37DF84C6-ECCF-4A60-BD2C-A599F0EBE948},ANO0065,2024,round2,Southern,V1-C-2,0.5535541791617047,NA,NA,0.5308576854021295,NA,0.5720652155262997,NA,0.6768915331386421,0.5308576854021295,4.647058823529412,8.705882352941176,4.647058823529412,3,2
{9BFA21A1-0B10-43CB-9FD0-9FA98D648F75},ANO0065,2024,round2,Southern,V1-C-2,0.5451370477745499,NA,NA,0.5203649966912094,NA,0.80197243617537906,NA,0.75954273177543,0.5203649966912094,4.591603053435114,8.770992366412214,4.072519083969466,2.8801652892561984,8
{81D4A51E-1B72-4838-A378-BBA09EA9FA13},ANO0065,2024,round2,Southern,V1-C-2,0.5922434497482755,NA,NA,0.5940550289023828,NA,0.5720652155262997,NA,0.6768915331386421,0.5720652155262997,4.901960784313726,8.313725490196079,4.647058823529412,3,7
{0E72C5D1-721F-4BEB-B18D-2B8EC9D0D96A},ANO0065,2024,round2,Southern,V1-C-3,NA,0.627584126068802,0.6847207284808811,NA,0.9785866612112429,NA,NA,0.8075734283335053,0.627584126068802,5.652631578947369,7.021052631578947,3.610526315789474,2.8105263157894735,13
{7EE80B34-9238-407F-94CE-34909F928B09},ANO0065,2024,round2,Southern,V1-C-7,NA,0.538267153125689,NA,0.9056508235666515,NA,0.40521286099779563,NA,0.4955716769131392,0.40521286099779563,5.8125,7.75,5.625,4.136363636363637,10
{A1001C23-8B44-43A6-B801-13F2F8F9FB11},ANO0022,2024,round2,Southern,V1-C-5,0.5870773932983995,NA,0.5439635685689713,NA,0.5429552754098572,NA,0.78606798100629,NA,0.5429552754098572,4.867924528301887,6.320754716981132,2.4150943396226414,2.1320754716981134,6
{D8C62252-FFE0-47A8-98A6-DC7FEAA3242E},ANO1003,2024,round1,Northern,V1-C-5,0.5752131114826129,NA,0.991122431428776,NA,0.8874314646001156,NA,0.9179780698648472,NA,0.5752131114826129,4.789757412398921,7.57142857142857,3.3584905660377355,2.3783783783783785,7
{D20640AE-D25A-495F-8949-9D0863CA8E4C},ANO1016,2024,round1,Northern,V3-C-2,0.5894708714355944,NA,0.9890353476536093,NA,NA,0.5508982373416272,NA,0.563389888311024,0.5508982373416272,4.885535900104059,6.385015608740895,2.5723204994797086,2.0515247108307046,13
{8D3A6135-6F79-4D12-B881-83F51ABDD00D},ANO1016,2024,round1,Northern,V1-C-5,0.9632406017161355,NA,0.5539849032976574,NA,0.4814688945939453,NA,0.9627609045972523,NA,0.4814688945939453,5.298062593144561,6.418777943368108,2.2548435171385997,2.461997019374069,8
{DC4BD3FC-893F-4B1E-B46D-25ABE7092432},ANO0022,2024,round2,Southern,V1-C-1,0.7304079608000661,NA,NA,0.7159818600728964,NA,0.5118478244182683,NA,0.6768915331386421,0.5118478244182683,5.076923076923077,8.076923076923077,5,3,2
{E32F22DF-BB1B-4252-BBA7-C81E0F2CB8C6},ANO0022,2024,round2,Southern,V1-C-5,0.5999531832570469,NA,0.6291647379373402,NA,0.6609475966961266,NA,NA,0.6443068086149887,0.5999531832570469,4.952755905511811,6.921259842519685,2.732283464566929,3.047244094488189,8
{82B96F6C-60A0-44D8-A6BC-C1420EB5C3E2},ANO0387,2024,round1,Northern,V2-C-1,NA,0.496140732589922,0.5635656835174715,NA,0.3679833474927239,NA,0.28372684325801245,NA,0.28372684325801245,5.05295315682281,6.165648336727767,2.6435845213849283,2.395790902919212,17
{B8A53742-C63A-4B45-A215-FF12F365DC14},ANO0387,2024,round1,Northern,V1-C-3,0.45534295382656353,NA,NA,0.32230645185129286,NA,0.837625977111015,NA,0.6768915331386421,0.32230645185129286,4,10,4,3,1
{F9DC7AA5-6F57-4DDE-A5C0-307E108B5AE6},ANO0387,2024,round1,Northern,V1-C-3,0.7451335088517824,NA,NA,0.5383982775243189,NA,0.7035413686162316,NA,0.8493190337429755,0.5383982775243189,5.090909090909091,8.659090909090908,4.2727272727272725,2.75,6
{E6C02E2F-4BB3-4BC3-9F41-FF787959F099},ANO0387,2024,round1,Northern,V1-C-3,0.553719517924895,NA,NA,0.4267576168031008,NA,0.5750389138526223,NA,0.6768915331386421,0.4267576168031008,4.648148148148148,9.351851851851851,4.62962962962963,3,3
{BADB34BB-99F7-44BB-8D9C-643088BC0BCD},ANO0387,2024,round1,Northern,V1-C-6,0.8068617438898087,NA,0.5271066416989421,NA,0.5500218925355033,NA,NA,0.9752171454847658,0.5271066416989421,5.14953726254262,6.155869459327812,2.43351193375548,2.567462250365319,19
{1D2F31CA-4F72-4D1B-921A-A89FC6070E5F},ANO0387,2024,round1,Northern,V1-C-7,NA,0.5124007681928757,NA,0.6930971739405067,NA,0.5114114665116883,NA,0.5080151985533632,0.5080151985533632,5.869565217391304,8.116368286445013,5.002557544757033,4.014240506329114,12
{4118DC06-57D1-442F-B768-EBB0699ABFB9},ANO0387,2024,round1,Northern,V1-C-6,0.5877837384591781,NA,0.4836702627938432,NA,0.4851856972244209,NA,0.9966823918885367,NA,0.4836702627938432,4.872578241430701,5.730998509687035,2.264530551415797,2.5253353204172875,13
{DDC18066-CC51-42B3-B234-8A4D7EBF708E},ANO0387,2024,round1,Northern,V1-C-5,0.6538250935515154,NA,0.5249738698566118,NA,0.5001401313478848,NA,0.9283246485296999,NA,0.5001401313478848,5.004186289900575,6.135007849293564,2.303506017791732,2.397697540554683,10
{B8882E6D-F5F7-4B4F-8F03-84B7AE36E9FD},ANO0156,2024,round2,Northern,V1-C-6,0.5914639955789489,NA,0.5616124297072485,NA,0.9505721567962055,NA,NA,0.852287984084507,0.5616124297072485,4.896825396825397,6.493386243386244,3.5330687830687837,2.7456953642384105,16
{BB8986C4-3C92-4E4D-9476-36C510A47496},ANO0387,2024,round1,Northern,V1-C-8,0.9315060589038611,NA,0.5665452598427799,NA,NA,0.5393984072918558,NA,0.5871588846443709,0.5393984072918558,5.267921795800145,6.5416364952932655,4.838522809558292,3.2375090514120206,20
{A7750977-6399-40D4-BC17-8D3CEFFCDD70},ANO0935,2024,round1,Eastern,V1-C-1,0.5835717166857682,NA,0.5041207980171477,NA,0.3175352231362476,NA,0.2504964346427911,NA,0.2504964346427911,4.844827586206897,5.931034482758621,1.8275862068965518,1.3275862068965518,8
{82AE6A97-BA6D-4EB1-B8C3-3DC294CD0ECA},ANO0935,2024,round1,Eastern,V2-C-1,NA,0.9972634240408188,0.4171422106049361,NA,0.362176189920585,NA,0.20925179394836965,NA,0.20925179394836965,4.411764705882353,4.823529411764706,2.6176470588235294,2.0294117647058822,4
{82A2D017-FA16-41C2-A897-FDC25783069C},ANO0387,2024,round1,Northern,V1-C-7,NA,0.8350280281656555,0.5805740192331879,NA,0.5650932555954653,NA,0.8204391100932928,NA,0.5650932555954653,5.474576271186441,6.6788581623550405,2.472792149866191,2.1962533452274755,13
{FE6F8F35-465B-48A4-B142-61C658533CBD},ANO0387,2024,round1,Northern,V1-C-3,NA,0.5877071747987752,0.9384971847520843,NA,NA,0.9563238272539382,0.896440974911535,NA,0.5877071747987752,5.703427719821163,7.476900149031297,3.758569299552906,2.338164251207729,8
{36E6D3D1-A3E0-4951-853F-4BFA77044B82},ANO0387,2024,round1,Northern,V1-C-5,0.7285520828375454,NA,0.4838090077411079,NA,0.7150095685443998,NA,0.84787374518121,NA,0.4838090077411079,5.0751604032997255,5.732355637030247,2.8817598533455544,2.2474793767186068,13
{8A64A760-284E-4DCB-82CE-B4BEAB8E0F70},ANO1666,2024,round1,Western,V2-C-1,NA,0.5733383622685316,0.5084780188060719,NA,0.6557570595096629,NA,0.7355529362207284,NA,0.5084780188060719,4.75,5.660714285714286,3.75,4.196428571428571,3
{82F928F2-CD96-416B-B5F5-9F3971FECCA7},ANO1710,2024,round1,Central,V2-C-1,0.6305351959278048,NA,0.4947651885086312,NA,0.17717731832614125,NA,0.2759789255165767,NA,0.17717731832614125,4.20715350223547,5.535022354694486,1.791356184798808,2.3576751117734727,10
{4EA1B262-5469-4C21-837A-29F56C27BFB7},ANO1666,2024,round1,Western,V2-C-1,NA,0.5555102531625387,0.5452991881287836,NA,0.7695019014189421,NA,NA,0.7575230345696959,0.5452991881287836,4.8199643493761135,5.998217468805704,3.893048128342246,5.162210338680927,8
{EBA01FCB-CA05-42D3-9043-57F3752B52BA},ANO1666,2024,round1,Western,V2-C-1,0.5753366011339366,NA,0.6456359841742696,NA,0.4787257191825382,NA,0.44620940033589646,NA,0.44620940033589646,4.059233449477352,6.590011614401859,3.138211382113821,3.195121951219513,8
{23633955-F658-4CD4-B7E9-638DA07E3D1E},ANO1710,2024,round1,Central,V2-C-2,NA,0.5883957333988165,NA,0.5226708409966623,0.5597268389681768,NA,NA,0.9960571122969648,0.5226708409966623,4.6909090909090905,8.236363636363636,3.5,4.681818181818182,13
{CE73A253-1DB7-440B-A159-31FD835DC374},ANO0156,2024,round2,Northern,V1-C-6,0.6739931922505855,NA,0.5693218994943402,NA,0.7235615892363749,NA,0.9469272819124808,NA,0.5693218994943402,5.023341523341522,6.568796068796069,2.9054054054054053,2.4324324324324325,12
{114D09AD-8264-44FA-B71B-C885DD68AAA6},ANO0091,2024,round2,Northern,V1-C-5,0.5799797981178882,NA,0.556727402818933,NA,0.7906537574737525,NA,NA,0.9116864275785853,0.556727402818933,4.8211624441132646,6.445603576751118,3.0909090909090913,2.6595744680851063,11
{EFC7BC8F-4AF1-49C2-872C-147CE95BBF4C},ANO0091,2024,round2,Northern,V1-C-5,0.537767064673756,NA,0.557210720431402,NA,0.3811474118771183,NA,0.7649881942753659,NA,0.3811474118771183,4.543046357615894,6.450331125827814,1.9933774834437086,2.0927152317880795,3
{C2DA747B-21E8-4A89-95E5-CE0BC4350E4F},ANO1183,2024,round1,Western,V1-C-6,0.8578905340331425,NA,NA,0.684348708091556,0.8955840130331121,NA,NA,0.5369316095797668,0.5369316095797668,5.1980033277870215,8.131447587354408,3.381031613976705,3.73044925124792,10
{8D86F711-2230-4C81-B3E7-522912DC599C},ANO1037,2024,round1,Northern,V1-C-7,NA,0.9340053350897514,0.5382879464916454,NA,NA,0.7031732065940056,NA,0.8746519840687308,0.5382879464916454,5.389621087314661,6.265238879736408,4.2734761120263585,2.7132701421800944,18
{AAE60D1B-0D25-4BF3-87D9-417752221082},ANO0091,2024,round2,Northern,V1-C-5,0.5834186921345532,NA,0.5792015086088741,NA,0.612943261335349,NA,NA,0.9878051330262453,0.5792015086088741,4.843819393042191,6.665433012583272,2.5995558845299778,2.5492111194590534,13
{26A57465-5838-4D8A-9C60-E124E21F23B4},ANO0091,2024,round2,Northern,V1-C-5,0.5524450744148369,NA,0.5276813235206204,NA,0.3956041832758529,NA,0.894962547243126,NA,0.3956041832758529,4.6397515527950315,6.161490683229814,2.031055900621118,2.3354037267080745,8
{F703B271-C27C-41F8-A208-D918F2117747},ANO0091,2024,round2,Northern,V1-C-5,0.7072043118118798,NA,NA,0.9312837505759125,NA,0.9401641519204176,NA,0.5704212126059024,0.5704212126059024,5.054884742041713,7.705817782656422,3.791437980241493,3.4017758046614874,12
{1D90E768-7134-4544-83A0-AA9BB8BCFD16},ANO0091,2024,round2,Northern,V1-C-5,0.618606726147078,NA,0.8364753405337915,NA,NA,0.8738419006297874,NA,0.6420928448229338,0.618606726147078,4.9707366296670035,7.2936427850655905,3.926337033299698,3.0504540867810297,9
{1D192FCA-7550-4609-A285-3B49AA49B298},ANO0058,2024,round2,Central,V1-C-4,NA,0.4752225950801269,0.5823428875888804,NA,0.8616275973314486,NA,NA,0.978567694463085,0.4752225950801269,5.951585976627713,6.696160267111853,3.287145242070117,2.5626043405676127,25
{E14A71CE-93CC-4149-AE2B-A9EB8F0D4A86},ANO1959,2024,round1,Central,V1-C-5,0.586926077469856,NA,0.3924316151520866,NA,0.5334845486880962,NA,0.778217392523336,NA,0.3924316151520866,4.8669275929549896,4.8385518590998045,2.3904109589041096,2.117416829745597,13
{1D23C476-4CF6-4F17-8358-E842E9EBB5FF},ANO1959,2024,round1,Central,V1-C-1,NA,0.6818417860148241,0.5886216565108039,NA,0.5464652893114967,NA,0.7964791041497785,NA,0.5464652893114967,5.606060606060606,6.757575757575758,2.4242424242424243,2.1515151515151514,7
{4DC941C6-3DAF-469B-818F-3C4D2EF0E764},ANO0155,2024,round2,Western,V1-C-1,0.8824814118933708,NA,0.6535424980042477,NA,0.23617324484559257,NA,0.7278126633461196,NA,0.23617324484559257,5.22135922330097,6.965048543689321,1.6155339805825244,2.0233009708737866,14
{6BAD0955-6EDE-410D-8F40-3851F8E8F07D},ANO0155,2024,round2,Western,V1-C-1,NA,0.9625977465639586,0.9204286566138402,NA,0.3715078106666811,NA,0.8428479719317026,NA,0.3715078106666811,5.365079365079365,7.444444444444445,1.9682539682539681,2.238095238095238,9
{E83944E4-51F3-4688-8771-34C1CA90E71F},ANO0155,2024,round2,Western,V1-C-1,NA,0.980844492313677,NA,0.9266467712725766,0.10916924372799858,NA,0.7144424700191297,NA,0.10916924372799858,5.349417637271214,7.713810316139767,1.2845257903494176,1.9983361064891845,7
{7A29D977-42B3-4E6E-822E-720326B2021C},ANO0392,2024,round1,Northern,V1-C-6,0.6080716040635723,NA,0.519760986009403,NA,0.5161397308489759,NA,NA,0.9565547669955331,0.5161397308489759,4.960730593607306,6.084018264840183,2.345205479452055,2.594520547945206,12
{4E313C48-799A-431C-939F-15878344A32F},ANO0055,2024,round2,Southern,V4-C-1,NA,NA,NA,NA,NA,NA,NA,NA,NA,NA,NA,NA,NA,NA
{7EDA044A-2476-423C-8DB2-DB4A6187CDEA},ANO0608,2024,round1,Northern,V1-C-7,NA,0.10767513932258194,0.6953969639378461,NA,NA,0.25069430480767046,NA,0.6768915331386418,0.10767513932258194,6.762452107279693,7.040229885057471,6.530651340996168,3.0000000000000004,6
{9D71FC71-7F03-41CF-A8DC-C87353615124},ANO0392,2024,round1,Northern,V1-C-6,0.5977354239235302,NA,0.7992653569954569,NA,NA,0.8984478613766897,NA,0.5604128309017742,0.5604128309017742,4.938144329896907,7.22680412371134,3.876288659793815,3.5000000000000004,13
{62DC62E3-93D6-40F1-8E8A-402E7D17F248},ANO1042,2024,round1,Northern,V1-C-6,NA,0.7350850024853659,0.803401799656682,NA,NA,0.7215803790083226,NA,0.5797817264497307,0.5797817264497307,5.56036036036036,7.2342342342342345,4.236036036036036,3.30990990990991,17
{F47F96FC-7E4D-454E-8E3E-6577FAC8F640},ANO0203,2024,round1,Central,V1-C-6,0.7080228666408352,NA,0.5873075299718717,NA,0.48752728836929615,NA,0.9856836646441978,NA,0.48752728836929615,5.055662188099808,6.7447216890595,2.2706333973128596,2.504798464491363,14
{ECDBF7A6-6F4F-4360-B39A-6CBCED158673},ANO0203,2024,round1,Central,V1-C-2,0.5914494821935398,NA,0.9403378974126251,NA,0.1868912490160057,NA,0.7807807284308379,NA,0.1868912490160057,4.896729776247849,7.480206540447504,1.487091222030981,2.1222030981067124,8
{CE436BCE-6D1D-4F31-AF6F-45F9A0034C0C},ANO0203,2024,round1,Central,V1-C-6,0.5626628419338343,NA,0.47473295505056823,NA,0.42521311265575434,NA,0.9247663050131016,NA,0.42521311265575434,4.707070707070707,5.643578643578644,2.1082251082251084,2.391053391053391,15
{FC0CE363-D477-42B0-991D-E1237BAFA308},ANO0203,2024,round1,Central,V1-C-6,0.5794612170198954,NA,0.5343396404399192,NA,0.4563775629088513,NA,0.8938537264918189,NA,0.4563775629088513,4.817745803357314,6.22661870503597,2.189448441247002,2.333333333333333,16
{D973E84F-F0F7-450C-AEE0-7DAC1B199E40},ANO0084,2024,round2,Eastern,V2-C-2,NA,0.9521863444260209,0.5199025994282225,NA,0.9036281601373954,NA,NA,0.4849833520233067,0.4849833520233067,4.438271604938272,5.765432098765433,4.061728395061729,6.154320987654321,7
{C8F9CFC4-3F5D-42C7-AF5B-6AA66902B51D},ANO0084,2024,round2,Eastern,V2-C-2,NA,NA,NA,NA,NA,NA,NA,NA,NA,NA,NA,NA,NA,NA
{BF32578B-93EE-455D-8DB8-144509E21E46},ANO0052,2024,round2,Eastern,V2-C-3,0.5907472652859765,NA,0.5236739136209659,NA,NA,0.9450339884164263,NA,0.6861840859061789,0.5236739136209659,4.141176470588236,5.8,4.235294117647059,5.305882352941176,8
{BCA4AA8B-F8C3-4DF5-8307-228D477FCC46},ANO1959,2024,round1,Central,V1-C-2,NA,0.4280955135970397,0.6257937464476409,NA,0.5441195069945567,NA,0.779538197631207,NA,0.4280955135970397,6.0555555555555545,6.9152046783625725,2.41812865497076,2.1198830409356724,10
{69A63E76-0DC4-4696-BC01-4ADDC64D78FA},ANO1959,2024,round1,Central,V1-C-2,NA,0.5084208632930057,0.7434362130990719,NA,0.5358567847045799,NA,0.8469433244876243,NA,0.5084208632930057,5.878345498783455,7.126520681265206,2.3965936739659366,2.2457420924574207,13
{B646C832-DE7E-4302-AAF8-DCEDD2A22BEB},ANO1959,2024,round1,Central,V1-C-6,NA,0.9809197400269144,0.5372496856910897,NA,0.6574943934679385,NA,0.7875995945338685,NA,0.5372496856910897,5.349353049907578,6.255083179297596,2.722735674676525,2.134935304990758,17
{6B15F731-8B6D-4838-AE24-5289687C719B},ANO0203,2024,round1,Central,V1-C-2,NA,0.6914821678937246,0.7161406034701236,NA,0.7724547137691781,NA,0.9900306290018539,NA,0.6914821678937246,5.597785977859778,7.077490774907749,3.040590405904059,2.512915129151291,9
{24190649-E831-43FF-82A9-70F179B6477E},ANO0203,2024,round1,Central,V1-C-6,0.668677385888147,NA,0.5155350971706146,NA,0.5022262726365648,NA,0.8851454269327748,NA,0.5022262726365648,5.0182926829268295,6.0426829268292686,2.308943089430894,2.317073170731707,14
{1A54E31A-C286-4DD5-B4A9-B457D042021E},ANO0203,2024,round1,Central,V1-C-6,0.5933256671073404,NA,0.5437005300928741,NA,0.6372155978845183,NA,0.926311933939166,NA,0.5437005300928741,4.909090909090909,6.318181818181818,2.6666666666666665,2.393939393939394,13
{F1F2689B-EB9D-4D2C-AB02-CB569662381F},ANO1042,2024,round1,Northern,V1-C-6,0.6152172757505054,NA,0.5385683300348851,NA,0.4028283029394245,NA,0.9011022240946198,NA,0.4028283029394245,4.9675174013921115,6.26798143851508,2.049883990719257,2.3468677494199537,11
{3A4CB372-7423-4BB0-BE7D-2CF887200BD6},ANO0055,2024,round2,Southern,V1-C-7,0.7762700592502904,NA,0.5616727132006707,NA,0.9538633661246072,NA,NA,0.9276951703813088,0.5616727132006707,5.120481927710843,6.493975903614458,3.5421686746987953,2.6363636363636362,16
{6C229684-7C37-4365-9279-9C2AAFDCA2B5},ANO0103,2024,round2,Northern,V3-C-2,0.5595209170347365,NA,0.6873445078280098,NA,NA,0.6971841272113655,NA,0.5474979930425474,0.5474979930425474,4.688118811881188,5.910891089108911,2.014851485148515,2.2475247524752477,10
{8EF49EDE-6D02-4684-9B5D-1DCBDC2B6BF2},ANO0103,2024,round2,Northern,V1-C-1,NA,0.42621625322128387,0.947202604911288,NA,NA,0.727556522376491,0.8098442483928037,NA,0.42621625322128387,6.059701492537314,7.492537313432836,4.223880597014926,2.176470588235294,5
{93829940-D1B5-4F2B-B7A8-84006A81E968},ANO0103,2024,round2,Northern,V1-C-1,0.7986055483218064,NA,0.9445679943555265,NA,NA,0.8010810431658629,0.9951818454778727,NA,0.7986055483218064,5.141695702671313,7.487804878048782,4.074332171893148,2.5225334957369063,8
{43B45B9A-D790-4E88-913B-EE27CA45171C},ANO0103,2024,round2,Northern,V1-C-1,NA,0.43888783746923343,NA,0.7790277527001388,NA,0.5660116153620003,NA,0.6768915331386421,0.43888783746923343,6.031746031746032,7.968253968253968,4.682539682539683,3,3
{7F81C5FE-3F9A-44AC-A38F-69AF404D8E05},ANO0103,2024,round2,Northern,V1-C-1,0.4876897210382866,NA,NA,0.39099471208189623,NA,0.7650884020236732,NA,0.584633355635234,0.39099471208189623,4.213114754098361,9.573770491803279,4.147540983606557,3.262295081967213,4
{0E172582-E44A-4B68-92FA-437963547132},ANO0103,2024,round2,Northern,V1-C-1,0.45534295382656353,NA,NA,0.32230645185129286,NA,0.837625977111015,NA,0.6768915331386421,0.32230645185129286,4,10,4,3,1
{49BB9F66-F73D-4225-88A7-9B8CC6A23BFF},ANO0103,2024,round2,Northern,V1-C-1,0.6921016364763453,NA,NA,0.8468504294787621,NA,0.5095422035875554,NA,0.5848392930207805,0.5095422035875554,5.04054054054054,7.851351351351352,5.013513513513513,3.26027397260274,5
{318B95A1-B76B-4813-803C-1533853955A1},ANO0103,2024,round2,Northern,V1-C-1,0.7602465713259126,NA,0.9000809418233569,NA,NA,0.8893779312668963,0.960798779351972,NA,0.7602465713259126,5.105263157894737,7.407894736842105,3.8947368421052633,2.4583333333333335,8
{8D87DBF9-7CD2-49A9-94EB-A1B5CEE33581},ANO0103,2024,round2,Northern,V1-C-1,NA,0.35949602967378136,NA,0.6505787692129803,NA,0.4324231620085369,NA,0.9767654472331349,0.35949602967378136,6.206896551724138,8.189655172413794,5.4655172413793105,2.5652173913043477,4
{56984510-22E1-4FF0-A105-C4A4CB9DA436},ANO0103,2024,round2,Northern,V1-C-5,NA,0.6647981658617284,0.8043484519608202,NA,NA,0.9330994097778997,NA,0.8775344429327755,0.6647981658617284,5.620689655172414,7.235934664246823,3.805807622504537,2.709090909090909,5
{24D53726-8C2F-4F33-9BE6-819629D91E9B},ANO0103,2024,round2,Northern,V1-C-5,0.9277738226865055,NA,0.5943796966768568,NA,0.8083278585811613,NA,NA,0.8748179047356227,0.5943796966768568,5.264376996805112,6.813897763578275,3.139776357827476,2.7130295763389287,13
{FCDEAC78-1DD8-4CA0-8AF1-DF11878293B9},ANO0103,2024,round2,Northern,V1-C-1,0.6782239221845124,NA,0.8626333526825459,NA,NA,0.9264042951841684,0.9571266878448752,NA,0.6782239221845124,5.027359781121752,7.340629274965801,3.8194254445964435,2.4514767932489456,10
{11402519-B28A-4E36-8225-F84A1D39AD38},ANO0103,2024,round2,Northern,V1-C-1,NA,0.5504085174819076,NA,0.5778494243905321,NA,0.4996609714559286,NA,0.5761599682990142,0.4996609714559286,5.785714285714286,8.414285714285715,5.071428571428571,3.3454545454545452,5
{9108BD7F-8327-4720-84F4-158134E94EA6},ANO0103,2024,round2,Northern,V1-C-1,0.787130211589049,NA,NA,0.7957922038078352,NA,0.5081961158017287,NA,0.5906155012204242,0.5081961158017287,5.130796670630202,7.939357907253271,5.02140309155767,3.2035851472471193,6
{EA2652FA-01E4-4913-A575-16DBBDCACC1B},ANO1917,2024,round1,Central,V3-C-2,0.5439219032530129,NA,0.7668351881641027,NA,0.5537620467312812,NA,NA,0.530198435947729,0.530198435947729,4.585296889726673,6.035815268614515,1.6041470311027333,2.4608859566446752,11
{D488A8FF-031B-4C1B-9E78-DE0A70D04157},ANO1917,2024,round1,Central,V3-C-2,0.556906555431057,NA,0.5870867808497113,NA,NA,0.9671511068312886,NA,0.5644885391720834,0.556906555431057,4.670886075949367,5.670886075949367,1.8101265822784811,2.037974683544304,11
{167CE71B-D628-41CB-B147-F455AFEADA7A},ANO1917,2024,round1,Central,V3-C-2,0.5689088518843126,NA,0.5957645478735974,NA,0.8472925834157363,NA,NA,0.5369022869022869,0.5369022869022869,4.75,5.739926739926739,1.7353479853479854,2.378205128205128,9
{F1C8CC43-0251-4DB6-A4C7-916593266705},ANO1917,2024,round1,Central,V3-C-2,0.5942087223486091,NA,0.5881007966669101,NA,NA,0.9645113220070547,NA,0.568531670790886,0.568531670790886,4.916765755053508,5.678953626634959,1.8121284185493463,1.9881093935790726,11
{27E8901F-61B6-4C22-A577-9B36560ADECF},ANO1917,2024,round1,Central,V1-C-6,0.5947027400941745,NA,0.8763508763587187,NA,0.8740012607578957,NA,NA,0.5381427510673542,0.5381427510673542,4.918163672654691,7.365269461077844,3.3213572854291415,3.7185628742514973,16
{FBE2A82F-2F4C-4DC2-ABE5-A6D72C814139},ANO1917,2024,round1,Central,V3-C-2,0.5590260332658584,NA,0.593986993719276,NA,NA,0.9632342530898915,NA,0.548099258876885,0.548099258876885,4.684856753069577,5.7257844474761255,1.8130968622100956,2.2401091405184173,13
{0B05F4BE-5F5F-4E77-88E4-C3483775E55E},ANO0084,2024,round2,Eastern,V2-C-2,0.3213957045891759,NA,0.5932582790088264,NA,NA,0.8342944311024093,NA,0.53926468228991,0.3213957045891759,2.708955223880597,6.437810945273632,4.340796019900497,5.835820895522388,7
{5895EB08-1662-4C91-BF21-3243AD32D235},ANO0160,2024,round2,Northern,V4-C-1,NA,NA,NA,NA,NA,NA,NA,NA,NA,NA,NA,NA,NA,NA
{8C9C2CC5-00D7-44FB-B0D2-1FB2F4A3CCC2},ANO0141,2024,round1,Northern,V6-C-5,NA,NA,NA,NA,NA,NA,NA,NA,NA,NA,NA,NA,NA,NA
{9DA99ECF-83DD-4759-952E-B562B59D171F},ANO0141,2024,round1,Northern,V6-C-3,NA,NA,NA,NA,NA,NA,NA,NA,NA,NA,NA,NA,NA,NA
{E853CD9D-A90A-459B-972D-B010D852DE29},ANO0675,2024,round1,Central,V1-C-5,0.5519308531231073,NA,0.3956599706170366,NA,0.3488076314754235,NA,0.42702536431928967,NA,0.3488076314754235,4.636363636363637,4.87012987012987,1.9090909090909092,1.5584415584415585,7
{A7753933-8864-40E4-B455-EECC2AE18F9C},ANO0675,2024,round1,Central,V1-C-1,NA,0.8445175910904151,0.8323424645851579,NA,0.6427536233315806,NA,0.8667287580773401,NA,0.6427536233315806,5.46643109540636,7.286219081272084,2.6819787985865724,2.282685512367491,11
{F6910989-EACC-4AB4-9729-CEF330F800C5},ANO1917,2024,round1,Central,V3-C-2,0.5515402950355079,NA,0.5297802830305288,NA,0.8277677942185772,NA,NA,0.5539277595352362,0.5297802830305288,4.635514018691588,5.214953271028038,1.7289719626168225,2.1682242990654204,7
{A49392AC-4A56-4EDE-8C22-DF60572772A5},ANO1917,2024,round1,Central,V1-C-6,0.5622533241641692,NA,0.5125319708948036,NA,0.5044116442619406,NA,NA,0.5871452784180012,0.5044116442619406,4.7043726235741445,6.013307984790875,2.3146387832699618,3.237642585551331,12
{0F369F68-43C0-418B-8EDE-311FFB60ADA1},ANO1917,2024,round1,Central,V3-C-2,0.5827846775400276,NA,0.8449241618032485,NA,0.686767430811598,NA,NA,0.5477916941331575,0.5477916941331575,4.841463414634147,6.158536585365853,1.6829268292682926,2.2439024390243905,7
{6286586D-2261-429B-BBFA-8F457BE3C885},ANO0675,2024,round1,Central,V1-C-8,0.515292629154483,NA,0.4549682673154441,NA,NA,0.8035321017852058,NA,0.5795114134441554,0.4549682673154441,4.39497487437186,5.4502512562814065,4.0693467336683415,3.312562814070352,32
{134EEC35-C226-45B8-B39E-AFA1D37B426E},ANO0675,2024,round1,Central,V1-C-8,0.541498013826268,NA,0.4964370068390221,NA,NA,0.7929311076127539,NA,0.5609776493163094,0.4964370068390221,4.5676274944567625,5.855875831485588,4.090909090909091,3.4944567627494454,26
{23B54AE8-66C2-4BB0-87AD-2A8F1880BCCF},ANO0675,2024,round1,Central,V1-C-8,0.4555042513659991,NA,0.5446338834102902,NA,NA,0.5863676458266666,NA,0.5223517527331,0.4555042513659991,4.001062699256111,6.3273113708820405,4.563230605738576,3.8735387885228483,20
{1684B95A-D924-4031-BAC3-3987ABA4BE3F},ANO0675,2024,round1,Central,V2-C-3,NA,0.5923951929232311,0.5436287244320213,NA,NA,0.6896150642314303,0.787711201186835,NA,0.5436287244320213,4.6752136752136755,5.982905982905983,4.478632478632479,4.2905982905982905,24
{53E8022D-1741-4288-AA02-A6477FC81081},ANO0040,2024,round2,Northern,V1-C-5,0.5389698555406653,NA,0.46055057764401786,NA,0.21885139013688576,NA,0.5642249790012377,NA,0.21885139013688576,4.550970873786407,5.504854368932039,1.570388349514563,1.7378640776699026,12
{C62F68D2-A2D1-4FF0-8257-C788CA127FE7},ANO0040,2024,round2,Northern,V1-C-5,0.5537358595468383,NA,0.5000762445338421,NA,0.2914842067678344,NA,0.640085270301007,NA,0.2914842067678344,4.648255813953488,5.891472868217054,1.75968992248062,1.8594961240310077,11
{32E4DB6D-802B-4516-8BCE-9A7C360DA42A},ANO0040,2024,round2,Northern,V2-C-1,NA,0.5755350609745411,0.506619399192697,NA,0.40789289184577493,NA,0.5000052718451028,NA,0.40789289184577493,4.741379310344828,5.643678160919541,2.8218390804597706,3.459770114942529,12
{5AF1B214-B4C1-47D1-B091-A63CD99B1F85},ANO1208,2024,round1,Central,V1-C-6,0.5133314336077447,NA,0.5159001290072174,NA,0.4166976644656446,NA,0.8694124861013102,NA,0.4166976644656446,4.382053654024052,6.046253469010177,2.086031452358927,2.2876965772432936,9
{87B81398-5628-4737-8621-71B7D4E8358D},ANO1208,2024,round1,Central,V1-C-6,0.888625230529563,NA,0.5534024696165757,NA,0.5639757125783352,NA,0.7927771497362317,NA,0.5534024696165757,5.227194492254733,6.413080895008606,2.4698795180722892,2.1446028513238287,9
{3ACF42A8-03BA-4F26-92E8-41FF18CA0237},ANO0842,2024,round1,Northern,V6-C-2,NA,NA,NA,NA,NA,NA,NA,NA,NA,NA,NA,NA,NA,NA
{FF7B6B9F-18F6-4538-8DFF-77F21C1192C0},ANO1499,2024,round1,Northern,V6-C-1,NA,NA,NA,NA,NA,NA,NA,NA,NA,NA,NA,NA,NA,NA
{54E540BE-A450-47AE-A071-A3F3F6C68D32},ANO0130,2024,round1,Northern,V1-C-6,0.9391797276635245,NA,0.6461004238301433,NA,0.3514456723857418,NA,0.6950813006325417,NA,0.3514456723857418,5.275210084033613,6.951680672268907,1.915966386554622,1.96218487394958,14
{4F97C942-145D-4CE1-ACA3-2443A41E41AC},ANO0130,2024,round1,Northern,V1-C-5,NA,0.9915264858090524,NA,0.861717251109836,NA,0.5968018201723376,NA,0.79136622233654,0.5968018201723376,5.3402489626556005,7.825726141078838,4.5020746887966805,2.83402489626556,3
{60A00EE5-50ED-4CF6-B7DA-06CA7DDD5884},ANO0040,2024,round2,Northern,V2-C-1,NA,0.5492723075560254,0.5673134064227132,NA,0.2885702814235933,NA,0.352340163524493,NA,0.2885702814235933,4.844444444444444,6.2,2.2888888888888888,2.7333333333333334,7
{C302DB5E-8655-4E4F-9CD6-EC4F9B977DD9},ANO0141,2024,round1,Northern,V6-C-5,NA,NA,NA,NA,NA,NA,NA,NA,NA,NA,NA,NA,NA,NA
{611843DB-347D-4650-9427-122FF7B9255F},ANO0141,2024,round1,Northern,V6-C-5,NA,NA,NA,NA,NA,NA,NA,NA,NA,NA,NA,NA,NA,NA
{2DA1039C-3405-43CD-B741-B10114A879EB},ANO1082,2024,round1,Northern,V1-C-5,0.5684887787168005,NA,NA,0.6973192454831362,NA,0.7303582903151884,NA,0.594686012295767,0.5684887787168005,4.745454545454545,8.10909090909091,4.218181818181818,3.1636363636363636,6
{EBD6BFAA-0467-47D4-88D1-A58B35E25748},ANO1082,2024,round1,Northern,V1-C-1,NA,NA,NA,NA,NA,NA,NA,NA,NA,NA,NA,NA,NA,NA
{8003FE42-22EE-4A2E-AC39-A73914DE9086},ANO0575,2024,round1,Northern,V1-C-5,0.7031052095257101,NA,0.5948703313197452,NA,0.6819554578537791,NA,NA,0.7569994937593522,0.5948703313197452,5.050991501416432,6.818696883852692,2.7903682719546743,2.8838526912181304,9
{E9BCA783-D58E-4320-BC40-6D04B1E0248F},ANO0575,2024,round1,Northern,V1-C-6,0.6399604702967863,NA,NA,0.6459666879202164,0.5847227331230228,NA,NA,0.6810215331531171,0.5847227331230228,4.991017964071856,8.197604790419163,2.5239520958083834,2.9940119760479043,12
{B15E627B-85A5-4E03-AD3A-DAE4DF3D75E1},ANO0527,2024,round1,Central,V6-C-1,NA,NA,NA,NA,NA,NA,NA,NA,NA,NA,NA,NA,NA,NA
{0FECE354-3579-4D9E-9065-C8AF333792F6},ANO0527,2024,round1,Central,V6-C-1,NA,NA,NA,NA,NA,NA,NA,NA,NA,NA,NA,NA,NA,NA
{61CFF007-ECCF-4814-90F1-0DD62D20843E},ANO0575,2024,round1,Northern,V1-C-5,NA,0.6597763849237624,NA,0.5371774197521548,NA,0.6635022146907057,NA,0.6912604915223367,0.5371774197521548,5.625,8.666666666666666,4.354166666666667,2.9791666666666665,5
{C9B1DA89-79CB-4C9D-AC75-4ACE6FB7A0FA},ANO0575,2024,round1,Northern,V1-C-5,0.5637579428328882,NA,0.5179121608154343,NA,0.646489332804747,NA,NA,0.5441770945419826,0.5179121608154343,4.714285714285714,6.065934065934066,2.6923076923076925,3.659340659340659,15
{280F5A74-FC76-448D-971B-26B79E77EA9A},ANO0575,2024,round1,Northern,V1-C-5,0.5691786922832044,NA,0.9513571830953749,NA,NA,0.907860772036854,NA,0.7015240332249754,0.5691786922832044,4.75,7.5,3.857142857142857,2.9642857142857144,3
{4BCF864A-F1EA-4737-88B8-C8CB66663E13},ANO0889,2024,round1,Southern,V1-C-5,0.49713771770436405,NA,0.5504353316547826,NA,0.5977753974198379,NA,NA,0.9817633458013765,0.49713771770436405,4.27536231884058,6.384057971014493,2.5579710144927534,2.5579710144927534,5
{D3DE0DE3-CB60-457D-8911-8A00992CD88D},ANO1305,2024,round1,Southern,V1-C-5,NA,0.43189097917900354,0.6664337065046712,NA,0.13275719027583616,NA,0.2545570445718147,NA,0.13275719027583616,6.047182175622543,6.9882044560943655,1.3460026212319791,1.3328964613368284,7
{8228C0B2-4D15-4364-B1D1-F77493C48766},ANO1305,2024,round1,Southern,V2-C-1,0.7122152656809121,NA,0.6925385977321044,NA,0.3877132250413713,NA,0.3487043832254597,NA,0.3487043832254597,4.252032520325203,6.682926829268292,2.731707317073171,2.7154471544715446,4
{A2C012C6-D55A-4952-A3B4-9E4E9D721D93},ANO1305,2024,round1,Southern,V1-C-5,NA,NA,NA,NA,NA,NA,NA,NA,NA,NA,NA,NA,NA,NA
{23D2654B-576F-4C52-AD34-32E95E967224},ANO0043,2024,round1,Northern,V1-C-5,0.5974606046183888,NA,0.47896371014852196,NA,0.39674475053219965,NA,0.9451954135737366,NA,0.39674475053219965,4.936333699231613,5.684961580680571,2.034028540065862,2.429198682766191,8
{B01791EE-3EC7-4340-A83C-47BFAF6EFC69},ANO1344,2024,round1,Southern,V2-C-2,0.5677418897105534,NA,0.4712530525692914,NA,0.16712673193696365,NA,0.20576379447471843,NA,0.16712673193696365,4.018850141376061,5.319509896324223,1.7464655984919888,2.0122525918944394,4
{81E8EEDA-8BFE-4ECC-B265-4293972DC96E},ANO1344,2024,round1,Southern,V1-C-6,0.8322992529643606,NA,0.5705332830254974,NA,0.28276787395290537,NA,0.40984972354771926,NA,0.28276787395290537,5.1736972704714645,6.580645161290323,1.7369727047146404,1.5359801488833749,13
{101DD8E4-6C7A-4046-B9AE-AE82AE087E1C},ANO1435,2024,round1,Eastern,V2-C-1,0.5914139133166083,NA,0.8100788840930568,NA,0.3102068554756017,NA,0.2654848891599143,NA,0.2654848891599143,4.144721233689205,6.915776986951364,2.3855278766310795,2.306049822064057,8
{D5EF528F-0609-458E-9C2F-3854CB24453E},ANO1208,2024,round1,Central,V1-C-3,NA,0.4341604562392376,NA,0.6833405211834572,NA,0.3908449536068463,NA,0.84716906490751,0.3908449536068463,6.042175360710322,8.133185349611542,5.709211986681465,2.7531172069825436,5
{F9EB96AB-804A-4519-A016-65B20ED6A7AF},ANO1208,2024,round1,Central,V1-C-2,NA,0.18262727365578846,0.8043484519608202,NA,0.679006312597635,NA,0.8061065385621271,NA,0.18262727365578846,6.597096188747731,7.235934664246823,2.782214156079855,2.169491525423729,7
{0BB6EF5A-D4E7-4814-8FD7-0BF7FE51F4A7},ANO1435,2024,round1,Eastern,V2-C-1,0.6057738085171929,NA,0.46806875343809456,NA,0.3069469762083549,NA,0.3311385531883417,NA,0.3069469762083549,4.193548387096774,5.290322580645161,2.3709677419354835,2.629032258064516,4
{6A3118B5-C803-4E14-A188-316E0BFD46AE},ANO1344,2024,round1,Southern,V1-C-6,0.5995538145147769,NA,0.5672600751976083,NA,0.5750541774773128,NA,0.9023122867867013,NA,0.5672600751976083,4.950124688279302,6.548628428927681,2.4987531172069826,2.349127182044888,12
{63E71B46-FAA3-47F1-B8BC-5CC18C3884B6},ANO1344,2024,round1,Southern,V1-C-6,0.5722705271548663,NA,0.42332568022046,NA,0.4206361659570291,NA,0.9295577546839006,NA,0.4206361659570291,4.770370370370371,5.140740740740741,2.096296296296296,2.4,7
{2D25C173-22C1-4A4E-BE10-84E99FAF0C0A},ANO1344,2024,round1,Southern,V1-C-5,0.7256024454807297,NA,0.638356914375589,NA,0.0466422939917933,NA,0.05643753931551346,NA,0.0466422939917933,5.072358900144718,6.937771345875543,1.121562952243126,1.0738060781476122,7
{9E60EE6C-AA8F-4D4E-B29C-DC80AE744F06},ANO1435,2024,round1,Eastern,V2-C-1,0.551917628571361,NA,0.44839203944063233,NA,0.3392983312508123,NA,0.39397274430573753,NA,0.3392983312508123,3.9347079037800685,5.109965635738831,2.515463917525773,2.938144329896907,6
{CA5454F6-7DC7-4669-A69D-9A7D1D8FB350},ANO0114,2024,round2,Eastern,V1-C-5,0.5876092404142795,NA,0.4761196827626488,NA,0.328875766819685,NA,0.5898908521061814,NA,0.328875766819685,4.871428571428571,5.6571428571428575,1.8571428571428572,1.7714285714285714,7
{7E025878-8A95-4808-AC9E-B191041A7750},ANO0114,2024,round2,Eastern,V1-C-5,0.5656403895873388,NA,0.5504543883280125,NA,0.2368751503781653,NA,0.5298620640717963,NA,0.2368751503781653,4.72668810289389,6.384244372990354,1.6173633440514468,1.692926045016077,8
{24BFEC60-391B-490C-B391-3DD1A6803541},ANO0593,2024,round1,Eastern,V2-C-1,NA,0.5659308898878014,0.5569109691850874,NA,0.1379791742572715,NA,0.14418213310595304,NA,0.1379791742572715,4.77906976744186,6.104651162790698,1.6162790697674418,1.7093023255813953,7
{0BF3BE68-5E80-4836-93B6-D88F18ED190D},ANO0593,2024,round1,Eastern,V1-C-1,0.6224551754350217,NA,0.5216435806958237,NA,0.3001710744105405,NA,0.5776661495704769,NA,0.3001710744105405,4.974391805377722,6.102432778489117,1.7823303457106274,1.7554417413572343,12
{785C10BE-D10E-4A1A-941A-92B55039D828},ANO1433,2024,round1,Northern,V1-C-5,0.5901376188582538,NA,0.4817532487441418,NA,0.3619876069607764,NA,0.7346678968267625,NA,0.3619876069607764,4.888086642599278,5.712247324613555,1.943441636582431,2.036101083032491,14
{91F4A001-FFB8-477F-B30D-159224C7E252},ANO0593,2024,round1,Eastern,V1-C-2,0.9745705406281531,NA,NA,0.5450770876896865,0.9652057814602446,NA,NA,0.9608897694281321,0.5450770876896865,5.3088235294117645,8.617647058823529,3.573529411764706,2.588235294117647,10
{A898463E-0AFF-4CE3-928F-C8A0745764E9},ANO0114,2024,round2,Eastern,V1-C-5,0.7779595502079115,NA,0.5009593565356714,NA,0.24315879392864978,NA,0.5771119447579693,NA,0.24315879392864978,5.122086570477248,5.900110987791344,1.6337402885682575,1.7547169811320755,7
{15B993A0-7D2F-4C10-9E90-6AC2AB341978},ANO0114,2024,round2,Eastern,V1-C-1,NA,NA,NA,NA,NA,NA,NA,NA,NA,NA,NA,NA,NA,NA
{107C5A48-1F6E-41A0-B465-456543A162C7},ANO0593,2024,round1,Eastern,V3-C-2,0.5871139351446106,NA,0.5605803695517271,NA,0.922782494550052,NA,NA,0.5991891891891892,0.5605803695517271,4.87,5.46,1.76,1.61,8
{DB53BD1B-A44E-4F88-B855-9D3A3B3BC5F5},ANO0593,2024,round1,Eastern,V1-C-1,0.4906408572239716,NA,NA,0.38227044289339396,NA,0.826192405844018,NA,0.7410506031309523,0.38227044289339396,4.232558139534884,9.627906976744185,4.023255813953488,2.9069767441860463,4
{807BE7C6-F93B-4539-8AE5-D5DDD12F378D},ANO0593,2024,round1,Eastern,V3-C-2,0.6088018903477083,NA,NA,0.832387354549353,0.6262305890132608,NA,NA,0.8456140350877214,0.6088018903477083,4.968421052631579,6.71578947368421,1.6631578947368422,1.4947368421052631,8
{4A415FEE-832C-4E41-B13D-DB59F899049F},ANO0114,2024,round2,Eastern,V1-C-5,0.5436930791958967,NA,0.5584738701757651,NA,0.27488123793884117,NA,0.6753663897940068,NA,0.27488123793884117,4.582089552238806,6.462686567164179,1.7164179104477613,1.9253731343283582,7
{683BA159-3AA3-4C81-8617-63D588F767A1},ANO0114,2024,round2,Eastern,V1-C-5,0.6237943413327189,NA,0.5536936644104422,NA,0.2920106366157084,NA,0.6347625484607848,NA,0.2920106366157084,4.975663716814159,6.4159292035398225,1.7610619469026547,1.8495575221238936,11
{F66177C4-E9D9-437F-BC34-C527C0C28EE4},ANO0593,2024,round1,Eastern,V3-C-2,0.6158578083730958,NA,0.8875460194052074,NA,0.664235348764675,NA,NA,0.5739834790279894,0.5739834790279894,4.9792284866468846,6.225519287833828,1.675568743818002,1.920870425321464,11
{CBC7319E-7257-4689-8884-6AD7F6A368CD},ANO0593,2024,round1,Eastern,V2-C-1,NA,0.5920858831431006,0.5055600099470343,NA,0.2081561011682532,NA,0.17678515919603743,NA,0.17678515919603743,4.6764275256222545,5.633967789165447,1.929721815519766,1.869692532942899,14
{37261C7A-F45F-4105-88E6-CFBBEB3E429E},ANO0593,2024,round1,Eastern,V3-C-2,0.5931993421894854,NA,0.42367640163631315,NA,NA,0.9242015824995875,0.2848216662891808,NA,0.2848216662891808,4.910112359550562,4.370786516853933,1.8426966292134832,1.1235955056179776,4
{387746AD-5D28-4477-B405-9A7002EDD682},ANO0114,2024,round2,Eastern,V1-C-5,0.8833900433373394,NA,0.5064383696734036,NA,0.4547418010346261,NA,0.7351691567492346,NA,0.4547418010346261,5.222222222222222,5.953703703703703,2.185185185185185,2.037037037037037,9
{134540F3-E1B7-40E8-8CC6-D5F182FFC97C},ANO0142,2024,round1,Northern,V1-C-5,0.7943087335382466,NA,NA,0.9202879858870006,NA,0.6780673432255943,NA,0.7014110401053134,0.6780673432255943,5.137614678899082,7.724770642201835,4.3245412844036695,2.9644495412844036,12
{3771A1C4-2800-463C-8C61-63010E0163F2},ANO0142,2024,round1,Northern,V1-C-5,0.5965677421374337,NA,0.5423029321747637,NA,0.26324485721312496,NA,0.8079492977589912,NA,0.26324485721312496,4.930451127819548,6.304511278195488,1.6860902255639096,2.1729323308270674,10
{7B1C12AD-6AE5-4F9E-AA36-115B6D85FE60},ANO0142,2024,round1,Northern,V1-C-7,0.5807200253579476,NA,0.5370096447424634,NA,0.9849096331650302,NA,NA,0.7297139622078035,0.5370096447424634,4.826039387308533,6.252735229759299,3.6280087527352296,2.923413566739606,17
{5E66C2EF-674B-4FD2-BBCC-3A7AE2CFF830},ANO0142,2024,round1,Northern,V1-C-3,0.7661390700432007,NA,0.5652954732187349,NA,0.7884593041570673,NA,0.9188950132328717,NA,0.5652954732187349,5.110859728506787,6.529411764705882,3.0848416289592757,2.3800904977375565,17
{1E529359-E130-4C89-A5B6-2BBE9CDCA3A3},ANO0142,2024,round1,Northern,V1-C-6,NA,0.36111742616338016,NA,0.9411587793879134,0.9753798405358355,NA,0.9053353123212229,NA,0.36111742616338016,6.203319502074688,7.6887966804979255,3.601659751037344,2.354771784232365,9
{5851ACB3-A71E-43E2-9979-EE8E8D25F390},ANO0142,2024,round1,Northern,V1-C-5,0.5058552750709894,NA,0.5027888844118812,NA,0.4780683373517659,NA,0.9073431905193738,NA,0.4780683373517659,4.332797427652733,5.918006430868167,2.245980707395498,2.358520900321543,9
{182F16D5-B850-4C95-AE5D-5CA43EF7B6A0},ANO0142,2024,round1,Northern,V1-C-5,0.5639705212427045,NA,0.5191898140555047,NA,0.33478693256317604,NA,0.8570995798234998,NA,0.33478693256317604,4.715686274509804,6.078431372549019,1.8725490196078431,2.264705882352941,9
{1C01469C-40D5-4BE6-909C-EB2F4230CF87},ANO0142,2024,round1,Northern,V1-C-5,0.5846624792419887,NA,0.5478755173238177,NA,0.5090086846355456,NA,0.8700927269944617,NA,0.5090086846355456,4.852014010507881,6.359019264448336,2.3266199649737302,2.2889667250437826,14
{EA960A1E-5E81-413D-939E-676D9041B2A4},ANO0142,2024,round1,Northern,V1-C-5,0.5776738966456403,NA,0.5188008630048092,NA,0.25770116056766357,NA,0.7473073421213352,NA,0.25770116056766357,4.8059701492537314,6.074626865671642,1.671641791044776,2.0597014925373136,9
{334F6D39-FD2F-4C95-AEEF-33D3E6EDF22B},ANO1740,2024,round1,Eastern,V1-C-5,NA,0.5903150173814163,0.8542559953045099,NA,0.23199763395807232,NA,0.5334930187006809,NA,0.23199763395807232,5.6976744186046515,7.325581395348837,1.6046511627906976,1.697674418604651,7
{DC1D905C-991E-45F3-B3A5-7B6DCA19B927},ANO1740,2024,round1,Eastern,V2-C-1,NA,0.46063082096788005,0.7943488382194249,NA,0.07319504817276157,NA,0.10554568507945239,NA,0.07319504817276157,5.1923076923076925,6.884615384615385,1.3269230769230769,1.5192307692307692,7
{8B1A0254-27E8-416B-A31C-E20954FCA3AB},ANO1908,2024,round1,Eastern,V1-C-5,0.45261634931263195,NA,0.453626390376889,NA,0.29178698273722553,NA,0.7463340890514822,NA,0.29178698273722553,3.9820359281437123,5.437125748502994,1.7604790419161678,2.057884231536926,6
{3E6E2F12-FDCB-435C-A46A-71C5555D3212},ANO1740,2024,round1,Eastern,V1-C-1,NA,0.7905407641970599,0.7530845179712903,NA,0.06409643715279238,NA,0.26790179198944475,NA,0.06409643715279238,5.51276102088167,7.143851508120649,1.1670533642691414,1.3503480278422273,7
{BC49E184-EB9D-4F31-A23A-2C82E768E0A6},ANO1908,2024,round1,Eastern,V1-C-5,0.5645512232402515,NA,0.4251450257199022,NA,0.32753887345862936,NA,0.456938939187941,NA,0.32753887345862936,4.719512195121951,5.158536585365853,1.853658536585366,1.5975609756097562,11
{4875A95A-E347-4DD2-965D-3D0096651ACB},ANO1908,2024,round1,Eastern,V2-C-2,0.514502274704603,NA,0.517873727868835,NA,0.47187098069975414,NA,0.6372726529839139,NA,0.47187098069975414,3.7357594936708858,5.746835443037974,3.107594936708861,4.018987341772152,17
{14CA679D-0B8E-476B-8F30-D399800D0C90},ANO1908,2024,round1,Eastern,V3-C-2,0.5563337694059111,NA,0.5399175604944891,NA,NA,0.7852486493531825,NA,0.5988771727786375,0.5399175604944891,4.66711051930759,5.29560585885486,1.9480692410119844,1.6138482023968044,11
{4F62473C-C217-4884-ACBC-C231462664DB},ANO1908,2024,round1,Eastern,V2-C-1,0.5832651087997893,NA,0.5684846452951258,NA,0.3845757366747552,NA,0.3160231012496026,NA,0.3160231012496026,4.101391650099404,6.210735586481113,2.717693836978131,2.554671968190855,10
{A5CB3AB8-67AE-4BDE-B37F-E7CCEA1E98D5},ANO1908,2024,round1,Eastern,V3-C-2,0.5064404289323096,NA,0.5249433690078162,NA,NA,0.9106922856734462,NA,0.5937996820349761,0.5064404289323096,4.338235294117647,5.176470588235294,1.8529411764705883,1.6764705882352942,7
{AE5FCB0C-5C41-4602-882E-5E0E502C97CB},ANO0730,2024,round1,Northern,V1-C-5,0.5023227823959708,NA,NA,0.6224755923560874,NA,0.5280969617013878,NA,0.5118922394817071,0.5023227823959708,4.309523809523809,8.238095238095237,4.904761904761905,3.9761904761904763,6
{C14E26C9-5854-4D42-A58F-9CB484247224},ANO0730,2024,round1,Northern,V1-C-5,0.578408617022932,NA,0.5747224822603355,NA,0.4199832427629761,NA,0.744282797579045,NA,0.4199832427629761,4.8108108108108105,6.621621621621622,2.0945945945945947,2.054054054054054,11
{19E113A7-A0CC-421F-B024-2A52168C98F2},ANO0730,2024,round1,Northern,V2-C-1,0.9501097470638156,NA,0.4207059510699408,NA,0.2749100846259629,NA,0.45106856366797105,NA,0.2749100846259629,4.382743362831858,4.856194690265486,2.22787610619469,3.219026548672566,8
{405ADF1A-9563-49DA-BD20-AE492D6CFE1C},ANO0730,2024,round1,Northern,V1-C-5,0.5776013212918193,NA,0.5408825473340755,NA,0.6394226194673645,NA,0.6436395701113848,NA,0.5408825473340755,4.805491990846682,6.290617848970251,2.6727688787185353,1.8661327231121279,11
{3C701A77-B587-4DBB-8975-BA185B67DF70},ANO0730,2024,round1,Northern,V1-C-5,0.5778328712302004,NA,0.5470431184470214,NA,0.47119627409837894,NA,NA,0.9067948672777533,0.47119627409837894,4.807017543859649,6.350877192982456,2.2280701754385963,2.6666666666666665,9
{D680F773-9FB9-446A-8B91-5405935B1886},ANO0730,2024,round1,Northern,V1-C-5,0.5362928122846192,NA,0.5088995654886389,NA,0.2643186718513764,NA,0.75698828508884,NA,0.2643186718513764,4.533333333333333,5.977777777777778,1.6888888888888889,2.077777777777778,7
{045F0384-4CC4-4D76-8ADA-6E0BB9A782E0},ANO0730,2024,round1,Northern,V1-C-5,0.8468318250839468,NA,0.5685055323320385,NA,0.6184801469308137,NA,NA,0.7864062970359893,0.5685055323320385,5.1875,6.5608108108108105,2.614864864864865,2.841216216216216,16
{0D986CEA-7935-4117-AA34-387D662DA8D2},ANO1116,2024,round1,Eastern,V1-C-1,NA,0.5838830135600694,0.66356462312312825,NA,0.22110856639289553,NA,0.5573042890268696,NA,0.22110856639289553,5.711864406779661,6.983050847457627,1.576271186440678,1.728813559322034,7
{A63108BA-945E-405D-841D-4D69E345B36C},ANO1116,2024,round1,Eastern,V1-C-6,0.5330261349255835,NA,0.5626910795994494,NA,0.7449588724892195,NA,NA,0.7040454702416867,0.5330261349255835,4.511811023622047,6.503937007874016,2.9645669291338583,2.9606299212598426,15
{82086DA8-8E2B-48EA-9299-9CDA9055B740},ANO0527,2024,round1,Central,V6-C-1,NA,NA,NA,NA,NA,NA,NA,NA,NA,NA,NA,NA,NA,NA
{710A8962-8B2F-496E-9107-3559032E4F6C},ANO0527,2024,round1,Central,V6-C-1,NA,NA,NA,NA,NA,NA,NA,NA,NA,NA,NA,NA,NA,NA
{4FE79A47-EB19-4839-B50D-A2C0809A88B2},ANO0527,2024,round1,Central,V6-C-1,NA,NA,NA,NA,NA,NA,NA,NA,NA,NA,NA,NA,NA,NA
{4F9AD1DD-82F0-4252-8CD3-43E1E7050E8D},ANO0545,2024,round1,Northern,V1-C-5,0.6326385351897671,NA,0.5237979840428915,NA,0.5006292798367381,NA,NA,0.8719887848184457,0.5006292798367381,4.9840637450199194,6.1235059760956165,2.3047808764940236,2.7171314741035855,10
{2E5BA693-8F13-4C76-A8CE-1A75C26CF78A},ANO0545,2024,round1,Northern,V1-C-5,NA,0.35278027483145125,NA,0.5733999338363597,0.9269985441074362,NA,NA,0.7665327414038923,0.35278027483145125,6.221712538226299,8.441896024464832,3.467889908256881,2.870030581039755,8
{757D6027-A457-4ED0-8530-898167CE8671},ANO1411,2024,round1,Northern,V1-C-2,NA,0.201187385125504,0.6372755157775437,NA,0.6185193515480152,NA,0.7554290182604868,NA,0.201187385125504,6.55614973262032,6.935828877005347,2.614973262032086,2.0748663101604277,12
{8EF79AAB-1210-4C41-9982-E0DBCA930FF2},ANO1411,2024,round1,Northern,V1-C-5,0.5727286633369457,NA,0.5241367016471845,NA,0.34340510163240495,NA,0.9875675219024282,NA,0.34340510163240495,4.773388773388773,6.126819126819126,1.8950103950103951,2.5083160083160085,10
{E1AAE64B-222A-4A87-9397-07A8C78BF85C},ANO1411,2024,round1,Northern,V1-C-5,0.5759360648856533,NA,0.5237756658007456,NA,0.4204804324635241,NA,NA,0.9697820821103863,0.4204804324635241,4.794520547945205,6.123287671232877,2.095890410958904,2.5753424657534247,11
{E09268A4-CFD0-48F1-A2FD-9BB814A95DF8},ANO1411,2024,round1,Northern,V1-C-7,0.5735015684271274,NA,0.5380241153840175,NA,NA,0.6260325442964618,NA,0.5664318409766687,0.5380241153840175,4.7784810126582276,6.262658227848102,4.4303797468354436,3.440928270042194,28
{5809B085-09C1-4B7D-A5E2-87C55A74180F},ANO1411,2024,round1,Northern,V1-C-2,0.5744828664765246,NA,NA,0.43909921988772904,NA,0.48359529217439257,NA,0.5204224724894286,0.43909921988772904,4.78494623655914,9.275268817204301,5.165591397849462,3.89247311827957,12
{D946B31B-B8AF-4E84-8953-C20E8EAED092},ANO1740,2024,round1,Eastern,V1-C-5,0.6725575934540388,NA,0.551615772148326,NA,0.2571977150769331,NA,0.4285531831540635,NA,0.2571977150769331,5.021978021978022,6.395604395604396,1.6703296703296704,1.5604395604395604,9
{6BC7F69F-5E65-4A45-8EAA-A82F9D4E2F7A},ANO0302,2024,round1,Eastern,V1-C-6,0.9012683480778685,NA,NA,0.6661645673358232,NA,0.7543242435943225,NA,0.5727102911409981,0.5727102911409981,5.239202657807309,8.162790697674417,4.1694352159468435,3.3793103448275863,8
{9A34D33A-7003-4350-A7F5-70DBA7ECCCE2},ANO1740,2024,round1,Eastern,V1-C-5,0.6184959579488826,NA,0.5997444631432247,NA,0.3104439140047786,NA,0.4614988800537023,NA,0.3104439140047786,4.970631424375918,6.866372980910427,1.8091042584434658,1.6035242290748901,9
{091962B9-43E7-4446-8D66-2A4468543CF2},ANO1397,2024,round1,Eastern,V1-C-1,NA,NA,NA,NA,NA,NA,NA,NA,NA,NA,NA,NA,NA,NA
{1D25B1E1-63C1-4BB4-9C68-452E032442C2},ANO0010,2024,round2,Central,V1-C-2,0.5908616900844693,NA,0.732648317261665,NA,0.8223590914705073,NA,NA,0.9971140342609754,0.5908616900844693,4.892857142857143,7.107142857142857,3.1785714285714284,2.5357142857142856,13
{726F8D38-222F-4DD7-8A18-0B7C76F92D13},ANO0010,2024,round2,Central,V1-C-6,0.6983884551527303,NA,0.8024686951493825,NA,NA,0.980545617948478,NA,0.9896669993511535,0.6983884551527303,5.046511627906977,7.232558139534884,3.7093023255813953,2.546511627906977,12
{4D844408-88F2-4FA0-8957-DF5EAB70C132},ANO0010,2024,round2,Central,V1-C-2,NA,0.9625977465639586,0.6111433917984934,NA,0.8037012200238574,NA,0.9108556446785245,NA,0.6111433917984934,5.365079365079365,6.888888888888889,3.126984126984127,2.365079365079365,12
{F690BE16-1779-4D5F-BDF5-34EBE1C7F861},ANO0134,2024,round2,Western,V1-C-1,0.7152222393717341,NA,0.6034112601781095,NA,0.644750507507204,NA,0.7488061119614878,NA,0.6034112601781095,5.0625,6.875,2.6875,2.0625,8
{CFDC6242-1D47-4701-A43E-0E9D33418E90},ANO0134,2024,round2,Western,V1-C-5,0.667570492820761,NA,0.5305607000110539,NA,0.8575467482306354,NA,NA,0.5585933087235218,0.5305607000110539,5.017241379310345,6.189655172413793,3.2758620689655173,3.517857142857143,13
{B78AB2B5-A00A-4681-84A1-7ED2375ACB9C},ANO0095,2024,round1,Central,V1-C-5,NA,0.9219133498855803,0.8622830268285548,NA,0.1803335454727939,NA,0.5505647952991027,NA,0.1803335454727939,5.4,7.34,1.47,1.72,9
{562DAE6F-ED8F-476E-B428-6575261F2AEE},ANO0095,2024,round1,Central,V1-C-5,NA,0.9352786785464529,0.6525153168322338,NA,0.22589446609836947,NA,0.6173793523420968,NA,0.22589446609836947,5.388528138528138,6.963203463203462,1.5887445887445888,1.817099567099567,15
{C1EC974D-8F44-46E0-9F6F-062A6A37E812},ANO0095,2024,round1,Central,V1-C-5,0.6303089767207514,NA,0.8235454683976353,NA,0.5104239442080472,NA,0.823223253298772,NA,0.5104239442080472,4.981851179673321,7.270417422867514,2.3303085299455537,2.201451905626134,9
{A258876D-E355-4F3D-B5B2-8C5BBEC29BAE},ANO0095,2024,round1,Central,V1-C-1,NA,0.4532776026321595,0.9260520250650276,NA,0.1918441973114828,NA,0.666646274360391,NA,0.1918441973114828,5.999999999999999,7.454545454545453,1.4999999999999998,1.909090909090909,4
{8F1F21D3-29FA-448E-BAD3-C236C6A1AED0},ANO0095,2024,round1,Central,V1-C-6,0.5498188728177892,NA,0.928634184047717,NA,0.5951085304356204,NA,NA,0.9654436770071182,0.5498188728177892,4.622448979591836,7.459183673469388,2.5510204081632653,2.5816326530612246,5
{F43AE775-E80D-4C43-BDCE-9C84901C2D94},ANO0095,2024,round1,Central,V1-C-5,0.6241590411769206,NA,0.4476622598200588,NA,0.3163491435464604,NA,0.7349437525308502,NA,0.3163491435464604,4.976010101010101,5.378787878787879,1.8244949494949494,2.0366161616161618,13
{FC83884A-7669-49A8-B0D7-AC418178ADC0},ANO0095,2024,round1,Central,V1-C-6,0.5775755394709491,NA,0.6691018910033859,NA,0.6716608990167953,NA,0.9051049958800799,NA,0.5775755394709491,4.80532212885154,6.992997198879552,2.7619047619047614,2.3543417366946775,17
{7E4DE4C5-C083-4391-B16A-71BD4AE73CD2},ANO1295,2024,round1,Central,V1-C-5,0.5586220045078685,NA,0.47938282712488756,NA,0.5026615402424901,NA,0.8998505270925563,NA,0.47938282712488756,4.680447889750216,5.689061154177433,2.310077519379845,2.3445305770887166,15
{6DD2D793-9A00-4AE8-9C78-F8B617ABF6A2},ANO1295,2024,round1,Central,V1-C-6,0.6631887230229709,NA,0.7722953573657767,NA,0.27419349009322525,NA,0.6573835278831459,NA,0.27419349009322525,5.013079667063021,7.178359096313913,1.7146254458977408,1.8917954815695601,10
{0A8F63D2-09C0-4277-99DC-810DAF6441B7},ANO1363,2024,round1,Central,V1-C-5,0.5761510874672214,NA,0.5772508488875817,NA,0.6899808375691423,NA,0.9096782265215506,NA,0.5761510874672214,4.795937211449677,6.646352723915051,2.8125577100646355,2.362880886426593,13
{ED814023-A037-4B4C-9C81-38B01CBEBF8C},ANO1363,2024,round1,Central,V1-C-5,0.64208883849453,NA,0.5848623559081032,NA,0.2537150637298033,NA,0.732315779915116,NA,0.2537150637298033,4.993039443155452,6.720804331013147,1.6612529002320184,2.0317092034029387,15
{D8F937C1-B696-4D7B-88FE-BBD1F794DC6D},ANO1363,2024,round1,Central,V1-C-6,0.5745994417335206,NA,0.4353699596332611,NA,0.6216909551206752,NA,0.9173810287713093,NA,0.4353699596332611,4.785714285714286,5.258551307847083,2.62374245472837,2.3772635814889336,19
{67E530EF-8B80-4F1D-B99A-0CF71E44B3FB},ANO1295,2024,round1,Central,V1-C-5,0.5708547676020205,NA,0.5206471726740195,NA,0.4734286925688152,NA,0.854943833349833,NA,0.4734286925688152,4.761042722664736,6.092686459087618,2.2338884866039104,2.2606806661839247,15
{505AA942-841D-484D-8B93-34D917C7D271},ANO1524,2024,round1,Central,V6-C-1,NA,NA,NA,NA,NA,NA,NA,NA,NA,NA,NA,NA,NA,NA
{75ECE559-7061-41C9-B0BF-D7AACA4E53F4},ANO0145,2024,round2,Central,V1-C-5,0.9841470286738561,NA,0.5871084672812583,NA,0.3565197077204725,NA,0.7331340042109895,NA,0.3565197077204725,5.317919075144508,6.742774566473988,1.9291907514450866,2.033236994219653,14
{1392FDCA-5B07-4C28-A15F-8D294AFA03F6},ANO0145,2024,round2,Central,V2-C-2,0.5902841113499092,NA,0.713187872585042,NA,0.9137047998392906,NA,0.6197714827806747,NA,0.5902841113499092,4.138713745271122,6.723833543505675,4.074401008827238,3.987389659520807,18
{65B5D1FB-0604-419D-87D8-B766CFF82921},ANO0145,2024,round2,Central,V1-C-5,NA,0.5505063331061267,0.7940982402904718,NA,0.33326408898520443,NA,0.7387946916697127,NA,0.33326408898520443,5.785498489425982,7.217522658610272,1.8685800604229608,2.0438066465256797,11
{D5F72846-2FE0-48D0-8502-5C84259D82B9},ANO0145,2024,round2,Central,V2-C-1,NA,0.6875911766401173,0.9500891879612742,NA,0.5637681879859976,NA,NA,0.8120748257861993,0.5637681879859976,4.593862815884477,7.193140794223827,3.5180505415162457,5.052346570397112,12
{C42125A4-33F9-4030-AD91-B213A5BEB6A4},ANO0145,2024,round2,Central,V1-C-6,NA,0.670649739243544,0.8188225794088959,NA,0.39026322635457106,NA,0.7933405504308796,NA,0.39026322635457106,5.615667074663403,7.261933904528763,2.0171358629130967,2.145654834761322,20
{C2BC3BEA-6702-400F-913A-1E4A6CD019B7},ANO0145,2024,round2,Central,V2-C-1,0.5918237150208172,NA,0.5540215932512915,NA,0.18315589824996403,NA,0.30737533444522164,NA,0.18315589824996403,4.146900269541779,6.078167115902965,1.8180592991913747,2.512129380053908,12
{FD103D6A-7601-4CAA-A35F-6794538DF876},ANO0085,2024,round2,Central,V1-C-6,0.7640385476024697,NA,NA,0.8454238569316844,0.033416096576805776,NA,0.68285013842041975,NA,0.033416096576805776,5.108864696734059,7.853810264385692,1.0870917573872474,1.9393468118195958,8
{EDB2DCBF-4544-4E38-AEFE-8C515C293F69},ANO1740,2024,round1,Eastern,V1-C-5,0.5438818615150619,NA,0.4430152467423419,NA,0.415662427508213,NA,0.8760017123957782,NA,0.415662427508213,4.583333333333333,5.333333333333333,2.0833333333333335,2.3,7
{A9FB70F4-7AA1-45C2-A3D4-168FA6CAADA6},ANO1740,2024,round1,Eastern,V1-C-6,0.5277838782989713,NA,NA,0.44683394461201975,NA,0.9940580203549292,NA,0.5905176523964977,0.44683394461201975,4.4772727272727275,9.227272727272727,3.6818181818181817,3.2045454545454546,9
{4891DC0C-7CBC-4085-98FF-CA7BC91A2DD2},ANO0166,2024,round2,Central,V2-C-1,0.6755449488923978,NA,0.779435885568333,NA,0.4996981634846332,NA,0.41538430649626684,NA,0.41538430649626684,4.231884057971015,6.855072463768116,3.2318840579710146,3.0434782608695654,6
{4AA26789-8F18-480C-AC24-5E8FE96931D8},ANO0085,2024,round2,Central,V1-C-6,0.5933435636979085,NA,0.4065503581299073,NA,0.38418604494024605,NA,0.8681523832407098,NA,0.38418604494024605,4.909208819714657,4.976653696498055,2.0012970168612196,2.285343709468223,10
{A66CA13C-1C03-4FB1-8818-F111ABADAC97},ANO0100,2024,round2,Central,V1-C-1,0.6448595387853351,NA,NA,0.7555867875149336,NA,0.5125864215675009,NA,0.6768915331386425,0.5125864215675009,4.995670995670996,8.008658008658008,4.995670995670996,2.9999999999999996,2
{7E832658-50AA-4388-9622-2FE5F4A45EA0},ANO0100,2024,round2,Central,V1-C-6,NA,0.6882029827257606,0.6730004447615625,NA,0.6035460918227883,NA,0.8263055650473405,NA,0.6035460918227883,5.600600600600601,7,2.573573573573574,2.2072072072072073,12
{5E379CF9-575E-4700-BBC9-B9960081E918},ANO0100,2024,round2,Central,V1-C-5,NA,0.502766968676365,0.8387712070447269,NA,0.862776763363623,NA,0.9306209019253522,NA,0.502766968676365,5.890818858560794,7.297766749379654,3.2903225806451615,2.401985111662531,8
{C72ADA4B-A60C-458B-A6BF-43A247DEB717},ANO0100,2024,round2,Central,V1-C-5,NA,0.31789601777520915,0.5772165978657878,NA,0.49489011961325,NA,0.7532493676822942,NA,0.31789601777520915,6.298672566371681,6.646017699115044,2.2898230088495573,2.070796460176991,8
{7B5BB5CA-4A15-494B-ACEB-42D551CE3F34},ANO0100,2024,round2,Central,V1-C-5,NA,0.9225781448514054,0.815156953068988,NA,0.29063985384421526,NA,0.6778978355725244,NA,0.29063985384421526,5.399429386590585,7.255349500713268,1.7574893009985737,1.930099857346648,10
{43F50F06-B937-4A11-8612-57C08CAC9600},ANO1116,2024,round1,Eastern,V1-C-5,0.5824154060572323,NA,0.4422227328841266,NA,0.37476540870150143,NA,0.6530591177545251,NA,0.37476540870150143,4.837209302325581,5.325581395348837,1.9767441860465116,1.8837209302325582,8
{67E37FBA-19D8-4414-BC1D-59FEB46D3F47},ANO0191,2024,round2,Eastern,V1-C-5,0.6431503233864754,NA,0.6796279861504628,NA,0.42479786547542625,NA,0.7312728838314477,NA,0.42479786547542625,4.9940476190476195,7.011904761904762,2.1071428571428568,2.0297619047619047,12
{F16E134A-EEAA-439E-96BD-B3D7C85F4BB5},ANO0191,2024,round2,Eastern,V1-C-1,0.9301845627016814,NA,0.8214573718729291,NA,0.6372155978845183,NA,0.8938537264918192,NA,0.6372155978845183,5.266666666666667,7.266666666666667,2.6666666666666665,2.3333333333333335,6
{6D582EF5-92CD-415B-9514-11EA0395564D},ANO1442,2024,round1,Eastern,V1-C-4,0.5797315122190272,NA,0.537486181243383,NA,0.46769117924456183,NA,0.9584811959196223,NA,0.46769117924456183,4.819526627218935,6.257396449704142,2.2189349112426036,2.4540059347181007,15
{7301A484-C5C2-4D51-A7E1-F657A85330CA},ANO1346,2024,round1,Eastern,V1-C-8,0.576168606048086,NA,0.5417744654619784,NA,NA,0.5354197637006883,NA,0.538050122677971,0.5354197637006883,4.796052631578948,6.299342105263158,4.861842105263158,3.7194719471947195,16
{8D0223CF-4247-4CA6-AE2C-10CA7695C176},ANO0081,2024,round2,Eastern,V1-C-6,NA,0.41207054784741737,0.9260520250650282,NA,NA,0.32572134281162524,NA,0.6768915331386421,0.32572134281162524,6.090909090909091,7.454545454545454,6.090909090909091,3,2
{19F7B672-8537-4E88-8FE2-30B7A036D146},ANO0081,2024,round2,Eastern,V1-C-6,0.8150384981984122,NA,0.5628629323346954,NA,0.9650264974242784,NA,NA,0.5951491633956859,0.5628629323346954,5.157303370786517,6.50561797752809,3.5730337078651684,3.159090909090909,17
{011345B3-EC15-4EFB-9C85-D3D633B1B5DC},ANO0081,2024,round2,Eastern,V1-C-6,0.5909770251791568,NA,NA,0.4628869255311121,NA,0.8062444729952146,NA,0.6608517656405646,0.4628869255311121,4.8936170212765955,9.127659574468085,4.0638297872340425,3.0232558139534884,8
{F4E30EC8-D2BF-4C12-B3E2-E3E6271954FF},ANO0081,2024,round2,Eastern,V1-C-6,0.5126187970751879,NA,NA,0.4317690204045622,NA,0.661376397391457,NA,0.6371005714607192,0.4317690204045622,4.377358490566038,9.320754716981131,4.3584905660377355,3.0576923076923075,5
{E71A7145-20F3-45B4-86C3-99606F848012},ANO0081,2024,round2,Eastern,V1-C-6,NA,0.5556306096781304,0.5606396422793904,NA,NA,0.6631718090694151,NA,0.6455410784833089,0.5556306096781304,5.774193548387097,6.483870967741935,4.354838709677419,3.0454545454545454,11
{49D13B1B-BEF6-438F-A85D-82E00B61981D},ANO0081,2024,round2,Eastern,V1-C-5,NA,0.3122579040354875,0.5906869956564559,NA,0.392214803392365,NA,0.7510376137234931,NA,0.3122579040354875,6.311111111111111,6.777777777777778,2.022222222222222,2.066666666666667,8
{3B2A91DB-6770-404F-8CE7-7FDD9D4261B1},ANO0081,2024,round2,Eastern,V1-C-6,0.9035600947874866,NA,0.588728484397648,NA,0.969790919161676,NA,NA,0.5622997427903325,0.5622997427903325,5.241379310344827,6.758620689655173,3.586206896551724,3.4814814814814814,11
{AA6E210E-D632-479A-A4B1-DE58996E3078},ANO0184,2024,round2,Eastern,V1-C-7,NA,0.9995835617261197,0.5375045126559184,NA,NA,0.5532092647753,NA,0.5218169059085391,0.5218169059085391,5.333333333333333,6.257575757575758,4.757575757575758,3.878787878787879,16
{72ACE21A-BEA5-4296-9441-6F39EA25E4CF},ANO0008,2020,round1,Eastern,V1-C-4,NA,NA,NA,NA,NA,NA,NA,NA,NA,NA,NA,NA,NA,NA
{87E8AEDD-2DE4-4EE2-99F6-B144EF75FEAA},ANO0008,2020,round1,Eastern,V1-C-4,NA,0.8153487588961723,NA,0.575861527454443,NA,0.42159024445827786,NA,0.8412991499939366,0.42159024445827786,5.491467576791809,8.426621160409557,5.5290102389078495,2.761627906976744,8
{B50DA5A2-EFBD-4179-B900-222071C95768},ANO0008,2020,round1,Eastern,V1-C-4,0.8248968941319117,NA,0.6915575606504833,NA,NA,0.9605368682312332,0.9731960113631113,NA,0.6915575606504833,5.166666666666667,7.033333333333333,3.75,2.4814814814814814,10
{7FCFEBC4-F77B-4EBB-B8B0-4CA9023A88F3},ANO0008,2020,round1,Eastern,V1-C-7,0.6284993666673298,NA,0.42936144010560645,NA,NA,0.5783240135351367,NA,0.5787446172627995,0.42936144010560645,4.980132450331126,5.199779249448124,4.61037527593819,3.320088300220751,11
{547041AA-7F3B-409F-83FF-EAFCCA635A99},ANO0014,2020,round1,Central,V1-C-5,0.5926853760944365,NA,0.4276761502104814,NA,0.34896949116520315,NA,0.5748356331429146,NA,0.34896949116520315,4.9048723897911835,5.183294663573085,1.9095127610208815,1.751740139211137,11
{8AE13C78-2821-48F7-8EAE-8F5D271AA950},ANO0051,2020,round1,Eastern,V1-C-5,0.5805462554764836,NA,0.5185046996925949,NA,0.2315081874729287,NA,0.6588398700376115,NA,0.2315081874729287,4.824894514767933,6.071729957805908,1.6033755274261603,1.8945147679324894,12
{4A06F6F3-D677-45ED-98B9-236C6972763D},ANO0051,2020,round1,Eastern,V1-C-1,0.5694018996135116,NA,0.4519356894934886,NA,0.42995670103338224,NA,0.4385626433142362,NA,0.42995670103338224,4.7514705882352946,5.420588235294118,2.1205882352941177,1.5735294117647058,11
{0C168294-1F84-47F5-A8A6-C06785BF46A0},ANO0051,2020,round1,Eastern,V1-C-1,0.5459508265947499,NA,0.49755169364316987,NA,0.2678701439694905,NA,0.7053990751575608,NA,0.2678701439694905,4.596964586846544,5.866779089376054,1.6981450252951098,1.9814502529510962,9
{93605B59-A4E8-4D3E-8FF1-A55E19B67B8C},ANO0051,2020,round1,Eastern,V1-C-1,0.5695333207519166,NA,0.5145155507636616,NA,0.31256858315858427,NA,0.9572534027207489,NA,0.31256858315858427,4.752336448598131,6.0327102803738315,1.8146417445482865,2.4517133956386292,9
{4E01548F-5311-445B-BE8C-ADC57F98EB39},ANO0051,2020,round1,Eastern,V1-C-1,0.5062523324395177,NA,0.49107546311760625,NA,0.2439204692805906,NA,0.7612865079315163,NA,0.2439204692805906,4.335413416536661,5.803432137285492,1.6357254290171608,2.0858034321372854,11
{DC8D0099-AA14-4F05-8869-AFAD40591484},ANO0051,2020,round1,Eastern,V1-C-1,0.5782808229801528,NA,0.4821891326872074,NA,0.4912645800312739,NA,0.7153335855314115,NA,0.4821891326872074,4.809968847352025,5.716510903426791,2.2803738317757007,2,11
{A9417C27-0554-436E-94CA-4A1DFE4D7A8A},ANO0051,2020,round1,Eastern,V1-C-1,0.5768685926662112,NA,0.45003465520082003,NA,0.3836883946229658,NA,0.6423834947070587,NA,0.3836883946229658,4.8006644518272426,5.401993355481727,2,1.8637873754152823,10
{2EA4D8FF-06B2-4EA4-9525-810969D7BEED},ANO0051,2020,round1,Eastern,V1-C-5,0.5754690806827691,NA,0.5081645477338628,NA,0.2533984852189106,NA,0.5602152180331037,NA,0.2533984852189106,4.791443850267379,5.970588235294118,1.6604278074866312,1.732620320855615,9
{D6E6B5E2-D9F8-49AA-B014-2796ACD67417},ANO0051,2020,round1,Eastern,V1-C-1,0.569834176381803,NA,0.5390356781933618,NA,0.30930734307417584,NA,0.7050541148427123,NA,0.30930734307417584,4.754318618042226,6.272552783109405,1.8061420345489443,1.9808061420345489,8
{1743D4FA-4067-43A5-BBA1-4CCF80A750D4},ANO0072,2020,round1,Western,V1-C-2,0.8227724456135553,NA,0.5438468041122697,NA,0.45150740868465233,NA,NA,0.9457615340809922,0.45150740868465233,5.164648910411623,6.319612590799032,2.176755447941889,2.610169491525424,12
{06490312-2791-4259-ADF9-8B393BD55767},ANO0072,2020,round1,Western,V1-C-5,0.8360031882848408,NA,0.4908355042847063,NA,0.32471278242956236,NA,0.6785319651525932,NA,0.32471278242956236,5.177215189873418,5.801084990958409,1.8462929475587704,1.9312839059674503,11
{1ECECE8B-C09E-4D40-B072-34B0E7928C26},ANO0072,2020,round1,Western,V1-C-5,0.732825588092139,NA,0.5320643239820814,NA,0.5079135694607113,NA,NA,0.9469157705947967,0.5079135694607113,5.079219288174512,6.2043628013777266,2.3237657864523538,2.60849598163031,12
{1900AEE0-B602-4B2A-8C37-34EBF6C8500A},ANO0072,2020,round1,Western,V1-C-5,0.6368165287346714,NA,0.529116818838337,NA,0.4143018303641599,NA,0.6882706918219879,NA,0.4143018303641599,4.988031914893617,6.175531914893616,2.0797872340425534,1.9494680851063828,16
{EB3E5CD1-EE85-4413-A96F-AACE28C0A599},ANO0072,2020,round1,Western,V1-C-6,0.919332996078053,NA,0.6196169606975438,NA,0.3641660888300164,NA,0.8610144050627029,NA,0.3641660888300164,5.256360078277887,6.904109589041096,1.949119373776908,2.2720156555772992,12
{19B7A324-9689-4764-927C-420B7AF1155A},ANO0072,2020,round1,Western,V1-C-6,0.4894990122476841,NA,0.5210929095080322,NA,0.3998777783623314,NA,0.9194642108490085,NA,0.3998777783623314,4.225035161744023,6.0970464135021105,2.042194092827004,2.3811533052039384,11
{29EA0213-0C42-4197-849B-8B8D2DE5A1EA},ANO0072,2020,round1,Western,V1-C-6,0.7507295758336767,NA,0.5335857769017901,NA,0.33648677725765574,NA,0.956694555648406,NA,0.33648677725765574,5.096224116930572,6.2192448233861155,1.876979293544458,2.4506699147381243,8
{1C0A73D9-CD86-4C60-9CC6-BCC9FE76E8BA},ANO0072,2020,round1,Western,V1-C-5,0.5741416647459553,NA,0.4972734715275483,NA,0.344963922251132,NA,0.8477069135350093,NA,0.344963922251132,4.7826982492276,5.864057672502574,1.8990731204943359,2.247167868177137,10
{BE75BA82-3C6D-451E-AE5C-79CBAEFFAD64},ANO0072,2020,round1,Western,V1-C-5,0.7679532323226541,NA,0.5163621418983588,NA,0.3413386821921749,NA,0.8217363185541711,NA,0.3413386821921749,5.112582781456954,6.050772626931568,1.8896247240618103,2.198675496688742,13
{B3A6F7EC-326A-47C8-B0E1-2C8916EC038D},ANO0072,2020,round1,Western,V1-C-5,0.7615747499188453,NA,0.5506493925246666,NA,0.2723114704847414,NA,0.736727477257692,NA,0.2723114704847414,5.1065246338215715,6.386151797603197,1.7097203728362185,2.0399467376830893,8
{56E42C9F-6AAB-4BA9-A37D-EF6117AD8E59},ANO0073,2020,round1,Central,V1-C-2,0.5372374407753282,NA,0.9874730890184329,NA,0.8630721293594488,NA,0.7619409008137963,NA,0.5372374407753282,4.5395569620253156,7.564873417721519,3.291139240506329,2.087025316455696,11
{0075712B-88F2-4A96-B846-DE635C5B8DF0},ANO0073,2020,round1,Central,V1-C-1,0.586224663446247,NA,0.5583294232411429,NA,0.645100666818413,NA,NA,0.5711984322475603,0.5583294232411429,4.862306368330465,6.461273666092943,2.688468158347676,3.3941480206540446,8
{73663266-F2E6-4EDF-8B33-99DE7324A558},ANO0073,2020,round1,Central,V2-C-2,0.5808767030085956,NA,0.5788764205908036,NA,0.3589201814403475,NA,0.3754468994745471,NA,0.3589201814403475,4.088691796008869,6.305986696230598,2.6031042128603104,2.847006651884701,10
{85FDD108-FEA9-4456-9411-4E3D058DFB0A},ANO0082,2020,round1,Northern,V1-C-5,0.5661151672141608,NA,0.49490875009622265,NA,0.2794085751411046,NA,0.8822948684440228,NA,0.2794085751411046,4.729816147082334,5.840927258193446,1.7282174260591527,2.3117505995203835,10
{8DA4A687-FC5C-46F8-9E0C-059B70978F28},ANO0082,2020,round1,Northern,V2-C-1,NA,0.275709308020411,0.6395509374354651,NA,0.16340412556974185,NA,0.1510887953078819,NA,0.1510887953078819,5.918010752688172,6.577956989247311,1.729838709677419,1.7432795698924728,11
{9718071D-C2F6-442B-A3B6-47A642CF3016},ANO0082,2020,round1,Northern,V1-C-5,0.8458781324338583,NA,0.4948732187690374,NA,0.2516217370534667,NA,0.6367459147825363,NA,0.2516217370534667,5.186594202898551,5.840579710144927,1.6557971014492754,1.8532608695652173,10
{EFA84D69-56A6-4F72-8A3D-85982E89292A},ANO0082,2020,round1,Northern,V1-C-3,NA,0.07873308234305432,NA,0.5046535263478058,NA,0.8742247536232388,0.7489165823457454,NA,0.07873308234305432,6.826302729528537,8.868486352357321,3.925558312655087,2.0627062706270625,9
{7BA84565-8AF9-4639-B955-9573ADEA77F4},ANO0082,2020,round1,Northern,V2-C-1,NA,0.4327589138548222,0.5830107345296708,NA,0.3145806537998361,NA,0.24144049667026482,NA,0.24144049667026482,5.301687763713081,6.343881856540085,2.4050632911392404,2.187763713080169,13
{D0C9716B-1D01-4C5B-BA0C-91CCAE11CCC2},ANO0082,2020,round1,Northern,V1-C-5,0.6417641372737964,NA,0.5319792478854242,NA,0.4378749176434469,NA,NA,0.7277424263594421,0.4378749176434469,4.992731048805815,6.203530633437175,2.1412253374870196,2.9262720664589827,11
{8E97F27C-68E8-4107-9438-6FFC7A07061B},ANO0082,2020,round1,Northern,V2-C-1,NA,0.5497118701991762,0.5599405240772125,NA,0.20901012353149578,NA,0.5001901981892609,NA,0.20901012353149578,4.8427194317605275,6.132420091324201,1.9335362760020296,3.460679857940132,8
{AC6FE58B-D73E-43AC-81A4-97D8DA914EB8},ANO0082,2020,round1,Northern,V1-C-5,0.5387930423889997,NA,0.5778287231616953,NA,0.43382103091911006,NA,0.7575964390834871,NA,0.43382103091911006,4.54980595084088,6.652005174644244,2.130659767141009,2.078913324708926,8
{D80901DE-E996-4716-9484-C5020583BDD8},ANO0109,2020,round1,Central,V1-C-1,0.9439407405047662,NA,0.7466693972854189,NA,0.22044408602290994,NA,0.6875239153315489,NA,0.22044408602290994,5.279731993299832,7.132328308207705,1.574539363484087,1.948073701842546,15
{D41B5FED-22E4-46A3-8E8D-74F995D3432A},ANO0109,2020,round1,Central,V1-C-3,0.5958642214763041,NA,0.9678768708303189,NA,0.7051862959645309,NA,NA,0.9654645608562803,0.5958642214763041,4.925816023738872,7.5296735905044505,2.8545994065281897,2.58160237388724,14
{F6EE4D59-A460-45F0-AB80-E1CD3FA9F693},ANO0109,2020,round1,Central,V1-C-5,0.5836735916649503,NA,0.5549505982493906,NA,0.34167871637957536,NA,0.8515040580158101,NA,0.34167871637957536,4.845498783454988,6.428223844282238,1.8905109489051095,2.2542579075425793,11
{8FC218EF-DAAC-479E-969F-7EBD5D501AA9},ANO0109,2020,round1,Central,V1-C-5,0.539484939168685,NA,0.4593497705060777,NA,0.462423838542533,NA,0.8982278800222425,NA,0.4593497705060777,4.554364471669219,5.493108728943339,2.2052067381316998,2.341500765696784,14
{228B9AEC-4860-44E9-AEF1-02EC0027DF64},ANO0133,2020,round1,Northern,V2-C-1,NA,0.5970422738868689,0.9010183289625623,NA,0.6996752754739828,NA,0.5808649050948846,NA,0.5808649050948846,4.656976744186046,7.09593023255814,3.805232558139535,3.8575581395348837,13
{D7D2F2CA-DB3F-488A-9CA3-2E81F047875B},ANO0159,2020,round1,Central,V1-C-2,0.5446258859494191,NA,0.5983712721836608,NA,0.4288282057550794,NA,0.8255960255363692,NA,0.4288282057550794,4.588235294117647,6.852941176470588,2.1176470588235294,2.2058823529411766,6
{C6DD1E71-75B6-4C99-8C4D-BA98B8E0F710},ANO0159,2020,round1,Central,V1-C-6,NA,0.9324403290750891,0.42323751601829696,NA,0.44435849698732716,NA,0.7804756004778678,NA,0.42323751601829696,5.390964378801042,5.139878366637706,2.1581233709817553,2.121633362293658,14
{EF13225C-37FC-4A24-BC19-4AA70FF1A3B4},ANO0159,2020,round1,Central,V1-C-2,0.6368560110029647,NA,NA,0.7952183263838002,0.06325448588144336,NA,0.7205613987699484,NA,0.06325448588144336,4.988069414316702,7.940347071583514,1.1648590021691974,2.0097613882863343,7
{FBE8A560-616D-4C45-8E94-CC8067EC99B4},ANO0159,2020,round1,Central,V1-C-2,0.594752495650998,NA,NA,0.9455282684460461,0.16897226137897034,NA,0.9557493958029093,NA,0.16897226137897034,4.918491484184915,7.681265206812651,1.440389294403893,2.448905109489051,10
{DE991F70-A2A7-4B9C-9977-74B7F205CB7E},ANO0159,2020,round1,Central,V1-C-2,NA,0.7221899480099099,0.792296189761768,NA,0.2786308580000109,NA,0.7535879014514989,NA,0.2786308580000109,5.571428571428571,7.214285714285714,1.7261904761904763,2.0714285714285716,9
{144B2CEF-CE1D-498F-B9A6-896CB212EFB7},ANO0159,2020,round1,Central,V1-C-2,0.5439322536082256,NA,0.7606107329224036,NA,0.4830499310791122,NA,0.9393728062586163,NA,0.4830499310791122,4.583665338645418,7.157370517928286,2.2589641434262946,2.4183266932270917,11
{21C4CFFA-0BA2-4050-9139-62F732ED828B},ANO0196,2020,round1,Eastern,V1-C-1,0.5133603462171243,NA,NA,0.9852355739700297,0.6373642520817603,NA,0.8758036012652427,NA,0.5133603462171243,4.382244143033292,7.612823674475956,2.66707768187423,2.2996300863131935,5
{D138D916-04BA-4106-8650-6178B5A95023},ANO0198,2020,round1,Central,V1-C-7,0.9365656335240915,NA,0.5824256390738481,NA,NA,0.9121174262747835,NA,0.8440939579670864,0.5824256390738481,5.2727272727272725,6.696969696969697,3.8484848484848486,2.757575757575758,7
{29DAF5B2-BFB5-4BF1-A74E-F00FDCAF9121},ANO0198,2020,round1,Central,V1-C-3,0.9276677260028023,NA,0.5694164709890843,NA,0.9614268485817475,NA,NA,0.9223660094306014,0.5694164709890843,5.2642762284196545,6.569721115537849,3.563081009296149,2.644090305444887,12
{F93B9FEB-B6A2-4341-905A-39C7A174DC96},ANO0198,2020,round1,Central,V1-C-7,0.5665998891466462,NA,0.5910729935064926,NA,NA,0.6824957261825844,NA,0.6374305130998394,0.5665998891466462,4.733009708737864,6.781553398058251,4.315533980582524,3.057213930348259,13
{004B21F8-0C24-4F51-83D4-220FB3B2C296},ANO0198,2020,round1,Central,V1-C-7,NA,0.9981317820655485,0.5973539876275604,NA,0.7408734199835203,NA,NA,0.9269919826133386,0.5973539876275604,5.3345794392523365,6.842990654205608,2.953271028037383,2.6373831775700936,16
{64D3A766-85BC-459F-AB9F-862289D8FB3F},ANO0198,2020,round1,Central,V1-C-4,0.5795856163333897,NA,0.5891053118803554,NA,NA,0.8154985593003423,NA,0.6303288325535057,0.5795856163333897,4.818565400843883,6.762306610407877,4.045007032348805,3.067510548523207,8
{FA256995-853A-4A04-BFF6-EE046CDEE466},ANO0198,2020,round1,Central,V1-C-4,NA,0.5995480346872175,0.577152432744524,NA,0.9206564534783086,NA,NA,0.8774455054727601,0.577152432744524,5.677304964539007,6.645390070921986,3.450354609929078,2.7092198581560285,8
{F7CFD537-3A18-457C-9CC5-EEAD34A143F4},ANO0212,2020,round1,Central,V1-C-5,0.5589030507382026,NA,0.4616782886742316,NA,0.3442166687010874,NA,0.46505094913060885,NA,0.3442166687010874,4.682299546142209,5.51588502269289,1.8971255673222394,1.6081694402420577,15
{ADC6A05B-5840-4D7B-A9A8-8F4A678AC931},ANO0212,2020,round1,Central,V1-C-1,0.6200153050267287,NA,0.4986640522864904,NA,0.5020603461555829,NA,0.7658984658832291,NA,0.4986640522864904,4.972074468085106,5.877659574468085,2.3085106382978724,2.0944148936170213,16
{02BB5ECE-0BC4-4BDD-9EE6-32428079F4CF},ANO0212,2020,round1,Central,V3,NA,0.8888394603407057,0.686733411423405,NA,0.6817652113474424,NA,NA,0.597715498408339,0.597715498408339,5.648960739030024,5.909930715935335,1.6812933025404158,1.628175519630485,8
{EB7735DD-C1D5-4803-B2F7-4FBF111F8196},ANO0212,2020,round1,Central,V1-C-5,0.80742956779951,NA,0.5742654935979186,NA,0.3272809124119326,NA,0.4297628038854235,NA,0.3272809124119326,5.150076569678408,6.6171516079632475,1.8529862174578868,1.562021439509954,13
{A44C92D9-CF20-4903-B16A-1F76AC035510},ANO0212,2020,round1,Central,V2-C-1,NA,0.9316588903154559,0.44610919867539484,NA,0.2637616885000724,NA,0.17368717887123483,NA,0.17368717887123483,4.450342465753424,5.089041095890411,2.178082191780822,1.8544520547945205,15
{3CA11CA5-D101-433C-A5CC-95547DF78B91},ANO0212,2020,round1,Central,V2-C-1,NA,0.5371556363142702,0.4598227370501758,NA,0.26855508817583673,NA,0.20973038763211435,NA,0.20973038763211435,4.891994917407878,5.214739517153748,2.1994917407878014,2.0317662007623887,19
{366877AA-1BC8-47F2-B8D8-1F463705BD3B},ANO0212,2020,round1,Central,V2-C-1,NA,0.5662128437613918,0.43257009768008975,NA,0.33116392609402645,NA,0.22091959013847914,NA,0.22091959013847914,4.7779632721202,4.964941569282137,2.4791318864774623,2.0868113522537564,20
{4A82ACB3-6924-437F-9486-C72C88A759F5},ANO0225,2020,round1,Northern,V1-C-7,NA,0.4713056891004837,0.583974643433087,NA,0.752294217576444,NA,0.9815923184979285,NA,0.4713056891004837,5.9602272727272725,6.712121212121212,2.984848484848485,2.497159090909091,18
{0A75CF37-FDC0-48AD-9704-E3CD3672AA2C},ANO0225,2020,round1,Northern,V1-C-5,NA,0.3065196903045334,0.554746708720234,NA,0.9489879239117063,NA,NA,0.5796222125869319,0.3065196903045334,6.3237704918032795,6.426229508196722,3.528688524590164,3.3114754098360657,8
{240886A6-F5C7-4776-9558-7C5DC06B4407},ANO0225,2020,round1,Northern,V1-C-5,NA,0.8633659895268605,0.5366869100177366,NA,0.7022724904109102,NA,0.9768187829598567,NA,0.5366869100177366,5.450252951096122,6.249578414839799,2.846543001686341,2.488245931283906,15
{A950793E-453E-4BD7-9E28-70A432DCECB9},ANO0225,2020,round1,Northern,V1-C-1,0.5947597571049213,NA,0.577652443056755,NA,0.74456689453132,NA,NA,0.9097050360643238,0.577652443056755,4.918539325842696,6.650280898876404,2.9634831460674156,2.662447257383967,8
{CCD7B280-8108-43F3-A14C-F969F139C28A},ANO0227,2020,round1,Northern,V6-C-1,NA,NA,NA,NA,NA,NA,NA,NA,NA,NA,NA,NA,NA,NA
{0D5DC0A1-B3B5-477F-8674-D0C5CB4A6798},ANO0231,2020,round1,Central,V1-C-5,0.7278231571526905,NA,0.4807186719970093,NA,0.3755248117586474,NA,0.7153335855314115,NA,0.3755248117586474,5.074468085106383,5.702127659574468,1.9787234042553192,2,9
{F4E8E768-E466-48F8-B681-30675FCB9ACC},ANO0231,2020,round1,Central,V1-C-1,0.7695745575795601,NA,0.4397095255990873,NA,0.3245752040105831,NA,0.6855377845437258,NA,0.3245752040105831,5.114122681883025,5.300998573466477,1.8459343794579175,1.944365192582026,9
{0AFD1B49-ADFB-4135-8DEE-53451626F82B},ANO0231,2020,round1,Central,V1-C-1,NA,0.87047341983613,0.5229935375218651,NA,0.42906547151661484,NA,0.6731080594172546,NA,0.42906547151661484,5.444152431011827,6.115637319316689,2.1182654402102497,1.921156373193167,13
{0C9D8831-E9A0-4BCA-B56E-28601EAD851E},ANO0231,2020,round1,Central,V1-C-1,0.8551519713071329,NA,0.5076461182830019,NA,0.3704577603256221,NA,0.5888863551251579,NA,0.3704577603256221,5.195402298850575,5.9655172413793105,1.9655172413793103,1.7701149425287357,11
{7DD67B4C-8735-4ACF-8C4C-CFA85128CAB4},ANO0231,2020,round1,Central,V1-C-2,0.9918002785188278,NA,0.8833376793671875,NA,0.2531477941967311,NA,0.5620061480836183,NA,0.2531477941967311,5.325187969924812,7.37781954887218,1.6597744360902253,1.7349624060150375,11
{98C2E0C6-1B8E-47FE-8D00-8BBFA901E7CF},ANO0231,2020,round1,Central,V1-C-6,0.4477539045961208,NA,0.44727500873024906,NA,0.9295700912447198,NA,NA,0.5272975272575785,0.44727500873024906,3.95,5.375,3.475,3.825,12
{A609B9C7-E770-45C8-8CAD-79C47AA852AB},ANO0231,2020,round1,Central,V1-C-1,NA,0.9995835617261197,0.36961627095071126,NA,0.3836883946229658,NA,0.6672704706574556,NA,0.36961627095071126,5.333333333333333,4.615384615384615,2,1.9102564102564104,6
{72216154-7B2E-4717-8ED6-B6F6AA780FFF},ANO0231,2020,round1,Central,V1-C-1,0.9159685061859315,NA,0.4594072422401111,NA,0.2574112014559138,NA,0.6475411269388516,NA,0.2574112014559138,5.253164556962025,5.493670886075949,1.6708860759493671,1.8734177215189873,6
{D1F777AD-55E8-4EA5-B610-3BEE4D1AB1A1},ANO0242,2020,round1,Northern,V2-C-1,NA,0.6780004686255267,0.5452222701412316,NA,0.34808883020409004,NA,0.4323347299274419,NA,0.34808883020409004,4.599502487562189,5.997512437810944,2.554726368159204,3.126865671641791,15
{632553FE-041A-4C06-9558-51D927321D75},ANO0242,2020,round1,Northern,V1-C-6,0.6356414898803311,NA,0.5102159779160544,NA,0.776026942260573,NA,0.9585881327466212,NA,0.5102159779160544,4.986915887850468,5.990654205607477,3.050467289719626,2.4542056074766356,18
{F4E2EBF0-CE40-4E3A-97A6-10EAFC2F36D3},ANO0242,2020,round1,Northern,V2-C-2,NA,0.8840130109567301,0.6030737320646965,NA,NA,0.9600831681443572,0.9775015599681921,NA,0.6030737320646965,4.478359908883827,6.505694760820046,4.220956719817768,4.6332574031890665,20
{F59E09D5-2594-4E29-9F6B-2C8772F1986A},ANO0242,2020,round1,Northern,V2-C-2,NA,0.5137542759741791,0.5483432537682222,NA,0.6903718356428395,NA,0.47961344015927326,NA,0.47961344015927326,4.983830845771144,6.026119402985074,3.7935323383084576,3.359452736318408,9
{DED86D9C-B2E0-4E2C-B01C-973F9D774010},ANO0242,2020,round1,Northern,V1-C-5,0.6939365452766305,NA,0.7906988542050353,NA,NA,0.7139355243135016,NA,0.5919717314311265,0.5919717314311265,5.042283298097252,7.2114164904862585,4.251585623678647,3.1902748414376325,13
{E613969A-61B0-4048-8FAB-E7896971469B},ANO0242,2020,round1,Northern,V2-C-2,NA,0.5479324956865267,NA,0.5048644722690686,0.5387370825068701,NA,0.6333497881753106,NA,0.5048644722690686,4.8497023809523805,8.364583333333334,3.40625,4.011904761904762,9
{FE627DB2-8A54-4971-B5C1-96CB98676620},ANO0242,2020,round1,Northern,V1-C-3,NA,0.11182381465950697,0.8210805776416821,NA,0.5145709332963835,NA,0.7805795253748091,NA,0.11182381465950697,6.753299492385787,7.265989847715736,2.3411167512690354,2.1218274111675126,12
{F32A8500-9F3C-435D-8FA4-9B31D534AC09},ANO0242,2020,round1,Northern,V1-C-1,0.9541181492533576,NA,0.8628253837972282,NA,0.8795417457499144,NA,0.9470517054599636,NA,0.8628253837972282,5.289398280802292,7.340974212034384,3.336676217765043,2.4326647564469916,15
{A3AE719E-3D17-429A-B24B-E62A6AF32FCA},ANO0242,2020,round1,Northern,V2-C-2,NA,0.5926664476970065,0.5455726598277805,NA,NA,0.7344522047188029,NA,0.7880893802039097,0.5455726598277805,4.6741491672700946,6.000724112961622,4.435916002896453,5.10065170166546,17
{2A9CA900-BDCC-42DA-8CF1-B9996E3F5214},ANO0259,2020,round1,Northern,V2-C-1,NA,0.47946200561913344,0.8042339659825637,NA,0.5959976201370509,NA,0.8390052772281235,NA,0.47946200561913344,5.118406889128094,6.904198062432723,3.662002152852529,4.383207750269106,29
{18AB7646-F49F-45A1-BFE7-C5CCB58A76E1},ANO0259,2020,round1,Northern,V4-C-2,NA,NA,NA,NA,NA,NA,NA,NA,NA,NA,NA,NA,NA,NA
{9EC9493B-71AD-47D8-93A7-82E9B6157584},ANO0265,2020,round1,Central,V1-C-6,0.8341326545327681,NA,0.579439729355052,NA,0.9421811505079515,NA,NA,0.9793959201637883,0.579439729355052,5.175438596491228,6.667763157894737,3.509868421052632,2.56140350877193,15
{60681D7F-9E69-4D83-B611-DAD6365714A6},ANO0268,2020,round1,Eastern,V2-C-2,0.5641968263967192,NA,0.5454936600218395,NA,0.8545447738744779,NA,NA,0.8380670088672153,0.5454936600218395,4,6,4,5,1
{00718080-155C-4C9F-88AE-FF01FF92B6A5},ANO0270,2020,round1,Eastern,V3-C-1,0.5833649511680115,NA,NA,0.9383452106772595,0.29779878441389385,NA,0.8504482595744414,NA,0.29779878441389385,4.8452883263009845,6.517580872011252,1.3248945147679327,1.3656821378340367,7
{358CEAF3-5821-4DD1-AD83-8A0ACB9FFE40},ANO0270,2020,round1,Eastern,V3-C-1,0.651893266868686,NA,0.9083255774759416,NA,NA,0.9210393374593894,NA,0.5397962506396241,0.5397962506396241,5.034423407917384,6.258175559380379,1.8450946643717727,2.342512908777969,7
{4D221F45-304B-4973-B754-9E0FA0F387F8},ANO0270,2020,round1,Eastern,V3-C-2,0.8424628982520174,NA,NA,0.7704889087190298,NA,0.5374048326221097,NA,0.46941678520625885,0.46941678520625885,5.326315789473684,6.831578947368421,2.705263157894737,3.210526315789474,8
{5BA0D4FB-285F-49B2-85E0-1BD2BA63D452},ANO0270,2020,round1,Eastern,V3-C-1,0.6294190381039706,NA,0.6233657747651131,NA,0.7601680126158967,NA,NA,0.5675675675675675,0.5675675675675675,5,5.810344827586207,1.706896551724138,2,8
{49191555-EACF-4FD1-A97C-3A5F4DE12F70},ANO0270,2020,round1,Eastern,V3-C-1,0.5941206121797638,NA,0.8277223131991559,NA,NA,0.8120489771312699,NA,0.5547961256053742,0.5547961256053742,4.916184971098265,6.13150289017341,1.9277456647398843,2.157514450867052,10
{6E0913BE-0AAC-4B6E-A10B-F06D7BD47358},ANO0274,2020,round1,Central,V1-C-2,0.66980228070145,NA,0.5994511913437408,NA,0.7206612572102913,NA,0.7754739621569892,NA,0.5994511913437408,5.019361084220717,6.86350435624395,2.8973862536302035,2.1122942884801548,13
{8ACA4B16-A106-425E-B91A-50E0B2CF075C},ANO0274,2020,round1,Central,V1-C-5,NA,0.5162328252199592,0.7374348749314259,NA,0.9277282244480632,NA,0.8033539328105012,NA,0.5162328252199592,5.861111111111111,7.11574074074074,3.4699074074074074,2.1643518518518516,12
{8B127D97-E612-4258-8F29-BC61D2645274},ANO0274,2020,round1,Central,V1-C-5,NA,0.8940218024914725,0.6133029896575525,NA,0.5176444426210087,NA,0.8876211031166426,NA,0.5176444426210087,5.423940149625935,6.892768079800498,2.349127182044888,2.3216957605985034,10
{B7CE5CC7-F1D0-4ABF-B9D5-A6D839CA7747},ANO0274,2020,round1,Central,V1-C-1,0.7680514392702982,NA,0.8768673517102704,NA,NA,0.9345697785579478,NA,0.8906044916341538,0.7680514392702982,5.112676056338028,7.366197183098592,3.8028169014084505,2.6901408450704225,9
{A9F4435C-7998-4404-8229-A5D61CBCE89C},ANO0274,2020,round1,Central,V1-C-6,0.5600070925023376,NA,0.5913599438377998,NA,0.8151965910573384,NA,NA,0.8109110122813465,0.5600070925023376,4.68957345971564,6.7843601895734595,3.1587677725118484,2.8056872037914693,8
{81A96C25-FC5D-4366-A13B-A317C6C7254F},ANO0274,2020,round1,Central,V1-C-6,0.5494888910152171,NA,0.6328252454144141,NA,0.7733100479767366,NA,NA,0.7716970317527088,0.5494888910152171,4.620274914089347,6.927835051546391,3.042955326460481,2.86254295532646,10
{470ECC81-4986-4882-BBB7-089BC9CEAF3C},ANO0274,2020,round1,Central,V1-C-5,NA,0.3611150210228072,0.983393124847348,NA,0.7993992280239608,NA,0.6879391904991238,NA,0.3611150210228072,6.203324808184143,7.557544757033248,3.115089514066496,1.948849104859335,12
{BF45754B-457F-40D8-AE98-183E1BBD0EAC},ANO0274,2020,round1,Central,V1-C-5,0.9762232717111223,NA,NA,0.8347600113685564,0.942167782838603,NA,0.9424954502928289,NA,0.8347600113685564,5.310393258426966,7.872191011235954,3.509831460674157,2.4241573033707864,9
{77B36E43-EDB3-414F-8A9A-33331DEF8992},ANO0291,2020,round1,Northern,V1-C-5,0.5874583112083578,NA,0.5274471935185027,NA,0.30964790496450234,NA,0.7153335855314115,NA,0.30964790496450234,4.870434183321848,6.159200551343901,1.8070296347346657,2,8
{D00E26DF-09D9-4D45-B1FC-DFD68BFB3A33},ANO0291,2020,round1,Northern,V2-C-1,0.9620664826264683,NA,0.5871343974280868,NA,0.018799985430992202,NA,0.18620443169233336,NA,0.018799985430992202,4.3893129770992365,6.381679389312977,1.083969465648855,1.9160305343511452,4
{97DEAEB3-B2DD-49EC-9D1D-45181C00658A},ANO0295,2020,round1,Southern,V1-C-5,NA,0.9052361773835298,NA,0.9904530048251262,0.12415723253424603,NA,0.7358490049562969,NA,0.12415723253424603,5.414314516129032,7.60383064516129,1.3235887096774195,2.038306451612903,7
{ED74464E-850F-41AB-B44B-603CEAAF769F},ANO0295,2020,round1,Southern,V1-C-5,0.8138580568632079,NA,0.5200420925800726,NA,0.5609674142643793,NA,NA,0.5980978585762969,0.5200420925800726,5.156182212581345,6.086767895878525,2.462039045553145,3.1301518438177878,12
{2E6A4332-BD3C-4DB3-911C-72C61EAA28B3},ANO0295,2020,round1,Southern,V1-C-5,0.5799392844756233,NA,0.5617799541066781,NA,0.5259012573066023,NA,NA,0.5690306672883235,0.5259012573066023,4.82089552238806,6.4950248756218905,2.370646766169154,3.415422885572139,9
{BC9F60FF-1F06-4F17-943C-C779BC8298DC},ANO0295,2020,round1,Southern,V1-C-5,NA,0.528823869737519,0.7812502874469336,NA,0.3543788644781558,NA,0.7934361472015896,NA,0.3543788644781558,5.833333333333333,7.194444444444444,1.923611111111111,2.145833333333333,8
{D6676543-5EDF-4B34-9F3A-744713236DC5},ANO0295,2020,round1,Southern,V1-C-5,0.5819568350045482,NA,0.3984515828688519,NA,0.8208355493050412,NA,0.7830796903061302,NA,0.3984515828688519,4.834188034188035,4.897435897435898,3.174358974358974,2.1264957264957265,12
{ADBD987E-9B4D-4D01-9E52-69544A728C1B},ANO0296,2020,round1,Central,V1-C-6,0.5467038996184101,NA,0.5592527327687004,NA,0.8686570594249867,NA,NA,0.8163834437399002,0.5467038996184101,4.601926163723917,6.4703049759229545,3.3065810593900484,2.7977528089887644,14
{94327C39-CADA-4BD1-98E6-94BD54568F15},ANO0296,2020,round1,Central,V1-C-6,0.5117813704861737,NA,0.5654257356367131,NA,0.8974828010247922,NA,NA,0.7827134649174748,0.5117813704861737,4.371841155234657,6.530685920577618,3.3862815884476536,2.8465703971119134,15
{6E4BDAD9-C013-450A-BC06-ECEAFEAA609B},ANO0296,2020,round1,Central,V1-C-1,0.8833900433373394,NA,NA,0.9862291413907962,0.3410563507759696,NA,0.5947459208477961,NA,0.3410563507759696,5.222222222222222,7.611111111111111,1.8888888888888888,1.7777777777777777,6
{9AF99A8D-DD04-4366-A691-D1FF15A4A39B},ANO0296,2020,round1,Central,V1-C-1,NA,0.09936716213858121,0.6429078244011507,NA,0.4009716556420183,NA,0.697642400391191,NA,0.09936716213858121,6.780780780780781,6.9459459459459465,2.045045045045045,1.9669669669669672,6
{8D19AECE-6829-4C8A-B71E-0508D73D9D5A},ANO0296,2020,round1,Central,V1-C-5,0.5784681923785595,NA,0.5364118539792767,NA,0.535730891247419,NA,0.9142242819956,NA,0.535730891247419,4.8112033195020745,6.246887966804979,2.396265560165975,2.371369294605809,10
{2956E5DE-54E6-4DF9-8747-7080FB4E7B19},ANO0296,2020,round1,Central,V1-C-1,NA,0.3430512873518819,0.880213897615518,NA,0.24373257822203293,NA,0.714004651479597,NA,0.24373257822203293,6.24317617866005,7.372208436724567,1.6352357320099258,1.9975186104218363,5
{5C2A836A-43F3-43C2-B267-DD9C86A153AF},ANO0309,2020,round1,Western,V1-C-5,0.7493254531876723,NA,0.515648852609138,NA,0.5349232362991714,NA,NA,0.9470699039152617,0.515648852609138,5.094890510948905,6.043795620437956,2.394160583941606,2.608272506082725,13
{3C8B9D59-437F-4C6C-852F-42D9C33127A2},ANO0310,2020,round1,Central,V1-C-1,0.5770839518982488,NA,0.44940488972420256,NA,0.20383445964345057,NA,0.5177475650237511,NA,0.20383445964345057,4.802083333333333,5.395833333333333,1.53125,1.6770833333333333,9
{CAC00AF4-BDBB-4626-95CF-A216485E9701},ANO0310,2020,round1,Central,V1-C-1,NA,0.08022612435967347,0.6448480565609245,NA,0.3788377195961267,NA,0.6747095332268939,NA,0.08022612435967347,6.823008849557524,6.949431099873578,1.9873577749683944,1.9241466498103665,6
{15D9B7DC-ABE4-4D11-9D01-D3D60EADE8E2},ANO0310,2020,round1,Central,V1-C-1,0.6106951866213165,NA,0.49308796559143586,NA,0.16866162355580458,NA,0.429877649569498,NA,0.16866162355580458,4.963222416812609,5.823117338003502,1.4395796847635727,1.5621716287215412,6
{BBD1072E-5CB9-4A62-BDDB-773E942A8EB6},ANO0310,2020,round1,Central,V1-C-5,0.5886986025634297,NA,0.52210755826781,NA,0.17616462349275594,NA,0.5247938336601692,NA,0.17616462349275594,4.878605769230769,6.106971153846154,1.4591346153846154,1.686298076923077,9
{B6C436B9-8FC2-4085-B414-4F301CD4AE06},ANO0310,2020,round1,Central,V1-C-2,0.7557686268891333,NA,NA,0.9572535038701943,0.07794343370006378,NA,0.7153335855314115,NA,0.07794343370006378,5.101010101010101,7.661054994388328,1.2031425364758699,2,7
{903B6294-FA8D-4129-8599-583CAC712BC1},ANO0310,2020,round1,Central,V1-C-5,0.609434787565082,NA,0.4296428293625828,NA,0.3885452097447755,NA,0.6882166020943874,NA,0.3885452097447755,4.962025316455696,5.2025316455696204,2.0126582278481013,1.9493670886075949,9
{020E302B-90BA-4D5B-B20A-5F6A3340EDD1},ANO0310,2020,round1,Central,V1-C-1,NA,0.40097634078998706,NA,0.9614358128295205,0.3689311486759286,NA,0.6329396743189156,NA,0.3689311486759286,6.115384615384615,7.653846153846154,1.9615384615384615,1.8461538461538463,6
{9F0CB87A-ED0E-4D6F-B397-DB36A20ECAE2},ANO0310,2020,round1,Central,V1-C-5,0.7026827088612119,NA,0.9048861593263241,NA,0.3073389332983284,NA,0.78577829545508,NA,0.3073389332983284,5.050590219224284,7.4165261382799335,1.8010118043844856,2.131534569983137,13
{93F575EE-092B-40FA-A78B-098EA98CADEE},ANO0310,2020,round1,Central,V1-C-5,0.5692463308681459,NA,0.5020596482003916,NA,0.20586489622373033,NA,0.4634383798813995,NA,0.20586489622373033,4.750445632798574,5.910873440285205,1.536541889483066,1.606060606060606,8
{72F2DB0C-2819-4F07-BA15-B0568B9CBC4A},ANO0310,2020,round1,Central,V1-C-5,0.572164786510154,NA,0.5406054945113622,NA,0.10015666347163787,NA,0.4116907258514565,NA,0.10015666347163787,4.769673704414587,6.287907869481766,1.2610364683301343,1.5383877159309023,8
{EF3A3C46-096F-4A3D-B048-142504DD6314},ANO0310,2020,round1,Central,V1-C-1,NA,0.10502773719525632,0.7544707096397516,NA,0.3088223664038505,NA,0.6630837881771457,NA,0.10502773719525632,6.7682926829268295,7.146341463414634,1.8048780487804879,1.9024390243902438,7
{D5774F97-557A-4706-B09F-2B0AEAC62982},ANO0310,2020,round1,Central,V1-C-5,NA,0.21217249484909556,0.5916537501501653,NA,0.4326698918088763,NA,0.7267284881459056,NA,0.21217249484909556,6.531914893617022,6.787234042553192,2.127659574468085,2.021276595744681,10
{2E69DB96-A784-463C-BBDD-7FB2493D0BAC},ANO0311,2020,round1,Western,V2-C-2,0.6015408090609875,NA,0.6416055205562309,NA,0.5130536918943414,NA,0.4912965988860334,NA,0.4912965988860334,4.191222570532916,6.582027168234064,3.29153605015674,3.41692789968652,13
{62CE5794-362D-4E97-84C0-B4060BBF533C},ANO0311,2020,round1,Western,V2-C-1,0.5641968263967192,NA,0.8501193087608829,NA,0.45070814745672794,NA,0.4201643164201391,NA,0.4201643164201391,4,6.995098039215686,3.0130718954248366,3.0669934640522873,4
{665F4314-9876-40A1-80C4-42B0D477DD4F},ANO0311,2020,round1,Western,V1-C-5,0.5507648020249598,NA,0.41050797216112994,NA,0.3782843327268677,NA,0.7077904809837886,NA,0.3782843327268677,4.6286811779769526,5.015364916773367,1.9859154929577465,1.9859154929577465,8
{B0E7ECFE-2556-44ED-A09E-D9FB1DD021A4},ANO0318,2020,round1,Northern,V1-C-5,NA,0.8074664299650696,0.5659011014040869,NA,0.23048419464983802,NA,0.532299100284272,NA,0.23048419464983802,5.498233215547703,6.535335689045936,1.6007067137809186,1.696113074204947,13
{B28AFE97-8020-4905-8A78-326359B0811A},ANO0322,2020,round1,Southern,V1-C-1,NA,0.6322244516695177,NA,0.8703705871139182,0.6306989192919255,NA,0.9179780698648472,NA,0.6306989192919255,5.648648648648648,7.8108108108108105,2.6486486486486487,2.3783783783783785,5
{9616307A-F3B0-443C-AFCE-0CB8537F8032},ANO0322,2020,round1,Southern,V1-C-1,NA,0.4079498423689434,NA,0.9153202217055488,0.5755325919344487,NA,0.8224456701076561,NA,0.4079498423689434,6.1,7.733333333333333,2.5,2.2,4
{FAE61EEC-53BD-405B-9365-ED7B6B1BD6CD},ANO0339,2020,round1,Northern,V1-C-2,NA,0.9775181606350569,NA,0.7869809373165482,NA,0.7203019446780796,NA,0.5939912856458888,0.5939912856458888,5.3522727272727275,7.954545454545454,4.238636363636363,3.1704545454545454,13
{11B65A87-0935-4161-9EB5-5755B3B9B7C8},ANO0339,2020,round1,Northern,V2-C-2,NA,0.5880393459164427,NA,0.7456158907895485,NA,0.5193888435560353,0.5160011270551006,NA,0.5160011270551006,4.6923076923076925,7.538461538461538,5.0256410256410255,3.5384615384615383,4
{D5E441AC-F3BC-461A-AB2C-2FB480A9D930},ANO0348,2020,round1,Central,V1-C-1,0.7450465732819949,NA,NA,0.840705138519289,0.09095610444740608,NA,0.7255486344692005,NA,0.09095610444740608,5.0908265213442325,7.861943687556767,1.237057220708447,2.019073569482289,8
{FFC4256A-1B67-4F29-9A30-85D38E7D2222},ANO0348,2020,round1,Central,V1-C-1,NA,0.11870509477272811,0.6897396472607833,NA,0.4030402826155888,NA,0.673257548428231,NA,0.11870509477272811,6.73811833171678,7.030067895247333,2.050436469447139,1.921435499515034,7
{A8495269-D918-4BB1-A215-CADFBBF25A06},ANO0348,2020,round1,Central,V1-C-5,0.5913749387354073,NA,0.47404355196164993,NA,0.5130774771157948,NA,0.8535651343684586,NA,0.47404355196164993,4.896238651102465,5.636835278858626,2.337224383916991,2.25810635538262,8
{44134FB4-E244-41EA-8E25-ED0D04AE36B8},ANO0348,2020,round1,Central,V1-C-5,0.5626066332151218,NA,0.46826147202591795,NA,0.48070189515974604,NA,0.8439764178290503,NA,0.46826147202591795,4.706700379266751,5.580278128950695,2.2528445006321114,2.2402022756005056,10
{876B4B1D-49FF-4129-A162-5F434890CD81},ANO0348,2020,round1,Central,V1-C-1,NA,0.277585358873718,0.5868304858826369,NA,0.40853408160132615,NA,0.7693355153131443,NA,0.277585358873718,6.387604070305273,6.740055504162813,2.064754856614246,2.100832562442183,7
{EAE8AC3F-AC17-4869-86B5-75A94FC9C335},ANO0348,2020,round1,Central,V1-C-5,NA,0.3850853969264363,0.5645504029282941,NA,0.3633155595102419,NA,0.7058546399936907,NA,0.3633155595102419,6.150442477876106,6.522123893805309,1.9469026548672566,1.9823008849557522,9
{023C4942-3093-4780-BE10-06DCFC0C5901},ANO0348,2020,round1,Central,V1-C-5,0.5858213441043506,NA,0.4878548466150485,NA,0.350031517901653,NA,0.6918440932997789,NA,0.350031517901653,4.859649122807017,5.771929824561403,1.912280701754386,1.956140350877193,8
{E6791DCC-2F51-49DC-9E6D-06A354DB4DFF},ANO0363,2020,round1,Western,V1-C-2,0.6052570557247751,NA,NA,0.9962614087755235,0.23207642412073434,NA,0.7508011632056646,NA,0.23207642412073434,4.958057395143488,7.593818984547462,1.6048565121412806,2.066225165562914,12
{05F33892-E72E-4A01-BC6F-0A61CC5C0EAE},ANO0363,2020,round1,Western,V1-C-1,0.470247796832343,NA,0.6720892934085879,NA,0.5243532070542986,NA,0.8660969124308718,NA,0.470247796832343,4.098199672667758,6.998363338788871,2.3666121112929623,2.281505728314239,9
{CDCA32D1-DFCF-470D-A45C-50EFE9CEFAFE},ANO0363,2020,round1,Western,V1-C-1,0.46302806697131565,NA,0.5978764673660037,NA,0.7760868435886985,NA,NA,0.7118135585774943,0.46302806697131565,4.050632911392405,6.848101265822785,3.050632911392405,2.949367088607595,2
{9EC3068E-D2B6-45EC-A88B-D0B30657FDCD},ANO0363,2020,round1,Western,V1-C-1,0.5334655194340622,NA,0.6013645194550671,NA,0.540267114487485,NA,0.9378274376842725,NA,0.5334655194340622,4.514705882352941,6.871323529411765,2.4080882352941178,2.4154411764705883,9
{A24BFF56-AF8C-4465-B016-7AB1CA4F7C2F},ANO0363,2020,round1,Western,V1-C-1,0.5851329435062941,NA,0.6903977409074253,NA,0.371698132290998,NA,0.4605418900071407,NA,0.371698132290998,4.855113636363636,7.031249999999999,1.9687499999999998,1.602272727272727,10
{D55F9C11-6695-4C28-92B1-8C307BE06B2F},ANO0363,2020,round1,Western,V1-C-1,0.5935893283429087,NA,NA,0.5465865783783865,0.7923291513910145,NA,NA,0.9690298462644549,0.5465865783783865,4.910828025477707,8.608280254777071,3.0955414012738856,2.5764331210191087,11
{4E194043-64A7-49F3-87FE-83C8DB885906},ANO0363,2020,round1,Western,V1-C-1,0.700777284842345,NA,0.9853031267946201,NA,0.35561363404079754,NA,0.5035653615540573,NA,0.35561363404079754,5.048780487804878,7.560975609756097,1.9268292682926829,1.6585365853658536,8
{3131D0A0-89C5-4974-B066-F54161241053},ANO0363,2020,round1,Western,V1-C-1,0.5941227783992014,NA,NA,0.9039172661313915,0.3622874483093342,NA,0.5696968610056008,NA,0.3622874483093342,4.914342629482071,7.752988047808764,1.944223107569721,1.7450199203187249,10
{CBF05082-1C1D-4C53-A9A3-2F9F6EB115CF},ANO0370,2020,round1,Southern,V1-C-5,0.45534295382656353,NA,0.6730004447615625,NA,0.757774151847488,NA,NA,0.6768915331386421,0.45534295382656353,4,7,3,3,1
{49C56740-E291-4A7B-917E-D8D2F414CBE1},ANO0370,2020,round1,Southern,V1-C-5,NA,0.3340649196219182,0.5672256022411377,NA,0.23146729304149202,NA,0.4601674552091312,NA,0.23146729304149202,6.263001485884101,6.548291233283804,1.6032689450222883,1.6017830609212482,7
{2E55D87F-6777-4744-B599-68266BBF2B2F},ANO0370,2020,round1,Southern,V1-C-5,0.6838573381038702,NA,0.3840951743862432,NA,0.6800307852732366,NA,NA,0.7187898043135269,0.3840951743862432,5.0327102803738315,4.757009345794392,2.7850467289719627,2.939252336448598,6
{F67E7ACD-7935-4B11-ABD2-03DD29BEEC17},ANO0372,2020,round1,Northern,V2-C-1,NA,0.5870390359719919,0.4903477638932648,NA,0.26252072884777194,NA,0.38110632230929947,NA,0.26252072884777194,4.6962332928311055,5.49453219927096,2.1725394896719323,2.8748481166464157,10
{61D39516-DF9C-44BF-914E-306D24C96CD7},ANO0372,2020,round1,Northern,V1-C-2,NA,0.5888104720732114,0.5863464251755532,NA,0.7897924127915827,NA,NA,0.5605508976253273,0.5605508976253273,5.700993676603432,6.735320686540199,3.0885275519421858,3.4986449864498645,20
{CF4F0325-D372-4E1B-A791-667DC83637C5},ANO0377,2020,round1,Eastern,V1-C-1,NA,0.4043817679458912,0.8499152230611873,NA,0.6945072722167752,NA,0.8855262563595552,NA,0.4043817679458912,6.107871720116618,7.317784256559768,2.8250728862973764,2.317784256559767,9
{1B1F5C47-2752-4E6B-93A0-765163A6DAA6},ANO0377,2020,round1,Eastern,V1-C-1,0.5743868633237043,NA,0.5711270190417521,NA,0.30845537606944307,NA,0.7258347702937883,NA,0.30845537606944307,4.784313725490196,6.586452762923351,1.803921568627451,2.019607843137255,12
{B6B68005-A514-4423-BB3B-D9414198F0D6},ANO0377,2020,round1,Eastern,V1-C-1,0.6068231937440396,NA,0.5807062638179545,NA,0.33518164435457565,NA,0.6124730689729179,NA,0.33518164435457565,4.959544879898862,6.6801517067003795,1.8735777496839443,1.8079385403329065,13
{6A9D36AA-F7AD-46EE-B2E6-277E011A1F6E},ANO0377,2020,round1,Eastern,V1-C-6,0.6765689942843367,NA,0.5492529783834413,NA,0.8354981479554198,NA,NA,0.7389450879284021,0.5492529783834413,5.025787965616046,6.372492836676218,3.214899713467049,2.910029498525074,24
{0C805C36-CB16-4174-9E7A-9598B9DD3764},ANO0377,2020,round1,Eastern,V1-C-5,0.5333800989915154,NA,0.48463475155597036,NA,0.36198222920336365,NA,0.8044451367595682,NA,0.36198222920336365,4.5141430948419305,5.740432612312812,1.9434276206322794,2.1663893510815306,9
{539F8E6F-78C1-443D-9EFB-9A62356D3521},ANO0381,2020,round1,Western,V6-C-3,NA,NA,NA,NA,NA,NA,NA,NA,NA,NA,NA,NA,NA,NA
{56CA2F4F-5609-445D-A43F-FA74A486D59D},ANO0386,2020,round1,Southern,V1-C-5,0.559259395571215,NA,0.5612280607470013,NA,0.45533145585961904,NA,0.899779706274737,NA,0.45533145585961904,4.6846473029045645,6.4896265560165975,2.1867219917012446,2.3443983402489623,16
{4A7B1258-7F15-458D-B8A5-274707ACF7DC},ANO0396,2020,round1,Northern,V1-C-3,0.5247621638414659,NA,0.5832901996464466,NA,NA,0.4741536047905664,NA,0.48498023703127463,0.4741536047905664,4.457364341085271,6.705426356589147,5.220930232558139,4.24031007751938,16
{AA84F2BB-14C2-45A6-81FB-EEB7E11D20BA},ANO0398,2020,round1,Western,V1-C-5,NA,0.9360590208447346,0.550479056757672,NA,0.254282527971038,NA,0.6602422098218759,NA,0.254282527971038,5.387858347386172,6.3844856661045535,1.6627318718381112,1.897133220910624,10
{60F8D60E-3344-44CF-AB0F-B11277C62897},ANO0398,2020,round1,Western,V1-C-1,NA,0.2092050473686889,0.6944125015564712,NA,0.32465941083481725,NA,0.7153335855314115,NA,0.2092050473686889,6.538461538461538,7.038461538461538,1.8461538461538463,2,5
{0CE3A2B1-896C-45AF-B9EA-2597733B0280},ANO0398,2020,round1,Western,V2-C-1,0.6619947237711737,NA,0.6385932818828697,NA,0.4863063109638723,NA,0.39590111410794504,NA,0.39590111410794504,4.224438902743142,6.576059850374064,3.172069825436409,2.947630922693267,8
{4B4BE7B0-0099-43EF-8753-C825CCD1C185},ANO0409,2020,round1,Central,V1-C-3,NA,0.8865378330748964,0.5263077571809175,NA,0.7854557269732387,NA,NA,0.9451601664502775,0.5263077571809175,5.430363864491844,6.148055207026348,3.0765370138017563,2.6110414052697615,24
{2A909E90-985A-4D87-B34D-97AD9BA04E47},ANO0416,2020,round1,Eastern,V1-C-4,0.597184665227744,NA,NA,0.5663447612339225,NA,0.8114675882777895,NA,0.8809992617642484,0.5663447612339225,4.9345156889495225,8.485675306957708,4.053206002728514,2.7040673211781208,12
{D773FD38-50EE-4A03-B766-6D145377D272},ANO0416,2020,round1,Eastern,V1-C-8,NA,0.43764734047242954,0.5115631408006176,NA,NA,0.3039709302100826,NA,0.908974045800399,0.3039709302100826,6.0344827586206895,6.003831417624521,6.218390804597702,2.663507109004739,14
{26A3A3ED-4A05-4EE5-BF5B-A8C82C3227C6},ANO0417,2020,round1,Eastern,V2-C-2,NA,0.5729864050172926,0.5726176541665718,NA,0.5776628371229581,NA,0.5637742098043841,NA,0.5637742098043841,4.751381215469613,6.248618784530386,3.580110497237569,3.7734806629834248,17
{C8B65C3B-67B8-44C1-89EE-6B09B1535780},ANO0417,2020,round1,Eastern,V1-C-8,0.5590769377147179,NA,0.5653761951198084,NA,NA,0.7969306485074531,NA,0.5659975835383793,0.5590769377147179,4.683445190156599,6.530201342281878,4.082774049217002,3.445190156599552,19
{C5BAEA66-D6AA-43F9-A47F-974DCE615BB0},ANO0417,2020,round1,Eastern,V1-C-7,0.6984876871864428,NA,0.5664836063675164,NA,NA,0.8934153177613267,NA,0.6112048662417533,0.5664836063675164,5.0466058763931105,6.541033434650456,3.8865248226950357,3.0952380952380953,27
{9B6D609D-07D1-4E2F-92BA-14D60F09C2FF},ANO0426,2020,round1,Southern,V2-C-3,0.2414633323580343,NA,0.467201278240234,NA,NA,0.8972571707880317,NA,0.5248437608564072,0.2414633323580343,2.2839313572542905,5.282371294851795,4.280811232449298,5.9204368174727,8
{353197CA-1C53-43E9-B670-4925E56414B0},ANO0436,2020,round1,Northern,V1-C-7,0.5566704255460481,NA,0.516835388006461,NA,0.6991646609319723,NA,NA,0.9138002320299143,0.516835388006461,4.667590027700831,6.055401662049861,2.837950138504155,2.656509695290859,28
{D984D583-8323-4C22-A6AC-102630E046AF},ANO0436,2020,round1,Northern,V1-C-5,0.9121986492687977,NA,0.8054630523546911,NA,0.692780854869115,NA,0.6814711960647118,NA,0.6814711960647118,5.249584026622296,7.237936772046589,2.8202995008319465,1.9367720465890184,9
{DAC93B58-8015-4273-886C-DCEDFEFAC174},ANO0436,2020,round1,Northern,V1-C-5,0.9715536305455199,NA,NA,0.87458729814459,0.9086179464195127,NA,NA,0.9656590059703758,0.87458729814459,5.305958132045088,7.8035426731078905,3.4170692431561993,2.581320450885668,14
{30016422-F429-40A3-AE6C-3411F8C3CA56},ANO0436,2020,round1,Northern,V1-C-5,0.8333878351456017,NA,0.4836891031430035,NA,0.4543406930952054,NA,0.9679971721326335,NA,0.4543406930952054,5.174731182795698,5.731182795698924,2.1841397849462365,2.471774193548387,15
{82B03BBB-D014-4390-8A89-A985382B446B},ANO0445,2020,round1,Central,V1-C-3,NA,0.18796935611977678,0.7000498001250741,NA,0.4452519562460857,NA,0.7819004177539363,NA,0.18796935611977678,6.585310734463277,7.048587570621469,2.16045197740113,2.1242937853107344,9
{7842029F-5D22-4123-825D-A82E490BD389},ANO0445,2020,round1,Central,V1-C-3,NA,0.36043761173159644,0.5992967226973664,NA,0.5299354497476012,NA,0.8484904486135996,NA,0.36043761173159644,6.204819277108434,6.861993428258489,2.381161007667032,2.2486308871851044,12
{FA846885-B4D3-46B6-A958-0AD624D47CE2},ANO0445,2020,round1,Central,V1-C-3,0.5235404373220487,NA,0.5666300384571703,NA,0.9843581738162475,NA,NA,0.646027797870652,0.5235404373220487,4.44931506849315,6.542465753424658,3.6264840182648403,3.0447488584474884,18
{B4FC55C4-1A3D-4594-95F8-33BA2C7DF580},ANO0445,2020,round1,Central,V1-C-3,NA,0.2559592056821459,0.9649830374194075,NA,0.6977056415687356,NA,0.9059244833539108,NA,0.2559592056821459,6.435314685314685,7.524475524475524,2.8339160839160837,2.3558718861209966,13
{48774D4D-1131-47E7-9E95-18D34FDCE434},ANO0445,2020,round1,Central,V1-C-3,NA,0.7198235569924267,0.7389617571629392,NA,0.7260632525823467,NA,0.9437716805992318,NA,0.7198235569924267,5.573459715639809,7.1184834123222736,2.9123222748815167,2.4265402843601898,17
{B62DF54A-3570-4312-9BD3-6837629C2D9C},ANO0445,2020,round1,Central,V1-C-3,0.7005802522144932,NA,0.5843826931747792,NA,0.34345508470086444,NA,0.6605447954668362,NA,0.34345508470086444,5.048593350383632,6.71611253196931,1.8951406649616367,1.89769820971867,13
{0D391174-D438-4BE5-8496-6F3DE70D6B98},ANO0445,2020,round1,Central,V1-C-3,0.5882672376998984,NA,0.6627959207493253,NA,0.7879751745306759,NA,0.9902037007372531,NA,0.5882672376998984,4.875763747454175,6.981670061099797,3.0835030549898166,2.513238289205703,14
{37103FAC-1E9E-4C5C-B217-41F1C3847143},ANO0445,2020,round1,Central,V1-C-4,NA,0.8478662383058244,0.7038388006119563,NA,NA,0.44967000318184097,NA,0.8297135744905876,0.44967000318184097,5.463556851311954,7.055393586005832,5.364431486880467,2.7784256559766765,18
{DA12B035-E22B-4ADF-B21A-004E09C6BD60},ANO0445,2020,round1,Central,V1-C-3,NA,0.8102223014537314,NA,0.585212623733298,NA,0.5733259653125836,NA,0.7320683333320288,0.5733259653125836,5.4958677685950414,8.368595041322314,4.6396694214876035,2.92,12
{5DB1F90F-711F-4CE7-B400-7F4EAD4413B5},ANO0457,2020,round1,Northern,V2-C-1,NA,0.562744527045536,0.47667195435611304,NA,0.1941048284137979,NA,0.2192736093569834,NA,0.1941048284137979,4.791574279379157,5.369179600886918,1.8669623059866962,2.0787139689578713,10
{661FE308-D0CE-4052-8025-6861299D1CAF},ANO0457,2020,round1,Northern,V1-C-2,NA,0.4102658593166989,NA,0.4571889572489142,NA,0.8400184032155449,0.8573678582663342,NA,0.4102658593166989,6.094890510948905,9.16301703163017,3.995133819951338,2.265206812652068,7
{0C0B1104-EE2A-4C4E-B8FF-362BEC78B4E6},ANO0457,2020,round1,Northern,V2-C-1,NA,0.5167025339106754,0.5936121021541405,NA,0.11831119314667153,NA,0.1353274926585058,NA,0.11831119314667153,4.972260748959778,6.441054091539528,1.5284327323162277,1.665742024965326,11
{5769F396-A178-46B7-8686-29969AF5F8EB},ANO0457,2020,round1,Northern,V1-C-5,0.7673134362049501,NA,0.5968701649494264,NA,0.38189824659206556,NA,0.6095541551956178,NA,0.38189824659206556,5.111975116640746,6.838258164852255,1.995334370139969,1.80248833592535,15
{A95C9E42-99E6-4668-9783-27315A9C303B},ANO0460,2020,round1,Northern,V1-C-6,NA,0.8909853918202106,0.9578139115618811,NA,0.776883304086464,NA,NA,0.8164333764112209,0.776883304086464,5.426546391752578,7.51159793814433,3.052835051546392,2.7976804123711343,15
{C6179C22-EF3D-4320-B1C1-F2C4BBF35A46},ANO0460,2020,round1,Northern,V1-C-1,0.5978151254500517,NA,0.5441159595364122,NA,0.2121852660492908,NA,0.6262590869233078,NA,0.2121852660492908,4.9386694386694385,6.3222453222453225,1.553014553014553,1.8336798336798337,10
{EF9CBFF7-14F3-45DF-8A90-6D1544C87ED7},ANO0475,2020,round1,Northern,V2-C-2,NA,0.9918363558848899,0.5824464563458996,NA,NA,0.40531789152870557,NA,0.728857259952642,0.40531789152870557,4.414956011730205,6.338709677419355,5.678885630498534,5.219941348973607,13
{51F785EE-5A3D-4531-BCCF-E20C45460B62},ANO0475,2020,round1,Northern,V1-C-3,0.5933256671073404,NA,0.589860859998195,NA,NA,0.4818607801594202,NA,0.5023645597119485,0.4818607801594202,4.909090909090909,6.7696969696969695,5.175757575757576,4.06969696969697,24
{A506DFB4-5998-44FF-81C5-A8FEE4965819},ANO0485,2020,round1,Eastern,V2-C-1,NA,0.7763548592162466,0.6422648588247998,NA,0.1399317097420442,NA,0.19480345579479177,NA,0.1399317097420442,4.541666666666667,6.583333333333333,1.625,1.9583333333333333,8
{7D4C4762-7BD7-468A-8A87-E8AE46DE382E},ANO0485,2020,round1,Eastern,V1-C-1,0.6357437233247485,NA,0.4992219763490126,NA,0.1644378834098425,NA,0.35750960733707965,NA,0.1644378834098425,4.987012987012987,5.883116883116883,1.4285714285714286,1.4675324675324675,6
{A449D130-6D04-473C-B5AD-3FD2864EBD0C},ANO0505,2020,round1,Northern,V1-C-6,0.5704520226909968,NA,NA,0.591616205243816,NA,0.8475248408253949,NA,0.5224593078815809,0.5224593078815809,4.758389261744966,8.328859060402685,3.9798657718120807,3.87248322147651,14
{3D72A63C-3D56-4CEC-B764-B7C334F6B9F2},ANO0505,2020,round1,Northern,V1-C-1,0.6899836235477628,NA,NA,0.565588554737295,0.9104253506482358,NA,NA,0.9972558720733726,0.565588554737295,5.038528896672504,8.490367775831874,3.4220665499124343,2.5355086372360844,9
{BB53E910-1907-48E9-B7CC-377CBBAE16B0},ANO0505,2020,round1,Northern,V1-C-1,NA,0.4612931216884306,NA,0.5264908663088095,NA,0.5869731461277576,NA,0.7762197063040545,0.4612931216884306,5.982316534040672,8.732979664014147,4.559681697612732,2.8559855985598563,12
{CEF36258-5719-44F4-A5C6-66E4E2267B07},ANO0505,2020,round1,Northern,V1-C-5,0.5756347989282025,NA,0.5528058191639221,NA,0.8387640915020845,NA,NA,0.7828842887241816,0.5528058191639221,4.792535675082328,6.407244785949507,3.2239297475301867,2.8463227222832055,12
{ED52F8F2-457C-4548-ABA3-8E5C0B6FBE32},ANO0505,2020,round1,Northern,V1-C-1,NA,0.5765785049025651,NA,0.9424746973080482,NA,0.8650102689150015,0.9897897579220658,NA,0.5765785049025651,5.727979274611399,7.686528497409326,3.944300518134715,2.5124653739612186,9
{3474EECC-35F8-4D21-B2A9-A1AA20E6BF24},ANO0505,2020,round1,Northern,V1-C-2,NA,0.6583514177300149,NA,0.5727089203150175,NA,0.964625880264587,0.9391332632842717,NA,0.5727089203150175,5.626223091976517,8.446183953033268,3.7416829745596867,2.417879417879418,9
{C6F84B67-EA1E-4BAE-A924-D428F0BCD0A6},ANO0505,2020,round1,Northern,V1-C-1,NA,0.5482897790530107,NA,0.5495357959734466,NA,0.5922710851738312,NA,0.720615480122154,0.5482897790530107,5.790388548057259,8.58997955010225,4.528629856850715,2.936605316973415,14
{4FFFAE2D-93F8-46B1-9E9C-19093C1ADB1E},ANO0505,2020,round1,Northern,V1-C-1,0.5768228344300205,NA,0.4798146424999425,NA,NA,0.9946663897219653,NA,0.46138591423855024,0.46138591423855024,4.800362976406533,5.693284936479128,3.680580762250454,4.471869328493648,11
{5DC65268-BC36-411B-97F3-6DB5751DC14F},ANO0505,2020,round1,Northern,V3-C-1,NA,0.5888619096107168,NA,0.7644496704501473,NA,0.8326579775302112,NA,0.5589189189189189,0.5589189189189189,5.881491344873503,6.842876165113182,1.9121171770972039,2.1066666666666665,10
{BE9158E9-070D-4CD4-A473-6223872CBFF8},ANO0505,2020,round1,Northern,V3-C-2,0.9925016607940742,NA,0.9799591248968746,NA,NA,0.7982524437965219,NA,0.5507835332758092,0.5507835332758092,5.556127703398558,6.370751802265706,1.9382080329557156,2.2070030895983526,9
{FCD5788D-1285-401D-A3A8-BE069030D3EC},ANO0508,2020,round1,Northern,V1-C-5,0.526769299524848,NA,NA,0.6923552763850931,0.8215992686514131,NA,0.9358584655413267,NA,0.526769299524848,4.470588235294118,8.117647058823529,3.176470588235294,2.411764705882353,3
{190AE3A8-4BFE-4ABD-97B5-7060453D6450},ANO0508,2020,round1,Northern,V1-C-5,0.558416591843229,NA,NA,0.6308261853845423,0.8097860978980902,NA,NA,0.9074071264898413,0.558416591843229,4.679094540612517,8.2237017310253009,3.1438082556591214,2.66577896138482,11
{A3649EDF-3C76-44C2-AB7E-B6B9AE958654},ANO0508,2020,round1,Northern,V1-C-2,NA,NA,NA,NA,NA,NA,NA,NA,NA,NA,NA,NA,NA,NA
{09DCB6BB-7656-474B-8675-8EEEF3C23954},ANO0508,2020,round1,Northern,V1-C-5,0.5668789803951914,NA,0.5235634734227677,NA,0.35462109200001385,NA,0.8086509319425337,NA,0.35462109200001385,4.734848484848484,6.121212121212121,1.9242424242424243,2.1742424242424243,9
{19E1554B-C530-42C1-8CF2-A05A4FDA348C},ANO0508,2020,round1,Northern,V1-C-5,0.5801406522827327,NA,0.503219882838096,NA,0.3495827595453689,NA,0.9414590974145944,NA,0.3495827595453689,4.822222222222222,5.9222222222222225,1.9111111111111112,2.422222222222222,7
{AE63AD72-EC5D-440A-AC5F-1D6AF205F3F3},ANO0508,2020,round1,Northern,V3-C-2,0.6049667405153948,NA,NA,0.9547511191019074,0.5847482430081459,NA,NA,0.5615953031683368,0.5615953031683368,4.962546816479401,6.486891385767791,1.637952559300874,2.073657927590512,8
{4C5C0E27-7905-4E61-AE5C-807A07639AF4},ANO0508,2020,round1,Northern,V1-C-5,0.4933862497104366,NA,NA,0.912521842915997,0.6110478497375172,NA,0.9962606290582545,NA,0.4933862497104366,4.250645994832041,7.738156761412576,2.594315245478036,2.5245478036175713,7
{F33D7513-39D8-400B-A622-23D0129CBE4A},ANO0508,2020,round1,Northern,V1-C-5,0.5497578970084493,NA,0.5143914161145181,NA,0.2990956776982174,NA,0.837626910441297,NA,0.2990956776982174,4.622047244094488,6.031496062992126,1.779527559055118,2.2283464566929134,11
{334B6710-C3C7-4577-B253-557B8C72E406},ANO0508,2020,round1,Northern,V1-C-6,NA,0.6149846866703124,NA,0.9483923660646763,NA,0.783790610952079,NA,0.955663208833893,0.6149846866703124,5.663446054750402,7.676328502415458,4.109500805152979,2.595813204508856,5
{6ED83E25-74CC-4760-AEE5-5474A5068210},ANO0508,2020,round1,Northern,V1-C-2,NA,NA,NA,NA,NA,NA,NA,NA,NA,NA,NA,NA,NA,NA
{F155BB90-88B3-48B0-8DC6-17D16EB854BD},ANO0508,2020,round1,Northern,V1-C-5,0.5715716357342449,NA,0.5415654159760853,NA,0.5807175702401645,NA,0.8456050397457631,NA,0.5415654159760853,4.7657657657657655,6.297297297297297,2.5135135135135136,2.2432432432432434,7
{1A0B30E2-1103-4791-8DA4-C86EA37AD3CA},ANO0508,2020,round1,Northern,V1-C-6,0.6868293084439725,NA,0.6174232956526118,NA,0.6678142156416174,NA,0.7597370723692793,NA,0.6174232956526118,5.035532994923858,6.9001692047377325,2.751269035532995,2.0829103214890017,9
{CBFA4BC0-A896-4190-B28F-76479D349230},ANO0508,2020,round1,Northern,V1-C-6,NA,0.6475269940376966,NA,0.6684342804394976,NA,0.5772240262910064,NA,0.7220127482500565,0.5772240262910064,5.635514018691588,8.158878504672897,4.616822429906542,2.9345794392523366,5
{F8A9E41B-BD2C-4D96-A33E-4F2BE5864A42},ANO0508,2020,round1,Northern,V1-C-6,0.5981956452231325,NA,0.7057482963302463,NA,0.683311515576242,NA,NA,0.8087478571301913,0.5981956452231325,4.9411764705882355,7.0588235294117645,2.7941176470588234,2.8088235294117645,12
{10CE7D5C-4284-401C-A252-263D58EAA82E},ANO0508,2020,round1,Northern,V1-C-5,0.9201571656950367,NA,0.5520651536327645,NA,NA,0.9125430916985766,NA,0.9593442007952642,0.5520651536327645,5.257142857142857,6.4,3.8476190476190477,2.5904761904761906,6
{0EA99DB6-EA20-405E-824D-37E63661F6BD},ANO0517,2020,round1,Northern,V1-C-5,0.5637711480690645,NA,0.5243087313057146,NA,0.37480888244533334,NA,0.9840922873914162,NA,0.37480888244533334,4.714372716199757,6.128501827040195,1.9768574908647993,2.5018270401948843,11
{F182BBB5-B9F3-4412-9406-34BC4AEA9854},ANO0517,2020,round1,Northern,V1-C-5,0.59416702511515,NA,0.4987038424866888,NA,0.41644228196882876,NA,NA,0.8367023873572926,0.41644228196882876,4.914634146341464,5.878048780487805,2.0853658536585367,2.768292682926829,6
{2088AE6D-64A2-4702-A89E-4FD3E1F4E898},ANO0517,2020,round1,Northern,V3-C-2,0.5820613395903796,NA,0.7929455362345481,NA,NA,0.9701175353079445,NA,0.538749123763533,0.538749123763533,4.836695485110471,6.076849183477426,1.807877041306436,2.3554274735830933,10
{5343FA0F-2CCB-4B65-A549-F10069611F9A},ANO0517,2020,round1,Northern,V1-C-7,0.5692325153273918,NA,0.5172619918592254,NA,NA,0.6960605252108485,NA,0.542997035640997,0.5172619918592254,4.750354609929078,6.059574468085106,4.287943262411348,3.670921985815603,19
{C282BCA0-018B-4D2B-8BCA-CBBFD15E0C9D},ANO0517,2020,round1,Northern,V1-C-7,NA,0.551457164335886,0.5492506064407546,NA,NA,0.8172237644149464,NA,0.634414612321708,0.5492506064407546,5.783400809716599,6.372469635627531,4.041497975708502,3.061586638830898,23
{564CAF65-7D1C-41ED-9C8C-AB53882ABAB0},ANO0518,2020,round1,Eastern,V2-C-1,0.5983905734510657,NA,0.49590332729258146,NA,0.30530554852809644,NA,0.24023192967579063,NA,0.24023192967579063,4.181818181818182,5.545454545454546,2.3636363636363638,2.1818181818181817,3
{A8CEAC71-5925-48A3-B1E5-DD7C2DD34105},ANO0531,2020,round1,Eastern,V2-C-1,0.7903140770671353,NA,0.575526457034278,NA,0.4213673956277285,NA,0.6345351817010277,NA,0.4213673956277285,4.294943820224719,6.275280898876405,2.882022471910112,4.014044943820225,19
{B6FD6696-E5FC-4016-A8D0-A190D2825922},ANO0534,2020,round1,Eastern,V2-C-1,0.8485165072662915,NA,NA,0.4967412396317219,0.4822261997264292,NA,0.5081829281603264,NA,0.4822261997264292,4.326923076923077,8.423076923076923,3.1538461538461537,3.5,4
{FBCFEC21-4BDC-4957-B385-C3257AA76126},ANO0535,2020,round1,Central,V1-C-7,0.5579675968291413,NA,0.5105905619141415,NA,0.8036686013674821,NA,NA,0.576623119398933,0.5105905619141415,4.676136363636364,5.9943181818181825,3.1268939393939394,3.3409090909090913,20
{2513305D-770F-4A31-A72E-9B27B6CC7A10},ANO0535,2020,round1,Central,V2-C-2,NA,0.5877471682332265,0.3741740050337751,NA,NA,0.5603072407836912,0.36017423864947035,NA,0.36017423864947035,4.693454309786131,4.429682436811406,4.791315618924173,2.771872974724562,26
{1BA4D3DF-E19A-4BC0-BD1F-7836B5973938},ANO0535,2020,round1,Central,V1-C-6,0.671146608884624,NA,0.553944883500599,NA,0.1979630553870837,NA,0.6449973198622077,NA,0.1979630553870837,5.0206378986866795,6.418386491557224,1.5159474671669795,1.8686679174484053,13
{8EB23071-A5FB-49FA-A21F-931309FFACAE},ANO0535,2020,round1,Central,V1-C-2,NA,0.5140386753710543,0.6132992676390295,NA,0.5935340581701107,NA,0.8704020189661892,NA,0.5140386753710543,5.865951742627346,6.8927613941018775,2.5469168900804293,2.289544235924933,10
{84EB7382-6AFC-4C02-BCD6-07E1F598E2D1},ANO0535,2020,round1,Central,V1-C-5,0.6091434749315621,NA,0.5078194946895193,NA,0.5933541840344225,NA,0.6889945483405318,NA,0.5078194946895193,4.961748633879781,5.967213114754098,2.546448087431694,1.9508196721311477,10
{8D15FABA-A915-42CF-8EBE-B55C24D2463B},ANO0535,2020,round1,Central,V1-C-5,0.6354804506760675,NA,0.4288673007897262,NA,0.4774173285681668,NA,0.9106101296144568,NA,0.4288673007897262,4.98676293622142,5.194945848375451,2.2442839951865223,2.364620938628159,9
{86BAA610-DAE5-4F0A-8EA5-59658344AD1A},ANO0535,2020,round1,Central,V2-C-3,NA,0.5555102531625387,NA,0.5240571044756721,0.5956451387950116,NA,0.9476284352440736,NA,0.5240571044756721,4.8199643493761135,8.22638146167558,3.6604278074866308,4.579322638146167,15
{0787C927-0F3E-4EC7-9BED-5AFC0E23AD57},ANO0535,2020,round1,Central,V3-C-1,NA,0.030326646787747102,NA,0.6558198984711506,NA,0.7988063092542943,NA,0.5699962635446506,0.030326646787747102,6.942396313364056,7.046082949308756,1.9377880184331797,1.9700460829493087,7
{672F73EE-ED8E-406B-8A0C-B78924A4E833},ANO0536,2020,round1,Eastern,V2-C-1,NA,0.524045346832134,0.5539074439810453,NA,0.9853665087778009,NA,NA,0.7678620785881124,0.524045346832134,4.943444730077121,6.077120822622108,4.16452442159383,5.141388174807198,17
{DCB02E28-4E72-4263-90AA-24D8035064F3},ANO0536,2020,round1,Eastern,V1-C-5,0.5320628504184709,NA,0.5203892841620321,NA,NA,0.76777497887876,NA,0.5286755915958615,0.5203892841620321,4.505464480874317,6.090163934426229,4.14207650273224,3.8114754098360653,13
{D3670094-3585-4847-90D1-413A4FC91CD1},ANO0536,2020,round1,Eastern,V1-C-5,0.5963860867518089,NA,0.5309145801524638,NA,0.34774053355886386,NA,0.9201368065184948,NA,0.34774053355886386,4.929254302103251,6.193116634799235,1.9063097514340346,2.382409177820268,11
{A09DB652-6BA3-4A10-94CA-6F436C84987E},ANO0536,2020,round1,Eastern,V1-C-6,0.5589232203501737,NA,0.5954456486879917,NA,NA,0.7678657416103509,NA,0.4571426532171722,0.4571426532171722,4.6824324324324325,6.824324324324324,4.141891891891891,4.513513513513513,12
{5B14A2B3-54A1-48F0-AEA1-0D48AFB30642},ANO0536,2020,round1,Eastern,V1-C-6,0.5374329511361411,NA,0.625954235465707,NA,0.8647486433920948,NA,NA,0.5559639710405823,0.5374329511361411,4.5408450704225345,6.915492957746479,3.295774647887324,3.5436619718309856,14
{AE8FAEFF-7005-4A5E-9BA4-493814D67A84},ANO0536,2020,round1,Eastern,V1-C-2,NA,0.19830895115156955,0.5990290295494406,NA,0.4001750053294212,NA,0.7257937500408103,NA,0.19830895115156955,6.5625,6.859374999999999,2.0429687499999996,2.01953125,7
{9B0237EE-5D11-4FF9-AF3E-CF0E31D5CD04},ANO0536,2020,round1,Eastern,V1-C-6,0.49478885943112466,NA,NA,0.47481021084872643,NA,0.9431765728752702,NA,0.6866331998394518,0.47481021084872643,4.259887005649718,9.053672316384182,3.785310734463277,2.9858757062146895,14
{24156BE5-30D0-41EC-AE7A-4CFB2B7B6023},ANO0558,2020,round1,Northern,V1-C-4,NA,0.478459691667279,0.6064572514225032,NA,NA,0.7457531898090337,NA,0.8069378635607656,0.478459691667279,5.944444444444445,6.880471380471381,4.186868686868687,2.8114478114478114,16
{B55EC3B5-4DCE-4EE9-A928-6A6403D59341},ANO0558,2020,round1,Northern,V1-C-4,NA,0.5205240793658794,0.6323742006743497,NA,0.9741414684225689,NA,NA,0.5763872726078757,0.5205240793658794,5.851643945469126,6.927024859663191,3.598235765838011,3.3432237369687248,26
{E0EABB58-ECD2-437E-A2EC-B2DC30A221AE},ANO0558,2020,round1,Northern,V1-C-1,0.5910992528093835,NA,0.5170774033767114,NA,0.42343300920542437,NA,0.983113796972023,NA,0.42343300920542437,4.894422310756972,6.057768924302789,2.103585657370518,2.5,11
{5B29020A-FE88-4E4F-9433-039B064B3C71},ANO0558,2020,round1,Northern,V1-C-1,0.8401876343806334,NA,0.594457739324866,NA,0.5386496826311347,NA,0.8271864539339906,NA,0.5386496826311347,5.18118948824343,6.814661134163209,2.4038727524204706,2.2088520055325036,12
{FF545903-7204-4A81-8003-B5C0F3BA808F},ANO0558,2020,round1,Northern,V1-C-3,NA,0.5593386364506643,NA,0.5658268821389363,NA,0.5214380015206584,NA,0.6696788795185916,0.5214380015206584,5.766013071895425,8.488888888888889,4.943790849673203,3.0104575163398692,13
{DFF40530-C1B8-4C9C-B948-BFCFE2D3E894},ANO0558,2020,round1,Northern,V1-C-5,0.5254276161186302,NA,0.472903412821428,NA,0.46388555907284784,NA,NA,0.8841814245755456,0.46388555907284784,4.461748633879782,5.6256830601092895,2.2090163934426226,2.699453551912568,11
{ADB10B7E-351D-43C7-B751-266F581A6788},ANO0558,2020,round1,Northern,V1-C-4,NA,0.5512835707688424,NA,0.49078482440992344,NA,0.527148762658454,NA,0.5868249611944422,0.49078482440992344,5.783783783783783,8.954545454545453,4.91031941031941,3.2407862407862407,14
{B720042D-5477-43C0-A7F2-F0966E527DA8},ANO0558,2020,round1,Northern,V1-C-2,0.5994249029842441,NA,0.544879120366208,NA,0.4246985672366522,NA,0.4613912366619986,NA,0.4246985672366522,4.94927536231884,6.329710144927535,2.106884057971014,1.6033834586466165,10
{BB582DA4-205D-44EE-AFD7-EBB778D42A13},ANO0558,2020,round1,Northern,V1-C-4,NA,0.2581826812653354,0.7381131320911092,NA,0.81784192259395,NA,0.8938537264918192,NA,0.2581826812653354,6.4304093567251455,7.116959064327485,3.166081871345029,2.3333333333333335,14
{0D3022E5-182D-4838-87C5-AD800511FCDD},ANO0574,2020,round1,Eastern,V1-C-2,0.5872182355358961,NA,0.5363110174938817,NA,0.43400818408171543,NA,0.9260458830584499,NA,0.43400818408171543,4.868852459016393,6.245901639344262,2.1311475409836067,2.3934426229508197,9
{FA7381BD-4323-48B6-B3C4-0ACBAC553C77},ANO0574,2020,round1,Eastern,V1-C-3,0.7300976523162177,NA,0.4792477050302876,NA,0.8686325922732072,NA,NA,0.6280040425458427,0.4792477050302876,5.076628352490421,5.687739463601532,3.3065134099616857,3.07088122605364,15
{25EA546F-A085-44DC-9FBF-EE5E1C1C3C91},ANO0612,2020,round1,Western,V1-C-1,0.5625027409170374,NA,0.635085792548104,NA,0.5709596882527901,NA,0.9153328807957957,NA,0.5625027409170374,4.7060158910329175,6.93189557321226,2.488081725312145,2.373439273552781,12
{AF8CF3F6-3BBF-4AAA-B646-C034FDB8A6FD},ANO0612,2020,round1,Western,V2-C-1,NA,0.5726225840384835,0.8922963018792667,NA,0.15093757455321624,NA,0.24438459916024685,NA,0.15093757455321624,4.752808988764045,7.078651685393258,1.6741573033707866,2.202247191011236,8
{F0E841B0-CA45-4AE9-8F49-92DDE1D29DA1},ANO0612,2020,round1,Western,V2-C-1,0.5913618587787834,NA,0.6058078481614075,NA,0.3681758762990674,NA,0.4449423859892636,NA,0.3681758762990674,4.144444444444445,6.511111111111111,2.6444444444444444,3.188888888888889,9
{9D9B895F-4459-4664-8941-4E9AA2A23768},ANO0614,2020,round1,Southern,V1-C-5,NA,0.9835777696982426,0.563064764631473,NA,0.25593097905978734,NA,0.7089440360176441,NA,0.25593097905978734,5.3470715835141,6.507592190889371,1.6670281995661604,1.9880694143167028,9
{6532F009-D920-4214-B5BD-9AADEA240942},ANO0618,2020,round1,Eastern,V1-C-1,0.5709856087666432,NA,0.5322674026794437,NA,0.2253408031912656,NA,0.461231530453393,NA,0.2253408031912656,4.761904761904762,6.2063492063492065,1.5873015873015872,1.6031746031746033,9
{31CD1417-4143-451E-9772-56624653EE5C},ANO0623,2020,round1,Eastern,V1-C-5,0.5826431344662479,NA,0.5364551871222403,NA,0.3506829413220655,NA,0.7844381562257627,NA,0.3506829413220655,4.838709677419355,6.247311827956989,1.913978494623656,2.129032258064516,5
{F334ACA9-7C42-440B-A623-D997D1C28142},ANO0623,2020,round1,Eastern,V1-C-6,0.6707523337638082,NA,0.5833672830612273,NA,0.8695381608405145,NA,NA,0.5730591552612598,0.5730591552612598,5.020263424518744,6.706180344478216,3.309017223910841,3.375886524822695,13
{320EBA8E-912F-4BA3-85D5-52D7EEC0A889},ANO0623,2020,round1,Eastern,V1-C-3,NA,0.5629995619994674,NA,0.6132666417476127,0.8568043926027844,NA,NA,0.9793238953097347,0.5629995619994674,5.757936507936508,8.253968253968255,3.2738095238095237,2.5615079365079363,10
{307B48FB-57A1-4B17-9176-6BF0D1C85C03},ANO0623,2020,round1,Eastern,V1-C-7,0.5794744781519258,NA,0.4465766201397101,NA,NA,0.7442938335182894,NA,0.5067308208642034,0.4465766201397101,4.817833173537871,5.36816874400767,4.189837008628955,4.026845637583893,27
{2C90B314-4C2F-49C3-ACAC-786384D622B8},ANO0623,2020,round1,Eastern,V1-C-3,NA,0.8982409546433446,0.983517921787329,NA,NA,0.5764235791589529,NA,0.5993839513411587,0.5764235791589529,5.420318725099602,7.557768924302788,4.621513944223107,3.1175298804780875,10
{D41788AA-F840-4652-ACE7-F80368B94B19},ANO0623,2020,round1,Eastern,V1-C-3,0.6210064883301344,NA,0.5669946051713343,NA,NA,0.8220182449052731,NA,0.6944079776444791,0.5669946051713343,4.973015873015873,6.546031746031746,4.031746031746032,2.9746031746031747,15
{B0FBC7B0-CF39-4A2B-9771-B66CE0A33F08},ANO0623,2020,round1,Eastern,V1-C-6,0.8675648420112135,NA,0.6558414677409851,NA,0.9355154445908389,NA,NA,0.8776632804176605,0.6558414677409851,5.207191780821918,6.969178082191781,3.491438356164384,2.708904109589041,15
{D05EF3B0-493D-4BE9-AFD5-C16AD44D6BF3},ANO0623,2020,round1,Eastern,V1-C-2,NA,0.9319451189295647,NA,0.5600941863873737,0.7641441732897583,NA,0.9867820190465517,NA,0.5600941863873737,5.391389432485322,8.524461839530334,3.017612524461839,2.506849315068493,8
{268E5282-FC4E-43D1-937A-65FDF7A49860},ANO0623,2020,round1,Eastern,V1-C-7,0.5971585202540286,NA,0.585523647792326,NA,NA,0.5980174918287511,NA,0.4369058709234218,0.4369058709234218,4.934343434343434,6.7272727272727275,4.494949494949495,4.712121212121212,11
{0372FF0C-633A-4110-A852-F4B21BF407D1},ANO0623,2020,round1,Eastern,V1-C-6,0.5711875582559686,NA,0.5752182129082127,NA,0.8987212847894892,NA,NA,0.5966748376071831,0.5711875582559686,4.763235294117647,6.6264705882352946,3.389705882352941,3.144117647058824,17
{39DFFC2F-4E8D-4CEF-B661-E6A8FCFF7D98},ANO0623,2020,round1,Eastern,V1-C-7,0.5924502480804834,NA,0.5486985260314458,NA,NA,0.5824652986834271,NA,0.4911500531193523,0.4911500531193523,4.903323262839879,6.367069486404834,4.586102719033232,4.1797583081570995,20
{9AF828D0-E0A1-4885-9604-52187C09A8AD},ANO0627,2020,round1,Northern,V6-C-1,NA,NA,NA,NA,NA,NA,NA,NA,NA,NA,NA,NA,NA,NA
{A5EFBB95-A500-4256-9AC3-88C3CF20446F},ANO0627,2020,round1,Northern,V6-C-1,NA,NA,NA,NA,NA,NA,NA,NA,NA,NA,NA,NA,NA,NA
{B9D73A6D-3D77-4C57-91D5-535C350FE21E},ANO0627,2020,round1,Northern,V6-C-3,NA,NA,NA,NA,NA,NA,NA,NA,NA,NA,NA,NA,NA,NA
{472BD687-F04D-415E-99BF-6EA6D9CD7C12},ANO0627,2020,round1,Northern,V6-C-1,NA,NA,NA,NA,NA,NA,NA,NA,NA,NA,NA,NA,NA,NA
{B9041CC4-6E7C-46CA-A4A7-42227C8DA908},ANO0627,2020,round1,Northern,V6-C-4,NA,NA,NA,NA,NA,NA,NA,NA,NA,NA,NA,NA,NA,NA
{E996AF07-6405-4E29-BBAD-596B347B5735},ANO0627,2020,round1,Northern,V6-C-1,NA,NA,NA,NA,NA,NA,NA,NA,NA,NA,NA,NA,NA,NA
{6807A222-053B-4EDB-AA09-DCFD3FFD2E28},ANO0629,2020,round1,Northern,V1-C-5,0.5931241550741094,NA,0.5103856254227241,NA,0.4043326587456465,NA,0.8836996216255086,NA,0.4043326587456465,4.907763259031515,5.9923136049192935,2.05380476556495,2.3143735588009227,7
{16A8F53B-3853-4670-83D4-E339602D0EFE},ANO0629,2020,round1,Northern,V1-C-5,0.5939255919476915,NA,0.4919099060817977,NA,0.3447634850235345,NA,0.986994669601597,NA,0.3447634850235345,4.913043478260869,5.811594202898551,1.8985507246376812,2.5072463768115942,6
{0AE0204F-6DD0-4858-BEFF-7CD0E2DD283D},ANO0629,2020,round1,Northern,V1-C-5,0.5651804854321759,NA,0.5109681894679221,NA,0.4149631941846787,NA,0.8132889710285736,NA,0.4149631941846787,4.723658051689861,5.998011928429424,2.081510934393638,2.182902584493042,10
{7EC61BBD-76E3-4F0D-870F-43B71D4346B1},ANO0629,2020,round1,Northern,V1-C-6,0.5922725700783873,NA,0.5691908973273955,NA,0.4888085027388469,NA,0.6828436185855836,NA,0.4888085027388469,4.902152641878669,6.567514677103718,2.2739726027397262,1.9393346379647747,8
{F664CA46-3585-4136-BA78-58091EBBC854},ANO0634,2020,round1,Southern,V2-C-2,NA,0.265583967498412,0.8441913824784856,NA,0.8321461581714003,NA,0.5988880500368303,NA,0.265583967498412,5.95774647887324,6.983354673495519,3.971830985915493,3.946222791293214,4
{DC2F5069-503D-484E-87DE-83BFA6F93D35},ANO0636,2020,round1,Eastern,V1-C-5,0.5960958745441437,NA,0.5166447847359948,NA,0.3932255822522174,NA,0.9918179338639739,NA,0.3932255822522174,4.927342256214149,6.053537284894838,2.0248565965583176,2.5162523900573612,10
{C6B897D6-9DC4-4CDF-AC63-16C21255B956},ANO0636,2020,round1,Eastern,V1-C-5,0.5657828142228896,NA,0.5167406215369369,NA,0.35980117939352046,NA,0.6194745215137606,NA,0.35980117939352046,4.727626459143969,6.054474708171206,1.9377431906614786,1.821011673151751,13
{046FF0FE-F555-4F71-86EB-8EBF43A32758},ANO0636,2020,round1,Eastern,V1-C-5,0.5968684665023873,NA,0.605292048950635,NA,0.6844615176808172,NA,0.90350346384103,NA,0.5968684665023873,4.9324324324324325,6.878378378378378,2.797297297297297,2.351351351351351,10
{A0AEF9A9-6246-4DAA-AB4E-2DB3B6969942},ANO0636,2020,round1,Eastern,V1-C-2,NA,0.5090656152638097,NA,0.7754858486199566,0.7169697181984829,NA,0.6988548032889121,NA,0.5090656152638097,5.8769230769230765,7.9743589743589745,2.887179487179487,1.9692307692307691,10
{EEC148CC-AA9D-47AB-BFEA-168564C1A0C8},ANO0636,2020,round1,Eastern,V1-C-3,NA,0.5253899485054572,0.49025987969913015,NA,NA,0.9158419987329719,NA,0.6873416846904199,0.49025987969913015,5.840909090909091,5.795454545454546,3.8409090909090913,2.984848484848485,6
{A5384FA4-3659-4B5E-A90D-E5479EB413DB},ANO0637,2020,round1,Central,V1-C-1,0.6089221893734087,NA,0.3932087988837354,NA,0.4328792144464229,NA,0.6878689484605794,NA,0.3932087988837354,4.961538461538462,4.846153846153846,2.128205128205128,1.9487179487179487,6
{D2ED75F5-11A4-477E-B75B-0F0A4AFD8197},ANO0637,2020,round1,Central,V1-C-5,NA,0.4703824178258257,0.5613241079913853,NA,0.40540660563936015,NA,0.5049729516632232,NA,0.40540660563936015,5.962264150943396,6.490566037735849,2.056603773584906,1.6603773584905661,10
{FBD13895-FEC5-442C-B4A7-23BAF47111DB},ANO0637,2020,round1,Central,V1-C-5,0.6480339029076149,NA,0.31758456786583333,NA,0.3937721894882211,NA,0.7082959978457186,NA,0.31758456786583333,4.998685939553219,4.106438896189225,2.026281208935611,1.9868593955321945,5
{EB8547D9-C16C-4CE4-9F76-F9E289E17391},ANO0637,2020,round1,Central,V1-C-1,0.6393900495089831,NA,0.5501178338668642,NA,0.08770020448524934,NA,0.15293466536086184,NA,0.08770020448524934,4.9904761904761905,6.380952380952381,1.2285714285714286,1.2,4
{AF03FCFB-C215-43EE-9A15-AA7C11699D72},ANO0637,2020,round1,Central,V1-C-7,NA,0.7910407844188434,0.5886494413423596,NA,NA,0.9539228292471857,0.96690288731082,NA,0.5886494413423596,5.512331838565022,6.757847533632286,3.763452914798206,2.469730941704036,15
{E87D4B93-EC91-40A9-95FF-4C7F9E532616},ANO0644,2020,round1,Eastern,V1-C-1,0.5904962463013019,NA,0.5136124257554096,NA,0.35782176127759724,NA,NA,0.9016285002184474,0.35782176127759724,4.890449438202247,6.0238764044943816,1.9325842696629212,2.6741573033707864,9
{AF4384A0-F805-4E66-8D81-0DE7070AA6B9},ANO0678,2020,round1,Central,V3-C-1,0.6121079228793305,NA,NA,0.9720425257202464,0.33678159459322116,NA,NA,0.5994062244062244,0.33678159459322116,4.973484848484848,6.454545454545454,1.3674242424242424,1.6073232323232323,7
{96CBB35B-F796-44A8-8E78-22D486DE16D6},ANO0678,2020,round1,Central,V3-C-1,0.6187161471922498,NA,0.9735348838585884,NA,0.36063007999706764,NA,NA,0.5968099246787771,0.36063007999706764,4.983606557377049,6.360655737704918,1.3934426229508197,1.639344262295082,6
{E47CFEE3-FE07-4DF5-85C0-C339A8BC46C5},ANO0678,2020,round1,Central,V1-C-1,NA,0.6534445741758927,0.4933915624254176,NA,0.3920294466799868,NA,0.692048349753967,NA,0.3920294466799868,5.630434782608695,5.826086956521739,2.0217391304347827,1.9565217391304348,7
{2D18DEF3-8FA2-4955-96E6-F296061E1074},ANO0678,2020,round1,Central,V3-C-1,NA,0.5089215686274529,0.5760822183360423,NA,NA,0.6728124525284038,NA,0.572972972972973,0.5089215686274529,6.033333333333333,5.583333333333333,2.033333333333333,1.9333333333333333,6
{48757423-7310-4C0F-9F41-104856949386},ANO0694,2020,round1,Northern,V1-C-5,0.582332604719984,NA,0.5407492124909532,NA,0.24401381830061777,NA,0.7809409005846282,NA,0.24401381830061777,4.836663770634232,6.289313640312772,1.6359687228496962,2.1225021720243267,10
{FA1006A4-F1F2-498B-A9B6-2E58B4B94928},ANO0694,2020,round1,Northern,V1-C-6,0.5589394988770515,NA,0.4992325137936333,NA,0.704465947714202,NA,NA,0.585135227482475,0.4992325137936333,4.682539682539683,5.883219954648526,2.8526077097505667,3.2573696145124718,15
{5F019A17-2537-4562-A0D0-7F3447DE2C73},ANO0696,2020,round1,Northern,V1-C-5,0.5979598035156382,NA,0.4688631609934916,NA,0.30695071569837257,NA,0.8217720091983715,NA,0.30695071569837257,4.939622641509434,5.586163522012579,1.7999999999999998,2.19874213836478,13
{F9C36A83-1A92-401E-81DE-B7F42CCBC197},ANO0696,2020,round1,Northern,V1-C-5,0.8210712758426468,NA,0.792786188082464,NA,0.5011588699435515,NA,NA,0.5892423406000388,0.5011588699435515,5.163033175355451,7.2151658767772515,2.3061611374407582,3.2170616113744073,15
{A4A00269-BA49-43EA-9F28-C8ADBECE314A},ANO0696,2020,round1,Northern,V1-C-5,0.5879702404837175,NA,NA,0.5953953755301717,NA,0.694251660852012,NA,0.6578751385863083,0.5879702404837175,4.873806998939555,8.30540827147402,4.2916224814422055,3.027571580063627,11
{9D53F68F-DD6E-4D61-B809-CE63B75AD402},ANO0696,2020,round1,Northern,V3-C-2,0.6064304343851331,NA,0.787362497891751,NA,0.5185468315763784,NA,NA,0.573372668443091,0.5185468315763784,4.964788732394366,6.068075117370892,1.5657276995305165,1.9284037558685447,8
{BAE93AA8-0507-497C-B740-5465D86F2A4E},ANO0696,2020,round1,Northern,V3-C-1,0.6170747374515866,NA,0.9385482755075281,NA,0.8535608655219857,NA,NA,0.542953667953668,0.542953667953668,4.98109243697479,6.305672268907562,1.7373949579831933,2.303571428571429,8
{855C90C8-AF70-42AE-9A0F-EB13DD58898D},ANO0696,2020,round1,Northern,V3-C-1,0.604129230628569,NA,0.9652302230360286,NA,0.598921031174199,NA,NA,0.5526903049838829,0.5526903049838829,4.9612640163098884,6.347604485219165,1.653414882772681,2.1834862385321103,8
{A8ACEA08-907B-457A-8527-35A6EE34AB33},ANO0696,2020,round1,Northern,V1-C-5,0.5850713440807224,NA,0.560877882005149,NA,0.3061409836967332,NA,NA,0.9898362501445588,0.3061409836967332,4.854707792207792,6.486201298701299,1.7978896103896103,2.5462662337662336,14
{29F5BA9B-1F42-4CA1-A1F2-31BEAC04D57F},ANO0696,2020,round1,Northern,V3-C-1,0.7065882872104323,NA,0.8300012864221036,NA,0.5210698693391027,NA,NA,0.5878765955247791,0.5210698693391027,5.118198874296436,6.135084427767355,1.5684803001876173,1.7495219885277247,11
{4BCAB101-F95F-48A6-A380-9E9DE618012C},ANO0696,2020,round1,Northern,V3-C-1,0.6218362698622174,NA,0.6021502977454157,NA,0.6263054645133199,NA,NA,0.5723702796873529,0.5723702796873529,4.988385598141696,5.7770034843205575,1.6631823461091753,1.9407665505226481,8
{1DB2157E-C78F-4381-AEB7-6FE80F81F65F},ANO0696,2020,round1,Northern,V1-C-6,0.5982505885659772,NA,0.5516457309139552,NA,0.2058143901413448,NA,0.8109105225379066,NA,0.2058143901413448,4.941538461538461,6.395897435897436,1.5364102564102566,2.1784615384615384,12
{9690760E-E19D-4A74-BDE3-16F6B696FB0A},ANO0696,2020,round1,Northern,V3-C-1,0.5793993697204772,NA,0.7101991728303212,NA,0.40954533020943595,NA,NA,0.5813686026451984,0.40954533020943595,4.819148936170213,5.946808510638298,1.446808510638298,1.8297872340425532,6
{0F85D83D-D820-486B-A825-C29919F8F2C2},ANO0696,2020,round1,Northern,V3-C-1,0.592485254755194,NA,0.8300335520986031,NA,0.45830072666294014,NA,NA,0.5752373995617238,0.45830072666294014,4.905405405405405,6.135135135135135,1.5,1.9054054054054055,5
{667AD0CB-2CBE-4A6C-B21F-B2211C863465},ANO0696,2020,round1,Northern,V1-C-6,NA,0.9074877176759529,NA,0.9736815838198588,0.9065431544292849,NA,0.9255115479213143,NA,0.9065431544292849,5.4123819517313745,7.632738719832109,3.4113326337880383,2.392444910807975,13
{83621123-4D87-42D8-938A-53DC92D74996},ANO0713,2020,round1,Northern,V1-C-7,0.5226401161701894,NA,NA,0.38870246034999045,NA,0.9181133273670924,NA,0.583937363545192,0.38870246034999045,4.4433833560709415,9.587994542974078,3.8362892223738063,3.269125683060109,8
{2EF68CE2-A1F1-4884-8C64-4CFD267EA524},ANO0715,2020,round1,Central,V1-C-1,NA,0.9390825546082254,0.6683123312738355,NA,0.11954922611410299,NA,0.23342659449815764,NA,0.11954922611410299,5.385263157894737,6.991578947368422,1.311578947368421,1.305263157894737,8
{6520CF46-0D7C-4604-96FF-418725E2981C},ANO0718,2020,round1,Northern,V1-C-5,0.5885646332197183,NA,0.575831212926083,NA,0.31169626435990744,NA,NA,0.5741250978305023,0.31169626435990744,4.877723120168658,6.632466619817286,1.812368236120871,3.3654251581166545,15
{17372E74-F52F-4B61-AFB0-1C3733150A4E},ANO0736,2020,round1,Eastern,V1-C-7,0.7014113569204529,NA,0.5515602929527162,NA,0.4973738448816223,NA,0.9362522599699159,NA,0.4973738448816223,5.049382716049383,6.395061728395062,2.2962962962962963,2.4125,12
{08EC78A0-52DF-485C-9E20-5FF75BE73DD2},ANO0736,2020,round1,Eastern,V1-C-3,0.8453014810640377,NA,NA,0.7606098514831916,NA,0.5435903251573857,NA,0.6768915331386421,0.5435903251573857,5.186046511627907,8,4.813953488372093,3,3
{EC12BD13-7B84-41F8-B062-16D625BF7AB3},ANO0736,2020,round1,Eastern,V1-C-3,0.6494174465156278,NA,0.7147539555116345,NA,NA,0.6778418186547313,NA,0.6768915331386421,0.6494174465156278,5,7.075,4.325,3,11
{1483E90E-0A4B-4D63-948E-638DEAF856D9},ANO0748,2020,round1,Northern,V2-C-2,0.48673134634439413,NA,0.5774421221695387,NA,0.7253247632495621,NA,NA,0.7837391856903607,0.48673134634439413,3.588093322606597,6.292839903459373,3.837489943684634,5.109412711182623,19
{4F9F8CDD-EC34-489A-8A44-63100E7D0C3A},ANO0748,2020,round1,Northern,V2-C-1,NA,0.769485021968005,0.8558564863956439,NA,0.5852582386404094,NA,NA,0.8752043738997723,0.5852582386404094,4.545706371191136,7.00646352723915,3.614035087719298,4.925207756232687,14
{B984DB18-9BBB-4021-8E25-46565B833B10},ANO0748,2020,round1,Northern,V1-C-1,0.5609193169377699,NA,0.5123002082869765,NA,0.6836135271699515,NA,NA,0.5276269927876469,0.5123002082869765,4.695583596214511,6.011041009463723,2.7949526813880126,3.821766561514196,19
{28CF1D1C-28F9-4891-9FA5-3CE64E824055},ANO0754,2020,round1,Northern,V1-C-5,0.5880329829908532,NA,0.4264721378163325,NA,0.2919541630603024,NA,0.5349533772757799,NA,0.2919541630603024,4.874220374220374,5.171517671517671,1.7609147609147608,1.6995841995841996,13
{44F66DA8-7EF9-4C8B-AA62-849FC043AC3D},ANO0754,2020,round1,Northern,V1-C-1,0.6463343522676113,NA,0.7699973755425982,NA,NA,0.9484797237143155,0.8360895227549962,NA,0.6463343522676113,4.997071742313324,7.174231332357247,3.7745241581259155,2.225475841874085,8
{6FD2F286-84D8-4708-950E-1A1A4F113847},ANO0754,2020,round1,Northern,V1-C-5,NA,0.9252184652830497,0.5841614028239174,NA,0.40455088416511303,NA,0.7545826945368911,NA,0.40455088416511303,5.3971631205673765,6.713947990543736,2.0543735224586293,2.0732860520094563,14
{9D24FA89-C5ED-4E4C-8519-9D23B1465B78},ANO0754,2020,round1,Northern,V1-C-5,0.5860664117245742,NA,0.4888427960408154,NA,0.4869891162522258,NA,NA,0.9563756687335778,0.4869891162522258,4.861263736263736,5.781593406593407,2.269230769230769,2.59478021978022,16
{E9EC14CA-7A22-4DA8-B156-AFAD6CE38023},ANO0785,2020,round1,Central,V2-C-1,0.5865855893489699,NA,0.48315152744791506,NA,0.15992195399090764,NA,0.1742341467978262,NA,0.15992195399090764,4.119047619047619,5.428571428571429,1.7142857142857142,1.8571428571428572,7
{FED43EE6-1287-45CC-8A4E-D8D3B76C9B6A},ANO0785,2020,round1,Central,V1-C-5,NA,0.8236119880248989,NA,0.7927496123425953,0.45453994476641113,NA,0.31825182493417975,NA,0.31825182493417975,5.484375,7.944602272727272,2.184659090909091,1.4161931818181817,9
{3CA66F90-5D4D-4CD4-B716-98B13443A198},ANO0785,2020,round1,Central,V2-C-1,NA,0.5437882904506323,0.3631367781433166,NA,0.7584161551014794,NA,0.24066902405910856,NA,0.24066902405910856,4.865965834428384,4.328515111695138,3.8791064388961893,2.1839684625492772,6
{7992ECCF-644C-426D-8C8D-48D177990D8D},ANO0796,2020,round1,Northern,V1-C-5,0.6696650750867374,NA,NA,0.9307540687349427,0.07686065597415187,NA,0.7402234128768529,NA,0.07686065597415187,5.019230769230769,7.706730769230769,1.200320512820513,2.046474358974359,9
{FB89385F-080A-4F4F-BF9A-9902D47D7867},ANO0796,2020,round1,Northern,V1-C-5,0.5752279344234122,NA,0.4856128666214131,NA,0.25996278911048765,NA,0.8084745286411893,NA,0.25996278911048765,4.789855072463768,5.749999999999999,1.6775362318840579,2.1739130434782608,10
{4B617538-DF95-4ED6-87A3-45C324C765C7},ANO0800,2020,round1,Eastern,V1-C-7,0.5457096672064018,NA,0.5509620476382082,NA,0.8190987342101548,NA,NA,0.6689180070991354,0.5457096672064018,4.595375722543353,6.389210019267823,3.1695568400770715,3.0115606936416186,15
{2D302027-8C3A-4AA7-B563-2A9ECF4D519A},ANO0821,2020,round1,Central,V3-C-2,0.7623053739371082,NA,0.5706133766816858,NA,NA,0.5957389600006747,NA,0.5709758430997369,0.5706133766816858,5.203539823008849,5.539823008849558,2.1305309734513274,1.9579646017699113,12
{D7C9A831-9BFA-421D-BE5D-71D94C602C2E},ANO0821,2020,round1,Central,V1-C-7,0.5740329489981723,NA,0.4338049505522724,NA,NA,0.8393976656316668,NA,0.910523029452982,0.4338049505522724,4.781981981981982,5.243243243243243,3.9963963963963964,2.661261261261261,22
{FC6472C8-00A3-47E4-9ACC-BD7855204C64},ANO0827,2020,round1,Northern,V1-C-2,0.7007369076109561,NA,NA,0.6967553354716056,NA,0.8816883720409048,NA,0.5820411133979834,0.5820411133979834,5.04874213836478,8.11006289308176,3.9103773584905657,3.2877358490566038,21
{F5CDA8D0-32BB-492A-B43D-2951D722AA5A},ANO0827,2020,round1,Northern,V1-C-2,0.9707107617786803,NA,0.8947287348956594,NA,NA,0.5157587915580448,NA,0.49734996480394494,0.49734996480394494,5.30515759312321,7.3982808022922635,4.977077363896848,4.118911174785101,21
{0C97697B-517B-4DFD-A4AA-327B718D8A5F},ANO0827,2020,round1,Northern,V1-C-3,0.5950778285458265,NA,NA,0.6509396215095506,NA,0.7560401042173637,NA,0.5316236989787957,0.5316236989787957,4.920634920634921,8.18903318903319,4.165945165945166,3.782542113323124,21
{2E248230-083F-4444-824A-64CEFC735D04},ANO0827,2020,round1,Northern,V1-C-4,NA,0.19233109285997585,0.7381205991424088,NA,0.7046841464326024,NA,0.9757436994094373,NA,0.19233109285997585,6.575688073394495,7.116972477064221,2.853211009174312,2.4862385321100917,11
{49595BE3-3701-4833-991F-669A4A4DBE1F},ANO0848,2020,round1,Eastern,V2-C-3,0.9024766769353345,NA,0.5730488826195143,NA,0.5470610202120969,NA,0.7875380729426686,NA,0.5470610202120969,4.356571428571429,6.252571428571429,3.4434285714285715,4.290285714285714,20
{F5ACA0E6-2FDF-4FCA-A20F-42FDB41E87A5},ANO0880,2020,round1,Northern,V1-C-7,0.591841642502261,NA,NA,0.5981476715134979,NA,0.8241254673312202,NA,0.5323164106298109,0.5323164106298109,4.899313501144165,8.2883295194508,4.027459954233409,3.775743707093821,13
{212FEEFB-7FC2-4280-A45F-3FFC108561F1},ANO0894,2020,round1,Northern,V2-C-1,NA,0.5994929231821633,0.5405684191391892,NA,0.4147890544312723,NA,0.4887905983634076,NA,0.4147890544312723,4.647359454855196,5.9548551959114135,2.8526405451448036,3.4045996592844974,14
{F96CEAE4-935B-45EF-875F-BC587E74AAFD},ANO0894,2020,round1,Northern,V1-C-2,NA,0.3572646177452674,NA,0.5381404868393597,NA,0.4887365016689706,0.8380217302153568,NA,0.3572646177452674,6.211819389110226,8.660690571049138,5.135458167330677,2.229083665338645,12
{D271B9B0-8B04-43D0-A37C-85F09CF64285},ANO0894,2020,round1,Northern,V3-C-2,NA,0.6125529772976931,NA,0.8294529263663151,NA,0.6877864936258038,NA,0.5725085725085725,0.5725085725085725,5.851148851148852,6.721278721278721,2.0219780219780223,1.939060939060939,11
{F27BBD6B-1745-40C1-A7D7-AEAEE395D7B6},ANO0894,2020,round1,Northern,V1-C-3,0.6424447532328618,NA,NA,0.8124788083872099,NA,0.8821235182671204,NA,0.759108619519516,0.6424447532328618,4.993377483443709,7.910596026490067,3.9094922737306845,2.8807947019867552,21
{44175C02-C35A-4AF8-A6B9-C3C4E7D57CFD},ANO0894,2020,round1,Northern,V3-C-2,0.5541039139259196,NA,0.7454409439772584,NA,0.5748859992350916,NA,NA,0.5507645803698435,0.5507645803698435,4.652412280701754,6.0021929824561395,1.6271929824561404,2.2072368421052633,9
{798C0272-B713-43A0-B4B3-F9DEA148C925},ANO0894,2020,round1,Northern,V1-C-3,NA,0.8233822045703386,NA,0.937995163764786,NA,0.6062845803601973,NA,0.578990841361351,0.578990841361351,5.484572230014026,7.694249649368865,4.4705469845722305,3.3176718092566624,17
{53AC6E42-0CD1-4736-AD1B-BB2623B68934},ANO0894,2020,round1,Northern,V1-C-2,0.6246729885673863,NA,0.5424063560630048,NA,0.2529367677831772,NA,0.3162926099120058,NA,0.2529367677831772,4.976498237367803,6.305522914218567,1.6592244418331374,1.4136310223266746,7
{56ABED82-5451-4334-B080-737A71D52A79},ANO0894,2020,round1,Northern,V1-C-3,0.7025674715147906,NA,0.5136289935418793,NA,NA,0.7537156572116355,NA,0.5954386328331351,0.5136289935418793,5.050480769230769,6.024038461538461,4.170673076923077,3.15625,17
{7F050C45-E666-4150-9639-4CCB0F0E817B},ANO0894,2020,round1,Northern,V2-C-1,NA,0.5312084502088704,0.553601656097423,NA,0.17966020456814857,NA,0.25127088150617827,NA,0.17966020456814857,4.915333960489182,6.074317968015053,1.8024459078080903,2.236124176857949,12
{4882899C-EA29-4D5B-9580-46F5496D3681},ANO0894,2020,round1,Northern,V1-C-1,NA,0.6838070543426173,0.5690974266150287,NA,0.3264783954247104,NA,0.4454260134267647,NA,0.3264783954247104,5.604373757455268,6.566600397614315,1.8508946322067594,1.5825049701789264,12
{059884C0-DE47-4CB2-96FE-C610F2876D87},ANO0900,2020,round1,Central,V4-C-1,NA,NA,NA,NA,NA,NA,NA,NA,NA,NA,NA,NA,NA,NA
{9C1B9AC2-2C1B-43E0-B6FA-A2BDF82E4B8A},ANO0900,2020,round1,Central,V1-C-6,NA,0.37086349306267574,0.5994646870254766,NA,0.5580922103606775,NA,0.7153335855314115,NA,0.37086349306267574,6.181818181818182,6.863636363636363,2.4545454545454546,2,7
{072EAB9D-CA07-43BB-81D0-9B160E5D6C86},ANO0900,2020,round1,Central,V1-C-6,NA,0.574339322589817,0.5848309253459582,NA,0.6701632772284355,NA,0.7885157551176653,NA,0.574339322589817,5.732919254658384,6.720496894409937,2.7577639751552794,2.136645962732919,11
{C992A9EA-FA62-416D-AF43-3F5D0A3CE0A2},ANO0902,2020,round1,Central,V1-C-5,0.5539392268474097,NA,0.5434124403333391,NA,0.49848465285247834,NA,0.4359256297011089,NA,0.4359256297011089,4.649595687331536,6.315363881401617,2.2991913746630726,1.5700808625336926,12
{B160C5CA-32B3-45C0-9EC9-B4588C63DBFF},ANO0902,2020,round1,Central,V1-C-5,0.50734759397143,NA,0.48904104160769707,NA,0.5075081554375485,NA,0.6392313740462975,NA,0.48904104160769707,4.342629482071714,5.7835325365205845,2.3227091633466137,1.857901726427623,13
{09F7C9BF-227B-450A-8250-7A257867D48B},ANO0902,2020,round1,Central,V1-C-5,0.9987130294485141,NA,0.5964474320887598,NA,0.43915046114429496,NA,0.716602686059566,NA,0.43915046114429496,5.331753554502369,6.834123222748814,2.1445497630331753,2.0023696682464456,12
{5D36E6C2-FA4D-4953-90B4-8B9200561A6B},ANO0902,2020,round1,Central,V1-C-5,0.5484646207121893,NA,0.9231180936991912,NA,0.8911456922219809,NA,0.6713503623962385,NA,0.5484646207121893,4.613526570048309,7.449275362318841,3.368760064412238,1.9178743961352656,13
{C5E0E666-9E99-4E18-B8CC-4F3BC30E8600},ANO0904,2020,round1,Eastern,V1-C-2,0.5831585198129673,NA,0.49771955858704403,NA,0.3281545480327997,NA,0.6448651088365137,NA,0.3281545480327997,4.842105263157895,5.868421052631579,1.855263157894737,1.868421052631579,10
{723B9BC7-0565-45B0-9FFF-896F88527218},ANO0904,2020,round1,Eastern,V1-C-6,0.627930167215675,NA,0.5737638595956548,NA,0.5716174042342144,NA,NA,0.944330105504547,0.5716174042342144,4.979591836734694,6.612244897959184,2.489795918367347,2.6122448979591835,10
{62A2B056-C912-4E0C-9EC0-304FD246DD2B},ANO0904,2020,round1,Eastern,V2-C-1,NA,0.8039772605102689,0.5048127769015668,NA,0.8882376068176672,NA,NA,0.9138104482838989,0.5048127769015668,4.52542372881356,5.627118644067797,4.0423728813559325,4.8474576271186445,12
{EA61C7CA-82BC-4947-AF07-360418A81772},ANO0905,2020,round1,Northern,V1-C-1,0.5726943860161571,NA,0.9380174033030195,NA,0.07967969856387465,NA,0.7495546988145566,NA,0.07967969856387465,4.773162939297125,7.476038338658147,1.207667731629393,2.0638977635782747,7
{141FDBC8-0BA4-4484-B782-D88D74689928},ANO0905,2020,round1,Northern,V1-C-5,0.6349283178133653,NA,0.4910059597804149,NA,0.32032700835495304,NA,0.8701056343457096,NA,0.32032700835495304,4.986238532110091,5.802752293577981,1.8348623853211008,2.288990825688073,9
{A414C6A6-9EAD-4FD1-A0FB-62D4D9C91049},ANO0905,2020,round1,Northern,V1-C-2,NA,0.4944846574169012,NA,0.516422837625367,0.7413343490343557,NA,NA,0.7395924424493088,0.4944846574169012,5.909090909090908,8.795454545454545,2.954545454545454,2.909090909090909,6
{D973989A-FE99-440B-A5DF-D539D95DBF33},ANO0905,2020,round1,Northern,V1-C-5,0.5659870360647941,NA,0.5364911453180985,NA,0.7172123953739655,NA,NA,0.8477075617747107,0.5364911453180985,4.728971962616823,6.247663551401869,2.8878504672897196,2.7523364485981308,11
{5F4BCDA1-FA9A-4B33-AA6D-E86094DE2F1C},ANO0905,2020,round1,Northern,V1-C-1,0.6782633831100855,NA,0.5769935141976129,NA,0.1787041837969977,NA,0.24092447282875493,NA,0.1787041837969977,5.027397260273973,6.6438356164383565,1.465753424657534,1.3150684931506849,6
{D9C1AAFB-41A7-469E-8454-CE9B8423962A},ANO0914,2020,round1,Eastern,V3-C-2,0.9110519715065117,NA,0.4920083817077099,NA,NA,0.6697566839208093,NA,0.5719034542563954,0.4920083817077099,5.431372549019607,4.9144385026737964,2.035650623885918,1.946524064171123,7
{BAC49F20-4048-4E00-A9A4-D07153E04BEA},ANO0914,2020,round1,Eastern,V2-C-1,NA,0.47720283889825266,0.7883478456088826,NA,NA,0.9248269165030676,0.45828860430458523,NA,0.45828860430458523,5.127272727272727,6.872727272727273,4.254545454545455,3.2545454545454544,7
{A5868ED4-CD56-4367-A7C0-5C32CE3AD416},ANO0914,2020,round1,Eastern,V3-C-1,0.5924954543670783,NA,0.47868758549388385,NA,NA,0.9791927243224486,NA,0.5693828156514724,0.47868758549388385,4.90547263681592,4.808457711442786,1.800995024875622,1.9776119402985073,7
{E0DBDA1C-115B-42B1-BF40-481162CF764D},ANO0917,2020,round1,Central,V3-C-1,NA,NA,NA,NA,NA,NA,NA,NA,NA,NA,NA,NA,NA,NA
{47AB541B-AE4F-4733-9622-8CA0EFB9721A},ANO0917,2020,round1,Central,V8-C-1,NA,NA,NA,NA,NA,NA,NA,NA,NA,NA,NA,NA,NA,NA
{B39F8AA1-0477-4EC6-8BBB-0099B626B55E},ANO0917,2020,round1,Central,V3-C-2,NA,NA,NA,NA,NA,NA,NA,NA,NA,NA,NA,NA,NA,NA
{B126353C-157F-4BEA-AE6B-9DBFC3A8F1A0},ANO0920,2020,round1,Central,V1-C-5,NA,0.9219133498855803,0.3996431246836511,NA,0.41856915777050807,NA,0.6569088121261871,NA,0.3996431246836511,5.4,4.909090909090909,2.090909090909091,1.8909090909090909,7
{7070FF0A-5884-4751-A409-06D0C4A5043F},ANO0920,2020,round1,Central,V2-C-1,NA,0.6957908930835326,0.47824101700544835,NA,0.17788578991865345,NA,0.18099665934477377,NA,0.17788578991865345,4.589041095890411,5.383561643835616,1.7945205479452055,1.8904109589041096,9
{51BA8DFC-0F2C-449D-9EA7-2E57A095EC5E},ANO0920,2020,round1,Central,V1-C-5,0.5920961181771156,NA,0.41197381285026613,NA,0.2925149147125581,NA,0.5526846817496492,NA,0.2925149147125581,4.900990099009901,5.02970297029703,1.7623762376237624,1.7227722772277227,9
{6524CBC9-EA45-4E3B-9385-49617A601B2F},ANO0931,2020,round1,Central,V1-C-1,0.5609859686821583,NA,0.5030391656628515,NA,0.25288553281968196,NA,0.4800931966583873,NA,0.25288553281968196,4.6960227272727275,5.920454545454545,1.659090909090909,1.627840909090909,9
{68875A5B-8886-49A9-8520-7B36D15F7B60},ANO0931,2020,round1,Central,V1-C-5,0.686217019996324,NA,0.91946777035422,NA,0.23617324484559257,NA,0.6030218851990384,NA,0.23617324484559257,5.034951456310679,7.442718446601942,1.6155339805825244,1.7902912621359224,10
{2A167D73-F71B-4C54-BCE8-4456C395D334},ANO0931,2020,round1,Central,V1-C-5,0.6355089037719331,NA,0.5153580474246855,NA,0.34972918400243896,NA,NA,0.9638910717931468,0.34972918400243896,4.986789960369881,6.040951122853368,1.9114927344782031,2.5838837516512547,15
{CA88A1C8-3490-40EA-92D2-1CF65AD670D2},ANO0931,2020,round1,Central,V1-C-6,0.571183085977948,NA,NA,0.8604741273439342,0.33022361832304437,NA,0.9543359600412469,NA,0.33022361832304437,4.7632058287796,7.827868852459017,1.8606557377049182,2.446265938069217,14
{BA7455AD-EB70-4BA1-873D-E85D5141E9CD},ANO0940,2020,round1,Northern,V1-C-1,NA,0.0472164169408501,0.589977035325138,NA,0.6522854171298896,NA,0.8269086736316663,NA,0.0472164169408501,6.895833333333333,6.770833333333333,2.7083333333333335,2.2083333333333335,5
{F5BF1F04-0838-413C-B2E2-8FC8238D3A11},ANO0941,2020,round1,Eastern,V1-C-5,0.6494174465156278,NA,0.5446360171772591,NA,0.2216726731618771,NA,0.28909908100130194,NA,0.2216726731618771,5,6.327332242225859,1.5777414075286416,1.3780687397708675,8
{ABCF085D-E27C-407A-9CAF-F1DCD8DB4937},ANO0941,2020,round1,Eastern,V1-C-5,0.5840100829112269,NA,0.42312194202724257,NA,0.3194157193815552,NA,0.6065903524590819,NA,0.3194157193815552,4.847715736040609,5.138747884940778,1.8324873096446699,1.7969543147208122,9
{0C1A204B-9133-48C1-8C85-098038FDDF46},ANO0941,2020,round1,Eastern,V1-C-1,NA,0.27601155855816517,0.599184158676953,NA,0.32628619385260077,NA,0.5238313341100388,NA,0.27601155855816517,6.391076115485564,6.860892388451442,1.8503937007874014,1.6850393700787403,6
{F1D5EB9E-833E-4430-BB3A-5EE56787E98A},ANO0941,2020,round1,Eastern,V1-C-5,0.5676608824371159,NA,0.5009480097778789,NA,0.3069507156983726,NA,0.45880399608258565,NA,0.3069507156983726,4.74,5.9,1.8,1.6,7
{FB2BD739-C26A-414C-90A8-A26AB4E37488},ANO0941,2020,round1,Eastern,V1-C-5,0.5852090369143534,NA,0.46160329905320935,NA,0.2961445184879576,NA,0.4511708933551273,NA,0.2961445184879576,4.855614973262032,5.515151515151515,1.771836007130125,1.590017825311943,7
{21BA55B0-7556-4CAB-9CA2-61AC1A0429CE},ANO0941,2020,round1,Eastern,V1-C-5,0.5554635430715608,NA,0.4708320057477113,NA,0.3259039978423986,NA,0.5113177064775802,NA,0.3259039978423986,4.659638554216866,5.605421686746987,1.8493975903614457,1.6686746987951806,11
{97E3F83D-F402-4035-B89A-E596E09B95FF},ANO0941,2020,round1,Eastern,V1-C-5,0.5896107479036272,NA,0.4639863826828078,NA,0.32465941083481725,NA,0.6535381521220395,NA,0.32465941083481725,4.884615384615385,5.538461538461538,1.8461538461538463,1.8846153846153846,6
{1674C1CF-EE6A-440C-8F97-373E99F3F04F},ANO0941,2020,round1,Eastern,V1-C-5,0.5815428736137009,NA,0.49279224075833533,NA,0.3017773890292989,NA,NA,0.9326267025742824,0.3017773890292989,4.831460674157303,5.820224719101123,1.7865168539325842,2.6292134831460676,5
{F8E1FF12-3D30-406A-B8A5-896FC464B613},ANO0941,2020,round1,Eastern,V1-C-1,NA,0.33995820197411936,0.9861517753871014,NA,0.02398052466393536,NA,0.4779208292526933,NA,0.02398052466393536,6.25,7.5625,1.0625,1.625,3
{7A5111DD-7F4E-443E-AE81-3F722A4256AE},ANO0941,2020,round1,Eastern,V1-C-1,0.6730775967560252,NA,0.5881343292966613,NA,0.1551998000722109,NA,0.2491632188463479,NA,0.1551998000722109,5.022471910112359,6.752808988764045,1.404494382022472,1.3258426966292134,5
{53FFFCB1-A82C-458D-BCB0-A6E35F4849BE},ANO0941,2020,round1,Eastern,V1-C-5,0.510986270640942,NA,0.38911821982433076,NA,0.41535557498532183,NA,0.5591948896591975,NA,0.38911821982433076,4.366602687140115,4.8061420345489445,2.0825335892514394,1.7312859884836853,7
{0AACE735-6935-415B-913C-44E2F5F68322},ANO0958,2020,round1,Southern,V2-C-1,0.4701640219972659,NA,0.3818455620152877,NA,0.2238907355872707,NA,0.20327317126413055,NA,0.20327317126413055,3.5,4.5,2,2,2
{D0646269-56AD-453F-9EC3-261763560A69},ANO0958,2020,round1,Southern,V2-C-1,0.39322809112498597,NA,0.33721426255895537,NA,0.427427767939335,NA,0.38806696332243107,NA,0.33721426255895537,3.0909090909090904,4.090909090909091,2.909090909090909,2.909090909090909,2
{E0330D35-F23E-4984-8153-D6619FBD5064},ANO0961,2020,round1,Eastern,V1-C-5,0.48831299157917185,NA,0.41513923091541144,NA,0.5939286108547277,NA,NA,0.6525964645603408,0.41513923091541144,4.217221135029354,5.060665362035225,2.5479452054794516,3.035225048923679,9
{BA0940EF-B239-4199-97D4-4DA20779F7AB},ANO0961,2020,round1,Eastern,V1-C-1,0.6536743603392037,NA,0.8470671921832456,NA,0.8552608531652531,NA,0.7752412878213595,NA,0.6536743603392037,5.004043126684636,7.3126684636118595,3.269541778975741,2.1118598382749325,13
{7C985BB7-6225-40D7-9F9F-C6909374B202},ANO0963,2020,round1,Northern,V1-C-4,NA,0.7210558003558736,NA,0.551270319691138,NA,0.6139993472704819,NA,0.590703070639225,0.551270319691138,5.572402044293016,8.579216354344123,4.4548551959114135,3.2027257240204428,14
{B11B4281-1039-465B-ACDB-20E045FCD85D},ANO0963,2020,round1,Northern,V2-C-2,NA,0.41847717172331755,NA,0.5662372070369798,0.860036147199473,NA,0.9388845601079142,NA,0.41847717172331755,5.357734806629834,7.922651933701657,4.0069060773480665,4.56353591160221,15
{65F480C1-58BB-4461-AC5C-604289BDFF9D},ANO0963,2020,round1,Northern,V1-C-3,0.6209613198751484,NA,0.774563038477953,NA,0.7064553079308185,NA,NA,0.6487401044685466,0.6209613198751484,4.972972972972972,7.182432432432432,2.858108108108108,3.0408163265306127,13
{C86681D4-98CB-41EF-80F3-23EF8B4DE1FC},ANO0963,2020,round1,Northern,V1-C-2,NA,0.49356894508835086,NA,0.8689071106388415,0.7690262835506985,NA,NA,0.8730757116040169,0.49356894508835086,5.911111111111111,7.8133333333333335,3.031111111111111,2.7155555555555555,10
{55CD2ED2-4A18-4EB7-AE33-67B3DC048087},ANO0963,2020,round1,Northern,V1-C-6,0.5100053363954866,NA,NA,0.5364261226615923,NA,0.49753040275621874,NA,0.4880900052990659,0.4880900052990659,4.36013986013986,8.671328671328672,5.083916083916084,4.20979020979021,11
{C1A8A949-EEC3-4B70-9F98-7E898BE6EF3C},ANO0963,2020,round1,Northern,V1-C-1,0.5994323344856449,NA,0.524296110619705,NA,0.32276489953080567,NA,NA,0.9891251153140563,0.32276489953080567,4.949324324324324,6.128378378378378,1.8412162162162162,2.5472972972972974,10
{AB70AE2A-0E4E-470C-AF05-48D0A155425B},ANO0963,2020,round1,Northern,V1-C-7,0.5642598640782878,NA,0.648515361297014,NA,NA,0.9593988044245647,NA,0.5724418941913325,0.5642598640782878,4.717592592592593,6.956018518518518,3.7523148148148144,3.381944444444444,23
{D2139ACC-CDFC-4F7F-A436-78B35F90AED9},ANO0963,2020,round1,Northern,V1-C-5,0.5624824723739902,NA,0.48471079937691525,NA,0.2676145945689593,NA,0.9304578562349615,NA,0.2676145945689593,4.705882352941177,5.741176470588235,1.6974789915966386,2.4016806722689075,10
{2B771DAF-B288-494A-92E3-6A5893A8D97B},ANO0963,2020,round1,Northern,V1-C-6,0.5766071267151193,NA,0.5077906750663901,NA,0.8989042050977898,NA,NA,0.5331873879382921,0.5077906750663901,4.798941798941799,5.966931216931218,3.3902116402116405,3.7671957671957674,15
{22DAC401-A3FE-4E48-8151-A12D9E1AB734},ANO0969,2020,round1,Western,V1-C-5,0.6231283906929636,NA,0.5798381636273291,NA,0.8115062414414708,NA,NA,0.7983011590323299,0.5798381636273291,4.975031210986267,6.6716604244694135,3.1485642946317105,2.8239700374531838,6
{01D64D89-12C9-44BC-84EA-8FC7FB004164},ANO0969,2020,round1,Western,V1-C-1,0.5799631306633072,NA,NA,0.9865684185184764,0.3150283661114877,NA,0.8957328858703497,NA,0.3150283661114877,4.821052631578947,7.610526315789474,1.8210526315789475,2.336842105263158,5
{E9D3A26A-516D-435A-BDD1-77D8B1C4DFAF},ANO0969,2020,round1,Western,V1-C-1,0.7590921012758054,NA,NA,0.8633472067089756,0.13189288565164448,NA,0.7711211295815388,NA,0.13189288565164448,5.104166666666667,7.822916666666667,1.34375,2.1041666666666665,6
{E66A99E2-8429-4675-94B4-E5A0AF23C624},ANO0969,2020,round1,Western,V1-C-1,0.9182370258427004,NA,0.8625199261803282,NA,0.24490748592955264,NA,0.6127794620009644,NA,0.24490748592955264,5.25531914893617,7.340425531914893,1.6382978723404256,1.8085106382978724,9
{D8329893-9B2C-4D72-948A-A0767FACC5B3},ANO0969,2020,round1,Western,V1-C-1,0.5650860625384251,NA,0.6744830372427015,NA,0.7038358374246415,NA,NA,0.8431199092205824,0.5650860625384251,4.723035952063915,7.0026631158455395,2.8508655126498006,2.7589880159786953,9
{58ADAC5F-F99A-4D50-A920-078F95F76649},ANO0970,2020,round1,Northern,V3-C-1,0.8712652591540391,NA,NA,0.9903676675934915,0.4887526021887167,NA,NA,0.577130286432612,0.4887526021887167,5.370431893687708,6.4202657807308965,1.533222591362126,1.8820598006644518,10
{5F9480E5-2EDC-4CFC-8019-0265323D81B5},ANO0970,2020,round1,Northern,V3-C-1,0.7458410437905578,NA,NA,0.943070668922678,0.33971941976413744,NA,NA,0.7272727272727285,0.33971941976413744,5.1783216783216774,6.508741258741258,1.3706293706293706,1.5454545454545454,10
{3E86D67E-7921-40FD-9852-CD670CE1B415},ANO0970,2020,round1,Northern,V1-C-5,0.5992009936758208,NA,0.5370921378936154,NA,0.3636599176478669,NA,NA,0.5726081070674219,0.3636599176478669,4.947800149142431,6.253542132736764,1.947800149142431,3.380313199105146,11
{90D2AA6F-9D6C-40B9-92A6-2A8813D3AB49},ANO0970,2020,round1,Northern,V1-C-1,0.6158596238639084,NA,0.5812284006447949,NA,0.10929769010176116,NA,0.31239702985297996,NA,0.10929769010176116,4.968127490039841,6.685258964143427,1.2848605577689243,1.4085365853658536,9
{AA478B3A-092B-4D4D-BE7B-6D8AE4A69985},ANO0970,2020,round1,Northern,V1-C-6,0.8660199847181966,NA,NA,0.5924326999592188,0.9247013804115998,NA,NA,0.5891215708162414,0.5891215708162414,5.20572450805009,8.323792486583185,3.4615384615384617,3.2182468694096604,18
{87019286-1092-42B0-85B4-D0CA921B6799},ANO0970,2020,round1,Northern,V1-C-2,NA,0.3625018493198835,0.8295299634002045,NA,0.6699934540680844,NA,0.8085054519290743,NA,0.3625018493198835,6.200265251989389,7.281167108753315,2.7572944297082227,2.1739707835325364,12
{E258CB2E-9947-48FC-9545-0011288FC421},ANO0970,2020,round1,Northern,V1-C-6,NA,0.9244529753408584,0.47857903619996434,NA,0.4218481395922798,NA,0.6657176335478647,NA,0.4218481395922798,5.397820163487737,5.6811989100817435,2.0994550408719346,1.9073569482288826,13
{DECFFECA-5EAB-4022-8269-55FC1E0F90AD},ANO0970,2020,round1,Northern,V1-C-6,0.7057301379710964,NA,0.5439792002450224,NA,0.7724287572724843,NA,0.9757357360409202,NA,0.5439792002450224,5.053484602917342,6.3209076175040515,3.0405186385737437,2.4862236628849272,17
{3B8161AA-9F6C-46B3-A4BC-2B28693104AE},ANO0970,2020,round1,Northern,V1-C-1,0.7311942764727298,NA,0.5856138810559709,NA,0.30173553363553607,NA,0.587159875939023,NA,0.30173553363553607,5.07766990291262,6.7281553398058245,1.786407766990291,1.7678571428571426,12
{6FAA2988-FF1A-4F63-9AAC-D2AA847DDF4A},ANO0970,2020,round1,Northern,V1-C-1,0.5763277966307229,NA,0.5721662913612074,NA,0.1186282959220764,NA,0.3104119445443235,NA,0.1186282959220764,4.797101449275362,6.596618357487923,1.3091787439613527,1.4059405940594059,10
{BBD69310-CA5F-4825-8257-4BFDDE277166},ANO0970,2020,round1,Northern,V3-C-1,0.6307221845024034,NA,0.9866313098437498,NA,0.8020050847883438,NA,NA,0.5580190969412526,0.5580190969412526,5.001996007984031,6.381237524950099,1.7205588822355289,2.117764471057884,8
{0AE147BF-DF29-4DCE-BB2A-288076BE3507},ANO0975,2020,round1,Central,V3-C-1,0.6371913755517681,NA,0.7667709315928504,NA,0.38191727221911687,NA,NA,0.9722222222222252,0.38191727221911687,5.011904761904762,6.035714285714286,1.4166666666666667,1.4404761904761905,6
{20CBEB93-594D-4AE4-8069-705C4ACECD6C},ANO0980,2020,round1,Northern,V2-C-1,0.37299679078449766,NA,0.4027561523161248,NA,0.5354720092795557,NA,NA,0.8794453692892924,0.37299679078449766,2.9833333333333334,4.691666666666666,3.3916666666666666,4.916666666666667,11
{1A824DC4-508D-4E6E-B85F-BCC8A60D77E5},ANO0980,2020,round1,Northern,V1-C-5,0.6478026049731459,NA,0.561034173965585,NA,0.4195856217272616,NA,0.9404003890121708,NA,0.4195856217272616,4.998466257668711,6.487730061349693,2.0935582822085887,2.420245398773006,10
{2F1CE4C5-D144-462E-8C20-DB23808E0424},ANO0987,2020,round1,Northern,V2-C-1,NA,0.5196860544253007,0.4371839392285486,NA,0.543314073012897,NA,0.2686252953589102,NA,0.2686252953589102,4.960552268244576,5.007232084155161,3.426692965154504,2.321499013806706,10
{3351C5BB-84DC-4BA6-9461-934506180D01},ANO0990,2020,round1,Southern,V1-C-1,NA,0.5917790923253188,0.8817679985119218,NA,0.12789613154098856,NA,0.45667990350812926,NA,0.12789613154098856,5.694444444444445,7.375,1.3333333333333333,1.5972222222222223,7
{F8D2BEF9-396E-4CDB-A181-622361222D34},ANO0992,2020,round1,Northern,V1-C-7,0.9158079332584192,NA,NA,0.8864285260616147,0.9190030613642306,NA,NA,0.8098476781829475,0.8098476781829475,5.253012048192771,7.783132530120482,3.4457831325301207,2.8072289156626504,13
{018B3D05-D394-474E-9075-9326F2212DEC},ANO0992,2020,round1,Northern,V2-C-2,NA,0.99623214499865,0.5983559322301415,NA,NA,0.4338549360632044,NA,0.42343448866636724,0.42343448866636724,4.412371134020619,6.484536082474227,5.515463917525773,6.515463917525773,12
{9FF52417-F0E6-48F2-A554-2D10C7CFB55A},ANO0992,2020,round1,Northern,V1-C-7,0.5505780814242762,NA,0.5256808799418394,NA,0.8465889969238496,NA,NA,0.5877651250846552,0.5256808799418394,4.627450980392157,6.141923436041083,3.2455648926237166,3.2315592903828203,18
{CF5D6B0A-BED7-42FD-8BED-0E90C34BEE30},ANO0992,2020,round1,Northern,V1-C-7,0.5694153570201206,NA,0.51138398384555,NA,0.36972883764603875,NA,0.9836705125883236,NA,0.36972883764603875,4.751559251559252,6.002079002079002,1.9636174636174637,2.501039501039501,10
{BA4462E0-EF8F-4391-BD32-BBB393A9C3E1},ANO1006,2020,round1,Southern,V1-C-1,NA,0.2472423287084506,0.5576415693260247,NA,0.3488076314754235,NA,0.6544744465676361,NA,0.2472423287084506,6.454545454545454,6.454545454545454,1.9090909090909092,1.8863636363636365,5
{21087441-94EF-4E3C-A335-66D602B585B7},ANO1006,2020,round1,Southern,V1-C-5,NA,0.9429490322590597,0.3913656326389679,NA,0.37036588092077943,NA,0.6958079451138668,NA,0.37036588092077943,5.381944444444445,4.828125,1.9652777777777777,1.9635416666666665,10
{56A5EC00-9BFB-47C5-8BB5-8B9ACF6778E9},ANO1006,2020,round1,Southern,V1-C-5,NA,0.5477104365138588,0.5878471543311844,NA,0.9084723443011999,NA,0.7822786383915643,NA,0.5477104365138588,5.791666666666667,6.75,3.4166666666666665,2.125,8
{426BEF50-9300-4526-87F5-59AD8647314D},ANO1006,2020,round1,Southern,V1-C-1,0.8389697139898455,NA,NA,0.7995406525006834,0.1896463096172433,NA,0.6364457982002983,NA,0.1896463096172433,5.180032733224222,7.932896890343699,1.4942716857610474,1.8527004909983633,7
{97B4958D-BC7E-4BF4-998F-0FB69DD01F6D},ANO1019,2020,round1,Northern,V1-C-1,0.6635184735562226,NA,0.5531605210010835,NA,0.2466568251147637,NA,NA,0.9416909090667251,0.2466568251147637,5.013392857142858,6.410714285714286,1.6428571428571428,2.616071428571429,8
{A9BA4C61-30C9-48EE-8C8B-62AE94529A96},ANO1021,2020,round1,Western,V1-C-1,0.5132487704839268,NA,0.5207321370806944,NA,0.7420157011169405,NA,NA,0.8095562626153023,0.5132487704839268,4.381509032943677,6.093517534537726,2.9564293304994687,2.807651434643996,10
{335A3DE0-AD4B-4AFD-BEF0-D2A0E3CAC65B},ANO1049,2020,round1,Central,V1-C-1,0.9809723643675479,NA,0.954033690194738,NA,0.23242662366583497,NA,0.7462313022360972,NA,0.23242662366583497,5.314903846153846,7.504807692307692,1.6057692307692306,2.0576923076923075,10
{FEBDFB44-A864-416D-A073-937D820DFC99},ANO1049,2020,round1,Central,V1-C-5,0.5614491051040497,NA,0.7967145506877009,NA,0.8649373109256833,NA,NA,0.7934397511397195,0.5614491051040497,4.6990740740740735,7.222222222222221,3.2962962962962963,2.831018518518518,7
{3EF44E76-6242-46DF-8AA9-363055D668C9},ANO1049,2020,round1,Central,V1-C-6,NA,0.9817354147897042,0.5954215647122175,NA,0.5430011670337694,NA,0.8765958364782138,NA,0.5430011670337694,5.3486529318541995,6.824088748019018,2.4152139461172744,2.301109350237718,11
{83C14331-411D-4D7C-91EE-7CBE167D9213},ANO1049,2020,round1,Central,V1-C-5,0.585440940634153,NA,0.6689219577530086,NA,0.5572617160000218,NA,0.9909608361351177,NA,0.5572617160000218,4.857142857142857,6.992673992673993,2.4523809523809526,2.5146520146520146,12
{DCE39697-7E07-4B3C-853D-3290DCFA6C81},ANO1049,2020,round1,Central,V1-C-1,NA,0.9499037070387227,0.7772213764310089,NA,0.15024303752006934,NA,0.40559895649526545,NA,0.15024303752006934,5.375975039001561,7.187207488299532,1.3915756630265212,1.530421216848674,9
{D183AC26-CCF2-47FF-B589-C20C81DB1076},ANO1049,2020,round1,Central,V1-C-6,0.636289308289971,NA,0.434304511505225,NA,0.34780731033777573,NA,0.7634138229970573,NA,0.34780731033777573,4.987531172069826,5.248129675810473,1.9064837905236909,2.0897755610972566,9
{A845F934-91F4-4B74-9CB1-755606FE8896},ANO1049,2020,round1,Central,V1-C-1,0.9291853914697027,NA,NA,0.6174614662240704,0.6882706438688365,NA,0.4626137564296535,NA,0.4626137564296535,5.265717674970344,8.246737841043892,2.807829181494662,1.6049822064056942,11
{02AB46BD-5C37-4782-8A96-19D6729A55BF},ANO1049,2020,round1,Central,V1-C-5,0.5986361860066333,NA,0.7389270406827291,NA,0.12368902195082443,NA,0.2968139886937779,NA,0.12368902195082443,4.94407894736842,7.11842105263158,1.3223684210526314,1.388157894736842,10
{E5389665-6C18-4143-9153-E265223CE8F0},ANO1065,2020,round1,Western,V1-C-5,NA,0.629725410104506,0.7790411069839673,NA,0.523765110120239,NA,0.9108556446785245,NA,0.523765110120239,5.650793650793651,7.190476190476191,2.365079365079365,2.365079365079365,8
{47059F09-B81D-4864-8972-A11EAE5429EE},ANO1065,2020,round1,Western,V1-C-8,0.8437595057649322,NA,0.805983034193569,NA,0.7872265673107544,NA,NA,0.9682022724875481,0.7872265673107544,5.184581976112921,7.238870792616722,3.081433224755701,2.5776330076004346,9
{B8D31673-BC4E-4DDB-B869-453CBF1AC861},ANO1065,2020,round1,Western,V1-C-1,NA,0.4929084312775938,0.8737823543793939,NA,0.6154755307764419,NA,0.8645881296130637,NA,0.4929084312775938,5.912568306010929,7.360655737704917,2.6065573770491803,2.278688524590164,8
{DDBB39CA-13ED-4490-A075-E5DC6B2049D0},ANO1065,2020,round1,Western,V1-C-1,NA,0.7415303210775213,0.8187846612375359,NA,0.39624775287576325,NA,0.8731091601936373,NA,0.39624775287576325,5.554828150572831,7.261865793780687,2.0327332242225857,2.294599018003273,5
{ED03C40A-3F0D-4CAA-A79C-0636E0DCC543},ANO1065,2020,round1,Western,V1-C-5,0.5898022854130096,NA,0.4513767766929272,NA,0.49315726612737826,NA,0.8826484680007236,NA,0.4513767766929272,4.885877318116976,5.415121255349502,2.2853067047075606,2.312410841654779,9
{0EB5DB9B-5396-46E4-BCF3-59B2990A7A0D},ANO1065,2020,round1,Western,V1-C-1,0.840849571187937,NA,NA,0.8977394978166446,0.7709259940979937,NA,0.9490326791523087,NA,0.7709259940979937,5.181818181818182,7.763636363636364,3.036363636363636,2.4363636363636365,6
{067702A9-0045-4E3D-AD9C-CBE41448713D},ANO1065,2020,round1,Western,V1-C-1,0.7416634401266045,NA,0.5201285211578692,NA,0.4648309554193633,NA,0.7962339515255538,NA,0.4648309554193633,5.087613293051359,6.087613293051359,2.211480362537764,2.1510574018126887,9
{ADE8957C-6ECC-44E7-BB33-9B42D5F0D9A1},ANO1065,2020,round1,Western,V1-C-1,0.5976965480870419,NA,NA,0.8723184262555461,0.9599530932760705,NA,0.9814505658450626,NA,0.5976965480870419,4.937888198757763,7.807453416149068,3.5590062111801237,2.4968944099378882,5
{69555E79-024A-46EF-8256-A9300C9DF093},ANO1065,2020,round1,Western,V1-C-1,0.716512529427736,NA,NA,0.9710614580356621,0.08275632040887503,NA,0.5322726098343723,NA,0.08275632040887503,5.063725490196078,7.637254901960786,1.215686274509804,1.6960784313725492,9
{CF13357A-451C-4799-9125-70CCFF8571D1},ANO1065,2020,round1,Western,V1-C-1,0.5863916285647313,NA,0.35032052719435935,NA,0.3772181012903694,NA,0.7315900570522582,NA,0.35032052719435935,4.863406408094435,4.4266441821247895,1.9831365935919056,2.0303541315345703,7
{5D545DC7-899F-4B13-BB63-E812F681FD85},ANO1065,2020,round1,Western,V1-C-1,0.6839170466537805,NA,0.3674975245101242,NA,0.40929866368153756,NA,0.7101339697752829,NA,0.3674975245101242,5.032766990291262,4.594660194174757,2.066747572815534,1.9902912621359221,11
{A6F53982-A283-45D4-B7B7-BE40F884C96E},ANO1066,2020,round1,Western,V2-C-1,NA,0.5175971326035355,0.7263964218941669,NA,0.7799993809876723,NA,0.42560320233427335,NA,0.42560320233427335,4.96875,6.75,3.90625,3.09375,7
{450A1260-1253-4B8A-A001-F71AA9A19161},ANO1066,2020,round1,Western,V1-C-1,NA,NA,NA,NA,NA,NA,NA,NA,NA,NA,NA,NA,NA,NA
{A7A81855-E00A-4211-B49B-4B86CAEF3A80},ANO1066,2020,round1,Western,V1-C-1,NA,NA,NA,NA,NA,NA,NA,NA,NA,NA,NA,NA,NA,NA
{83779E76-BB19-4845-BFE5-0482C630C18B},ANO1072,2020,round1,Eastern,V1-C-1,0.4977523465849199,NA,0.5743161456637147,NA,0.6620364766416004,NA,NA,0.7681766805174068,0.4977523465849199,4.279411764705882,6.617647058823529,2.735294117647059,2.8676470588235294,7
{21BC08EE-47E2-40DA-A3AC-8BAC4DBF1D83},ANO1072,2020,round1,Eastern,V2-C-1,0.7470755103353524,NA,0.6215884577314811,NA,0.34152824072634513,NA,0.29285117893984913,NA,0.29285117893984913,4.271186440677966,6.5423728813559325,2.5254237288135593,2.440677966101695,5
{CBCA1743-AB79-4587-BAA3-60E5E058265C},ANO1072,2020,round1,Eastern,V1-C-5,0.5312334461309908,NA,0.5156817747713459,NA,0.14670438617936926,NA,0.4835434272439015,NA,0.14670438617936926,4.5,6.044117647058823,1.3823529411764706,1.6323529411764706,8
{B414859C-2DDD-4751-B5B2-6F184F268B83},ANO1072,2020,round1,Eastern,V2-C-1,NA,0.581036425509732,NA,0.5192570327845298,0.2325169986046437,NA,0.2249888690699308,NA,0.2249888690699308,4.719789842381786,8.26094570928196,2.0385288966725046,2.1068301225919437,5
{CC467DF9-F4CF-4905-82F0-7175B8330341},ANO1072,2020,round1,Eastern,V1-C-5,0.492405752393842,NA,0.4885847935897205,NA,0.5755325919344487,NA,NA,0.75709037062903,0.4885847935897205,4.244186046511628,5.77906976744186,2.5,2.883720930232558,7
{4CF507A8-2B51-4D0D-9E07-AE8F9BBFB422},ANO1120,2020,round1,Eastern,V1-C-6,0.7048320089207697,NA,NA,0.4862869273545823,NA,0.8031246743404273,0.6683546010681463,NA,0.4862869273545823,5.052631578947368,8.982456140350877,4.0701754385964914,1.912280701754386,7
{EE6D7E2B-E30E-4D30-846D-1CA0F8B4CC1C},ANO1134,2020,round1,Southern,V1-C-5,0.7146398960721225,NA,0.6012118548499349,NA,0.3594350194887707,NA,0.6747095332268939,NA,0.3594350194887707,5.061946902654867,6.871049304677624,1.9367888748419722,1.9241466498103665,5
{DFCD7207-1ABB-4ABC-A111-300D811B4DFA},ANO1134,2020,round1,Southern,V1-C-1,0.7362526370886338,NA,0.8222226137652557,NA,0.653372929858937,NA,0.9637894518165149,NA,0.653372929858937,5.082474226804123,7.268041237113402,2.711340206185567,2.463917525773196,7
{924634A0-B407-44D7-9E62-0611EFF482D8},ANO1167,2020,round1,Central,V1-C-5,0.7630058026489894,NA,0.6487452932884918,NA,0.6812369785846898,NA,0.9253354940885714,NA,0.6487452932884918,5.1078838174273855,6.95643153526971,2.788381742738589,2.392116182572614,9
{DD5E2348-296A-4834-8E8A-797AD04AEF39},ANO1167,2020,round1,Central,V1-C-2,NA,0.3797731265296472,0.6637411769583585,NA,0.6021257900782486,NA,0.6852709422511765,NA,0.3797731265296472,6.162162162162161,6.983367983367983,2.5696465696465696,1.9438669438669438,11
{B13A42B0-2DEB-4BBC-9C90-4B9CE3159FF5},ANO1167,2020,round1,Central,V1-C-3,NA,0.10516881731604633,NA,0.9369473674268877,0.8156758239364315,NA,0.9017235238891457,NA,0.10516881731604633,6.767981438515081,7.696055684454756,3.1600928074245935,2.348027842227378,8
{34E7C698-EE8A-45F2-9C07-8792B2808EA3},ANO1167,2020,round1,Central,V1-C-2,NA,0.8574193346965615,0.8395174221576827,NA,0.6350627665637512,NA,0.858787270231739,NA,0.6350627665637512,5.455357142857143,7.299107142857143,2.660714285714286,2.267857142857143,11
{D4982EF3-F11B-4AA1-9BDD-56337115EB87},ANO1167,2020,round1,Central,V1-C-6,0.5795936062942727,NA,0.49733743224647814,NA,0.6501739069477167,NA,NA,0.592975642398946,0.49733743224647814,4.818618042226488,5.86468330134357,2.7024952015355086,3.1804222648752396,10
{0379544A-3A7F-42E8-9EE9-C117E8A49AAB},ANO1167,2020,round1,Central,V3-C-1,0.862316447943233,NA,0.6733442568653685,NA,NA,0.5736710522744302,NA,0.5535798956851589,0.5535798956851589,5.35672514619883,5.888888888888888,2.3479532163742687,2.1725146198830405,10
{258B2CAD-0F61-4B13-89F7-D80F6238F95B},ANO1173,2020,round1,Northern,V1-C-1,NA,0.8804144641368445,0.7346341870641157,NA,0.8404677448184782,NA,0.9473453210756235,NA,0.7346341870641157,5.435619735258725,7.110709987966306,3.22864019253911,2.4332129963898916,12
{4DCD9F9A-2CF3-405C-A8F2-F0F9D6426755},ANO1173,2020,round1,Northern,V1-C-5,0.8047599083398788,NA,0.5900944803277852,NA,0.7313626653608166,NA,NA,0.5550220558043584,0.5550220558043584,5.147540983606557,6.771982116244412,2.926974664679583,3.55290611028316,10
{82CFB80A-C64C-4164-9A5E-EC2C9D125CF5},ANO1173,2020,round1,Northern,V1-C-5,NA,0.9964090299070234,0.5427424265791215,NA,0.3279298631609544,NA,0.8617492869730539,NA,0.3279298631609544,5.336058128973661,6.308810172570391,1.854677565849228,2.2733878292461402,9
{30614FAD-82CF-479B-AE12-1EDE78D658C4},ANO1179,2020,round1,Northern,V1-C-5,NA,0.3333589024349657,NA,0.8204603690816907,NA,0.6429318534064432,0.6797481753731907,NA,0.3333589024349657,6.264559068219634,7.896838602329451,4.396006655574043,1.9335548172757475,6
{0309640B-46DE-4CE4-BE9D-CE4D2CF3236D},ANO1179,2020,round1,Northern,V1-C-2,0.5659576672475093,NA,0.5650402298990358,NA,NA,0.9806403059092812,NA,0.5411100738803127,0.5411100738803127,4.728778467908903,6.526915113871636,3.7091097308488616,3.68944099378882,20
{FDFB93DA-CCD4-4150-A506-9E371571CB48},ANO1179,2020,round1,Northern,V1-C-2,0.9438529472012231,NA,0.5816726823428564,NA,0.5937900924106513,NA,0.9113659511541139,NA,0.5816726823428564,5.2796486090776,6.689604685212299,2.547584187408492,2.3660322108345535,13
{78CD8791-6B81-4493-BAF1-4A54296ED39E},ANO1180,2020,round1,Northern,V1-C-5,0.5847542683529924,NA,0.5432986568547281,NA,0.5617459809218088,NA,0.8738490334731134,NA,0.5432986568547281,4.852618757612667,6.314250913520097,2.4640682095006095,2.295980511571255,5
{E7ACADDB-55C5-447D-A5B6-F25D877A324E},ANO1180,2020,round1,Northern,V1-C-5,NA,0.5435462574948932,0.6658732452025174,NA,0.232505342972096,NA,0.7458064403183942,NA,0.232505342972096,5.800853485064012,6.987197724039829,1.6059743954480799,2.056899004267425,10
{B822079E-7EF0-4249-B1BA-936E8ED4CD03},ANO1180,2020,round1,Northern,V1-C-1,NA,0.36894688586338475,0.7412655222387766,NA,0.1800820795059163,NA,0.8398825210851841,NA,0.1800820795059163,6.186046511627908,7.12262156448203,1.4693446088794926,2.2325581395348837,8
{C948676F-84CF-40EF-ADD2-F41B9A8BC505},ANO1180,2020,round1,Northern,V1-C-1,0.9660574829892903,NA,0.5794533797867475,NA,0.2562642045267779,NA,0.6254147691436046,NA,0.2562642045267779,5.300738007380073,6.667896678966789,1.6678966789667897,1.8321033210332103,10
{A752AF38-E89A-4847-8A17-9E8791473581},ANO1180,2020,round1,Northern,V1-C-5,0.5931690465474303,NA,0.5109393516301052,NA,0.3497182529877884,NA,0.8186766864279016,NA,0.3497182529877884,4.908059023836549,5.997729852440409,1.9114642451759367,2.1929625425652666,10
{A11EBB5E-A4A5-48CA-BC86-A03E8D9E16EC},ANO1180,2020,round1,Northern,V1-C-2,0.8645051123081586,NA,NA,0.5677197930466344,NA,0.5710759298152392,NA,0.4646631520391449,0.4646631520391449,5.204285714285715,8.477142857142857,4.652857142857143,4.439705882352941,22
{AA36C5FF-EE4F-42C3-A473-02F902583427},ANO1180,2020,round1,Northern,V1-C-1,0.4978599163826582,NA,NA,0.4363757533348077,NA,0.9783071175498192,NA,0.7956495467999045,0.4363757533348077,4.28012048192771,9.292168674698795,3.7138554216867465,2.8278145695364243,5
{7F6C313E-7F56-49B8-82DD-12A729594401},ANO1180,2020,round1,Northern,V1-C-6,0.6485910126963983,NA,0.778749786483356,NA,NA,0.5363554518040723,NA,0.331912836911997,0.331912836911997,4.999215070643642,7.189952904238618,4.856357927786499,5.742543171114599,16
{D561CACC-710B-4413-80E8-0A398913AFF4},ANO1180,2020,round1,Northern,V1-C-6,0.5560502611350318,NA,NA,0.7327208853140755,NA,0.4740770593863487,NA,0.39088077964685874,0.39088077964685874,4.663504111321948,8.048070841239722,5.2213788741302976,5.16382036685642,15
{629B12A3-8CDC-4D2E-9069-5723A5C36702},ANO1197,2020,round1,Northern,V2-C-1,NA,0.5687038968110932,0.5389019980388383,NA,0.16591656237724994,NA,0.32859571828270673,NA,0.16591656237724994,4.768187422934648,5.939580764488286,1.7410604192355117,2.6165228113440198,8
{F0F053E1-4B0F-4BC1-91FF-BAA26E1DC63D},ANO1197,2020,round1,Northern,V1-C-5,NA,0.7878090415264627,0.5528682024184001,NA,0.21560737583042788,NA,0.6748834025343402,NA,0.21560737583042788,5.515105740181269,6.407854984894259,1.5619335347432024,1.9244712990936557,12
{9B5F988D-12A5-4831-9405-050771BD631A},ANO1197,2020,round1,Northern,V2-C-1,NA,0.5352783386924729,0.5492050272338946,NA,0.28260056703113334,NA,0.5115684132947751,NA,0.28260056703113334,4.899362154500354,6.034018426647767,2.2622253720765415,3.5166548547129697,9
{557012BE-2B9C-4738-891A-A01CBBCB1B9B},ANO1197,2020,round1,Northern,V1-C-5,0.5788601954166909,NA,0.5129594867906936,NA,0.28895051940741867,NA,0.940687714089457,NA,0.28895051940741867,4.813786008230452,6.017489711934156,1.7530864197530864,2.4207818930041154,9
{A02A4584-5849-4C7A-B53E-130F8CD33C20},ANO1201,2020,round1,Northern,V3-C-1,0.5927063463422185,NA,0.5715639264275244,NA,0.5601453325880378,NA,NA,0.5969793322734499,0.5601453325880378,4.9068627450980395,5.5473856209150325,1.611111111111111,1.6372549019607843,8
{F3F60DDA-E03E-4F70-9955-657F03B30AEE},ANO1201,2020,round1,Northern,V3-C-1,NA,0.9195874924438499,NA,0.6918951799224458,0.8296051934913132,NA,NA,0.5564671814671814,0.5564671814671814,5.626459143968871,6.978599221789883,1.7295719844357977,2.136904761904762,10
{62ACC5D3-1C9B-46A0-A191-E47EB44A9FC5},ANO1201,2020,round1,Northern,V1-C-2,NA,0.3860568425139206,0.9184088344762705,NA,0.8724277970449243,NA,0.9221707143682975,NA,0.3860568425139206,6.148299319727891,7.440816326530612,3.3170068027210884,2.386206896551724,10
{00F4DBD3-3623-441A-919D-C57A67AC3083},ANO1201,2020,round1,Northern,V1-C-1,0.6576430456226402,NA,0.5517057362150348,NA,0.5103355405043744,NA,0.6734929274938158,NA,0.5103355405043744,5.007812499999999,6.396484375,2.330078125,1.921875,10
{AB406990-F492-41FF-9764-EE24E5E5AA74},ANO1201,2020,round1,Northern,V1-C-1,0.7197431793389473,NA,0.5318524204138098,NA,0.25994156505945204,NA,0.44070867308187284,NA,0.25994156505945204,5.066793893129771,6.202290076335878,1.6774809160305344,1.5763358778625953,12
{21CDFDFA-7E72-44C4-BA38-A6DF1BD25CBA},ANO1201,2020,round1,Northern,V1-C-1,0.6796992980954293,NA,0.5412536515254037,NA,0.20712382364602566,NA,0.5413616472950863,NA,0.20712382364602566,5.028761061946903,6.294247787610619,1.5398230088495573,1.7079646017699115,10
{8015E1A4-2998-412B-9377-8C61A12EF0B7},ANO1201,2020,round1,Northern,V1-C-5,0.6844161175083489,NA,0.5879179536994045,NA,0.30928898292322177,NA,0.26441974852111627,NA,0.26441974852111627,5.033240997229917,6.7506925207756225,1.8060941828254848,1.3457943925233644,7
{A6B61947-7AAD-4D32-8C08-4AF096A986E4},ANO1201,2020,round1,Northern,V3-C-1,0.7581110100761543,NA,0.6782729509843084,NA,0.7522992424174099,NA,NA,0.5743975021953361,0.5743975021953361,5.197115384615384,5.896634615384616,1.7043269230769231,1.9157641395908545,10
{1AB771BF-74CC-4D71-BAAE-6D627C3A6A44},ANO1201,2020,round1,Northern,V3-C-1,NA,0.9246498352491459,NA,0.8405079454285624,0.6797607429242669,NA,NA,0.5972917928111411,0.5972917928111411,5.622754491017964,6.700598802395209,1.6806387225548902,1.6334012219959266,10
{99192A74-1172-4AB4-8824-F268FF0ECC33},ANO1201,2020,round1,Northern,V1-C-1,NA,0.5178470616965692,NA,0.9606093685441454,0.6640063876540673,NA,0.5255486782160201,NA,0.5178470616965692,5.8575498575498575,7.655270655270654,2.740740740740741,1.6872852233676976,8
{3EC2F405-D761-447F-825D-F727C5A1724E},ANO1201,2020,round1,Northern,V1-C-5,0.7372733818784825,NA,0.6154856749866294,NA,0.4649998424900844,NA,0.8281204825355366,NA,0.4649998424900844,5.083443708609272,6.896688741721855,2.2119205298013247,2.2105960264900664,18
{F73A6B3E-E4EE-494C-AA14-55C9F82FFE49},ANO1201,2020,round1,Northern,V1-C-5,0.6423511600344342,NA,0.582643955124479,NA,0.10901213896446672,NA,0.1231688580087478,NA,0.10901213896446672,4.993288590604026,6.69910514541387,1.2841163310961967,1.1610738255033557,10
{073471DC-972A-4B9B-8F47-4361062F754E},ANO1201,2020,round1,Northern,V3-C-1,0.5580850639830334,NA,0.5893754886768909,NA,0.5337980621456982,NA,NA,0.5610011419870574,0.5337980621456982,4.678654292343388,5.689095127610209,1.5823665893271461,2.080985915492958,9
{18D3FF5A-DC19-4B4A-8584-403F4287C27F},ANO1201,2020,round1,Northern,V1-C-1,0.554177083339306,NA,NA,0.45722543169602003,NA,0.7004231219070507,NA,0.7194662246458848,0.45722543169602003,4.651162790697675,9.162790697674419,4.27906976744186,2.9382716049382718,6
{BC10397D-D64B-42C7-AB37-A3AC7AE22E2A},ANO1201,2020,round1,Northern,V1-C-1,0.5596805671566851,NA,NA,0.46499629448284274,NA,0.5673033172257269,NA,0.586615762993072,0.46499629448284274,4.687422166874222,9.114570361145704,4.674968866749689,3.242839352428393,6
{BA87CB87-B52D-43B2-BC68-1AAAB12CE2D7},ANO1201,2020,round1,Northern,V3-C-1,0.5925239363021519,NA,0.5525646252032846,NA,NA,0.8909340140524983,NA,0.5629780724120347,0.5525646252032846,4.90566037735849,5.39622641509434,1.8679245283018868,2.056603773584906,6
{DD52885E-5F19-4F96-9BF2-FE5574BBA4B4},ANO1201,2020,round1,Northern,V3-C-1,NA,0.8034319757417948,NA,0.5951473354231972,NA,0.5692710021422728,0.4881381625117307,NA,0.4881381625117307,5.711462450592885,7.189723320158103,2.391304347826087,1.2118226600985222,9
{F4EFCE01-C844-4588-931D-D47F1DDDA4C6},ANO1209,2020,round1,Northern,V1-C-7,0.5989696486640022,NA,0.4941948046922884,NA,0.515800882148822,NA,NA,0.9320589699304027,0.4941948046922884,4.9462759462759465,5.833943833943834,2.344322344322344,2.63003663003663,16
{74D2F8C1-5A2D-48EA-A822-F3E08DA960E4},ANO1219,2020,round1,Southern,V2-C-1,0.5636758690316253,NA,0.6288644021032248,NA,0.41118991051069387,NA,0.36206273995245414,NA,0.36206273995245414,3.997229916897507,6.556786703601108,2.8365650969529086,2.781163434903047,5
{5867D56E-5061-4CD9-B534-F1E342FCDE46},ANO1219,2020,round1,Southern,V2-C-1,NA,0.5836834989096542,0.359310923638317,NA,0.2251664662743777,NA,0.05964996193790724,NA,0.05964996193790724,4.7094017094017095,4.293447293447293,2.005698005698006,1.2934472934472934,3
{65850921-5340-485D-9C45-B8446098FB0C},ANO1219,2020,round1,Southern,V2-C-2,0.6339207965804922,NA,0.4940440947003806,NA,0.5239715908616531,NA,0.5723779499148707,NA,0.4940440947003806,4.209013716525147,5.528412802090137,3.340300457217505,3.8158066623122147,10
{89E2BC0E-76CB-4F9B-8A42-E5A989D3C15D},ANO1223,2020,round1,Central,V1-C-5,0.9567600628609104,NA,0.6906994281238283,NA,0.029941001892543548,NA,0.058566020694549685,NA,0.029941001892543548,5.291907514450867,7.031791907514451,1.0780346820809248,1.0765895953757225,7
{22F4DB95-9636-44C1-9220-249186C7E626},ANO1223,2020,round1,Central,V1-C-5,0.8231765073905756,NA,0.4024222207399328,NA,0.38306145280168635,NA,0.7398363499769575,NA,0.38306145280168635,5.165032679738562,4.936274509803922,1.9983660130718952,2.045751633986928,7
{C2F082E9-D65F-4079-995B-55976804BF3D},ANO1223,2020,round1,Central,V2-C-1,NA,0.39109391764953194,0.5685284271039682,NA,0.20311201302696713,NA,0.16554265223598566,NA,0.16554265223598566,5.465197215777263,6.211136890951275,1.9071925754060324,1.814385150812065,9
{1260E006-CBD1-4E10-8C49-2A705751AA89},ANO1223,2020,round1,Central,V2-C-1,0.5520006131153373,NA,0.42365966747221473,NA,0.3290119369914108,NA,0.4627035221381961,NA,0.3290119369914108,3.93514915693904,4.883268482490273,2.469520103761349,3.276264591439689,11
{FB8BE0D6-8AD4-4E6E-8EF6-D358B266FF08},ANO1223,2020,round1,Central,V2-C-1,0.5793285420472059,NA,0.4677451383635544,NA,0.2547722163579287,NA,0.3084144667455774,NA,0.2547722163579287,4.080459770114943,5.287356321839081,2.1379310344827585,2.5172413793103448,5
{30A6150E-9544-4E83-8E84-5856B009B1F1},ANO1223,2020,round1,Central,V2-C-1,0.9572501824951132,NA,0.45385072513817054,NA,0.21792031597161016,NA,0.18159069966262328,NA,0.18159069966262328,4.386666666666667,5.16,1.9733333333333334,1.8933333333333333,7
{2BFDCF2C-2391-46F1-8A24-A15A2A4A5018},ANO1232,2020,round1,Central,V1-C-5,NA,0.5423469565814122,0.4876424167475493,NA,0.3826555860237116,NA,0.7506531827335379,NA,0.3826555860237116,5.80349932705249,5.769851951547779,1.9973082099596233,2.065948855989233,11
{503FDD43-2EF9-4880-8294-70CDA986B55D},ANO1232,2020,round1,Central,V1-C-5,0.632849756732816,NA,0.5377153527457282,NA,0.18142936677293664,NA,0.434377767075304,NA,0.18142936677293664,4.98426435877262,6.25963808025177,1.4728560188827695,1.5680566483084186,8
{49945750-A7E7-4981-99E1-BCDF6BE9FD95},ANO1232,2020,round1,Central,V1-C-5,0.6494174465156278,NA,0.5010492318449182,NA,0.2241348047797523,NA,0.7100310070870429,NA,0.2241348047797523,5,5.900990099009901,1.5841584158415842,1.99009900990099,6
{A342D75B-0A69-48BD-8EB3-EBE6D476E238},ANO1232,2020,round1,Central,V1-C-1,0.5978802731121017,NA,0.5597358383135465,NA,0.10328274690825268,NA,0.19745523176920043,NA,0.10328274690825268,4.939098660170524,6.475030450669916,1.269183922046285,1.2582216808769793,6
{8BB662ED-74CB-4B28-8FAF-75A3D0B08E26},ANO1232,2020,round1,Central,V1-C-5,0.5797930476621361,NA,0.5923336533671455,NA,0.12384053507083272,NA,0.24421050754112705,NA,0.12384053507083272,4.819932049830125,6.793884484711212,1.3227633069082674,1.319365798414496,9
{035FD092-8EF8-4C61-9699-2872CCE5A647},ANO1232,2020,round1,Central,V1-C-5,NA,0.4532776026321591,0.4827730252961418,NA,0.36237237269946765,NA,0.7153335855314115,NA,0.36237237269946765,6,5.722222222222222,1.9444444444444444,2,3
{2701F3B0-55B7-4CB5-88E6-105ABFF77E40},ANO1232,2020,round1,Central,V1-C-5,0.8419716821180212,NA,0.9888847621204491,NA,0.05577650754190827,NA,0.5423532974403368,NA,0.05577650754190827,5.182883939038687,7.567409144196952,1.145369284876905,1.7092614302461901,9
{6C0E46BF-B412-48CB-B3D9-D643E139DFEB},ANO1232,2020,round1,Central,V1-C-1,0.5879740011249549,NA,0.5557596014129307,NA,0.3753213579800973,NA,0.7929147682852333,NA,0.3753213579800973,4.873831775700934,6.43613707165109,1.9781931464174454,2.144859813084112,11
{1ED1B591-C3B8-4A58-AEB5-417AE669937F},ANO1239,2020,round1,Eastern,V1-C-5,0.5851418648024115,NA,0.46745746725226417,NA,0.24344367107112308,NA,0.5115400875863311,NA,0.24344367107112308,4.855172413793103,5.572413793103448,1.6344827586206896,1.6689655172413793,7
{818CFE69-54DF-47BC-85F1-9ED979115260},ANO1239,2020,round1,Eastern,V1-C-1,0.5893509894179878,NA,0.5430947133996824,NA,0.24051661271057106,NA,0.6818871890985481,NA,0.24051661271057106,4.882903981264637,6.312256049960968,1.6268540202966433,1.9375487900078063,9
{F619BC36-C0DC-4204-8506-0A94C12281FB},ANO1241,2020,round1,Northern,V6-C-3,NA,NA,NA,NA,NA,NA,NA,NA,NA,NA,NA,NA,NA,NA
{4FCBD946-164E-4CCF-A151-A312E9EC9168},ANO1269,2020,round1,Eastern,V1-C-5,0.6011050669503852,NA,0.5634209241979954,NA,0.25680409956568756,NA,0.6890640078267944,NA,0.25680409956568756,4.954113924050633,6.511075949367088,1.6693037974683544,1.9509493670886076,7
{43CA06D6-C9C4-4975-86EE-DDA109E20671},ANO1269,2020,round1,Eastern,V1-C-2,0.989700785999676,NA,NA,0.7418593075636565,0.9956824769683292,NA,NA,0.8119488149808196,0.7418593075636565,5.32319391634981,8.032319391634982,3.6577946768060836,2.8041825095057034,11
{F7AA39CB-F762-4F6C-A939-F590085559DF},ANO1269,2020,round1,Eastern,V1-C-5,0.5940277915333265,NA,0.6249654323942232,NA,0.07045605476483664,NA,0.13703216697156861,NA,0.07045605476483664,4.913716814159292,6.913716814159292,1.1836283185840708,1.1792035398230087,5
{F316B906-E4C6-4B20-A127-FB56BACF919A},ANO1272,2020,round1,Southern,V1-C-5,0.5940748945097698,NA,0.5356891636557243,NA,0.2638942804646642,NA,0.6183995723402398,NA,0.2638942804646642,4.914027149321266,6.239819004524887,1.687782805429864,1.8190045248868778,6
{42543E36-18D1-4F8E-890C-8C566035405C},ANO1272,2020,round1,Southern,V1-C-1,NA,0.5510433600626244,0.5121737354871871,NA,0.22946070658824427,NA,0.7153335855314115,NA,0.22946070658824427,5.784313725490197,6.009803921568627,1.5980392156862746,2,4
{03893C7A-18F9-4FC2-8678-A654E7A28B18},ANO1272,2020,round1,Southern,V1-C-5,0.6075258011960905,NA,0.4473089060404976,NA,0.3689311486759286,NA,0.7167541702074888,NA,0.3689311486759286,4.960212201591512,5.3753315649867375,1.9615384615384615,2.002652519893899,8
{EEE5489E-7C23-4C6A-AE36-525160CD8A18},ANO1272,2020,round1,Southern,V2-C-1,0.6579603525376715,NA,0.5576157413556582,NA,0.547288464768884,NA,0.6267560366885094,NA,0.547288464768884,4.222222222222222,6.111111111111111,3.4444444444444446,4,3
{5FCFC52B-60BA-496D-94C0-3ED090E460A4},ANO1272,2020,round1,Southern,V1-C-5,0.5983382127794165,NA,0.5464738971791762,NA,0.2312852199124464,NA,0.5052033356731065,NA,0.2312852199124464,4.942115768463074,6.3453093812375245,1.6027944111776447,1.6606786427145708,4
{4A8E1431-C33C-45AA-92A3-2A67913CFCF7},ANO1299,2020,round1,Eastern,V3-C-2,0.48433813642821816,NA,0.597935550267172,NA,NA,0.9103637868981433,NA,0.534649838997665,0.48433813642821816,4.192546583850932,5.757199322416714,1.8531902879728968,2.4059853190287974,8
{074EC4C3-A664-4C9D-AA57-0DBE79EB8438},ANO1299,2020,round1,Eastern,V1-C-2,0.7441763482284208,NA,NA,0.5060211294065299,0.7686244217041552,NA,NA,0.584867208977488,0.5060211294065299,5.09,8.86,3.03,3.26,8
{DC9CDDEE-CF70-49E5-939D-17B7B83A1C09},ANO1299,2020,round1,Eastern,V1-C-2,0.6744859390322396,NA,0.5533633668100315,NA,NA,0.9741936339112575,NA,0.5345351821444051,0.5345351821444051,5.023809523809524,6.412698412698413,3.7222222222222223,3.753968253968254,8
{180FAB76-D39E-46E1-9F60-9F3796EB0D5F},ANO1299,2020,round1,Eastern,V1-C-2,NA,0.6767478865398625,NA,0.8578404254436904,NA,0.9473045081439286,NA,0.5323101997890528,0.5323101997890528,5.6104328523862375,7.832408435072143,3.7769145394006665,3.7758046614872365,8
{C0CD7FDD-8784-4A6B-9293-35BB4969A7F7},ANO1299,2020,round1,Eastern,V1-C-2,NA,0.2966907944501404,NA,0.5303406162280364,NA,0.918076742207885,NA,0.9903960796919754,0.2966907944501404,6.345454545454546,8.709090909090909,3.8363636363636364,2.5454545454545454,5
{BB4B4724-4DC9-4E24-BF5A-73792BA239CE},ANO1299,2020,round1,Eastern,V1-C-2,0.7697462105953647,NA,NA,0.3752567975125768,NA,0.8235790181258473,NA,0.6965975332077088,0.3752567975125768,5.114285714285714,9.67142857142857,4.0285714285714285,2.9714285714285715,5
{65BA2FF7-8040-475D-AC0E-B545AD7A307A},ANO1299,2020,round1,Eastern,V1-C-2,0.5434738481155759,NA,NA,0.4444709940852506,NA,0.7107502185353061,NA,0.5226137250051737,0.4444709940852506,4.580645161290323,9.241935483870968,4.258064516129032,3.870967741935484,5
{68D0ED6F-6025-40C0-AFC6-916C2587B935},ANO1299,2020,round1,Eastern,V1-C-3,0.5417906814042214,NA,NA,0.6101813414709223,0.965612532932957,NA,NA,0.4871283615227765,0.4871283615227765,4.5695557174071375,8.259286234522941,3.574654042243263,4.219227967953386,11
{AEECD1A5-6844-4608-B951-508B173678BB},ANO1307,2020,round1,Western,V1-C-6,0.5582167322836761,NA,0.5895510591263473,NA,0.37942519023826615,NA,0.8700510410304313,NA,0.37942519023826615,4.677777777777778,6.766666666666667,1.988888888888889,2.2888888888888888,9
{B7B0BCD7-4F20-4FDC-84FD-4DBC5385FD9B},ANO1307,2020,round1,Western,V1-C-6,0.5127735966515354,NA,0.563670126832252,NA,0.5599776570173015,NA,0.9758764939601144,NA,0.5127735966515354,4.378378378378378,6.513513513513513,2.4594594594594597,2.4864864864864864,11
{767C81F4-A9E8-4E46-8660-A3A87225F067},ANO1307,2020,round1,Western,V3-C-1,0.7926381245077163,NA,0.4922884411235272,NA,0.8921602869131007,NA,NA,0.5945945945945946,0.4922884411235272,5.25,4.916666666666667,1.75,1.6666666666666667,4
{15DF5CA9-8830-4D2C-8986-CC17D0DA1F93},ANO1307,2020,round1,Western,V1-C-6,0.5641670559989498,NA,0.4706635132298901,NA,0.47056123868854294,NA,0.78606798100629,NA,0.47056123868854294,4.716981132075472,5.60377358490566,2.2264150943396226,2.1320754716981134,14
{C594C67C-695A-4F46-931D-07233DA30153},ANO1337,2020,round1,Western,V1-C-1,0.8468318250839468,NA,0.48135310463350606,NA,0.3597078699590304,NA,0.6037584974311567,NA,0.3597078699590304,5.1875,5.708333333333333,1.9375,1.7916666666666667,10
{CCE8B9C7-369C-4A40-86B9-DD8F01FA6059},ANO1338,2020,round1,Eastern,V1-C-5,0.5975908962986549,NA,0.5348414460481626,NA,0.40825957260374685,NA,0.9719013250644111,NA,0.40825957260374685,4.9371921182266005,6.231527093596059,2.064039408866995,2.479064039408867,10
{D970A578-AB41-4891-AC13-BC1EE540D748},ANO1338,2020,round1,Eastern,V1-C-6,0.6494174465156278,NA,0.7255205840698291,NA,0.6144687009103732,NA,NA,0.5498390039036276,0.5498390039036276,5,7.09433962264151,2.6037735849056602,3.6037735849056602,11
{0CCB3C10-B2C7-42C2-9971-4D654E3C08BE},ANO1341,2020,round1,Eastern,V1-C-2,0.5471414408187253,NA,0.5117387064831274,NA,0.37186076223631453,NA,0.8701904525667343,NA,0.37186076223631453,4.604808877928484,6.005548705302097,1.969173859432799,2.2891491985203456,15
{2FE25738-58A0-48E2-AC14-F056BA53E9BF},ANO1341,2020,round1,Eastern,V3-C-1,0.5562664329535502,NA,0.799518826310217,NA,0.8097158817366936,NA,NA,0.54802494802494806,0.54802494802494806,4.666666666666667,6.087179487179487,1.7230769230769232,2.241025641025641,7
{60B60001-DF8E-40EC-9688-4B027548041E},ANO1341,2020,round1,Eastern,V1-C-2,0.5245590380130118,NA,0.5466925808584401,NA,0.606192386929878,NA,NA,0.7109651543221258,0.5245590380130118,4.456026058631922,6.347448425624322,2.580890336590662,2.950597176981542,10
{32B72FA7-33B1-444E-B4ED-891F8DC8A384},ANO1341,2020,round1,Eastern,V3-C-1,0.5354480409686033,NA,0.7358594299354878,NA,0.9334495079970652,NA,NA,0.5482701900316942,0.5354480409686033,4.529440870856012,5.9871350816427515,1.7634834240475012,2.2380009896091044,8
{2BEA678E-DF32-4BFD-8854-0AC6FDB8354E},ANO1341,2020,round1,Eastern,V3-C-2,0.5517310360277159,NA,0.8895696574951096,NA,NA,0.8941696320259669,NA,0.5672039752757242,0.5517310360277159,4.63677130044843,6.228699551569507,1.8654708520179373,2.004484304932735,8
{00624BE3-0DE3-48FA-8370-D2DAFF9F56D6},ANO1341,2020,round1,Eastern,V3-C-2,0.5572923392893467,NA,0.8825794276165606,NA,0.9910271373985567,NA,NA,0.5531647431696912,0.5531647431696912,4.673428995546759,6.217714002968827,1.7822859970311726,2.177634834240475,7
{170D9E79-C799-44C2-BE1C-8A1E38B3F26B},ANO1341,2020,round1,Eastern,V3-C-2,0.5433761234555177,NA,0.8729713647091453,NA,NA,0.8460510266666413,NA,0.5495495495495495,0.5433761234555177,4.5816993464052285,6.2026143790849675,1.9019607843137254,2.2222222222222223,7
{F5938434-B694-41F7-B340-4C6AFB637F47},ANO1351,2020,round1,Western,V1-C-2,0.543216155442216,NA,0.5524238704317461,NA,0.531778652196742,NA,0.9690201016330434,NA,0.531778652196742,4.578947368421052,6.4035087719298245,2.3859649122807016,2.473684210526316,9
{ADFBD374-C07E-43E7-A568-0D5A4906CFC1},ANO1371,2020,round1,Western,V1-C-1,0.5411431137211556,NA,0.6858830706679204,NA,0.5244798386003185,NA,0.8490023852918489,NA,0.5244798386003185,4.565289256198347,7.023140495867768,2.3669421487603306,2.249586776859504,11
{D00F24B5-2359-4EC4-836E-CF02AFC7CD74},ANO1371,2020,round1,Western,V1-C-1,0.7451335088517824,NA,NA,0.8836749187055211,0.06976152629508471,NA,0.6179589631893708,NA,0.06976152629508471,5.090909090909091,7.787878787878788,1.1818181818181819,1.8181818181818181,5
{97027C45-7087-4762-BC4F-34225C3A26D2},ANO1371,2020,round1,Western,V1-C-1,0.9899705524016762,NA,0.5775823909425348,NA,0.12513826347541473,NA,0.19374472431160397,NA,0.12513826347541473,5.323450134770889,6.649595687331535,1.326145552560647,1.2533692722371967,5
{9741D41D-C9DF-497D-AD79-F0D5B453F622},ANO1386,2020,round1,Northern,V4,NA,NA,NA,NA,NA,NA,NA,NA,NA,NA,NA,NA,NA,NA
{404C0AC1-0D3F-475B-AAEC-AA9082675AB0},ANO1430,2020,round1,Central,V4-C-1,NA,NA,NA,NA,NA,NA,NA,NA,NA,NA,NA,NA,NA,NA
{9B8C5FA5-C96E-4AEA-B4FB-84A694E25A2B},ANO1430,2020,round1,Central,V1-C-5,0.5232449732568406,NA,0.46543504667869523,NA,0.2524265754098459,NA,0.919692167946615,NA,0.2524265754098459,4.447368421052632,5.552631578947368,1.6578947368421053,2.3815789473684212,8
{7E3F0146-DB79-4305-83D0-B9E0851B86AD},ANO1430,2020,round1,Central,V1-C-1,0.49328819997877715,NA,0.5936559206783305,NA,0.6303656800457134,NA,0.9100828302154926,NA,0.49328819997877715,4.25,6.806818181818182,2.647727272727273,2.3636363636363638,9
{5B55D961-BABD-4DED-8BFE-1C51375EAA9B},ANO1489,2020,round1,Central,V1-C-5,0.7466940968246547,NA,0.5539542654708799,NA,0.722392837097486,NA,0.9103474351675089,NA,0.5539542654708799,5.092391304347826,6.418478260869565,2.902173913043478,2.364130434782609,14
{4D5DD681-EFD8-43E2-BD96-7FDDE513E225},ANO1489,2020,round1,Central,V2-C-2,NA,0.5587554588105635,NA,0.5571687592604546,0.547588184629108,NA,0.4775694987530778,NA,0.4775694987530778,4.807228915662651,7.9879518072289155,3.4457831325301207,3.3493975903614457,17
{AAECCF2C-141A-4F90-9573-F4D90A62C152},ANO1505,2020,round1,Western,V1-C-1,NA,0.17722939439409102,0.6070391323601845,NA,0.5764418061397162,NA,0.8596229227639739,NA,0.17722939439409102,6.609004739336492,6.881516587677724,2.502369668246445,2.2694174757281553,7
{B2DF73D6-E674-4601-8190-F26968FEFFB7},ANO1517,2020,round1,Eastern,V3-C-1,0.5899795501022501,NA,NA,0.8841033720612677,0.8070985990326807,NA,NA,0.5997425997425997,0.5899795501022501,4.888888888888889,6.619047619047619,1.7222222222222223,1.6031746031746033,6
{823F0C4D-D62D-4162-B789-44E0E20926A6},ANO1517,2020,round1,Eastern,V3-C-2,0.57192960685007,NA,0.7158901522686513,NA,0.627942123673919,NA,NA,0.5977038985888543,0.57192960685007,4.769911504424779,5.95575221238938,1.663716814159292,1.6283185840707965,8
{65A8BD52-0B7A-4EC6-890B-9D1E0EBA755B},ANO1517,2020,round1,Eastern,V1-C-2,0.5569194589109508,NA,0.904250658146576,NA,0.6409250918526097,NA,0.8554032345926543,NA,0.5569194589109508,4.6692307692307695,7.415384615384616,2.6769230769230767,2.2615384615384615,7
{0516C0C0-2318-4965-B8EB-24438CBBB0C7},ANO1517,2020,round1,Eastern,V1-C-2,0.7943087335382476,NA,0.490536995157893,NA,0.3484876244740699,NA,0.6023254229050983,NA,0.3484876244740699,5.137614678899083,5.798165137614679,1.908256880733945,1.7889908256880733,8
{BD55E9DA-E8B1-4E96-8A63-42F96072B831},ANO1517,2020,round1,Eastern,V1-C-2,0.45534295382656353,NA,NA,0.32230645185129286,NA,0.837625977111015,NA,0.6768915331386421,0.32230645185129286,4,10,4,3,1
{A51F9034-6347-426D-9AFF-5E032EEE87E3},ANO1517,2020,round1,Eastern,V3-C-2,0.5616414643078285,NA,0.5609198752994775,NA,0.8395307004088324,NA,NA,0.5533358809809321,0.5533358809809321,4.702096538274013,5.462701121404193,1.7328132618235006,2.1755241345685032,10
{0192CDBC-4F17-49E2-A886-2695E11D4F31},ANO1517,2020,round1,Eastern,V1-C-2,0.562249560377148,NA,NA,0.44422237059504266,NA,0.8932030757045049,NA,0.5608558449973488,0.44422237059504266,4.7043478260869565,9.243478260869566,3.8869565217391306,3.4956521739130433,9
{7BA54471-5D9F-4036-BB14-2CF7BBF0C71E},ANO1517,2020,round1,Eastern,V3-C-2,0.5444396539538046,NA,0.5762511574030031,NA,NA,0.5971188740587725,NA,0.5675675675675675,0.5444396539538046,4.588709677419355,5.584677419354839,2.1169354838709675,2,7
{FDEAFA84-84B7-4DEE-9F9F-2235CD08219A},ANO1517,2020,round1,Eastern,V3-C-1,0.5614917323174436,NA,0.9064329011343002,NA,NA,0.696649925405975,NA,0.5856168234809012,0.5614917323174436,4.701109570041609,6.255201109570042,2.0152565880721225,1.7773925104022195,8
{5EA887B0-82B1-44B8-AD95-A476B6C313B7},ANO1517,2020,round1,Eastern,V3-C-1,0.5313480420175544,NA,NA,0.9877722980566539,NA,0.8760295815683481,NA,0.5754014884449667,0.5313480420175544,4.502415458937198,6.42512077294686,1.8792270531400965,1.9033816425120773,5
{8D489797-618B-4F60-9C29-5FCCB508D490},ANO1517,2020,round1,Eastern,V1-C-2,0.4691412251546412,NA,NA,0.3516070383832285,NA,0.7929311076127539,NA,0.6768915331386421,0.3516070383832285,4.090909090909091,9.818181818181818,4.090909090909091,3,2
{044E473E-B6F9-4EF4-9DB8-BC78E4D66CC2},ANO1517,2020,round1,Eastern,V3-C-2,0.5413437433108523,NA,NA,0.9210304812644832,0.8065955730842452,NA,NA,0.5805136893250435,0.5413437433108523,4.568302779420462,6.54997043169722,1.7220579538734477,1.8403311649911296,7
{25CD6062-EF2F-4CCB-9281-D8A163B275C3},ANO1517,2020,round1,Eastern,V1-C-2,0.5679138507447972,NA,0.592958868716673,NA,0.3325299420065704,NA,0.7688896278195337,NA,0.3325299420065704,4.741666666666666,6.8,1.8666666666666667,2.1,9
{2CD537E2-3071-4F64-BB92-A2A368EAD6C3},ANO1517,2020,round1,Eastern,V1-C-5,0.5332571925924422,NA,0.4655067900384916,NA,0.19440211994230264,NA,0.7189039883506196,NA,0.19440211994230264,4.513333333333334,5.553333333333334,1.5066666666666666,2.006666666666667,12
{EF74C8EF-D5A5-471D-9C38-110A8820AFA1},ANO1541,2020,round1,Northern,V1-C-8,0.538414179169072,NA,0.5555551552911315,NA,0.9778662058355438,NA,NA,0.6692138707740705,0.538414179169072,4.547309833024118,6.434137291280149,3.608534322820037,3.01113172541744,13
{9399EB3A-4D24-431B-8500-777D053F351F},ANO1545,2020,round1,Southern,V1-C-1,0.6065838805620463,NA,0.44113692649570563,NA,0.3796601700075016,NA,0.7216591023370952,NA,0.3796601700075016,4.959317585301837,5.314960629921259,1.989501312335958,2.0118110236220472,8
{AB600A09-DF11-43D5-AD96-BE7D4234E984},ANO1545,2020,round1,Southern,V2-C-1,0.5300468053616236,NA,0.4556476454300072,NA,0.241069052895757,NA,0.30724921794655025,NA,0.241069052895757,3.8184143222506397,5.176470588235294,2.0767263427109977,2.5115089514066495,5
{8BEB747D-382E-4284-BA49-D86A35BD49ED},ANO0128,2024,round2,Northern,V1-C-5,0.5615896430527617,NA,0.5043558193682046,NA,0.3495827595453689,NA,0.9057550692225129,NA,0.3495827595453689,4.7,5.933333333333334,1.9111111111111112,2.3555555555555556,8
{1A119F5A-2821-488A-A51B-5313FE1D16DF},ANO0128,2024,round2,Northern,V1-C-5,0.5464115445918761,NA,0.5009480097778789,NA,0.2850256645770603,NA,0.9219068914998831,NA,0.2850256645770603,4.6,5.9,1.7428571428571429,2.3857142857142857,7
{2D17700F-57AD-4C8D-BEFD-D201E880227F},ANO0128,2024,round2,Northern,V1-C-5,0.5503833834414537,NA,0.5121268991816575,NA,0.2761122092146576,NA,0.9055326142182007,NA,0.2761122092146576,4.626168224299065,6.009345794392523,1.719626168224299,2.3551401869158877,7
{76DAD042-9144-453C-A86C-6B5697289BCE},ANO0128,2024,round2,Northern,V1-C-5,0.829910592635234,NA,0.5452495344521131,NA,0.2740631390164041,NA,0.7714399155475395,NA,0.2740631390164041,5.171428571428572,6.333333333333333,1.7142857142857142,2.104761904761905,8
{78FFE1CB-9EB3-466C-9BEA-73E0102B797A},ANO0152,2024,round2,Northern,V1-C-5,NA,0.7221899480099099,0.6034112601781095,NA,0.43850102242624656,NA,0.8970415861518264,NA,0.43850102242624656,5.571428571428571,6.875,2.142857142857143,2.3392857142857144,6
{EABDD677-5856-45DE-B6AB-74D2AC0F3144},ANO0152,2024,round2,Northern,V1-C-5,NA,0.776759183495066,0.5865901753839331,NA,0.5094878682698398,NA,0.6187571158315188,NA,0.5094878682698398,5.524590163934426,6.737704918032787,2.3278688524590163,1.819672131147541,10
{0580CBC6-FF37-41A2-964E-910614A6512A},ANO0152,2024,round2,Northern,V1-C-5,0.5767677415136471,NA,0.5067899690755802,NA,0.3782071318426377,NA,0.4478800914139525,NA,0.3782071318426377,4.8,5.957142857142857,1.9857142857142858,1.5857142857142856,9
{32073A2D-FD2C-455D-BB58-D4A0C8D3390A},ANO0152,2024,round2,Northern,V1-C-5,NA,0.5562952395940135,0.5948176739477598,NA,0.27904610518033873,NA,0.573504995103232,NA,0.27904610518033873,5.7727272727272725,6.818181818181818,1.7272727272727273,1.75,10
{C60D8C27-9329-4818-8C53-9CD73A15A339},ANO0135,2024,round2,Northern,V1-C-5,NA,0.35712780813442846,0.5824256390738481,NA,0.3488076314754235,NA,0.4634383798813995,NA,0.3488076314754235,6.212121212121212,6.696969696969697,1.9090909090909092,1.606060606060606,4
{97A59747-3498-4087-A4AE-C6C18B42496F},ANO0135,2024,round2,Northern,V1-C-5,NA,0.4919720321251481,0.5535612651602246,NA,0.36965101433188163,NA,0.5128906460272806,NA,0.36965101433188163,5.914634146341464,6.414634146341464,1.9634146341463414,1.670731707317073,6
{5DF11B8C-5DE7-421C-8B4D-F3664523D098},ANO0135,2024,round2,Northern,V1-C-5,NA,0.2846161690946116,NA,0.8145785852816885,0.24984360580100098,NA,0.9893412437497116,NA,0.24984360580100098,6.372093023255814,7.906976744186046,1.6511627906976745,2.511627906976744,6
{69939C0F-332E-4BB1-AEF6-E161FBC40268},ANO0135,2024,round2,Northern,V1-C-5,NA,0.5052156612670938,0.5761328088644398,NA,0.4036721651762453,NA,0.6874398135063478,NA,0.4036721651762453,5.885416666666667,6.635416666666667,2.0520833333333335,1.9479166666666667,8
{796C2C11-9F67-4E66-BD35-4E74C81A40FD},ANO0135,2024,round2,Northern,V1-C-5,NA,0.3637412860628437,0.5717547201546463,NA,0.360003925819079,NA,0.538103452195625,NA,0.360003925819079,6.197530864197531,6.592592592592593,1.9382716049382716,1.7037037037037037,6
{F1EA4F97-FFA5-45E3-A81D-B58CC4C4CBF2},ANO0135,2024,round2,Northern,V1-C-5,NA,0.41311376442424647,0.5784648937502245,NA,0.3496906887702979,NA,0.5904439612033274,NA,0.3496906887702979,6.0886075949367084,6.658227848101266,1.9113924050632911,1.7721518987341771,7
{5F8ECC3D-F195-4154-8C4B-C63A9CED087C},ANO0135,2024,round2,Northern,V1-C-5,0.8623587986792078,NA,0.49279224075833533,NA,0.3190218112595446,NA,0.7454212497382217,NA,0.3190218112595446,5.202247191011236,5.820224719101123,1.8314606741573034,2.056179775280899,8
{F34DD301-9D87-49E6-9FEF-3048493A41D5},ANO0075,2024,round2,Northern,V1-C-8,NA,0.9096496322265483,0.567131259189994,NA,NA,0.48670442251702,NA,0.5845454408449129,0.48670442251702,5.410526315789474,6.5473684210526315,5.147368421052631,3.263157894736842,16
{BD2652EF-B1D3-4E04-BC0A-0293A6EED2D8},ANO0075,2024,round2,Northern,V1-C-8,0.48812764650207613,NA,0.5136250614538905,NA,NA,0.5036582592275759,NA,0.4083881138644202,0.4083881138644202,4.216,6.024,5.048,4.992,19
{FD1732FC-49FF-45D6-A34F-CDCB7FCC478D},ANO0075,2024,round2,Northern,V1-C-8,0.5680516057638316,NA,0.7226085763458063,NA,NA,0.6477834126084996,NA,0.3841375222726706,0.3841375222726706,4.742574257425742,7.089108910891089,4.3861386138613865,5.23,15
{C507540C-6134-4688-A398-0CD914555551},ANO0075,2024,round2,Northern,V1-C-1,0.9714738444937481,NA,0.5231990018088291,NA,0.3701464512833317,NA,0.8791520678244913,NA,0.3701464512833317,5.305882352941176,6.117647058823529,1.964705882352941,2.3058823529411763,9
{5B3E8B95-D4C5-4297-8F13-17EF87D31B5F},ANO0075,2024,round2,Northern,V1-C-1,0.6096862508289217,NA,0.5555372615172472,NA,0.24613972485246866,NA,0.2597003751410861,NA,0.24613972485246866,4.962264150943396,6.433962264150943,1.6415094339622642,1.3396226415094339,5
{AEE26392-C624-43B6-B3D4-8E7F901431FE},ANO0506,2024,round1,Northern,V1-C-6,0.7448443364580176,NA,NA,0.7325656756120696,NA,0.8257433531960696,NA,0.8101065491818655,0.7325656756120696,5.090634441087613,8.04833836858006,4.02416918429003,2.806853582554517,7
{869F21F3-3F3A-42FB-9204-EC2200B1B620},ANO0506,2024,round1,Northern,V1-C-5,0.5487466366627816,NA,0.5235294293709163,NA,0.30357763091047846,NA,0.8565802904671185,NA,0.30357763091047846,4.615384615384615,6.1208791208791204,1.7912087912087913,2.2637362637362637,10
{03C9CEAE-586B-4E82-BF58-2260698ED32E},ANO0665,2024,round1,Northern,V1-C-6,0.9983845205493722,NA,0.5587492568927905,NA,0.8940696339668045,NA,0.8259623459350568,NA,0.5587492568927905,5.331441543700341,6.465380249716232,3.3768444948921683,2.2065663474692205,11
{FC6BFEAE-0BCD-462C-8AD4-4B35BA491389},ANO0665,2024,round1,Northern,V1-C-5,NA,0.8054080321247725,0.5481497979332414,NA,NA,0.764402467507481,NA,0.5425126667697765,0.5425126667697765,5.5,6.361702127659575,4.148936170212766,3.675675675675676,7
{CE4B1B8A-631E-463D-AA62-9C345C41981C},ANO0118,2024,round1,Northern,V1-C-7,0.5424833880696488,NA,0.47273938444665714,NA,0.8324197429990073,NA,NA,0.7616224916665699,0.47273938444665714,4.574119574119575,5.624078624078625,3.2063882063882065,2.8771498771498774,18
{692A377A-FF3B-495B-B789-2A9DBE88616D},ANO0118,2024,round1,Northern,V1-C-6,0.5980170793588868,NA,0.5040150384091721,NA,NA,0.9507039969416158,NA,0.47787930489624025,0.47787930489624025,4.94,5.93,3.77,4.31,15
{4A95C983-AC95-4610-97B1-0099D16C9C64},ANO0135,2024,round2,Northern,V1-C-5,0.5825108057961443,NA,0.6955699100318715,NA,0.6355864282363702,NA,0.8962661608291218,NA,0.5825108057961443,4.837837837837838,7.04054054054054,2.6621621621621623,2.3378378378378377,11
{DAC51277-4650-4143-A404-9A203F2C7180},ANO0135,2024,round2,Northern,V1-C-1,0.890701686988018,NA,NA,0.5371774197521548,0.9988912597734272,NA,NA,0.9499017424288366,0.5371774197521548,5.229166666666667,8.666666666666666,3.6666666666666665,2.6041666666666665,6
{4F3B52A0-AC33-43ED-9C2A-163D81637C85},ANO0135,2024,round2,Northern,V1-C-2,NA,0.9280452087150972,NA,0.6155688793997316,NA,0.8117500000330745,NA,0.9037698234075018,0.6155688793997316,5.394736842105263,8.25,4.052631578947368,2.6710526315789473,11
{570D6604-14C7-4212-852F-56F743452C45},ANO0135,2024,round2,Northern,V1-C-2,NA,0.9270344627541872,NA,0.73510814210588,NA,0.6971563872593372,NA,0.7602630718923857,0.6971563872593372,5.395604395604396,8.043956043956044,4.285714285714286,2.879120879120879,12
{7ED8B162-C4C2-4137-A4D0-10F576D8E0BA},ANO0135,2024,round2,Northern,V1-C-1,NA,0.9276666989108058,NA,0.8465600571622789,NA,0.9711587970934743,NA,0.9749143736893418,0.8465600571622789,5.395061728395062,7.851851851851852,3.728395061728395,2.567901234567901,9
{A87120E8-0BE1-4997-9F79-A73B280ACC1C},ANO0135,2024,round2,Northern,V1-C-1,NA,0.776759183495066,NA,0.49931081475323247,NA,0.6038937907184687,NA,0.7458625333803756,0.49931081475323247,5.524590163934426,8.901639344262295,4.475409836065574,2.9,7
{E3C7FBAF-6D37-4E78-A6EC-AA72EEE005DF},ANO0135,2024,round2,Northern,V1-C-1,NA,0.3330202794848516,0.8888689357143149,NA,0.4228402716253092,NA,0.4369561867453196,NA,0.3330202794848516,6.26530612244898,7.387755102040816,2.1020408163265305,1.5714285714285714,6
{DFAC8A22-BF54-4096-BD9A-5305B5185BF8},ANO0665,2024,round1,Northern,V1-C-6,NA,0.9139178869019954,NA,0.8971190016793887,NA,0.818345837327451,0.9148560960165729,NA,0.818345837327451,5.4068627450980395,7.764705882352942,4.0392156862745106,2.372549019607843,10
{2CCC4456-7BDD-47E8-A8D7-84F7C70D454E},ANO0118,2024,round1,Northern,V1-C-5,0.5972952334872862,NA,0.519636698040748,NA,0.47044596156000573,NA,NA,0.6402827219699938,0.47044596156000573,4.935244161358811,6.082802547770701,2.2261146496815285,3.05307855626327,10
{61BB7C18-75E0-4AED-A5E4-423013C29DA0},ANO0118,2024,round1,Northern,V1-C-5,0.5797499485426187,NA,0.5781783690565798,NA,0.5243366331211204,NA,NA,0.5218667071020788,0.5218667071020788,4.819648093841642,6.655425219941348,2.366568914956012,3.8782991202346038,12
{EF79597E-8D70-4503-AE64-C2A9DCCE9E9F},ANO0506,2024,round1,Northern,V2-C-1,NA,0.48385780861968564,0.4589398972033454,NA,0.8062841726992049,NA,NA,0.7411985928502138,0.4589398972033454,5.101156069364162,5.206647398843931,3.939306358381503,5.1950867052023115,7
{435D4B2E-5A9F-44FB-9164-EFA1068F2AA4},ANO0506,2024,round1,Northern,V1-C-6,NA,0.23953018267534276,0.7056882085292029,NA,0.5195633673977043,NA,0.7733116863570852,NA,0.23953018267534276,6.471559633027523,7.058715596330275,2.354128440366973,2.1082568807339452,11
