"id","meta_chm_mean","meta_chm_median","meta_chm_n","n_tiles","chm_source","model_input_res_m","ortho_source","region_filter"
"NINFP2110057405",0.87693494487975,0.0222654640674591,3697,4,"meta_highrescanopyheight_orthophoto",0.5,"orthophoto_50cm_2025","Sorlandet"
"NINFP2010029270",0.815927845713062,0.0106944665312767,10680,2,"meta_highrescanopyheight_orthophoto",0.5,"orthophoto_50cm_2025","Sorlandet"
"NINFP2110061517",2.92096236765797,2.71315336227417,9149,1,"meta_highrescanopyheight_orthophoto",0.5,"orthophoto_50cm_2025","Sorlandet"
"NINFP2410157936",0.0104709265119861,0.0100348056294024,245428,12,"meta_highrescanopyheight_orthophoto",0.5,"orthophoto_50cm_2025","Sorlandet"
"NINFP1810013654",2.07882114370622,0.193299815058708,4456,3,"meta_highrescanopyheight_orthophoto",0.5,"orthophoto_50cm_2025","Sorlandet"
"NINFP2110018941",0.252357603448483,0.0106463693082333,11959,1,"meta_highrescanopyheight_orthophoto",0.5,"orthophoto_50cm_2025","Sorlandet"
"NINFP1810012042",9.69353177565103,10.064001083374,4019,4,"meta_highrescanopyheight_orthophoto",0.5,"orthophoto_50cm_2025","Sorlandet"
"NINFP2210078532",9.53827197235329,10.1661491394043,5863,1,"meta_highrescanopyheight_orthophoto",0.5,"orthophoto_50cm_2025","Sorlandet"
"NINFP2310144130",0.31745472228975,0.126813232898712,4958,1,"meta_highrescanopyheight_orthophoto",0.5,"orthophoto_50cm_2025","Sorlandet"
"NINFP2510188045",1.61087256106134,0.0125744142569602,31150,2,"meta_highrescanopyheight_orthophoto",0.5,"orthophoto_50cm_2025","Sorlandet"
"NINFP2010005115",5.57372845293488,5.42197680473328,5944,2,"meta_highrescanopyheight_orthophoto",0.5,"orthophoto_50cm_2025","Sorlandet"
"NINFP1810036474",1.92468113420913,0.0613730475306511,8979,2,"meta_highrescanopyheight_orthophoto",0.5,"orthophoto_50cm_2025","Sorlandet"
"NINFP2310134550",1.54483680501048,0.223767720162868,10456,2,"meta_highrescanopyheight_orthophoto",0.5,"orthophoto_50cm_2025","Sorlandet"
"NINFP2110053490",3.05396273189189,1.77671945095062,16106,4,"meta_highrescanopyheight_orthophoto",0.5,"orthophoto_50cm_2025","Sorlandet"
"NINFP1810002408",1.19593208737163,0.0475322976708412,4097,2,"meta_highrescanopyheight_orthophoto",0.5,"orthophoto_50cm_2025","Sorlandet"
"NINFP2110043206",0.37909460440683,0.0489512830972672,3220,3,"meta_highrescanopyheight_orthophoto",0.5,"orthophoto_50cm_2025","Sorlandet"
"NINFP1910013292",1.19530224572121,0.0290761701762676,2308,2,"meta_highrescanopyheight_orthophoto",0.5,"orthophoto_50cm_2025","Sorlandet"
"NINFP2410181096",2.06650940034472,0.393073856830597,32927,15,"meta_highrescanopyheight_orthophoto",0.5,"orthophoto_50cm_2025","Sorlandet"
"NINFP2010017805",1.08413168772837,0.033215120434761,5593,1,"meta_highrescanopyheight_orthophoto",0.5,"orthophoto_50cm_2025","Sorlandet"
"NINFP2110001965",8.2698181525875,8.9281587600708,6661,2,"meta_highrescanopyheight_orthophoto",0.5,"orthophoto_50cm_2025","Sorlandet"
"NINFP2510186035",7.04238757949002,7.44404077529907,1486,1,"meta_highrescanopyheight_orthophoto",0.5,"orthophoto_50cm_2025","Sorlandet"
"NINFP1810040405",3.73064195942285,3.47112762928009,5158,2,"meta_highrescanopyheight_orthophoto",0.5,"orthophoto_50cm_2025","Sorlandet"
"NINFP1810007467",0.5418952026559,0.0123211937025189,4242,1,"meta_highrescanopyheight_orthophoto",0.5,"orthophoto_50cm_2025","Sorlandet"
"NINFP2110050237",6.68413556332399,6.75514125823975,12874,4,"meta_highrescanopyheight_orthophoto",0.5,"orthophoto_50cm_2025","Sorlandet"
"NINFP2510216320",3.6910274427482,2.57640337944031,50597,6,"meta_highrescanopyheight_orthophoto",0.5,"orthophoto_50cm_2025","Sorlandet"
"NINFP2110028362",0.0858694012517873,0.0104510113596916,42945,4,"meta_highrescanopyheight_orthophoto",0.5,"orthophoto_50cm_2025","Sorlandet"
"NINFP2310119649",8.82277830821205,9.80625057220459,12872,5,"meta_highrescanopyheight_orthophoto",0.5,"orthophoto_50cm_2025","Sorlandet"
"NINFP2210111632",12.2352453784551,13.6830706596375,4544,2,"meta_highrescanopyheight_orthophoto",0.5,"orthophoto_50cm_2025","Sorlandet"
"NINFP1810036576",0.959643552094077,0.0313301607966423,15326,3,"meta_highrescanopyheight_orthophoto",0.5,"orthophoto_50cm_2025","Sorlandet"
"NINFP1810008578",4.95197894804234,4.07770299911499,4666,1,"meta_highrescanopyheight_orthophoto",0.5,"orthophoto_50cm_2025","Sorlandet"
"NINFP2410162593",3.97668353063804,3.31525433063507,9130,4,"meta_highrescanopyheight_orthophoto",0.5,"orthophoto_50cm_2025","Sorlandet"
"NINFP2210104056",9.16896224219053,9.79831314086914,13614,4,"meta_highrescanopyheight_orthophoto",0.5,"orthophoto_50cm_2025","Sorlandet"
"NINFP1910038284",8.28224560855937,9.14135026931763,9678,2,"meta_highrescanopyheight_orthophoto",0.5,"orthophoto_50cm_2025","Sorlandet"
"NINFP2510191851",0.0104176847292495,0.010284136980772,1381,1,"meta_highrescanopyheight_orthophoto",0.5,"orthophoto_50cm_2025","Sorlandet"
"NINFP2110013577",6.47200235638662,6.43763589859009,16901,2,"meta_highrescanopyheight_orthophoto",0.5,"orthophoto_50cm_2025","Sorlandet"
"NINFP2210084873",2.54988549313017,1.24349564313889,22260,4,"meta_highrescanopyheight_orthophoto",0.5,"orthophoto_50cm_2025","Sorlandet"
"NINFP1910004415",0.168317672060563,0.0104825086891651,39310,4,"meta_highrescanopyheight_orthophoto",0.5,"orthophoto_50cm_2025","Sorlandet"
"NINFP2010015943",6.33941872351777,6.60277080535889,7490,1,"meta_highrescanopyheight_orthophoto",0.5,"orthophoto_50cm_2025","Sorlandet"
"NINFP2110063081",6.59451957686687,6.41273021697998,9904,2,"meta_highrescanopyheight_orthophoto",0.5,"orthophoto_50cm_2025","Sorlandet"
"NINFP2410163694",4.8262836726234,5.07725930213928,9804,3,"meta_highrescanopyheight_orthophoto",0.5,"orthophoto_50cm_2025","Sorlandet"
"NINFP1810010095",6.77846933193648,7.23005771636963,45921,5,"meta_highrescanopyheight_orthophoto",0.5,"orthophoto_50cm_2025","Sorlandet"
"NINFP2110002458",9.69276678207809,10.1657333374023,6867,1,"meta_highrescanopyheight_orthophoto",0.5,"orthophoto_50cm_2025","Sorlandet"
"NINFP1810030676",0.779858103693395,0.0106203500181437,58379,5,"meta_highrescanopyheight_orthophoto",0.5,"orthophoto_50cm_2025","Sorlandet"
"NINFP1810007821",1.16898708140023,0.560639262199402,5753,2,"meta_highrescanopyheight_orthophoto",0.5,"orthophoto_50cm_2025","Sorlandet"
"NINFP2110008721",4.31271156539482,4.01193952560425,7474,1,"meta_highrescanopyheight_orthophoto",0.5,"orthophoto_50cm_2025","Sorlandet"
"NINFP2410168451",4.03045603694602,2.81202411651611,4811,1,"meta_highrescanopyheight_orthophoto",0.5,"orthophoto_50cm_2025","Sorlandet"
"NINFP2110057291",2.29272062470942,0.226770609617233,7200,2,"meta_highrescanopyheight_orthophoto",0.5,"orthophoto_50cm_2025","Sorlandet"
"NINFP2510217722",5.81373087700818,5.62001895904541,4133,2,"meta_highrescanopyheight_orthophoto",0.5,"orthophoto_50cm_2025","Sorlandet"
"NINFP2310122360",12.1844535827462,12.6576933860779,4774,1,"meta_highrescanopyheight_orthophoto",0.5,"orthophoto_50cm_2025","Sorlandet"
"NINFP2310131875",8.78163465932279,9.32033729553223,4185,4,"meta_highrescanopyheight_orthophoto",0.5,"orthophoto_50cm_2025","Sorlandet"
"NINFP1910030320",4.16335230952625,3.30681157112122,6978,3,"meta_highrescanopyheight_orthophoto",0.5,"orthophoto_50cm_2025","Sorlandet"
"NINFP2510192503",1.69007641404988,0.248692415654659,5494,2,"meta_highrescanopyheight_orthophoto",0.5,"orthophoto_50cm_2025","Sorlandet"
"NINFP2210085338",0.0229135457291766,0.0109775625169277,12709,1,"meta_highrescanopyheight_orthophoto",0.5,"orthophoto_50cm_2025","Sorlandet"
"NINFP2510217733",3.2700895565521,1.78870981931686,10952,2,"meta_highrescanopyheight_orthophoto",0.5,"orthophoto_50cm_2025","Sorlandet"
"NINFP1810030680",4.20271879859141,3.5368070602417,22081,2,"meta_highrescanopyheight_orthophoto",0.5,"orthophoto_50cm_2025","Sorlandet"
"NINFP2310133627",0.870927953592535,0.0194642944261432,19722,2,"meta_highrescanopyheight_orthophoto",0.5,"orthophoto_50cm_2025","Sorlandet"
"NINFP1810032379",6.06156959082254,6.22357702255249,3114,1,"meta_highrescanopyheight_orthophoto",0.5,"orthophoto_50cm_2025","Sorlandet"
"NINFP2510215616",6.15166340475942,5.81332015991211,10353,1,"meta_highrescanopyheight_orthophoto",0.5,"orthophoto_50cm_2025","Sorlandet"
"NINFP2510185707",7.14402014836347,7.90011167526245,6301,2,"meta_highrescanopyheight_orthophoto",0.5,"orthophoto_50cm_2025","Sorlandet"
"NINFP1910029361",4.51913988588385,3.14236283302307,35533,4,"meta_highrescanopyheight_orthophoto",0.5,"orthophoto_50cm_2025","Sorlandet"
"NINFP2410157147",0.682328645810367,0.0127291204407811,26281,4,"meta_highrescanopyheight_orthophoto",0.5,"orthophoto_50cm_2025","Sorlandet"
"NINFP2410168437",3.58755695542529,1.96832597255707,9804,2,"meta_highrescanopyheight_orthophoto",0.5,"orthophoto_50cm_2025","Sorlandet"
"NINFP2110072816",6.30423236573651,7.31298971176147,21697,3,"meta_highrescanopyheight_orthophoto",0.5,"orthophoto_50cm_2025","Sorlandet"
"NINFP2110031865",1.08805332769324,0.0467668697237968,3175,2,"meta_highrescanopyheight_orthophoto",0.5,"orthophoto_50cm_2025","Sorlandet"
"NINFP2010054058",9.19877293565168,9.4569673538208,16947,3,"meta_highrescanopyheight_orthophoto",0.5,"orthophoto_50cm_2025","Sorlandet"
"NINFP2510185742",11.8353146841139,12.9510931968689,14472,2,"meta_highrescanopyheight_orthophoto",0.5,"orthophoto_50cm_2025","Sorlandet"
"NINFP2010015488",2.8827792740824,2.53433239459991,3678,1,"meta_highrescanopyheight_orthophoto",0.5,"orthophoto_50cm_2025","Sorlandet"
"NINFP2510209529",0.333461945229772,0.0109030306339264,8763,1,"meta_highrescanopyheight_orthophoto",0.5,"orthophoto_50cm_2025","Sorlandet"
"NINFP1810036536",2.40670463910456,1.32578498125076,12200,4,"meta_highrescanopyheight_orthophoto",0.5,"orthophoto_50cm_2025","Sorlandet"
"NINFP1810001732",4.19039762016183,1.6886904835701,9436,2,"meta_highrescanopyheight_orthophoto",0.5,"orthophoto_50cm_2025","Sorlandet"
"NINFP2110061916",2.34995532811893,0.569762200117111,10128,2,"meta_highrescanopyheight_orthophoto",0.5,"orthophoto_50cm_2025","Sorlandet"
"NINFP2410151857",5.30138869792936,5.67984104156494,4268,1,"meta_highrescanopyheight_orthophoto",0.5,"orthophoto_50cm_2025","Sorlandet"
"NINFP2410149697",6.41773864481079,6.38371562957764,18553,3,"meta_highrescanopyheight_orthophoto",0.5,"orthophoto_50cm_2025","Sorlandet"
"NINFP1910053237",3.39053839110007,1.58095169067383,15181,3,"meta_highrescanopyheight_orthophoto",0.5,"orthophoto_50cm_2025","Sorlandet"
"NINFP2410158059",0.0101448348923916,0.010088347364217,50800,4,"meta_highrescanopyheight_orthophoto",0.5,"orthophoto_50cm_2025","Sorlandet"
"NINFP2110058085",8.39349885872871,8.84011077880859,7546,2,"meta_highrescanopyheight_orthophoto",0.5,"orthophoto_50cm_2025","Sorlandet"
"NINFP2410161283",8.71250480497928,8.86755084991455,16631,3,"meta_highrescanopyheight_orthophoto",0.5,"orthophoto_50cm_2025","Sorlandet"
"NINFP2210104820",6.01049998983213,5.67127132415771,36803,5,"meta_highrescanopyheight_orthophoto",0.5,"orthophoto_50cm_2025","Sorlandet"
"NINFP2510195376",4.2377222614431,3.30171847343445,65685,8,"meta_highrescanopyheight_orthophoto",0.5,"orthophoto_50cm_2025","Sorlandet"
"NINFP2510198420",2.53087572518882,1.73157632350922,13884,2,"meta_highrescanopyheight_orthophoto",0.5,"orthophoto_50cm_2025","Sorlandet"
"NINFP2510217782",4.41148306569643,4.3292384147644,3421,2,"meta_highrescanopyheight_orthophoto",0.5,"orthophoto_50cm_2025","Sorlandet"
"NINFP2410149290",5.16924090637326,4.05375957489014,4740,2,"meta_highrescanopyheight_orthophoto",0.5,"orthophoto_50cm_2025","Sorlandet"
"NINFP2110064705",6.27532077434667,6.49071025848389,6832,4,"meta_highrescanopyheight_orthophoto",0.5,"orthophoto_50cm_2025","Sorlandet"
"NINFP2510219268",0.0409179720440624,0.0102294608950615,13153,6,"meta_highrescanopyheight_orthophoto",0.5,"orthophoto_50cm_2025","Sorlandet"
"NINFP2410153643",8.19766649249783,8.54074859619141,35758,3,"meta_highrescanopyheight_orthophoto",0.5,"orthophoto_50cm_2025","Sorlandet"
"NINFP2510218184",2.30734777597387,0.249089770019054,37700,4,"meta_highrescanopyheight_orthophoto",0.5,"orthophoto_50cm_2025","Sorlandet"
"NINFP2110029521",0.0740794066623251,0.010532037820667,3298,1,"meta_highrescanopyheight_orthophoto",0.5,"orthophoto_50cm_2025","Sorlandet"
"NINFP1910049766",6.85873293346156,7.50858950614929,4686,2,"meta_highrescanopyheight_orthophoto",0.5,"orthophoto_50cm_2025","Sorlandet"
"NINFP2510215445",4.75119640554705,4.09712719917297,16612,3,"meta_highrescanopyheight_orthophoto",0.5,"orthophoto_50cm_2025","Sorlandet"
"NINFP2510187915",2.78048795265859,1.59514689445496,27213,4,"meta_highrescanopyheight_orthophoto",0.5,"orthophoto_50cm_2025","Sorlandet"
"NINFP1910045203",6.01244039721713,6.4665379524231,5294,3,"meta_highrescanopyheight_orthophoto",0.5,"orthophoto_50cm_2025","Sorlandet"
"NINFP2210089084",1.24701377964615,0.0366147644817829,5493,1,"meta_highrescanopyheight_orthophoto",0.5,"orthophoto_50cm_2025","Sorlandet"
"NINFP2110072450",0.790267823725155,0.0528069175779819,82521,6,"meta_highrescanopyheight_orthophoto",0.5,"orthophoto_50cm_2025","Sorlandet"
"NINFP2110014977",1.02893576243166,0.236282169818878,128199,13,"meta_highrescanopyheight_orthophoto",0.5,"orthophoto_50cm_2025","Sorlandet"
"NINFP2410167343",8.53154914817383,9.26032257080078,5351,3,"meta_highrescanopyheight_orthophoto",0.5,"orthophoto_50cm_2025","Sorlandet"
"NINFP2310139847",4.15765735519121,3.69179773330688,31009,4,"meta_highrescanopyheight_orthophoto",0.5,"orthophoto_50cm_2025","Sorlandet"
"NINFP1810001552",3.71266381237086,1.70076322555542,149348,9,"meta_highrescanopyheight_orthophoto",0.5,"orthophoto_50cm_2025","Sorlandet"
"NINFP1910048151",4.82887574495444,4.94188833236694,9278,2,"meta_highrescanopyheight_orthophoto",0.5,"orthophoto_50cm_2025","Sorlandet"
"NINFP1910039537",7.59421278659936,8.25858211517334,8539,2,"meta_highrescanopyheight_orthophoto",0.5,"orthophoto_50cm_2025","Sorlandet"
"NINFP2110034278",0.0470940195857527,0.010196678340435,43467,5,"meta_highrescanopyheight_orthophoto",0.5,"orthophoto_50cm_2025","Sorlandet"
"NINFP2310118372",6.63010313538275,6.80853366851807,8245,2,"meta_highrescanopyheight_orthophoto",0.5,"orthophoto_50cm_2025","Sorlandet"
"NINFP2410151622",3.12876212055612,2.98323833942413,5148,1,"meta_highrescanopyheight_orthophoto",0.5,"orthophoto_50cm_2025","Sorlandet"
"NINFP2310141251",4.49613935785196,3.854172706604,17522,2,"meta_highrescanopyheight_orthophoto",0.5,"orthophoto_50cm_2025","Sorlandet"
"NINFP2310139211",0.0739315115203997,0.0122633487917483,109806,8,"meta_highrescanopyheight_orthophoto",0.5,"orthophoto_50cm_2025","Sorlandet"
"NINFP1810000716",7.30087474833121,7.50355434417725,7905,3,"meta_highrescanopyheight_orthophoto",0.5,"orthophoto_50cm_2025","Sorlandet"
"NINFP2410180023",7.021265727468,7.22085046768188,40261,5,"meta_highrescanopyheight_orthophoto",0.5,"orthophoto_50cm_2025","Sorlandet"
"NINFP1810002791",6.24669724397022,5.55135774612427,6896,1,"meta_highrescanopyheight_orthophoto",0.5,"orthophoto_50cm_2025","Sorlandet"
"NINFP2410164687",3.51989354757647,0.394893646240234,5463,2,"meta_highrescanopyheight_orthophoto",0.5,"orthophoto_50cm_2025","Sorlandet"
"NINFP1810039887",6.58457676861529,6.72249889373779,5146,1,"meta_highrescanopyheight_orthophoto",0.5,"orthophoto_50cm_2025","Sorlandet"
"NINFP2210109617",4.2099434764719,3.63297462463379,4983,2,"meta_highrescanopyheight_orthophoto",0.5,"orthophoto_50cm_2025","Sorlandet"
"NINFP2110003011",7.97473467586479,7.84540891647339,9498,3,"meta_highrescanopyheight_orthophoto",0.5,"orthophoto_50cm_2025","Sorlandet"
"NINFP2110040202",0.0651150469729865,0.010429359972477,17507,3,"meta_highrescanopyheight_orthophoto",0.5,"orthophoto_50cm_2025","Sorlandet"
"NINFP1810044658",0.986084516062346,0.231186076998711,11879,6,"meta_highrescanopyheight_orthophoto",0.5,"orthophoto_50cm_2025","Sorlandet"
"NINFP2410176428",4.24246984344598,4.10409235954285,55918,5,"meta_highrescanopyheight_orthophoto",0.5,"orthophoto_50cm_2025","Sorlandet"
"NINFP1810036188",0.774333541319648,0.0140097923576832,21007,4,"meta_highrescanopyheight_orthophoto",0.5,"orthophoto_50cm_2025","Sorlandet"
"NINFP2310121039",8.3223465423626,8.41230440139771,12510,2,"meta_highrescanopyheight_orthophoto",0.5,"orthophoto_50cm_2025","Sorlandet"
"NINFP2110015519",3.49768825562006,2.15209698677063,88033,8,"meta_highrescanopyheight_orthophoto",0.5,"orthophoto_50cm_2025","Sorlandet"
"NINFP2510216938",3.31996947421696,0.280337795615196,8310,3,"meta_highrescanopyheight_orthophoto",0.5,"orthophoto_50cm_2025","Sorlandet"
"NINFP2410183439",3.13501075253388,2.18602502346039,8676,3,"meta_highrescanopyheight_orthophoto",0.5,"orthophoto_50cm_2025","Sorlandet"
"NINFP2310120056",3.96536760656917,3.43025004863739,11658,1,"meta_highrescanopyheight_orthophoto",0.5,"orthophoto_50cm_2025","Sorlandet"
"NINFP2410152525",7.62406553078786,7.57737398147583,7325,3,"meta_highrescanopyheight_orthophoto",0.5,"orthophoto_50cm_2025","Sorlandet"
"NINFP2110004220",5.1608443246388,3.77628588676453,66593,4,"meta_highrescanopyheight_orthophoto",0.5,"orthophoto_50cm_2025","Sorlandet"
"NINFP2410158058",0.0110194415909664,0.0100720124319196,104565,6,"meta_highrescanopyheight_orthophoto",0.5,"orthophoto_50cm_2025","Sorlandet"
"NINFP2510210443",5.21598824961848,4.39980792999268,7858,3,"meta_highrescanopyheight_orthophoto",0.5,"orthophoto_50cm_2025","Sorlandet"
"NINFP2210084711",0.694985115022559,0.0344353504478931,16389,3,"meta_highrescanopyheight_orthophoto",0.5,"orthophoto_50cm_2025","Sorlandet"
"NINFP2210075007",1.62895784050255,0.19656153023243,85327,7,"meta_highrescanopyheight_orthophoto",0.5,"orthophoto_50cm_2025","Sorlandet"
"NINFP2410180200",7.53353138477655,8.01223278045654,11894,2,"meta_highrescanopyheight_orthophoto",0.5,"orthophoto_50cm_2025","Sorlandet"
"NINFP2310115948",7.27251458049964,7.86392641067505,6477,2,"meta_highrescanopyheight_orthophoto",0.5,"orthophoto_50cm_2025","Sorlandet"
"NINFP2510191291",2.01024103450431,1.03714108467102,6076,3,"meta_highrescanopyheight_orthophoto",0.5,"orthophoto_50cm_2025","Sorlandet"
"NINFP2010016456",4.5517547027744,2.42546272277832,4359,3,"meta_highrescanopyheight_orthophoto",0.5,"orthophoto_50cm_2025","Sorlandet"
"NINFP2410155628",7.91179032174064,8.03209781646729,30652,3,"meta_highrescanopyheight_orthophoto",0.5,"orthophoto_50cm_2025","Sorlandet"
"NINFP2210086087",0.437061622352179,0.0667148567736149,5128,2,"meta_highrescanopyheight_orthophoto",0.5,"orthophoto_50cm_2025","Sorlandet"
"NINFP2310129677",4.66146754132873,4.20764827728271,4535,4,"meta_highrescanopyheight_orthophoto",0.5,"orthophoto_50cm_2025","Sorlandet"
"NINFP2310118822",5.02862227148977,3.63642334938049,8165,2,"meta_highrescanopyheight_orthophoto",0.5,"orthophoto_50cm_2025","Sorlandet"
"NINFP1810004925",2.90632515893798,1.30626463890076,32895,3,"meta_highrescanopyheight_orthophoto",0.5,"orthophoto_50cm_2025","Sorlandet"
"NINFP2010045256",5.68752756920015,5.04636240005493,12024,2,"meta_highrescanopyheight_orthophoto",0.5,"orthophoto_50cm_2025","Sorlandet"
"NINFP2210086500",7.25987859794799,8.06284999847412,18844,4,"meta_highrescanopyheight_orthophoto",0.5,"orthophoto_50cm_2025","Sorlandet"
"NINFP2410181982",6.3472130539119,6.73368835449219,8658,3,"meta_highrescanopyheight_orthophoto",0.5,"orthophoto_50cm_2025","Sorlandet"
"NINFP1810032388",2.54787346973193,0.971948385238647,2891,1,"meta_highrescanopyheight_orthophoto",0.5,"orthophoto_50cm_2025","Sorlandet"
"NINFP2310145568",7.50943832863228,8.61238384246826,4047,1,"meta_highrescanopyheight_orthophoto",0.5,"orthophoto_50cm_2025","Sorlandet"
"NINFP1810007667",6.50116113249271,6.50385236740112,6254,1,"meta_highrescanopyheight_orthophoto",0.5,"orthophoto_50cm_2025","Sorlandet"
"NINFP2110006187",8.8182269494669,9.14977264404297,4173,2,"meta_highrescanopyheight_orthophoto",0.5,"orthophoto_50cm_2025","Sorlandet"
"NINFP2110029420",2.59882553058578,2.39538955688477,5039,4,"meta_highrescanopyheight_orthophoto",0.5,"orthophoto_50cm_2025","Sorlandet"
"NINFP2310121918",6.87007004491084,7.35240292549133,14676,2,"meta_highrescanopyheight_orthophoto",0.5,"orthophoto_50cm_2025","Sorlandet"
"NINFP2110015523",2.91169905207982,1.7204772233963,154077,9,"meta_highrescanopyheight_orthophoto",0.5,"orthophoto_50cm_2025","Sorlandet"
"NINFP2210075912",10.3696539021416,10.5985498428345,16221,5,"meta_highrescanopyheight_orthophoto",0.5,"orthophoto_50cm_2025","Sorlandet"
"NINFP1810014390",3.26355494668094,2.56324338912964,9711,4,"meta_highrescanopyheight_orthophoto",0.5,"orthophoto_50cm_2025","Sorlandet"
"NINFP2410162068",5.18121446833222,4.95813679695129,4172,1,"meta_highrescanopyheight_orthophoto",0.5,"orthophoto_50cm_2025","Sorlandet"
"NINFP2210085142",0.103600493646838,0.0115035595372319,38004,4,"meta_highrescanopyheight_orthophoto",0.5,"orthophoto_50cm_2025","Sorlandet"
"NINFP2310139801",4.14453213785837,3.07936012744904,120102,10,"meta_highrescanopyheight_orthophoto",0.5,"orthophoto_50cm_2025","Sorlandet"
"NINFP1810011471",5.61537138665798,5.80943846702576,18814,4,"meta_highrescanopyheight_orthophoto",0.5,"orthophoto_50cm_2025","Sorlandet"
"NINFP2410159389",0.229490062143015,0.0118625583127141,9553,2,"meta_highrescanopyheight_orthophoto",0.5,"orthophoto_50cm_2025","Sorlandet"
"NINFP1810002722",1.02890931457464,0.0109490659087896,158524,9,"meta_highrescanopyheight_orthophoto",0.5,"orthophoto_50cm_2025","Sorlandet"
"NINFP2510192489",2.0707393939144,0.301250159740448,6353,1,"meta_highrescanopyheight_orthophoto",0.5,"orthophoto_50cm_2025","Sorlandet"
"NINFP2410171621",2.74746720056147,0.524470388889313,4591,4,"meta_highrescanopyheight_orthophoto",0.5,"orthophoto_50cm_2025","Sorlandet"
"NINFP1810037700",3.74119880371389,2.25500822067261,25246,4,"meta_highrescanopyheight_orthophoto",0.5,"orthophoto_50cm_2025","Sorlandet"
"NINFP2110064788",5.94853297591423,6.60930609703064,3072,2,"meta_highrescanopyheight_orthophoto",0.5,"orthophoto_50cm_2025","Sorlandet"
"NINFP2110061888",5.9520617095401,5.88707447052002,8496,2,"meta_highrescanopyheight_orthophoto",0.5,"orthophoto_50cm_2025","Sorlandet"
"NINFP1910053718",11.2332758865468,11.6358737945557,5213,1,"meta_highrescanopyheight_orthophoto",0.5,"orthophoto_50cm_2025","Sorlandet"
"NINFP2010056346",9.35512904482314,9.63796234130859,64600,4,"meta_highrescanopyheight_orthophoto",0.5,"orthophoto_50cm_2025","Sorlandet"
"NINFP1810011828",3.28144051925403,3.08421993255615,6920,2,"meta_highrescanopyheight_orthophoto",0.5,"orthophoto_50cm_2025","Sorlandet"
"NINFP2110021213",0.212805641602544,0.010840930044651,74362,9,"meta_highrescanopyheight_orthophoto",0.5,"orthophoto_50cm_2025","Sorlandet"
"NINFP2310133322",6.96715702976584,8.04478073120117,4001,2,"meta_highrescanopyheight_orthophoto",0.5,"orthophoto_50cm_2025","Sorlandet"
"NINFP2510209530",0.0365114983640891,0.0102441762574017,128816,8,"meta_highrescanopyheight_orthophoto",0.5,"orthophoto_50cm_2025","Sorlandet"
"NINFP2410151689",6.10665213633877,6.45466589927673,12092,3,"meta_highrescanopyheight_orthophoto",0.5,"orthophoto_50cm_2025","Sorlandet"
"NINFP2510185117",2.67358829862856,1.80058282613754,4350,2,"meta_highrescanopyheight_orthophoto",0.5,"orthophoto_50cm_2025","Sorlandet"
"NINFP2110002510",7.07442096076187,7.56054496765137,12227,2,"meta_highrescanopyheight_orthophoto",0.5,"orthophoto_50cm_2025","Sorlandet"
"NINFP2410182251",0.165470223538693,0.0115208551287651,67690,8,"meta_highrescanopyheight_orthophoto",0.5,"orthophoto_50cm_2025","Sorlandet"
"NINFP2310140931",6.19712733029261,6.03708457946777,7957,2,"meta_highrescanopyheight_orthophoto",0.5,"orthophoto_50cm_2025","Sorlandet"
"NINFP1910010676",8.27134778785648,8.54306316375732,16670,4,"meta_highrescanopyheight_orthophoto",0.5,"orthophoto_50cm_2025","Sorlandet"
"NINFP1910044462",6.31936633470544,5.87500262260437,28304,5,"meta_highrescanopyheight_orthophoto",0.5,"orthophoto_50cm_2025","Sorlandet"
"NINFP2210099989",0.448147418486696,0.0109577560797334,44640,5,"meta_highrescanopyheight_orthophoto",0.5,"orthophoto_50cm_2025","Sorlandet"
"NINFP2310118374",4.66016927242316,3.34341025352478,6055,2,"meta_highrescanopyheight_orthophoto",0.5,"orthophoto_50cm_2025","Sorlandet"
"NINFP2210077747",4.61986800152921,3.89938294887543,6808,1,"meta_highrescanopyheight_orthophoto",0.5,"orthophoto_50cm_2025","Sorlandet"
"NINFP2110021749",0.108160659451449,0.0125186741352081,5782,2,"meta_highrescanopyheight_orthophoto",0.5,"orthophoto_50cm_2025","Sorlandet"
"NINFP1810011470",7.95258394953825,8.24051523208618,11474,3,"meta_highrescanopyheight_orthophoto",0.5,"orthophoto_50cm_2025","Sorlandet"
"NINFP1910030619",9.21399849760252,9.53099966049194,6148,3,"meta_highrescanopyheight_orthophoto",0.5,"orthophoto_50cm_2025","Sorlandet"
"NINFP1910050826",5.98794721864901,6.23257279396057,1016,2,"meta_highrescanopyheight_orthophoto",0.5,"orthophoto_50cm_2025","Sorlandet"
"NINFP2410156645",0.0116849179782561,0.0101610403507948,36597,4,"meta_highrescanopyheight_orthophoto",0.5,"orthophoto_50cm_2025","Sorlandet"
"NINFP2110060500",5.19800103746543,5.9375262260437,11383,3,"meta_highrescanopyheight_orthophoto",0.5,"orthophoto_50cm_2025","Sorlandet"
"NINFP2010014287",0.718498122359043,0.0124087892472744,16746,4,"meta_highrescanopyheight_orthophoto",0.5,"orthophoto_50cm_2025","Sorlandet"
"NINFP2510193787",1.50784604474623,0.25296713411808,9592,2,"meta_highrescanopyheight_orthophoto",0.5,"orthophoto_50cm_2025","Sorlandet"
"NINFP2310120040",7.23480290364655,7.48138785362244,28154,4,"meta_highrescanopyheight_orthophoto",0.5,"orthophoto_50cm_2025","Sorlandet"
"NINFP2110007047",4.47879267572682,3.65601778030396,10011,2,"meta_highrescanopyheight_orthophoto",0.5,"orthophoto_50cm_2025","Sorlandet"
"NINFP2310119733",7.87425606365089,7.99939846992493,15006,3,"meta_highrescanopyheight_orthophoto",0.5,"orthophoto_50cm_2025","Sorlandet"
"NINFP2510217472",9.81910055215274,11.1052303314209,20443,2,"meta_highrescanopyheight_orthophoto",0.5,"orthophoto_50cm_2025","Sorlandet"
"NINFP2410178937",3.572704509734,3.46557259559631,1445,1,"meta_highrescanopyheight_orthophoto",0.5,"orthophoto_50cm_2025","Sorlandet"
"NINFP1910023847",5.37813954722717,5.12583637237549,13505,1,"meta_highrescanopyheight_orthophoto",0.5,"orthophoto_50cm_2025","Sorlandet"
"NINFP2110063334",4.87359213345625,4.7868173122406,9054,4,"meta_highrescanopyheight_orthophoto",0.5,"orthophoto_50cm_2025","Sorlandet"
"NINFP2310143435",1.54255703237027,0.0690355598926544,4463,2,"meta_highrescanopyheight_orthophoto",0.5,"orthophoto_50cm_2025","Sorlandet"
"NINFP2510192501",0.867050720906056,0.0523398704826832,4004,1,"meta_highrescanopyheight_orthophoto",0.5,"orthophoto_50cm_2025","Sorlandet"
"NINFP2410161473",8.94541293373767,8.86970996856689,4364,1,"meta_highrescanopyheight_orthophoto",0.5,"orthophoto_50cm_2025","Sorlandet"
"NINFP2410166236",3.42229512493279,1.31753706932068,9117,4,"meta_highrescanopyheight_orthophoto",0.5,"orthophoto_50cm_2025","Sorlandet"
"NINFP1810027093",0.557937687790003,0.0193242616951466,11799,2,"meta_highrescanopyheight_orthophoto",0.5,"orthophoto_50cm_2025","Sorlandet"
"NINFP2010006594",4.20729711042544,4.33516931533813,6175,2,"meta_highrescanopyheight_orthophoto",0.5,"orthophoto_50cm_2025","Sorlandet"
"NINFP2110050413",7.02013105889047,7.29200315475464,10899,2,"meta_highrescanopyheight_orthophoto",0.5,"orthophoto_50cm_2025","Sorlandet"
"NINFP2310134852",7.34311667799861,7.53141283988953,5708,2,"meta_highrescanopyheight_orthophoto",0.5,"orthophoto_50cm_2025","Sorlandet"
"NINFP2310137603",6.03041955567057,5.94464254379272,6435,4,"meta_highrescanopyheight_orthophoto",0.5,"orthophoto_50cm_2025","Sorlandet"
"NINFP2310139794",4.05361271072282,2.43574690818787,50192,2,"meta_highrescanopyheight_orthophoto",0.5,"orthophoto_50cm_2025","Sorlandet"
"NINFP2510198043",3.01380567974044,1.32549983263016,45680,3,"meta_highrescanopyheight_orthophoto",0.5,"orthophoto_50cm_2025","Sorlandet"
"NINFP2310114251",0.603523608987372,0.0284553617238998,11741,4,"meta_highrescanopyheight_orthophoto",0.5,"orthophoto_50cm_2025","Sorlandet"
"NINFP2410181545",0.0170086741367398,0.0107098156586289,19080,4,"meta_highrescanopyheight_orthophoto",0.5,"orthophoto_50cm_2025","Sorlandet"
"NINFP2510186487",2.37619761801154,0.881418764591217,7764,4,"meta_highrescanopyheight_orthophoto",0.5,"orthophoto_50cm_2025","Sorlandet"
"NINFP2510190722",0.27159250187791,0.0126815363764763,58463,4,"meta_highrescanopyheight_orthophoto",0.5,"orthophoto_50cm_2025","Sorlandet"
"NINFP1810012047",9.47712707874956,9.46950101852417,6708,3,"meta_highrescanopyheight_orthophoto",0.5,"orthophoto_50cm_2025","Sorlandet"
"NINFP2510212991",7.47699179429754,8.30812835693359,10381,3,"meta_highrescanopyheight_orthophoto",0.5,"orthophoto_50cm_2025","Sorlandet"
"NINFP2010014458",5.97792077103341,5.74998998641968,10132,2,"meta_highrescanopyheight_orthophoto",0.5,"orthophoto_50cm_2025","Sorlandet"
"NINFP1910054967",8.48424461804812,9.64530181884766,5499,2,"meta_highrescanopyheight_orthophoto",0.5,"orthophoto_50cm_2025","Sorlandet"
"NINFP2310124352",0.0323174277606667,0.0103975785896182,6841,1,"meta_highrescanopyheight_orthophoto",0.5,"orthophoto_50cm_2025","Sorlandet"
"NINFP2110068090",3.91195373359038,3.48083865642548,44166,4,"meta_highrescanopyheight_orthophoto",0.5,"orthophoto_50cm_2025","Sorlandet"
"NINFP2110006810",0.0470924403092065,0.0106087159365416,21275,3,"meta_highrescanopyheight_orthophoto",0.5,"orthophoto_50cm_2025","Sorlandet"
"NINFP2410158392",0.915346348997895,0.0725494027137756,5519,2,"meta_highrescanopyheight_orthophoto",0.5,"orthophoto_50cm_2025","Sorlandet"
"NINFP1810011998",3.15543929090725,0.994738578796387,121824,13,"meta_highrescanopyheight_orthophoto",0.5,"orthophoto_50cm_2025","Sorlandet"
"NINFP1810013104",1.91184506369142,0.0990520343184471,40335,5,"meta_highrescanopyheight_orthophoto",0.5,"orthophoto_50cm_2025","Sorlandet"
"NINFP2510215200",9.68655010847944,9.84626865386963,17449,4,"meta_highrescanopyheight_orthophoto",0.5,"orthophoto_50cm_2025","Sorlandet"
"NINFP2110025052",0.236773110629714,0.0227580666542053,16139,2,"meta_highrescanopyheight_orthophoto",0.5,"orthophoto_50cm_2025","Sorlandet"
"NINFP1910034493",9.05708038458797,9.31194591522217,9721,4,"meta_highrescanopyheight_orthophoto",0.5,"orthophoto_50cm_2025","Sorlandet"
"NINFP2510190540",0.105548091042982,0.010665905661881,48118,4,"meta_highrescanopyheight_orthophoto",0.5,"orthophoto_50cm_2025","Sorlandet"
"NINFP2210107028",6.61888072204561,7.92207312583923,5374,1,"meta_highrescanopyheight_orthophoto",0.5,"orthophoto_50cm_2025","Sorlandet"
"NINFP2310140441",2.12565524628024,0.368325114250183,30136,3,"meta_highrescanopyheight_orthophoto",0.5,"orthophoto_50cm_2025","Sorlandet"
"NINFP1810014028",3.03219573941913,1.90888875722885,4376,2,"meta_highrescanopyheight_orthophoto",0.5,"orthophoto_50cm_2025","Sorlandet"
"NINFP2110005248",2.46910480317293,1.42614352703094,122761,7,"meta_highrescanopyheight_orthophoto",0.5,"orthophoto_50cm_2025","Sorlandet"
"NINFP2010038526",3.18461616481865,2.54637289047241,5233,1,"meta_highrescanopyheight_orthophoto",0.5,"orthophoto_50cm_2025","Sorlandet"
"NINFP2110038263",0.0675784866736941,0.0107445507310331,74210,8,"meta_highrescanopyheight_orthophoto",0.5,"orthophoto_50cm_2025","Sorlandet"
"NINFP1810041546",2.65750000430785,1.36839431524277,23296,3,"meta_highrescanopyheight_orthophoto",0.5,"orthophoto_50cm_2025","Sorlandet"
"NINFP2510187680",0.456551045575127,0.0152940629050136,9806,3,"meta_highrescanopyheight_orthophoto",0.5,"orthophoto_50cm_2025","Sorlandet"
"NINFP2410157934",0.0100390482737306,0.0100329229608178,12233,3,"meta_highrescanopyheight_orthophoto",0.5,"orthophoto_50cm_2025","Sorlandet"
"NINFP1810036873",2.26480795614884,0.551550626754761,7495,2,"meta_highrescanopyheight_orthophoto",0.5,"orthophoto_50cm_2025","Sorlandet"
"NINFP1810001667",8.95463912516114,9.58321666717529,7939,2,"meta_highrescanopyheight_orthophoto",0.5,"orthophoto_50cm_2025","Sorlandet"
"NINFP2410183263",6.48484133806423,5.99265551567078,7050,2,"meta_highrescanopyheight_orthophoto",0.5,"orthophoto_50cm_2025","Sorlandet"
"NINFP2110021752",0.0345414884999522,0.0104601257480681,7724,2,"meta_highrescanopyheight_orthophoto",0.5,"orthophoto_50cm_2025","Sorlandet"
"NINFP2110019250",0.622547025815593,0.0156552540138364,133148,10,"meta_highrescanopyheight_orthophoto",0.5,"orthophoto_50cm_2025","Sorlandet"
"NINFP2410172421",6.82623726613932,7.18507385253906,13891,2,"meta_highrescanopyheight_orthophoto",0.5,"orthophoto_50cm_2025","Sorlandet"
"NINFP2110040571",6.34798684031832,6.2680675983429,7246,2,"meta_highrescanopyheight_orthophoto",0.5,"orthophoto_50cm_2025","Sorlandet"
"NINFP2110008676",7.59207580438815,8.36921119689941,14433,2,"meta_highrescanopyheight_orthophoto",0.5,"orthophoto_50cm_2025","Sorlandet"
"NINFP2110034643",0.501362353267318,0.0182832879945636,51086,6,"meta_highrescanopyheight_orthophoto",0.5,"orthophoto_50cm_2025","Sorlandet"
"NINFP2310140729",4.79029258709324,4.74278736114502,4801,1,"meta_highrescanopyheight_orthophoto",0.5,"orthophoto_50cm_2025","Sorlandet"
"NINFP2210105719",1.7205736167892,0.184188351035118,7901,1,"meta_highrescanopyheight_orthophoto",0.5,"orthophoto_50cm_2025","Sorlandet"
"NINFP2410181686",5.25474184022526,5.22866034507751,10076,3,"meta_highrescanopyheight_orthophoto",0.5,"orthophoto_50cm_2025","Sorlandet"
"NINFP2110062081",0.0531807990737476,0.0103900134563446,8754,3,"meta_highrescanopyheight_orthophoto",0.5,"orthophoto_50cm_2025","Sorlandet"
"NINFP2110073090",9.18525750793766,10.9607067108154,15474,2,"meta_highrescanopyheight_orthophoto",0.5,"orthophoto_50cm_2025","Sorlandet"
"NINFP2210110575",3.17800679035204,0.933451890945435,4901,4,"meta_highrescanopyheight_orthophoto",0.5,"orthophoto_50cm_2025","Sorlandet"
"NINFP2210084547",0.282062338425815,0.0137280710041523,136570,8,"meta_highrescanopyheight_orthophoto",0.5,"orthophoto_50cm_2025","Sorlandet"
"NINFP2410162602",7.75098339728553,8.13752746582031,10809,2,"meta_highrescanopyheight_orthophoto",0.5,"orthophoto_50cm_2025","Sorlandet"
"NINFP2410168141",0.157163166668579,0.0121414340101182,21892,3,"meta_highrescanopyheight_orthophoto",0.5,"orthophoto_50cm_2025","Sorlandet"
"NINFP2310142285",0.137360627226536,0.0102401115000248,116541,9,"meta_highrescanopyheight_orthophoto",0.5,"orthophoto_50cm_2025","Sorlandet"
"NINFP2410175339",8.59563680794658,8.64535331726074,9543,3,"meta_highrescanopyheight_orthophoto",0.5,"orthophoto_50cm_2025","Sorlandet"
"NINFP1810000584",5.29085043768263,4.95987010002136,8234,2,"meta_highrescanopyheight_orthophoto",0.5,"orthophoto_50cm_2025","Sorlandet"
"NINFP1910053721",6.66505045504434,7.8060302734375,5481,1,"meta_highrescanopyheight_orthophoto",0.5,"orthophoto_50cm_2025","Sorlandet"
"NINFP1810014023",9.14773263290627,9.64357566833496,5977,1,"meta_highrescanopyheight_orthophoto",0.5,"orthophoto_50cm_2025","Sorlandet"
"NINFP2410154997",4.55514383672446,4.5540919303894,10906,1,"meta_highrescanopyheight_orthophoto",0.5,"orthophoto_50cm_2025","Sorlandet"
"NINFP2210109194",6.41224925353071,5.95091223716736,8444,2,"meta_highrescanopyheight_orthophoto",0.5,"orthophoto_50cm_2025","Sorlandet"
"NINFP2110062586",3.98234664055477,2.89408302307129,20513,3,"meta_highrescanopyheight_orthophoto",0.5,"orthophoto_50cm_2025","Sorlandet"
"NINFP2510193402",0.446614114582328,0.0222812490537763,4184,3,"meta_highrescanopyheight_orthophoto",0.5,"orthophoto_50cm_2025","Sorlandet"
"NINFP2510218325",6.38784393265695,6.71582078933716,4714,2,"meta_highrescanopyheight_orthophoto",0.5,"orthophoto_50cm_2025","Sorlandet"
"NINFP1810040389",2.752564171545,1.09229642152786,5350,4,"meta_highrescanopyheight_orthophoto",0.5,"orthophoto_50cm_2025","Sorlandet"
"NINFP1810000838",6.59212075120502,6.21589612960815,30869,4,"meta_highrescanopyheight_orthophoto",0.5,"orthophoto_50cm_2025","Sorlandet"
"NINFP2510217435",2.71851735394118,0.622449398040771,14222,5,"meta_highrescanopyheight_orthophoto",0.5,"orthophoto_50cm_2025","Sorlandet"
"NINFP1810012133",8.7575131015312,8.53148937225342,4383,1,"meta_highrescanopyheight_orthophoto",0.5,"orthophoto_50cm_2025","Sorlandet"
"NINFP2510194248",1.2665793652668,0.0561961531639099,10854,3,"meta_highrescanopyheight_orthophoto",0.5,"orthophoto_50cm_2025","Sorlandet"
"NINFP2510198076",0.441083395353934,0.0250782333314419,49065,3,"meta_highrescanopyheight_orthophoto",0.5,"orthophoto_50cm_2025","Sorlandet"
"NINFP2210089339",0.119772490351752,0.0101250829175115,29787,4,"meta_highrescanopyheight_orthophoto",0.5,"orthophoto_50cm_2025","Sorlandet"
"NINFP2110050648",4.00819943629516,1.5674861073494,10620,2,"meta_highrescanopyheight_orthophoto",0.5,"orthophoto_50cm_2025","Sorlandet"
"NINFP2410180853",2.63712693915582,1.04546189308167,40227,3,"meta_highrescanopyheight_orthophoto",0.5,"orthophoto_50cm_2025","Sorlandet"
"NINFP2210086161",4.64709087927819,4.34528374671936,5236,4,"meta_highrescanopyheight_orthophoto",0.5,"orthophoto_50cm_2025","Sorlandet"
"NINFP2110053480",2.48625796944953,1.46588337421417,5051,4,"meta_highrescanopyheight_orthophoto",0.5,"orthophoto_50cm_2025","Sorlandet"
"NINFP2010046391",6.17018400247398,6.37841153144836,16084,4,"meta_highrescanopyheight_orthophoto",0.5,"orthophoto_50cm_2025","Sorlandet"
"NINFP1810040320",4.14945663409435,3.24659776687622,24495,3,"meta_highrescanopyheight_orthophoto",0.5,"orthophoto_50cm_2025","Sorlandet"
"NINFP2410155689",0.0642410720698535,0.0103551126085222,1910,2,"meta_highrescanopyheight_orthophoto",0.5,"orthophoto_50cm_2025","Sorlandet"
"NINFP1810005447",0.526024294876461,0.0158681757748127,10342,2,"meta_highrescanopyheight_orthophoto",0.5,"orthophoto_50cm_2025","Sorlandet"
"NINFP2510204339",6.64831471113802,6.76627683639526,5283,2,"meta_highrescanopyheight_orthophoto",0.5,"orthophoto_50cm_2025","Sorlandet"
"NINFP2310120893",4.40489697809796,4.26892161369324,20828,3,"meta_highrescanopyheight_orthophoto",0.5,"orthophoto_50cm_2025","Sorlandet"
"NINFP2410168385",5.17357475027401,5.23019218444824,38056,4,"meta_highrescanopyheight_orthophoto",0.5,"orthophoto_50cm_2025","Sorlandet"
"NINFP2210077236",6.11054501972695,6.70185041427612,11103,4,"meta_highrescanopyheight_orthophoto",0.5,"orthophoto_50cm_2025","Sorlandet"
"NINFP2110047942",0.0978703842296175,0.0106720011681318,10903,3,"meta_highrescanopyheight_orthophoto",0.5,"orthophoto_50cm_2025","Sorlandet"
"NINFP1810000983",13.2360751684287,13.986930847168,13684,4,"meta_highrescanopyheight_orthophoto",0.5,"orthophoto_50cm_2025","Sorlandet"
"NINFP2310141573",7.14364914226485,7.61261677742004,19810,2,"meta_highrescanopyheight_orthophoto",0.5,"orthophoto_50cm_2025","Sorlandet"
"NINFP2410181123",8.25701643950655,9.128005027771,5107,2,"meta_highrescanopyheight_orthophoto",0.5,"orthophoto_50cm_2025","Sorlandet"
"NINFP2510192985",4.29905906620557,3.20864772796631,20916,4,"meta_highrescanopyheight_orthophoto",0.5,"orthophoto_50cm_2025","Sorlandet"
"NINFP2110000516",5.35296683908712,6.15316820144653,9812,4,"meta_highrescanopyheight_orthophoto",0.5,"orthophoto_50cm_2025","Sorlandet"
"NINFP2310134534",1.38558839234112,0.378229171037674,6467,3,"meta_highrescanopyheight_orthophoto",0.5,"orthophoto_50cm_2025","Sorlandet"
"NINFP1810001965",13.6971979513984,14.3442997932434,14948,3,"meta_highrescanopyheight_orthophoto",0.5,"orthophoto_50cm_2025","Sorlandet"
"NINFP1810011087",4.60830626617861,4.70076584815979,17174,4,"meta_highrescanopyheight_orthophoto",0.5,"orthophoto_50cm_2025","Sorlandet"
"NINFP2110025847",8.64070607774846,9.15396547317505,8990,4,"meta_highrescanopyheight_orthophoto",0.5,"orthophoto_50cm_2025","Sorlandet"
"NINFP2310114895",10.2232500281055,10.2049350738525,6880,3,"meta_highrescanopyheight_orthophoto",0.5,"orthophoto_50cm_2025","Sorlandet"
"NINFP2310131547",1.95493791267817,0.520603567361832,8594,2,"meta_highrescanopyheight_orthophoto",0.5,"orthophoto_50cm_2025","Sorlandet"
"NINFP2310120482",6.88670831075261,7.99423456192017,14238,3,"meta_highrescanopyheight_orthophoto",0.5,"orthophoto_50cm_2025","Sorlandet"
"NINFP2110008018",6.62477755170931,5.48868465423584,8895,2,"meta_highrescanopyheight_orthophoto",0.5,"orthophoto_50cm_2025","Sorlandet"
"NINFP2310121411",7.8023255704594,8.2588415145874,51182,5,"meta_highrescanopyheight_orthophoto",0.5,"orthophoto_50cm_2025","Sorlandet"
"NINFP2510191740",0.520615147798443,0.0610232912003994,36309,3,"meta_highrescanopyheight_orthophoto",0.5,"orthophoto_50cm_2025","Sorlandet"
"NINFP1910028629",10.3800340674013,11.6882438659668,7337,2,"meta_highrescanopyheight_orthophoto",0.5,"orthophoto_50cm_2025","Sorlandet"
"NINFP2410158388",0.102201616287947,0.0107129514217377,4612,2,"meta_highrescanopyheight_orthophoto",0.5,"orthophoto_50cm_2025","Sorlandet"
"NINFP2110028106",7.35690652983712,7.75137138366699,52149,6,"meta_highrescanopyheight_orthophoto",0.5,"orthophoto_50cm_2025","Sorlandet"
"NINFP2110055245",0.129175012557519,0.0105562517419457,6001,3,"meta_highrescanopyheight_orthophoto",0.5,"orthophoto_50cm_2025","Sorlandet"
"NINFP2510218773",7.18621228445506,7.84041166305542,33041,5,"meta_highrescanopyheight_orthophoto",0.5,"orthophoto_50cm_2025","Sorlandet"
"NINFP2210099983",1.58295795891506,0.0371866822242737,10317,2,"meta_highrescanopyheight_orthophoto",0.5,"orthophoto_50cm_2025","Sorlandet"
"NINFP2110041454",0.01386396267902,0.0103068277239799,11017,2,"meta_highrescanopyheight_orthophoto",0.5,"orthophoto_50cm_2025","Sorlandet"
"NINFP2110040203",0.0102549465509765,0.0101879760622978,20998,2,"meta_highrescanopyheight_orthophoto",0.5,"orthophoto_50cm_2025","Sorlandet"
"NINFP2210105686",10.4347779659033,11.7300209999084,4026,1,"meta_highrescanopyheight_orthophoto",0.5,"orthophoto_50cm_2025","Sorlandet"
"NINFP2310131569",6.27201720135099,6.70814442634583,4128,2,"meta_highrescanopyheight_orthophoto",0.5,"orthophoto_50cm_2025","Sorlandet"
"NINFP2510202748",4.10344255288016,3.51415657997131,23576,3,"meta_highrescanopyheight_orthophoto",0.5,"orthophoto_50cm_2025","Sorlandet"
"NINFP2410176427",4.16109349302672,3.92606687545776,13311,2,"meta_highrescanopyheight_orthophoto",0.5,"orthophoto_50cm_2025","Sorlandet"
"NINFP2410182338",6.29537604770953,7.45444893836975,27820,6,"meta_highrescanopyheight_orthophoto",0.5,"orthophoto_50cm_2025","Sorlandet"
"NINFP2410148015",4.87740164376003,5.00375032424927,5690,2,"meta_highrescanopyheight_orthophoto",0.5,"orthophoto_50cm_2025","Sorlandet"
"NINFP2210085292",1.48637908030786,0.586256742477417,14794,4,"meta_highrescanopyheight_orthophoto",0.5,"orthophoto_50cm_2025","Sorlandet"
"NINFP1810011207",6.51803959460261,6.62710237503052,5521,2,"meta_highrescanopyheight_orthophoto",0.5,"orthophoto_50cm_2025","Sorlandet"
"NINFP2210084581",0.129589140216423,0.0109257679432631,61656,5,"meta_highrescanopyheight_orthophoto",0.5,"orthophoto_50cm_2025","Sorlandet"
"NINFP2210089094",1.13314390236875,0.0889894440770149,5876,1,"meta_highrescanopyheight_orthophoto",0.5,"orthophoto_50cm_2025","Sorlandet"
"NINFP2110006882",9.26774698238001,9.33619070053101,2820,2,"meta_highrescanopyheight_orthophoto",0.5,"orthophoto_50cm_2025","Sorlandet"
"NINFP2310117430",5.62846208199097,5.14224028587341,6108,2,"meta_highrescanopyheight_orthophoto",0.5,"orthophoto_50cm_2025","Sorlandet"
"NINFP2410164655",3.29903374262239,0.0537434741854668,9821,4,"meta_highrescanopyheight_orthophoto",0.5,"orthophoto_50cm_2025","Sorlandet"
"NINFP2310133100",0.27185237121576,0.0266926698386669,114022,7,"meta_highrescanopyheight_orthophoto",0.5,"orthophoto_50cm_2025","Sorlandet"
"NINFP2510186056",9.31051649305846,11.5433893203735,4240,1,"meta_highrescanopyheight_orthophoto",0.5,"orthophoto_50cm_2025","Sorlandet"
"NINFP2110001531",6.52955279099691,7.47683072090149,4018,1,"meta_highrescanopyheight_orthophoto",0.5,"orthophoto_50cm_2025","Sorlandet"
"NINFP2510189558",3.69999200025503,2.95011377334595,57020,6,"meta_highrescanopyheight_orthophoto",0.5,"orthophoto_50cm_2025","Sorlandet"
"NINFP2310128433",0.0238672991726264,0.0114077245816588,43059,7,"meta_highrescanopyheight_orthophoto",0.5,"orthophoto_50cm_2025","Sorlandet"
"NINFP1810038496",0.406219555667617,0.0108375111594796,125323,10,"meta_highrescanopyheight_orthophoto",0.5,"orthophoto_50cm_2025","Sorlandet"
"NINFP2110008113",0.0255739367611501,0.0108184898272157,1779,2,"meta_highrescanopyheight_orthophoto",0.5,"orthophoto_50cm_2025","Sorlandet"
"NINFP2410176418",8.40863945062846,8.78614616394043,38654,5,"meta_highrescanopyheight_orthophoto",0.5,"orthophoto_50cm_2025","Sorlandet"
"NINFP2410180466",2.67531956289469,1.24839842319489,28290,4,"meta_highrescanopyheight_orthophoto",0.5,"orthophoto_50cm_2025","Sorlandet"
"NINFP2410154864",2.24053314016837,1.39345860481262,5624,2,"meta_highrescanopyheight_orthophoto",0.5,"orthophoto_50cm_2025","Sorlandet"
"NINFP2110048306",0.0353286533010288,0.0103360889479518,13761,4,"meta_highrescanopyheight_orthophoto",0.5,"orthophoto_50cm_2025","Sorlandet"
"NINFP2310116934",8.74141883839148,9.33719062805176,41847,3,"meta_highrescanopyheight_orthophoto",0.5,"orthophoto_50cm_2025","Sorlandet"
"NINFP2410180822",1.23817743305867,0.113259188830853,4889,2,"meta_highrescanopyheight_orthophoto",0.5,"orthophoto_50cm_2025","Sorlandet"
"NINFP1910053880",4.98462093441505,4.77492117881775,6380,1,"meta_highrescanopyheight_orthophoto",0.5,"orthophoto_50cm_2025","Sorlandet"
"NINFP2110003018",8.349446564379,9.16986846923828,4299,2,"meta_highrescanopyheight_orthophoto",0.5,"orthophoto_50cm_2025","Sorlandet"
"NINFP2410157196",0.0114552258090729,0.0100850164890289,7129,2,"meta_highrescanopyheight_orthophoto",0.5,"orthophoto_50cm_2025","Sorlandet"
"NINFP2110025066",0.611491806270446,0.0206945464015007,8183,2,"meta_highrescanopyheight_orthophoto",0.5,"orthophoto_50cm_2025","Sorlandet"
"NINFP1810039649",3.21305681618992,1.70832335948944,7369,2,"meta_highrescanopyheight_orthophoto",0.5,"orthophoto_50cm_2025","Sorlandet"
"NINFP2310138019",8.64766192346376,9.33579254150391,74728,5,"meta_highrescanopyheight_orthophoto",0.5,"orthophoto_50cm_2025","Sorlandet"
"NINFP2410155775",3.96744527318549,1.66137862205505,6087,2,"meta_highrescanopyheight_orthophoto",0.5,"orthophoto_50cm_2025","Sorlandet"
"NINFP2310145335",0.690776936129823,0.0106938481330872,430955,15,"meta_highrescanopyheight_orthophoto",0.5,"orthophoto_50cm_2025","Sorlandet"
"NINFP2110029193",0.630155889040213,0.0121156759560108,111864,8,"meta_highrescanopyheight_orthophoto",0.5,"orthophoto_50cm_2025","Sorlandet"
"NINFP1810006509",3.9508507733104,2.39966821670532,7060,2,"meta_highrescanopyheight_orthophoto",0.5,"orthophoto_50cm_2025","Sorlandet"
"NINFP2010056292",7.35672899712626,7.53596353530884,5579,2,"meta_highrescanopyheight_orthophoto",0.5,"orthophoto_50cm_2025","Sorlandet"
"NINFP2010040565",4.8806571493253,3.73432064056396,15824,4,"meta_highrescanopyheight_orthophoto",0.5,"orthophoto_50cm_2025","Sorlandet"
"NINFP2310141866",6.90249595736199,7.69718933105469,12127,2,"meta_highrescanopyheight_orthophoto",0.5,"orthophoto_50cm_2025","Sorlandet"
"NINFP2310115891",8.12951888011487,8.36100721359253,5352,1,"meta_highrescanopyheight_orthophoto",0.5,"orthophoto_50cm_2025","Sorlandet"
"NINFP2510184560",0.732480199518914,0.0116129703819752,3404,4,"meta_highrescanopyheight_orthophoto",0.5,"orthophoto_50cm_2025","Sorlandet"
"NINFP2010058218",5.6913771951414,5.39748644828796,4980,4,"meta_highrescanopyheight_orthophoto",0.5,"orthophoto_50cm_2025","Sorlandet"
"NINFP2510191072",0.0134317430602944,0.0106910429894924,3559,1,"meta_highrescanopyheight_orthophoto",0.5,"orthophoto_50cm_2025","Sorlandet"
"NINFP2110002814",2.60639713017655,0.0122167044319212,12640,2,"meta_highrescanopyheight_orthophoto",0.5,"orthophoto_50cm_2025","Sorlandet"
"NINFP2310121913",10.8638382118027,11.7645530700684,10209,2,"meta_highrescanopyheight_orthophoto",0.5,"orthophoto_50cm_2025","Sorlandet"
"NINFP1810002035",12.4508613773421,14.2483339309692,8329,2,"meta_highrescanopyheight_orthophoto",0.5,"orthophoto_50cm_2025","Sorlandet"
"NINFP1810005078",4.0684806596389,1.45190250873566,5018,2,"meta_highrescanopyheight_orthophoto",0.5,"orthophoto_50cm_2025","Sorlandet"
"NINFP2510217950",0.0886950552212291,0.0111068799160421,59822,6,"meta_highrescanopyheight_orthophoto",0.5,"orthophoto_50cm_2025","Sorlandet"
"NINFP2110058648",9.06956564208813,9.61316680908203,2005,1,"meta_highrescanopyheight_orthophoto",0.5,"orthophoto_50cm_2025","Sorlandet"
"NINFP2010014486",9.02761958791135,9.65857982635498,4068,1,"meta_highrescanopyheight_orthophoto",0.5,"orthophoto_50cm_2025","Sorlandet"
"NINFP2110036836",3.29182635789427,2.17580652236938,16975,3,"meta_highrescanopyheight_orthophoto",0.5,"orthophoto_50cm_2025","Sorlandet"
"NINFP2110022394",0.204327856185215,0.0110364574939013,5989,2,"meta_highrescanopyheight_orthophoto",0.5,"orthophoto_50cm_2025","Sorlandet"
"NINFP2510214163",6.28097209274689,5.71260213851929,9119,2,"meta_highrescanopyheight_orthophoto",0.5,"orthophoto_50cm_2025","Sorlandet"
"NINFP2110043146",0.0414633075174987,0.0104407421313226,42706,4,"meta_highrescanopyheight_orthophoto",0.5,"orthophoto_50cm_2025","Sorlandet"
"NINFP2410176429",2.82881934428456,2.29479813575745,39351,4,"meta_highrescanopyheight_orthophoto",0.5,"orthophoto_50cm_2025","Sorlandet"
"NINFP2110036023",0.041779716997395,0.0104312570765615,46046,6,"meta_highrescanopyheight_orthophoto",0.5,"orthophoto_50cm_2025","Sorlandet"
"NINFP1810012054",9.5099148916817,9.76884460449219,4879,2,"meta_highrescanopyheight_orthophoto",0.5,"orthophoto_50cm_2025","Sorlandet"
"NINFP2110001214",5.76694244842262,6.5328426361084,4120,1,"meta_highrescanopyheight_orthophoto",0.5,"orthophoto_50cm_2025","Sorlandet"
"NINFP2110018811",4.1247680964173,3.70515120029449,12980,2,"meta_highrescanopyheight_orthophoto",0.5,"orthophoto_50cm_2025","Sorlandet"
"NINFP2210089439",0.0969469153671613,0.0110444193705916,19955,4,"meta_highrescanopyheight_orthophoto",0.5,"orthophoto_50cm_2025","Sorlandet"
"NINFP2510211896",5.12764932679994,4.64636659622192,22300,3,"meta_highrescanopyheight_orthophoto",0.5,"orthophoto_50cm_2025","Sorlandet"
"NINFP2110019633",0.0180586694747122,0.0101544801145792,14545,2,"meta_highrescanopyheight_orthophoto",0.5,"orthophoto_50cm_2025","Sorlandet"
"NINFP2110067462",1.90335570657038,0.0105161229148507,164949,12,"meta_highrescanopyheight_orthophoto",0.5,"orthophoto_50cm_2025","Sorlandet"
"NINFP2110064724",1.4658380381394,0.701556116342545,5108,2,"meta_highrescanopyheight_orthophoto",0.5,"orthophoto_50cm_2025","Sorlandet"
"NINFP2110062035",1.11322502941456,0.0871127992868423,147205,9,"meta_highrescanopyheight_orthophoto",0.5,"orthophoto_50cm_2025","Sorlandet"
"NINFP2410168118",2.39153925163128,0.18982058018446,12140,1,"meta_highrescanopyheight_orthophoto",0.5,"orthophoto_50cm_2025","Sorlandet"
"NINFP2510200958",10.8588539912449,11.3163156509399,4920,2,"meta_highrescanopyheight_orthophoto",0.5,"orthophoto_50cm_2025","Sorlandet"
"NINFP1810001655",7.27642270601048,7.07091522216797,7419,2,"meta_highrescanopyheight_orthophoto",0.5,"orthophoto_50cm_2025","Sorlandet"
"NINFP2210090770",0.0714188919169282,0.0117020448669791,15767,4,"meta_highrescanopyheight_orthophoto",0.5,"orthophoto_50cm_2025","Sorlandet"
"NINFP2510194517",0.708200665582088,0.0207345373928547,16676,2,"meta_highrescanopyheight_orthophoto",0.5,"orthophoto_50cm_2025","Sorlandet"
"NINFP2110065365",2.88243228670448,2.17536926269531,17381,2,"meta_highrescanopyheight_orthophoto",0.5,"orthophoto_50cm_2025","Sorlandet"
"NINFP2110072818",8.15362880256599,8.43979072570801,7873,2,"meta_highrescanopyheight_orthophoto",0.5,"orthophoto_50cm_2025","Sorlandet"
"NINFP2110030945",0.0254642670628667,0.0100919548422098,46999,4,"meta_highrescanopyheight_orthophoto",0.5,"orthophoto_50cm_2025","Sorlandet"
"NINFP2510198410",4.24605130954257,3.53496885299683,18127,4,"meta_highrescanopyheight_orthophoto",0.5,"orthophoto_50cm_2025","Sorlandet"
"NINFP2210088860",2.26897626699155,2.00057601928711,23329,3,"meta_highrescanopyheight_orthophoto",0.5,"orthophoto_50cm_2025","Sorlandet"
"NINFP2210074767",0.75617674472958,0.053779199719429,5147,1,"meta_highrescanopyheight_orthophoto",0.5,"orthophoto_50cm_2025","Sorlandet"
"NINFP2310133099",0.0526739450728541,0.0119700818322599,14558,4,"meta_highrescanopyheight_orthophoto",0.5,"orthophoto_50cm_2025","Sorlandet"
"NINFP1810007476",4.15175227770742,0.633029490709305,9248,1,"meta_highrescanopyheight_orthophoto",0.5,"orthophoto_50cm_2025","Sorlandet"
"NINFP2210073403",6.64837890375093,7.16709351539612,88586,4,"meta_highrescanopyheight_orthophoto",0.5,"orthophoto_50cm_2025","Sorlandet"
"NINFP2510187678",0.595549763796177,0.0268253134563565,13480,2,"meta_highrescanopyheight_orthophoto",0.5,"orthophoto_50cm_2025","Sorlandet"
"NINFP1910031459",8.61325387990069,9.77326774597168,7960,2,"meta_highrescanopyheight_orthophoto",0.5,"orthophoto_50cm_2025","Sorlandet"
"NINFP2410156056",7.30669154245335,7.64445114135742,18817,2,"meta_highrescanopyheight_orthophoto",0.5,"orthophoto_50cm_2025","Sorlandet"
"NINFP2110043817",4.66032190659767,4.30678224563599,8051,3,"meta_highrescanopyheight_orthophoto",0.5,"orthophoto_50cm_2025","Sorlandet"
"NINFP2210098996",0.205715164478679,0.0120180640369654,19867,2,"meta_highrescanopyheight_orthophoto",0.5,"orthophoto_50cm_2025","Sorlandet"
"NINFP2510218185",6.42623036561971,6.53031253814697,9782,2,"meta_highrescanopyheight_orthophoto",0.5,"orthophoto_50cm_2025","Sorlandet"
"NINFP2510210420",3.94818607930076,2.9785327911377,22987,4,"meta_highrescanopyheight_orthophoto",0.5,"orthophoto_50cm_2025","Sorlandet"
"NINFP2310118004",6.98950024623733,7.17062163352966,7340,4,"meta_highrescanopyheight_orthophoto",0.5,"orthophoto_50cm_2025","Sorlandet"
"NINFP2510184612",1.7428177031283,0.0249037379398942,7444,2,"meta_highrescanopyheight_orthophoto",0.5,"orthophoto_50cm_2025","Sorlandet"
"NINFP2210084778",10.9591071791254,11.8344120979309,9672,2,"meta_highrescanopyheight_orthophoto",0.5,"orthophoto_50cm_2025","Sorlandet"
"NINFP2110070785",6.31089902520705,6.22917747497559,11483,2,"meta_highrescanopyheight_orthophoto",0.5,"orthophoto_50cm_2025","Sorlandet"
"NINFP1810007839",4.3368339032537,3.37909460067749,9149,3,"meta_highrescanopyheight_orthophoto",0.5,"orthophoto_50cm_2025","Sorlandet"
"NINFP2210075995",1.14726033650337,0.0557111483067274,3022,2,"meta_highrescanopyheight_orthophoto",0.5,"orthophoto_50cm_2025","Sorlandet"
"NINFP2310143933",0.238035658160786,0.0130723398178816,96405,5,"meta_highrescanopyheight_orthophoto",0.5,"orthophoto_50cm_2025","Sorlandet"
"NINFP2310129721",0.383977466737584,0.0124502223916352,5148,2,"meta_highrescanopyheight_orthophoto",0.5,"orthophoto_50cm_2025","Sorlandet"
"NINFP2510194244",0.933494345363906,0.0499547310173512,10469,1,"meta_highrescanopyheight_orthophoto",0.5,"orthophoto_50cm_2025","Sorlandet"
"NINFP1810040408",5.3122484469503,5.38652992248535,6411,1,"meta_highrescanopyheight_orthophoto",0.5,"orthophoto_50cm_2025","Sorlandet"
"NINFP2010033252",3.09959475051327,1.7719686627388,7590,2,"meta_highrescanopyheight_orthophoto",0.5,"orthophoto_50cm_2025","Sorlandet"
"NINFP2510217176",3.56475706370696,3.43310797214508,37084,4,"meta_highrescanopyheight_orthophoto",0.5,"orthophoto_50cm_2025","Sorlandet"
"NINFP1810034794",0.807758189578764,0.0209793671965599,8427,4,"meta_highrescanopyheight_orthophoto",0.5,"orthophoto_50cm_2025","Sorlandet"
"NINFP2110015522",2.02701489367679,0.85608845949173,70973,6,"meta_highrescanopyheight_orthophoto",0.5,"orthophoto_50cm_2025","Sorlandet"
"NINFP2110042655",0.325781671276266,0.0151039753109217,4582,1,"meta_highrescanopyheight_orthophoto",0.5,"orthophoto_50cm_2025","Sorlandet"
"NINFP2010030158",0.36817127621212,0.0108815962448716,10340,2,"meta_highrescanopyheight_orthophoto",0.5,"orthophoto_50cm_2025","Sorlandet"
"NINFP2110019861",0.0636396176708515,0.0103166466578841,6994,2,"meta_highrescanopyheight_orthophoto",0.5,"orthophoto_50cm_2025","Sorlandet"
"NINFP2310127677",5.75132895217291,4.27152585983276,4146,1,"meta_highrescanopyheight_orthophoto",0.5,"orthophoto_50cm_2025","Sorlandet"
"NINFP2210109428",7.08246893091056,7.09851312637329,17585,2,"meta_highrescanopyheight_orthophoto",0.5,"orthophoto_50cm_2025","Sorlandet"
"NINFP2510213420",0.0104852154788759,0.0103091490454972,7696,3,"meta_highrescanopyheight_orthophoto",0.5,"orthophoto_50cm_2025","Sorlandet"
"NINFP2510212960",6.78919451227585,6.61781072616577,9002,2,"meta_highrescanopyheight_orthophoto",0.5,"orthophoto_50cm_2025","Sorlandet"
"NINFP2110019838",0.152790383510736,0.0104864570312202,14998,4,"meta_highrescanopyheight_orthophoto",0.5,"orthophoto_50cm_2025","Sorlandet"
"NINFP2510188144",1.31617014350366,0.0190570717677474,16432,4,"meta_highrescanopyheight_orthophoto",0.5,"orthophoto_50cm_2025","Sorlandet"
"NINFP2410173336",5.82103093819419,6.26693153381348,27463,2,"meta_highrescanopyheight_orthophoto",0.5,"orthophoto_50cm_2025","Sorlandet"
"NINFP2310122614",6.31562181819592,6.5258960723877,6535,3,"meta_highrescanopyheight_orthophoto",0.5,"orthophoto_50cm_2025","Sorlandet"
"NINFP2310126809",2.41876237459349,1.31207102537155,5724,1,"meta_highrescanopyheight_orthophoto",0.5,"orthophoto_50cm_2025","Sorlandet"
"NINFP2410158142",0.0107539599141098,0.0102574219927192,7096,1,"meta_highrescanopyheight_orthophoto",0.5,"orthophoto_50cm_2025","Sorlandet"
"NINFP2510202743",2.35013290961509,0.570040762424469,10129,2,"meta_highrescanopyheight_orthophoto",0.5,"orthophoto_50cm_2025","Sorlandet"
"NINFP2110049151",0.028438326828269,0.0106840925291181,17070,4,"meta_highrescanopyheight_orthophoto",0.5,"orthophoto_50cm_2025","Sorlandet"
"NINFP1910046909",4.88490311619802,4.14439249038696,13829,2,"meta_highrescanopyheight_orthophoto",0.5,"orthophoto_50cm_2025","Sorlandet"
"NINFP1810013951",7.32501362177334,7.35497832298279,6170,1,"meta_highrescanopyheight_orthophoto",0.5,"orthophoto_50cm_2025","Sorlandet"
"NINFP2310121790",7.49315038276542,7.93875098228455,9508,3,"meta_highrescanopyheight_orthophoto",0.5,"orthophoto_50cm_2025","Sorlandet"
"NINFP1810026781",4.16042940585755,3.46627378463745,4715,4,"meta_highrescanopyheight_orthophoto",0.5,"orthophoto_50cm_2025","Sorlandet"
"NINFP2210078056",0.761032794575504,0.0112000200897455,67779,5,"meta_highrescanopyheight_orthophoto",0.5,"orthophoto_50cm_2025","Sorlandet"
"NINFP2110023468",7.95076134341206,9.51606369018555,34586,2,"meta_highrescanopyheight_orthophoto",0.5,"orthophoto_50cm_2025","Sorlandet"
"NINFP2310139172",4.0524114265949,2.93663573265076,10518,2,"meta_highrescanopyheight_orthophoto",0.5,"orthophoto_50cm_2025","Sorlandet"
"NINFP2510211688",6.71500001563133,6.68643856048584,10021,3,"meta_highrescanopyheight_orthophoto",0.5,"orthophoto_50cm_2025","Sorlandet"
"NINFP2410154111",2.74476823775012,1.00290685892105,6330,2,"meta_highrescanopyheight_orthophoto",0.5,"orthophoto_50cm_2025","Sorlandet"
"NINFP1810039637",1.10616541975964,0.0186482099816203,22016,4,"meta_highrescanopyheight_orthophoto",0.5,"orthophoto_50cm_2025","Sorlandet"
"NINFP1910049688",7.89454470487775,8.67268753051758,20514,4,"meta_highrescanopyheight_orthophoto",0.5,"orthophoto_50cm_2025","Sorlandet"
"NINFP2510191074",0.700271684000702,0.0135013004764915,121061,6,"meta_highrescanopyheight_orthophoto",0.5,"orthophoto_50cm_2025","Sorlandet"
"NINFP2410154878",2.75565295373177,1.30910778045654,6863,2,"meta_highrescanopyheight_orthophoto",0.5,"orthophoto_50cm_2025","Sorlandet"
"NINFP2110006391",10.0149907244936,11.1649103164673,5864,1,"meta_highrescanopyheight_orthophoto",0.5,"orthophoto_50cm_2025","Sorlandet"
"NINFP2010004412",3.9050541381429,4.00215721130371,5614,2,"meta_highrescanopyheight_orthophoto",0.5,"orthophoto_50cm_2025","Sorlandet"
"NINFP2410158722",4.60030919425597,4.32714867591858,12262,1,"meta_highrescanopyheight_orthophoto",0.5,"orthophoto_50cm_2025","Sorlandet"
"NINFP2410158885",0.771388003413023,0.0225893519818783,40637,3,"meta_highrescanopyheight_orthophoto",0.5,"orthophoto_50cm_2025","Sorlandet"
"NINFP2310140915",5.90782118329752,6.15499949455261,13112,2,"meta_highrescanopyheight_orthophoto",0.5,"orthophoto_50cm_2025","Sorlandet"
"NINFP2110060169",2.80131786120681,0.773773431777954,6335,3,"meta_highrescanopyheight_orthophoto",0.5,"orthophoto_50cm_2025","Sorlandet"
"NINFP2510191296",1.08065394888824,0.289581164717674,13308,2,"meta_highrescanopyheight_orthophoto",0.5,"orthophoto_50cm_2025","Sorlandet"
"NINFP2110066911",8.54725641845522,9.54314613342285,16019,4,"meta_highrescanopyheight_orthophoto",0.5,"orthophoto_50cm_2025","Sorlandet"
"NINFP2110057516",1.63023261703267,0.0347247198224068,15989,3,"meta_highrescanopyheight_orthophoto",0.5,"orthophoto_50cm_2025","Sorlandet"
"NINFP2310122169",1.27642967807996,0.36899334192276,3989,3,"meta_highrescanopyheight_orthophoto",0.5,"orthophoto_50cm_2025","Sorlandet"
"NINFP2010038453",5.97613195234372,5.81920456886292,15676,3,"meta_highrescanopyheight_orthophoto",0.5,"orthophoto_50cm_2025","Sorlandet"
"NINFP1810030675",5.97067320667425,5.51909041404724,10318,3,"meta_highrescanopyheight_orthophoto",0.5,"orthophoto_50cm_2025","Sorlandet"
"NINFP2410180688",7.43169888139907,8.1323413848877,35557,4,"meta_highrescanopyheight_orthophoto",0.5,"orthophoto_50cm_2025","Sorlandet"
"NINFP2010030383",9.35008525352043,9.35946035385132,5524,1,"meta_highrescanopyheight_orthophoto",0.5,"orthophoto_50cm_2025","Sorlandet"
"NINFP2110042644",0.0609391903748848,0.0104969013482332,5631,2,"meta_highrescanopyheight_orthophoto",0.5,"orthophoto_50cm_2025","Sorlandet"
"NINFP2310120832",5.23885585257241,4.04467964172363,32105,2,"meta_highrescanopyheight_orthophoto",0.5,"orthophoto_50cm_2025","Sorlandet"
"NINFP2410168368",0.765359987498466,0.0286198565736413,53834,7,"meta_highrescanopyheight_orthophoto",0.5,"orthophoto_50cm_2025","Sorlandet"
"NINFP1810036847",0.782178831375443,0.0212497524917126,15747,1,"meta_highrescanopyheight_orthophoto",0.5,"orthophoto_50cm_2025","Sorlandet"
"NINFP1810002900",3.60350287910461,2.74126100540161,5401,3,"meta_highrescanopyheight_orthophoto",0.5,"orthophoto_50cm_2025","Sorlandet"
"NINFP1810036564",0.346594791170636,0.0127822896465659,12551,3,"meta_highrescanopyheight_orthophoto",0.5,"orthophoto_50cm_2025","Sorlandet"
"NINFP2010005571",2.64671377308596,0.112763114273548,13795,2,"meta_highrescanopyheight_orthophoto",0.5,"orthophoto_50cm_2025","Sorlandet"
"NINFP2110018754",1.417930015255,0.340560227632523,10963,4,"meta_highrescanopyheight_orthophoto",0.5,"orthophoto_50cm_2025","Sorlandet"
"NINFP2110029189",1.95927062227308,0.71629786491394,19738,2,"meta_highrescanopyheight_orthophoto",0.5,"orthophoto_50cm_2025","Sorlandet"
"NINFP2410175234",6.52500773390979,6.86985015869141,14494,3,"meta_highrescanopyheight_orthophoto",0.5,"orthophoto_50cm_2025","Sorlandet"
"NINFP1810011479",8.84890810644072,9.01945972442627,17497,5,"meta_highrescanopyheight_orthophoto",0.5,"orthophoto_50cm_2025","Sorlandet"
"NINFP2510192522",0.512507494738729,0.0262478850781918,13067,4,"meta_highrescanopyheight_orthophoto",0.5,"orthophoto_50cm_2025","Sorlandet"
"NINFP2210096536",6.02036143920823,5.50671482086182,5691,1,"meta_highrescanopyheight_orthophoto",0.5,"orthophoto_50cm_2025","Sorlandet"
"NINFP2210074895",9.33619928470375,9.61692047119141,10475,4,"meta_highrescanopyheight_orthophoto",0.5,"orthophoto_50cm_2025","Sorlandet"
"NINFP2310143784",7.1080286534347,6.9396595954895,5156,2,"meta_highrescanopyheight_orthophoto",0.5,"orthophoto_50cm_2025","Sorlandet"
"NINFP2310131571",10.0679484936477,10.3672060966492,12178,2,"meta_highrescanopyheight_orthophoto",0.5,"orthophoto_50cm_2025","Sorlandet"
"NINFP2410174125",0.613577893628208,0.0249817334115505,5580,2,"meta_highrescanopyheight_orthophoto",0.5,"orthophoto_50cm_2025","Sorlandet"
"NINFP2310137271",5.06111557943166,4.84870982170105,11862,2,"meta_highrescanopyheight_orthophoto",0.5,"orthophoto_50cm_2025","Sorlandet"
"NINFP2210104632",8.24714203765267,9.30513858795166,13792,2,"meta_highrescanopyheight_orthophoto",0.5,"orthophoto_50cm_2025","Sorlandet"
"NINFP1910052180",6.33769398394051,6.81550645828247,4176,2,"meta_highrescanopyheight_orthophoto",0.5,"orthophoto_50cm_2025","Sorlandet"
"NINFP1810005805",5.64312918959748,5.29694867134094,5168,2,"meta_highrescanopyheight_orthophoto",0.5,"orthophoto_50cm_2025","Sorlandet"
"NINFP2410150905",2.96180546357309,0.323320806026459,5637,3,"meta_highrescanopyheight_orthophoto",0.5,"orthophoto_50cm_2025","Sorlandet"
"NINFP2210104811",10.0902522826979,10.3653287887573,6051,2,"meta_highrescanopyheight_orthophoto",0.5,"orthophoto_50cm_2025","Sorlandet"
"NINFP1910017361",1.44704840675905,0.0621948558837175,7868,2,"meta_highrescanopyheight_orthophoto",0.5,"orthophoto_50cm_2025","Sorlandet"
"NINFP1810012140",5.60431748212271,5.71792125701904,8468,2,"meta_highrescanopyheight_orthophoto",0.5,"orthophoto_50cm_2025","Sorlandet"
"NINFP2310119553",0.79753715498075,0.0443042423576117,5002,2,"meta_highrescanopyheight_orthophoto",0.5,"orthophoto_50cm_2025","Sorlandet"
"NINFP2110023088",0.609136613365633,0.0202847123146057,42051,4,"meta_highrescanopyheight_orthophoto",0.5,"orthophoto_50cm_2025","Sorlandet"
"NINFP1810036845",0.786618337000891,0.0112958215177059,29443,4,"meta_highrescanopyheight_orthophoto",0.5,"orthophoto_50cm_2025","Sorlandet"
"NINFP2310136260",6.27788093986987,6.14467525482178,7711,3,"meta_highrescanopyheight_orthophoto",0.5,"orthophoto_50cm_2025","Sorlandet"
"NINFP1810036528",1.60585988739447,0.0679067820310593,5235,2,"meta_highrescanopyheight_orthophoto",0.5,"orthophoto_50cm_2025","Sorlandet"
"NINFP2110018623",0.0211689781560466,0.0102918003685772,68086,5,"meta_highrescanopyheight_orthophoto",0.5,"orthophoto_50cm_2025","Sorlandet"
"NINFP2210085198",1.03806592999424,0.0410027410835028,27468,5,"meta_highrescanopyheight_orthophoto",0.5,"orthophoto_50cm_2025","Sorlandet"
"NINFP2410162197",4.93991067868273,3.05325174331665,13623,3,"meta_highrescanopyheight_orthophoto",0.5,"orthophoto_50cm_2025","Sorlandet"
"NINFP2510212951",7.42305027470955,7.80710124969482,16930,1,"meta_highrescanopyheight_orthophoto",0.5,"orthophoto_50cm_2025","Sorlandet"
"NINFP2410179989",6.36935506638886,6.61665821075439,8994,2,"meta_highrescanopyheight_orthophoto",0.5,"orthophoto_50cm_2025","Sorlandet"
"NINFP2110027292",0.120087439135266,0.0111011546105146,9951,1,"meta_highrescanopyheight_orthophoto",0.5,"orthophoto_50cm_2025","Sorlandet"
"NINFP2310142890",3.69549243031647,2.84310436248779,4891,1,"meta_highrescanopyheight_orthophoto",0.5,"orthophoto_50cm_2025","Sorlandet"
"NINFP2510193793",0.3224367858981,0.013633981347084,7666,2,"meta_highrescanopyheight_orthophoto",0.5,"orthophoto_50cm_2025","Sorlandet"
"NINFP1810034287",3.06044728444068,2.31735372543335,6443,1,"meta_highrescanopyheight_orthophoto",0.5,"orthophoto_50cm_2025","Sorlandet"
"NINFP2110035483",1.85949856911393,0.844969809055328,5961,2,"meta_highrescanopyheight_orthophoto",0.5,"orthophoto_50cm_2025","Sorlandet"
"NINFP2110043188",0.22642986627553,0.0198103627189994,12634,2,"meta_highrescanopyheight_orthophoto",0.5,"orthophoto_50cm_2025","Sorlandet"
"NINFP2210100815",0.363029022471138,0.0131422933191061,2341,2,"meta_highrescanopyheight_orthophoto",0.5,"orthophoto_50cm_2025","Sorlandet"
"NINFP1810011472",5.32938934800982,5.86597347259521,25385,3,"meta_highrescanopyheight_orthophoto",0.5,"orthophoto_50cm_2025","Sorlandet"
"NINFP2310143254",2.27851528692224,0.43592956662178,8823,3,"meta_highrescanopyheight_orthophoto",0.5,"orthophoto_50cm_2025","Sorlandet"
"NINFP1910012436",3.42819018198334,2.20289897918701,5074,2,"meta_highrescanopyheight_orthophoto",0.5,"orthophoto_50cm_2025","Sorlandet"
"NINFP2310134797",5.40209313763746,5.16007804870605,12253,1,"meta_highrescanopyheight_orthophoto",0.5,"orthophoto_50cm_2025","Sorlandet"
"NINFP1910044546",5.74330375232867,5.22850179672241,10638,2,"meta_highrescanopyheight_orthophoto",0.5,"orthophoto_50cm_2025","Sorlandet"
"NINFP2310130958",3.27029361227033,1.67380863428116,6290,4,"meta_highrescanopyheight_orthophoto",0.5,"orthophoto_50cm_2025","Sorlandet"
"NINFP2410176781",0.128475841486485,0.0124448258429766,2468,1,"meta_highrescanopyheight_orthophoto",0.5,"orthophoto_50cm_2025","Sorlandet"
"NINFP2110057517",6.39405107065217,6.16322946548462,4063,2,"meta_highrescanopyheight_orthophoto",0.5,"orthophoto_50cm_2025","Sorlandet"
"NINFP2010037297",4.36777161803899,3.58629035949707,53363,4,"meta_highrescanopyheight_orthophoto",0.5,"orthophoto_50cm_2025","Sorlandet"
"NINFP2110059587",9.40069368134698,10.5496635437012,14004,3,"meta_highrescanopyheight_orthophoto",0.5,"orthophoto_50cm_2025","Sorlandet"
"NINFP2410156932",0.0508184825247652,0.0100565641187131,80678,7,"meta_highrescanopyheight_orthophoto",0.5,"orthophoto_50cm_2025","Sorlandet"
"NINFP2410181798",0.0112268322015563,0.0108732506632805,3383,1,"meta_highrescanopyheight_orthophoto",0.5,"orthophoto_50cm_2025","Sorlandet"
"NINFP2310134008",6.94132836735312,6.4555401802063,6193,2,"meta_highrescanopyheight_orthophoto",0.5,"orthophoto_50cm_2025","Sorlandet"
"NINFP2410168375",3.82829941160199,3.82278966903687,20542,2,"meta_highrescanopyheight_orthophoto",0.5,"orthophoto_50cm_2025","Sorlandet"
"NINFP2510215368",7.43043720774112,8.23353004455566,10075,2,"meta_highrescanopyheight_orthophoto",0.5,"orthophoto_50cm_2025","Sorlandet"
"NINFP2510210838",0.0203900982935451,0.0104091954417527,40192,5,"meta_highrescanopyheight_orthophoto",0.5,"orthophoto_50cm_2025","Sorlandet"
"NINFP1810037705",0.772155081832158,0.0135653507895768,40054,4,"meta_highrescanopyheight_orthophoto",0.5,"orthophoto_50cm_2025","Sorlandet"
"NINFP2110020860",0.102326410063254,0.0101349465548992,189951,9,"meta_highrescanopyheight_orthophoto",0.5,"orthophoto_50cm_2025","Sorlandet"
"NINFP2110038329",0.141788361330028,0.0106288329698145,45012,4,"meta_highrescanopyheight_orthophoto",0.5,"orthophoto_50cm_2025","Sorlandet"
"NINFP2210074769",5.22057827287212,5.67603540420532,5838,3,"meta_highrescanopyheight_orthophoto",0.5,"orthophoto_50cm_2025","Sorlandet"
"NINFP2210089269",1.66970605578729,0.100328646600246,5612,4,"meta_highrescanopyheight_orthophoto",0.5,"orthophoto_50cm_2025","Sorlandet"
"NINFP2410155613",8.07110366102632,6.4943323135376,5551,2,"meta_highrescanopyheight_orthophoto",0.5,"orthophoto_50cm_2025","Sorlandet"
"NINFP2510217344",12.7873863924335,14.535532951355,7467,3,"meta_highrescanopyheight_orthophoto",0.5,"orthophoto_50cm_2025","Sorlandet"
"NINFP2310134551",7.41419138388996,7.97377586364746,3118,2,"meta_highrescanopyheight_orthophoto",0.5,"orthophoto_50cm_2025","Sorlandet"
"NINFP2410178657",8.5568873502701,9.14176416397095,414,2,"meta_highrescanopyheight_orthophoto",0.5,"orthophoto_50cm_2025","Sorlandet"
"NINFP2310146553",9.27517081532847,10.3051986694336,9935,2,"meta_highrescanopyheight_orthophoto",0.5,"orthophoto_50cm_2025","Sorlandet"
"NINFP2510209103",0.160740211692376,0.0111781246960163,10451,4,"meta_highrescanopyheight_orthophoto",0.5,"orthophoto_50cm_2025","Sorlandet"
"NINFP2410180859",0.0109807215434323,0.010772256180644,2699,4,"meta_highrescanopyheight_orthophoto",0.5,"orthophoto_50cm_2025","Sorlandet"
"NINFP2110022372",0.232172679103954,0.0110858622938395,43339,6,"meta_highrescanopyheight_orthophoto",0.5,"orthophoto_50cm_2025","Sorlandet"
"NINFP2110024597",0.220502380177993,0.0115632899105549,41683,4,"meta_highrescanopyheight_orthophoto",0.5,"orthophoto_50cm_2025","Sorlandet"
"NINFP2310146861",2.72150739808012,0.494794517755508,6321,3,"meta_highrescanopyheight_orthophoto",0.5,"orthophoto_50cm_2025","Sorlandet"
"NINFP2410168143",1.69170020163165,0.0336148124188185,4704,1,"meta_highrescanopyheight_orthophoto",0.5,"orthophoto_50cm_2025","Sorlandet"
"NINFP2310129548",4.05738478847091,2.50085878372192,3276,1,"meta_highrescanopyheight_orthophoto",0.5,"orthophoto_50cm_2025","Sorlandet"
"NINFP2410157955",0.0410265949101243,0.0103861913084984,9227,1,"meta_highrescanopyheight_orthophoto",0.5,"orthophoto_50cm_2025","Sorlandet"
"NINFP2310121028",8.3542777086911,8.72420120239258,9508,2,"meta_highrescanopyheight_orthophoto",0.5,"orthophoto_50cm_2025","Sorlandet"
"NINFP2110055530",9.15980064448101,9.38900947570801,4412,2,"meta_highrescanopyheight_orthophoto",0.5,"orthophoto_50cm_2025","Sorlandet"
"NINFP2510201366",11.2904363699892,11.9449234008789,2971,2,"meta_highrescanopyheight_orthophoto",0.5,"orthophoto_50cm_2025","Sorlandet"
"NINFP2410173427",1.7404035756671,0.284743428230286,10432,3,"meta_highrescanopyheight_orthophoto",0.5,"orthophoto_50cm_2025","Sorlandet"
"NINFP2310143978",0.439561211122327,0.0168022718280554,66627,4,"meta_highrescanopyheight_orthophoto",0.5,"orthophoto_50cm_2025","Sorlandet"
"NINFP2110042748",4.23787644685219,4.28703665733337,4780,2,"meta_highrescanopyheight_orthophoto",0.5,"orthophoto_50cm_2025","Sorlandet"
"NINFP1810011468",4.38990743509045,4.19589138031006,49468,4,"meta_highrescanopyheight_orthophoto",0.5,"orthophoto_50cm_2025","Sorlandet"
"NINFP2410175887",6.906628253554,7.49999904632568,4475,1,"meta_highrescanopyheight_orthophoto",0.5,"orthophoto_50cm_2025","Sorlandet"
"NINFP2110040639",1.17723715215039,0.0853367559611797,4456,2,"meta_highrescanopyheight_orthophoto",0.5,"orthophoto_50cm_2025","Sorlandet"
"NINFP2110041778",8.25367622603918,9.29484272003174,5653,2,"meta_highrescanopyheight_orthophoto",0.5,"orthophoto_50cm_2025","Sorlandet"
"NINFP2210111422",0.247874331984785,0.0116291027516127,64721,5,"meta_highrescanopyheight_orthophoto",0.5,"orthophoto_50cm_2025","Sorlandet"
"NINFP2510188948",0.206678616011949,0.011244285851717,30354,4,"meta_highrescanopyheight_orthophoto",0.5,"orthophoto_50cm_2025","Sorlandet"
"NINFP2310133628",0.395570748598006,0.0203148182481527,13823,4,"meta_highrescanopyheight_orthophoto",0.5,"orthophoto_50cm_2025","Sorlandet"
"NINFP1810013624",0.960680741166533,0.0328369121998549,7670,4,"meta_highrescanopyheight_orthophoto",0.5,"orthophoto_50cm_2025","Sorlandet"
"NINFP1810001294",6.57069393749884,6.5334620475769,8652,4,"meta_highrescanopyheight_orthophoto",0.5,"orthophoto_50cm_2025","Sorlandet"
"NINFP2110007107",11.2566460737158,11.7247219085693,11452,4,"meta_highrescanopyheight_orthophoto",0.5,"orthophoto_50cm_2025","Sorlandet"
"NINFP2410162526",3.75909321532991,0.30398191511631,6672,2,"meta_highrescanopyheight_orthophoto",0.5,"orthophoto_50cm_2025","Sorlandet"
"NINFP2310146151",6.97653772916226,7.17099761962891,4516,2,"meta_highrescanopyheight_orthophoto",0.5,"orthophoto_50cm_2025","Sorlandet"
"NINFP2410173144",6.54145598215908,7.05981421470642,53018,6,"meta_highrescanopyheight_orthophoto",0.5,"orthophoto_50cm_2025","Sorlandet"
"NINFP1810030659",0.952133893833924,0.041864849627018,24758,3,"meta_highrescanopyheight_orthophoto",0.5,"orthophoto_50cm_2025","Sorlandet"
"NINFP2410170724",6.0573540343131,6.0537314414978,14723,3,"meta_highrescanopyheight_orthophoto",0.5,"orthophoto_50cm_2025","Sorlandet"
"NINFP2210077189",6.17080126169727,6.73571348190308,11729,1,"meta_highrescanopyheight_orthophoto",0.5,"orthophoto_50cm_2025","Sorlandet"
"NINFP2110061522",4.54022557106663,4.09082698822021,9315,3,"meta_highrescanopyheight_orthophoto",0.5,"orthophoto_50cm_2025","Sorlandet"
"NINFP1810030655",0.405691380786512,0.0148560116067529,15183,2,"meta_highrescanopyheight_orthophoto",0.5,"orthophoto_50cm_2025","Sorlandet"
"NINFP1910040342",6.79763372069364,7.01351451873779,5138,2,"meta_highrescanopyheight_orthophoto",0.5,"orthophoto_50cm_2025","Sorlandet"
"NINFP2110021231",4.79045994720295,5.09409475326538,7579,1,"meta_highrescanopyheight_orthophoto",0.5,"orthophoto_50cm_2025","Sorlandet"
"NINFP2110066724",0.500051038589662,0.0120098693296313,13877,2,"meta_highrescanopyheight_orthophoto",0.5,"orthophoto_50cm_2025","Sorlandet"
"NINFP2510191249",0.438037211932554,0.0259104538708925,10745,2,"meta_highrescanopyheight_orthophoto",0.5,"orthophoto_50cm_2025","Sorlandet"
"NINFP2210108988",11.2615011904082,10.9813961982727,4428,2,"meta_highrescanopyheight_orthophoto",0.5,"orthophoto_50cm_2025","Sorlandet"
"NINFP1910023846",5.23725501606261,5.36707520484924,10314,4,"meta_highrescanopyheight_orthophoto",0.5,"orthophoto_50cm_2025","Sorlandet"
"NINFP2310143326",4.09063453466514,3.79040849208832,56514,7,"meta_highrescanopyheight_orthophoto",0.5,"orthophoto_50cm_2025","Sorlandet"
"NINFP2410167494",0.0955449658988535,0.0114231472834945,2587,2,"meta_highrescanopyheight_orthophoto",0.5,"orthophoto_50cm_2025","Sorlandet"
"NINFP2510211573",4.82046711057082,4.46820688247681,4411,2,"meta_highrescanopyheight_orthophoto",0.5,"orthophoto_50cm_2025","Sorlandet"
"NINFP2110019294",8.91823148421117,9.20552015304565,11936,2,"meta_highrescanopyheight_orthophoto",0.5,"orthophoto_50cm_2025","Sorlandet"
"NINFP2310120041",3.53001786716752,3.02366530895233,6732,2,"meta_highrescanopyheight_orthophoto",0.5,"orthophoto_50cm_2025","Sorlandet"
"NINFP2110062044",3.88884115842618,3.45150482654572,15046,4,"meta_highrescanopyheight_orthophoto",0.5,"orthophoto_50cm_2025","Sorlandet"
"NINFP2410168443",3.37286329926668,2.30393743515015,23157,4,"meta_highrescanopyheight_orthophoto",0.5,"orthophoto_50cm_2025","Sorlandet"
"NINFP2210087486",8.50894960014375,9.88898086547852,9331,3,"meta_highrescanopyheight_orthophoto",0.5,"orthophoto_50cm_2025","Sorlandet"
"NINFP2010020835",13.1986343763822,13.7315130233765,8908,2,"meta_highrescanopyheight_orthophoto",0.5,"orthophoto_50cm_2025","Sorlandet"
"NINFP2210105369",8.95130913298578,9.33603668212891,4589,1,"meta_highrescanopyheight_orthophoto",0.5,"orthophoto_50cm_2025","Sorlandet"
"NINFP2110021179",0.0147704221366665,0.0100842043757439,288159,15,"meta_highrescanopyheight_orthophoto",0.5,"orthophoto_50cm_2025","Sorlandet"
"NINFP2310145982",7.22391392325499,7.16645836830139,5240,1,"meta_highrescanopyheight_orthophoto",0.5,"orthophoto_50cm_2025","Sorlandet"
"NINFP2010015401",5.63303959208963,5.19314002990723,5675,3,"meta_highrescanopyheight_orthophoto",0.5,"orthophoto_50cm_2025","Sorlandet"
"NINFP2510191323",1.3921961888377,0.253840625286102,6679,1,"meta_highrescanopyheight_orthophoto",0.5,"orthophoto_50cm_2025","Sorlandet"
"NINFP2410173712",0.0101412124460285,0.0100894039496779,8177,2,"meta_highrescanopyheight_orthophoto",0.5,"orthophoto_50cm_2025","Sorlandet"
"NINFP2110021185",0.0111081058633572,0.0100422725081444,246060,10,"meta_highrescanopyheight_orthophoto",0.5,"orthophoto_50cm_2025","Sorlandet"
"NINFP2410181979",6.70687585726511,7.99967575073242,5084,2,"meta_highrescanopyheight_orthophoto",0.5,"orthophoto_50cm_2025","Sorlandet"
"NINFP2310120044",5.6757471409843,5.38312244415283,30195,5,"meta_highrescanopyheight_orthophoto",0.5,"orthophoto_50cm_2025","Sorlandet"
"NINFP2310120886",5.23474189723148,5.34031295776367,38583,5,"meta_highrescanopyheight_orthophoto",0.5,"orthophoto_50cm_2025","Sorlandet"
"NINFP2310129679",2.3239882675263,1.34663492441177,10768,2,"meta_highrescanopyheight_orthophoto",0.5,"orthophoto_50cm_2025","Sorlandet"
"NINFP2410158581",0.182777957874095,0.0108251739293337,4103,4,"meta_highrescanopyheight_orthophoto",0.5,"orthophoto_50cm_2025","Sorlandet"
"NINFP2510192242",1.58589008465584,0.780956387519836,6925,1,"meta_highrescanopyheight_orthophoto",0.5,"orthophoto_50cm_2025","Sorlandet"
"NINFP2510211060",3.2425731892185,2.85478448867798,28662,3,"meta_highrescanopyheight_orthophoto",0.5,"orthophoto_50cm_2025","Sorlandet"
"NINFP2410164852",2.0471403229321,0.286215052008629,13344,2,"meta_highrescanopyheight_orthophoto",0.5,"orthophoto_50cm_2025","Sorlandet"
"NINFP2010035339",3.1842347091079,1.25477647781372,12207,2,"meta_highrescanopyheight_orthophoto",0.5,"orthophoto_50cm_2025","Sorlandet"
"NINFP2510217851",6.75047583898416,6.99924039840698,6655,2,"meta_highrescanopyheight_orthophoto",0.5,"orthophoto_50cm_2025","Sorlandet"
"NINFP2410158067",5.2410348667102,4.45639991760254,14613,4,"meta_highrescanopyheight_orthophoto",0.5,"orthophoto_50cm_2025","Sorlandet"
"NINFP2410157148",0.429317893465974,0.0152548658661544,12014,3,"meta_highrescanopyheight_orthophoto",0.5,"orthophoto_50cm_2025","Sorlandet"
"NINFP2510214288",8.2236290571297,8.79363393783569,6500,3,"meta_highrescanopyheight_orthophoto",0.5,"orthophoto_50cm_2025","Sorlandet"
"NINFP1810002626",1.11516937651201,0.0121534620411694,41514,6,"meta_highrescanopyheight_orthophoto",0.5,"orthophoto_50cm_2025","Sorlandet"
"NINFP1810034878",4.75941931612698,4.6709566116333,81,1,"meta_highrescanopyheight_orthophoto",0.5,"orthophoto_50cm_2025","Sorlandet"
"NINFP2510214500",6.29819980115595,6.19572257995605,15497,3,"meta_highrescanopyheight_orthophoto",0.5,"orthophoto_50cm_2025","Sorlandet"
"NINFP2110029428",0.0116238915774896,0.01049202401191,4021,1,"meta_highrescanopyheight_orthophoto",0.5,"orthophoto_50cm_2025","Sorlandet"
"NINFP2110057491",9.40222554198153,9.85426998138428,6649,2,"meta_highrescanopyheight_orthophoto",0.5,"orthophoto_50cm_2025","Sorlandet"
"NINFP2210082246",5.85571468498717,5.40226817131042,73550,5,"meta_highrescanopyheight_orthophoto",0.5,"orthophoto_50cm_2025","Sorlandet"
"NINFP2410158174",10.0542934955108,10.5953316688538,21468,3,"meta_highrescanopyheight_orthophoto",0.5,"orthophoto_50cm_2025","Sorlandet"
"NINFP2410173443",4.73589574617419,3.86797857284546,24729,4,"meta_highrescanopyheight_orthophoto",0.5,"orthophoto_50cm_2025","Sorlandet"
"NINFP2110061873",2.2070724791972,1.2391984462738,115353,6,"meta_highrescanopyheight_orthophoto",0.5,"orthophoto_50cm_2025","Sorlandet"
"NINFP2310140988",8.31266731580738,8.65581321716309,12019,4,"meta_highrescanopyheight_orthophoto",0.5,"orthophoto_50cm_2025","Sorlandet"
"NINFP2410165220",5.99258909479802,5.75705170631409,7714,2,"meta_highrescanopyheight_orthophoto",0.5,"orthophoto_50cm_2025","Sorlandet"
"NINFP2510186993",0.728060081856003,0.0301888305693865,49654,4,"meta_highrescanopyheight_orthophoto",0.5,"orthophoto_50cm_2025","Sorlandet"
"NINFP2110028491",0.135595608353329,0.0108021292835474,11453,4,"meta_highrescanopyheight_orthophoto",0.5,"orthophoto_50cm_2025","Sorlandet"
"NINFP2010014665",8.83508796310504,9.43285751342773,17303,2,"meta_highrescanopyheight_orthophoto",0.5,"orthophoto_50cm_2025","Sorlandet"
"NINFP2210084300",0.298846720774705,0.0633974522352219,7027,3,"meta_highrescanopyheight_orthophoto",0.5,"orthophoto_50cm_2025","Sorlandet"
"NINFP2010056145",13.0337813599749,13.6970729827881,4293,1,"meta_highrescanopyheight_orthophoto",0.5,"orthophoto_50cm_2025","Sorlandet"
"NINFP2310128257",0.0380808757568956,0.0105881299823523,1517,1,"meta_highrescanopyheight_orthophoto",0.5,"orthophoto_50cm_2025","Sorlandet"
"NINFP2010055927",8.88674788210391,8.7129077911377,5335,2,"meta_highrescanopyheight_orthophoto",0.5,"orthophoto_50cm_2025","Sorlandet"
"NINFP2510190592",1.1320139624849,0.0675997398793697,104468,5,"meta_highrescanopyheight_orthophoto",0.5,"orthophoto_50cm_2025","Sorlandet"
"NINFP2110039563",1.76631006321783,0.21458899974823,4266,2,"meta_highrescanopyheight_orthophoto",0.5,"orthophoto_50cm_2025","Sorlandet"
"NINFP2110043157",0.0853933382869269,0.0104192439466715,26725,4,"meta_highrescanopyheight_orthophoto",0.5,"orthophoto_50cm_2025","Sorlandet"
"NINFP1810034873",0.018328598866731,0.0103113800287247,4117,3,"meta_highrescanopyheight_orthophoto",0.5,"orthophoto_50cm_2025","Sorlandet"
"NINFP2210092817",4.4008534727205,3.3315577507019,10753,3,"meta_highrescanopyheight_orthophoto",0.5,"orthophoto_50cm_2025","Sorlandet"
"NINFP2410168361",0.0135420528968713,0.011287965811789,9464,2,"meta_highrescanopyheight_orthophoto",0.5,"orthophoto_50cm_2025","Sorlandet"
"NINFP2310133199",3.65223470417666,2.70149397850037,4702,2,"meta_highrescanopyheight_orthophoto",0.5,"orthophoto_50cm_2025","Sorlandet"
"NINFP2210076208",3.19826892057815,1.7046285867691,8800,4,"meta_highrescanopyheight_orthophoto",0.5,"orthophoto_50cm_2025","Sorlandet"
"NINFP2410157458",2.32023390437679,0.134581685066223,19957,4,"meta_highrescanopyheight_orthophoto",0.5,"orthophoto_50cm_2025","Sorlandet"
"NINFP2510190987",1.40158399630127,0.333432391285896,5812,2,"meta_highrescanopyheight_orthophoto",0.5,"orthophoto_50cm_2025","Sorlandet"
"NINFP2510186601",2.40542413943082,0.19882744550705,28331,2,"meta_highrescanopyheight_orthophoto",0.5,"orthophoto_50cm_2025","Sorlandet"
"NINFP2510217905",8.24673298298678,9.01202869415283,23703,2,"meta_highrescanopyheight_orthophoto",0.5,"orthophoto_50cm_2025","Sorlandet"
"NINFP1810038521",1.81479694875497,0.142942354083061,12693,3,"meta_highrescanopyheight_orthophoto",0.5,"orthophoto_50cm_2025","Sorlandet"
"NINFP2210101612",6.52603031832496,5.42368459701538,7591,1,"meta_highrescanopyheight_orthophoto",0.5,"orthophoto_50cm_2025","Sorlandet"
"NINFP2510192141",0.519176336645176,0.0349528882652521,13816,2,"meta_highrescanopyheight_orthophoto",0.5,"orthophoto_50cm_2025","Sorlandet"
"NINFP2210107749",7.74631688418632,8.33085346221924,22280,3,"meta_highrescanopyheight_orthophoto",0.5,"orthophoto_50cm_2025","Sorlandet"
"NINFP2510193806",2.69459059758053,1.71953439712524,7114,4,"meta_highrescanopyheight_orthophoto",0.5,"orthophoto_50cm_2025","Sorlandet"
"NINFP2410176426",4.24498836851762,4.00461959838867,5755,2,"meta_highrescanopyheight_orthophoto",0.5,"orthophoto_50cm_2025","Sorlandet"
"NINFP2510213294",5.00070717452855,2.93052387237549,9361,1,"meta_highrescanopyheight_orthophoto",0.5,"orthophoto_50cm_2025","Sorlandet"
"NINFP2110022614",0.255265859157475,0.0110087171196938,93195,10,"meta_highrescanopyheight_orthophoto",0.5,"orthophoto_50cm_2025","Sorlandet"
"NINFP1910012429",8.23359446868622,8.48545074462891,4865,1,"meta_highrescanopyheight_orthophoto",0.5,"orthophoto_50cm_2025","Sorlandet"
"NINFP2410182357",9.08076411558785,9.70261430740356,7062,4,"meta_highrescanopyheight_orthophoto",0.5,"orthophoto_50cm_2025","Sorlandet"
"NINFP2210098987",4.92167452148986,4.89930295944214,214823,10,"meta_highrescanopyheight_orthophoto",0.5,"orthophoto_50cm_2025","Sorlandet"
"NINFP2310118481",5.99234489125698,5.78300881385803,11930,2,"meta_highrescanopyheight_orthophoto",0.5,"orthophoto_50cm_2025","Sorlandet"
"NINFP2110000665",6.56105219391868,8.04450607299805,13875,2,"meta_highrescanopyheight_orthophoto",0.5,"orthophoto_50cm_2025","Sorlandet"
"NINFP2410158042",0.460639048257649,0.0556774009019136,2834,1,"meta_highrescanopyheight_orthophoto",0.5,"orthophoto_50cm_2025","Sorlandet"
"NINFP2410181082",6.42476744236338,6.1519923210144,6158,2,"meta_highrescanopyheight_orthophoto",0.5,"orthophoto_50cm_2025","Sorlandet"
"NINFP2510186907",7.76323717720076,8.29216575622559,38057,6,"meta_highrescanopyheight_orthophoto",0.5,"orthophoto_50cm_2025","Sorlandet"
"NINFP1810039609",4.53561981998515,3.08862197399139,8014,1,"meta_highrescanopyheight_orthophoto",0.5,"orthophoto_50cm_2025","Sorlandet"
"NINFP2410157997",0.0111179027166555,0.0100875180214643,12356,2,"meta_highrescanopyheight_orthophoto",0.5,"orthophoto_50cm_2025","Sorlandet"
"NINFP2410179606",2.85160199101744,1.55330240726471,3240,2,"meta_highrescanopyheight_orthophoto",0.5,"orthophoto_50cm_2025","Sorlandet"
"NINFP2410173713",0.0665597548996519,0.0106046665459871,18187,2,"meta_highrescanopyheight_orthophoto",0.5,"orthophoto_50cm_2025","Sorlandet"
"NINFP2110028152",3.31976353759034,1.40735572576523,44518,6,"meta_highrescanopyheight_orthophoto",0.5,"orthophoto_50cm_2025","Sorlandet"
"NINFP2110006193",4.5136717737024,1.99226784706116,21197,3,"meta_highrescanopyheight_orthophoto",0.5,"orthophoto_50cm_2025","Sorlandet"
"NINFP2510189624",5.36080574585469,5.27556610107422,6839,4,"meta_highrescanopyheight_orthophoto",0.5,"orthophoto_50cm_2025","Sorlandet"
"NINFP2510210183",3.86836857417973,2.55846273899078,25842,3,"meta_highrescanopyheight_orthophoto",0.5,"orthophoto_50cm_2025","Sorlandet"
"NINFP2110043508",8.62082899383471,9.01589488983154,4066,1,"meta_highrescanopyheight_orthophoto",0.5,"orthophoto_50cm_2025","Sorlandet"
"NINFP2310119834",2.16402743520478,1.05562329292297,5501,1,"meta_highrescanopyheight_orthophoto",0.5,"orthophoto_50cm_2025","Sorlandet"
"NINFP2410182551",5.30178691619134,5.39036083221436,7913,2,"meta_highrescanopyheight_orthophoto",0.5,"orthophoto_50cm_2025","Sorlandet"
"NINFP2510184371",4.24159683435183,3.69615113735199,78994,6,"meta_highrescanopyheight_orthophoto",0.5,"orthophoto_50cm_2025","Sorlandet"
"NINFP2310119667",0.635106089099358,0.0111670424230397,48872,6,"meta_highrescanopyheight_orthophoto",0.5,"orthophoto_50cm_2025","Sorlandet"
"NINFP1810008059",5.73417351354124,5.84899544715881,8336,2,"meta_highrescanopyheight_orthophoto",0.5,"orthophoto_50cm_2025","Sorlandet"
"NINFP2410158900",1.17204110677546,0.0559582561254501,14817,4,"meta_highrescanopyheight_orthophoto",0.5,"orthophoto_50cm_2025","Sorlandet"
"NINFP2110034497",6.32083535136208,6.81899690628052,12420,4,"meta_highrescanopyheight_orthophoto",0.5,"orthophoto_50cm_2025","Sorlandet"
"NINFP1910043267",3.11797757795058,1.55839616060257,33834,5,"meta_highrescanopyheight_orthophoto",0.5,"orthophoto_50cm_2025","Sorlandet"
"NINFP1810037699",0.315495958467184,0.0116803236305714,126441,9,"meta_highrescanopyheight_orthophoto",0.5,"orthophoto_50cm_2025","Sorlandet"
"NINFP2110019635",0.0255989400328885,0.0106254913844168,4260,4,"meta_highrescanopyheight_orthophoto",0.5,"orthophoto_50cm_2025","Sorlandet"
"NINFP1810009170",5.34602003800706,5.60304236412048,24136,3,"meta_highrescanopyheight_orthophoto",0.5,"orthophoto_50cm_2025","Sorlandet"
"NINFP1810030653",0.774180355966923,0.0221398416906595,22448,3,"meta_highrescanopyheight_orthophoto",0.5,"orthophoto_50cm_2025","Sorlandet"
"NINFP2510194520",1.18585798609398,0.112359628081322,12339,2,"meta_highrescanopyheight_orthophoto",0.5,"orthophoto_50cm_2025","Sorlandet"
"NINFP2210110682",6.57571081464194,6.92306709289551,26732,2,"meta_highrescanopyheight_orthophoto",0.5,"orthophoto_50cm_2025","Sorlandet"
"NINFP2310120520",2.19794427992644,0.0762865915894508,8545,2,"meta_highrescanopyheight_orthophoto",0.5,"orthophoto_50cm_2025","Sorlandet"
"NINFP2210074755",4.50673222713106,3.81276285648346,18604,4,"meta_highrescanopyheight_orthophoto",0.5,"orthophoto_50cm_2025","Sorlandet"
"NINFP2410155616",3.96314729048445,2.92546010017395,12685,2,"meta_highrescanopyheight_orthophoto",0.5,"orthophoto_50cm_2025","Sorlandet"
"NINFP2410154767",1.13893341747063,0.0219697318971157,10887,3,"meta_highrescanopyheight_orthophoto",0.5,"orthophoto_50cm_2025","Sorlandet"
"NINFP2510212953",7.06043954913207,7.05518698692322,10630,2,"meta_highrescanopyheight_orthophoto",0.5,"orthophoto_50cm_2025","Sorlandet"
"NINFP2510187164",6.07017412646637,6.37497115135193,22536,3,"meta_highrescanopyheight_orthophoto",0.5,"orthophoto_50cm_2025","Sorlandet"
"NINFP2110034283",0.12514464657946,0.0101672625169158,28770,2,"meta_highrescanopyheight_orthophoto",0.5,"orthophoto_50cm_2025","Sorlandet"
"NINFP2110019128",10.4090903398625,11.5015144348145,19184,2,"meta_highrescanopyheight_orthophoto",0.5,"orthophoto_50cm_2025","Sorlandet"
"NINFP2510190781",0.152839195128537,0.0104128122329712,36133,6,"meta_highrescanopyheight_orthophoto",0.5,"orthophoto_50cm_2025","Sorlandet"
"NINFP2110066813",6.52836325587215,7.24074029922485,38294,6,"meta_highrescanopyheight_orthophoto",0.5,"orthophoto_50cm_2025","Sorlandet"
"NINFP2110007113",6.15605655250556,6.43111681938171,35806,6,"meta_highrescanopyheight_orthophoto",0.5,"orthophoto_50cm_2025","Sorlandet"
"NINFP2510194228",1.74883000865048,0.786139041185379,8312,2,"meta_highrescanopyheight_orthophoto",0.5,"orthophoto_50cm_2025","Sorlandet"
"NINFP1810007869",9.29443912858195,9.40049505233765,4012,2,"meta_highrescanopyheight_orthophoto",0.5,"orthophoto_50cm_2025","Sorlandet"
"NINFP2310121461",5.50314526273879,4.37135982513428,29379,4,"meta_highrescanopyheight_orthophoto",0.5,"orthophoto_50cm_2025","Sorlandet"
"NINFP2510209523",0.325482808500128,0.0132317892275751,6706,2,"meta_highrescanopyheight_orthophoto",0.5,"orthophoto_50cm_2025","Sorlandet"
"NINFP1810034504",0.612088381886078,0.129685647785664,4664,1,"meta_highrescanopyheight_orthophoto",0.5,"orthophoto_50cm_2025","Sorlandet"
"NINFP1810002760",2.07379297466681,0.10837397351861,19486,2,"meta_highrescanopyheight_orthophoto",0.5,"orthophoto_50cm_2025","Sorlandet"
"NINFP2110057504",5.41345114233735,5.61607241630554,14900,4,"meta_highrescanopyheight_orthophoto",0.5,"orthophoto_50cm_2025","Sorlandet"
"NINFP1810036876",0.905719215899334,0.142470642924309,5215,3,"meta_highrescanopyheight_orthophoto",0.5,"orthophoto_50cm_2025","Sorlandet"
"NINFP1810001737",8.27647360075754,9.50897693634033,19551,2,"meta_highrescanopyheight_orthophoto",0.5,"orthophoto_50cm_2025","Sorlandet"
"NINFP2510214933",9.1321198209727,9.99474000930786,7408,2,"meta_highrescanopyheight_orthophoto",0.5,"orthophoto_50cm_2025","Sorlandet"
"NINFP2510184313",0.0101600742762287,0.0101593695580959,750,1,"meta_highrescanopyheight_orthophoto",0.5,"orthophoto_50cm_2025","Sorlandet"
"NINFP2410179452",0.278498576581729,0.011841107159853,4463,2,"meta_highrescanopyheight_orthophoto",0.5,"orthophoto_50cm_2025","Sorlandet"
"NINFP2110036057",3.72552717000406,2.96612000465393,6104,1,"meta_highrescanopyheight_orthophoto",0.5,"orthophoto_50cm_2025","Sorlandet"
"NINFP2510190783",0.319169645801865,0.0135150947608054,4404,3,"meta_highrescanopyheight_orthophoto",0.5,"orthophoto_50cm_2025","Sorlandet"
"NINFP2310130595",4.26148419771094,3.18824768066406,50941,4,"meta_highrescanopyheight_orthophoto",0.5,"orthophoto_50cm_2025","Sorlandet"
"NINFP2110056854",10.2438151121505,11.105161190033,8770,2,"meta_highrescanopyheight_orthophoto",0.5,"orthophoto_50cm_2025","Sorlandet"
"NINFP2110062024",1.49856548781613,0.151888787746429,38641,4,"meta_highrescanopyheight_orthophoto",0.5,"orthophoto_50cm_2025","Sorlandet"
"NINFP2110006395",6.32966114733735,6.38364768028259,7684,3,"meta_highrescanopyheight_orthophoto",0.5,"orthophoto_50cm_2025","Sorlandet"
"NINFP2410175393",5.4799553926334,5.55622673034668,20565,3,"meta_highrescanopyheight_orthophoto",0.5,"orthophoto_50cm_2025","Sorlandet"
"NINFP2110003179",7.51450193308593,8.2132453918457,21080,5,"meta_highrescanopyheight_orthophoto",0.5,"orthophoto_50cm_2025","Sorlandet"
"NINFP2510184616",1.30181199502143,0.565754413604736,40650,5,"meta_highrescanopyheight_orthophoto",0.5,"orthophoto_50cm_2025","Sorlandet"
"NINFP2210089262",0.654471077642274,0.0144260604865849,13662,2,"meta_highrescanopyheight_orthophoto",0.5,"orthophoto_50cm_2025","Sorlandet"
"NINFP2210105683",9.67521433311959,10.6335597038269,9112,1,"meta_highrescanopyheight_orthophoto",0.5,"orthophoto_50cm_2025","Sorlandet"
"NINFP2110067509",0.491484212719232,0.0172928683459759,4111,2,"meta_highrescanopyheight_orthophoto",0.5,"orthophoto_50cm_2025","Sorlandet"
"NINFP1810008556",4.1641635720081,2.84496641159058,6875,2,"meta_highrescanopyheight_orthophoto",0.5,"orthophoto_50cm_2025","Sorlandet"
"NINFP2310121779",1.14079156929797,0.0180272664874792,12204,1,"meta_highrescanopyheight_orthophoto",0.5,"orthophoto_50cm_2025","Sorlandet"
"NINFP2010031362",0.872023395859415,0.0529965739697218,4568,1,"meta_highrescanopyheight_orthophoto",0.5,"orthophoto_50cm_2025","Sorlandet"
"NINFP2510198073",1.5089047790928,0.293321579694748,44128,5,"meta_highrescanopyheight_orthophoto",0.5,"orthophoto_50cm_2025","Sorlandet"
"NINFP2310121639",4.05351346024881,2.72582960128784,6681,2,"meta_highrescanopyheight_orthophoto",0.5,"orthophoto_50cm_2025","Sorlandet"
"NINFP1910016753",5.75245763621559,6.3870644569397,4089,1,"meta_highrescanopyheight_orthophoto",0.5,"orthophoto_50cm_2025","Sorlandet"
"NINFP2310130463",9.26279782066042,9.42261791229248,5616,2,"meta_highrescanopyheight_orthophoto",0.5,"orthophoto_50cm_2025","Sorlandet"
"NINFP2110061887",7.45532591165693,7.27886247634888,19238,4,"meta_highrescanopyheight_orthophoto",0.5,"orthophoto_50cm_2025","Sorlandet"
"NINFP2310143737",3.90037403495203,3.65563154220581,8976,2,"meta_highrescanopyheight_orthophoto",0.5,"orthophoto_50cm_2025","Sorlandet"
"NINFP2410174138",0.0111452216849651,0.0101365009322762,8033,2,"meta_highrescanopyheight_orthophoto",0.5,"orthophoto_50cm_2025","Sorlandet"
"NINFP2110043197",0.0383514209554961,0.01048244535923,12493,2,"meta_highrescanopyheight_orthophoto",0.5,"orthophoto_50cm_2025","Sorlandet"
"NINFP1810030910",4.29979259941966,3.01813340187073,24219,3,"meta_highrescanopyheight_orthophoto",0.5,"orthophoto_50cm_2025","Sorlandet"
"NINFP2110039930",0.0155446145502019,0.0102722952142358,5326,1,"meta_highrescanopyheight_orthophoto",0.5,"orthophoto_50cm_2025","Sorlandet"
"NINFP2110040539",7.38583736940418,7.97375917434692,27019,5,"meta_highrescanopyheight_orthophoto",0.5,"orthophoto_50cm_2025","Sorlandet"
"NINFP2210075259",10.9767498430376,11.4101305007935,18196,2,"meta_highrescanopyheight_orthophoto",0.5,"orthophoto_50cm_2025","Sorlandet"
"NINFP2110041900",0.0599007512911644,0.0106752272695303,12889,2,"meta_highrescanopyheight_orthophoto",0.5,"orthophoto_50cm_2025","Sorlandet"
"NINFP2310130086",7.03000235485052,7.01096153259277,5323,2,"meta_highrescanopyheight_orthophoto",0.5,"orthophoto_50cm_2025","Sorlandet"
"NINFP2410166931",6.86467866533663,7.14273619651794,15894,4,"meta_highrescanopyheight_orthophoto",0.5,"orthophoto_50cm_2025","Sorlandet"
"NINFP2110062040",3.95183504209395,2.9513988494873,4415,1,"meta_highrescanopyheight_orthophoto",0.5,"orthophoto_50cm_2025","Sorlandet"
"NINFP2410148508",5.46327624130752,5.09819173812866,15386,2,"meta_highrescanopyheight_orthophoto",0.5,"orthophoto_50cm_2025","Sorlandet"
"NINFP2410156814",0.0178155574835274,0.0100706391967833,34974,7,"meta_highrescanopyheight_orthophoto",0.5,"orthophoto_50cm_2025","Sorlandet"
"NINFP2110039934",0.140648883874657,0.0187016185373068,12828,2,"meta_highrescanopyheight_orthophoto",0.5,"orthophoto_50cm_2025","Sorlandet"
"NINFP2210085799",2.11859067050319,0.714632004499435,7874,2,"meta_highrescanopyheight_orthophoto",0.5,"orthophoto_50cm_2025","Sorlandet"
"NINFP2110029522",1.60923269050179,0.156081885099411,17627,1,"meta_highrescanopyheight_orthophoto",0.5,"orthophoto_50cm_2025","Sorlandet"
"NINFP2310133971",6.28114468963405,5.66993951797485,44052,7,"meta_highrescanopyheight_orthophoto",0.5,"orthophoto_50cm_2025","Sorlandet"
"NINFP2210082382",0.61962131935406,0.0110440626740456,8833,2,"meta_highrescanopyheight_orthophoto",0.5,"orthophoto_50cm_2025","Sorlandet"
"NINFP2110021755",0.093168879051654,0.0105396527796984,11733,2,"meta_highrescanopyheight_orthophoto",0.5,"orthophoto_50cm_2025","Sorlandet"
"NINFP2510190782",0.0188641811987884,0.0103166149929166,19659,4,"meta_highrescanopyheight_orthophoto",0.5,"orthophoto_50cm_2025","Sorlandet"
"NINFP2310139411",7.78662560353117,8.13437938690186,15473,2,"meta_highrescanopyheight_orthophoto",0.5,"orthophoto_50cm_2025","Sorlandet"
"NINFP2410180855",3.78794189731345,3.01270914077759,3727,2,"meta_highrescanopyheight_orthophoto",0.5,"orthophoto_50cm_2025","Sorlandet"
"NINFP1810029246",4.19779668869322,2.84031414985657,11657,2,"meta_highrescanopyheight_orthophoto",0.5,"orthophoto_50cm_2025","Sorlandet"
"NINFP2110025949",8.70532268939886,8.90484857559204,23020,4,"meta_highrescanopyheight_orthophoto",0.5,"orthophoto_50cm_2025","Sorlandet"
"NINFP2210104651",6.37573530346584,6.4193754196167,5425,2,"meta_highrescanopyheight_orthophoto",0.5,"orthophoto_50cm_2025","Sorlandet"
"NINFP2510192133",0.506572570258904,0.0228126142174006,7996,2,"meta_highrescanopyheight_orthophoto",0.5,"orthophoto_50cm_2025","Sorlandet"
"NINFP2110067463",6.30767736333956,6.76121187210083,4941,1,"meta_highrescanopyheight_orthophoto",0.5,"orthophoto_50cm_2025","Sorlandet"
"NINFP2210109850",3.15284539731388,1.66719973087311,6013,1,"meta_highrescanopyheight_orthophoto",0.5,"orthophoto_50cm_2025","Sorlandet"
"NINFP2310120888",7.46537232711672,8.54278802871704,5878,2,"meta_highrescanopyheight_orthophoto",0.5,"orthophoto_50cm_2025","Sorlandet"
"NINFP2210105371",5.57494308946128,5.78852534294128,13356,3,"meta_highrescanopyheight_orthophoto",0.5,"orthophoto_50cm_2025","Sorlandet"
"NINFP2410175398",6.74587493885392,7.27334260940552,19458,2,"meta_highrescanopyheight_orthophoto",0.5,"orthophoto_50cm_2025","Sorlandet"
"NINFP2110063643",10.8147366909633,11.2626934051514,17896,2,"meta_highrescanopyheight_orthophoto",0.5,"orthophoto_50cm_2025","Sorlandet"
"NINFP2410157888",1.72553034029572,0.524347901344299,4227,2,"meta_highrescanopyheight_orthophoto",0.5,"orthophoto_50cm_2025","Sorlandet"
"NINFP2410175412",1.98537482009874,1.3136100769043,6358,2,"meta_highrescanopyheight_orthophoto",0.5,"orthophoto_50cm_2025","Sorlandet"
"NINFP2310142889",8.83193203403589,9.40395927429199,5341,3,"meta_highrescanopyheight_orthophoto",0.5,"orthophoto_50cm_2025","Sorlandet"
"NINFP2410164849",0.58932929525459,0.0237279012799263,10267,2,"meta_highrescanopyheight_orthophoto",0.5,"orthophoto_50cm_2025","Sorlandet"
"NINFP1910048137",6.25864321135942,6.88024044036865,7579,1,"meta_highrescanopyheight_orthophoto",0.5,"orthophoto_50cm_2025","Sorlandet"
"NINFP2510212584",4.37238819768527,0.453902244567871,7311,2,"meta_highrescanopyheight_orthophoto",0.5,"orthophoto_50cm_2025","Sorlandet"
"NINFP2110026111",0.31123338107401,0.0120793525129557,32271,5,"meta_highrescanopyheight_orthophoto",0.5,"orthophoto_50cm_2025","Sorlandet"
"NINFP2510190973",0.470217638689602,0.0173103213310242,39246,4,"meta_highrescanopyheight_orthophoto",0.5,"orthophoto_50cm_2025","Sorlandet"
"NINFP2310115636",4.4369757159973,3.46349537372589,20718,3,"meta_highrescanopyheight_orthophoto",0.5,"orthophoto_50cm_2025","Sorlandet"
"NINFP2510191075",0.852622311046226,0.0321710929274559,46989,4,"meta_highrescanopyheight_orthophoto",0.5,"orthophoto_50cm_2025","Sorlandet"
"NINFP2310125367",3.35714324418831,2.54395270347595,162144,10,"meta_highrescanopyheight_orthophoto",0.5,"orthophoto_50cm_2025","Sorlandet"
"NINFP1910030257",1.15220537758356,0.0441743098199368,10725,2,"meta_highrescanopyheight_orthophoto",0.5,"orthophoto_50cm_2025","Sorlandet"
"NINFP2210085184",0.274623911744341,0.0115906875580549,18780,4,"meta_highrescanopyheight_orthophoto",0.5,"orthophoto_50cm_2025","Sorlandet"
"NINFP2010031759",0.135476950382627,0.0113243041560054,12943,3,"meta_highrescanopyheight_orthophoto",0.5,"orthophoto_50cm_2025","Sorlandet"
"NINFP1810037702",2.16095842485262,0.371999830007553,12792,3,"meta_highrescanopyheight_orthophoto",0.5,"orthophoto_50cm_2025","Sorlandet"
"NINFP2410175537",2.90660504989467,1.17639964818954,7428,2,"meta_highrescanopyheight_orthophoto",0.5,"orthophoto_50cm_2025","Sorlandet"
"NINFP2110018762",1.86441928358229,0.423400402069092,4237,3,"meta_highrescanopyheight_orthophoto",0.5,"orthophoto_50cm_2025","Sorlandet"
"NINFP2110008954",8.69723878472541,9.48118686676025,29696,4,"meta_highrescanopyheight_orthophoto",0.5,"orthophoto_50cm_2025","Sorlandet"
"NINFP2410155446",3.49094748117827,1.30198913812637,62316,7,"meta_highrescanopyheight_orthophoto",0.5,"orthophoto_50cm_2025","Sorlandet"
"NINFP2110052307",9.51863182180123,9.438157081604,11866,4,"meta_highrescanopyheight_orthophoto",0.5,"orthophoto_50cm_2025","Sorlandet"
"NINFP2110035745",1.54550017675267,0.321661204099655,5672,2,"meta_highrescanopyheight_orthophoto",0.5,"orthophoto_50cm_2025","Sorlandet"
"NINFP2110043158",0.454818956070291,0.0157037992030382,6551,2,"meta_highrescanopyheight_orthophoto",0.5,"orthophoto_50cm_2025","Sorlandet"
"NINFP2210109847",1.69037652952953,0.29081854224205,5797,2,"meta_highrescanopyheight_orthophoto",0.5,"orthophoto_50cm_2025","Sorlandet"
"NINFP2210075964",1.24424755967476,0.165147945284843,17381,6,"meta_highrescanopyheight_orthophoto",0.5,"orthophoto_50cm_2025","Sorlandet"
"NINFP1910027228",2.10328595689649,0.158227048814297,30828,3,"meta_highrescanopyheight_orthophoto",0.5,"orthophoto_50cm_2025","Sorlandet"
"NINFP2410173436",2.15478996588438,0.596501350402832,6093,3,"meta_highrescanopyheight_orthophoto",0.5,"orthophoto_50cm_2025","Sorlandet"
"NINFP2510191077",0.0305463222714065,0.0104513159021735,17059,1,"meta_highrescanopyheight_orthophoto",0.5,"orthophoto_50cm_2025","Sorlandet"
"NINFP2010024693",6.53596769314538,6.81827545166016,13725,3,"meta_highrescanopyheight_orthophoto",0.5,"orthophoto_50cm_2025","Sorlandet"
"NINFP1910054107",10.5398324928159,11.5916500091553,18132,3,"meta_highrescanopyheight_orthophoto",0.5,"orthophoto_50cm_2025","Sorlandet"
"NINFP2510208368",1.56648097445122,0.215743072330952,16954,4,"meta_highrescanopyheight_orthophoto",0.5,"orthophoto_50cm_2025","Sorlandet"
"NINFP2410161715",5.56881212238266,4.77317523956299,5613,2,"meta_highrescanopyheight_orthophoto",0.5,"orthophoto_50cm_2025","Sorlandet"
"NINFP1910057569",8.81219952844665,9.90720176696777,7945,2,"meta_highrescanopyheight_orthophoto",0.5,"orthophoto_50cm_2025","Sorlandet"
"NINFP2510212357",8.44350203489075,10.0639190673828,4793,1,"meta_highrescanopyheight_orthophoto",0.5,"orthophoto_50cm_2025","Sorlandet"
"NINFP2310126806",4.52794546943544,4.46486806869507,22012,3,"meta_highrescanopyheight_orthophoto",0.5,"orthophoto_50cm_2025","Sorlandet"
"NINFP1910045823",1.43581273223764,0.0106427343562245,4763,2,"meta_highrescanopyheight_orthophoto",0.5,"orthophoto_50cm_2025","Sorlandet"
"NINFP2210078131",7.86004557213132,7.99326324462891,123591,6,"meta_highrescanopyheight_orthophoto",0.5,"orthophoto_50cm_2025","Sorlandet"
"NINFP1810012146",4.67680591297107,4.49598026275635,17145,4,"meta_highrescanopyheight_orthophoto",0.5,"orthophoto_50cm_2025","Sorlandet"
"NINFP1810002432",4.93159755818989,3.41532897949219,56575,4,"meta_highrescanopyheight_orthophoto",0.5,"orthophoto_50cm_2025","Sorlandet"
"NINFP2510191654",0.0101549724152686,0.0100533575750887,6510,1,"meta_highrescanopyheight_orthophoto",0.5,"orthophoto_50cm_2025","Sorlandet"
"NINFP1810014489",6.32596753013797,6.19522643089294,10498,2,"meta_highrescanopyheight_orthophoto",0.5,"orthophoto_50cm_2025","Sorlandet"
"NINFP2110022608",0.468066556393598,0.0226924661546946,13195,4,"meta_highrescanopyheight_orthophoto",0.5,"orthophoto_50cm_2025","Sorlandet"
"NINFP1810013625",0.819811235418192,0.0204437971115112,2070,1,"meta_highrescanopyheight_orthophoto",0.5,"orthophoto_50cm_2025","Sorlandet"
"NINFP2210085684",7.30942210853552,5.81191492080688,659,2,"meta_highrescanopyheight_orthophoto",0.5,"orthophoto_50cm_2025","Sorlandet"
"NINFP2210103087",0.87446464797291,0.0337228644639254,11004,2,"meta_highrescanopyheight_orthophoto",0.5,"orthophoto_50cm_2025","Sorlandet"
"NINFP1810002797",3.5822252523332,0.204410523176193,54429,6,"meta_highrescanopyheight_orthophoto",0.5,"orthophoto_50cm_2025","Sorlandet"
"NINFP2310144531",4.60464152536074,4.59100675582886,10561,2,"meta_highrescanopyheight_orthophoto",0.5,"orthophoto_50cm_2025","Sorlandet"
"NINFP2310118369",5.72776639134906,5.29576683044434,10263,3,"meta_highrescanopyheight_orthophoto",0.5,"orthophoto_50cm_2025","Sorlandet"
"NINFP2510218826",4.21931666183779,3.88579702377319,14741,4,"meta_highrescanopyheight_orthophoto",0.5,"orthophoto_50cm_2025","Sorlandet"
"NINFP2110027798",3.95202889454571,3.82198548316956,10334,2,"meta_highrescanopyheight_orthophoto",0.5,"orthophoto_50cm_2025","Sorlandet"
"NINFP2110072812",6.77363625416102,7.30577945709229,4254,4,"meta_highrescanopyheight_orthophoto",0.5,"orthophoto_50cm_2025","Sorlandet"
"NINFP2110027056",0.11618114843155,0.01051588030532,66950,4,"meta_highrescanopyheight_orthophoto",0.5,"orthophoto_50cm_2025","Sorlandet"
"NINFP2310144111",5.31917214737591,5.26634526252747,7880,2,"meta_highrescanopyheight_orthophoto",0.5,"orthophoto_50cm_2025","Sorlandet"
"NINFP2110021771",0.0129023254943792,0.0101054254919291,114529,10,"meta_highrescanopyheight_orthophoto",0.5,"orthophoto_50cm_2025","Sorlandet"
"NINFP2510185169",2.38490728521344,1.58613044023514,2234,1,"meta_highrescanopyheight_orthophoto",0.5,"orthophoto_50cm_2025","Sorlandet"
"NINFP2410181086",6.46325931383977,6.56910610198975,23727,4,"meta_highrescanopyheight_orthophoto",0.5,"orthophoto_50cm_2025","Sorlandet"
"NINFP2110057906",0.731599453520621,0.0107510699890554,4918,1,"meta_highrescanopyheight_orthophoto",0.5,"orthophoto_50cm_2025","Sorlandet"
"NINFP2410157956",0.0297926997451628,0.0102662751451135,41909,4,"meta_highrescanopyheight_orthophoto",0.5,"orthophoto_50cm_2025","Sorlandet"
"NINFP2110025586",0.63258741327503,0.0227682888507843,7934,3,"meta_highrescanopyheight_orthophoto",0.5,"orthophoto_50cm_2025","Sorlandet"
"NINFP2210075967",2.47315785139039,0.221381366252899,49069,5,"meta_highrescanopyheight_orthophoto",0.5,"orthophoto_50cm_2025","Sorlandet"
"NINFP2510194513",0.499692521728868,0.0413835868239403,4834,2,"meta_highrescanopyheight_orthophoto",0.5,"orthophoto_50cm_2025","Sorlandet"
"NINFP2410162065",5.30038791750855,5.23272514343262,13076,2,"meta_highrescanopyheight_orthophoto",0.5,"orthophoto_50cm_2025","Sorlandet"
"NINFP2210085383",0.51582871558131,0.0108621260151267,163135,12,"meta_highrescanopyheight_orthophoto",0.5,"orthophoto_50cm_2025","Sorlandet"
"NINFP1910028628",7.75835368201762,8.392249584198,38986,5,"meta_highrescanopyheight_orthophoto",0.5,"orthophoto_50cm_2025","Sorlandet"
"NINFP2110069257",4.14086584701145,2.33210182189941,11349,2,"meta_highrescanopyheight_orthophoto",0.5,"orthophoto_50cm_2025","Sorlandet"
"NINFP1810014498",7.19907158906448,7.65595173835754,20192,2,"meta_highrescanopyheight_orthophoto",0.5,"orthophoto_50cm_2025","Sorlandet"
"NINFP2310121459",3.08025953120669,1.71043133735657,6117,2,"meta_highrescanopyheight_orthophoto",0.5,"orthophoto_50cm_2025","Sorlandet"
"NINFP2310137955",3.87995430875129,1.74367505311966,9824,2,"meta_highrescanopyheight_orthophoto",0.5,"orthophoto_50cm_2025","Sorlandet"
"NINFP2510187679",0.455071176620135,0.0195325771346688,15308,2,"meta_highrescanopyheight_orthophoto",0.5,"orthophoto_50cm_2025","Sorlandet"
"NINFP1810000710",2.00007333847159,0.207465589046478,17369,3,"meta_highrescanopyheight_orthophoto",0.5,"orthophoto_50cm_2025","Sorlandet"
"NINFP2210106039",7.55735994607165,8.81641006469727,5397,1,"meta_highrescanopyheight_orthophoto",0.5,"orthophoto_50cm_2025","Sorlandet"
"NINFP2410178890",1.15794426715001,0.0123103866353631,1760,1,"meta_highrescanopyheight_orthophoto",0.5,"orthophoto_50cm_2025","Sorlandet"
"NINFP2210103688",7.8152000610847,8.29842948913574,10251,2,"meta_highrescanopyheight_orthophoto",0.5,"orthophoto_50cm_2025","Sorlandet"
"NINFP1810012056",7.65796679347336,7.82397365570068,12253,4,"meta_highrescanopyheight_orthophoto",0.5,"orthophoto_50cm_2025","Sorlandet"
"NINFP2110037160",0.209761213340809,0.0114136566407979,66136,5,"meta_highrescanopyheight_orthophoto",0.5,"orthophoto_50cm_2025","Sorlandet"
"NINFP2210109328",6.91450112006538,6.42505550384521,21725,4,"meta_highrescanopyheight_orthophoto",0.5,"orthophoto_50cm_2025","Sorlandet"
"NINFP2110062103",2.43066495556622,1.46208333969116,21949,2,"meta_highrescanopyheight_orthophoto",0.5,"orthophoto_50cm_2025","Sorlandet"
"NINFP2110030944",0.0529376987971601,0.0101618045009673,103910,9,"meta_highrescanopyheight_orthophoto",0.5,"orthophoto_50cm_2025","Sorlandet"
"NINFP2110019173",10.315885075629,11.5782604217529,14142,1,"meta_highrescanopyheight_orthophoto",0.5,"orthophoto_50cm_2025","Sorlandet"
"NINFP2110008146",0.73451503768269,0.014817769639194,6063,2,"meta_highrescanopyheight_orthophoto",0.5,"orthophoto_50cm_2025","Sorlandet"
"NINFP2310121454",6.17586321696781,4.63451766967773,12580,4,"meta_highrescanopyheight_orthophoto",0.5,"orthophoto_50cm_2025","Sorlandet"
"NINFP2110043869",5.81353920005749,5.70667123794556,28528,3,"meta_highrescanopyheight_orthophoto",0.5,"orthophoto_50cm_2025","Sorlandet"
"NINFP1910054205",10.608596765807,12.1563744544983,17564,2,"meta_highrescanopyheight_orthophoto",0.5,"orthophoto_50cm_2025","Sorlandet"
"NINFP2310136545",5.27910398355226,5.09220218658447,6430,1,"meta_highrescanopyheight_orthophoto",0.5,"orthophoto_50cm_2025","Sorlandet"
"NINFP2310143452",8.3635680988705,8.56345367431641,9353,2,"meta_highrescanopyheight_orthophoto",0.5,"orthophoto_50cm_2025","Sorlandet"
"NINFP2410155479",6.53273800760444,6.30592584609985,14638,4,"meta_highrescanopyheight_orthophoto",0.5,"orthophoto_50cm_2025","Sorlandet"
"NINFP2410167542",2.40767990529149,0.854904651641846,12993,2,"meta_highrescanopyheight_orthophoto",0.5,"orthophoto_50cm_2025","Sorlandet"
"NINFP1810036879",3.64832788489737,2.32546281814575,17181,4,"meta_highrescanopyheight_orthophoto",0.5,"orthophoto_50cm_2025","Sorlandet"
"NINFP1810039611",1.8507381132249,0.235210552811623,22474,3,"meta_highrescanopyheight_orthophoto",0.5,"orthophoto_50cm_2025","Sorlandet"
"NINFP2410178885",1.85284026759521,0.151467971503735,9248,2,"meta_highrescanopyheight_orthophoto",0.5,"orthophoto_50cm_2025","Sorlandet"
"NINFP2510218897",6.6696684011187,6.89260125160217,5492,1,"meta_highrescanopyheight_orthophoto",0.5,"orthophoto_50cm_2025","Sorlandet"
"NINFP1810040397",3.25188977425854,1.03294241428375,24559,4,"meta_highrescanopyheight_orthophoto",0.5,"orthophoto_50cm_2025","Sorlandet"
"NINFP2310117694",0.0431683509788376,0.0184709504246712,2855,2,"meta_highrescanopyheight_orthophoto",0.5,"orthophoto_50cm_2025","Sorlandet"
"NINFP1810034928",0.587561441949006,0.0444400496780872,13161,4,"meta_highrescanopyheight_orthophoto",0.5,"orthophoto_50cm_2025","Sorlandet"
"NINFP1810003812",9.70050892890399,10.2302370071411,9466,2,"meta_highrescanopyheight_orthophoto",0.5,"orthophoto_50cm_2025","Sorlandet"
"NINFP2110029600",0.0280197059758539,0.0101935658603907,7977,3,"meta_highrescanopyheight_orthophoto",0.5,"orthophoto_50cm_2025","Sorlandet"
"NINFP2110027295",0.074228968774221,0.0106191826052964,63630,6,"meta_highrescanopyheight_orthophoto",0.5,"orthophoto_50cm_2025","Sorlandet"
"NINFP2510213419",0.184827845922977,0.0103899370878935,270045,12,"meta_highrescanopyheight_orthophoto",0.5,"orthophoto_50cm_2025","Sorlandet"
"NINFP2410181097",0.660491375427575,0.011153934057802,77132,8,"meta_highrescanopyheight_orthophoto",0.5,"orthophoto_50cm_2025","Sorlandet"
"NINFP2210111339",5.22251373823393,4.58583927154541,7144,2,"meta_highrescanopyheight_orthophoto",0.5,"orthophoto_50cm_2025","Sorlandet"
"NINFP1810007917",1.56750868267598,0.129955038428307,74323,5,"meta_highrescanopyheight_orthophoto",0.5,"orthophoto_50cm_2025","Sorlandet"
"NINFP1910011291",4.70069161257975,3.46267473697662,12166,4,"meta_highrescanopyheight_orthophoto",0.5,"orthophoto_50cm_2025","Sorlandet"
"NINFP2210108751",7.34668228918061,7.85399150848389,4491,2,"meta_highrescanopyheight_orthophoto",0.5,"orthophoto_50cm_2025","Sorlandet"
"NINFP2410157893",0.261408850266658,0.0112585430033505,15764,1,"meta_highrescanopyheight_orthophoto",0.5,"orthophoto_50cm_2025","Sorlandet"
"NINFP2210085309",0.0800867116446042,0.026272832415998,8134,2,"meta_highrescanopyheight_orthophoto",0.5,"orthophoto_50cm_2025","Sorlandet"
"NINFP2310141250",5.5000555958086,3.98689126968384,15635,3,"meta_highrescanopyheight_orthophoto",0.5,"orthophoto_50cm_2025","Sorlandet"
"NINFP2110052897",7.71471485983309,8.73385620117188,10148,2,"meta_highrescanopyheight_orthophoto",0.5,"orthophoto_50cm_2025","Sorlandet"
"NINFP2510215191",7.90889137529133,7.85500240325928,142505,9,"meta_highrescanopyheight_orthophoto",0.5,"orthophoto_50cm_2025","Sorlandet"
"NINFP2510219285",3.69463125710461,2.95064234733582,8149,1,"meta_highrescanopyheight_orthophoto",0.5,"orthophoto_50cm_2025","Sorlandet"
"NINFP2310116619",0.582267643611243,0.013185678049922,67599,4,"meta_highrescanopyheight_orthophoto",0.5,"orthophoto_50cm_2025","Sorlandet"
"NINFP1810028543",0.234494507660122,0.0108477296307683,22997,2,"meta_highrescanopyheight_orthophoto",0.5,"orthophoto_50cm_2025","Sorlandet"
"NINFP2510185399",6.04655958101276,5.93360018730164,3902,2,"meta_highrescanopyheight_orthophoto",0.5,"orthophoto_50cm_2025","Sorlandet"
"NINFP2110006421",8.37788888173974,9.16632270812988,8731,3,"meta_highrescanopyheight_orthophoto",0.5,"orthophoto_50cm_2025","Sorlandet"
"NINFP2510202726",1.51953031343741,0.149954900145531,10006,3,"meta_highrescanopyheight_orthophoto",0.5,"orthophoto_50cm_2025","Sorlandet"
"NINFP2210079146",3.81187104647639,3.28034162521362,6580,4,"meta_highrescanopyheight_orthophoto",0.5,"orthophoto_50cm_2025","Sorlandet"
"NINFP2510193041",0.350872010615287,0.0149501301348209,22004,2,"meta_highrescanopyheight_orthophoto",0.5,"orthophoto_50cm_2025","Sorlandet"
"NINFP2310132195",0.187624138209136,0.0107159912586212,11338,2,"meta_highrescanopyheight_orthophoto",0.5,"orthophoto_50cm_2025","Sorlandet"
"NINFP2210089104",3.76479015956914,2.86564946174622,21257,4,"meta_highrescanopyheight_orthophoto",0.5,"orthophoto_50cm_2025","Sorlandet"
"NINFP2110054998",5.89110015166309,5.05161738395691,12254,3,"meta_highrescanopyheight_orthophoto",0.5,"orthophoto_50cm_2025","Sorlandet"
"NINFP2310120876",6.76672704789251,6.90615892410278,16627,3,"meta_highrescanopyheight_orthophoto",0.5,"orthophoto_50cm_2025","Sorlandet"
"NINFP2110061879",3.77560118703393,3.45966446399689,6182,2,"meta_highrescanopyheight_orthophoto",0.5,"orthophoto_50cm_2025","Sorlandet"
"NINFP2110048312",0.180144529220654,0.011136669665575,9424,4,"meta_highrescanopyheight_orthophoto",0.5,"orthophoto_50cm_2025","Sorlandet"
"NINFP2410159697",2.40846677243002,1.38059175014496,8036,2,"meta_highrescanopyheight_orthophoto",0.5,"orthophoto_50cm_2025","Sorlandet"
"NINFP2110042744",5.7587858415319,6.52144742012024,9886,2,"meta_highrescanopyheight_orthophoto",0.5,"orthophoto_50cm_2025","Sorlandet"
"NINFP2110065409",6.01672549993543,6.25519680976868,30486,5,"meta_highrescanopyheight_orthophoto",0.5,"orthophoto_50cm_2025","Sorlandet"
"NINFP1810039615",1.40031815847292,0.0896168425679207,7341,3,"meta_highrescanopyheight_orthophoto",0.5,"orthophoto_50cm_2025","Sorlandet"
"NINFP2110019153",7.03771723568399,6.58848667144775,7355,4,"meta_highrescanopyheight_orthophoto",0.5,"orthophoto_50cm_2025","Sorlandet"
"NINFP2310146375",3.5699466554199,2.70917940139771,4249,2,"meta_highrescanopyheight_orthophoto",0.5,"orthophoto_50cm_2025","Sorlandet"
"NINFP2310117052",9.95408816081488,11.3169584274292,5242,2,"meta_highrescanopyheight_orthophoto",0.5,"orthophoto_50cm_2025","Sorlandet"
"NINFP2110058037",7.13276747017661,7.67389011383057,11789,2,"meta_highrescanopyheight_orthophoto",0.5,"orthophoto_50cm_2025","Sorlandet"
"NINFP2410153707",4.93010560924877,4.91839694976807,10356,1,"meta_highrescanopyheight_orthophoto",0.5,"orthophoto_50cm_2025","Sorlandet"
"NINFP2310141746",4.48192267050153,3.48754787445068,9882,3,"meta_highrescanopyheight_orthophoto",0.5,"orthophoto_50cm_2025","Sorlandet"
"NINFP1810034882",2.58192041650951,0.76976478099823,5503,2,"meta_highrescanopyheight_orthophoto",0.5,"orthophoto_50cm_2025","Sorlandet"
"NINFP2510191251",0.837871081410805,0.031783128157258,13318,2,"meta_highrescanopyheight_orthophoto",0.5,"orthophoto_50cm_2025","Sorlandet"
"NINFP2310118424",1.99279765211205,0.523433148860931,18409,1,"meta_highrescanopyheight_orthophoto",0.5,"orthophoto_50cm_2025","Sorlandet"
"NINFP2410173708",0.0100589249404947,0.0100405886769295,16919,2,"meta_highrescanopyheight_orthophoto",0.5,"orthophoto_50cm_2025","Sorlandet"
"NINFP2410175102",2.92891184796921,1.86546456813812,20397,5,"meta_highrescanopyheight_orthophoto",0.5,"orthophoto_50cm_2025","Sorlandet"
"NINFP1810040392",0.726485587444934,0.104027390480042,19849,6,"meta_highrescanopyheight_orthophoto",0.5,"orthophoto_50cm_2025","Sorlandet"
"NINFP2410159490",0.330521814437488,0.0110293850302696,157074,9,"meta_highrescanopyheight_orthophoto",0.5,"orthophoto_50cm_2025","Sorlandet"
"NINFP2210084733",1.94833825050026,0.183956518769264,19426,4,"meta_highrescanopyheight_orthophoto",0.5,"orthophoto_50cm_2025","Sorlandet"
"NINFP1810030308",3.15154189203698,2.77982950210571,21549,3,"meta_highrescanopyheight_orthophoto",0.5,"orthophoto_50cm_2025","Sorlandet"
"NINFP2410159419",0.0123218782209389,0.0101045072078705,23585,4,"meta_highrescanopyheight_orthophoto",0.5,"orthophoto_50cm_2025","Sorlandet"
"NINFP2110042645",0.276511137562467,0.0138298142701387,19789,3,"meta_highrescanopyheight_orthophoto",0.5,"orthophoto_50cm_2025","Sorlandet"
"NINFP2210086047",0.0749767189511789,0.0135050662793219,30732,3,"meta_highrescanopyheight_orthophoto",0.5,"orthophoto_50cm_2025","Sorlandet"
"NINFP1810034934",1.53353914141206,0.64115047454834,5488,1,"meta_highrescanopyheight_orthophoto",0.5,"orthophoto_50cm_2025","Sorlandet"
"NINFP2110005244",0.404924576034537,0.0191545523703098,5853,2,"meta_highrescanopyheight_orthophoto",0.5,"orthophoto_50cm_2025","Sorlandet"
"NINFP1910057600",7.06226676021686,7.70318484306335,50526,6,"meta_highrescanopyheight_orthophoto",0.5,"orthophoto_50cm_2025","Sorlandet"
"NINFP2110019583",1.10968279822526,0.0197400227189064,8427,1,"meta_highrescanopyheight_orthophoto",0.5,"orthophoto_50cm_2025","Sorlandet"
"NINFP2110027058",0.0820315385443046,0.0106389699503779,45826,5,"meta_highrescanopyheight_orthophoto",0.5,"orthophoto_50cm_2025","Sorlandet"
"NINFP2310119734",4.04119598402033,3.64338517189026,9419,2,"meta_highrescanopyheight_orthophoto",0.5,"orthophoto_50cm_2025","Sorlandet"
"NINFP2110002470",5.17244570335818,4.38058280944824,10250,2,"meta_highrescanopyheight_orthophoto",0.5,"orthophoto_50cm_2025","Sorlandet"
"NINFP2310143790",5.68807904210882,5.29957580566406,38877,6,"meta_highrescanopyheight_orthophoto",0.5,"orthophoto_50cm_2025","Sorlandet"
"NINFP2510192134",0.654383148051579,0.0213295966386795,41205,6,"meta_highrescanopyheight_orthophoto",0.5,"orthophoto_50cm_2025","Sorlandet"
"NINFP1810034862",2.45604452069665,0.253192692995071,1115,1,"meta_highrescanopyheight_orthophoto",0.5,"orthophoto_50cm_2025","Sorlandet"
"NINFP2110018946",0.702647541821538,0.0145370811223984,9335,2,"meta_highrescanopyheight_orthophoto",0.5,"orthophoto_50cm_2025","Sorlandet"
"NINFP1910050851",1.19585170409966,0.0138710290193558,7819,2,"meta_highrescanopyheight_orthophoto",0.5,"orthophoto_50cm_2025","Sorlandet"
"NINFP2010014407",7.59029446672101,8.22513198852539,10243,1,"meta_highrescanopyheight_orthophoto",0.5,"orthophoto_50cm_2025","Sorlandet"
"NINFP2210085210",5.70217974876177,6.2897641658783,4434,1,"meta_highrescanopyheight_orthophoto",0.5,"orthophoto_50cm_2025","Sorlandet"
"NINFP2210075076",9.22643310690024,9.45463371276855,4128,2,"meta_highrescanopyheight_orthophoto",0.5,"orthophoto_50cm_2025","Sorlandet"
"NINFP2410158101",0.0139586709457235,0.0103020430542529,3836,1,"meta_highrescanopyheight_orthophoto",0.5,"orthophoto_50cm_2025","Sorlandet"
"NINFP2510199890",6.62628086253721,5.15552806854248,3777,1,"meta_highrescanopyheight_orthophoto",0.5,"orthophoto_50cm_2025","Sorlandet"
"NINFP2310137000",5.95412501833494,5.83378410339355,29079,3,"meta_highrescanopyheight_orthophoto",0.5,"orthophoto_50cm_2025","Sorlandet"
"NINFP1810013105",3.37092936080432,1.6540060043335,20679,2,"meta_highrescanopyheight_orthophoto",0.5,"orthophoto_50cm_2025","Sorlandet"
"NINFP2010048339",2.59085807595422,1.54821789264679,6588,2,"meta_highrescanopyheight_orthophoto",0.5,"orthophoto_50cm_2025","Sorlandet"
"NINFP1810000711",2.26929102281103,0.56354695558548,10483,1,"meta_highrescanopyheight_orthophoto",0.5,"orthophoto_50cm_2025","Sorlandet"
"NINFP2110062037",5.74542851365638,5.74988031387329,5742,2,"meta_highrescanopyheight_orthophoto",0.5,"orthophoto_50cm_2025","Sorlandet"
"NINFP2310143798",4.82467210556128,3.59925901889801,7394,4,"meta_highrescanopyheight_orthophoto",0.5,"orthophoto_50cm_2025","Sorlandet"
"NINFP2210075244",9.7519666687892,10.187292098999,6151,3,"meta_highrescanopyheight_orthophoto",0.5,"orthophoto_50cm_2025","Sorlandet"
"NINFP2310122503",6.36814393001331,7.24500894546509,32738,5,"meta_highrescanopyheight_orthophoto",0.5,"orthophoto_50cm_2025","Sorlandet"
"NINFP2010021835",0.0987959972773178,0.0102150989696383,15597,5,"meta_highrescanopyheight_orthophoto",0.5,"orthophoto_50cm_2025","Sorlandet"
"NINFP2410168373",0.482441112718459,0.0133603936992586,13508,2,"meta_highrescanopyheight_orthophoto",0.5,"orthophoto_50cm_2025","Sorlandet"
"NINFP2310147177",0.187485972345112,0.010965877212584,15449,3,"meta_highrescanopyheight_orthophoto",0.5,"orthophoto_50cm_2025","Sorlandet"
"NINFP2510218815",10.5847567188202,11.9204988479614,9646,2,"meta_highrescanopyheight_orthophoto",0.5,"orthophoto_50cm_2025","Sorlandet"
"NINFP2510188143",3.59459754528322,3.13153314590454,8009,1,"meta_highrescanopyheight_orthophoto",0.5,"orthophoto_50cm_2025","Sorlandet"
"NINFP1910054132",9.0246677485386,9.61080646514893,7653,1,"meta_highrescanopyheight_orthophoto",0.5,"orthophoto_50cm_2025","Sorlandet"
"NINFP2510218702",5.46195537438657,4.05749011039734,5938,4,"meta_highrescanopyheight_orthophoto",0.5,"orthophoto_50cm_2025","Sorlandet"
"NINFP2410167315",0.549594623868331,0.0110993171110749,102323,8,"meta_highrescanopyheight_orthophoto",0.5,"orthophoto_50cm_2025","Sorlandet"
"NINFP1910024260",6.7696727514243,6.60432529449463,7778,3,"meta_highrescanopyheight_orthophoto",0.5,"orthophoto_50cm_2025","Sorlandet"
"NINFP2210081821",1.8405455411578,0.908587098121643,14995,2,"meta_highrescanopyheight_orthophoto",0.5,"orthophoto_50cm_2025","Sorlandet"
"NINFP2110030192",0.0515196219044084,0.0108173675835133,4595,2,"meta_highrescanopyheight_orthophoto",0.5,"orthophoto_50cm_2025","Sorlandet"
"NINFP2510211584",3.27959121575037,1.91205924749374,7398,2,"meta_highrescanopyheight_orthophoto",0.5,"orthophoto_50cm_2025","Sorlandet"
"NINFP2510211590",3.7176465722029,2.59160876274109,15871,4,"meta_highrescanopyheight_orthophoto",0.5,"orthophoto_50cm_2025","Sorlandet"
"NINFP2310115906",5.36409841586316,5.09930920600891,4610,2,"meta_highrescanopyheight_orthophoto",0.5,"orthophoto_50cm_2025","Sorlandet"
"NINFP2210075816",6.52138914648222,4.1878981590271,4441,2,"meta_highrescanopyheight_orthophoto",0.5,"orthophoto_50cm_2025","Sorlandet"
"NINFP2410167451",0.274833735862001,0.010320424567908,29962,4,"meta_highrescanopyheight_orthophoto",0.5,"orthophoto_50cm_2025","Sorlandet"
"NINFP2510218685",7.50942690157447,7.65418720245361,23919,3,"meta_highrescanopyheight_orthophoto",0.5,"orthophoto_50cm_2025","Sorlandet"
"NINFP2310134781",3.90059253265689,3.82042288780212,7097,1,"meta_highrescanopyheight_orthophoto",0.5,"orthophoto_50cm_2025","Sorlandet"
"NINFP2410156770",2.32757669340731,0.812942028045654,15771,3,"meta_highrescanopyheight_orthophoto",0.5,"orthophoto_50cm_2025","Sorlandet"
"NINFP2510187567",1.58124729730089,0.538290977478027,2423,1,"meta_highrescanopyheight_orthophoto",0.5,"orthophoto_50cm_2025","Sorlandet"
"NINFP2110008015",0.0111957280118019,0.0107436403632164,3439,2,"meta_highrescanopyheight_orthophoto",0.5,"orthophoto_50cm_2025","Sorlandet"
"NINFP2110067410",0.717251514763977,0.0104107977822423,1471,2,"meta_highrescanopyheight_orthophoto",0.5,"orthophoto_50cm_2025","Sorlandet"
"NINFP2110064711",5.67104387780035,5.81989240646362,15628,4,"meta_highrescanopyheight_orthophoto",0.5,"orthophoto_50cm_2025","Sorlandet"
"NINFP2110009839",3.97990045358683,3.85151243209839,5666,2,"meta_highrescanopyheight_orthophoto",0.5,"orthophoto_50cm_2025","Sorlandet"
"NINFP2510196593",5.81260975080714,5.83214521408081,31343,2,"meta_highrescanopyheight_orthophoto",0.5,"orthophoto_50cm_2025","Sorlandet"
"NINFP2310143289",4.87190146234256,4.6635799407959,5779,4,"meta_highrescanopyheight_orthophoto",0.5,"orthophoto_50cm_2025","Sorlandet"
"NINFP2510208053",6.74542654558376,6.91003704071045,21009,4,"meta_highrescanopyheight_orthophoto",0.5,"orthophoto_50cm_2025","Sorlandet"
"NINFP2510210647",0.262539405874842,0.0115061551332474,16825,3,"meta_highrescanopyheight_orthophoto",0.5,"orthophoto_50cm_2025","Sorlandet"
"NINFP2510217895",7.89236377247416,8.47289657592773,4484,2,"meta_highrescanopyheight_orthophoto",0.5,"orthophoto_50cm_2025","Sorlandet"
"NINFP1810011814",7.85227097977641,7.47095680236816,6979,2,"meta_highrescanopyheight_orthophoto",0.5,"orthophoto_50cm_2025","Sorlandet"
"NINFP2410157944",0.0101932621318799,0.0100488541647792,11317,4,"meta_highrescanopyheight_orthophoto",0.5,"orthophoto_50cm_2025","Sorlandet"
"NINFP2310142880",4.06559627756223,3.8789370059967,7817,4,"meta_highrescanopyheight_orthophoto",0.5,"orthophoto_50cm_2025","Sorlandet"
"NINFP2010005206",6.61541351583496,6.99968528747559,9447,3,"meta_highrescanopyheight_orthophoto",0.5,"orthophoto_50cm_2025","Sorlandet"
"NINFP2410151682",4.8261575974961,4.96080923080444,12745,3,"meta_highrescanopyheight_orthophoto",0.5,"orthophoto_50cm_2025","Sorlandet"
"NINFP2010030654",4.19968139742268,2.98680329322815,13351,2,"meta_highrescanopyheight_orthophoto",0.5,"orthophoto_50cm_2025","Sorlandet"
"NINFP1810037737",0.23700543971789,0.016779825091362,3876,2,"meta_highrescanopyheight_orthophoto",0.5,"orthophoto_50cm_2025","Sorlandet"
"NINFP1810014388",5.69363592350406,5.97697305679321,26579,4,"meta_highrescanopyheight_orthophoto",0.5,"orthophoto_50cm_2025","Sorlandet"
"NINFP1910061149",0.964801486109417,0.0211914256215096,3231,1,"meta_highrescanopyheight_orthophoto",0.5,"orthophoto_50cm_2025","Sorlandet"
"NINFP2410158725",0.0702641720179794,0.0101684257388115,251075,11,"meta_highrescanopyheight_orthophoto",0.5,"orthophoto_50cm_2025","Sorlandet"
"NINFP2410180652",9.89855982207031,10.4059972763062,34971,3,"meta_highrescanopyheight_orthophoto",0.5,"orthophoto_50cm_2025","Sorlandet"
"NINFP2110013864",6.69301290722022,7.0598726272583,2639,1,"meta_highrescanopyheight_orthophoto",0.5,"orthophoto_50cm_2025","Sorlandet"
"NINFP2110018765",0.500775713876322,0.0292277913540602,17687,3,"meta_highrescanopyheight_orthophoto",0.5,"orthophoto_50cm_2025","Sorlandet"
"NINFP2210078335",1.88125949720988,0.454284563660622,5274,2,"meta_highrescanopyheight_orthophoto",0.5,"orthophoto_50cm_2025","Sorlandet"
"NINFP2110033714",0.0100660247440644,0.010042785666883,60889,5,"meta_highrescanopyheight_orthophoto",0.5,"orthophoto_50cm_2025","Sorlandet"
"NINFP2310118484",7.18851229806627,7.20988488197327,6626,1,"meta_highrescanopyheight_orthophoto",0.5,"orthophoto_50cm_2025","Sorlandet"
"NINFP2110041401",0.643570703684026,0.0282469186931849,33951,4,"meta_highrescanopyheight_orthophoto",0.5,"orthophoto_50cm_2025","Sorlandet"
"NINFP2110031862",8.08774584026756,7.99465894699097,5103,3,"meta_highrescanopyheight_orthophoto",0.5,"orthophoto_50cm_2025","Sorlandet"
"NINFP1810002302",1.95478229394133,0.0259638950228691,7395,2,"meta_highrescanopyheight_orthophoto",0.5,"orthophoto_50cm_2025","Sorlandet"
"NINFP2110038800",0.1503707646993,0.0109801301732659,16316,4,"meta_highrescanopyheight_orthophoto",0.5,"orthophoto_50cm_2025","Sorlandet"
"NINFP2410182419",5.2709690101853,5.10342359542847,3650,2,"meta_highrescanopyheight_orthophoto",0.5,"orthophoto_50cm_2025","Sorlandet"
"NINFP2010015357",0.025333496553734,0.0100969756022096,18417,3,"meta_highrescanopyheight_orthophoto",0.5,"orthophoto_50cm_2025","Sorlandet"
"NINFP2110034217",0.0119883436357174,0.0100737893953919,68488,6,"meta_highrescanopyheight_orthophoto",0.5,"orthophoto_50cm_2025","Sorlandet"
"NINFP2210085348",0.0702376440436045,0.0131454132497311,13695,2,"meta_highrescanopyheight_orthophoto",0.5,"orthophoto_50cm_2025","Sorlandet"
"NINFP2210079159",1.42986444810327,0.462651371955872,6064,1,"meta_highrescanopyheight_orthophoto",0.5,"orthophoto_50cm_2025","Sorlandet"
"NINFP2110037794",0.518834416957699,0.011867992579937,79235,7,"meta_highrescanopyheight_orthophoto",0.5,"orthophoto_50cm_2025","Sorlandet"
"NINFP2310143215",5.64409359884708,5.62080144882202,19285,2,"meta_highrescanopyheight_orthophoto",0.5,"orthophoto_50cm_2025","Sorlandet"
"NINFP2010019698",0.373456773028923,0.0102309458889067,2614,3,"meta_highrescanopyheight_orthophoto",0.5,"orthophoto_50cm_2025","Sorlandet"
"NINFP2110037078",0.480566892113529,0.0162653997540474,4233,2,"meta_highrescanopyheight_orthophoto",0.5,"orthophoto_50cm_2025","Sorlandet"
"NINFP1810039607",4.96346886805781,4.06395769119263,6060,2,"meta_highrescanopyheight_orthophoto",0.5,"orthophoto_50cm_2025","Sorlandet"
"NINFP1810011083",7.55146833108404,8.57287549972534,5850,1,"meta_highrescanopyheight_orthophoto",0.5,"orthophoto_50cm_2025","Sorlandet"
"NINFP2510201794",2.31112805839113,0.555944383144379,4595,2,"meta_highrescanopyheight_orthophoto",0.5,"orthophoto_50cm_2025","Sorlandet"
"NINFP2510193784",1.0763740210694,0.35914558172226,23937,5,"meta_highrescanopyheight_orthophoto",0.5,"orthophoto_50cm_2025","Sorlandet"
"NINFP2110008440",5.01029775851644,4.88267230987549,16881,4,"meta_highrescanopyheight_orthophoto",0.5,"orthophoto_50cm_2025","Sorlandet"
"NINFP1810000713",4.70817905653366,3.33851516246796,6036,1,"meta_highrescanopyheight_orthophoto",0.5,"orthophoto_50cm_2025","Sorlandet"
"NINFP2210088639",1.06232733946206,0.0599726587533951,81896,8,"meta_highrescanopyheight_orthophoto",0.5,"orthophoto_50cm_2025","Sorlandet"
"NINFP2410180263",3.01813247530746,1.65039598941803,3156,1,"meta_highrescanopyheight_orthophoto",0.5,"orthophoto_50cm_2025","Sorlandet"
"NINFP1810007435",6.02790463985307,5.77826547622681,10773,1,"meta_highrescanopyheight_orthophoto",0.5,"orthophoto_50cm_2025","Sorlandet"
"NINFP2510192671",0.559904371886917,0.0117872687987983,32766,4,"meta_highrescanopyheight_orthophoto",0.5,"orthophoto_50cm_2025","Sorlandet"
"NINFP2410156719",3.48317315830715,3.01933169364929,20385,2,"meta_highrescanopyheight_orthophoto",0.5,"orthophoto_50cm_2025","Sorlandet"
"NINFP2110066804",5.37982567762683,5.32605004310608,11484,2,"meta_highrescanopyheight_orthophoto",0.5,"orthophoto_50cm_2025","Sorlandet"
"NINFP2210075062",7.41998810186059,7.71466684341431,8784,1,"meta_highrescanopyheight_orthophoto",0.5,"orthophoto_50cm_2025","Sorlandet"
"NINFP2410155608",5.72744651431737,5.33773994445801,4623,2,"meta_highrescanopyheight_orthophoto",0.5,"orthophoto_50cm_2025","Sorlandet"
"NINFP2110029058",9.3286568485702,9.76838254928589,7204,2,"meta_highrescanopyheight_orthophoto",0.5,"orthophoto_50cm_2025","Sorlandet"
"NINFP2510193553",5.38565256052838,4.33205819129944,8926,2,"meta_highrescanopyheight_orthophoto",0.5,"orthophoto_50cm_2025","Sorlandet"
"NINFP2310121024",8.38327880313297,8.32080745697021,4039,1,"meta_highrescanopyheight_orthophoto",0.5,"orthophoto_50cm_2025","Sorlandet"
"NINFP2510213462",2.78594107975314,0.898372679948807,17738,2,"meta_highrescanopyheight_orthophoto",0.5,"orthophoto_50cm_2025","Sorlandet"
"NINFP1810011999",1.74255862935455,0.124566324055195,662311,48,"meta_highrescanopyheight_orthophoto",0.5,"orthophoto_50cm_2025","Sorlandet"
"NINFP1810038516",2.25393764070099,0.300166636705399,8078,3,"meta_highrescanopyheight_orthophoto",0.5,"orthophoto_50cm_2025","Sorlandet"
"NINFP2310144410",1.29188862053103,0.0110545172356069,22974,2,"meta_highrescanopyheight_orthophoto",0.5,"orthophoto_50cm_2025","Sorlandet"
"NINFP2110034567",0.205503443554973,0.0111541599035263,27670,4,"meta_highrescanopyheight_orthophoto",0.5,"orthophoto_50cm_2025","Sorlandet"
"NINFP2210089313",1.34497792572337,0.142224416136742,9925,4,"meta_highrescanopyheight_orthophoto",0.5,"orthophoto_50cm_2025","Sorlandet"
"NINFP2310121017",4.32757515533839,2.82666885852814,12674,4,"meta_highrescanopyheight_orthophoto",0.5,"orthophoto_50cm_2025","Sorlandet"
"NINFP2410175228",3.81366417207013,3.29656624794006,9036,4,"meta_highrescanopyheight_orthophoto",0.5,"orthophoto_50cm_2025","Sorlandet"
"NINFP2210110525",10.6704150078321,11.3203873634338,62562,4,"meta_highrescanopyheight_orthophoto",0.5,"orthophoto_50cm_2025","Sorlandet"
"NINFP2210106481",10.2268216257658,11.3653106689453,6804,1,"meta_highrescanopyheight_orthophoto",0.5,"orthophoto_50cm_2025","Sorlandet"
"NINFP2310139197",0.587918461673724,0.0142202628776431,22469,5,"meta_highrescanopyheight_orthophoto",0.5,"orthophoto_50cm_2025","Sorlandet"
"NINFP1810012130",3.1480773132017,1.04470235109329,5116,2,"meta_highrescanopyheight_orthophoto",0.5,"orthophoto_50cm_2025","Sorlandet"
"NINFP2410167863",6.59519528775756,7.12714910507202,21934,4,"meta_highrescanopyheight_orthophoto",0.5,"orthophoto_50cm_2025","Sorlandet"
"NINFP2110010472",6.8958410181939,8.27868556976318,9016,1,"meta_highrescanopyheight_orthophoto",0.5,"orthophoto_50cm_2025","Sorlandet"
"NINFP2110019118",6.4938797884788,5.70509433746338,35850,4,"meta_highrescanopyheight_orthophoto",0.5,"orthophoto_50cm_2025","Sorlandet"
"NINFP2510217155",3.27794746289468,2.31770849227905,17855,4,"meta_highrescanopyheight_orthophoto",0.5,"orthophoto_50cm_2025","Sorlandet"
"NINFP2410176432",8.18466955092555,8.94278049468994,15451,2,"meta_highrescanopyheight_orthophoto",0.5,"orthophoto_50cm_2025","Sorlandet"
"NINFP2510191835",0.308999416350315,0.0170055609196424,45103,5,"meta_highrescanopyheight_orthophoto",0.5,"orthophoto_50cm_2025","Sorlandet"
"NINFP2510194805",5.5049915523061,6.40994596481323,8783,2,"meta_highrescanopyheight_orthophoto",0.5,"orthophoto_50cm_2025","Sorlandet"
"NINFP2010035086",6.26260825374091,7.05341768264771,5471,1,"meta_highrescanopyheight_orthophoto",0.5,"orthophoto_50cm_2025","Sorlandet"
"NINFP2210075050",6.71398590569987,7.60037326812744,12045,3,"meta_highrescanopyheight_orthophoto",0.5,"orthophoto_50cm_2025","Sorlandet"
"NINFP2310130841",1.82230061293907,0.789055824279785,4663,3,"meta_highrescanopyheight_orthophoto",0.5,"orthophoto_50cm_2025","Sorlandet"
"NINFP1910054934",5.87908956637676,6.43796539306641,14420,2,"meta_highrescanopyheight_orthophoto",0.5,"orthophoto_50cm_2025","Sorlandet"
"NINFP1810008997",8.42797379014139,8.38348960876465,4703,3,"meta_highrescanopyheight_orthophoto",0.5,"orthophoto_50cm_2025","Sorlandet"
"NINFP2510192519",0.426587847737694,0.0221954640001059,9971,2,"meta_highrescanopyheight_orthophoto",0.5,"orthophoto_50cm_2025","Sorlandet"
"NINFP2510192670",0.915567521677559,0.0138222509995103,15055,4,"meta_highrescanopyheight_orthophoto",0.5,"orthophoto_50cm_2025","Sorlandet"
"NINFP2110056780",3.29775046479787,2.9461088180542,7939,3,"meta_highrescanopyheight_orthophoto",0.5,"orthophoto_50cm_2025","Sorlandet"
"NINFP2110043217",0.214378003912327,0.0141035681590438,15140,3,"meta_highrescanopyheight_orthophoto",0.5,"orthophoto_50cm_2025","Sorlandet"
"NINFP2410165629",1.75466540842295,0.0278606070205569,27924,4,"meta_highrescanopyheight_orthophoto",0.5,"orthophoto_50cm_2025","Sorlandet"
"NINFP2510184630",0.847439554778116,0.029461164958775,39978,7,"meta_highrescanopyheight_orthophoto",0.5,"orthophoto_50cm_2025","Sorlandet"
"NINFP2210085964",3.11967533782152,1.79276490211487,7861,2,"meta_highrescanopyheight_orthophoto",0.5,"orthophoto_50cm_2025","Sorlandet"
"NINFP2210074919",4.0653031848739,3.30855941772461,6175,1,"meta_highrescanopyheight_orthophoto",0.5,"orthophoto_50cm_2025","Sorlandet"
"NINFP1810035564",3.87936221810509,2.70766639709473,4025,2,"meta_highrescanopyheight_orthophoto",0.5,"orthophoto_50cm_2025","Sorlandet"
"NINFP2010033413",4.23499292171691,3.65091848373413,6349,2,"meta_highrescanopyheight_orthophoto",0.5,"orthophoto_50cm_2025","Sorlandet"
"NINFP2410173537",1.38396947272518,0.0334635712206364,35983,2,"meta_highrescanopyheight_orthophoto",0.5,"orthophoto_50cm_2025","Sorlandet"
"NINFP2210109131",2.18336311578831,0.554184585809708,25640,4,"meta_highrescanopyheight_orthophoto",0.5,"orthophoto_50cm_2025","Sorlandet"
"NINFP2310126807",0.4390463782877,0.0217391885817051,9924,2,"meta_highrescanopyheight_orthophoto",0.5,"orthophoto_50cm_2025","Sorlandet"
"NINFP2110028694",0.136266971909695,0.0104676689952612,61867,6,"meta_highrescanopyheight_orthophoto",0.5,"orthophoto_50cm_2025","Sorlandet"
"NINFP2310119608",4.45413292249884,4.6421217918396,4143,2,"meta_highrescanopyheight_orthophoto",0.5,"orthophoto_50cm_2025","Sorlandet"
"NINFP2410182195",4.53855749976097,2.21598792076111,13066,3,"meta_highrescanopyheight_orthophoto",0.5,"orthophoto_50cm_2025","Sorlandet"
"NINFP2410157958",0.0104558825596164,0.0100867315195501,25982,2,"meta_highrescanopyheight_orthophoto",0.5,"orthophoto_50cm_2025","Sorlandet"
"NINFP2310120035",3.33621330473597,2.066734790802,6478,3,"meta_highrescanopyheight_orthophoto",0.5,"orthophoto_50cm_2025","Sorlandet"
"NINFP2510187163",0.261339835402083,0.017409585416317,33964,4,"meta_highrescanopyheight_orthophoto",0.5,"orthophoto_50cm_2025","Sorlandet"
"NINFP2010055179",1.58009210419233,0.676957964897156,3359,1,"meta_highrescanopyheight_orthophoto",0.5,"orthophoto_50cm_2025","Sorlandet"
"NINFP1810012192",7.54444110725821,7.23329305648804,14269,2,"meta_highrescanopyheight_orthophoto",0.5,"orthophoto_50cm_2025","Sorlandet"
"NINFP1810037701",1.40939887412843,0.172005981206894,5641,1,"meta_highrescanopyheight_orthophoto",0.5,"orthophoto_50cm_2025","Sorlandet"
"NINFP1910043192",5.54973545998662,4.80456805229187,21438,3,"meta_highrescanopyheight_orthophoto",0.5,"orthophoto_50cm_2025","Sorlandet"
"NINFP2410175748",2.32503032170365,0.949664175510406,25869,5,"meta_highrescanopyheight_orthophoto",0.5,"orthophoto_50cm_2025","Sorlandet"
"NINFP2310140910",6.07261125747731,5.71464109420776,17373,3,"meta_highrescanopyheight_orthophoto",0.5,"orthophoto_50cm_2025","Sorlandet"
"NINFP2410159108",4.95888608079546,3.65271997451782,9150,3,"meta_highrescanopyheight_orthophoto",0.5,"orthophoto_50cm_2025","Sorlandet"
"NINFP2110064665",8.15352711583837,8.27804946899414,6268,2,"meta_highrescanopyheight_orthophoto",0.5,"orthophoto_50cm_2025","Sorlandet"
"NINFP1810035124",5.04050427011367,4.25637006759644,2758,4,"meta_highrescanopyheight_orthophoto",0.5,"orthophoto_50cm_2025","Sorlandet"
"NINFP2010046365",1.45287522869654,0.0390926022082567,20526,2,"meta_highrescanopyheight_orthophoto",0.5,"orthophoto_50cm_2025","Sorlandet"
"NINFP1810007851",2.52339949925278,1.30601716041565,18634,4,"meta_highrescanopyheight_orthophoto",0.5,"orthophoto_50cm_2025","Sorlandet"
"NINFP2510214488",5.69006246156552,4.84997606277466,11398,2,"meta_highrescanopyheight_orthophoto",0.5,"orthophoto_50cm_2025","Sorlandet"
"NINFP1810037696",3.55243846885614,2.48714601993561,8036,2,"meta_highrescanopyheight_orthophoto",0.5,"orthophoto_50cm_2025","Sorlandet"
"NINFP2410159413",4.28247799521853,4.33732271194458,5626,2,"meta_highrescanopyheight_orthophoto",0.5,"orthophoto_50cm_2025","Sorlandet"
"NINFP1810034875",0.178335044143826,0.0104583241045475,271719,17,"meta_highrescanopyheight_orthophoto",0.5,"orthophoto_50cm_2025","Sorlandet"
"NINFP2110031833",0.068351066498075,0.0279652066528797,7349,4,"meta_highrescanopyheight_orthophoto",0.5,"orthophoto_50cm_2025","Sorlandet"
"NINFP2010038007",5.19772069283764,5.00487589836121,6394,1,"meta_highrescanopyheight_orthophoto",0.5,"orthophoto_50cm_2025","Sorlandet"
"NINFP2510219341",0.373431101093345,0.0104388687759638,8868,2,"meta_highrescanopyheight_orthophoto",0.5,"orthophoto_50cm_2025","Sorlandet"
"NINFP2410158060",0.0100209948309107,0.0100199729204178,4477,1,"meta_highrescanopyheight_orthophoto",0.5,"orthophoto_50cm_2025","Sorlandet"
"NINFP2110067464",4.71826697078897,4.5485520362854,29206,4,"meta_highrescanopyheight_orthophoto",0.5,"orthophoto_50cm_2025","Sorlandet"
"NINFP1810013623",3.22688711082707,0.614989459514618,9357,1,"meta_highrescanopyheight_orthophoto",0.5,"orthophoto_50cm_2025","Sorlandet"
"NINFP1810037736",1.97758135783621,0.459300816059113,7552,1,"meta_highrescanopyheight_orthophoto",0.5,"orthophoto_50cm_2025","Sorlandet"
"NINFP2110008794",9.21180088755923,11.2225866317749,4013,2,"meta_highrescanopyheight_orthophoto",0.5,"orthophoto_50cm_2025","Sorlandet"
"NINFP2110030124",0.115214818591143,0.0105720460414886,44816,6,"meta_highrescanopyheight_orthophoto",0.5,"orthophoto_50cm_2025","Sorlandet"
"NINFP2110008499",7.06672694466403,7.23174500465393,11254,2,"meta_highrescanopyheight_orthophoto",0.5,"orthophoto_50cm_2025","Sorlandet"
"NINFP2110072856",7.56793019612167,8.20455455780029,13859,2,"meta_highrescanopyheight_orthophoto",0.5,"orthophoto_50cm_2025","Sorlandet"
"NINFP2110061534",2.44255924863349,0.961826592683792,4452,2,"meta_highrescanopyheight_orthophoto",0.5,"orthophoto_50cm_2025","Sorlandet"
"NINFP2310142573",0.0991022439689065,0.0104339132085443,93719,8,"meta_highrescanopyheight_orthophoto",0.5,"orthophoto_50cm_2025","Sorlandet"
"NINFP2510214607",3.34827672109893,0.907000631093979,8972,2,"meta_highrescanopyheight_orthophoto",0.5,"orthophoto_50cm_2025","Sorlandet"
"NINFP2510193805",3.92742776076003,3.50945448875427,5483,2,"meta_highrescanopyheight_orthophoto",0.5,"orthophoto_50cm_2025","Sorlandet"
"NINFP1810028523",2.33278001136072,0.116878755390644,1778,1,"meta_highrescanopyheight_orthophoto",0.5,"orthophoto_50cm_2025","Sorlandet"
"NINFP2410172951",12.4656949335539,12.8394484519958,3998,4,"meta_highrescanopyheight_orthophoto",0.5,"orthophoto_50cm_2025","Sorlandet"
"NINFP2410155618",2.32020640855073,0.049413587898016,182729,7,"meta_highrescanopyheight_orthophoto",0.5,"orthophoto_50cm_2025","Sorlandet"
"NINFP2210106228",6.95693216105445,6.88512420654297,4812,1,"meta_highrescanopyheight_orthophoto",0.5,"orthophoto_50cm_2025","Sorlandet"
"NINFP2410175749",2.84640194602064,1.47296237945557,18427,3,"meta_highrescanopyheight_orthophoto",0.5,"orthophoto_50cm_2025","Sorlandet"
"NINFP1810040401",1.72364341773789,0.361483976244926,8498,2,"meta_highrescanopyheight_orthophoto",0.5,"orthophoto_50cm_2025","Sorlandet"
"NINFP2510187677",0.603194642324582,0.0122930803336203,51464,4,"meta_highrescanopyheight_orthophoto",0.5,"orthophoto_50cm_2025","Sorlandet"
"NINFP2210088201",0.0289463347144542,0.0106885973364115,12879,2,"meta_highrescanopyheight_orthophoto",0.5,"orthophoto_50cm_2025","Sorlandet"
"NINFP2410151878",7.77918945218975,8.01944303512573,13794,2,"meta_highrescanopyheight_orthophoto",0.5,"orthophoto_50cm_2025","Sorlandet"
"NINFP2310146862",0.664290671720177,0.0158289670944214,36801,5,"meta_highrescanopyheight_orthophoto",0.5,"orthophoto_50cm_2025","Sorlandet"
"NINFP2110014967",2.42818660594551,1.303462266922,63875,4,"meta_highrescanopyheight_orthophoto",0.5,"orthophoto_50cm_2025","Sorlandet"
"NINFP1810002839",2.58770182721331,0.173029512166977,42457,4,"meta_highrescanopyheight_orthophoto",0.5,"orthophoto_50cm_2025","Sorlandet"
"NINFP2410158726",0.257908747317702,0.0175641728565097,8478,4,"meta_highrescanopyheight_orthophoto",0.5,"orthophoto_50cm_2025","Sorlandet"
"NINFP2010013126",4.38759470195209,2.18004751205444,8218,3,"meta_highrescanopyheight_orthophoto",0.5,"orthophoto_50cm_2025","Sorlandet"
"NINFP2410177198",0.0672064135725977,0.0106011144816875,4620,2,"meta_highrescanopyheight_orthophoto",0.5,"orthophoto_50cm_2025","Sorlandet"
"NINFP2410159297",5.98784887431798,5.61700558662415,5978,3,"meta_highrescanopyheight_orthophoto",0.5,"orthophoto_50cm_2025","Sorlandet"
"NINFP2010016455",1.46959519467765,0.200223460793495,4729,2,"meta_highrescanopyheight_orthophoto",0.5,"orthophoto_50cm_2025","Sorlandet"
"NINFP2410154866",1.81705360912914,0.520276129245758,9444,1,"meta_highrescanopyheight_orthophoto",0.5,"orthophoto_50cm_2025","Sorlandet"
"NINFP2410164856",0.894712354530135,0.0228182747960091,14727,4,"meta_highrescanopyheight_orthophoto",0.5,"orthophoto_50cm_2025","Sorlandet"
"NINFP2410156641",0.0208687196213786,0.0104889776557684,11087,2,"meta_highrescanopyheight_orthophoto",0.5,"orthophoto_50cm_2025","Sorlandet"
"NINFP2210099990",1.18503549224328,0.016002849675715,21146,4,"meta_highrescanopyheight_orthophoto",0.5,"orthophoto_50cm_2025","Sorlandet"
"NINFP2410176925",6.81437765053627,6.88020420074463,4165,3,"meta_highrescanopyheight_orthophoto",0.5,"orthophoto_50cm_2025","Sorlandet"
"NINFP2410178475",6.87153525321481,7.12795066833496,11302,2,"meta_highrescanopyheight_orthophoto",0.5,"orthophoto_50cm_2025","Sorlandet"
"NINFP2510187889",4.72418027995299,5.09235143661499,9171,2,"meta_highrescanopyheight_orthophoto",0.5,"orthophoto_50cm_2025","Sorlandet"
"NINFP2410170715",4.60913032696282,3.99581587314606,14126,4,"meta_highrescanopyheight_orthophoto",0.5,"orthophoto_50cm_2025","Sorlandet"
"NINFP2110064650",4.00799658707786,3.90457797050476,4574,2,"meta_highrescanopyheight_orthophoto",0.5,"orthophoto_50cm_2025","Sorlandet"
"NINFP2310145310",9.37979164386858,9.68684673309326,5007,2,"meta_highrescanopyheight_orthophoto",0.5,"orthophoto_50cm_2025","Sorlandet"
"NINFP2110072831",7.87075336830643,9.04729080200195,13337,4,"meta_highrescanopyheight_orthophoto",0.5,"orthophoto_50cm_2025","Sorlandet"
"NINFP2010038383",4.99673013725936,4.58364105224609,22005,4,"meta_highrescanopyheight_orthophoto",0.5,"orthophoto_50cm_2025","Sorlandet"
"NINFP2110007942",8.52941168640366,9.05229711532593,7154,2,"meta_highrescanopyheight_orthophoto",0.5,"orthophoto_50cm_2025","Sorlandet"
"NINFP1810038503",3.01835313819237,1.78858470916748,6269,4,"meta_highrescanopyheight_orthophoto",0.5,"orthophoto_50cm_2025","Sorlandet"
"NINFP2110068469",0.240194205594537,0.010656070895493,103005,8,"meta_highrescanopyheight_orthophoto",0.5,"orthophoto_50cm_2025","Sorlandet"
"NINFP2310146649",1.47293020044559,0.150924265384674,21062,6,"meta_highrescanopyheight_orthophoto",0.5,"orthophoto_50cm_2025","Sorlandet"
"NINFP1810038504",4.4909407389443,4.5907621383667,5573,2,"meta_highrescanopyheight_orthophoto",0.5,"orthophoto_50cm_2025","Sorlandet"
"NINFP2110004257",1.46573425726802,0.0123987197875977,15283,5,"meta_highrescanopyheight_orthophoto",0.5,"orthophoto_50cm_2025","Sorlandet"
"NINFP2310130843",2.97327210371818,2.71423232555389,3266,1,"meta_highrescanopyheight_orthophoto",0.5,"orthophoto_50cm_2025","Sorlandet"
"NINFP2410167314",1.55782609134204,0.123127341270447,4099,1,"meta_highrescanopyheight_orthophoto",0.5,"orthophoto_50cm_2025","Sorlandet"
"NINFP2110062452",11.8531439913806,12.4903740882874,10464,1,"meta_highrescanopyheight_orthophoto",0.5,"orthophoto_50cm_2025","Sorlandet"
"NINFP2110064130",3.47695742163256,2.93955945968628,18369,2,"meta_highrescanopyheight_orthophoto",0.5,"orthophoto_50cm_2025","Sorlandet"
"NINFP1910030930",8.01126578498428,9.10931968688965,12157,3,"meta_highrescanopyheight_orthophoto",0.5,"orthophoto_50cm_2025","Sorlandet"
"NINFP2310114150",0.484323510472483,0.0108675574883819,6592,2,"meta_highrescanopyheight_orthophoto",0.5,"orthophoto_50cm_2025","Sorlandet"
"NINFP2210079753",3.20979894311617,2.57013094425201,4078,2,"meta_highrescanopyheight_orthophoto",0.5,"orthophoto_50cm_2025","Sorlandet"
"NINFP2510218915",6.50766970369228,6.91035842895508,63595,5,"meta_highrescanopyheight_orthophoto",0.5,"orthophoto_50cm_2025","Sorlandet"
"NINFP2410154897",11.9582967528226,12.4367618560791,15103,2,"meta_highrescanopyheight_orthophoto",0.5,"orthophoto_50cm_2025","Sorlandet"
"NINFP2110065207",7.61492723706673,8.32630205154419,13032,2,"meta_highrescanopyheight_orthophoto",0.5,"orthophoto_50cm_2025","Sorlandet"
"NINFP2210107752",11.7891398964887,12.3865461349487,10455,1,"meta_highrescanopyheight_orthophoto",0.5,"orthophoto_50cm_2025","Sorlandet"
"NINFP2110030947",0.0275544372469513,0.0101392539218068,63373,6,"meta_highrescanopyheight_orthophoto",0.5,"orthophoto_50cm_2025","Sorlandet"
"NINFP2410179627",4.70426542221469,4.8211522102356,7707,1,"meta_highrescanopyheight_orthophoto",0.5,"orthophoto_50cm_2025","Sorlandet"
"NINFP1910017369",3.70350437550073,0.591538071632385,7503,4,"meta_highrescanopyheight_orthophoto",0.5,"orthophoto_50cm_2025","Sorlandet"
"NINFP1810037708",0.684839034660015,0.0170964747667313,45963,4,"meta_highrescanopyheight_orthophoto",0.5,"orthophoto_50cm_2025","Sorlandet"
"NINFP2310128263",0.0181385619709922,0.0107157835736871,3594,3,"meta_highrescanopyheight_orthophoto",0.5,"orthophoto_50cm_2025","Sorlandet"
"NINFP2210084299",2.66124804623824,2.24007701873779,5410,2,"meta_highrescanopyheight_orthophoto",0.5,"orthophoto_50cm_2025","Sorlandet"
"NINFP2110064603",7.1684660439778,7.91779041290283,5216,2,"meta_highrescanopyheight_orthophoto",0.5,"orthophoto_50cm_2025","Sorlandet"
"NINFP2210080803",6.00015195670969,5.68948459625244,8659,4,"meta_highrescanopyheight_orthophoto",0.5,"orthophoto_50cm_2025","Sorlandet"
"NINFP2410156713",1.66115378222815,0.320189267396927,26513,2,"meta_highrescanopyheight_orthophoto",0.5,"orthophoto_50cm_2025","Sorlandet"
"NINFP2410157154",0.0105167810355146,0.0100735910236835,16706,2,"meta_highrescanopyheight_orthophoto",0.5,"orthophoto_50cm_2025","Sorlandet"
"NINFP2110013866",6.83068689238139,7.98260092735291,2648,1,"meta_highrescanopyheight_orthophoto",0.5,"orthophoto_50cm_2025","Sorlandet"
"NINFP2310147347",0.139579886966143,0.0103605715557933,40573,4,"meta_highrescanopyheight_orthophoto",0.5,"orthophoto_50cm_2025","Sorlandet"
"NINFP2210086222",2.84138125054679,1.81463497877121,5724,2,"meta_highrescanopyheight_orthophoto",0.5,"orthophoto_50cm_2025","Sorlandet"
"NINFP2110060919",2.78220506485462,1.1434623003006,4947,2,"meta_highrescanopyheight_orthophoto",0.5,"orthophoto_50cm_2025","Sorlandet"
"NINFP2510190784",0.289216214814385,0.0117531334981322,115398,9,"meta_highrescanopyheight_orthophoto",0.5,"orthophoto_50cm_2025","Sorlandet"
"NINFP2410180866",0.114792075082681,0.0114407241344452,17445,3,"meta_highrescanopyheight_orthophoto",0.5,"orthophoto_50cm_2025","Sorlandet"
"NINFP1910054057",3.68149262275665,1.72924327850342,47683,6,"meta_highrescanopyheight_orthophoto",0.5,"orthophoto_50cm_2025","Sorlandet"
"NINFP2410168384",1.26136867695648,0.194967322051525,27488,3,"meta_highrescanopyheight_orthophoto",0.5,"orthophoto_50cm_2025","Sorlandet"
"NINFP2410155622",4.82162241804146,4.65888786315918,8357,3,"meta_highrescanopyheight_orthophoto",0.5,"orthophoto_50cm_2025","Sorlandet"
"NINFP1810000618",7.45862091854868,7.06457781791687,20352,3,"meta_highrescanopyheight_orthophoto",0.5,"orthophoto_50cm_2025","Sorlandet"
"NINFP2110056868",6.75255882000557,7.47692656517029,6260,1,"meta_highrescanopyheight_orthophoto",0.5,"orthophoto_50cm_2025","Sorlandet"
"NINFP2110018753",0.311922537257467,0.0181563748046756,4284,3,"meta_highrescanopyheight_orthophoto",0.5,"orthophoto_50cm_2025","Sorlandet"
"NINFP2110060158",4.45283956399427,3.96689128875732,13219,3,"meta_highrescanopyheight_orthophoto",0.5,"orthophoto_50cm_2025","Sorlandet"
"NINFP2310119745",5.00183404239163,3.99883389472961,7385,2,"meta_highrescanopyheight_orthophoto",0.5,"orthophoto_50cm_2025","Sorlandet"
"NINFP2510201411",11.3815460824095,11.9241485595703,4515,2,"meta_highrescanopyheight_orthophoto",0.5,"orthophoto_50cm_2025","Sorlandet"
"NINFP2510214229",4.76649260626199,4.05338191986084,6817,2,"meta_highrescanopyheight_orthophoto",0.5,"orthophoto_50cm_2025","Sorlandet"
"NINFP2410175745",7.37329223361373,7.36787867546082,7946,1,"meta_highrescanopyheight_orthophoto",0.5,"orthophoto_50cm_2025","Sorlandet"
"NINFP1910043908",5.12858574667538,4.94588112831116,16114,5,"meta_highrescanopyheight_orthophoto",0.5,"orthophoto_50cm_2025","Sorlandet"
"NINFP2110007073",0.276119703198078,0.0111393127590418,6600,1,"meta_highrescanopyheight_orthophoto",0.5,"orthophoto_50cm_2025","Sorlandet"
"NINFP2410167454",0.103481157084299,0.0102771329693496,80540,6,"meta_highrescanopyheight_orthophoto",0.5,"orthophoto_50cm_2025","Sorlandet"
"NINFP2210075245",6.84695015110151,7.16967463493347,198,1,"meta_highrescanopyheight_orthophoto",0.5,"orthophoto_50cm_2025","Sorlandet"
"NINFP2110031489",0.0118926004114456,0.0115691483952105,5248,2,"meta_highrescanopyheight_orthophoto",0.5,"orthophoto_50cm_2025","Sorlandet"
"NINFP2110009648",2.48728884421287,0.69023123383522,19036,3,"meta_highrescanopyheight_orthophoto",0.5,"orthophoto_50cm_2025","Sorlandet"
"NINFP1810008420",4.31047006394605,3.75812745094299,10059,1,"meta_highrescanopyheight_orthophoto",0.5,"orthophoto_50cm_2025","Sorlandet"
"NINFP2410159698",1.47127626309315,0.0733230598270893,28670,3,"meta_highrescanopyheight_orthophoto",0.5,"orthophoto_50cm_2025","Sorlandet"
"NINFP1810034523",0.148390118144138,0.0108641181141138,40514,3,"meta_highrescanopyheight_orthophoto",0.5,"orthophoto_50cm_2025","Sorlandet"
"NINFP2310146860",0.688170086583336,0.0441884249448776,61203,6,"meta_highrescanopyheight_orthophoto",0.5,"orthophoto_50cm_2025","Sorlandet"
"NINFP2310120059",0.50245900143759,0.0120519585907459,10685,2,"meta_highrescanopyheight_orthophoto",0.5,"orthophoto_50cm_2025","Sorlandet"
"NINFP2210109337",15.4004473006325,15.9873108863831,6796,2,"meta_highrescanopyheight_orthophoto",0.5,"orthophoto_50cm_2025","Sorlandet"
"NINFP2110057856",5.31331767669058,5.56841897964478,18246,4,"meta_highrescanopyheight_orthophoto",0.5,"orthophoto_50cm_2025","Sorlandet"
"NINFP2310131889",0.174737609813804,0.0122959902510047,64008,4,"meta_highrescanopyheight_orthophoto",0.5,"orthophoto_50cm_2025","Sorlandet"
"NINFP2410158898",1.58876998510577,0.0984977185726166,4611,2,"meta_highrescanopyheight_orthophoto",0.5,"orthophoto_50cm_2025","Sorlandet"
"NINFP2410157996",0.0100251619318878,0.010021110996604,38707,3,"meta_highrescanopyheight_orthophoto",0.5,"orthophoto_50cm_2025","Sorlandet"
"NINFP2510191242",1.69624383868696,0.260573893785477,5005,2,"meta_highrescanopyheight_orthophoto",0.5,"orthophoto_50cm_2025","Sorlandet"
"NINFP2010047711",5.92596224790657,6.22392511367798,6760,2,"meta_highrescanopyheight_orthophoto",0.5,"orthophoto_50cm_2025","Sorlandet"
"NINFP1810037694",0.489964793122476,0.020306727848947,9466,4,"meta_highrescanopyheight_orthophoto",0.5,"orthophoto_50cm_2025","Sorlandet"
"NINFP1810040398",4.51857357297854,3.87568843364716,12616,2,"meta_highrescanopyheight_orthophoto",0.5,"orthophoto_50cm_2025","Sorlandet"
"NINFP2110072803",7.25475381071259,8.22449588775635,16413,2,"meta_highrescanopyheight_orthophoto",0.5,"orthophoto_50cm_2025","Sorlandet"
"NINFP2510218334",3.3132480293856,0.747452557086945,15720,4,"meta_highrescanopyheight_orthophoto",0.5,"orthophoto_50cm_2025","Sorlandet"
"NINFP2110005245",0.0110115175068114,0.0101846912875772,54687,4,"meta_highrescanopyheight_orthophoto",0.5,"orthophoto_50cm_2025","Sorlandet"
"NINFP2310119642",7.7194217859594,8.18257904052734,18113,2,"meta_highrescanopyheight_orthophoto",0.5,"orthophoto_50cm_2025","Sorlandet"
"NINFP2510214495",5.88544306701752,5.0300018787384,14276,4,"meta_highrescanopyheight_orthophoto",0.5,"orthophoto_50cm_2025","Sorlandet"
"NINFP2110045883",9.54186728750117,9.83258295059204,8634,2,"meta_highrescanopyheight_orthophoto",0.5,"orthophoto_50cm_2025","Sorlandet"
"NINFP2110010351",6.58480988460368,7.07591247558594,70276,5,"meta_highrescanopyheight_orthophoto",0.5,"orthophoto_50cm_2025","Sorlandet"
"NINFP2110019863",3.27099683820035,2.36134099960327,11569,2,"meta_highrescanopyheight_orthophoto",0.5,"orthophoto_50cm_2025","Sorlandet"
"NINFP2510184468",4.60233233619077,3.95949172973633,72389,6,"meta_highrescanopyheight_orthophoto",0.5,"orthophoto_50cm_2025","Sorlandet"
"NINFP1810031766",4.38616073486918,1.9269425868988,11812,2,"meta_highrescanopyheight_orthophoto",0.5,"orthophoto_50cm_2025","Sorlandet"
"NINFP2510203638",7.70189583960968,7.86190414428711,17402,3,"meta_highrescanopyheight_orthophoto",0.5,"orthophoto_50cm_2025","Sorlandet"
"NINFP2410155607",4.56223147590133,4.39626169204712,33631,4,"meta_highrescanopyheight_orthophoto",0.5,"orthophoto_50cm_2025","Sorlandet"
"NINFP2210086996",8.16262223157172,8.08323621749878,4452,2,"meta_highrescanopyheight_orthophoto",0.5,"orthophoto_50cm_2025","Sorlandet"
"NINFP2510193794",1.60048809948916,0.236524537205696,5276,2,"meta_highrescanopyheight_orthophoto",0.5,"orthophoto_50cm_2025","Sorlandet"
"NINFP2510198544",3.36301704345487,2.4877233505249,4117,2,"meta_highrescanopyheight_orthophoto",0.5,"orthophoto_50cm_2025","Sorlandet"
"NINFP2310121761",2.1781942953619,0.35280741751194,3776,2,"meta_highrescanopyheight_orthophoto",0.5,"orthophoto_50cm_2025","Sorlandet"
"NINFP1810003799",2.39185064760162,0.115471139550209,41051,4,"meta_highrescanopyheight_orthophoto",0.5,"orthophoto_50cm_2025","Sorlandet"
"NINFP2410163715",7.52610797992815,8.52627944946289,8093,3,"meta_highrescanopyheight_orthophoto",0.5,"orthophoto_50cm_2025","Sorlandet"
"NINFP1810012126",7.55798249734384,7.84864926338196,5554,2,"meta_highrescanopyheight_orthophoto",0.5,"orthophoto_50cm_2025","Sorlandet"
"NINFP2410181376",4.94204399472739,4.6645028591156,22448,5,"meta_highrescanopyheight_orthophoto",0.5,"orthophoto_50cm_2025","Sorlandet"
"NINFP2410175395",5.97997963281127,6.36542224884033,7265,3,"meta_highrescanopyheight_orthophoto",0.5,"orthophoto_50cm_2025","Sorlandet"
"NINFP2310144067",8.11901880273231,8.07076025009155,9212,1,"meta_highrescanopyheight_orthophoto",0.5,"orthophoto_50cm_2025","Sorlandet"
"NINFP2510218700",9.01635513752985,9.52622699737549,5727,2,"meta_highrescanopyheight_orthophoto",0.5,"orthophoto_50cm_2025","Sorlandet"
"NINFP2110027608",0.340535933284638,0.0124904909171164,15492,3,"meta_highrescanopyheight_orthophoto",0.5,"orthophoto_50cm_2025","Sorlandet"
"NINFP2410179987",4.79240727497045,4.42633008956909,4025,4,"meta_highrescanopyheight_orthophoto",0.5,"orthophoto_50cm_2025","Sorlandet"
"NINFP2410156365",2.91565615721166,1.69627010822296,54384,7,"meta_highrescanopyheight_orthophoto",0.5,"orthophoto_50cm_2025","Sorlandet"
"NINFP2510186656",6.09457386524965,6.33157014846802,7755,1,"meta_highrescanopyheight_orthophoto",0.5,"orthophoto_50cm_2025","Sorlandet"
"NINFP1910044831",3.91219401402102,2.39328551292419,38180,7,"meta_highrescanopyheight_orthophoto",0.5,"orthophoto_50cm_2025","Sorlandet"
"NINFP1810002571",1.91103327534871,0.0249611157923937,9408,2,"meta_highrescanopyheight_orthophoto",0.5,"orthophoto_50cm_2025","Sorlandet"
"NINFP2410159340",3.49090473525087,2.2111337184906,5313,3,"meta_highrescanopyheight_orthophoto",0.5,"orthophoto_50cm_2025","Sorlandet"
"NINFP2110002065",0.551315327529968,0.0122469402849674,15541,2,"meta_highrescanopyheight_orthophoto",0.5,"orthophoto_50cm_2025","Sorlandet"
"NINFP2410158629",0.314013063036288,0.023081386461854,25353,1,"meta_highrescanopyheight_orthophoto",0.5,"orthophoto_50cm_2025","Sorlandet"
"NINFP2210109743",2.24450787680469,1.17428785562515,6246,4,"meta_highrescanopyheight_orthophoto",0.5,"orthophoto_50cm_2025","Sorlandet"
"NINFP1910010607",1.76074414050812,0.0232566855847836,13959,3,"meta_highrescanopyheight_orthophoto",0.5,"orthophoto_50cm_2025","Sorlandet"
"NINFP2410174139",0.0103245680747191,0.0101806703023612,4420,1,"meta_highrescanopyheight_orthophoto",0.5,"orthophoto_50cm_2025","Sorlandet"
"NINFP2210105141",1.20571602206446,0.343893885612488,4025,2,"meta_highrescanopyheight_orthophoto",0.5,"orthophoto_50cm_2025","Sorlandet"
"NINFP2310146096",5.48868107834886,3.80256581306458,4118,1,"meta_highrescanopyheight_orthophoto",0.5,"orthophoto_50cm_2025","Sorlandet"
"NINFP2110065018",7.1430899878822,8.02332973480225,6382,4,"meta_highrescanopyheight_orthophoto",0.5,"orthophoto_50cm_2025","Sorlandet"
"NINFP2410157149",0.301479817540027,0.0129703395068645,48907,6,"meta_highrescanopyheight_orthophoto",0.5,"orthophoto_50cm_2025","Sorlandet"
"NINFP2410168429",4.25544456216665,3.25764179229736,19543,3,"meta_highrescanopyheight_orthophoto",0.5,"orthophoto_50cm_2025","Sorlandet"
"NINFP2110061381",1.51954819219041,0.15001218020916,10005,3,"meta_highrescanopyheight_orthophoto",0.5,"orthophoto_50cm_2025","Sorlandet"
"NINFP2010006692",9.8174402145221,11.3142013549805,5927,1,"meta_highrescanopyheight_orthophoto",0.5,"orthophoto_50cm_2025","Sorlandet"
"NINFP2510211067",4.53047217525948,4.20161080360413,4328,4,"meta_highrescanopyheight_orthophoto",0.5,"orthophoto_50cm_2025","Sorlandet"
"NINFP2210084544",0.273944840320682,0.01325887395069,54790,4,"meta_highrescanopyheight_orthophoto",0.5,"orthophoto_50cm_2025","Sorlandet"
"NINFP2310114897",13.8159520237678,14.5416669845581,12974,4,"meta_highrescanopyheight_orthophoto",0.5,"orthophoto_50cm_2025","Sorlandet"
"NINFP2110056844",8.0069027452896,8.14003849029541,45089,4,"meta_highrescanopyheight_orthophoto",0.5,"orthophoto_50cm_2025","Sorlandet"
"NINFP1810030294",5.2698464156017,4.50680041313171,8860,2,"meta_highrescanopyheight_orthophoto",0.5,"orthophoto_50cm_2025","Sorlandet"
"NINFP2310134414",3.95812574290732,3.67536973953247,4241,4,"meta_highrescanopyheight_orthophoto",0.5,"orthophoto_50cm_2025","Sorlandet"
"NINFP1810001291",4.79944595228802,3.03156423568726,9524,2,"meta_highrescanopyheight_orthophoto",0.5,"orthophoto_50cm_2025","Sorlandet"
"NINFP2410164512",9.43383924713564,10.3791561126709,7499,2,"meta_highrescanopyheight_orthophoto",0.5,"orthophoto_50cm_2025","Sorlandet"
"NINFP2510217141",8.72337909517499,9.27365827560425,5814,4,"meta_highrescanopyheight_orthophoto",0.5,"orthophoto_50cm_2025","Sorlandet"
"NINFP2410182254",0.132643434758906,0.0110137853771448,264548,22,"meta_highrescanopyheight_orthophoto",0.5,"orthophoto_50cm_2025","Sorlandet"
"NINFP2310134855",6.17516668246373,5.84545850753784,10133,4,"meta_highrescanopyheight_orthophoto",0.5,"orthophoto_50cm_2025","Sorlandet"
"NINFP2510190662",0.546808840022434,0.0159441903233528,51141,5,"meta_highrescanopyheight_orthophoto",0.5,"orthophoto_50cm_2025","Sorlandet"
"NINFP2110025283",0.0482808229529422,0.0103103639557958,41969,4,"meta_highrescanopyheight_orthophoto",0.5,"orthophoto_50cm_2025","Sorlandet"
"NINFP2010016060",1.27660806508382,0.0103659145534039,13334,3,"meta_highrescanopyheight_orthophoto",0.5,"orthophoto_50cm_2025","Sorlandet"
"NINFP1810009912",7.37808564325779,7.18588066101074,11354,2,"meta_highrescanopyheight_orthophoto",0.5,"orthophoto_50cm_2025","Sorlandet"
"NINFP2310140921",3.07633067087822,1.50921809673309,11224,2,"meta_highrescanopyheight_orthophoto",0.5,"orthophoto_50cm_2025","Sorlandet"
"NINFP2010024697",6.36904187794701,6.67077970504761,15533,2,"meta_highrescanopyheight_orthophoto",0.5,"orthophoto_50cm_2025","Sorlandet"
"NINFP2510217892",8.8006079954668,9.8873348236084,4401,1,"meta_highrescanopyheight_orthophoto",0.5,"orthophoto_50cm_2025","Sorlandet"
"NINFP1810036849",3.64516513727203,1.99745559692383,7331,2,"meta_highrescanopyheight_orthophoto",0.5,"orthophoto_50cm_2025","Sorlandet"
"NINFP2110013576",3.55703055596626,3.50993180274963,4199,1,"meta_highrescanopyheight_orthophoto",0.5,"orthophoto_50cm_2025","Sorlandet"
"NINFP2310139846",0.593769944532784,0.0286792060360312,10634,4,"meta_highrescanopyheight_orthophoto",0.5,"orthophoto_50cm_2025","Sorlandet"
"NINFP2410157194",0.0102093950615954,0.0101921227760613,8690,1,"meta_highrescanopyheight_orthophoto",0.5,"orthophoto_50cm_2025","Sorlandet"
"NINFP2110048304",0.0349395195441276,0.0105664376169443,8272,4,"meta_highrescanopyheight_orthophoto",0.5,"orthophoto_50cm_2025","Sorlandet"
"NINFP1810034535",1.85713291019201,1.67803937196732,80,1,"meta_highrescanopyheight_orthophoto",0.5,"orthophoto_50cm_2025","Sorlandet"
"NINFP2310139807",5.9932093118186,5.60744905471802,28618,4,"meta_highrescanopyheight_orthophoto",0.5,"orthophoto_50cm_2025","Sorlandet"
"NINFP2210109703",13.6766231344137,15.177661895752,24649,2,"meta_highrescanopyheight_orthophoto",0.5,"orthophoto_50cm_2025","Sorlandet"
"NINFP2110011863",0.375442038130525,0.111927442252636,4876,2,"meta_highrescanopyheight_orthophoto",0.5,"orthophoto_50cm_2025","Sorlandet"
"NINFP2310144434",2.05246280697451,0.96432363986969,4757,1,"meta_highrescanopyheight_orthophoto",0.5,"orthophoto_50cm_2025","Sorlandet"
"NINFP2510209280",4.85739472973568,4.23185300827026,16905,5,"meta_highrescanopyheight_orthophoto",0.5,"orthophoto_50cm_2025","Sorlandet"
"NINFP2110072813",4.24419530169346,2.9389967918396,6879,1,"meta_highrescanopyheight_orthophoto",0.5,"orthophoto_50cm_2025","Sorlandet"
"NINFP2410162565",5.93435782136085,5.54032135009766,10909,1,"meta_highrescanopyheight_orthophoto",0.5,"orthophoto_50cm_2025","Sorlandet"
"NINFP2510186554",1.6931795924319,0.767917931079865,5160,1,"meta_highrescanopyheight_orthophoto",0.5,"orthophoto_50cm_2025","Sorlandet"
"NINFP2410154016",0.302801176047068,0.011023161932826,23117,2,"meta_highrescanopyheight_orthophoto",0.5,"orthophoto_50cm_2025","Sorlandet"
"NINFP2510191295",1.17278859254401,0.340783268213272,4268,1,"meta_highrescanopyheight_orthophoto",0.5,"orthophoto_50cm_2025","Sorlandet"
"NINFP2210090707",5.02051220771904,5.42300987243652,4245,3,"meta_highrescanopyheight_orthophoto",0.5,"orthophoto_50cm_2025","Sorlandet"
"NINFP1810007943",2.16974203323253,0.58087220788002,77250,8,"meta_highrescanopyheight_orthophoto",0.5,"orthophoto_50cm_2025","Sorlandet"
"NINFP2110010069",8.38432287591946,9.55234909057617,20194,2,"meta_highrescanopyheight_orthophoto",0.5,"orthophoto_50cm_2025","Sorlandet"
"NINFP2410182966",4.62058583551712,3.56843447685242,7388,4,"meta_highrescanopyheight_orthophoto",0.5,"orthophoto_50cm_2025","Sorlandet"
"NINFP1810033154",3.26555004580093,1.56821501255035,2249,2,"meta_highrescanopyheight_orthophoto",0.5,"orthophoto_50cm_2025","Sorlandet"
"NINFP1910018933",0.912519695150996,0.0361162200570107,9477,2,"meta_highrescanopyheight_orthophoto",0.5,"orthophoto_50cm_2025","Sorlandet"
"NINFP2110009697",0.010495978849043,0.0104236458428204,1194,1,"meta_highrescanopyheight_orthophoto",0.5,"orthophoto_50cm_2025","Sorlandet"
"NINFP1810030920",5.44430097598138,5.24300718307495,5084,4,"meta_highrescanopyheight_orthophoto",0.5,"orthophoto_50cm_2025","Sorlandet"
"NINFP2410164683",0.0111030327362997,0.01032720413059,1387,1,"meta_highrescanopyheight_orthophoto",0.5,"orthophoto_50cm_2025","Sorlandet"
"NINFP1910028672",3.50564330370636,2.094611287117,4836,2,"meta_highrescanopyheight_orthophoto",0.5,"orthophoto_50cm_2025","Sorlandet"
"NINFP2410181375",3.20100876777858,2.40324819087982,11136,4,"meta_highrescanopyheight_orthophoto",0.5,"orthophoto_50cm_2025","Sorlandet"
"NINFP2310132286",1.48428864017228,0.695823550224304,5713,2,"meta_highrescanopyheight_orthophoto",0.5,"orthophoto_50cm_2025","Sorlandet"
"NINFP2410180119",6.72229998317294,7.09726190567017,12296,2,"meta_highrescanopyheight_orthophoto",0.5,"orthophoto_50cm_2025","Sorlandet"
"NINFP2210079083",8.1329207884622,8.54461097717285,16018,1,"meta_highrescanopyheight_orthophoto",0.5,"orthophoto_50cm_2025","Sorlandet"
"NINFP2210081808",2.36942437705419,0.628680467605591,13049,2,"meta_highrescanopyheight_orthophoto",0.5,"orthophoto_50cm_2025","Sorlandet"
"NINFP2510202728",1.11332923780072,0.0871765986084938,147207,9,"meta_highrescanopyheight_orthophoto",0.5,"orthophoto_50cm_2025","Sorlandet"
"NINFP2510214361",7.36033200560109,7.30500483512878,7462,2,"meta_highrescanopyheight_orthophoto",0.5,"orthophoto_50cm_2025","Sorlandet"
"NINFP2510190634",1.43395480589066,0.213862374424934,4641,1,"meta_highrescanopyheight_orthophoto",0.5,"orthophoto_50cm_2025","Sorlandet"
"NINFP2110048311",0.0630794405327576,0.012457225471735,5182,2,"meta_highrescanopyheight_orthophoto",0.5,"orthophoto_50cm_2025","Sorlandet"
"NINFP2310125901",0.638131928466177,0.0104183191433549,19632,3,"meta_highrescanopyheight_orthophoto",0.5,"orthophoto_50cm_2025","Sorlandet"
"NINFP2310118930",6.15142561911908,6.35107088088989,43081,7,"meta_highrescanopyheight_orthophoto",0.5,"orthophoto_50cm_2025","Sorlandet"
"NINFP2510217411",4.97753925497707,3.31794023513794,9231,2,"meta_highrescanopyheight_orthophoto",0.5,"orthophoto_50cm_2025","Sorlandet"
"NINFP2310142288",4.95960286468083,3.32562577724457,35800,8,"meta_highrescanopyheight_orthophoto",0.5,"orthophoto_50cm_2025","Sorlandet"
"NINFP2110021279",0.307602775367612,0.0101909944787621,147294,8,"meta_highrescanopyheight_orthophoto",0.5,"orthophoto_50cm_2025","Sorlandet"
"NINFP2510215421",7.01071146847996,7.42261171340942,5745,1,"meta_highrescanopyheight_orthophoto",0.5,"orthophoto_50cm_2025","Sorlandet"
"NINFP2010037594",6.08098343066467,6.13457846641541,8444,2,"meta_highrescanopyheight_orthophoto",0.5,"orthophoto_50cm_2025","Sorlandet"
"NINFP2410151752",11.2153995378318,12.3982887268066,3589,1,"meta_highrescanopyheight_orthophoto",0.5,"orthophoto_50cm_2025","Sorlandet"
"NINFP1910052415",1.76262254298051,0.0310177281498909,12603,4,"meta_highrescanopyheight_orthophoto",0.5,"orthophoto_50cm_2025","Sorlandet"
"NINFP1810037723",2.6100298359844,0.857069849967957,13306,1,"meta_highrescanopyheight_orthophoto",0.5,"orthophoto_50cm_2025","Sorlandet"
"NINFP2510212009",5.36730980970581,4.45974040031433,20918,4,"meta_highrescanopyheight_orthophoto",0.5,"orthophoto_50cm_2025","Sorlandet"
"NINFP2110037961",0.126476981923925,0.0108197573572397,14007,1,"meta_highrescanopyheight_orthophoto",0.5,"orthophoto_50cm_2025","Sorlandet"
"NINFP2210085272",1.63051684515001,0.848991692066193,5814,2,"meta_highrescanopyheight_orthophoto",0.5,"orthophoto_50cm_2025","Sorlandet"
"NINFP2210086303",2.07985651251658,0.659039855003357,4497,2,"meta_highrescanopyheight_orthophoto",0.5,"orthophoto_50cm_2025","Sorlandet"
"NINFP2510191073",1.06498366451925,0.0243351459503174,146993,8,"meta_highrescanopyheight_orthophoto",0.5,"orthophoto_50cm_2025","Sorlandet"
"NINFP2010039813",10.9130005503606,11.8713440895081,8182,3,"meta_highrescanopyheight_orthophoto",0.5,"orthophoto_50cm_2025","Sorlandet"
"NINFP2110020122",8.83006607838461,9.60634326934814,6789,1,"meta_highrescanopyheight_orthophoto",0.5,"orthophoto_50cm_2025","Sorlandet"
"NINFP1810032385",2.0348777888419,0.673145949840546,2417,2,"meta_highrescanopyheight_orthophoto",0.5,"orthophoto_50cm_2025","Sorlandet"
"NINFP2310134228",5.95901724164817,6.30673599243164,6809,2,"meta_highrescanopyheight_orthophoto",0.5,"orthophoto_50cm_2025","Sorlandet"
"NINFP2310122497",8.37511842640021,9.70015430450439,8283,4,"meta_highrescanopyheight_orthophoto",0.5,"orthophoto_50cm_2025","Sorlandet"
"NINFP2210074957",2.26095305551035,0.596841990947723,26810,6,"meta_highrescanopyheight_orthophoto",0.5,"orthophoto_50cm_2025","Sorlandet"
"NINFP2310134525",3.96541417683553,2.94409251213074,5317,2,"meta_highrescanopyheight_orthophoto",0.5,"orthophoto_50cm_2025","Sorlandet"
"NINFP2410156922",0.0154002876019635,0.0100652389228344,27241,3,"meta_highrescanopyheight_orthophoto",0.5,"orthophoto_50cm_2025","Sorlandet"
"NINFP1810030273",1.71521991657798,0.509158819913864,5790,2,"meta_highrescanopyheight_orthophoto",0.5,"orthophoto_50cm_2025","Sorlandet"
"NINFP2510194521",0.309912892448261,0.0111569324508309,4970,2,"meta_highrescanopyheight_orthophoto",0.5,"orthophoto_50cm_2025","Sorlandet"
"NINFP2510191244",1.22684402448435,0.113543018698692,5449,1,"meta_highrescanopyheight_orthophoto",0.5,"orthophoto_50cm_2025","Sorlandet"
"NINFP2410154361",3.07326772965117,2.25365447998047,8691,2,"meta_highrescanopyheight_orthophoto",0.5,"orthophoto_50cm_2025","Sorlandet"
"NINFP2110029601",0.10217706382482,0.0103090307675302,5604,3,"meta_highrescanopyheight_orthophoto",0.5,"orthophoto_50cm_2025","Sorlandet"
"NINFP2410157941",0.0100339830780052,0.0100246882066131,19164,3,"meta_highrescanopyheight_orthophoto",0.5,"orthophoto_50cm_2025","Sorlandet"
"NINFP2010005590",0.214352585550834,0.0107956593856215,8065,3,"meta_highrescanopyheight_orthophoto",0.5,"orthophoto_50cm_2025","Sorlandet"
"NINFP2210077076",6.36254111362654,6.64810919761658,40314,4,"meta_highrescanopyheight_orthophoto",0.5,"orthophoto_50cm_2025","Sorlandet"
"NINFP1810008483",0.542090605539342,0.0117155266925693,50862,5,"meta_highrescanopyheight_orthophoto",0.5,"orthophoto_50cm_2025","Sorlandet"
"NINFP2410157991",0.0100608179680483,0.0100377611815929,22841,3,"meta_highrescanopyheight_orthophoto",0.5,"orthophoto_50cm_2025","Sorlandet"
"NINFP2410153892",0.0448984268685172,0.010165854357183,141280,8,"meta_highrescanopyheight_orthophoto",0.5,"orthophoto_50cm_2025","Sorlandet"
"NINFP2510214190",0.428511664377548,0.0106128384359181,82658,5,"meta_highrescanopyheight_orthophoto",0.5,"orthophoto_50cm_2025","Sorlandet"
"NINFP2210086218",4.35781204499684,3.82857739925385,4220,2,"meta_highrescanopyheight_orthophoto",0.5,"orthophoto_50cm_2025","Sorlandet"
"NINFP2310133298",4.23665120386668,3.31061553955078,11351,3,"meta_highrescanopyheight_orthophoto",0.5,"orthophoto_50cm_2025","Sorlandet"
"NINFP2510201438",10.000002616768,11.2617082595825,10862,2,"meta_highrescanopyheight_orthophoto",0.5,"orthophoto_50cm_2025","Sorlandet"
"NINFP2110001803",6.2955962461798,6.43733215332031,22819,2,"meta_highrescanopyheight_orthophoto",0.5,"orthophoto_50cm_2025","Sorlandet"
"NINFP2410181835",4.58232100955372,4.84855318069458,43200,4,"meta_highrescanopyheight_orthophoto",0.5,"orthophoto_50cm_2025","Sorlandet"
"NINFP2510191925",2.1967491311898,0.331550061702728,5637,4,"meta_highrescanopyheight_orthophoto",0.5,"orthophoto_50cm_2025","Sorlandet"
"NINFP2210089321",0.722439110712492,0.0195564907044172,4880,1,"meta_highrescanopyheight_orthophoto",0.5,"orthophoto_50cm_2025","Sorlandet"
"NINFP1810011997",3.72466584769262,2.83711624145508,44247,5,"meta_highrescanopyheight_orthophoto",0.5,"orthophoto_50cm_2025","Sorlandet"
"NINFP1810003802",3.44600549091359,0.761652648448944,7293,2,"meta_highrescanopyheight_orthophoto",0.5,"orthophoto_50cm_2025","Sorlandet"
"NINFP2410157939",0.0100449677950116,0.0100337471812963,50193,4,"meta_highrescanopyheight_orthophoto",0.5,"orthophoto_50cm_2025","Sorlandet"
"NINFP1810009801",2.81905587319877,0.96248996257782,40266,5,"meta_highrescanopyheight_orthophoto",0.5,"orthophoto_50cm_2025","Sorlandet"
"NINFP2410176697",8.84245166886279,9.59916305541992,45638,10,"meta_highrescanopyheight_orthophoto",0.5,"orthophoto_50cm_2025","Sorlandet"
"NINFP2510217482",11.4265148917328,13.3502492904663,27060,3,"meta_highrescanopyheight_orthophoto",0.5,"orthophoto_50cm_2025","Sorlandet"
"NINFP2110061886",6.3034133712247,6.57470464706421,8201,2,"meta_highrescanopyheight_orthophoto",0.5,"orthophoto_50cm_2025","Sorlandet"
"NINFP2510218203",6.83003313899114,7.33288431167603,15278,3,"meta_highrescanopyheight_orthophoto",0.5,"orthophoto_50cm_2025","Sorlandet"
"NINFP2210109419",16.2771236572,17.945728302002,6671,3,"meta_highrescanopyheight_orthophoto",0.5,"orthophoto_50cm_2025","Sorlandet"
"NINFP2310145585",7.31029199402733,8.92945528030396,11864,2,"meta_highrescanopyheight_orthophoto",0.5,"orthophoto_50cm_2025","Sorlandet"
"NINFP2410158907",0.71147202775636,0.0440827123820782,5190,2,"meta_highrescanopyheight_orthophoto",0.5,"orthophoto_50cm_2025","Sorlandet"
"NINFP1810037746",1.16116726934699,0.0982462577521801,55464,9,"meta_highrescanopyheight_orthophoto",0.5,"orthophoto_50cm_2025","Sorlandet"
"NINFP2410163970",0.0108779870441805,0.0100992750376463,106078,7,"meta_highrescanopyheight_orthophoto",0.5,"orthophoto_50cm_2025","Sorlandet"
"NINFP2410168142",0.353622223882162,0.0118792187422514,23851,4,"meta_highrescanopyheight_orthophoto",0.5,"orthophoto_50cm_2025","Sorlandet"
"NINFP2410178936",5.47677107692458,6.72083640098572,172,1,"meta_highrescanopyheight_orthophoto",0.5,"orthophoto_50cm_2025","Sorlandet"
"NINFP2010005463",8.38551487620853,9.32363319396973,9238,2,"meta_highrescanopyheight_orthophoto",0.5,"orthophoto_50cm_2025","Sorlandet"
"NINFP2010031360",1.10438886609013,0.22659957408905,11522,2,"meta_highrescanopyheight_orthophoto",0.5,"orthophoto_50cm_2025","Sorlandet"
"NINFP2510186772",3.4639861188507,2.6610803604126,5334,2,"meta_highrescanopyheight_orthophoto",0.5,"orthophoto_50cm_2025","Sorlandet"
"NINFP2110021186",0.0216455010579025,0.0100857596844435,270351,14,"meta_highrescanopyheight_orthophoto",0.5,"orthophoto_50cm_2025","Sorlandet"
"NINFP2410165882",0.0129158282644222,0.0105063300579786,16881,2,"meta_highrescanopyheight_orthophoto",0.5,"orthophoto_50cm_2025","Sorlandet"
"NINFP2310128743",0.671104479013531,0.0102373356930912,31350,7,"meta_highrescanopyheight_orthophoto",0.5,"orthophoto_50cm_2025","Sorlandet"
"NINFP2210084554",0.0308549546619406,0.0105443340726197,56740,5,"meta_highrescanopyheight_orthophoto",0.5,"orthophoto_50cm_2025","Sorlandet"
"NINFP2210086293",5.18155890084599,5.24880981445312,14438,2,"meta_highrescanopyheight_orthophoto",0.5,"orthophoto_50cm_2025","Sorlandet"
"NINFP2310117388",6.75668509962471,7.55065965652466,10563,3,"meta_highrescanopyheight_orthophoto",0.5,"orthophoto_50cm_2025","Sorlandet"
"NINFP2310146659",5.05444099576243,5.2666642665863,2480,1,"meta_highrescanopyheight_orthophoto",0.5,"orthophoto_50cm_2025","Sorlandet"
"NINFP2210084874",2.31964669827422,0.441956549882889,2797,1,"meta_highrescanopyheight_orthophoto",0.5,"orthophoto_50cm_2025","Sorlandet"
"NINFP2110022612",0.835106157449367,0.0210104798898101,7282,2,"meta_highrescanopyheight_orthophoto",0.5,"orthophoto_50cm_2025","Sorlandet"
"NINFP1810012046",6.68162225095029,7.28468751907349,5018,1,"meta_highrescanopyheight_orthophoto",0.5,"orthophoto_50cm_2025","Sorlandet"
"NINFP2410175142",12.3987439364728,12.7926530838013,8549,1,"meta_highrescanopyheight_orthophoto",0.5,"orthophoto_50cm_2025","Sorlandet"
"NINFP2510210442",3.40408489542453,2.39973974227905,6211,4,"meta_highrescanopyheight_orthophoto",0.5,"orthophoto_50cm_2025","Sorlandet"
"NINFP2110010023",6.37997679180445,6.75949287414551,5520,2,"meta_highrescanopyheight_orthophoto",0.5,"orthophoto_50cm_2025","Sorlandet"
"NINFP2410156913",0.0101815264464067,0.0100681469775736,60230,6,"meta_highrescanopyheight_orthophoto",0.5,"orthophoto_50cm_2025","Sorlandet"
"NINFP2310121407",5.00728969242659,4.05639433860779,12454,3,"meta_highrescanopyheight_orthophoto",0.5,"orthophoto_50cm_2025","Sorlandet"
"NINFP2110001653",4.62841748045053,4.86334919929504,14010,3,"meta_highrescanopyheight_orthophoto",0.5,"orthophoto_50cm_2025","Sorlandet"
"NINFP1810040404",4.21791900953439,3.8582843542099,4916,3,"meta_highrescanopyheight_orthophoto",0.5,"orthophoto_50cm_2025","Sorlandet"
"NINFP2510184613",0.379099469450399,0.0109939649701118,18025,2,"meta_highrescanopyheight_orthophoto",0.5,"orthophoto_50cm_2025","Sorlandet"
"NINFP2310130960",4.54363314725065,4.16541314125061,2384,2,"meta_highrescanopyheight_orthophoto",0.5,"orthophoto_50cm_2025","Sorlandet"
"NINFP2210090974",0.310608373428782,0.0199686400592327,51343,8,"meta_highrescanopyheight_orthophoto",0.5,"orthophoto_50cm_2025","Sorlandet"
"NINFP2210074746",7.01057152559631,6.94095849990845,30089,6,"meta_highrescanopyheight_orthophoto",0.5,"orthophoto_50cm_2025","Sorlandet"
"NINFP2410165341",7.897182231459,7.8925633430481,4585,1,"meta_highrescanopyheight_orthophoto",0.5,"orthophoto_50cm_2025","Sorlandet"
"NINFP2110010082",6.85610910343916,7.91931414604187,14416,4,"meta_highrescanopyheight_orthophoto",0.5,"orthophoto_50cm_2025","Sorlandet"
"NINFP2310121603",8.58842422945319,8.8389196395874,7826,2,"meta_highrescanopyheight_orthophoto",0.5,"orthophoto_50cm_2025","Sorlandet"
"NINFP2310144686",0.184300854548109,0.0124253849498928,29422,3,"meta_highrescanopyheight_orthophoto",0.5,"orthophoto_50cm_2025","Sorlandet"
"NINFP2210108289",9.26350366959795,10.7619180679321,7146,1,"meta_highrescanopyheight_orthophoto",0.5,"orthophoto_50cm_2025","Sorlandet"
"NINFP2510192257",0.701626449133325,0.0839613638818264,27704,3,"meta_highrescanopyheight_orthophoto",0.5,"orthophoto_50cm_2025","Sorlandet"
"NINFP2410181482",5.60058027401939,5.8349437713623,6293,3,"meta_highrescanopyheight_orthophoto",0.5,"orthophoto_50cm_2025","Sorlandet"
"NINFP2110061011",5.60378155811795,5.8851203918457,17618,4,"meta_highrescanopyheight_orthophoto",0.5,"orthophoto_50cm_2025","Sorlandet"
"NINFP2310135678",1.05414758222893,0.0200349930673838,8005,2,"meta_highrescanopyheight_orthophoto",0.5,"orthophoto_50cm_2025","Sorlandet"
"NINFP2510192517",0.849591653419083,0.0516925901174545,36829,6,"meta_highrescanopyheight_orthophoto",0.5,"orthophoto_50cm_2025","Sorlandet"
"NINFP1910012431",7.27687861538139,7.53763008117676,4751,2,"meta_highrescanopyheight_orthophoto",0.5,"orthophoto_50cm_2025","Sorlandet"
"NINFP2510208050",6.97394195490129,7.12326431274414,17379,2,"meta_highrescanopyheight_orthophoto",0.5,"orthophoto_50cm_2025","Sorlandet"
"NINFP2110034658",0.361443277758298,0.0113745331764221,76632,5,"meta_highrescanopyheight_orthophoto",0.5,"orthophoto_50cm_2025","Sorlandet"
"NINFP2210074876",8.98611917744245,9.78642749786377,6467,2,"meta_highrescanopyheight_orthophoto",0.5,"orthophoto_50cm_2025","Sorlandet"
"NINFP2510190591",0.432213451990309,0.0112135750241578,29350,5,"meta_highrescanopyheight_orthophoto",0.5,"orthophoto_50cm_2025","Sorlandet"
"NINFP2210085705",0.012544780300297,0.0105421468615532,23603,4,"meta_highrescanopyheight_orthophoto",0.5,"orthophoto_50cm_2025","Sorlandet"
"NINFP2110057515",1.36227410544347,1.00552970170975,1188,2,"meta_highrescanopyheight_orthophoto",0.5,"orthophoto_50cm_2025","Sorlandet"
"NINFP2210111374",2.00818871550618,0.619859874248505,7467,3,"meta_highrescanopyheight_orthophoto",0.5,"orthophoto_50cm_2025","Sorlandet"
"NINFP2110018952",0.662845174481534,0.0305375084280968,6708,1,"meta_highrescanopyheight_orthophoto",0.5,"orthophoto_50cm_2025","Sorlandet"
"NINFP2010031607",7.47132379077892,7.91016054153442,12533,2,"meta_highrescanopyheight_orthophoto",0.5,"orthophoto_50cm_2025","Sorlandet"
"NINFP1810034866",0.0847969788283473,0.0109479217790067,6770,1,"meta_highrescanopyheight_orthophoto",0.5,"orthophoto_50cm_2025","Sorlandet"
"NINFP1910047001",6.16786206643419,6.49760007858276,10123,4,"meta_highrescanopyheight_orthophoto",0.5,"orthophoto_50cm_2025","Sorlandet"
"NINFP2210079723",0.246621399519239,0.0109847327694297,7410,2,"meta_highrescanopyheight_orthophoto",0.5,"orthophoto_50cm_2025","Sorlandet"
"NINFP2410156794",0.5458804939763,0.017391636967659,9447,1,"meta_highrescanopyheight_orthophoto",0.5,"orthophoto_50cm_2025","Sorlandet"
"NINFP2110062294",8.844778975757,9.58259868621826,4775,2,"meta_highrescanopyheight_orthophoto",0.5,"orthophoto_50cm_2025","Sorlandet"
"NINFP2110067663",7.08923903448188,7.65614032745361,10241,1,"meta_highrescanopyheight_orthophoto",0.5,"orthophoto_50cm_2025","Sorlandet"
"NINFP2110067460",9.41512687778049,10.1226415634155,7745,2,"meta_highrescanopyheight_orthophoto",0.5,"orthophoto_50cm_2025","Sorlandet"
"NINFP2210088933",1.04320642990994,0.0623595956712961,15646,3,"meta_highrescanopyheight_orthophoto",0.5,"orthophoto_50cm_2025","Sorlandet"
"NINFP2110020986",0.0409536479427719,0.0101241157390177,41632,4,"meta_highrescanopyheight_orthophoto",0.5,"orthophoto_50cm_2025","Sorlandet"
"NINFP2410183765",0.0100215921502045,0.0100188739597797,25437,4,"meta_highrescanopyheight_orthophoto",0.5,"orthophoto_50cm_2025","Sorlandet"
"NINFP1910010412",2.16096490246824,0.0247003631666303,36900,2,"meta_highrescanopyheight_orthophoto",0.5,"orthophoto_50cm_2025","Sorlandet"
"NINFP2510213218",8.08919638978763,8.86600399017334,45411,3,"meta_highrescanopyheight_orthophoto",0.5,"orthophoto_50cm_2025","Sorlandet"
"NINFP2410154102",2.73646775039186,0.667187571525574,1631,2,"meta_highrescanopyheight_orthophoto",0.5,"orthophoto_50cm_2025","Sorlandet"
"NINFP2110046136",7.74363003134607,8.39488554000854,25010,5,"meta_highrescanopyheight_orthophoto",0.5,"orthophoto_50cm_2025","Sorlandet"
"NINFP2210085546",2.85620793970088,2.00732731819153,7439,2,"meta_highrescanopyheight_orthophoto",0.5,"orthophoto_50cm_2025","Sorlandet"
"NINFP2110049149",0.0878045386772571,0.0113487625494599,36799,6,"meta_highrescanopyheight_orthophoto",0.5,"orthophoto_50cm_2025","Sorlandet"
"NINFP2110064575",3.58747276447925,3.30274629592896,13285,2,"meta_highrescanopyheight_orthophoto",0.5,"orthophoto_50cm_2025","Sorlandet"
"NINFP2110009188",6.74735590859222,6.13794708251953,30664,4,"meta_highrescanopyheight_orthophoto",0.5,"orthophoto_50cm_2025","Sorlandet"
"NINFP1810034864",0.299384255296717,0.0109524419531226,69773,4,"meta_highrescanopyheight_orthophoto",0.5,"orthophoto_50cm_2025","Sorlandet"
"NINFP1810000986",5.43130733683535,3.89527380466461,6378,4,"meta_highrescanopyheight_orthophoto",0.5,"orthophoto_50cm_2025","Sorlandet"
"NINFP1810037751",4.31659909518749,3.74980127811432,4944,1,"meta_highrescanopyheight_orthophoto",0.5,"orthophoto_50cm_2025","Sorlandet"
"NINFP2410164689",0.778991490666162,0.0124313216656446,2004,1,"meta_highrescanopyheight_orthophoto",0.5,"orthophoto_50cm_2025","Sorlandet"
"NINFP2110033711",0.0286342397091134,0.010055243037641,42761,2,"meta_highrescanopyheight_orthophoto",0.5,"orthophoto_50cm_2025","Sorlandet"
"NINFP2410156524",0.189924055170392,0.0104622868821025,12020,2,"meta_highrescanopyheight_orthophoto",0.5,"orthophoto_50cm_2025","Sorlandet"
"NINFP2410152916",9.49463274220007,10.0922751426697,7512,1,"meta_highrescanopyheight_orthophoto",0.5,"orthophoto_50cm_2025","Sorlandet"
"NINFP2510191854",0.0129351536030465,0.0107861440628767,2541,1,"meta_highrescanopyheight_orthophoto",0.5,"orthophoto_50cm_2025","Sorlandet"
"NINFP1810034675",0.334479132908237,0.01337372045964,118186,7,"meta_highrescanopyheight_orthophoto",0.5,"orthophoto_50cm_2025","Sorlandet"
"NINFP2210075993",0.145991661056324,0.011017088778317,2821,2,"meta_highrescanopyheight_orthophoto",0.5,"orthophoto_50cm_2025","Sorlandet"
"NINFP2310117971",1.06614624734091,0.0113467401824892,62340,5,"meta_highrescanopyheight_orthophoto",0.5,"orthophoto_50cm_2025","Sorlandet"
"NINFP2110066471",4.10034557473204,3.54249739646912,35533,2,"meta_highrescanopyheight_orthophoto",0.5,"orthophoto_50cm_2025","Sorlandet"
"NINFP1810001293",6.00611715573806,4.18020391464233,10718,2,"meta_highrescanopyheight_orthophoto",0.5,"orthophoto_50cm_2025","Sorlandet"
"NINFP2410157146",0.224435518753373,0.0109977382235229,14456,2,"meta_highrescanopyheight_orthophoto",0.5,"orthophoto_50cm_2025","Sorlandet"
"NINFP2210109133",5.82114101640985,5.2965521812439,22824,4,"meta_highrescanopyheight_orthophoto",0.5,"orthophoto_50cm_2025","Sorlandet"
"NINFP2310147063",5.71921891623166,6.33168053627014,20420,4,"meta_highrescanopyheight_orthophoto",0.5,"orthophoto_50cm_2025","Sorlandet"
"NINFP2110064701",1.07155076757176,0.152190893888474,14321,3,"meta_highrescanopyheight_orthophoto",0.5,"orthophoto_50cm_2025","Sorlandet"
"NINFP2410156258",0.0108943489106717,0.0100536961108446,64343,5,"meta_highrescanopyheight_orthophoto",0.5,"orthophoto_50cm_2025","Sorlandet"
"NINFP2110037833",0.276443867641941,0.0107742035761476,53034,7,"meta_highrescanopyheight_orthophoto",0.5,"orthophoto_50cm_2025","Sorlandet"
"NINFP2310120883",4.90709498681594,4.12832164764404,19267,3,"meta_highrescanopyheight_orthophoto",0.5,"orthophoto_50cm_2025","Sorlandet"
"NINFP2510184584",1.96570786640626,0.0109060723334551,4011,1,"meta_highrescanopyheight_orthophoto",0.5,"orthophoto_50cm_2025","Sorlandet"
"NINFP2410182560",5.74761876468423,5.38804817199707,6205,2,"meta_highrescanopyheight_orthophoto",0.5,"orthophoto_50cm_2025","Sorlandet"
"NINFP1910024466",5.44924705239588,4.44248938560486,4376,1,"meta_highrescanopyheight_orthophoto",0.5,"orthophoto_50cm_2025","Sorlandet"
"NINFP2210085290",2.21637459348713,1.12043499946594,9768,2,"meta_highrescanopyheight_orthophoto",0.5,"orthophoto_50cm_2025","Sorlandet"
"NINFP2110006839",2.37256245468565,0.153193242847919,24452,4,"meta_highrescanopyheight_orthophoto",0.5,"orthophoto_50cm_2025","Sorlandet"
"NINFP2210084712",0.653411800085949,0.0263393707573414,17296,2,"meta_highrescanopyheight_orthophoto",0.5,"orthophoto_50cm_2025","Sorlandet"
"NINFP2110042143",0.468627527237694,0.0132463267073035,6455,2,"meta_highrescanopyheight_orthophoto",0.5,"orthophoto_50cm_2025","Sorlandet"
"NINFP2410174802",8.14138180186214,8.89205741882324,12363,2,"meta_highrescanopyheight_orthophoto",0.5,"orthophoto_50cm_2025","Sorlandet"
"NINFP1810039634",1.93368292445348,0.118447918444872,5286,1,"meta_highrescanopyheight_orthophoto",0.5,"orthophoto_50cm_2025","Sorlandet"
"NINFP2410159700",2.42239413093978,1.20219707489014,9635,1,"meta_highrescanopyheight_orthophoto",0.5,"orthophoto_50cm_2025","Sorlandet"
"NINFP2410159291",9.63953258858547,10.147985458374,34931,6,"meta_highrescanopyheight_orthophoto",0.5,"orthophoto_50cm_2025","Sorlandet"
"NINFP2110007920",3.07131905814526,0.35776549577713,17132,2,"meta_highrescanopyheight_orthophoto",0.5,"orthophoto_50cm_2025","Sorlandet"
"NINFP2410178526",7.43169888139907,8.1323413848877,35557,4,"meta_highrescanopyheight_orthophoto",0.5,"orthophoto_50cm_2025","Sorlandet"
"NINFP2410182424",5.96283800616592,5.85138034820557,10845,2,"meta_highrescanopyheight_orthophoto",0.5,"orthophoto_50cm_2025","Sorlandet"
"NINFP2210109469",2.1779299511599,0.567851305007935,4913,4,"meta_highrescanopyheight_orthophoto",0.5,"orthophoto_50cm_2025","Sorlandet"
"NINFP2210109857",3.0574852217393,1.31924855709076,6603,2,"meta_highrescanopyheight_orthophoto",0.5,"orthophoto_50cm_2025","Sorlandet"
"NINFP2310144786",2.91737324532486,1.61025643348694,111087,5,"meta_highrescanopyheight_orthophoto",0.5,"orthophoto_50cm_2025","Sorlandet"
"NINFP2510201789",2.31112805839113,0.555944383144379,4595,2,"meta_highrescanopyheight_orthophoto",0.5,"orthophoto_50cm_2025","Sorlandet"
"NINFP2410157990",0.0100309842252828,0.0100192590616643,7834,3,"meta_highrescanopyheight_orthophoto",0.5,"orthophoto_50cm_2025","Sorlandet"
"NINFP2210089443",0.880828284422143,0.0197235643863678,19261,2,"meta_highrescanopyheight_orthophoto",0.5,"orthophoto_50cm_2025","Sorlandet"
"NINFP2410156920",0.0328306300836329,0.0100290095433593,75750,9,"meta_highrescanopyheight_orthophoto",0.5,"orthophoto_50cm_2025","Sorlandet"
"NINFP2410167316",0.36402753071261,0.01151476893574,5643,1,"meta_highrescanopyheight_orthophoto",0.5,"orthophoto_50cm_2025","Sorlandet"
"NINFP1910023840",7.00946239887652,4.99534463882446,9343,2,"meta_highrescanopyheight_orthophoto",0.5,"orthophoto_50cm_2025","Sorlandet"
"NINFP2310134648",3.86527514926257,1.6894953250885,24983,4,"meta_highrescanopyheight_orthophoto",0.5,"orthophoto_50cm_2025","Sorlandet"
"NINFP1810037725",4.64418072914507,3.22300696372986,4485,4,"meta_highrescanopyheight_orthophoto",0.5,"orthophoto_50cm_2025","Sorlandet"
"NINFP2510190590",0.77254618022786,0.0126933683641255,31500,4,"meta_highrescanopyheight_orthophoto",0.5,"orthophoto_50cm_2025","Sorlandet"
"NINFP2210085177",1.89869294460457,0.992911577224731,30680,2,"meta_highrescanopyheight_orthophoto",0.5,"orthophoto_50cm_2025","Sorlandet"
"NINFP2110058104",8.94230318110545,9.06682538986206,26040,3,"meta_highrescanopyheight_orthophoto",0.5,"orthophoto_50cm_2025","Sorlandet"
"NINFP2110002434",5.50394510918342,5.65082001686096,20296,3,"meta_highrescanopyheight_orthophoto",0.5,"orthophoto_50cm_2025","Sorlandet"
"NINFP1910046776",4.33549462954756,3.79826188087463,74498,8,"meta_highrescanopyheight_orthophoto",0.5,"orthophoto_50cm_2025","Sorlandet"
"NINFP1810012132",3.43654555116041,2.76726603507996,57909,5,"meta_highrescanopyheight_orthophoto",0.5,"orthophoto_50cm_2025","Sorlandet"
"NINFP2110070771",3.23619159218898,1.73164010047913,5832,3,"meta_highrescanopyheight_orthophoto",0.5,"orthophoto_50cm_2025","Sorlandet"
"NINFP2210085329",0.521964289511166,0.151641450822353,5156,2,"meta_highrescanopyheight_orthophoto",0.5,"orthophoto_50cm_2025","Sorlandet"
"NINFP2210078311",6.50440632844144,6.12583303451538,9474,2,"meta_highrescanopyheight_orthophoto",0.5,"orthophoto_50cm_2025","Sorlandet"
"NINFP2410182389",3.07038386239667,1.32442843914032,14869,4,"meta_highrescanopyheight_orthophoto",0.5,"orthophoto_50cm_2025","Sorlandet"
"NINFP2510190810",1.35145736887459,0.0747111216187477,10005,2,"meta_highrescanopyheight_orthophoto",0.5,"orthophoto_50cm_2025","Sorlandet"
"NINFP1810012135",6.55259648684796,6.76014995574951,7043,2,"meta_highrescanopyheight_orthophoto",0.5,"orthophoto_50cm_2025","Sorlandet"
"NINFP2510210095",4.1827029534772,3.67661023139954,5983,4,"meta_highrescanopyheight_orthophoto",0.5,"orthophoto_50cm_2025","Sorlandet"
"NINFP1910052552",5.61304555946332,3.44894826412201,6340,2,"meta_highrescanopyheight_orthophoto",0.5,"orthophoto_50cm_2025","Sorlandet"
"NINFP2110048303",0.0767150024518469,0.0103772105649114,12238,2,"meta_highrescanopyheight_orthophoto",0.5,"orthophoto_50cm_2025","Sorlandet"
"NINFP1810030305",7.0156556735138,7.32603979110718,5165,2,"meta_highrescanopyheight_orthophoto",0.5,"orthophoto_50cm_2025","Sorlandet"
"NINFP1810036590",5.77370459527125,5.72705841064453,23003,3,"meta_highrescanopyheight_orthophoto",0.5,"orthophoto_50cm_2025","Sorlandet"
"NINFP2110034636",2.55738641875371,1.77617359161377,38049,5,"meta_highrescanopyheight_orthophoto",0.5,"orthophoto_50cm_2025","Sorlandet"
"NINFP2310144144",5.08401584589055,4.638023853302,4133,1,"meta_highrescanopyheight_orthophoto",0.5,"orthophoto_50cm_2025","Sorlandet"
"NINFP2510215387",3.50130305626735,2.65182828903198,14905,4,"meta_highrescanopyheight_orthophoto",0.5,"orthophoto_50cm_2025","Sorlandet"
"NINFP1910053657",0.0829016646523662,0.0107089532539248,18460,2,"meta_highrescanopyheight_orthophoto",0.5,"orthophoto_50cm_2025","Sorlandet"
"NINFP2510204587",3.96892443013244,3.07888853549957,4228,2,"meta_highrescanopyheight_orthophoto",0.5,"orthophoto_50cm_2025","Sorlandet"
"NINFP2410183751",0.0101638160665964,0.0100386012345552,33617,2,"meta_highrescanopyheight_orthophoto",0.5,"orthophoto_50cm_2025","Sorlandet"
"NINFP2110014981",3.53120735890934,2.21283948421478,87798,9,"meta_highrescanopyheight_orthophoto",0.5,"orthophoto_50cm_2025","Sorlandet"
"NINFP2410175029",8.35557413914651,8.1726541519165,5915,1,"meta_highrescanopyheight_orthophoto",0.5,"orthophoto_50cm_2025","Sorlandet"
"NINFP2210089101",3.49585938371922,1.62168002128601,4763,2,"meta_highrescanopyheight_orthophoto",0.5,"orthophoto_50cm_2025","Sorlandet"
"NINFP2310122257",0.492001491626161,0.0170375145971775,15547,4,"meta_highrescanopyheight_orthophoto",0.5,"orthophoto_50cm_2025","Sorlandet"
"NINFP1810005782",2.9999046981683,1.82054483890533,89060,4,"meta_highrescanopyheight_orthophoto",0.5,"orthophoto_50cm_2025","Sorlandet"
"NINFP2110056856",9.64819845713318,9.79217624664307,8495,2,"meta_highrescanopyheight_orthophoto",0.5,"orthophoto_50cm_2025","Sorlandet"
"NINFP2310127714",5.7083553796278,5.4579644203186,4807,1,"meta_highrescanopyheight_orthophoto",0.5,"orthophoto_50cm_2025","Sorlandet"
"NINFP2110025011",0.0242415183334454,0.0110111860558391,4174,1,"meta_highrescanopyheight_orthophoto",0.5,"orthophoto_50cm_2025","Sorlandet"
"NINFP2510217951",0.221874981275181,0.0111704403534532,71097,4,"meta_highrescanopyheight_orthophoto",0.5,"orthophoto_50cm_2025","Sorlandet"
"NINFP2510214098",4.68755800802485,4.92126369476318,5207,3,"meta_highrescanopyheight_orthophoto",0.5,"orthophoto_50cm_2025","Sorlandet"
"NINFP2110007057",5.70426957748999,6.25802230834961,20989,3,"meta_highrescanopyheight_orthophoto",0.5,"orthophoto_50cm_2025","Sorlandet"
"NINFP1810013101",3.50095223144723,2.48068261146545,5283,2,"meta_highrescanopyheight_orthophoto",0.5,"orthophoto_50cm_2025","Sorlandet"
"NINFP1810040415",0.759203542770896,0.0147652290761471,50188,6,"meta_highrescanopyheight_orthophoto",0.5,"orthophoto_50cm_2025","Sorlandet"
"NINFP2410156171",2.5916645650799,0.0840756297111511,29562,3,"meta_highrescanopyheight_orthophoto",0.5,"orthophoto_50cm_2025","Sorlandet"
"NINFP2210084742",3.22756249230923,1.23470258712769,8034,1,"meta_highrescanopyheight_orthophoto",0.5,"orthophoto_50cm_2025","Sorlandet"
"NINFP2410156531",0.0351445165536011,0.0104532446712255,15429,4,"meta_highrescanopyheight_orthophoto",0.5,"orthophoto_50cm_2025","Sorlandet"
"NINFP2510211248",9.51207998155424,10.3513312339783,12586,2,"meta_highrescanopyheight_orthophoto",0.5,"orthophoto_50cm_2025","Sorlandet"
"NINFP2110000911",2.69725870033447,0.66749906539917,7703,2,"meta_highrescanopyheight_orthophoto",0.5,"orthophoto_50cm_2025","Sorlandet"
"NINFP2210110587",3.11968148121117,0.664992958307266,6800,3,"meta_highrescanopyheight_orthophoto",0.5,"orthophoto_50cm_2025","Sorlandet"
"NINFP2110036886",3.73998677349634,3.05016016960144,20451,4,"meta_highrescanopyheight_orthophoto",0.5,"orthophoto_50cm_2025","Sorlandet"
"NINFP2510216061",4.30062737505021,4.5812885761261,54516,7,"meta_highrescanopyheight_orthophoto",0.5,"orthophoto_50cm_2025","Sorlandet"
"NINFP2110007138",4.29255559133695,3.47981214523315,12522,1,"meta_highrescanopyheight_orthophoto",0.5,"orthophoto_50cm_2025","Sorlandet"
"NINFP2110006833",3.46034666073765,0.710903137922287,9250,3,"meta_highrescanopyheight_orthophoto",0.5,"orthophoto_50cm_2025","Sorlandet"
"NINFP2110064565",2.38002902139251,0.831658095121384,4372,4,"meta_highrescanopyheight_orthophoto",0.5,"orthophoto_50cm_2025","Sorlandet"
"NINFP2110006807",0.0105802741011703,0.0104875219985843,4623,2,"meta_highrescanopyheight_orthophoto",0.5,"orthophoto_50cm_2025","Sorlandet"
"NINFP2410157998",0.0101250869137252,0.0100716128945351,10079,4,"meta_highrescanopyheight_orthophoto",0.5,"orthophoto_50cm_2025","Sorlandet"
"NINFP2310129661",6.062857444234,6.41663503646851,33251,4,"meta_highrescanopyheight_orthophoto",0.5,"orthophoto_50cm_2025","Sorlandet"
"NINFP2410177691",5.5998534646916,5.9713020324707,4326,4,"meta_highrescanopyheight_orthophoto",0.5,"orthophoto_50cm_2025","Sorlandet"
"NINFP2110013874",2.25162822516356,0.46831801533699,5059,1,"meta_highrescanopyheight_orthophoto",0.5,"orthophoto_50cm_2025","Sorlandet"
"NINFP2110053013",7.31887198292051,8.2073221206665,13977,2,"meta_highrescanopyheight_orthophoto",0.5,"orthophoto_50cm_2025","Sorlandet"
"NINFP2110021216",0.0434051429350193,0.010078385937959,42274,4,"meta_highrescanopyheight_orthophoto",0.5,"orthophoto_50cm_2025","Sorlandet"
"NINFP2110002474",12.491855457391,12.6108913421631,22247,1,"meta_highrescanopyheight_orthophoto",0.5,"orthophoto_50cm_2025","Sorlandet"
"NINFP2110006858",8.01135986881268,8.4910306930542,16346,4,"meta_highrescanopyheight_orthophoto",0.5,"orthophoto_50cm_2025","Sorlandet"
"NINFP2210110585",0.167670848148478,0.0104671260342002,87422,5,"meta_highrescanopyheight_orthophoto",0.5,"orthophoto_50cm_2025","Sorlandet"
"NINFP2110002732",5.84891733377695,5.87857222557068,6088,1,"meta_highrescanopyheight_orthophoto",0.5,"orthophoto_50cm_2025","Sorlandet"
"NINFP2310145024",3.56954943129216,2.44187450408936,23779,5,"meta_highrescanopyheight_orthophoto",0.5,"orthophoto_50cm_2025","Sorlandet"
"NINFP2210109135",3.06715523688487,0.910634189844131,5762,1,"meta_highrescanopyheight_orthophoto",0.5,"orthophoto_50cm_2025","Sorlandet"
"NINFP2110035000",2.40388905762036,1.7369019985199,5871,4,"meta_highrescanopyheight_orthophoto",0.5,"orthophoto_50cm_2025","Sorlandet"
"NINFP2410164019",8.78270755925076,9.37401390075684,17875,3,"meta_highrescanopyheight_orthophoto",0.5,"orthophoto_50cm_2025","Sorlandet"
"NINFP2510192236",0.502368626514628,0.048581276088953,16796,4,"meta_highrescanopyheight_orthophoto",0.5,"orthophoto_50cm_2025","Sorlandet"
"NINFP1810003701",0.576609230572683,0.0277799256145954,2091,1,"meta_highrescanopyheight_orthophoto",0.5,"orthophoto_50cm_2025","Sorlandet"
"NINFP2110042770",4.61346327502248,5.34051895141602,5102,1,"meta_highrescanopyheight_orthophoto",0.5,"orthophoto_50cm_2025","Sorlandet"
"NINFP2110071883",0.166725678664272,0.0112414816394448,41227,5,"meta_highrescanopyheight_orthophoto",0.5,"orthophoto_50cm_2025","Sorlandet"
"NINFP2310143226",3.75263263221839,2.49466037750244,19219,5,"meta_highrescanopyheight_orthophoto",0.5,"orthophoto_50cm_2025","Sorlandet"
"NINFP2410154875",0.576093891862062,0.102205980569124,3766,2,"meta_highrescanopyheight_orthophoto",0.5,"orthophoto_50cm_2025","Sorlandet"
"NINFP2110020203",0.180424778990729,0.0114318123087287,53000,8,"meta_highrescanopyheight_orthophoto",0.5,"orthophoto_50cm_2025","Sorlandet"
"NINFP2110028827",7.07095712575498,7.83575463294983,13692,1,"meta_highrescanopyheight_orthophoto",0.5,"orthophoto_50cm_2025","Sorlandet"
"NINFP2210081055",0.0506545392643564,0.0125696463510394,48823,4,"meta_highrescanopyheight_orthophoto",0.5,"orthophoto_50cm_2025","Sorlandet"
"NINFP2310117353",11.1988554580727,11.3946838378906,4017,2,"meta_highrescanopyheight_orthophoto",0.5,"orthophoto_50cm_2025","Sorlandet"
"NINFP1810008030",3.4603776485812,1.86146593093872,10360,2,"meta_highrescanopyheight_orthophoto",0.5,"orthophoto_50cm_2025","Sorlandet"
"NINFP2410157938",0.0100266703600777,0.0100225443020463,19989,2,"meta_highrescanopyheight_orthophoto",0.5,"orthophoto_50cm_2025","Sorlandet"
"NINFP2110037172",0.202468236336061,0.0109058283269405,21598,4,"meta_highrescanopyheight_orthophoto",0.5,"orthophoto_50cm_2025","Sorlandet"
"NINFP2410149012",9.54910527975665,9.56195163726807,4086,2,"meta_highrescanopyheight_orthophoto",0.5,"orthophoto_50cm_2025","Sorlandet"
"NINFP2010048249",5.4350414125495,4.73393297195435,15914,4,"meta_highrescanopyheight_orthophoto",0.5,"orthophoto_50cm_2025","Sorlandet"
"NINFP2210081975",5.23872239959991,4.30743789672852,11825,5,"meta_highrescanopyheight_orthophoto",0.5,"orthophoto_50cm_2025","Sorlandet"
"NINFP2410156788",0.226651894071416,0.010340710170567,13164,4,"meta_highrescanopyheight_orthophoto",0.5,"orthophoto_50cm_2025","Sorlandet"
"NINFP1810040394",5.09548139933963,4.22554969787598,4557,2,"meta_highrescanopyheight_orthophoto",0.5,"orthophoto_50cm_2025","Sorlandet"
"NINFP2410168427",3.73081131359769,2.65061712265015,18849,1,"meta_highrescanopyheight_orthophoto",0.5,"orthophoto_50cm_2025","Sorlandet"
"NINFP1810027121",1.09291411395341,0.250441074371338,11822,4,"meta_highrescanopyheight_orthophoto",0.5,"orthophoto_50cm_2025","Sorlandet"
"NINFP1810039965",2.87709394679807,0.34231835603714,45887,4,"meta_highrescanopyheight_orthophoto",0.5,"orthophoto_50cm_2025","Sorlandet"
"NINFP2510202742",1.03929065244417,0.0875297896564007,31270,4,"meta_highrescanopyheight_orthophoto",0.5,"orthophoto_50cm_2025","Sorlandet"
"NINFP2010019707",2.64902925083916,0.0214246474206448,1575,1,"meta_highrescanopyheight_orthophoto",0.5,"orthophoto_50cm_2025","Sorlandet"
"NINFP2210088715",0.821672129551672,0.0507277939468622,25310,4,"meta_highrescanopyheight_orthophoto",0.5,"orthophoto_50cm_2025","Sorlandet"
"NINFP2310130557",5.18835662304906,4.29394721984863,47918,6,"meta_highrescanopyheight_orthophoto",0.5,"orthophoto_50cm_2025","Sorlandet"
"NINFP2510212353",7.30010407685111,7.57679653167725,6664,2,"meta_highrescanopyheight_orthophoto",0.5,"orthophoto_50cm_2025","Sorlandet"
"NINFP2110035357",1.79272655066197,1.04016327857971,5077,4,"meta_highrescanopyheight_orthophoto",0.5,"orthophoto_50cm_2025","Sorlandet"
"NINFP2110063709",7.0775749304654,7.54472351074219,22723,5,"meta_highrescanopyheight_orthophoto",0.5,"orthophoto_50cm_2025","Sorlandet"
"NINFP2110057410",1.1954562240232,0.0321555845439434,22390,5,"meta_highrescanopyheight_orthophoto",0.5,"orthophoto_50cm_2025","Sorlandet"
"NINFP2510217891",2.97176105954735,1.77060908079147,5004,3,"meta_highrescanopyheight_orthophoto",0.5,"orthophoto_50cm_2025","Sorlandet"
"NINFP2410179369",6.44787113891087,6.78766441345215,12451,2,"meta_highrescanopyheight_orthophoto",0.5,"orthophoto_50cm_2025","Sorlandet"
"NINFP2210089100",1.5708466032893,0.133195899426937,32106,2,"meta_highrescanopyheight_orthophoto",0.5,"orthophoto_50cm_2025","Sorlandet"
"NINFP2410182253",0.101802771324432,0.010856606066227,83882,7,"meta_highrescanopyheight_orthophoto",0.5,"orthophoto_50cm_2025","Sorlandet"
"NINFP2010007494",7.26898468213694,7.79273080825806,4057,1,"meta_highrescanopyheight_orthophoto",0.5,"orthophoto_50cm_2025","Sorlandet"
"NINFP2410158927",0.0457967196165413,0.010524483397603,4963,1,"meta_highrescanopyheight_orthophoto",0.5,"orthophoto_50cm_2025","Sorlandet"
"NINFP2510190447",0.5467184649359,0.0179696474224329,12045,1,"meta_highrescanopyheight_orthophoto",0.5,"orthophoto_50cm_2025","Sorlandet"
"NINFP1810036866",0.632684836874716,0.0305403489619493,14865,4,"meta_highrescanopyheight_orthophoto",0.5,"orthophoto_50cm_2025","Sorlandet"
"NINFP2410147472",1.56672608223142,0.106530629098415,18539,3,"meta_highrescanopyheight_orthophoto",0.5,"orthophoto_50cm_2025","Sorlandet"
"NINFP2410176696",8.47770473366447,8.72554349899292,4664,2,"meta_highrescanopyheight_orthophoto",0.5,"orthophoto_50cm_2025","Sorlandet"
"NINFP2210107226",9.73545966817607,10.0215549468994,5355,1,"meta_highrescanopyheight_orthophoto",0.5,"orthophoto_50cm_2025","Sorlandet"
"NINFP2410159696",1.57771286866112,0.157936587929726,15935,1,"meta_highrescanopyheight_orthophoto",0.5,"orthophoto_50cm_2025","Sorlandet"
"NINFP2410159524",0.262766834511775,0.0129839982837439,7116,2,"meta_highrescanopyheight_orthophoto",0.5,"orthophoto_50cm_2025","Sorlandet"
"NINFP2110012218",1.45028333324317,0.513440668582916,9940,2,"meta_highrescanopyheight_orthophoto",0.5,"orthophoto_50cm_2025","Sorlandet"
"NINFP2410156172",0.0891535875757974,0.0101053006947041,9565,2,"meta_highrescanopyheight_orthophoto",0.5,"orthophoto_50cm_2025","Sorlandet"
"NINFP1810027767",4.82694897425906,3.60332536697388,6461,2,"meta_highrescanopyheight_orthophoto",0.5,"orthophoto_50cm_2025","Sorlandet"
"NINFP2110039558",0.238487907291843,0.0112659535370767,55468,5,"meta_highrescanopyheight_orthophoto",0.5,"orthophoto_50cm_2025","Sorlandet"
"NINFP2310133095",0.414180359577803,0.0234558954834938,28803,2,"meta_highrescanopyheight_orthophoto",0.5,"orthophoto_50cm_2025","Sorlandet"
"NINFP1810001736",0.51333236681588,0.0176498461514711,4493,4,"meta_highrescanopyheight_orthophoto",0.5,"orthophoto_50cm_2025","Sorlandet"
"NINFP2210089098",0.752374155909016,0.0269728191196918,28867,4,"meta_highrescanopyheight_orthophoto",0.5,"orthophoto_50cm_2025","Sorlandet"
"NINFP1910043501",2.93797803840643,1.64903032779694,11431,2,"meta_highrescanopyheight_orthophoto",0.5,"orthophoto_50cm_2025","Sorlandet"
"NINFP2110049155",0.0379194980314508,0.011787535622716,21892,5,"meta_highrescanopyheight_orthophoto",0.5,"orthophoto_50cm_2025","Sorlandet"
"NINFP2510194237",0.819244273733574,0.0555811375379562,9961,3,"meta_highrescanopyheight_orthophoto",0.5,"orthophoto_50cm_2025","Sorlandet"
"NINFP2310121539",2.02485969722833,0.0429047718644142,7495,3,"meta_highrescanopyheight_orthophoto",0.5,"orthophoto_50cm_2025","Sorlandet"
"NINFP2110007691",0.165302085885998,0.010352648794651,11411,2,"meta_highrescanopyheight_orthophoto",0.5,"orthophoto_50cm_2025","Sorlandet"
"NINFP2410157013",0.643362956917401,0.0112362545914948,5018,1,"meta_highrescanopyheight_orthophoto",0.5,"orthophoto_50cm_2025","Sorlandet"
"NINFP2510186997",7.50669357295747,7.65445137023926,20776,3,"meta_highrescanopyheight_orthophoto",0.5,"orthophoto_50cm_2025","Sorlandet"
"NINFP2410176900",8.29330446182262,9.058349609375,29011,5,"meta_highrescanopyheight_orthophoto",0.5,"orthophoto_50cm_2025","Sorlandet"
"NINFP2310121465",4.95598451670346,4.27055549621582,31749,4,"meta_highrescanopyheight_orthophoto",0.5,"orthophoto_50cm_2025","Sorlandet"
"NINFP2110061883",1.59095842891457,0.112895153462887,199776,10,"meta_highrescanopyheight_orthophoto",0.5,"orthophoto_50cm_2025","Sorlandet"
"NINFP1810008753",5.03333711817927,4.69283056259155,9119,3,"meta_highrescanopyheight_orthophoto",0.5,"orthophoto_50cm_2025","Sorlandet"
"NINFP2310128061",2.33843114868672,1.03564131259918,38282,4,"meta_highrescanopyheight_orthophoto",0.5,"orthophoto_50cm_2025","Sorlandet"
"NINFP2410155971",3.9886585859576,3.21736478805542,26922,4,"meta_highrescanopyheight_orthophoto",0.5,"orthophoto_50cm_2025","Sorlandet"
"NINFP2110052925",6.53170299457677,5.843918800354,21096,5,"meta_highrescanopyheight_orthophoto",0.5,"orthophoto_50cm_2025","Sorlandet"
"NINFP1910043259",2.82333352415486,1.65881299972534,10797,3,"meta_highrescanopyheight_orthophoto",0.5,"orthophoto_50cm_2025","Sorlandet"
"NINFP2010034083",0.0195446666884233,0.0119572207331657,8874,2,"meta_highrescanopyheight_orthophoto",0.5,"orthophoto_50cm_2025","Sorlandet"
"NINFP2410169582",3.36671612405636,2.8256242275238,4152,2,"meta_highrescanopyheight_orthophoto",0.5,"orthophoto_50cm_2025","Sorlandet"
"NINFP2510214876",8.89207632300608,9.50016593933105,10172,1,"meta_highrescanopyheight_orthophoto",0.5,"orthophoto_50cm_2025","Sorlandet"
"NINFP1810008548",5.64831577742774,5.35370397567749,6599,2,"meta_highrescanopyheight_orthophoto",0.5,"orthophoto_50cm_2025","Sorlandet"
"NINFP1910043918",3.34563424710438,2.67092108726501,3015,1,"meta_highrescanopyheight_orthophoto",0.5,"orthophoto_50cm_2025","Sorlandet"
"NINFP2210091865",0.54422620364876,0.0143639328889549,8896,1,"meta_highrescanopyheight_orthophoto",0.5,"orthophoto_50cm_2025","Sorlandet"
"NINFP2310142881",3.75888736418646,3.09917545318604,4303,3,"meta_highrescanopyheight_orthophoto",0.5,"orthophoto_50cm_2025","Sorlandet"
"NINFP2110031869",4.04649918822682,3.28680551052094,7142,2,"meta_highrescanopyheight_orthophoto",0.5,"orthophoto_50cm_2025","Sorlandet"
"NINFP2510189252",5.27361047894106,4.85804533958435,24306,3,"meta_highrescanopyheight_orthophoto",0.5,"orthophoto_50cm_2025","Sorlandet"
"NINFP2210109006",1.92518705226283,0.337564751505852,6628,2,"meta_highrescanopyheight_orthophoto",0.5,"orthophoto_50cm_2025","Sorlandet"
"NINFP2410156914",0.0100806001660688,0.0100315613672137,61204,7,"meta_highrescanopyheight_orthophoto",0.5,"orthophoto_50cm_2025","Sorlandet"
"NINFP1810029239",0.7704184202407,0.0131474491208792,46051,5,"meta_highrescanopyheight_orthophoto",0.5,"orthophoto_50cm_2025","Sorlandet"
"NINFP2110041891",0.0520081518658571,0.0108527024276555,6628,2,"meta_highrescanopyheight_orthophoto",0.5,"orthophoto_50cm_2025","Sorlandet"
"NINFP2510192673",0.214204741754134,0.011292876675725,28963,6,"meta_highrescanopyheight_orthophoto",0.5,"orthophoto_50cm_2025","Sorlandet"
"NINFP2410158137",1.31571985842524,0.0165119003504515,15454,4,"meta_highrescanopyheight_orthophoto",0.5,"orthophoto_50cm_2025","Sorlandet"
"NINFP2510210297",6.7161422631584,7.38417911529541,4503,4,"meta_highrescanopyheight_orthophoto",0.5,"orthophoto_50cm_2025","Sorlandet"
"NINFP2410156511",0.273984173718743,0.0109136030077934,24944,2,"meta_highrescanopyheight_orthophoto",0.5,"orthophoto_50cm_2025","Sorlandet"
"NINFP2210084572",5.52529098520388,5.48657417297363,5833,2,"meta_highrescanopyheight_orthophoto",0.5,"orthophoto_50cm_2025","Sorlandet"
"NINFP2510216850",5.08787586572106,5.00426650047302,11916,3,"meta_highrescanopyheight_orthophoto",0.5,"orthophoto_50cm_2025","Sorlandet"
"NINFP2510211679",9.28748611322911,9.42767524719238,6747,1,"meta_highrescanopyheight_orthophoto",0.5,"orthophoto_50cm_2025","Sorlandet"
"NINFP2510213749",6.54666433493885,6.75344944000244,11134,3,"meta_highrescanopyheight_orthophoto",0.5,"orthophoto_50cm_2025","Sorlandet"
"NINFP2510214107",0.912270695378729,0.0228102561086416,11606,1,"meta_highrescanopyheight_orthophoto",0.5,"orthophoto_50cm_2025","Sorlandet"
"NINFP2410176693",7.63623601921224,7.48116731643677,4295,1,"meta_highrescanopyheight_orthophoto",0.5,"orthophoto_50cm_2025","Sorlandet"
"NINFP1910055029",6.80300653478993,7.25413417816162,15659,4,"meta_highrescanopyheight_orthophoto",0.5,"orthophoto_50cm_2025","Sorlandet"
"NINFP2110009032",5.81700906507786,6.5282883644104,29908,3,"meta_highrescanopyheight_orthophoto",0.5,"orthophoto_50cm_2025","Sorlandet"
"NINFP2410156344",1.8215543023794,0.523479551076889,16326,4,"meta_highrescanopyheight_orthophoto",0.5,"orthophoto_50cm_2025","Sorlandet"
"NINFP2410172581",4.95502618180432,5.16048955917358,6067,1,"meta_highrescanopyheight_orthophoto",0.5,"orthophoto_50cm_2025","Sorlandet"
"NINFP2210079144",5.06331796037097,5.18158292770386,5474,2,"meta_highrescanopyheight_orthophoto",0.5,"orthophoto_50cm_2025","Sorlandet"
"NINFP2110072819",6.79279844249766,7.32592797279358,26814,4,"meta_highrescanopyheight_orthophoto",0.5,"orthophoto_50cm_2025","Sorlandet"
"NINFP2410178551",6.4107807070177,6.77897834777832,24697,5,"meta_highrescanopyheight_orthophoto",0.5,"orthophoto_50cm_2025","Sorlandet"
"NINFP2510194223",0.649498522003674,0.0455804876983166,31591,5,"meta_highrescanopyheight_orthophoto",0.5,"orthophoto_50cm_2025","Sorlandet"
"NINFP2510194201",0.92182246502305,0.0351653546094894,19760,3,"meta_highrescanopyheight_orthophoto",0.5,"orthophoto_50cm_2025","Sorlandet"
"NINFP2510198199",2.85929418592401,1.25391095876694,43592,4,"meta_highrescanopyheight_orthophoto",0.5,"orthophoto_50cm_2025","Sorlandet"
"NINFP2110041450",0.0497390226408347,0.0105665940791368,12967,2,"meta_highrescanopyheight_orthophoto",0.5,"orthophoto_50cm_2025","Sorlandet"
"NINFP2110066811",5.32345577183463,5.46429491043091,21254,3,"meta_highrescanopyheight_orthophoto",0.5,"orthophoto_50cm_2025","Sorlandet"
"NINFP1810009773",1.63929836445824,0.0917656049132347,159399,19,"meta_highrescanopyheight_orthophoto",0.5,"orthophoto_50cm_2025","Sorlandet"
"NINFP2510217345",11.6251782367908,12.449728012085,9017,2,"meta_highrescanopyheight_orthophoto",0.5,"orthophoto_50cm_2025","Sorlandet"
"NINFP2110037783",0.170962353120514,0.0155375627800822,13227,2,"meta_highrescanopyheight_orthophoto",0.5,"orthophoto_50cm_2025","Sorlandet"
"NINFP2110065279",7.00347812660262,7.26291084289551,12508,2,"meta_highrescanopyheight_orthophoto",0.5,"orthophoto_50cm_2025","Sorlandet"
"NINFP2510209328",0.237266598611856,0.0114978686906397,16010,2,"meta_highrescanopyheight_orthophoto",0.5,"orthophoto_50cm_2025","Sorlandet"
"NINFP2310119372",5.38049973181399,3.77804744243622,3268,2,"meta_highrescanopyheight_orthophoto",0.5,"orthophoto_50cm_2025","Sorlandet"
"NINFP2410153524",3.65913370603085,3.23758172988892,59217,3,"meta_highrescanopyheight_orthophoto",0.5,"orthophoto_50cm_2025","Sorlandet"
"NINFP1810036556",1.10270259719852,0.0137181021273136,9126,4,"meta_highrescanopyheight_orthophoto",0.5,"orthophoto_50cm_2025","Sorlandet"
"NINFP2210084583",1.61302832034174,0.0451292507350445,7326,2,"meta_highrescanopyheight_orthophoto",0.5,"orthophoto_50cm_2025","Sorlandet"
"NINFP1810037727",2.55423925394402,0.616465508937836,60136,6,"meta_highrescanopyheight_orthophoto",0.5,"orthophoto_50cm_2025","Sorlandet"
"NINFP2510217464",16.437462240622,17.9047546386719,4914,2,"meta_highrescanopyheight_orthophoto",0.5,"orthophoto_50cm_2025","Sorlandet"
"NINFP2110000383",0.0588194242873363,0.0102059682831168,10280,2,"meta_highrescanopyheight_orthophoto",0.5,"orthophoto_50cm_2025","Sorlandet"
"NINFP1810011466",7.36806333710718,7.9349308013916,4611,2,"meta_highrescanopyheight_orthophoto",0.5,"orthophoto_50cm_2025","Sorlandet"
"NINFP2110014014",5.63677048484376,5.5316333770752,10744,2,"meta_highrescanopyheight_orthophoto",0.5,"orthophoto_50cm_2025","Sorlandet"
"NINFP1810032389",2.08723615294004,0.0531045347452164,15973,4,"meta_highrescanopyheight_orthophoto",0.5,"orthophoto_50cm_2025","Sorlandet"
"NINFP2010055186",0.319340301373578,0.0126693677157164,2123,1,"meta_highrescanopyheight_orthophoto",0.5,"orthophoto_50cm_2025","Sorlandet"
"NINFP2510192512",1.82498576391021,0.713204592466354,4764,1,"meta_highrescanopyheight_orthophoto",0.5,"orthophoto_50cm_2025","Sorlandet"
"NINFP2410168369",0.432155849919548,0.01353351585567,15027,3,"meta_highrescanopyheight_orthophoto",0.5,"orthophoto_50cm_2025","Sorlandet"
"NINFP2210104640",9.98068629709277,11.2502150535583,28166,3,"meta_highrescanopyheight_orthophoto",0.5,"orthophoto_50cm_2025","Sorlandet"
"NINFP2310146173",7.18784029365746,7.88257503509521,8812,2,"meta_highrescanopyheight_orthophoto",0.5,"orthophoto_50cm_2025","Sorlandet"
"NINFP1810036540",0.457004610289731,0.0123933218419552,8919,2,"meta_highrescanopyheight_orthophoto",0.5,"orthophoto_50cm_2025","Sorlandet"
"NINFP1810034937",1.26552489334508,0.131373330950737,9921,1,"meta_highrescanopyheight_orthophoto",0.5,"orthophoto_50cm_2025","Sorlandet"
"NINFP2110014964",2.28158835693251,0.682247757911682,26373,3,"meta_highrescanopyheight_orthophoto",0.5,"orthophoto_50cm_2025","Sorlandet"
"NINFP2110005243",2.75248163840864,1.538822889328,112418,7,"meta_highrescanopyheight_orthophoto",0.5,"orthophoto_50cm_2025","Sorlandet"
"NINFP1810001384",12.5810586595344,11.9893579483032,16450,4,"meta_highrescanopyheight_orthophoto",0.5,"orthophoto_50cm_2025","Sorlandet"
"NINFP2410154995",6.26342833669702,5.79483318328857,5339,2,"meta_highrescanopyheight_orthophoto",0.5,"orthophoto_50cm_2025","Sorlandet"
"NINFP2110030942",0.012321722462763,0.0100698778405786,73533,5,"meta_highrescanopyheight_orthophoto",0.5,"orthophoto_50cm_2025","Sorlandet"
"NINFP2410158720",0.509190807987017,0.0120463399216533,10958,3,"meta_highrescanopyheight_orthophoto",0.5,"orthophoto_50cm_2025","Sorlandet"
"NINFP2210079367",8.75860450297396,9.40840339660645,4381,1,"meta_highrescanopyheight_orthophoto",0.5,"orthophoto_50cm_2025","Sorlandet"
"NINFP2010017281",4.35822234389061,2.49978446960449,7595,2,"meta_highrescanopyheight_orthophoto",0.5,"orthophoto_50cm_2025","Sorlandet"
"NINFP2110059044",0.958134653720643,0.0442579723894596,199921,10,"meta_highrescanopyheight_orthophoto",0.5,"orthophoto_50cm_2025","Sorlandet"
"NINFP2210092804",2.73242192044931,1.70251506567001,3856,1,"meta_highrescanopyheight_orthophoto",0.5,"orthophoto_50cm_2025","Sorlandet"
"NINFP2410159415",0.0195335349930696,0.010925664100796,2848,2,"meta_highrescanopyheight_orthophoto",0.5,"orthophoto_50cm_2025","Sorlandet"
"NINFP2210087514",4.30958882992543,4.19586038589478,7366,4,"meta_highrescanopyheight_orthophoto",0.5,"orthophoto_50cm_2025","Sorlandet"
"NINFP2110057518",6.45772719948553,6.75070476531982,4028,2,"meta_highrescanopyheight_orthophoto",0.5,"orthophoto_50cm_2025","Sorlandet"
"NINFP2310121462",8.32468997996211,7.78502225875854,4758,1,"meta_highrescanopyheight_orthophoto",0.5,"orthophoto_50cm_2025","Sorlandet"
"NINFP2210096534",4.40873430755598,4.48391246795654,8807,2,"meta_highrescanopyheight_orthophoto",0.5,"orthophoto_50cm_2025","Sorlandet"
"NINFP2210099712",0.0245124107378953,0.0110588488169014,13778,3,"meta_highrescanopyheight_orthophoto",0.5,"orthophoto_50cm_2025","Sorlandet"
"NINFP2310145867",6.80548216768799,7.28446269035339,39182,3,"meta_highrescanopyheight_orthophoto",0.5,"orthophoto_50cm_2025","Sorlandet"
"NINFP2110023085",0.151038000221285,0.0113082127645612,7157,2,"meta_highrescanopyheight_orthophoto",0.5,"orthophoto_50cm_2025","Sorlandet"
"NINFP2410149529",11.9711138055043,12.5857138633728,2442,2,"meta_highrescanopyheight_orthophoto",0.5,"orthophoto_50cm_2025","Sorlandet"
"NINFP1910033708",8.78432932668414,9.38308811187744,22371,4,"meta_highrescanopyheight_orthophoto",0.5,"orthophoto_50cm_2025","Sorlandet"
"NINFP2110059090",4.12451179064175,3.90326499938965,8909,3,"meta_highrescanopyheight_orthophoto",0.5,"orthophoto_50cm_2025","Sorlandet"
"NINFP2010031325",0.529664908813082,0.012056740000844,13125,4,"meta_highrescanopyheight_orthophoto",0.5,"orthophoto_50cm_2025","Sorlandet"
"NINFP2510194234",0.763261257352217,0.0272110449150205,13046,1,"meta_highrescanopyheight_orthophoto",0.5,"orthophoto_50cm_2025","Sorlandet"
"NINFP2410167287",8.48574202785198,8.50578355789185,36906,4,"meta_highrescanopyheight_orthophoto",0.5,"orthophoto_50cm_2025","Sorlandet"
"NINFP2310134401",2.79214793780183,1.37149488925934,9172,3,"meta_highrescanopyheight_orthophoto",0.5,"orthophoto_50cm_2025","Sorlandet"
"NINFP2410156360",2.15530039748775,0.391463711857796,6338,3,"meta_highrescanopyheight_orthophoto",0.5,"orthophoto_50cm_2025","Sorlandet"
"NINFP1810009038",1.62885846636832,0.462313532829285,23295,4,"meta_highrescanopyheight_orthophoto",0.5,"orthophoto_50cm_2025","Sorlandet"
"NINFP2410177188",0.173873710136624,0.010459141805768,26859,4,"meta_highrescanopyheight_orthophoto",0.5,"orthophoto_50cm_2025","Sorlandet"
"NINFP2110064596",3.2471950182339,1.88331747055054,15680,2,"meta_highrescanopyheight_orthophoto",0.5,"orthophoto_50cm_2025","Sorlandet"
"NINFP2510191200",1.49489690695317,0.346749871969223,10164,2,"meta_highrescanopyheight_orthophoto",0.5,"orthophoto_50cm_2025","Sorlandet"
"NINFP1810032397",7.95966125207038,8.56702041625977,13317,2,"meta_highrescanopyheight_orthophoto",0.5,"orthophoto_50cm_2025","Sorlandet"
"NINFP2410181833",4.24501562276103,4.56258344650269,9978,2,"meta_highrescanopyheight_orthophoto",0.5,"orthophoto_50cm_2025","Sorlandet"
"NINFP2510186848",8.00854549096567,8.96866607666016,17697,2,"meta_highrescanopyheight_orthophoto",0.5,"orthophoto_50cm_2025","Sorlandet"
"NINFP2310145443",2.98738131726249,2.51097369194031,7560,2,"meta_highrescanopyheight_orthophoto",0.5,"orthophoto_50cm_2025","Sorlandet"
"NINFP2510191518",0.693525933461053,0.0562468469142914,4850,2,"meta_highrescanopyheight_orthophoto",0.5,"orthophoto_50cm_2025","Sorlandet"
"NINFP2410173715",0.0100910433427689,0.0100865066051483,4359,2,"meta_highrescanopyheight_orthophoto",0.5,"orthophoto_50cm_2025","Sorlandet"
"NINFP2310132181",0.867532456119252,0.0281330468133092,25540,5,"meta_highrescanopyheight_orthophoto",0.5,"orthophoto_50cm_2025","Sorlandet"
"NINFP2210090769",0.234458432510778,0.0112818977795541,43508,4,"meta_highrescanopyheight_orthophoto",0.5,"orthophoto_50cm_2025","Sorlandet"
"NINFP1810000693",3.16600658677309,0.121096432209015,41887,6,"meta_highrescanopyheight_orthophoto",0.5,"orthophoto_50cm_2025","Sorlandet"
"NINFP1910031460",6.40727951346812,6.1915717124939,4400,1,"meta_highrescanopyheight_orthophoto",0.5,"orthophoto_50cm_2025","Sorlandet"
"NINFP2110072811",5.23755189231147,5.56083488464355,4395,2,"meta_highrescanopyheight_orthophoto",0.5,"orthophoto_50cm_2025","Sorlandet"
"NINFP2110024047",0.363740186753712,0.0130312452092767,18568,2,"meta_highrescanopyheight_orthophoto",0.5,"orthophoto_50cm_2025","Sorlandet"
"NINFP2410154457",3.51143836346584,2.38007140159607,9583,3,"meta_highrescanopyheight_orthophoto",0.5,"orthophoto_50cm_2025","Sorlandet"
"NINFP2110021747",0.0709708935922218,0.0107091055251658,24406,4,"meta_highrescanopyheight_orthophoto",0.5,"orthophoto_50cm_2025","Sorlandet"
"NINFP1910010413",0.858857508109946,0.0133556071668863,10485,2,"meta_highrescanopyheight_orthophoto",0.5,"orthophoto_50cm_2025","Sorlandet"
"NINFP2110061882",3.6519952304513,2.82637739181519,5025,2,"meta_highrescanopyheight_orthophoto",0.5,"orthophoto_50cm_2025","Sorlandet"
"NINFP1910042977",4.92171016874009,5.03221392631531,14646,3,"meta_highrescanopyheight_orthophoto",0.5,"orthophoto_50cm_2025","Sorlandet"
"NINFP2210086615",0.214962398620924,0.0106243994086981,11233,2,"meta_highrescanopyheight_orthophoto",0.5,"orthophoto_50cm_2025","Sorlandet"
"NINFP1810012137",4.84263007192812,4.70990800857544,4659,2,"meta_highrescanopyheight_orthophoto",0.5,"orthophoto_50cm_2025","Sorlandet"
"NINFP1910024461",5.36938887953545,4.1771354675293,9168,1,"meta_highrescanopyheight_orthophoto",0.5,"orthophoto_50cm_2025","Sorlandet"
"NINFP2010015420",1.57782773000796,0.248775914311409,4081,1,"meta_highrescanopyheight_orthophoto",0.5,"orthophoto_50cm_2025","Sorlandet"
"NINFP2110058045",7.40205444556792,8.78116846084595,10894,2,"meta_highrescanopyheight_orthophoto",0.5,"orthophoto_50cm_2025","Sorlandet"
"NINFP2110072814",6.43234229093735,6.67958545684814,8453,4,"meta_highrescanopyheight_orthophoto",0.5,"orthophoto_50cm_2025","Sorlandet"
"NINFP2110008839",4.31017413751832,3.57975995540619,9952,2,"meta_highrescanopyheight_orthophoto",0.5,"orthophoto_50cm_2025","Sorlandet"
"NINFP2110027614",0.57530846631216,0.0246721804141998,21976,4,"meta_highrescanopyheight_orthophoto",0.5,"orthophoto_50cm_2025","Sorlandet"
"NINFP2410168386",0.245890253411368,0.0170009657740593,6766,2,"meta_highrescanopyheight_orthophoto",0.5,"orthophoto_50cm_2025","Sorlandet"
"NINFP2410157241",0.0108998815093608,0.0102329310029745,2111,1,"meta_highrescanopyheight_orthophoto",0.5,"orthophoto_50cm_2025","Sorlandet"
"NINFP2310133062",0.775936809503646,0.0421891883015633,12150,2,"meta_highrescanopyheight_orthophoto",0.5,"orthophoto_50cm_2025","Sorlandet"
"NINFP2110064600",0.979176934165702,0.311642199754715,4761,2,"meta_highrescanopyheight_orthophoto",0.5,"orthophoto_50cm_2025","Sorlandet"
"NINFP2110021236",3.23893976428537,1.92814135551453,8072,4,"meta_highrescanopyheight_orthophoto",0.5,"orthophoto_50cm_2025","Sorlandet"
"NINFP2310143457",6.20713125030273,5.88032150268555,10799,2,"meta_highrescanopyheight_orthophoto",0.5,"orthophoto_50cm_2025","Sorlandet"
"NINFP2510187173",0.528395582816005,0.0223132967948914,13662,3,"meta_highrescanopyheight_orthophoto",0.5,"orthophoto_50cm_2025","Sorlandet"
"NINFP2410156856",5.64488628096114,5.73614168167114,9020,2,"meta_highrescanopyheight_orthophoto",0.5,"orthophoto_50cm_2025","Sorlandet"
"NINFP2110001211",10.4639328337528,10.8061618804932,2759,1,"meta_highrescanopyheight_orthophoto",0.5,"orthophoto_50cm_2025","Sorlandet"
"NINFP2310117358",10.1854701772761,10.7236289978027,7084,2,"meta_highrescanopyheight_orthophoto",0.5,"orthophoto_50cm_2025","Sorlandet"
"NINFP2110039554",0.864933779664873,0.0303239468485117,8893,2,"meta_highrescanopyheight_orthophoto",0.5,"orthophoto_50cm_2025","Sorlandet"
"NINFP2310146150",6.55734879005738,6.65492296218872,6317,1,"meta_highrescanopyheight_orthophoto",0.5,"orthophoto_50cm_2025","Sorlandet"
"NINFP2410175884",6.70853401368678,7.16051197052002,7997,4,"meta_highrescanopyheight_orthophoto",0.5,"orthophoto_50cm_2025","Sorlandet"
"NINFP2210110539",10.1515960692606,10.4064264297485,80390,6,"meta_highrescanopyheight_orthophoto",0.5,"orthophoto_50cm_2025","Sorlandet"
"NINFP2110042663",0.241096210056751,0.0135750700719655,6272,2,"meta_highrescanopyheight_orthophoto",0.5,"orthophoto_50cm_2025","Sorlandet"
"NINFP2510184551",0.6658626076544,0.0362036339938641,913,2,"meta_highrescanopyheight_orthophoto",0.5,"orthophoto_50cm_2025","Sorlandet"
"NINFP1810038493",1.03289132747133,0.160641871392727,4496,2,"meta_highrescanopyheight_orthophoto",0.5,"orthophoto_50cm_2025","Sorlandet"
"NINFP2310121468",6.79420491271641,6.64124488830566,6644,3,"meta_highrescanopyheight_orthophoto",0.5,"orthophoto_50cm_2025","Sorlandet"
"NINFP2310114739",12.6156618056701,12.7215313911438,5358,1,"meta_highrescanopyheight_orthophoto",0.5,"orthophoto_50cm_2025","Sorlandet"
"NINFP2510210089",3.38467103942172,2.86187350749969,5084,1,"meta_highrescanopyheight_orthophoto",0.5,"orthophoto_50cm_2025","Sorlandet"
"NINFP2110060778",0.0168841513750876,0.0102680176496506,7129,4,"meta_highrescanopyheight_orthophoto",0.5,"orthophoto_50cm_2025","Sorlandet"
"NINFP2410179900",8.54502417913496,9.05917310714722,4902,1,"meta_highrescanopyheight_orthophoto",0.5,"orthophoto_50cm_2025","Sorlandet"
"NINFP2510188268",5.86176970944391,4.65177488327026,14206,3,"meta_highrescanopyheight_orthophoto",0.5,"orthophoto_50cm_2025","Sorlandet"
"NINFP1910046961",4.48204862293547,4.45374655723572,10270,3,"meta_highrescanopyheight_orthophoto",0.5,"orthophoto_50cm_2025","Sorlandet"
"NINFP2410157942",0.0104970414142312,0.0100642298348248,31554,4,"meta_highrescanopyheight_orthophoto",0.5,"orthophoto_50cm_2025","Sorlandet"
"NINFP1810036864",4.8455919006724,3.51622772216797,6535,2,"meta_highrescanopyheight_orthophoto",0.5,"orthophoto_50cm_2025","Sorlandet"
"NINFP2510194529",0.814643449071159,0.0427753757685423,12966,4,"meta_highrescanopyheight_orthophoto",0.5,"orthophoto_50cm_2025","Sorlandet"
"NINFP2210075991",0.221979427378158,0.0114992614835501,4653,3,"meta_highrescanopyheight_orthophoto",0.5,"orthophoto_50cm_2025","Sorlandet"
"NINFP2010014605",0.490793267755937,0.0107299732044339,26177,6,"meta_highrescanopyheight_orthophoto",0.5,"orthophoto_50cm_2025","Sorlandet"
"NINFP2210085332",0.261272301127676,0.0198060646653175,10939,4,"meta_highrescanopyheight_orthophoto",0.5,"orthophoto_50cm_2025","Sorlandet"
"NINFP2110028768",1.83053680925562,0.308627814054489,9745,2,"meta_highrescanopyheight_orthophoto",0.5,"orthophoto_50cm_2025","Sorlandet"
"NINFP2310121922",4.31632250227712,2.36745417118073,5470,2,"meta_highrescanopyheight_orthophoto",0.5,"orthophoto_50cm_2025","Sorlandet"
"NINFP2110043789",3.45534142448189,2.86152005195618,4167,3,"meta_highrescanopyheight_orthophoto",0.5,"orthophoto_50cm_2025","Sorlandet"
"NINFP2310116784",10.7009924155245,10.946665763855,4413,1,"meta_highrescanopyheight_orthophoto",0.5,"orthophoto_50cm_2025","Sorlandet"
"NINFP2410154030",4.22813257185029,3.31279253959656,54455,12,"meta_highrescanopyheight_orthophoto",0.5,"orthophoto_50cm_2025","Sorlandet"
"NINFP2210077069",8.14563330787,8.65942716598511,17100,3,"meta_highrescanopyheight_orthophoto",0.5,"orthophoto_50cm_2025","Sorlandet"
"NINFP2410174123",0.802019339711584,0.0588617287576199,5624,2,"meta_highrescanopyheight_orthophoto",0.5,"orthophoto_50cm_2025","Sorlandet"
"NINFP2410181837",6.08947179512311,6.41417121887207,5217,1,"meta_highrescanopyheight_orthophoto",0.5,"orthophoto_50cm_2025","Sorlandet"
"NINFP1810003800",7.22502933458441,7.20000076293945,8991,2,"meta_highrescanopyheight_orthophoto",0.5,"orthophoto_50cm_2025","Sorlandet"
"NINFP1910043253",6.2026758724456,5.84491539001465,7247,2,"meta_highrescanopyheight_orthophoto",0.5,"orthophoto_50cm_2025","Sorlandet"
"NINFP2110018720",0.395466136688351,0.0121956993825734,7498,3,"meta_highrescanopyheight_orthophoto",0.5,"orthophoto_50cm_2025","Sorlandet"
"NINFP2110063698",2.59752615447968,1.6359144449234,28121,4,"meta_highrescanopyheight_orthophoto",0.5,"orthophoto_50cm_2025","Sorlandet"
"NINFP1910044349",4.33909407095,3.31037640571594,27385,4,"meta_highrescanopyheight_orthophoto",0.5,"orthophoto_50cm_2025","Sorlandet"
"NINFP2210074939",0.510039118658143,0.0116069712676108,29604,3,"meta_highrescanopyheight_orthophoto",0.5,"orthophoto_50cm_2025","Sorlandet"
"NINFP1810034939",3.62888713200305,2.5248920917511,33489,4,"meta_highrescanopyheight_orthophoto",0.5,"orthophoto_50cm_2025","Sorlandet"
"NINFP1910030929",5.22219880328474,5.50353002548218,22690,3,"meta_highrescanopyheight_orthophoto",0.5,"orthophoto_50cm_2025","Sorlandet"
"NINFP1910057615",7.35564521439017,7.94778442382812,9915,2,"meta_highrescanopyheight_orthophoto",0.5,"orthophoto_50cm_2025","Sorlandet"
"NINFP2110057866",3.2716891029344,1.82292449474335,8399,4,"meta_highrescanopyheight_orthophoto",0.5,"orthophoto_50cm_2025","Sorlandet"
"NINFP2410147551",7.53249107673853,8.05537223815918,12638,2,"meta_highrescanopyheight_orthophoto",0.5,"orthophoto_50cm_2025","Sorlandet"
"NINFP1810034880",5.28926830938449,5.33203315734863,1654,2,"meta_highrescanopyheight_orthophoto",0.5,"orthophoto_50cm_2025","Sorlandet"
"NINFP2010040044",0.323528894737287,0.0108148246072233,6934,2,"meta_highrescanopyheight_orthophoto",0.5,"orthophoto_50cm_2025","Sorlandet"
"NINFP2110037837",0.106900713774985,0.0105691496282816,5477,1,"meta_highrescanopyheight_orthophoto",0.5,"orthophoto_50cm_2025","Sorlandet"
"NINFP2110048718",0.0849251225569423,0.0111840516328812,13128,4,"meta_highrescanopyheight_orthophoto",0.5,"orthophoto_50cm_2025","Sorlandet"
"NINFP2210078959",10.3690502622426,11.4359178543091,16510,4,"meta_highrescanopyheight_orthophoto",0.5,"orthophoto_50cm_2025","Sorlandet"
"NINFP1810030650",1.05281459375744,0.0404336601495743,22517,4,"meta_highrescanopyheight_orthophoto",0.5,"orthophoto_50cm_2025","Sorlandet"
"NINFP2110036060",0.402424610806244,0.0128908511251211,14473,1,"meta_highrescanopyheight_orthophoto",0.5,"orthophoto_50cm_2025","Sorlandet"
"NINFP2510215100",6.9362819410451,7.05121040344238,60438,7,"meta_highrescanopyheight_orthophoto",0.5,"orthophoto_50cm_2025","Sorlandet"
"NINFP2410156805",0.501187868836196,0.0125776752829552,48047,4,"meta_highrescanopyheight_orthophoto",0.5,"orthophoto_50cm_2025","Sorlandet"
"NINFP2110052974",6.85290312516069,7.43500185012817,17731,1,"meta_highrescanopyheight_orthophoto",0.5,"orthophoto_50cm_2025","Sorlandet"
"NINFP1910049697",4.85026536981634,4.40423488616943,8806,2,"meta_highrescanopyheight_orthophoto",0.5,"orthophoto_50cm_2025","Sorlandet"
"NINFP2510191739",0.657953850841593,0.0107344603165984,87585,8,"meta_highrescanopyheight_orthophoto",0.5,"orthophoto_50cm_2025","Sorlandet"
"NINFP2310114734",5.39679766498907,5.66633653640747,9580,3,"meta_highrescanopyheight_orthophoto",0.5,"orthophoto_50cm_2025","Sorlandet"
"NINFP2210080313",8.77813461058869,9.35911512374878,19158,4,"meta_highrescanopyheight_orthophoto",0.5,"orthophoto_50cm_2025","Sorlandet"
"NINFP2210073442",4.83353189987797,4.52143406867981,127784,10,"meta_highrescanopyheight_orthophoto",0.5,"orthophoto_50cm_2025","Sorlandet"
"NINFP2110072830",8.29229851812399,8.76120662689209,10847,3,"meta_highrescanopyheight_orthophoto",0.5,"orthophoto_50cm_2025","Sorlandet"
"NINFP2510186522",3.02317732994361,2.55444955825806,4553,2,"meta_highrescanopyheight_orthophoto",0.5,"orthophoto_50cm_2025","Sorlandet"
"NINFP1810009112",7.85086412700176,8.00744962692261,4014,3,"meta_highrescanopyheight_orthophoto",0.5,"orthophoto_50cm_2025","Sorlandet"
"NINFP1810012191",10.9628188288458,11.109073638916,4307,3,"meta_highrescanopyheight_orthophoto",0.5,"orthophoto_50cm_2025","Sorlandet"
"NINFP2410178323",1.59662136771545,0.0481191724538803,42757,3,"meta_highrescanopyheight_orthophoto",0.5,"orthophoto_50cm_2025","Sorlandet"
"NINFP1810008859",0.482873843482299,0.0149812465533614,4235,2,"meta_highrescanopyheight_orthophoto",0.5,"orthophoto_50cm_2025","Sorlandet"
"NINFP2310136459",0.484054974105247,0.0121330036781728,8986,2,"meta_highrescanopyheight_orthophoto",0.5,"orthophoto_50cm_2025","Sorlandet"
"NINFP2110002729",7.93623456278907,8.83897495269775,13179,2,"meta_highrescanopyheight_orthophoto",0.5,"orthophoto_50cm_2025","Sorlandet"
"NINFP2010021832",1.00040394170627,0.0111143523827195,49567,6,"meta_highrescanopyheight_orthophoto",0.5,"orthophoto_50cm_2025","Sorlandet"
"NINFP1810034877",4.18272316560973,3.3914577960968,4059,1,"meta_highrescanopyheight_orthophoto",0.5,"orthophoto_50cm_2025","Sorlandet"
"NINFP2410157954",0.010080715275208,0.010040364228189,18516,2,"meta_highrescanopyheight_orthophoto",0.5,"orthophoto_50cm_2025","Sorlandet"
"NINFP2510186758",2.38417590365308,1.26720261573792,13910,4,"meta_highrescanopyheight_orthophoto",0.5,"orthophoto_50cm_2025","Sorlandet"
"NINFP2210103088",0.683604656313128,0.025245763361454,252987,13,"meta_highrescanopyheight_orthophoto",0.5,"orthophoto_50cm_2025","Sorlandet"
"NINFP2510217666",3.18297271099349,1.32475876808167,9843,4,"meta_highrescanopyheight_orthophoto",0.5,"orthophoto_50cm_2025","Sorlandet"
"NINFP2110064611",4.77001043109841,4.84030151367188,23846,4,"meta_highrescanopyheight_orthophoto",0.5,"orthophoto_50cm_2025","Sorlandet"
"NINFP2110006448",5.0418986663509,3.68312680721283,9362,2,"meta_highrescanopyheight_orthophoto",0.5,"orthophoto_50cm_2025","Sorlandet"
"NINFP1810031810",6.38935404655085,6.62430810928345,4757,1,"meta_highrescanopyheight_orthophoto",0.5,"orthophoto_50cm_2025","Sorlandet"
"NINFP2110036062",0.530806191621632,0.0125284395180643,43052,5,"meta_highrescanopyheight_orthophoto",0.5,"orthophoto_50cm_2025","Sorlandet"
"NINFP2110050782",9.91104876877232,10.9828586578369,6747,3,"meta_highrescanopyheight_orthophoto",0.5,"orthophoto_50cm_2025","Sorlandet"
"NINFP2410164727",0.727935271816099,0.0312004834413528,21993,4,"meta_highrescanopyheight_orthophoto",0.5,"orthophoto_50cm_2025","Sorlandet"
"NINFP2010053206",0.789650013261787,0.0107765402644873,52172,6,"meta_highrescanopyheight_orthophoto",0.5,"orthophoto_50cm_2025","Sorlandet"
"NINFP2410152553",14.2959691624753,14.7644348144531,4187,1,"meta_highrescanopyheight_orthophoto",0.5,"orthophoto_50cm_2025","Sorlandet"
"NINFP2310121601",8.48356097731798,8.67045593261719,5397,3,"meta_highrescanopyheight_orthophoto",0.5,"orthophoto_50cm_2025","Sorlandet"
"NINFP2110064380",7.15152284391798,7.18504118919373,4932,2,"meta_highrescanopyheight_orthophoto",0.5,"orthophoto_50cm_2025","Sorlandet"
"NINFP1810040417",0.852928574205868,0.0160419773310423,26973,5,"meta_highrescanopyheight_orthophoto",0.5,"orthophoto_50cm_2025","Sorlandet"
"NINFP2510214624",1.60600757686556,0.0240712910890579,5465,2,"meta_highrescanopyheight_orthophoto",0.5,"orthophoto_50cm_2025","Sorlandet"
"NINFP2110023280",0.247161111279474,0.0110205058008432,63976,6,"meta_highrescanopyheight_orthophoto",0.5,"orthophoto_50cm_2025","Sorlandet"
"NINFP1810008903",3.18758503331865,1.38789772987366,18957,3,"meta_highrescanopyheight_orthophoto",0.5,"orthophoto_50cm_2025","Sorlandet"
"NINFP2210085952",1.59406111133587,0.0631787441670895,7550,3,"meta_highrescanopyheight_orthophoto",0.5,"orthophoto_50cm_2025","Sorlandet"
"NINFP2210110583",0.50519153705447,0.0106991934590042,17116,6,"meta_highrescanopyheight_orthophoto",0.5,"orthophoto_50cm_2025","Sorlandet"
"NINFP2310119637",4.6910790490523,1.88130390644073,9083,4,"meta_highrescanopyheight_orthophoto",0.5,"orthophoto_50cm_2025","Sorlandet"
"NINFP2410151745",4.22822545021745,2.97965753078461,9404,2,"meta_highrescanopyheight_orthophoto",0.5,"orthophoto_50cm_2025","Sorlandet"
"NINFP2410180943",3.47118091069585,2.73743152618408,6794,3,"meta_highrescanopyheight_orthophoto",0.5,"orthophoto_50cm_2025","Sorlandet"
"NINFP1810031797",5.16832313971838,5.10080599784851,25006,3,"meta_highrescanopyheight_orthophoto",0.5,"orthophoto_50cm_2025","Sorlandet"
"NINFP2510212958",6.99062525353701,5.05456447601318,4445,1,"meta_highrescanopyheight_orthophoto",0.5,"orthophoto_50cm_2025","Sorlandet"
"NINFP2210089088",0.70740139466389,0.0390374660491943,26751,2,"meta_highrescanopyheight_orthophoto",0.5,"orthophoto_50cm_2025","Sorlandet"
"NINFP2410153657",4.55710153615324,3.78454303741455,14597,3,"meta_highrescanopyheight_orthophoto",0.5,"orthophoto_50cm_2025","Sorlandet"
"NINFP2410156357",3.11755190655529,2.49586939811707,24743,2,"meta_highrescanopyheight_orthophoto",0.5,"orthophoto_50cm_2025","Sorlandet"
"NINFP2110052411",6.41893038984824,6.99616050720215,37267,4,"meta_highrescanopyheight_orthophoto",0.5,"orthophoto_50cm_2025","Sorlandet"
"NINFP2310137626",1.47293020044559,0.150924265384674,21062,6,"meta_highrescanopyheight_orthophoto",0.5,"orthophoto_50cm_2025","Sorlandet"
"NINFP2510210440",3.94543206184196,3.16135311126709,18729,5,"meta_highrescanopyheight_orthophoto",0.5,"orthophoto_50cm_2025","Sorlandet"
"NINFP2510192012",0.638992708984437,0.012335897423327,28576,3,"meta_highrescanopyheight_orthophoto",0.5,"orthophoto_50cm_2025","Sorlandet"
"NINFP2110059526",4.80566958054045,4.37327146530151,4636,2,"meta_highrescanopyheight_orthophoto",0.5,"orthophoto_50cm_2025","Sorlandet"
"NINFP2310145992",8.42424300521513,8.33757591247559,7521,2,"meta_highrescanopyheight_orthophoto",0.5,"orthophoto_50cm_2025","Sorlandet"
"NINFP2410158191",0.0101726110314084,0.010063533205539,26372,2,"meta_highrescanopyheight_orthophoto",0.5,"orthophoto_50cm_2025","Sorlandet"
"NINFP2310145436",7.34924559140865,7.53957748413086,15690,4,"meta_highrescanopyheight_orthophoto",0.5,"orthophoto_50cm_2025","Sorlandet"
"NINFP2310126730",1.16983712949218,0.0286802314221859,2958,2,"meta_highrescanopyheight_orthophoto",0.5,"orthophoto_50cm_2025","Sorlandet"
"NINFP2210075055",3.66741192726491,3.57925450801849,15514,2,"meta_highrescanopyheight_orthophoto",0.5,"orthophoto_50cm_2025","Sorlandet"
"NINFP2110008938",7.8615983111284,8.68966960906982,11508,3,"meta_highrescanopyheight_orthophoto",0.5,"orthophoto_50cm_2025","Sorlandet"
"NINFP2410183766",0.0100547654966892,0.0100405225530267,16205,4,"meta_highrescanopyheight_orthophoto",0.5,"orthophoto_50cm_2025","Sorlandet"
"NINFP2410157709",7.47703877430905,7.20884323120117,14447,2,"meta_highrescanopyheight_orthophoto",0.5,"orthophoto_50cm_2025","Sorlandet"
"NINFP2110038967",0.0461721384777011,0.0103240124881268,17853,2,"meta_highrescanopyheight_orthophoto",0.5,"orthophoto_50cm_2025","Sorlandet"
"NINFP2110065591",3.43672294944803,3.06999206542969,15877,3,"meta_highrescanopyheight_orthophoto",0.5,"orthophoto_50cm_2025","Sorlandet"
"NINFP2110033270",0.0361461781705202,0.0102542974054813,108573,10,"meta_highrescanopyheight_orthophoto",0.5,"orthophoto_50cm_2025","Sorlandet"
"NINFP2310134451",2.14783324826319,0.315925031900406,4483,2,"meta_highrescanopyheight_orthophoto",0.5,"orthophoto_50cm_2025","Sorlandet"
"NINFP2310144684",0.0832307818026088,0.0131878354586661,19376,4,"meta_highrescanopyheight_orthophoto",0.5,"orthophoto_50cm_2025","Sorlandet"
"NINFP2110039560",1.69804117037817,0.207621365785599,4301,2,"meta_highrescanopyheight_orthophoto",0.5,"orthophoto_50cm_2025","Sorlandet"
"NINFP2510217780",5.84183966575929,5.68088626861572,6309,2,"meta_highrescanopyheight_orthophoto",0.5,"orthophoto_50cm_2025","Sorlandet"
"NINFP2510217342",17.4853913465307,19.1413726806641,9007,1,"meta_highrescanopyheight_orthophoto",0.5,"orthophoto_50cm_2025","Sorlandet"
"NINFP2510191304",0.221365484139549,0.0111916474997997,75640,5,"meta_highrescanopyheight_orthophoto",0.5,"orthophoto_50cm_2025","Sorlandet"
"NINFP2510218156",2.79868544431357,0.383988678455353,55865,5,"meta_highrescanopyheight_orthophoto",0.5,"orthophoto_50cm_2025","Sorlandet"
"NINFP2510204556",1.84881116068615,0.317452326416969,5434,2,"meta_highrescanopyheight_orthophoto",0.5,"orthophoto_50cm_2025","Sorlandet"
"NINFP2310120972",3.55229010353632,2.43690705299377,9741,2,"meta_highrescanopyheight_orthophoto",0.5,"orthophoto_50cm_2025","Sorlandet"
"NINFP2510192137",1.18216217206359,0.0526460967957973,30487,2,"meta_highrescanopyheight_orthophoto",0.5,"orthophoto_50cm_2025","Sorlandet"
"NINFP2510204347",5.74749801769947,5.3170223236084,15363,3,"meta_highrescanopyheight_orthophoto",0.5,"orthophoto_50cm_2025","Sorlandet"
"NINFP2110007882",7.4888649474686,7.68402647972107,23406,2,"meta_highrescanopyheight_orthophoto",0.5,"orthophoto_50cm_2025","Sorlandet"
"NINFP2110061875",4.10365853569898,3.51425671577454,23577,3,"meta_highrescanopyheight_orthophoto",0.5,"orthophoto_50cm_2025","Sorlandet"
"NINFP2210089077",1.62361517174274,0.145287945866585,8368,2,"meta_highrescanopyheight_orthophoto",0.5,"orthophoto_50cm_2025","Sorlandet"
"NINFP1810011797",5.82330581020507,5.43030834197998,4669,4,"meta_highrescanopyheight_orthophoto",0.5,"orthophoto_50cm_2025","Sorlandet"
"NINFP1810006483",8.66446555402032,9.36522769927979,5262,2,"meta_highrescanopyheight_orthophoto",0.5,"orthophoto_50cm_2025","Sorlandet"
"NINFP2510217725",3.34059729733242,1.71535086631775,7511,2,"meta_highrescanopyheight_orthophoto",0.5,"orthophoto_50cm_2025","Sorlandet"
"NINFP2110026938",0.622743263103281,0.0178067646920681,15190,4,"meta_highrescanopyheight_orthophoto",0.5,"orthophoto_50cm_2025","Sorlandet"
"NINFP2410180850",3.03411268359751,1.74052703380585,4957,3,"meta_highrescanopyheight_orthophoto",0.5,"orthophoto_50cm_2025","Sorlandet"
"NINFP2410154873",3.54219014337154,0.898959875106812,8436,4,"meta_highrescanopyheight_orthophoto",0.5,"orthophoto_50cm_2025","Sorlandet"
"NINFP2410156526",0.0220674698348141,0.0102766510099173,4305,2,"meta_highrescanopyheight_orthophoto",0.5,"orthophoto_50cm_2025","Sorlandet"
"NINFP2410165528",1.04345120549802,0.0196134019643068,15457,3,"meta_highrescanopyheight_orthophoto",0.5,"orthophoto_50cm_2025","Sorlandet"
"NINFP2110067459",6.0561782305868,6.0494921207428,7442,2,"meta_highrescanopyheight_orthophoto",0.5,"orthophoto_50cm_2025","Sorlandet"
"NINFP2110030029",2.82217661569233,1.47717761993408,7267,3,"meta_highrescanopyheight_orthophoto",0.5,"orthophoto_50cm_2025","Sorlandet"
"NINFP2310115348",8.2062627286769,9.27365589141846,17369,3,"meta_highrescanopyheight_orthophoto",0.5,"orthophoto_50cm_2025","Sorlandet"
"NINFP2410152551",10.3280423511553,10.956111907959,12617,3,"meta_highrescanopyheight_orthophoto",0.5,"orthophoto_50cm_2025","Sorlandet"
"NINFP2510213213",4.62643609623594,4.53519654273987,11250,2,"meta_highrescanopyheight_orthophoto",0.5,"orthophoto_50cm_2025","Sorlandet"
"NINFP2110035514",2.69076217601255,1.01113724708557,4133,1,"meta_highrescanopyheight_orthophoto",0.5,"orthophoto_50cm_2025","Sorlandet"
"NINFP2510202750",1.49859622177375,0.15189266204834,38637,4,"meta_highrescanopyheight_orthophoto",0.5,"orthophoto_50cm_2025","Sorlandet"
"NINFP2010015375",4.68950965318503,4.50973916053772,7660,3,"meta_highrescanopyheight_orthophoto",0.5,"orthophoto_50cm_2025","Sorlandet"
"NINFP1810040413",1.51239109778369,0.271085947751999,6788,4,"meta_highrescanopyheight_orthophoto",0.5,"orthophoto_50cm_2025","Sorlandet"
"NINFP2410158097",0.0134927544361317,0.0104174930602312,11122,2,"meta_highrescanopyheight_orthophoto",0.5,"orthophoto_50cm_2025","Sorlandet"
"NINFP2410158893",1.34357633468787,0.115000929683447,12698,1,"meta_highrescanopyheight_orthophoto",0.5,"orthophoto_50cm_2025","Sorlandet"
"NINFP1810009767",4.90408653174929,4.32432770729065,16330,2,"meta_highrescanopyheight_orthophoto",0.5,"orthophoto_50cm_2025","Sorlandet"
"NINFP2310144143",4.22462770786483,2.53212106227875,6306,1,"meta_highrescanopyheight_orthophoto",0.5,"orthophoto_50cm_2025","Sorlandet"
"NINFP2410154418",9.29098017747607,9.76962471008301,7589,2,"meta_highrescanopyheight_orthophoto",0.5,"orthophoto_50cm_2025","Sorlandet"
"NINFP2110062047",4.91295560927082,5.12152910232544,5939,2,"meta_highrescanopyheight_orthophoto",0.5,"orthophoto_50cm_2025","Sorlandet"
"NINFP2410162194",7.73513970021822,7.90296840667725,9349,1,"meta_highrescanopyheight_orthophoto",0.5,"orthophoto_50cm_2025","Sorlandet"
"NINFP2310117175",7.43322060620731,7.9826602935791,9692,1,"meta_highrescanopyheight_orthophoto",0.5,"orthophoto_50cm_2025","Sorlandet"
"NINFP2510208614",7.3262202492616,7.69857597351074,9654,2,"meta_highrescanopyheight_orthophoto",0.5,"orthophoto_50cm_2025","Sorlandet"
"NINFP2510208043",3.51110532187647,1.96591520309448,10251,2,"meta_highrescanopyheight_orthophoto",0.5,"orthophoto_50cm_2025","Sorlandet"
"NINFP2110036834",6.82952979586177,7.49710297584534,60632,6,"meta_highrescanopyheight_orthophoto",0.5,"orthophoto_50cm_2025","Sorlandet"
"NINFP2510217829",4.5516479374897,4.06357932090759,4914,1,"meta_highrescanopyheight_orthophoto",0.5,"orthophoto_50cm_2025","Sorlandet"
"NINFP2510218821",5.45158070427058,5.99955463409424,22943,2,"meta_highrescanopyheight_orthophoto",0.5,"orthophoto_50cm_2025","Sorlandet"
"NINFP2510215096",7.17249803655091,7.2063455581665,12042,1,"meta_highrescanopyheight_orthophoto",0.5,"orthophoto_50cm_2025","Sorlandet"
"NINFP2510191068",2.96352813920162,2.33782887458801,30057,6,"meta_highrescanopyheight_orthophoto",0.5,"orthophoto_50cm_2025","Sorlandet"
"NINFP1810042749",4.22457400212939,3.02729606628418,10018,2,"meta_highrescanopyheight_orthophoto",0.5,"orthophoto_50cm_2025","Sorlandet"
"NINFP2310117684",10.6887273125921,11.7163891792297,10498,2,"meta_highrescanopyheight_orthophoto",0.5,"orthophoto_50cm_2025","Sorlandet"
"NINFP1810037732",4.33814050598332,2.27035903930664,32225,3,"meta_highrescanopyheight_orthophoto",0.5,"orthophoto_50cm_2025","Sorlandet"
"NINFP2510210444",2.68294932779635,1.45060551166534,4325,2,"meta_highrescanopyheight_orthophoto",0.5,"orthophoto_50cm_2025","Sorlandet"
"NINFP2510214439",6.62648355976749,6.9804425239563,8995,2,"meta_highrescanopyheight_orthophoto",0.5,"orthophoto_50cm_2025","Sorlandet"
"NINFP2210109842",2.63603446089409,1.22780758142471,14168,2,"meta_highrescanopyheight_orthophoto",0.5,"orthophoto_50cm_2025","Sorlandet"
"NINFP2110008003",8.2648357811627,9.48265552520752,13472,2,"meta_highrescanopyheight_orthophoto",0.5,"orthophoto_50cm_2025","Sorlandet"
"NINFP2410183369",0.0100652410932873,0.0100476848892868,63076,7,"meta_highrescanopyheight_orthophoto",0.5,"orthophoto_50cm_2025","Sorlandet"
"NINFP2310134292",6.59952139450407,7.09691381454468,6600,2,"meta_highrescanopyheight_orthophoto",0.5,"orthophoto_50cm_2025","Sorlandet"
"NINFP2210089276",1.57964553098958,0.084019873291254,21636,4,"meta_highrescanopyheight_orthophoto",0.5,"orthophoto_50cm_2025","Sorlandet"
"NINFP2310121408",7.21883303920095,7.5760383605957,7453,2,"meta_highrescanopyheight_orthophoto",0.5,"orthophoto_50cm_2025","Sorlandet"
"NINFP2410153145",5.57833805522359,7.03380060195923,5815,2,"meta_highrescanopyheight_orthophoto",0.5,"orthophoto_50cm_2025","Sorlandet"
"NINFP2210088382",0.0157790597845884,0.0106978476978838,16330,3,"meta_highrescanopyheight_orthophoto",0.5,"orthophoto_50cm_2025","Sorlandet"
"NINFP2110039867",0.161470932322138,0.0105694211088121,14320,3,"meta_highrescanopyheight_orthophoto",0.5,"orthophoto_50cm_2025","Sorlandet"
"NINFP2310139171",2.91409649712785,1.69513088464737,15174,4,"meta_highrescanopyheight_orthophoto",0.5,"orthophoto_50cm_2025","Sorlandet"
"NINFP2310119370",7.48441139171305,7.8220043182373,5083,2,"meta_highrescanopyheight_orthophoto",0.5,"orthophoto_50cm_2025","Sorlandet"
"NINFP2510192244",1.22892052393403,0.14575619995594,10533,2,"meta_highrescanopyheight_orthophoto",0.5,"orthophoto_50cm_2025","Sorlandet"
"NINFP2110009656",4.57778034772548,4.48207759857178,24316,5,"meta_highrescanopyheight_orthophoto",0.5,"orthophoto_50cm_2025","Sorlandet"
"NINFP1810039613",2.17284700235053,0.8452427983284,7143,4,"meta_highrescanopyheight_orthophoto",0.5,"orthophoto_50cm_2025","Sorlandet"
"NINFP2010017994",0.850140402634583,0.0117147164419293,18332,3,"meta_highrescanopyheight_orthophoto",0.5,"orthophoto_50cm_2025","Sorlandet"
"NINFP2310121046",7.34778093506388,7.77805852890015,7443,1,"meta_highrescanopyheight_orthophoto",0.5,"orthophoto_50cm_2025","Sorlandet"
"NINFP2410156917",0.019349222041192,0.0101126204244792,239776,19,"meta_highrescanopyheight_orthophoto",0.5,"orthophoto_50cm_2025","Sorlandet"
"NINFP2410157016",0.851786350470744,0.0207258425652981,5188,1,"meta_highrescanopyheight_orthophoto",0.5,"orthophoto_50cm_2025","Sorlandet"
"NINFP2210081054",2.79223647582752,1.4489820599556,69608,6,"meta_highrescanopyheight_orthophoto",0.5,"orthophoto_50cm_2025","Sorlandet"
"NINFP2410181392",3.3733091497564,2.89085006713867,2667,2,"meta_highrescanopyheight_orthophoto",0.5,"orthophoto_50cm_2025","Sorlandet"
"NINFP2510218353",6.61393574055162,6.3525562286377,59752,5,"meta_highrescanopyheight_orthophoto",0.5,"orthophoto_50cm_2025","Sorlandet"
"NINFP2010029266",1.55076159295038,0.0210335683077574,28983,6,"meta_highrescanopyheight_orthophoto",0.5,"orthophoto_50cm_2025","Sorlandet"
"NINFP2410150903",3.98168132065888,1.87431466579437,10325,3,"meta_highrescanopyheight_orthophoto",0.5,"orthophoto_50cm_2025","Sorlandet"
"NINFP2110008679",11.0750951144246,12.2602214813232,47330,3,"meta_highrescanopyheight_orthophoto",0.5,"orthophoto_50cm_2025","Sorlandet"
"NINFP2410163720",5.70108083044884,5.4507942199707,2821,1,"meta_highrescanopyheight_orthophoto",0.5,"orthophoto_50cm_2025","Sorlandet"
"NINFP2510217987",6.91607888077925,6.86224150657654,14822,4,"meta_highrescanopyheight_orthophoto",0.5,"orthophoto_50cm_2025","Sorlandet"
"NINFP2110036059",1.99955090031266,0.768918544054031,7544,3,"meta_highrescanopyheight_orthophoto",0.5,"orthophoto_50cm_2025","Sorlandet"
"NINFP2410180141",9.75856991750531,9.80804586410522,5290,2,"meta_highrescanopyheight_orthophoto",0.5,"orthophoto_50cm_2025","Sorlandet"
"NINFP2410164686",1.3764653989818,0.0162145234644413,2591,2,"meta_highrescanopyheight_orthophoto",0.5,"orthophoto_50cm_2025","Sorlandet"
"NINFP2210087009",0.389862455491928,0.0216923467814922,56185,9,"meta_highrescanopyheight_orthophoto",0.5,"orthophoto_50cm_2025","Sorlandet"
"NINFP1810011842",3.48989989704254,3.30255055427551,24327,3,"meta_highrescanopyheight_orthophoto",0.5,"orthophoto_50cm_2025","Sorlandet"
"NINFP1810001979",2.69508919786671,1.64202356338501,5603,2,"meta_highrescanopyheight_orthophoto",0.5,"orthophoto_50cm_2025","Sorlandet"
"NINFP2310140563",0.352109099016354,0.014401120133698,4368,2,"meta_highrescanopyheight_orthophoto",0.5,"orthophoto_50cm_2025","Sorlandet"
"NINFP2410179810",5.94045753003647,5.54374885559082,11108,2,"meta_highrescanopyheight_orthophoto",0.5,"orthophoto_50cm_2025","Sorlandet"
"NINFP1910028678",9.12204453651671,9.32475233078003,33010,3,"meta_highrescanopyheight_orthophoto",0.5,"orthophoto_50cm_2025","Sorlandet"
"NINFP2210109760",0.91277293421512,0.0453342199325562,9703,2,"meta_highrescanopyheight_orthophoto",0.5,"orthophoto_50cm_2025","Sorlandet"
"NINFP1810034659",4.08710503955431,4.47772550582886,79,1,"meta_highrescanopyheight_orthophoto",0.5,"orthophoto_50cm_2025","Sorlandet"
"NINFP2210081527",3.45014305790041,1.37637478113174,20070,6,"meta_highrescanopyheight_orthophoto",0.5,"orthophoto_50cm_2025","Sorlandet"
"NINFP2110036058",0.552775899297347,0.0161420945078135,33156,5,"meta_highrescanopyheight_orthophoto",0.5,"orthophoto_50cm_2025","Sorlandet"
"NINFP1910018438",5.9208692068573,6.12677526473999,8233,2,"meta_highrescanopyheight_orthophoto",0.5,"orthophoto_50cm_2025","Sorlandet"
"NINFP2410175230",0.0313233637603173,0.0103458352386951,9810,2,"meta_highrescanopyheight_orthophoto",0.5,"orthophoto_50cm_2025","Sorlandet"
"NINFP2210085143",2.07717328035507,0.522075116634369,9638,3,"meta_highrescanopyheight_orthophoto",0.5,"orthophoto_50cm_2025","Sorlandet"
"NINFP1810031778",0.255656592902898,0.011108411476016,5559,2,"meta_highrescanopyheight_orthophoto",0.5,"orthophoto_50cm_2025","Sorlandet"
"NINFP2110070781",5.8815366010989,5.2413637638092,22700,6,"meta_highrescanopyheight_orthophoto",0.5,"orthophoto_50cm_2025","Sorlandet"
"NINFP1810039641",3.41341560534169,2.28260552883148,4250,1,"meta_highrescanopyheight_orthophoto",0.5,"orthophoto_50cm_2025","Sorlandet"
"NINFP2510218846",8.45337973524768,9.30609321594238,20775,3,"meta_highrescanopyheight_orthophoto",0.5,"orthophoto_50cm_2025","Sorlandet"
"NINFP1810008363",9.84598740247885,10.3065509796143,4513,1,"meta_highrescanopyheight_orthophoto",0.5,"orthophoto_50cm_2025","Sorlandet"
"NINFP1910053738",8.78781453645851,9.29303073883057,3961,2,"meta_highrescanopyheight_orthophoto",0.5,"orthophoto_50cm_2025","Sorlandet"
"NINFP2510191848",3.9253927965402,2.69940721988678,2698,1,"meta_highrescanopyheight_orthophoto",0.5,"orthophoto_50cm_2025","Sorlandet"
"NINFP2210092549",6.92347451456995,7.39561343193054,4686,2,"meta_highrescanopyheight_orthophoto",0.5,"orthophoto_50cm_2025","Sorlandet"
"NINFP2310121914",3.3862539711773,2.44686651229858,5555,3,"meta_highrescanopyheight_orthophoto",0.5,"orthophoto_50cm_2025","Sorlandet"
"NINFP2310146176",2.8606712146462,1.18850147724152,40891,4,"meta_highrescanopyheight_orthophoto",0.5,"orthophoto_50cm_2025","Sorlandet"
"NINFP1910056135",3.98109782305361,1.90134513378143,8977,2,"meta_highrescanopyheight_orthophoto",0.5,"orthophoto_50cm_2025","Sorlandet"
"NINFP2510191076",0.497951071849516,0.0107676479965448,52561,5,"meta_highrescanopyheight_orthophoto",0.5,"orthophoto_50cm_2025","Sorlandet"
"NINFP2110038321",0.0104046089056369,0.0101318270899355,27322,4,"meta_highrescanopyheight_orthophoto",0.5,"orthophoto_50cm_2025","Sorlandet"
"NINFP2510218278",5.36306169112952,5.44618511199951,6669,2,"meta_highrescanopyheight_orthophoto",0.5,"orthophoto_50cm_2025","Sorlandet"
"NINFP2110057288",2.15221817462099,0.245511539280415,6930,2,"meta_highrescanopyheight_orthophoto",0.5,"orthophoto_50cm_2025","Sorlandet"
"NINFP2310143718",7.51371609584191,7.86466360092163,10415,2,"meta_highrescanopyheight_orthophoto",0.5,"orthophoto_50cm_2025","Sorlandet"
"NINFP1810040396",3.12481617192842,2.54681849479675,20699,2,"meta_highrescanopyheight_orthophoto",0.5,"orthophoto_50cm_2025","Sorlandet"
"NINFP2210106227",4.06645000797184,2.26583695411682,5431,1,"meta_highrescanopyheight_orthophoto",0.5,"orthophoto_50cm_2025","Sorlandet"
"NINFP2310124382",5.91944983858852,5.63645172119141,4005,2,"meta_highrescanopyheight_orthophoto",0.5,"orthophoto_50cm_2025","Sorlandet"
"NINFP2310145175",1.94150275727829,0.212444990873337,294541,13,"meta_highrescanopyheight_orthophoto",0.5,"orthophoto_50cm_2025","Sorlandet"
"NINFP2410154320",2.17584318264374,1.22169315814972,6994,3,"meta_highrescanopyheight_orthophoto",0.5,"orthophoto_50cm_2025","Sorlandet"
"NINFP2010016418",1.89942917210555,0.349473893642426,6485,1,"meta_highrescanopyheight_orthophoto",0.5,"orthophoto_50cm_2025","Sorlandet"
"NINFP2010016066",0.464004145507196,0.0102408584207296,45813,5,"meta_highrescanopyheight_orthophoto",0.5,"orthophoto_50cm_2025","Sorlandet"
"NINFP2510192241",0.317976072401416,0.0469197761267424,19300,4,"meta_highrescanopyheight_orthophoto",0.5,"orthophoto_50cm_2025","Sorlandet"
"NINFP2310117670",3.24255614586308,1.93776118755341,5172,1,"meta_highrescanopyheight_orthophoto",0.5,"orthophoto_50cm_2025","Sorlandet"
"NINFP2510209539",0.0389211432736155,0.0101791191846132,53431,4,"meta_highrescanopyheight_orthophoto",0.5,"orthophoto_50cm_2025","Sorlandet"
"NINFP2310145441",3.0778284872166,2.08568143844604,4794,2,"meta_highrescanopyheight_orthophoto",0.5,"orthophoto_50cm_2025","Sorlandet"
"NINFP2410155599",4.93721165830377,4.98246717453003,121260,6,"meta_highrescanopyheight_orthophoto",0.5,"orthophoto_50cm_2025","Sorlandet"
"NINFP2410151716",6.83563033038551,5.86963939666748,7725,2,"meta_highrescanopyheight_orthophoto",0.5,"orthophoto_50cm_2025","Sorlandet"
"NINFP2310129182",5.28862591496122,5.54708194732666,10007,3,"meta_highrescanopyheight_orthophoto",0.5,"orthophoto_50cm_2025","Sorlandet"
"NINFP1810032405",4.46380845566,3.73340392112732,1042,1,"meta_highrescanopyheight_orthophoto",0.5,"orthophoto_50cm_2025","Sorlandet"
"NINFP2310121767",5.92251539511354,5.03775715827942,21390,4,"meta_highrescanopyheight_orthophoto",0.5,"orthophoto_50cm_2025","Sorlandet"
"NINFP2210077600",3.97861955803694,2.45011115074158,29559,3,"meta_highrescanopyheight_orthophoto",0.5,"orthophoto_50cm_2025","Sorlandet"
"NINFP2110018757",0.221825950346691,0.0108512192964554,31783,4,"meta_highrescanopyheight_orthophoto",0.5,"orthophoto_50cm_2025","Sorlandet"
"NINFP2410157160",0.010077810702243,0.0100535596720874,14698,2,"meta_highrescanopyheight_orthophoto",0.5,"orthophoto_50cm_2025","Sorlandet"
"NINFP2310131741",5.13340329954348,4.90672063827515,5027,3,"meta_highrescanopyheight_orthophoto",0.5,"orthophoto_50cm_2025","Sorlandet"
"NINFP2510188125",3.52019528182591,1.83623421192169,14532,2,"meta_highrescanopyheight_orthophoto",0.5,"orthophoto_50cm_2025","Sorlandet"
"NINFP2110003013",11.2159033752475,11.8366851806641,10297,4,"meta_highrescanopyheight_orthophoto",0.5,"orthophoto_50cm_2025","Sorlandet"
"NINFP2410178530",9.72673511553253,10.0724592208862,9103,5,"meta_highrescanopyheight_orthophoto",0.5,"orthophoto_50cm_2025","Sorlandet"
"NINFP2510211762",8.01547180254877,8.11174488067627,4899,2,"meta_highrescanopyheight_orthophoto",0.5,"orthophoto_50cm_2025","Sorlandet"
"NINFP2010047693",7.73595717019718,8.48660278320312,8743,2,"meta_highrescanopyheight_orthophoto",0.5,"orthophoto_50cm_2025","Sorlandet"
"NINFP2510189356",3.71858180487283,2.64703667163849,31528,6,"meta_highrescanopyheight_orthophoto",0.5,"orthophoto_50cm_2025","Sorlandet"
"NINFP2110064741",3.47040496951222,3.23639750480652,31767,6,"meta_highrescanopyheight_orthophoto",0.5,"orthophoto_50cm_2025","Sorlandet"
"NINFP2510210422",0.594410933114975,0.0108452253043652,8024,2,"meta_highrescanopyheight_orthophoto",0.5,"orthophoto_50cm_2025","Sorlandet"
"NINFP2310145981",0.455738848915567,0.0110188219696283,56037,4,"meta_highrescanopyheight_orthophoto",0.5,"orthophoto_50cm_2025","Sorlandet"
"NINFP2510192675",0.648567152677444,0.0270562544465065,23672,3,"meta_highrescanopyheight_orthophoto",0.5,"orthophoto_50cm_2025","Sorlandet"
"NINFP2410155483",5.18178790580726,4.80003929138184,5972,3,"meta_highrescanopyheight_orthophoto",0.5,"orthophoto_50cm_2025","Sorlandet"
"NINFP2510203258",10.2375487782798,10.2750787734985,16609,5,"meta_highrescanopyheight_orthophoto",0.5,"orthophoto_50cm_2025","Sorlandet"
"NINFP2110070406",2.56726440291659,1.27598881721497,13283,4,"meta_highrescanopyheight_orthophoto",0.5,"orthophoto_50cm_2025","Sorlandet"
"NINFP2310144350",10.9024938018793,11.9468994140625,5915,2,"meta_highrescanopyheight_orthophoto",0.5,"orthophoto_50cm_2025","Sorlandet"
"NINFP2410170719",4.84717283159438,4.39328813552856,16896,4,"meta_highrescanopyheight_orthophoto",0.5,"orthophoto_50cm_2025","Sorlandet"
"NINFP2510194203",2.1607816261874,0.876926839351654,4476,1,"meta_highrescanopyheight_orthophoto",0.5,"orthophoto_50cm_2025","Sorlandet"
"NINFP2110041346",0.147143410176629,0.0104978857561946,9628,1,"meta_highrescanopyheight_orthophoto",0.5,"orthophoto_50cm_2025","Sorlandet"
"NINFP1810004966",2.20172819253566,0.144685596227646,17151,4,"meta_highrescanopyheight_orthophoto",0.5,"orthophoto_50cm_2025","Sorlandet"
"NINFP2110007051",8.01617884552731,8.49433135986328,78555,7,"meta_highrescanopyheight_orthophoto",0.5,"orthophoto_50cm_2025","Sorlandet"
"NINFP2510214647",0.349337750605982,0.0148808504454792,2056,2,"meta_highrescanopyheight_orthophoto",0.5,"orthophoto_50cm_2025","Sorlandet"
"NINFP1810011467",2.2907681165571,0.0215105004608631,76121,7,"meta_highrescanopyheight_orthophoto",0.5,"orthophoto_50cm_2025","Sorlandet"
"NINFP2010005330",2.76174893973979,1.3136123418808,17845,3,"meta_highrescanopyheight_orthophoto",0.5,"orthophoto_50cm_2025","Sorlandet"
"NINFP2210091241",8.67865261616766,9.21960115432739,5282,2,"meta_highrescanopyheight_orthophoto",0.5,"orthophoto_50cm_2025","Sorlandet"
"NINFP1910043235",5.47958144944627,5.28140592575073,116923,7,"meta_highrescanopyheight_orthophoto",0.5,"orthophoto_50cm_2025","Sorlandet"
"NINFP1810011392",1.37933307512484,0.0116953253746033,10150,2,"meta_highrescanopyheight_orthophoto",0.5,"orthophoto_50cm_2025","Sorlandet"
"NINFP2410167873",0.0485095639698829,0.0108122075907886,1174,2,"meta_highrescanopyheight_orthophoto",0.5,"orthophoto_50cm_2025","Sorlandet"
"NINFP2410168366",3.22665258626445,2.11417531967163,64321,5,"meta_highrescanopyheight_orthophoto",0.5,"orthophoto_50cm_2025","Sorlandet"
"NINFP1810044656",0.210468145136208,0.0109629821963608,101012,7,"meta_highrescanopyheight_orthophoto",0.5,"orthophoto_50cm_2025","Sorlandet"
"NINFP2010005501",8.4443056148122,8.95798492431641,6682,4,"meta_highrescanopyheight_orthophoto",0.5,"orthophoto_50cm_2025","Sorlandet"
"NINFP2410156860",3.31895276437536,2.45603621006012,18966,3,"meta_highrescanopyheight_orthophoto",0.5,"orthophoto_50cm_2025","Sorlandet"
"NINFP2310141522",4.99986062326284,4.49363565444946,9532,2,"meta_highrescanopyheight_orthophoto",0.5,"orthophoto_50cm_2025","Sorlandet"
"NINFP2410175232",5.80984809812949,6.17010641098022,8497,2,"meta_highrescanopyheight_orthophoto",0.5,"orthophoto_50cm_2025","Sorlandet"
"NINFP1810039617",5.59003635513245,4.93455743789673,6959,2,"meta_highrescanopyheight_orthophoto",0.5,"orthophoto_50cm_2025","Sorlandet"
"NINFP1910008303",6.75063557200536,7.09031963348389,8354,4,"meta_highrescanopyheight_orthophoto",0.5,"orthophoto_50cm_2025","Sorlandet"
"NINFP1810001901",6.06829646522746,5.62666320800781,12479,2,"meta_highrescanopyheight_orthophoto",0.5,"orthophoto_50cm_2025","Sorlandet"
"NINFP2310141284",4.34775500934643,3.97004747390747,10275,3,"meta_highrescanopyheight_orthophoto",0.5,"orthophoto_50cm_2025","Sorlandet"
"NINFP1810039656",0.414826405728033,0.0176590401679277,22396,5,"meta_highrescanopyheight_orthophoto",0.5,"orthophoto_50cm_2025","Sorlandet"
"NINFP2010029911",9.78557429492526,10.4682612419128,27084,4,"meta_highrescanopyheight_orthophoto",0.5,"orthophoto_50cm_2025","Sorlandet"
"NINFP2510217849",3.56528641492851,2.36536312103271,13917,2,"meta_highrescanopyheight_orthophoto",0.5,"orthophoto_50cm_2025","Sorlandet"
"NINFP2110040548",6.94623450709442,8.14433670043945,11671,3,"meta_highrescanopyheight_orthophoto",0.5,"orthophoto_50cm_2025","Sorlandet"
"NINFP2110021215",0.0109036382866224,0.0103796040639281,5345,2,"meta_highrescanopyheight_orthophoto",0.5,"orthophoto_50cm_2025","Sorlandet"
"NINFP2110038977",0.132819822986968,0.0104626878164709,53908,5,"meta_highrescanopyheight_orthophoto",0.5,"orthophoto_50cm_2025","Sorlandet"
"NINFP2310117745",5.78156187771004,5.66457080841064,5919,2,"meta_highrescanopyheight_orthophoto",0.5,"orthophoto_50cm_2025","Sorlandet"
"NINFP2110043980",5.86098550179883,6.12021780014038,18686,4,"meta_highrescanopyheight_orthophoto",0.5,"orthophoto_50cm_2025","Sorlandet"
"NINFP2110072435",6.66476298137243,7.1826343536377,19971,3,"meta_highrescanopyheight_orthophoto",0.5,"orthophoto_50cm_2025","Sorlandet"
"NINFP2110066136",4.66344123615414,4.06679439544678,17429,3,"meta_highrescanopyheight_orthophoto",0.5,"orthophoto_50cm_2025","Sorlandet"
"NINFP2310123095",0.125036539613418,0.0108984806574881,4534,2,"meta_highrescanopyheight_orthophoto",0.5,"orthophoto_50cm_2025","Sorlandet"
"NINFP2510184562",0.732480199518914,0.0116129703819752,3404,4,"meta_highrescanopyheight_orthophoto",0.5,"orthophoto_50cm_2025","Sorlandet"
"NINFP2310121600",0.791941873077312,0.0178346652537584,20396,3,"meta_highrescanopyheight_orthophoto",0.5,"orthophoto_50cm_2025","Sorlandet"
"NINFP2010029279",6.14566162171632,6.87838172912598,17154,3,"meta_highrescanopyheight_orthophoto",0.5,"orthophoto_50cm_2025","Sorlandet"
"NINFP1810007887",3.69335603722136,0.827529430389404,6299,1,"meta_highrescanopyheight_orthophoto",0.5,"orthophoto_50cm_2025","Sorlandet"
"NINFP1810011793",7.8023643230212,7.46739792823792,4102,2,"meta_highrescanopyheight_orthophoto",0.5,"orthophoto_50cm_2025","Sorlandet"
"NINFP2410158061",0.0111181629731714,0.0100539303384721,25824,4,"meta_highrescanopyheight_orthophoto",0.5,"orthophoto_50cm_2025","Sorlandet"
"NINFP2110007109",6.90981713225664,6.92088532447815,16950,2,"meta_highrescanopyheight_orthophoto",0.5,"orthophoto_50cm_2025","Sorlandet"
"NINFP2110029192",2.55206859872663,0.946083188056946,36943,4,"meta_highrescanopyheight_orthophoto",0.5,"orthophoto_50cm_2025","Sorlandet"
"NINFP2410147922",8.23187602814973,8.5254545211792,5079,1,"meta_highrescanopyheight_orthophoto",0.5,"orthophoto_50cm_2025","Sorlandet"
"NINFP2310119371",2.07983993934936,0.0845454782247543,8959,3,"meta_highrescanopyheight_orthophoto",0.5,"orthophoto_50cm_2025","Sorlandet"
"NINFP2410155688",3.60735018028915,0.261533081531525,3312,1,"meta_highrescanopyheight_orthophoto",0.5,"orthophoto_50cm_2025","Sorlandet"
"NINFP2310145036",7.56966547687843,8.22914457321167,11070,2,"meta_highrescanopyheight_orthophoto",0.5,"orthophoto_50cm_2025","Sorlandet"
"NINFP2110041851",0.860170109366377,0.017677441239357,5057,3,"meta_highrescanopyheight_orthophoto",0.5,"orthophoto_50cm_2025","Sorlandet"
"NINFP2010013081",3.54089583113835,1.98458695411682,3245,2,"meta_highrescanopyheight_orthophoto",0.5,"orthophoto_50cm_2025","Sorlandet"
"NINFP2110067659",6.43971632236503,6.5228443145752,14840,3,"meta_highrescanopyheight_orthophoto",0.5,"orthophoto_50cm_2025","Sorlandet"
"NINFP2410157989",0.0100806035576051,0.010038903914392,9234,1,"meta_highrescanopyheight_orthophoto",0.5,"orthophoto_50cm_2025","Sorlandet"
"NINFP2110023973",0.811027875592497,0.011680856347084,25319,3,"meta_highrescanopyheight_orthophoto",0.5,"orthophoto_50cm_2025","Sorlandet"
"NINFP2310146857",0.229094331532206,0.0113669866696,52929,6,"meta_highrescanopyheight_orthophoto",0.5,"orthophoto_50cm_2025","Sorlandet"
"NINFP2310115623",4.44986114450398,3.96530973911285,4988,1,"meta_highrescanopyheight_orthophoto",0.5,"orthophoto_50cm_2025","Sorlandet"
"NINFP2210075071",5.88728860090466,6.16365504264832,8992,4,"meta_highrescanopyheight_orthophoto",0.5,"orthophoto_50cm_2025","Sorlandet"
"NINFP2410154996",3.99779592398416,3.00114345550537,15071,4,"meta_highrescanopyheight_orthophoto",0.5,"orthophoto_50cm_2025","Sorlandet"
"NINFP2510212189",3.44997909558183,2.27119195461273,13680,2,"meta_highrescanopyheight_orthophoto",0.5,"orthophoto_50cm_2025","Sorlandet"
"NINFP2310139403",9.02622772755753,9.90230941772461,6519,2,"meta_highrescanopyheight_orthophoto",0.5,"orthophoto_50cm_2025","Sorlandet"
"NINFP2210110526",9.06319255963655,9.47782897949219,27743,5,"meta_highrescanopyheight_orthophoto",0.5,"orthophoto_50cm_2025","Sorlandet"
"NINFP2410180851",2.63718269731547,1.04543817043304,40221,3,"meta_highrescanopyheight_orthophoto",0.5,"orthophoto_50cm_2025","Sorlandet"
"NINFP2510190779",1.05376683473471,0.0178670436143875,17051,4,"meta_highrescanopyheight_orthophoto",0.5,"orthophoto_50cm_2025","Sorlandet"
"NINFP2210079162",0.278152891168377,0.0115244779735804,5126,1,"meta_highrescanopyheight_orthophoto",0.5,"orthophoto_50cm_2025","Sorlandet"
"NINFP2110057495",5.21293267532152,5.28191184997559,5997,3,"meta_highrescanopyheight_orthophoto",0.5,"orthophoto_50cm_2025","Sorlandet"
"NINFP2010031126",0.26569471560024,0.0118564735166728,3748,1,"meta_highrescanopyheight_orthophoto",0.5,"orthophoto_50cm_2025","Sorlandet"
"NINFP2210092801",4.37271818102845,4.10654735565186,4499,2,"meta_highrescanopyheight_orthophoto",0.5,"orthophoto_50cm_2025","Sorlandet"
"NINFP1910052401",3.23807704767091,1.80181622505188,26057,4,"meta_highrescanopyheight_orthophoto",0.5,"orthophoto_50cm_2025","Sorlandet"
"NINFP2510196595",8.59331148493616,9.02301073074341,11042,2,"meta_highrescanopyheight_orthophoto",0.5,"orthophoto_50cm_2025","Sorlandet"
"NINFP2310136436",0.275822159283453,0.0110282520763576,27450,6,"meta_highrescanopyheight_orthophoto",0.5,"orthophoto_50cm_2025","Sorlandet"
"NINFP2110006423",5.06008452993608,5.11661601066589,7802,4,"meta_highrescanopyheight_orthophoto",0.5,"orthophoto_50cm_2025","Sorlandet"
"NINFP2410180886",0.162659958324971,0.0248165968805552,2139,2,"meta_highrescanopyheight_orthophoto",0.5,"orthophoto_50cm_2025","Sorlandet"
"NINFP2110060898",2.74065097966943,1.52729749679565,17982,2,"meta_highrescanopyheight_orthophoto",0.5,"orthophoto_50cm_2025","Sorlandet"
"NINFP2210075264",8.79537664539708,10.9215874671936,5532,2,"meta_highrescanopyheight_orthophoto",0.5,"orthophoto_50cm_2025","Sorlandet"
"NINFP2310114552",4.97497743364352,4.70621538162231,9420,2,"meta_highrescanopyheight_orthophoto",0.5,"orthophoto_50cm_2025","Sorlandet"
"NINFP1810001733",12.4784863666481,13.7605781555176,53827,5,"meta_highrescanopyheight_orthophoto",0.5,"orthophoto_50cm_2025","Sorlandet"
"NINFP2110036669",0.117306796117354,0.0104775168001652,189357,16,"meta_highrescanopyheight_orthophoto",0.5,"orthophoto_50cm_2025","Sorlandet"
"NINFP2310121042",10.7132158059776,11.3961896896362,13780,3,"meta_highrescanopyheight_orthophoto",0.5,"orthophoto_50cm_2025","Sorlandet"
"NINFP2510218240",2.85254105139686,0.913549065589905,60951,4,"meta_highrescanopyheight_orthophoto",0.5,"orthophoto_50cm_2025","Sorlandet"
"NINFP2310134033",1.0219635037906,0.0378634929656982,19847,3,"meta_highrescanopyheight_orthophoto",0.5,"orthophoto_50cm_2025","Sorlandet"
"NINFP2310139501",1.2110417554059,0.0587413758039474,71443,6,"meta_highrescanopyheight_orthophoto",0.5,"orthophoto_50cm_2025","Sorlandet"
"NINFP2210079126",7.48117304535041,8.32369613647461,4161,1,"meta_highrescanopyheight_orthophoto",0.5,"orthophoto_50cm_2025","Sorlandet"
"NINFP1810013107",0.73163698427737,0.0105973915196955,16394,2,"meta_highrescanopyheight_orthophoto",0.5,"orthophoto_50cm_2025","Sorlandet"
"NINFP2110026691",0.150460300850138,0.0103654991835356,99670,8,"meta_highrescanopyheight_orthophoto",0.5,"orthophoto_50cm_2025","Sorlandet"
"NINFP2510185333",3.86089562541072,2.32093405723572,15824,2,"meta_highrescanopyheight_orthophoto",0.5,"orthophoto_50cm_2025","Sorlandet"
"NINFP2110033719",0.138278351025625,0.0106851770542562,6052,1,"meta_highrescanopyheight_orthophoto",0.5,"orthophoto_50cm_2025","Sorlandet"
"NINFP2310135926",7.24190335275444,7.99991703033447,9928,4,"meta_highrescanopyheight_orthophoto",0.5,"orthophoto_50cm_2025","Sorlandet"
"NINFP2210077601",4.88173505351491,4.18188619613647,6816,3,"meta_highrescanopyheight_orthophoto",0.5,"orthophoto_50cm_2025","Sorlandet"
"NINFP1810039647",1.76992055286012,0.402753889560699,11571,2,"meta_highrescanopyheight_orthophoto",0.5,"orthophoto_50cm_2025","Sorlandet"
"NINFP2510192132",0.722651366693357,0.0452130474150181,8354,2,"meta_highrescanopyheight_orthophoto",0.5,"orthophoto_50cm_2025","Sorlandet"
"NINFP2110019244",5.80359152456206,4.00138187408447,12190,4,"meta_highrescanopyheight_orthophoto",0.5,"orthophoto_50cm_2025","Sorlandet"
"NINFP2410156369",1.16168192243351,0.504076600074768,9513,3,"meta_highrescanopyheight_orthophoto",0.5,"orthophoto_50cm_2025","Sorlandet"
"NINFP2210107022",7.45996092975931,7.81909418106079,5451,2,"meta_highrescanopyheight_orthophoto",0.5,"orthophoto_50cm_2025","Sorlandet"
"NINFP2510191814",1.03780341061472,0.251460805535316,5234,2,"meta_highrescanopyheight_orthophoto",0.5,"orthophoto_50cm_2025","Sorlandet"
"NINFP1810039608",3.17051606864845,1.22519636154175,33450,5,"meta_highrescanopyheight_orthophoto",0.5,"orthophoto_50cm_2025","Sorlandet"
"NINFP2310120545",5.93915003491438,5.66164588928223,142677,10,"meta_highrescanopyheight_orthophoto",0.5,"orthophoto_50cm_2025","Sorlandet"
"NINFP2410181714",8.18144711272993,9.67184782028198,5688,1,"meta_highrescanopyheight_orthophoto",0.5,"orthophoto_50cm_2025","Sorlandet"
"NINFP2110041349",0.0163197050656134,0.0101993223652244,13275,1,"meta_highrescanopyheight_orthophoto",0.5,"orthophoto_50cm_2025","Sorlandet"
"NINFP2410176688",8.87824601985521,9.12350606918335,12818,2,"meta_highrescanopyheight_orthophoto",0.5,"orthophoto_50cm_2025","Sorlandet"
"NINFP2310117955",8.98652815427334,9.32525587081909,6024,2,"meta_highrescanopyheight_orthophoto",0.5,"orthophoto_50cm_2025","Sorlandet"
"NINFP2110037155",0.227237066145634,0.0107836918905377,13121,2,"meta_highrescanopyheight_orthophoto",0.5,"orthophoto_50cm_2025","Sorlandet"
"NINFP2110057501",1.49623014088672,0.105700515210629,1558,2,"meta_highrescanopyheight_orthophoto",0.5,"orthophoto_50cm_2025","Sorlandet"
"NINFP2410156532",0.280803737213669,0.0107904900796711,17658,4,"meta_highrescanopyheight_orthophoto",0.5,"orthophoto_50cm_2025","Sorlandet"
"NINFP1910052181",4.0951012081119,2.94284796714783,9762,2,"meta_highrescanopyheight_orthophoto",0.5,"orthophoto_50cm_2025","Sorlandet"
"NINFP2210085624",1.90607428650533,1.1037529706955,4977,2,"meta_highrescanopyheight_orthophoto",0.5,"orthophoto_50cm_2025","Sorlandet"
"NINFP2110060167",0.876860262448042,0.0295537170022726,42560,10,"meta_highrescanopyheight_orthophoto",0.5,"orthophoto_50cm_2025","Sorlandet"
"NINFP2510217046",0.069005999632049,0.0112255336716771,12707,1,"meta_highrescanopyheight_orthophoto",0.5,"orthophoto_50cm_2025","Sorlandet"
"NINFP2410155512",2.95140003949758,0.946407675743103,9869,3,"meta_highrescanopyheight_orthophoto",0.5,"orthophoto_50cm_2025","Sorlandet"
"NINFP2410157937",0.0100550137789691,0.0100362580269575,38931,3,"meta_highrescanopyheight_orthophoto",0.5,"orthophoto_50cm_2025","Sorlandet"
"NINFP2110009709",5.72130393589604,5.03127098083496,5983,4,"meta_highrescanopyheight_orthophoto",0.5,"orthophoto_50cm_2025","Sorlandet"
"NINFP2410178324",3.65226959797306,2.08453440666199,169103,8,"meta_highrescanopyheight_orthophoto",0.5,"orthophoto_50cm_2025","Sorlandet"
"NINFP2110040753",0.170762178341273,0.0110827405005693,77061,5,"meta_highrescanopyheight_orthophoto",0.5,"orthophoto_50cm_2025","Sorlandet"
"NINFP2510188781",0.0512712923429764,0.0103167183697224,39593,4,"meta_highrescanopyheight_orthophoto",0.5,"orthophoto_50cm_2025","Sorlandet"
"NINFP2110006854",8.19157296454559,8.76748657226562,6669,2,"meta_highrescanopyheight_orthophoto",0.5,"orthophoto_50cm_2025","Sorlandet"
"NINFP2310119853",4.78511156212167,3.50562000274658,7783,2,"meta_highrescanopyheight_orthophoto",0.5,"orthophoto_50cm_2025","Sorlandet"
"NINFP1810013626",8.89537278402687,9.12028360366821,6022,2,"meta_highrescanopyheight_orthophoto",0.5,"orthophoto_50cm_2025","Sorlandet"
"NINFP1810037709",2.32665474052492,0.371171087026596,79189,9,"meta_highrescanopyheight_orthophoto",0.5,"orthophoto_50cm_2025","Sorlandet"
"NINFP2410181969",4.81930963683022,3.907630443573,12908,3,"meta_highrescanopyheight_orthophoto",0.5,"orthophoto_50cm_2025","Sorlandet"
"NINFP2310146863",0.493992252748107,0.0123716238886118,13646,2,"meta_highrescanopyheight_orthophoto",0.5,"orthophoto_50cm_2025","Sorlandet"
"NINFP2510192672",0.606685991413322,0.0131778116337955,35806,4,"meta_highrescanopyheight_orthophoto",0.5,"orthophoto_50cm_2025","Sorlandet"
"NINFP2410176919",3.20182801433902,2.09850001335144,16320,3,"meta_highrescanopyheight_orthophoto",0.5,"orthophoto_50cm_2025","Sorlandet"
"NINFP2210074874",7.84413024709145,8.36818075180054,20774,6,"meta_highrescanopyheight_orthophoto",0.5,"orthophoto_50cm_2025","Sorlandet"
"NINFP2110069265",5.32463486062967,4.90913200378418,6083,2,"meta_highrescanopyheight_orthophoto",0.5,"orthophoto_50cm_2025","Sorlandet"
"NINFP2510191236",0.442192302378519,0.0114253051578999,17879,4,"meta_highrescanopyheight_orthophoto",0.5,"orthophoto_50cm_2025","Sorlandet"
"NINFP2510214040",3.8359956548758,2.09210240840912,9494,4,"meta_highrescanopyheight_orthophoto",0.5,"orthophoto_50cm_2025","Sorlandet"
"NINFP2110065212",5.03104051977724,3.4732438325882,6556,1,"meta_highrescanopyheight_orthophoto",0.5,"orthophoto_50cm_2025","Sorlandet"
"NINFP2110034656",0.04903411351601,0.0102539849467576,42328,5,"meta_highrescanopyheight_orthophoto",0.5,"orthophoto_50cm_2025","Sorlandet"
"NINFP2410149415",6.64645892983833,5.59292268753052,4971,2,"meta_highrescanopyheight_orthophoto",0.5,"orthophoto_50cm_2025","Sorlandet"
"NINFP2210075916",8.79074519650349,8.70385265350342,14022,2,"meta_highrescanopyheight_orthophoto",0.5,"orthophoto_50cm_2025","Sorlandet"
"NINFP2410161676",2.58764852367109,0.389009729027748,8918,2,"meta_highrescanopyheight_orthophoto",0.5,"orthophoto_50cm_2025","Sorlandet"
"NINFP2310141911",9.48079426651199,10.4577217102051,5827,1,"meta_highrescanopyheight_orthophoto",0.5,"orthophoto_50cm_2025","Sorlandet"
"NINFP2410157153",0.0101831393248621,0.0100406007841229,73800,5,"meta_highrescanopyheight_orthophoto",0.5,"orthophoto_50cm_2025","Sorlandet"
"NINFP2410176425",3.87802349887121,1.86511033773422,14002,5,"meta_highrescanopyheight_orthophoto",0.5,"orthophoto_50cm_2025","Sorlandet"
"NINFP2110021627",0.0539100838223946,0.0104448804631829,4880,2,"meta_highrescanopyheight_orthophoto",0.5,"orthophoto_50cm_2025","Sorlandet"
"NINFP2410154896",7.96744382298439,8.02958106994629,4596,2,"meta_highrescanopyheight_orthophoto",0.5,"orthophoto_50cm_2025","Sorlandet"
"NINFP2110048706",0.201665908173312,0.0111679416149855,6747,1,"meta_highrescanopyheight_orthophoto",0.5,"orthophoto_50cm_2025","Sorlandet"
"NINFP2110057997",7.89783404642059,8.63783597946167,26042,3,"meta_highrescanopyheight_orthophoto",0.5,"orthophoto_50cm_2025","Sorlandet"
"NINFP2110043815",1.90778143166844,1.30019170045853,4884,2,"meta_highrescanopyheight_orthophoto",0.5,"orthophoto_50cm_2025","Sorlandet"
"NINFP2110014962",2.85980390160092,1.45504945516586,123722,10,"meta_highrescanopyheight_orthophoto",0.5,"orthophoto_50cm_2025","Sorlandet"
"NINFP1910043927",11.5956116275215,13.326192855835,4005,2,"meta_highrescanopyheight_orthophoto",0.5,"orthophoto_50cm_2025","Sorlandet"
"NINFP1910004440",1.07928316927999,0.0277996808290482,2124,2,"meta_highrescanopyheight_orthophoto",0.5,"orthophoto_50cm_2025","Sorlandet"
"NINFP2510212731",5.01318460486729,4.0866231918335,18787,4,"meta_highrescanopyheight_orthophoto",0.5,"orthophoto_50cm_2025","Sorlandet"
"NINFP2410170807",1.12688290700209,0.0516456104815006,13842,3,"meta_highrescanopyheight_orthophoto",0.5,"orthophoto_50cm_2025","Sorlandet"
"NINFP2510186725",4.12761895994829,2.16280364990234,5073,2,"meta_highrescanopyheight_orthophoto",0.5,"orthophoto_50cm_2025","Sorlandet"
"NINFP1810006294",0.5700027906975,0.0124249029904604,47763,5,"meta_highrescanopyheight_orthophoto",0.5,"orthophoto_50cm_2025","Sorlandet"
"NINFP1810037698",2.2582735835499,0.477710515260696,9055,2,"meta_highrescanopyheight_orthophoto",0.5,"orthophoto_50cm_2025","Sorlandet"
"NINFP2010016058",0.362369934470224,0.0102351503446698,16117,3,"meta_highrescanopyheight_orthophoto",0.5,"orthophoto_50cm_2025","Sorlandet"
"NINFP2510211711",7.15701390832683,8.03472757339478,4016,1,"meta_highrescanopyheight_orthophoto",0.5,"orthophoto_50cm_2025","Sorlandet"
"NINFP2210084727",0.507102743442314,0.0176927037537098,4494,1,"meta_highrescanopyheight_orthophoto",0.5,"orthophoto_50cm_2025","Sorlandet"
"NINFP2110008796",0.0237942019433678,0.0109401112422347,7313,2,"meta_highrescanopyheight_orthophoto",0.5,"orthophoto_50cm_2025","Sorlandet"
"NINFP1810010097",6.71016924819434,6.71214818954468,15941,1,"meta_highrescanopyheight_orthophoto",0.5,"orthophoto_50cm_2025","Sorlandet"
"NINFP2410171313",7.49268129158866,8.08220195770264,10313,2,"meta_highrescanopyheight_orthophoto",0.5,"orthophoto_50cm_2025","Sorlandet"
"NINFP1810033149",1.30005648559825,0.054925924167037,3262,4,"meta_highrescanopyheight_orthophoto",0.5,"orthophoto_50cm_2025","Sorlandet"
"NINFP1810001215",6.78972355779177,7.1695384979248,8970,2,"meta_highrescanopyheight_orthophoto",0.5,"orthophoto_50cm_2025","Sorlandet"
"NINFP2410165531",0.850749718178788,0.0228079501539469,29640,4,"meta_highrescanopyheight_orthophoto",0.5,"orthophoto_50cm_2025","Sorlandet"
"NINFP2410181102",0.81359478384234,0.0443875938653946,8340,3,"meta_highrescanopyheight_orthophoto",0.5,"orthophoto_50cm_2025","Sorlandet"
"NINFP2310137002",3.92252846436498,4.14931964874268,7825,1,"meta_highrescanopyheight_orthophoto",0.5,"orthophoto_50cm_2025","Sorlandet"
"NINFP1810001735",7.78214998480158,6.55368566513062,11364,3,"meta_highrescanopyheight_orthophoto",0.5,"orthophoto_50cm_2025","Sorlandet"
"NINFP1910033719",4.77304695445155,4.01459312438965,18627,1,"meta_highrescanopyheight_orthophoto",0.5,"orthophoto_50cm_2025","Sorlandet"
"NINFP2410156789",1.86013422293854,0.171818435192108,16001,5,"meta_highrescanopyheight_orthophoto",0.5,"orthophoto_50cm_2025","Sorlandet"
"NINFP2210109570",3.07131755422682,1.80665212869644,10262,4,"meta_highrescanopyheight_orthophoto",0.5,"orthophoto_50cm_2025","Sorlandet"
"NINFP2410152104",4.49410188029939,3.63830506801605,4396,1,"meta_highrescanopyheight_orthophoto",0.5,"orthophoto_50cm_2025","Sorlandet"
"NINFP2310130435",8.67442231166573,9.77721548080444,11824,2,"meta_highrescanopyheight_orthophoto",0.5,"orthophoto_50cm_2025","Sorlandet"
"NINFP2410154459",2.15138056687062,0.216653853654861,42503,5,"meta_highrescanopyheight_orthophoto",0.5,"orthophoto_50cm_2025","Sorlandet"
"NINFP2410154776",5.57294177752981,5.26906871795654,6032,4,"meta_highrescanopyheight_orthophoto",0.5,"orthophoto_50cm_2025","Sorlandet"
"NINFP2210087658",5.79156782205109,5.47326588630676,7582,2,"meta_highrescanopyheight_orthophoto",0.5,"orthophoto_50cm_2025","Sorlandet"
"NINFP1910053695",5.61730335069611,6.2003378868103,5125,1,"meta_highrescanopyheight_orthophoto",0.5,"orthophoto_50cm_2025","Sorlandet"
"NINFP1810033485",3.4403294959461,1.8175323009491,37715,4,"meta_highrescanopyheight_orthophoto",0.5,"orthophoto_50cm_2025","Sorlandet"
"NINFP2510190139",6.09585067722353,6.9755687713623,10984,4,"meta_highrescanopyheight_orthophoto",0.5,"orthophoto_50cm_2025","Sorlandet"
"NINFP1810034861",3.09888608897386,1.9198049902916,4742,1,"meta_highrescanopyheight_orthophoto",0.5,"orthophoto_50cm_2025","Sorlandet"
"NINFP2310119382",5.19949773763117,4.18331003189087,23065,5,"meta_highrescanopyheight_orthophoto",0.5,"orthophoto_50cm_2025","Sorlandet"
"NINFP2310146168",7.57225145524704,7.87351894378662,4735,4,"meta_highrescanopyheight_orthophoto",0.5,"orthophoto_50cm_2025","Sorlandet"
"NINFP2210082522",3.85651979378334,3.59162616729736,7487,2,"meta_highrescanopyheight_orthophoto",0.5,"orthophoto_50cm_2025","Sorlandet"
"NINFP2210110613",7.11555142105263,7.47150087356567,7478,2,"meta_highrescanopyheight_orthophoto",0.5,"orthophoto_50cm_2025","Sorlandet"
"NINFP2310135221",3.20409437833319,1.30387997627258,59157,5,"meta_highrescanopyheight_orthophoto",0.5,"orthophoto_50cm_2025","Sorlandet"
"NINFP2110039475",0.0229435306414049,0.0106680868193507,12646,2,"meta_highrescanopyheight_orthophoto",0.5,"orthophoto_50cm_2025","Sorlandet"
"NINFP2510191205",2.46135271939408,1.01861023902893,4181,1,"meta_highrescanopyheight_orthophoto",0.5,"orthophoto_50cm_2025","Sorlandet"
"NINFP1810009805",1.7797850690456,0.478564992547035,45842,4,"meta_highrescanopyheight_orthophoto",0.5,"orthophoto_50cm_2025","Sorlandet"
"NINFP2410168360",0.620988935567583,0.0124650155194104,41410,5,"meta_highrescanopyheight_orthophoto",0.5,"orthophoto_50cm_2025","Sorlandet"
"NINFP2210089070",1.17042963923623,0.0739758498966694,6872,2,"meta_highrescanopyheight_orthophoto",0.5,"orthophoto_50cm_2025","Sorlandet"
"NINFP1810030658",0.100880153147646,0.0105410739779472,15193,4,"meta_highrescanopyheight_orthophoto",0.5,"orthophoto_50cm_2025","Sorlandet"
"NINFP2410156351",6.56930736882088,7.41042852401733,8293,2,"meta_highrescanopyheight_orthophoto",0.5,"orthophoto_50cm_2025","Sorlandet"
"NINFP2010019265",1.09024358118596,0.0110098989680409,11073,2,"meta_highrescanopyheight_orthophoto",0.5,"orthophoto_50cm_2025","Sorlandet"
"NINFP2210106424",6.64476530263246,6.74559426307678,4856,2,"meta_highrescanopyheight_orthophoto",0.5,"orthophoto_50cm_2025","Sorlandet"
"NINFP2210088504",3.16140039582683,1.96784687042236,9445,2,"meta_highrescanopyheight_orthophoto",0.5,"orthophoto_50cm_2025","Sorlandet"
"NINFP1810037716",3.88587334238654,2.31483888626099,84303,8,"meta_highrescanopyheight_orthophoto",0.5,"orthophoto_50cm_2025","Sorlandet"
"NINFP2310132488",8.2685180355745,8.70041656494141,5240,2,"meta_highrescanopyheight_orthophoto",0.5,"orthophoto_50cm_2025","Sorlandet"
"NINFP2310135799",5.90024086541909,5.47702646255493,5288,1,"meta_highrescanopyheight_orthophoto",0.5,"orthophoto_50cm_2025","Sorlandet"
"NINFP2510212737",6.13909317882299,5.52251434326172,85274,12,"meta_highrescanopyheight_orthophoto",0.5,"orthophoto_50cm_2025","Sorlandet"
"NINFP2110037158",0.294623161700303,0.0119261536747217,9175,2,"meta_highrescanopyheight_orthophoto",0.5,"orthophoto_50cm_2025","Sorlandet"
"NINFP2110018416",0.095672141534991,0.0123801692388952,7274,2,"meta_highrescanopyheight_orthophoto",0.5,"orthophoto_50cm_2025","Sorlandet"
"NINFP2310121768",4.07794796283814,3.85853052139282,10439,2,"meta_highrescanopyheight_orthophoto",0.5,"orthophoto_50cm_2025","Sorlandet"
"NINFP2310135742",0.0443907968399572,0.0113890571519732,11702,2,"meta_highrescanopyheight_orthophoto",0.5,"orthophoto_50cm_2025","Sorlandet"
"NINFP2110009013",7.3045288009869,8.50174140930176,11085,1,"meta_highrescanopyheight_orthophoto",0.5,"orthophoto_50cm_2025","Sorlandet"
"NINFP2410159414",0.171680288179506,0.0105497948825359,22988,4,"meta_highrescanopyheight_orthophoto",0.5,"orthophoto_50cm_2025","Sorlandet"
"NINFP2210074752",5.54565086776611,5.58559632301331,20030,3,"meta_highrescanopyheight_orthophoto",0.5,"orthophoto_50cm_2025","Sorlandet"
"NINFP2110035638",0.308237774985215,0.0112676071003079,56112,5,"meta_highrescanopyheight_orthophoto",0.5,"orthophoto_50cm_2025","Sorlandet"
"NINFP1810040420",3.68357420532636,1.32135039567947,26762,3,"meta_highrescanopyheight_orthophoto",0.5,"orthophoto_50cm_2025","Sorlandet"
"NINFP2510198411",3.84220400846818,3.31297290325165,4142,2,"meta_highrescanopyheight_orthophoto",0.5,"orthophoto_50cm_2025","Sorlandet"
"NINFP2410180689",8.89193690842053,9.38119888305664,99900,10,"meta_highrescanopyheight_orthophoto",0.5,"orthophoto_50cm_2025","Sorlandet"
"NINFP2210105368",10.4771911144341,10.8513431549072,8149,2,"meta_highrescanopyheight_orthophoto",0.5,"orthophoto_50cm_2025","Sorlandet"
"NINFP2210081114",8.49310239291426,10.7261085510254,4141,2,"meta_highrescanopyheight_orthophoto",0.5,"orthophoto_50cm_2025","Sorlandet"
"NINFP1810036214",1.04717455165232,0.0158616062253714,14599,2,"meta_highrescanopyheight_orthophoto",0.5,"orthophoto_50cm_2025","Sorlandet"
"NINFP2210110161",0.642229574316687,0.0135312341153622,29257,4,"meta_highrescanopyheight_orthophoto",0.5,"orthophoto_50cm_2025","Sorlandet"
"NINFP2310116891",4.61657692096983,4.33686447143555,13372,3,"meta_highrescanopyheight_orthophoto",0.5,"orthophoto_50cm_2025","Sorlandet"
"NINFP1910025207",6.70800248885812,7.04437923431396,13704,3,"meta_highrescanopyheight_orthophoto",0.5,"orthophoto_50cm_2025","Sorlandet"
"NINFP2510192510",0.950389033209476,0.0669150054454803,7230,1,"meta_highrescanopyheight_orthophoto",0.5,"orthophoto_50cm_2025","Sorlandet"
"NINFP2110026701",0.376069739557354,0.0147278923541307,14355,4,"meta_highrescanopyheight_orthophoto",0.5,"orthophoto_50cm_2025","Sorlandet"
"NINFP2510217777",6.91796170637313,7.50689768791199,10064,3,"meta_highrescanopyheight_orthophoto",0.5,"orthophoto_50cm_2025","Sorlandet"
"NINFP2310135644",2.76621346752892,1.17774486541748,15253,4,"meta_highrescanopyheight_orthophoto",0.5,"orthophoto_50cm_2025","Sorlandet"
"NINFP2410181403",4.89180945954111,4.70518493652344,3335,4,"meta_highrescanopyheight_orthophoto",0.5,"orthophoto_50cm_2025","Sorlandet"
"NINFP1810037697",0.331275242018459,0.0113697065971792,45096,5,"meta_highrescanopyheight_orthophoto",0.5,"orthophoto_50cm_2025","Sorlandet"
"NINFP1810041547",3.60475527579395,3.43111610412598,6154,2,"meta_highrescanopyheight_orthophoto",0.5,"orthophoto_50cm_2025","Sorlandet"
"NINFP2110040644",0.224449559785503,0.016478662379086,4362,2,"meta_highrescanopyheight_orthophoto",0.5,"orthophoto_50cm_2025","Sorlandet"
"NINFP2110006389",9.32373441704176,9.58844709396362,5018,3,"meta_highrescanopyheight_orthophoto",0.5,"orthophoto_50cm_2025","Sorlandet"
"NINFP2310143913",0.420332552190669,0.0132704274728894,40684,3,"meta_highrescanopyheight_orthophoto",0.5,"orthophoto_50cm_2025","Sorlandet"
"NINFP2110048299",0.0283508767981923,0.0103414468467236,8355,1,"meta_highrescanopyheight_orthophoto",0.5,"orthophoto_50cm_2025","Sorlandet"
"NINFP2010016423",7.02666133437489,7.48108625411987,20300,3,"meta_highrescanopyheight_orthophoto",0.5,"orthophoto_50cm_2025","Sorlandet"
"NINFP1910040274",6.03654202059904,5.99513101577759,4051,2,"meta_highrescanopyheight_orthophoto",0.5,"orthophoto_50cm_2025","Sorlandet"
"NINFP2410181912",4.99366746908876,4.13719487190247,5756,3,"meta_highrescanopyheight_orthophoto",0.5,"orthophoto_50cm_2025","Sorlandet"
"NINFP1810034870",0.881245338778884,0.114200737327337,6970,1,"meta_highrescanopyheight_orthophoto",0.5,"orthophoto_50cm_2025","Sorlandet"
"NINFP2410164631",3.4818555334014,3.18541395664215,12186,3,"meta_highrescanopyheight_orthophoto",0.5,"orthophoto_50cm_2025","Sorlandet"
"NINFP1810032380",0.238569459446169,0.0122595243155956,8758,3,"meta_highrescanopyheight_orthophoto",0.5,"orthophoto_50cm_2025","Sorlandet"
"NINFP2510188780",0.0619594378683909,0.0108726220205426,20032,4,"meta_highrescanopyheight_orthophoto",0.5,"orthophoto_50cm_2025","Sorlandet"
"NINFP2110069920",10.9972904462641,11.8480110168457,10483,2,"meta_highrescanopyheight_orthophoto",0.5,"orthophoto_50cm_2025","Sorlandet"
"NINFP1910004418",1.01866807145549,0.0118282521143556,1807,1,"meta_highrescanopyheight_orthophoto",0.5,"orthophoto_50cm_2025","Sorlandet"
"NINFP2410164020",6.32113284337144,6.48225784301758,8223,4,"meta_highrescanopyheight_orthophoto",0.5,"orthophoto_50cm_2025","Sorlandet"
"NINFP2310130122",8.95203695389584,9.12049102783203,9269,4,"meta_highrescanopyheight_orthophoto",0.5,"orthophoto_50cm_2025","Sorlandet"
"NINFP2410181095",4.02242938483647,3.96401882171631,9636,2,"meta_highrescanopyheight_orthophoto",0.5,"orthophoto_50cm_2025","Sorlandet"
"NINFP2210077738",10.0031772020686,10.4788684844971,4033,2,"meta_highrescanopyheight_orthophoto",0.5,"orthophoto_50cm_2025","Sorlandet"
"NINFP2110006829",0.86189284199529,0.0141723733395338,3769,1,"meta_highrescanopyheight_orthophoto",0.5,"orthophoto_50cm_2025","Sorlandet"
"NINFP2310143220",3.97858879497608,3.64619386196136,9940,3,"meta_highrescanopyheight_orthophoto",0.5,"orthophoto_50cm_2025","Sorlandet"
"NINFP2410179453",0.0687047609845995,0.0131084062159061,5508,2,"meta_highrescanopyheight_orthophoto",0.5,"orthophoto_50cm_2025","Sorlandet"
"NINFP2510212015",6.40568258953741,6.32059001922607,11204,2,"meta_highrescanopyheight_orthophoto",0.5,"orthophoto_50cm_2025","Sorlandet"
"NINFP2510214208",7.45194748564522,7.03093433380127,9774,2,"meta_highrescanopyheight_orthophoto",0.5,"orthophoto_50cm_2025","Sorlandet"
"NINFP2210074764",3.98603315962209,3.60280418395996,14737,3,"meta_highrescanopyheight_orthophoto",0.5,"orthophoto_50cm_2025","Sorlandet"
"NINFP2210106265",6.51292904154771,6.6748640537262,10902,4,"meta_highrescanopyheight_orthophoto",0.5,"orthophoto_50cm_2025","Sorlandet"
"NINFP1810011082",3.85949990219193,3.95085215568542,9422,1,"meta_highrescanopyheight_orthophoto",0.5,"orthophoto_50cm_2025","Sorlandet"
"NINFP2210089320",2.5649618253892,0.507043480873108,9791,1,"meta_highrescanopyheight_orthophoto",0.5,"orthophoto_50cm_2025","Sorlandet"
"NINFP1910050468",7.77146504497916,9.26254367828369,14501,2,"meta_highrescanopyheight_orthophoto",0.5,"orthophoto_50cm_2025","Sorlandet"
"NINFP2510184626",1.02897480164324,0.0159737952053547,36873,8,"meta_highrescanopyheight_orthophoto",0.5,"orthophoto_50cm_2025","Sorlandet"
"NINFP2110039557",0.347251736778686,0.012375365011394,7206,4,"meta_highrescanopyheight_orthophoto",0.5,"orthophoto_50cm_2025","Sorlandet"
"NINFP2010015590",5.85083726023407,6.33545970916748,16778,4,"meta_highrescanopyheight_orthophoto",0.5,"orthophoto_50cm_2025","Sorlandet"
"NINFP1810028554",1.47158187218771,0.286648884415627,6860,2,"meta_highrescanopyheight_orthophoto",0.5,"orthophoto_50cm_2025","Sorlandet"
"NINFP2010031327",0.257945966167387,0.010829140432179,11577,4,"meta_highrescanopyheight_orthophoto",0.5,"orthophoto_50cm_2025","Sorlandet"
"NINFP1910049799",9.55704521536933,9.71172046661377,5621,1,"meta_highrescanopyheight_orthophoto",0.5,"orthophoto_50cm_2025","Sorlandet"
"NINFP2310120255",4.91738054424654,3.59830236434937,18523,2,"meta_highrescanopyheight_orthophoto",0.5,"orthophoto_50cm_2025","Sorlandet"
"NINFP2510217329",9.86053705020448,9.57336807250977,8545,3,"meta_highrescanopyheight_orthophoto",0.5,"orthophoto_50cm_2025","Sorlandet"
"NINFP2410156716",2.9170922610665,2.21246886253357,8733,2,"meta_highrescanopyheight_orthophoto",0.5,"orthophoto_50cm_2025","Sorlandet"
"NINFP2110009232",9.26638193221699,10.7675256729126,6122,1,"meta_highrescanopyheight_orthophoto",0.5,"orthophoto_50cm_2025","Sorlandet"
"NINFP1810034886",0.262298391536097,0.0111093325540423,14485,3,"meta_highrescanopyheight_orthophoto",0.5,"orthophoto_50cm_2025","Sorlandet"
"NINFP1910010097",6.97461711823518,7.45878410339355,48159,4,"meta_highrescanopyheight_orthophoto",0.5,"orthophoto_50cm_2025","Sorlandet"
"NINFP2510190232",0.731198690858201,0.0190956871956587,36495,3,"meta_highrescanopyheight_orthophoto",0.5,"orthophoto_50cm_2025","Sorlandet"
"NINFP2210109576",1.14683032804052,0.0209003780037165,128000,13,"meta_highrescanopyheight_orthophoto",0.5,"orthophoto_50cm_2025","Sorlandet"
"NINFP2510192497",0.711325644597597,0.0594302974641323,9762,2,"meta_highrescanopyheight_orthophoto",0.5,"orthophoto_50cm_2025","Sorlandet"
"NINFP2410157195",0.0101196194807988,0.0101115498691797,5507,1,"meta_highrescanopyheight_orthophoto",0.5,"orthophoto_50cm_2025","Sorlandet"
"NINFP2410158886",1.2770776228271,0.0986000299453735,4905,2,"meta_highrescanopyheight_orthophoto",0.5,"orthophoto_50cm_2025","Sorlandet"
"NINFP2410179634",3.68972082387698,2.91098570823669,13991,2,"meta_highrescanopyheight_orthophoto",0.5,"orthophoto_50cm_2025","Sorlandet"
"NINFP2410154245",5.87546579122186,6.84949445724487,4022,1,"meta_highrescanopyheight_orthophoto",0.5,"orthophoto_50cm_2025","Sorlandet"
"NINFP1810001845",3.64719554770936,0.151156298816204,40832,4,"meta_highrescanopyheight_orthophoto",0.5,"orthophoto_50cm_2025","Sorlandet"
"NINFP2410163714",8.50188704446432,8.78485012054443,8834,2,"meta_highrescanopyheight_orthophoto",0.5,"orthophoto_50cm_2025","Sorlandet"
"NINFP2410182344",3.7579542576572,0.0292140077799559,6084,2,"meta_highrescanopyheight_orthophoto",0.5,"orthophoto_50cm_2025","Sorlandet"
"NINFP1810037734",1.44316441956588,0.10052751749754,4904,2,"meta_highrescanopyheight_orthophoto",0.5,"orthophoto_50cm_2025","Sorlandet"
"NINFP2010053193",2.25846392669751,0.126036264002323,47530,3,"meta_highrescanopyheight_orthophoto",0.5,"orthophoto_50cm_2025","Sorlandet"
"NINFP2410176701",4.18107274074749,4.47522377967834,6100,2,"meta_highrescanopyheight_orthophoto",0.5,"orthophoto_50cm_2025","Sorlandet"
"NINFP2410154015",2.10540293909498,1.3054860830307,3591,2,"meta_highrescanopyheight_orthophoto",0.5,"orthophoto_50cm_2025","Sorlandet"
"NINFP2210085702",0.0635093229963849,0.0266163125634193,22485,3,"meta_highrescanopyheight_orthophoto",0.5,"orthophoto_50cm_2025","Sorlandet"
"NINFP2410173340",5.87038585784243,6.36613297462463,6692,2,"meta_highrescanopyheight_orthophoto",0.5,"orthophoto_50cm_2025","Sorlandet"
"NINFP2310122478",11.1133886032255,11.4846467971802,8759,2,"meta_highrescanopyheight_orthophoto",0.5,"orthophoto_50cm_2025","Sorlandet"
"NINFP1810030306",0.416494914074892,0.0115165365859866,19202,2,"meta_highrescanopyheight_orthophoto",0.5,"orthophoto_50cm_2025","Sorlandet"
"NINFP2210073913",2.62939259179654,1.02064538002014,59079,7,"meta_highrescanopyheight_orthophoto",0.5,"orthophoto_50cm_2025","Sorlandet"
"NINFP2410165883",0.0100703156447266,0.0100625501945615,10505,2,"meta_highrescanopyheight_orthophoto",0.5,"orthophoto_50cm_2025","Sorlandet"
"NINFP1910012433",5.30058588926004,3.62569308280945,28875,4,"meta_highrescanopyheight_orthophoto",0.5,"orthophoto_50cm_2025","Sorlandet"
"NINFP2410153805",3.6741615429565,2.63162684440613,218746,11,"meta_highrescanopyheight_orthophoto",0.5,"orthophoto_50cm_2025","Sorlandet"
"NINFP2310146859",0.452818511577293,0.0140629941597581,17259,3,"meta_highrescanopyheight_orthophoto",0.5,"orthophoto_50cm_2025","Sorlandet"
"NINFP2210092821",3.50484124599497,1.69430601596832,42253,7,"meta_highrescanopyheight_orthophoto",0.5,"orthophoto_50cm_2025","Sorlandet"
"NINFP2110007131",5.42513953374026,4.57992362976074,20631,3,"meta_highrescanopyheight_orthophoto",0.5,"orthophoto_50cm_2025","Sorlandet"
"NINFP2110044533",4.51784000582993,4.47859716415405,8020,2,"meta_highrescanopyheight_orthophoto",0.5,"orthophoto_50cm_2025","Sorlandet"
"NINFP2410159695",0.494633390927414,0.0179567523300648,17770,4,"meta_highrescanopyheight_orthophoto",0.5,"orthophoto_50cm_2025","Sorlandet"
"NINFP2510186622",7.04738462003812,8.0711727142334,4787,1,"meta_highrescanopyheight_orthophoto",0.5,"orthophoto_50cm_2025","Sorlandet"
"NINFP1810030286",4.96004115366741,4.68112802505493,4545,2,"meta_highrescanopyheight_orthophoto",0.5,"orthophoto_50cm_2025","Sorlandet"
"NINFP1910042695",0.10354833228501,0.0111821577884257,9496,2,"meta_highrescanopyheight_orthophoto",0.5,"orthophoto_50cm_2025","Sorlandet"
"NINFP2110043216",0.153475989250117,0.0106855621561408,14634,2,"meta_highrescanopyheight_orthophoto",0.5,"orthophoto_50cm_2025","Sorlandet"
"NINFP2110041467",0.0534123643787,0.0107992426492274,17166,4,"meta_highrescanopyheight_orthophoto",0.5,"orthophoto_50cm_2025","Sorlandet"
"NINFP1810039605",2.52504751603808,0.638033449649811,6324,3,"meta_highrescanopyheight_orthophoto",0.5,"orthophoto_50cm_2025","Sorlandet"
"NINFP2410165305",0.0416979743025788,0.0103226518258452,9840,2,"meta_highrescanopyheight_orthophoto",0.5,"orthophoto_50cm_2025","Sorlandet"
"NINFP2210090119",0.125947350124583,0.0110415369272232,144326,12,"meta_highrescanopyheight_orthophoto",0.5,"orthophoto_50cm_2025","Sorlandet"
"NINFP2410159055",3.84292359580054,2.51192116737366,12973,4,"meta_highrescanopyheight_orthophoto",0.5,"orthophoto_50cm_2025","Sorlandet"
"NINFP1810011167",5.95361116047997,6.83728742599487,3919,1,"meta_highrescanopyheight_orthophoto",0.5,"orthophoto_50cm_2025","Sorlandet"
"NINFP2410154353",5.08368626671167,5.40141582489014,15771,3,"meta_highrescanopyheight_orthophoto",0.5,"orthophoto_50cm_2025","Sorlandet"
"NINFP2110061914",1.03933384905247,0.0875091217458248,31270,4,"meta_highrescanopyheight_orthophoto",0.5,"orthophoto_50cm_2025","Sorlandet"
"NINFP2110002493",7.95731971612998,8.28503751754761,12028,3,"meta_highrescanopyheight_orthophoto",0.5,"orthophoto_50cm_2025","Sorlandet"
"NINFP1810040402",0.177996110488154,0.0130045088008046,4259,2,"meta_highrescanopyheight_orthophoto",0.5,"orthophoto_50cm_2025","Sorlandet"
"NINFP2510186230",10.8537596242547,11.2427659034729,4024,1,"meta_highrescanopyheight_orthophoto",0.5,"orthophoto_50cm_2025","Sorlandet"
"NINFP2410182423",5.38640470103752,5.13651561737061,4225,1,"meta_highrescanopyheight_orthophoto",0.5,"orthophoto_50cm_2025","Sorlandet"
"NINFP2210109702",13.8457331105257,15.4652423858643,4566,2,"meta_highrescanopyheight_orthophoto",0.5,"orthophoto_50cm_2025","Sorlandet"
"NINFP2110022293",1.19264360644244,0.192650675773621,13859,2,"meta_highrescanopyheight_orthophoto",0.5,"orthophoto_50cm_2025","Sorlandet"
"NINFP1810034713",7.79792143997754,8.01887273788452,8158,3,"meta_highrescanopyheight_orthophoto",0.5,"orthophoto_50cm_2025","Sorlandet"
"NINFP2110057407",1.05960087365922,0.056746568530798,1009,1,"meta_highrescanopyheight_orthophoto",0.5,"orthophoto_50cm_2025","Sorlandet"
"NINFP2110001649",1.61605747891408,0.137503795325756,24518,3,"meta_highrescanopyheight_orthophoto",0.5,"orthophoto_50cm_2025","Sorlandet"
"NINFP2510185221",11.6451422939811,13.1498422622681,3703,1,"meta_highrescanopyheight_orthophoto",0.5,"orthophoto_50cm_2025","Sorlandet"
"NINFP2110004261",4.33626755914586,3.65935039520264,62919,7,"meta_highrescanopyheight_orthophoto",0.5,"orthophoto_50cm_2025","Sorlandet"
"NINFP1810032403",0.626050241164225,0.0109988357871771,19256,4,"meta_highrescanopyheight_orthophoto",0.5,"orthophoto_50cm_2025","Sorlandet"
"NINFP2410181098",2.02912528011354,0.249823242425919,23929,4,"meta_highrescanopyheight_orthophoto",0.5,"orthophoto_50cm_2025","Sorlandet"
"NINFP2010005507",6.76260977181641,7.27715945243835,7982,2,"meta_highrescanopyheight_orthophoto",0.5,"orthophoto_50cm_2025","Sorlandet"
"NINFP2110054351",0.114205050740281,0.0106412954628468,14412,3,"meta_highrescanopyheight_orthophoto",0.5,"orthophoto_50cm_2025","Sorlandet"
"NINFP2510210841",0.0343581660001618,0.0104966498911381,15593,4,"meta_highrescanopyheight_orthophoto",0.5,"orthophoto_50cm_2025","Sorlandet"
"NINFP2210085189",0.934020319235614,0.0256481925025582,5984,2,"meta_highrescanopyheight_orthophoto",0.5,"orthophoto_50cm_2025","Sorlandet"
"NINFP1810030623",7.18193089275285,7.39055180549622,7152,4,"meta_highrescanopyheight_orthophoto",0.5,"orthophoto_50cm_2025","Sorlandet"
"NINFP2110053963",6.07142918712462,5.49698567390442,10716,2,"meta_highrescanopyheight_orthophoto",0.5,"orthophoto_50cm_2025","Sorlandet"
"NINFP2210105643",6.30074882933682,6.17867231369019,97281,6,"meta_highrescanopyheight_orthophoto",0.5,"orthophoto_50cm_2025","Sorlandet"
"NINFP2210084736",2.25671916142505,0.23738569766283,10382,3,"meta_highrescanopyheight_orthophoto",0.5,"orthophoto_50cm_2025","Sorlandet"
"NINFP2110050269",5.82431744179403,4.87688827514648,12033,2,"meta_highrescanopyheight_orthophoto",0.5,"orthophoto_50cm_2025","Sorlandet"
"NINFP2510185553",1.21153837259334,0.075725756585598,17341,2,"meta_highrescanopyheight_orthophoto",0.5,"orthophoto_50cm_2025","Sorlandet"
"NINFP2010053194",6.46901777363388,6.84232449531555,15632,4,"meta_highrescanopyheight_orthophoto",0.5,"orthophoto_50cm_2025","Sorlandet"
"NINFP2510191261",0.235802576909055,0.0146016739308834,19048,3,"meta_highrescanopyheight_orthophoto",0.5,"orthophoto_50cm_2025","Sorlandet"
"NINFP2110039868",0.137654240696483,0.0107640409842134,7827,2,"meta_highrescanopyheight_orthophoto",0.5,"orthophoto_50cm_2025","Sorlandet"
"NINFP2310137311",1.16154914139978,0.337460115551949,21896,4,"meta_highrescanopyheight_orthophoto",0.5,"orthophoto_50cm_2025","Sorlandet"
"NINFP2310118370",5.21331341268618,4.55052423477173,40325,4,"meta_highrescanopyheight_orthophoto",0.5,"orthophoto_50cm_2025","Sorlandet"
"NINFP1810039657",0.389665546001616,0.0133521719835699,12978,2,"meta_highrescanopyheight_orthophoto",0.5,"orthophoto_50cm_2025","Sorlandet"
"NINFP2510209290",0.405787780420822,0.0111381271854043,28498,7,"meta_highrescanopyheight_orthophoto",0.5,"orthophoto_50cm_2025","Sorlandet"
"NINFP1810007469",4.39004282459006,4.1018807888031,7764,2,"meta_highrescanopyheight_orthophoto",0.5,"orthophoto_50cm_2025","Sorlandet"
"NINFP2110063580",9.13029154894271,9.23013639450073,13542,2,"meta_highrescanopyheight_orthophoto",0.5,"orthophoto_50cm_2025","Sorlandet"
"NINFP2210109704",5.83786872429389,6.17728471755981,6976,1,"meta_highrescanopyheight_orthophoto",0.5,"orthophoto_50cm_2025","Sorlandet"
"NINFP2110030027",3.66905475827708,2.68640446662903,8306,4,"meta_highrescanopyheight_orthophoto",0.5,"orthophoto_50cm_2025","Sorlandet"
"NINFP2210110584",0.699995011910036,0.0118568018078804,11414,2,"meta_highrescanopyheight_orthophoto",0.5,"orthophoto_50cm_2025","Sorlandet"
"NINFP2110002394",2.34587657688122,0.0514314882457256,78809,6,"meta_highrescanopyheight_orthophoto",0.5,"orthophoto_50cm_2025","Sorlandet"
"NINFP2310146648",1.16154914139978,0.337460115551949,21896,4,"meta_highrescanopyheight_orthophoto",0.5,"orthophoto_50cm_2025","Sorlandet"
"NINFP2510210096",7.22598834828454,7.80122208595276,8910,3,"meta_highrescanopyheight_orthophoto",0.5,"orthophoto_50cm_2025","Sorlandet"
"NINFP2410156923",0.0167285123960194,0.0101106250658631,72975,8,"meta_highrescanopyheight_orthophoto",0.5,"orthophoto_50cm_2025","Sorlandet"
"NINFP1810037721",2.9591066895091,0.911448180675507,13106,2,"meta_highrescanopyheight_orthophoto",0.5,"orthophoto_50cm_2025","Sorlandet"
"NINFP2010029908",7.59549974355679,7.83947110176086,8912,1,"meta_highrescanopyheight_orthophoto",0.5,"orthophoto_50cm_2025","Sorlandet"
"NINFP1910046664",9.69642938292454,10.6449666023254,4026,1,"meta_highrescanopyheight_orthophoto",0.5,"orthophoto_50cm_2025","Sorlandet"
"NINFP2310132383",0.591081779305959,0.0273008737713099,65597,6,"meta_highrescanopyheight_orthophoto",0.5,"orthophoto_50cm_2025","Sorlandet"
"NINFP2410181405",5.72154450504031,5.79336500167847,7396,2,"meta_highrescanopyheight_orthophoto",0.5,"orthophoto_50cm_2025","Sorlandet"
"NINFP2210107744",4.01891300587293,2.76963543891907,11620,2,"meta_highrescanopyheight_orthophoto",0.5,"orthophoto_50cm_2025","Sorlandet"
"NINFP2210084582",5.27631271156717,5.37701630592346,10836,1,"meta_highrescanopyheight_orthophoto",0.5,"orthophoto_50cm_2025","Sorlandet"
"NINFP2110029344",1.05370150485494,0.0941650681197643,35816,4,"meta_highrescanopyheight_orthophoto",0.5,"orthophoto_50cm_2025","Sorlandet"
"NINFP2210075265",5.48301528837313,5.18667268753052,7093,2,"meta_highrescanopyheight_orthophoto",0.5,"orthophoto_50cm_2025","Sorlandet"
"NINFP2110072402",1.54032139163306,0.232296600937843,10127,3,"meta_highrescanopyheight_orthophoto",0.5,"orthophoto_50cm_2025","Sorlandet"
"NINFP1910053652",8.98543283265965,9.42364597320557,4662,2,"meta_highrescanopyheight_orthophoto",0.5,"orthophoto_50cm_2025","Sorlandet"
"NINFP2510202749",1.59090972468758,0.112835332751274,199787,10,"meta_highrescanopyheight_orthophoto",0.5,"orthophoto_50cm_2025","Sorlandet"
"NINFP2510189232",3.79274703879812,3.56254053115845,6810,4,"meta_highrescanopyheight_orthophoto",0.5,"orthophoto_50cm_2025","Sorlandet"
"NINFP2510217610",12.0127252707486,12.3554253578186,6422,1,"meta_highrescanopyheight_orthophoto",0.5,"orthophoto_50cm_2025","Sorlandet"
"NINFP2310118064",7.58380230483495,7.43716812133789,11868,2,"meta_highrescanopyheight_orthophoto",0.5,"orthophoto_50cm_2025","Sorlandet"
"NINFP2510214893",4.34896430286122,4.36594867706299,13119,2,"meta_highrescanopyheight_orthophoto",0.5,"orthophoto_50cm_2025","Sorlandet"
"NINFP2010058183",10.4666877485184,11.3206081390381,9435,2,"meta_highrescanopyheight_orthophoto",0.5,"orthophoto_50cm_2025","Sorlandet"
"NINFP1810012190",6.74471771048758,5.98797225952148,5075,3,"meta_highrescanopyheight_orthophoto",0.5,"orthophoto_50cm_2025","Sorlandet"
"NINFP2110037164",0.0591235972398846,0.0108924396336079,12913,2,"meta_highrescanopyheight_orthophoto",0.5,"orthophoto_50cm_2025","Sorlandet"
"NINFP2510184628",1.02897480164324,0.0159737952053547,36873,8,"meta_highrescanopyheight_orthophoto",0.5,"orthophoto_50cm_2025","Sorlandet"
"NINFP2110037978",0.0280605000138746,0.0105271534994245,10519,3,"meta_highrescanopyheight_orthophoto",0.5,"orthophoto_50cm_2025","Sorlandet"
"NINFP1910046857",6.38883824892038,6.91767001152039,15972,4,"meta_highrescanopyheight_orthophoto",0.5,"orthophoto_50cm_2025","Sorlandet"
"NINFP2110027060",0.0168453355018409,0.0100671835243702,43626,3,"meta_highrescanopyheight_orthophoto",0.5,"orthophoto_50cm_2025","Sorlandet"
"NINFP2410158899",0.663662447983823,0.013022686354816,6524,1,"meta_highrescanopyheight_orthophoto",0.5,"orthophoto_50cm_2025","Sorlandet"
"NINFP2310120853",4.67590623763726,4.3778223991394,8298,3,"meta_highrescanopyheight_orthophoto",0.5,"orthophoto_50cm_2025","Sorlandet"
"NINFP2010034082",0.0108994350814789,0.0101316794753075,19993,3,"meta_highrescanopyheight_orthophoto",0.5,"orthophoto_50cm_2025","Sorlandet"
"NINFP2410154178",1.7899314686188,0.484455972909927,4020,1,"meta_highrescanopyheight_orthophoto",0.5,"orthophoto_50cm_2025","Sorlandet"
"NINFP1810005886",4.40817095290068,3.01278710365295,6519,1,"meta_highrescanopyheight_orthophoto",0.5,"orthophoto_50cm_2025","Sorlandet"
"NINFP1810039644",0.308830469234321,0.0178672289475799,9412,3,"meta_highrescanopyheight_orthophoto",0.5,"orthophoto_50cm_2025","Sorlandet"
"NINFP2410176435",4.8367648411844,4.96262240409851,21654,2,"meta_highrescanopyheight_orthophoto",0.5,"orthophoto_50cm_2025","Sorlandet"
"NINFP2310129500",0.998613146002182,0.236424371600151,4149,2,"meta_highrescanopyheight_orthophoto",0.5,"orthophoto_50cm_2025","Sorlandet"
"NINFP2310136535",6.41789209232476,6.28813099861145,16394,3,"meta_highrescanopyheight_orthophoto",0.5,"orthophoto_50cm_2025","Sorlandet"
"NINFP2210086931",4.38969973570212,4.3970947265625,28078,6,"meta_highrescanopyheight_orthophoto",0.5,"orthophoto_50cm_2025","Sorlandet"
"NINFP1810010058",4.93018433219005,5.06101369857788,4321,1,"meta_highrescanopyheight_orthophoto",0.5,"orthophoto_50cm_2025","Sorlandet"
"NINFP1910045207",8.1093995617833,9.19938850402832,10139,2,"meta_highrescanopyheight_orthophoto",0.5,"orthophoto_50cm_2025","Sorlandet"
"NINFP2110029182",6.3352429967594,6.42422080039978,4310,2,"meta_highrescanopyheight_orthophoto",0.5,"orthophoto_50cm_2025","Sorlandet"
"NINFP1810000718",7.72396720629729,8.26202297210693,5447,2,"meta_highrescanopyheight_orthophoto",0.5,"orthophoto_50cm_2025","Sorlandet"
"NINFP2410182668",3.87066207677682,3.37981367111206,59329,5,"meta_highrescanopyheight_orthophoto",0.5,"orthophoto_50cm_2025","Sorlandet"
"NINFP2110050003",4.6294889936545,4.60427212715149,50228,7,"meta_highrescanopyheight_orthophoto",0.5,"orthophoto_50cm_2025","Sorlandet"
"NINFP2110039870",0.0233069351437483,0.0101589132100344,12863,3,"meta_highrescanopyheight_orthophoto",0.5,"orthophoto_50cm_2025","Sorlandet"
"NINFP1810039635",6.27514142597982,6.22387742996216,5082,2,"meta_highrescanopyheight_orthophoto",0.5,"orthophoto_50cm_2025","Sorlandet"
"NINFP2410153669",6.52329393744406,6.52831792831421,6671,1,"meta_highrescanopyheight_orthophoto",0.5,"orthophoto_50cm_2025","Sorlandet"
"NINFP2510189526",5.50162611497976,5.26865482330322,32998,3,"meta_highrescanopyheight_orthophoto",0.5,"orthophoto_50cm_2025","Sorlandet"
"NINFP2310141502",2.9652225124415,0.941868305206299,3757,2,"meta_highrescanopyheight_orthophoto",0.5,"orthophoto_50cm_2025","Sorlandet"
"NINFP1810006334",2.29333095319103,0.129215590655804,4200,2,"meta_highrescanopyheight_orthophoto",0.5,"orthophoto_50cm_2025","Sorlandet"
"NINFP2310141280",10.182795049677,10.4236259460449,27175,5,"meta_highrescanopyheight_orthophoto",0.5,"orthophoto_50cm_2025","Sorlandet"
"NINFP2310144687",0.446178803114876,0.0105786323547363,32446,4,"meta_highrescanopyheight_orthophoto",0.5,"orthophoto_50cm_2025","Sorlandet"
"NINFP2210089066",2.20680384654917,0.579676151275635,98730,8,"meta_highrescanopyheight_orthophoto",0.5,"orthophoto_50cm_2025","Sorlandet"
"NINFP2010031358",4.37046852032244,4.19832611083984,5570,2,"meta_highrescanopyheight_orthophoto",0.5,"orthophoto_50cm_2025","Sorlandet"
"NINFP2110063342",7.22122281709227,7.42547726631165,7196,4,"meta_highrescanopyheight_orthophoto",0.5,"orthophoto_50cm_2025","Sorlandet"
"NINFP2510191271",1.6132496448116,0.407339006662369,6533,3,"meta_highrescanopyheight_orthophoto",0.5,"orthophoto_50cm_2025","Sorlandet"
"NINFP2310141438",5.31839566233471,4.9484007358551,4586,2,"meta_highrescanopyheight_orthophoto",0.5,"orthophoto_50cm_2025","Sorlandet"
"NINFP2210075006",4.13981211455919,1.99838864803314,12125,2,"meta_highrescanopyheight_orthophoto",0.5,"orthophoto_50cm_2025","Sorlandet"
"NINFP1910009989",4.08208968725635,2.74004030227661,16685,2,"meta_highrescanopyheight_orthophoto",0.5,"orthophoto_50cm_2025","Sorlandet"
"NINFP2310144260",5.66147516476398,5.84602451324463,7767,2,"meta_highrescanopyheight_orthophoto",0.5,"orthophoto_50cm_2025","Sorlandet"
"NINFP2510191834",0.225134494706228,0.0119677013717592,109566,8,"meta_highrescanopyheight_orthophoto",0.5,"orthophoto_50cm_2025","Sorlandet"
"NINFP2510211678",6.02653311302821,6.41011905670166,4138,3,"meta_highrescanopyheight_orthophoto",0.5,"orthophoto_50cm_2025","Sorlandet"
"NINFP2310144133",1.87577357167277,0.877967476844788,4905,2,"meta_highrescanopyheight_orthophoto",0.5,"orthophoto_50cm_2025","Sorlandet"
"NINFP2510194211",0.89160589425791,0.125542238354683,6718,2,"meta_highrescanopyheight_orthophoto",0.5,"orthophoto_50cm_2025","Sorlandet"
"NINFP2110042637",0.893768616605014,0.0396497882902622,23257,5,"meta_highrescanopyheight_orthophoto",0.5,"orthophoto_50cm_2025","Sorlandet"
"NINFP2510204558",2.45749904637586,0.125270832329988,3690,2,"meta_highrescanopyheight_orthophoto",0.5,"orthophoto_50cm_2025","Sorlandet"
"NINFP2510192249",0.642761284233897,0.0751921646296978,6364,2,"meta_highrescanopyheight_orthophoto",0.5,"orthophoto_50cm_2025","Sorlandet"
"NINFP2210105640",5.62573328761879,5.21890878677368,46843,6,"meta_highrescanopyheight_orthophoto",0.5,"orthophoto_50cm_2025","Sorlandet"
"NINFP2410155451",7.08207021889324,7.59228610992432,6424,1,"meta_highrescanopyheight_orthophoto",0.5,"orthophoto_50cm_2025","Sorlandet"
"NINFP2210106444",5.41060731070873,5.52177381515503,37201,4,"meta_highrescanopyheight_orthophoto",0.5,"orthophoto_50cm_2025","Sorlandet"
"NINFP2110037819",0.0543081777621498,0.0106299445033073,6407,4,"meta_highrescanopyheight_orthophoto",0.5,"orthophoto_50cm_2025","Sorlandet"
"NINFP2510184565",1.76000220325833,0.0139617319218814,7964,2,"meta_highrescanopyheight_orthophoto",0.5,"orthophoto_50cm_2025","Sorlandet"
"NINFP2110037499",2.06270112275106,0.812891930341721,50616,5,"meta_highrescanopyheight_orthophoto",0.5,"orthophoto_50cm_2025","Sorlandet"
"NINFP2410156928",0.0132614637474978,0.0101508931256831,11232,2,"meta_highrescanopyheight_orthophoto",0.5,"orthophoto_50cm_2025","Sorlandet"
"NINFP2510211689",9.11229667196357,9.46127557754517,9982,4,"meta_highrescanopyheight_orthophoto",0.5,"orthophoto_50cm_2025","Sorlandet"
"NINFP2210106218",8.7017323409113,9.09659767150879,4076,3,"meta_highrescanopyheight_orthophoto",0.5,"orthophoto_50cm_2025","Sorlandet"
"NINFP1810014572",4.43046184727417,3.28787183761597,24131,5,"meta_highrescanopyheight_orthophoto",0.5,"orthophoto_50cm_2025","Sorlandet"
"NINFP1810000985",12.3431275374144,13.6299805641174,23050,3,"meta_highrescanopyheight_orthophoto",0.5,"orthophoto_50cm_2025","Sorlandet"
"NINFP1810038537",2.72381860880857,1.94471907615662,4621,1,"meta_highrescanopyheight_orthophoto",0.5,"orthophoto_50cm_2025","Sorlandet"
"NINFP2410175672",3.04227611234762,2.27114677429199,21192,4,"meta_highrescanopyheight_orthophoto",0.5,"orthophoto_50cm_2025","Sorlandet"
"NINFP2310145457",6.44154291698937,6.26441478729248,7430,1,"meta_highrescanopyheight_orthophoto",0.5,"orthophoto_50cm_2025","Sorlandet"
"NINFP2110043163",0.221705090874203,0.0161458030343056,239545,13,"meta_highrescanopyheight_orthophoto",0.5,"orthophoto_50cm_2025","Sorlandet"
"NINFP2210077491",6.1606975519529,6.61517238616943,11581,2,"meta_highrescanopyheight_orthophoto",0.5,"orthophoto_50cm_2025","Sorlandet"
"NINFP1910046262",6.26482064632827,7.55967664718628,16745,2,"meta_highrescanopyheight_orthophoto",0.5,"orthophoto_50cm_2025","Sorlandet"
"NINFP2110065209",8.5581428325347,8.84277153015137,13423,2,"meta_highrescanopyheight_orthophoto",0.5,"orthophoto_50cm_2025","Sorlandet"
"NINFP2410163686",10.0488347213666,10.8486366271973,7701,2,"meta_highrescanopyheight_orthophoto",0.5,"orthophoto_50cm_2025","Sorlandet"
"NINFP2510211567",1.74601066442246,1.14083188772202,7124,2,"meta_highrescanopyheight_orthophoto",0.5,"orthophoto_50cm_2025","Sorlandet"
"NINFP1810007855",9.43139492325287,8.86711883544922,19263,4,"meta_highrescanopyheight_orthophoto",0.5,"orthophoto_50cm_2025","Sorlandet"
"NINFP2010014490",12.1318075978142,14.2352824211121,4388,2,"meta_highrescanopyheight_orthophoto",0.5,"orthophoto_50cm_2025","Sorlandet"
"NINFP2110063808",8.38914138979754,9.03302955627441,10545,3,"meta_highrescanopyheight_orthophoto",0.5,"orthophoto_50cm_2025","Sorlandet"
"NINFP2410172589",4.57680441187058,4.30028820037842,7177,2,"meta_highrescanopyheight_orthophoto",0.5,"orthophoto_50cm_2025","Sorlandet"
"NINFP1910038820",8.44706931573766,9.11111879348755,12922,1,"meta_highrescanopyheight_orthophoto",0.5,"orthophoto_50cm_2025","Sorlandet"
"NINFP2310141896",2.68782154465356,1.31962138414383,7082,3,"meta_highrescanopyheight_orthophoto",0.5,"orthophoto_50cm_2025","Sorlandet"
"NINFP1810038505",2.50737254658334,0.372363656759262,4007,4,"meta_highrescanopyheight_orthophoto",0.5,"orthophoto_50cm_2025","Sorlandet"
"NINFP2110046702",5.52543205075702,5.28372406959534,30942,6,"meta_highrescanopyheight_orthophoto",0.5,"orthophoto_50cm_2025","Sorlandet"
"NINFP1810034887",4.7632432261069,4.68385577201843,4764,2,"meta_highrescanopyheight_orthophoto",0.5,"orthophoto_50cm_2025","Sorlandet"
"NINFP2510217341",9.19536954903755,7.95939588546753,5596,2,"meta_highrescanopyheight_orthophoto",0.5,"orthophoto_50cm_2025","Sorlandet"
"NINFP1810034884",0.0910201655758777,0.0107088107615709,128195,11,"meta_highrescanopyheight_orthophoto",0.5,"orthophoto_50cm_2025","Sorlandet"
"NINFP2410165562",5.91638387490655,5.90261697769165,10121,4,"meta_highrescanopyheight_orthophoto",0.5,"orthophoto_50cm_2025","Sorlandet"
"NINFP2410159356",3.72309999406439,2.27918767929077,4780,1,"meta_highrescanopyheight_orthophoto",0.5,"orthophoto_50cm_2025","Sorlandet"
"NINFP2210108313",7.02971930436488,7.21885299682617,24101,4,"meta_highrescanopyheight_orthophoto",0.5,"orthophoto_50cm_2025","Sorlandet"
"NINFP2110020991",0.0609608249034762,0.0101180747151375,84321,5,"meta_highrescanopyheight_orthophoto",0.5,"orthophoto_50cm_2025","Sorlandet"
"NINFP1910057242",5.41912223195096,5.49255132675171,15713,5,"meta_highrescanopyheight_orthophoto",0.5,"orthophoto_50cm_2025","Sorlandet"
"NINFP2410179802",1.06199153389889,0.0739249885082245,8424,2,"meta_highrescanopyheight_orthophoto",0.5,"orthophoto_50cm_2025","Sorlandet"
"NINFP2410151773",2.93979906422119,1.08888858556747,26994,4,"meta_highrescanopyheight_orthophoto",0.5,"orthophoto_50cm_2025","Sorlandet"
"NINFP2410181834",3.42115784116393,3.03634190559387,30091,2,"meta_highrescanopyheight_orthophoto",0.5,"orthophoto_50cm_2025","Sorlandet"
"NINFP2410175229",0.371973759226996,0.010731284506619,5211,2,"meta_highrescanopyheight_orthophoto",0.5,"orthophoto_50cm_2025","Sorlandet"
"NINFP2510218504",6.90867268307514,6.90956330299377,33524,4,"meta_highrescanopyheight_orthophoto",0.5,"orthophoto_50cm_2025","Sorlandet"
"NINFP1810012157",7.87288882590368,8.44259548187256,5651,1,"meta_highrescanopyheight_orthophoto",0.5,"orthophoto_50cm_2025","Sorlandet"
"NINFP2410170019",3.49735809341547,1.81915402412415,9425,4,"meta_highrescanopyheight_orthophoto",0.5,"orthophoto_50cm_2025","Sorlandet"
"NINFP2510192234",0.879016276707813,0.0808092392981052,8448,4,"meta_highrescanopyheight_orthophoto",0.5,"orthophoto_50cm_2025","Sorlandet"
"NINFP2210081699",0.219954099240927,0.010580426082015,115862,7,"meta_highrescanopyheight_orthophoto",0.5,"orthophoto_50cm_2025","Sorlandet"
"NINFP2210081921",1.77142014784201,0.354597240686417,16069,2,"meta_highrescanopyheight_orthophoto",0.5,"orthophoto_50cm_2025","Sorlandet"
"NINFP2310138553",5.87376338688328,6.43589115142822,5373,2,"meta_highrescanopyheight_orthophoto",0.5,"orthophoto_50cm_2025","Sorlandet"
"NINFP2110034735",2.87072187278415,2.50718915462494,4398,2,"meta_highrescanopyheight_orthophoto",0.5,"orthophoto_50cm_2025","Sorlandet"
"NINFP2110061869",4.56149582793617,4.42768096923828,22016,4,"meta_highrescanopyheight_orthophoto",0.5,"orthophoto_50cm_2025","Sorlandet"
"NINFP2110010084",8.53129442955126,9.62004423141479,9262,3,"meta_highrescanopyheight_orthophoto",0.5,"orthophoto_50cm_2025","Sorlandet"
"NINFP2510192514",1.07603170098631,0.0544294454157352,24724,3,"meta_highrescanopyheight_orthophoto",0.5,"orthophoto_50cm_2025","Sorlandet"
"NINFP2310116986",6.5395476637493,6.80313324928284,55972,6,"meta_highrescanopyheight_orthophoto",0.5,"orthophoto_50cm_2025","Sorlandet"
"NINFP2010007486",2.90341102873701,0.0406751818954945,17809,3,"meta_highrescanopyheight_orthophoto",0.5,"orthophoto_50cm_2025","Sorlandet"
"NINFP2210076006",1.6909342148362,0.128499999642372,2690,3,"meta_highrescanopyheight_orthophoto",0.5,"orthophoto_50cm_2025","Sorlandet"
"NINFP1810038530",3.16759345372504,2.37744760513306,7767,2,"meta_highrescanopyheight_orthophoto",0.5,"orthophoto_50cm_2025","Sorlandet"
"NINFP2310140415",0.0130098274881329,0.0116295237094164,4011,3,"meta_highrescanopyheight_orthophoto",0.5,"orthophoto_50cm_2025","Sorlandet"
"NINFP2310145357",5.9351459532677,6.32609939575195,7521,1,"meta_highrescanopyheight_orthophoto",0.5,"orthophoto_50cm_2025","Sorlandet"
"NINFP2110006438",3.22649920431302,0.497392326593399,6396,2,"meta_highrescanopyheight_orthophoto",0.5,"orthophoto_50cm_2025","Sorlandet"
"NINFP2010015946",6.30234085200535,5.85622978210449,5405,2,"meta_highrescanopyheight_orthophoto",0.5,"orthophoto_50cm_2025","Sorlandet"
"NINFP2310134531",1.64924965608784,0.0143684837967157,5945,1,"meta_highrescanopyheight_orthophoto",0.5,"orthophoto_50cm_2025","Sorlandet"
"NINFP2310114217",0.145319815962219,0.0103169097565114,20034,4,"meta_highrescanopyheight_orthophoto",0.5,"orthophoto_50cm_2025","Sorlandet"
"NINFP1910057235",8.54213263148004,9.07928085327148,4801,2,"meta_highrescanopyheight_orthophoto",0.5,"orthophoto_50cm_2025","Sorlandet"
"NINFP1810037731",0.864349237705774,0.0168150803074241,46602,4,"meta_highrescanopyheight_orthophoto",0.5,"orthophoto_50cm_2025","Sorlandet"
"NINFP2110006835",0.800306972347234,0.0214689001441002,2165,1,"meta_highrescanopyheight_orthophoto",0.5,"orthophoto_50cm_2025","Sorlandet"
"NINFP2410168452",1.44575947799926,0.482860252261162,5290,3,"meta_highrescanopyheight_orthophoto",0.5,"orthophoto_50cm_2025","Sorlandet"
"NINFP2210110385",3.79523201262143,3.63662910461426,6083,1,"meta_highrescanopyheight_orthophoto",0.5,"orthophoto_50cm_2025","Sorlandet"
"NINFP2310145386",4.91348268350371,5.0703821182251,38441,3,"meta_highrescanopyheight_orthophoto",0.5,"orthophoto_50cm_2025","Sorlandet"
"NINFP2310131759",2.87352712381489,2.46367788314819,6965,2,"meta_highrescanopyheight_orthophoto",0.5,"orthophoto_50cm_2025","Sorlandet"
"NINFP2210108996",3.85840869642552,2.28203177452087,180125,10,"meta_highrescanopyheight_orthophoto",0.5,"orthophoto_50cm_2025","Sorlandet"
"NINFP1810012044",8.68512946442811,9.46967601776123,15968,3,"meta_highrescanopyheight_orthophoto",0.5,"orthophoto_50cm_2025","Sorlandet"
"NINFP2110064144",3.53775403849261,2.79430866241455,6003,3,"meta_highrescanopyheight_orthophoto",0.5,"orthophoto_50cm_2025","Sorlandet"
"NINFP2110057050",4.62982256086192,3.67702865600586,36195,4,"meta_highrescanopyheight_orthophoto",0.5,"orthophoto_50cm_2025","Sorlandet"
"NINFP1810034519",0.190281394750805,0.0220592133700848,2118,1,"meta_highrescanopyheight_orthophoto",0.5,"orthophoto_50cm_2025","Sorlandet"
"NINFP1810039606",0.935755123622525,0.0661011524498463,6470,2,"meta_highrescanopyheight_orthophoto",0.5,"orthophoto_50cm_2025","Sorlandet"
"NINFP1910015746",6.64303130518807,6.71992301940918,1242,2,"meta_highrescanopyheight_orthophoto",0.5,"orthophoto_50cm_2025","Sorlandet"
"NINFP1810008430",6.45594297068596,5.77661371231079,4592,2,"meta_highrescanopyheight_orthophoto",0.5,"orthophoto_50cm_2025","Sorlandet"
"NINFP2510187005",6.07017412646637,6.37497115135193,22536,3,"meta_highrescanopyheight_orthophoto",0.5,"orthophoto_50cm_2025","Sorlandet"
"NINFP2510191327",0.23400397814056,0.0114402174949646,5117,2,"meta_highrescanopyheight_orthophoto",0.5,"orthophoto_50cm_2025","Sorlandet"
"NINFP2110062033",2.30575635420109,1.28752011060715,29504,2,"meta_highrescanopyheight_orthophoto",0.5,"orthophoto_50cm_2025","Sorlandet"
"NINFP2210084560",0.38306880066533,0.0130371721461415,68184,4,"meta_highrescanopyheight_orthophoto",0.5,"orthophoto_50cm_2025","Sorlandet"
"NINFP1910038300",8.36379198237066,9.34526872634888,5520,1,"meta_highrescanopyheight_orthophoto",0.5,"orthophoto_50cm_2025","Sorlandet"
"NINFP2110006527",0.546263894062984,0.0112125035375357,2883,2,"meta_highrescanopyheight_orthophoto",0.5,"orthophoto_50cm_2025","Sorlandet"
"NINFP1810001731",6.91465031284206,6.57911777496338,12933,3,"meta_highrescanopyheight_orthophoto",0.5,"orthophoto_50cm_2025","Sorlandet"
"NINFP2510184559",0.140665314382021,0.010487905703485,50146,6,"meta_highrescanopyheight_orthophoto",0.5,"orthophoto_50cm_2025","Sorlandet"
"NINFP2210086517",0.77991195959404,0.0547048263251781,17990,2,"meta_highrescanopyheight_orthophoto",0.5,"orthophoto_50cm_2025","Sorlandet"
"NINFP2410159521",3.60387124615873,3.31645429134369,23602,3,"meta_highrescanopyheight_orthophoto",0.5,"orthophoto_50cm_2025","Sorlandet"
"NINFP1810032426",0.178403106493334,0.0118961343541741,13092,2,"meta_highrescanopyheight_orthophoto",0.5,"orthophoto_50cm_2025","Sorlandet"
"NINFP2410167774",5.36178160012282,4.9989333152771,29657,5,"meta_highrescanopyheight_orthophoto",0.5,"orthophoto_50cm_2025","Sorlandet"
"NINFP2410154346",5.42179029954166,5.46717357635498,84149,6,"meta_highrescanopyheight_orthophoto",0.5,"orthophoto_50cm_2025","Sorlandet"
"NINFP2410162598",5.12225768735859,4.93158292770386,10313,2,"meta_highrescanopyheight_orthophoto",0.5,"orthophoto_50cm_2025","Sorlandet"
"NINFP2110073092",8.18602373903581,9.00252056121826,17331,2,"meta_highrescanopyheight_orthophoto",0.5,"orthophoto_50cm_2025","Sorlandet"
"NINFP2210089068",0.707183368776573,0.0589245222508907,5191,3,"meta_highrescanopyheight_orthophoto",0.5,"orthophoto_50cm_2025","Sorlandet"
"NINFP2410162336",7.24702542259043,7.82625675201416,12666,2,"meta_highrescanopyheight_orthophoto",0.5,"orthophoto_50cm_2025","Sorlandet"
"NINFP2310120054",5.48947489874576,5.92920923233032,3068,1,"meta_highrescanopyheight_orthophoto",0.5,"orthophoto_50cm_2025","Sorlandet"
"NINFP2110030122",0.028931359356806,0.0101318280212581,42808,5,"meta_highrescanopyheight_orthophoto",0.5,"orthophoto_50cm_2025","Sorlandet"
"NINFP2310121580",6.05089789629184,5.54547047615051,8328,3,"meta_highrescanopyheight_orthophoto",0.5,"orthophoto_50cm_2025","Sorlandet"
"NINFP2310126609",0.377820016760398,0.0146897509694099,14955,4,"meta_highrescanopyheight_orthophoto",0.5,"orthophoto_50cm_2025","Sorlandet"
"NINFP2310130745",3.97161136666919,2.83063507080078,26931,4,"meta_highrescanopyheight_orthophoto",0.5,"orthophoto_50cm_2025","Sorlandet"
"NINFP2510210648",0.0718881162449597,0.010506865568459,185796,13,"meta_highrescanopyheight_orthophoto",0.5,"orthophoto_50cm_2025","Sorlandet"
"NINFP2210086997",6.15365335569958,5.84251165390015,13350,3,"meta_highrescanopyheight_orthophoto",0.5,"orthophoto_50cm_2025","Sorlandet"
"NINFP1810012159",8.63530596987076,9.37382888793945,18949,2,"meta_highrescanopyheight_orthophoto",0.5,"orthophoto_50cm_2025","Sorlandet"
"NINFP2210074749",5.23749036262074,4.92539572715759,12688,2,"meta_highrescanopyheight_orthophoto",0.5,"orthophoto_50cm_2025","Sorlandet"
"NINFP1910030328",8.35359674164907,8.23894691467285,3643,2,"meta_highrescanopyheight_orthophoto",0.5,"orthophoto_50cm_2025","Sorlandet"
"NINFP2110004210",0.432858561564533,0.0114634204655886,19154,4,"meta_highrescanopyheight_orthophoto",0.5,"orthophoto_50cm_2025","Sorlandet"
"NINFP2310145143",2.39852380537505,1.26915627717972,5408,2,"meta_highrescanopyheight_orthophoto",0.5,"orthophoto_50cm_2025","Sorlandet"
"NINFP2410173701",0.0100707332098932,0.010072935372591,5785,1,"meta_highrescanopyheight_orthophoto",0.5,"orthophoto_50cm_2025","Sorlandet"
"NINFP2310119746",8.32639028706255,8.61038970947266,13934,4,"meta_highrescanopyheight_orthophoto",0.5,"orthophoto_50cm_2025","Sorlandet"
"NINFP1810035119",0.294844838707836,0.0119528509676456,4974,1,"meta_highrescanopyheight_orthophoto",0.5,"orthophoto_50cm_2025","Sorlandet"
"NINFP2110072927",1.79408644240851,0.018395759165287,13035,2,"meta_highrescanopyheight_orthophoto",0.5,"orthophoto_50cm_2025","Sorlandet"
"NINFP1910033713",3.67387098313562,2.63894200325012,10335,2,"meta_highrescanopyheight_orthophoto",0.5,"orthophoto_50cm_2025","Sorlandet"
"NINFP2110069270",3.77055732788666,3.02104496955872,21063,6,"meta_highrescanopyheight_orthophoto",0.5,"orthophoto_50cm_2025","Sorlandet"
"NINFP2410184236",0.899527701530823,0.0394076891243458,1973,1,"meta_highrescanopyheight_orthophoto",0.5,"orthophoto_50cm_2025","Sorlandet"
"NINFP2310139218",0.0118577424525587,0.0101369163021445,20666,3,"meta_highrescanopyheight_orthophoto",0.5,"orthophoto_50cm_2025","Sorlandet"
"NINFP2410165890",6.36279829592121,6.58195948600769,8568,3,"meta_highrescanopyheight_orthophoto",0.5,"orthophoto_50cm_2025","Sorlandet"
"NINFP2510209932",5.2356441919195,3.52589917182922,31882,3,"meta_highrescanopyheight_orthophoto",0.5,"orthophoto_50cm_2025","Sorlandet"
"NINFP2310119854",7.77973508516344,7.90078091621399,5350,3,"meta_highrescanopyheight_orthophoto",0.5,"orthophoto_50cm_2025","Sorlandet"
"NINFP2410156724",5.72167859518237,5.88865113258362,16782,2,"meta_highrescanopyheight_orthophoto",0.5,"orthophoto_50cm_2025","Sorlandet"
"NINFP2210086043",0.0181276777261672,0.0100677511654794,42238,4,"meta_highrescanopyheight_orthophoto",0.5,"orthophoto_50cm_2025","Sorlandet"
"NINFP1810037707",2.98060313476991,1.23046612739563,15793,3,"meta_highrescanopyheight_orthophoto",0.5,"orthophoto_50cm_2025","Sorlandet"
"NINFP1810030290",3.63234333849629,1.37456166744232,5381,1,"meta_highrescanopyheight_orthophoto",0.5,"orthophoto_50cm_2025","Sorlandet"
"NINFP2310119143",8.91249972044814,9.6245813369751,5645,1,"meta_highrescanopyheight_orthophoto",0.5,"orthophoto_50cm_2025","Sorlandet"
"NINFP2410156717",3.45528486825847,2.27959227561951,48270,4,"meta_highrescanopyheight_orthophoto",0.5,"orthophoto_50cm_2025","Sorlandet"
"NINFP2110037162",0.0150710045465517,0.0112275583669543,5977,3,"meta_highrescanopyheight_orthophoto",0.5,"orthophoto_50cm_2025","Sorlandet"
"NINFP2410173351",7.234022290548,7.63444876670837,17508,4,"meta_highrescanopyheight_orthophoto",0.5,"orthophoto_50cm_2025","Sorlandet"
"NINFP2310134256",0.265190741405953,0.0220147725194693,24913,4,"meta_highrescanopyheight_orthophoto",0.5,"orthophoto_50cm_2025","Sorlandet"
"NINFP2310144836",5.94658602349388,5.34200668334961,16743,2,"meta_highrescanopyheight_orthophoto",0.5,"orthophoto_50cm_2025","Sorlandet"
"NINFP2110061539",4.33827994415566,3.82413578033447,51671,12,"meta_highrescanopyheight_orthophoto",0.5,"orthophoto_50cm_2025","Sorlandet"
"NINFP2510213313",7.76717655219462,7.97779846191406,87645,7,"meta_highrescanopyheight_orthophoto",0.5,"orthophoto_50cm_2025","Sorlandet"
"NINFP2110072757",2.89162466152357,1.60292172431946,12391,4,"meta_highrescanopyheight_orthophoto",0.5,"orthophoto_50cm_2025","Sorlandet"
"NINFP1910019742",3.96649730953745,3.25975799560547,12297,2,"meta_highrescanopyheight_orthophoto",0.5,"orthophoto_50cm_2025","Sorlandet"
"NINFP2310119607",8.48443881695387,9.39577960968018,6958,2,"meta_highrescanopyheight_orthophoto",0.5,"orthophoto_50cm_2025","Sorlandet"
"NINFP2110067461",6.59582477353471,6.96866297721863,9486,2,"meta_highrescanopyheight_orthophoto",0.5,"orthophoto_50cm_2025","Sorlandet"
"NINFP2310121406",8.31159552650002,8.50036716461182,4253,1,"meta_highrescanopyheight_orthophoto",0.5,"orthophoto_50cm_2025","Sorlandet"
"NINFP2110057480",8.26514663953419,8.72667503356934,14408,2,"meta_highrescanopyheight_orthophoto",0.5,"orthophoto_50cm_2025","Sorlandet"
"NINFP2510217467",7.33454694075823,5.63085675239563,20310,4,"meta_highrescanopyheight_orthophoto",0.5,"orthophoto_50cm_2025","Sorlandet"
"NINFP2310120397",3.77766551690813,0.823981106281281,5620,2,"meta_highrescanopyheight_orthophoto",0.5,"orthophoto_50cm_2025","Sorlandet"
"NINFP2110058078",4.58512916447633,1.35379326343536,5085,1,"meta_highrescanopyheight_orthophoto",0.5,"orthophoto_50cm_2025","Sorlandet"
"NINFP2410178009",4.28127214280078,4.04061508178711,8787,2,"meta_highrescanopyheight_orthophoto",0.5,"orthophoto_50cm_2025","Sorlandet"
"NINFP2410152954",1.23079077535674,0.0207391194999218,20591,3,"meta_highrescanopyheight_orthophoto",0.5,"orthophoto_50cm_2025","Sorlandet"
"NINFP1910009565",4.92988984434627,3.20610380172729,10287,2,"meta_highrescanopyheight_orthophoto",0.5,"orthophoto_50cm_2025","Sorlandet"
"NINFP2110040219",0.176462057471063,0.0109178801067173,43954,5,"meta_highrescanopyheight_orthophoto",0.5,"orthophoto_50cm_2025","Sorlandet"
"NINFP2110003025",3.80516961258314,2.56999588012695,7041,2,"meta_highrescanopyheight_orthophoto",0.5,"orthophoto_50cm_2025","Sorlandet"
"NINFP1810037703",1.1391757807467,0.0453208982944489,9195,2,"meta_highrescanopyheight_orthophoto",0.5,"orthophoto_50cm_2025","Sorlandet"
"NINFP2510184552",0.0411109969319419,0.0112897260114551,1138,1,"meta_highrescanopyheight_orthophoto",0.5,"orthophoto_50cm_2025","Sorlandet"
"NINFP2310138391",2.88081077060283,1.09648323059082,7931,4,"meta_highrescanopyheight_orthophoto",0.5,"orthophoto_50cm_2025","Sorlandet"
"NINFP2310116755",1.58716328255056,0.679910063743591,9114,1,"meta_highrescanopyheight_orthophoto",0.5,"orthophoto_50cm_2025","Sorlandet"
"NINFP2410157159",0.0100598875270613,0.0100381057709455,98635,6,"meta_highrescanopyheight_orthophoto",0.5,"orthophoto_50cm_2025","Sorlandet"
"NINFP2210078057",5.92360245907114,5.13096714019775,40961,4,"meta_highrescanopyheight_orthophoto",0.5,"orthophoto_50cm_2025","Sorlandet"
"NINFP2210077603",5.06552777210288,4.93962669372559,8229,2,"meta_highrescanopyheight_orthophoto",0.5,"orthophoto_50cm_2025","Sorlandet"
"NINFP2510185445",4.02258937960926,3.02231991291046,5702,1,"meta_highrescanopyheight_orthophoto",0.5,"orthophoto_50cm_2025","Sorlandet"
"NINFP2110042656",0.0313297851348313,0.0106688253581524,10679,1,"meta_highrescanopyheight_orthophoto",0.5,"orthophoto_50cm_2025","Sorlandet"
"NINFP2310145430",5.8468387384322,6.06628370285034,4321,2,"meta_highrescanopyheight_orthophoto",0.5,"orthophoto_50cm_2025","Sorlandet"
"NINFP2110019859",0.41611414357619,0.0123123042285442,14526,2,"meta_highrescanopyheight_orthophoto",0.5,"orthophoto_50cm_2025","Sorlandet"
"NINFP2210109621",12.0187428331512,12.6820001602173,3993,1,"meta_highrescanopyheight_orthophoto",0.5,"orthophoto_50cm_2025","Sorlandet"
"NINFP1810036850",0.583988511316455,0.0116384439170361,62091,6,"meta_highrescanopyheight_orthophoto",0.5,"orthophoto_50cm_2025","Sorlandet"
"NINFP2010029272",5.01632216589241,5.88470363616943,33005,4,"meta_highrescanopyheight_orthophoto",0.5,"orthophoto_50cm_2025","Sorlandet"
"NINFP2310134501",0.121239146070376,0.0102730048820376,183796,16,"meta_highrescanopyheight_orthophoto",0.5,"orthophoto_50cm_2025","Sorlandet"
"NINFP1810011819",3.89966554449833,3.90227293968201,4973,2,"meta_highrescanopyheight_orthophoto",0.5,"orthophoto_50cm_2025","Sorlandet"
"NINFP2510212037",4.69786222021003,2.85923421382904,5240,1,"meta_highrescanopyheight_orthophoto",0.5,"orthophoto_50cm_2025","Sorlandet"
"NINFP1810042750",3.47703547238912,2.08411335945129,6633,1,"meta_highrescanopyheight_orthophoto",0.5,"orthophoto_50cm_2025","Sorlandet"
"NINFP2210105676",2.6947562110465,1.80355608463287,5000,1,"meta_highrescanopyheight_orthophoto",0.5,"orthophoto_50cm_2025","Sorlandet"
"NINFP1810036186",2.80099008687553,1.79844391345978,28439,4,"meta_highrescanopyheight_orthophoto",0.5,"orthophoto_50cm_2025","Sorlandet"
"NINFP2310119645",6.18826088530066,6.02153539657593,9477,3,"meta_highrescanopyheight_orthophoto",0.5,"orthophoto_50cm_2025","Sorlandet"
"NINFP1910014374",3.65240182140418,3.34762573242188,5838,1,"meta_highrescanopyheight_orthophoto",0.5,"orthophoto_50cm_2025","Sorlandet"
"NINFP2310116234",6.47762481942151,4.3611307144165,4974,2,"meta_highrescanopyheight_orthophoto",0.5,"orthophoto_50cm_2025","Sorlandet"
"NINFP2210089315",2.29096421667286,0.282523915171623,11740,2,"meta_highrescanopyheight_orthophoto",0.5,"orthophoto_50cm_2025","Sorlandet"
"NINFP1810039650",1.87799776989532,0.470476791262627,14326,3,"meta_highrescanopyheight_orthophoto",0.5,"orthophoto_50cm_2025","Sorlandet"
"NINFP2110055612",0.0840337231221072,0.0122858621180058,4655,2,"meta_highrescanopyheight_orthophoto",0.5,"orthophoto_50cm_2025","Sorlandet"
"NINFP2110057267",7.89127847377991,8.10438251495361,9675,2,"meta_highrescanopyheight_orthophoto",0.5,"orthophoto_50cm_2025","Sorlandet"
"NINFP1810041543",0.100915849676302,0.010540934279561,15187,4,"meta_highrescanopyheight_orthophoto",0.5,"orthophoto_50cm_2025","Sorlandet"
"NINFP2010005458",5.91942511069928,6.13001251220703,4913,3,"meta_highrescanopyheight_orthophoto",0.5,"orthophoto_50cm_2025","Sorlandet"
"NINFP2510213219",6.08489750873101,5.9984884262085,23021,4,"meta_highrescanopyheight_orthophoto",0.5,"orthophoto_50cm_2025","Sorlandet"
"NINFP2410158857",6.03514519884694,5.50816202163696,6874,2,"meta_highrescanopyheight_orthophoto",0.5,"orthophoto_50cm_2025","Sorlandet"
"NINFP1910044762",2.91472690626704,1.86523288488388,11540,3,"meta_highrescanopyheight_orthophoto",0.5,"orthophoto_50cm_2025","Sorlandet"
"NINFP1810035560",3.99123677446306,2.15610539913177,13992,4,"meta_highrescanopyheight_orthophoto",0.5,"orthophoto_50cm_2025","Sorlandet"
"NINFP2310120547",9.80064772804078,10.1441040039062,48843,4,"meta_highrescanopyheight_orthophoto",0.5,"orthophoto_50cm_2025","Sorlandet"
"NINFP1910057594",3.24324201965408,2.68713188171387,14115,2,"meta_highrescanopyheight_orthophoto",0.5,"orthophoto_50cm_2025","Sorlandet"
"NINFP2310117287",0.663152497599476,0.026007205247879,85622,4,"meta_highrescanopyheight_orthophoto",0.5,"orthophoto_50cm_2025","Sorlandet"
"NINFP2310121022",8.34585708441367,8.694580078125,13427,2,"meta_highrescanopyheight_orthophoto",0.5,"orthophoto_50cm_2025","Sorlandet"
"NINFP2410156539",4.09754871233867,3.48142051696777,10153,4,"meta_highrescanopyheight_orthophoto",0.5,"orthophoto_50cm_2025","Sorlandet"
"NINFP1810008385",0.534622773439618,0.0141440662555397,81626,7,"meta_highrescanopyheight_orthophoto",0.5,"orthophoto_50cm_2025","Sorlandet"
"NINFP2010017113",0.25746089413276,0.0107922074384987,9120,2,"meta_highrescanopyheight_orthophoto",0.5,"orthophoto_50cm_2025","Sorlandet"
"NINFP2510193654",5.00668603511156,5.25626587867737,944,1,"meta_highrescanopyheight_orthophoto",0.5,"orthophoto_50cm_2025","Sorlandet"
"NINFP2410162127",1.43869679609147,0.0325749218463898,5273,2,"meta_highrescanopyheight_orthophoto",0.5,"orthophoto_50cm_2025","Sorlandet"
"NINFP2110070105",0.010117058507619,0.0100614363327622,80511,7,"meta_highrescanopyheight_orthophoto",0.5,"orthophoto_50cm_2025","Sorlandet"
"NINFP2110041845",0.324947436663725,0.0128497080877423,4421,2,"meta_highrescanopyheight_orthophoto",0.5,"orthophoto_50cm_2025","Sorlandet"
"NINFP2110030949",0.0101553342945019,0.0101091763935983,81312,6,"meta_highrescanopyheight_orthophoto",0.5,"orthophoto_50cm_2025","Sorlandet"
"NINFP2210075999",0.193322491453551,0.0107553391717374,2640,1,"meta_highrescanopyheight_orthophoto",0.5,"orthophoto_50cm_2025","Sorlandet"
"NINFP2210085585",7.31895324371964,7.76294755935669,5457,2,"meta_highrescanopyheight_orthophoto",0.5,"orthophoto_50cm_2025","Sorlandet"
"NINFP2110041887",1.11827818105017,0.0493268072605133,8899,2,"meta_highrescanopyheight_orthophoto",0.5,"orthophoto_50cm_2025","Sorlandet"
"NINFP2110039935",0.0425029928369766,0.0102368425577879,18752,4,"meta_highrescanopyheight_orthophoto",0.5,"orthophoto_50cm_2025","Sorlandet"
"NINFP2210075243",7.41937136924845,7.97050738334656,7712,2,"meta_highrescanopyheight_orthophoto",0.5,"orthophoto_50cm_2025","Sorlandet"
"NINFP1810040407",2.52521816369882,1.86052525043488,21468,4,"meta_highrescanopyheight_orthophoto",0.5,"orthophoto_50cm_2025","Sorlandet"
"NINFP1810001231",7.80767544635501,8.14205837249756,4616,3,"meta_highrescanopyheight_orthophoto",0.5,"orthophoto_50cm_2025","Sorlandet"
"NINFP2410158143",0.0100591012046547,0.0100265531800687,21810,4,"meta_highrescanopyheight_orthophoto",0.5,"orthophoto_50cm_2025","Sorlandet"
"NINFP2510210430",7.48827152835983,7.60311365127563,4755,2,"meta_highrescanopyheight_orthophoto",0.5,"orthophoto_50cm_2025","Sorlandet"
"NINFP2410154170",1.07339465776454,0.0125579386949539,6399,2,"meta_highrescanopyheight_orthophoto",0.5,"orthophoto_50cm_2025","Sorlandet"
"NINFP2410154427",5.41852516205264,5.0055079460144,53515,4,"meta_highrescanopyheight_orthophoto",0.5,"orthophoto_50cm_2025","Sorlandet"
"NINFP2210085131",4.72205582814961,3.50779390335083,13938,2,"meta_highrescanopyheight_orthophoto",0.5,"orthophoto_50cm_2025","Sorlandet"
"NINFP2210109604",2.36846596449009,1.463418841362,5850,2,"meta_highrescanopyheight_orthophoto",0.5,"orthophoto_50cm_2025","Sorlandet"
"NINFP2110047314",7.76679922212436,8.46771192550659,12732,6,"meta_highrescanopyheight_orthophoto",0.5,"orthophoto_50cm_2025","Sorlandet"
"NINFP2510217992",5.60366433337698,5.29951572418213,12081,2,"meta_highrescanopyheight_orthophoto",0.5,"orthophoto_50cm_2025","Sorlandet"
"NINFP2510214289",6.10167241193002,6.13156032562256,7041,4,"meta_highrescanopyheight_orthophoto",0.5,"orthophoto_50cm_2025","Sorlandet"
"NINFP2210089316",1.26423365198551,0.106902599334717,54302,5,"meta_highrescanopyheight_orthophoto",0.5,"orthophoto_50cm_2025","Sorlandet"
"NINFP1810002913",8.59755795755885,9.05509948730469,18145,3,"meta_highrescanopyheight_orthophoto",0.5,"orthophoto_50cm_2025","Sorlandet"
"NINFP2510184629",0.847439554778116,0.029461164958775,39978,7,"meta_highrescanopyheight_orthophoto",0.5,"orthophoto_50cm_2025","Sorlandet"
"NINFP2110020371",0.198971747624729,0.010877937078476,203247,14,"meta_highrescanopyheight_orthophoto",0.5,"orthophoto_50cm_2025","Sorlandet"
"NINFP2510213577",2.65002100699597,0.947313964366913,22164,5,"meta_highrescanopyheight_orthophoto",0.5,"orthophoto_50cm_2025","Sorlandet"
"NINFP2410170223",5.57766898645242,4.75018072128296,6606,2,"meta_highrescanopyheight_orthophoto",0.5,"orthophoto_50cm_2025","Sorlandet"
"NINFP2410154877",4.70709247708243,3.81672561168671,5634,1,"meta_highrescanopyheight_orthophoto",0.5,"orthophoto_50cm_2025","Sorlandet"
"NINFP1810040406",1.22222993051009,0.0830140337347984,9550,2,"meta_highrescanopyheight_orthophoto",0.5,"orthophoto_50cm_2025","Sorlandet"
"NINFP2110034569",0.219166940634336,0.0111836302094162,85278,6,"meta_highrescanopyheight_orthophoto",0.5,"orthophoto_50cm_2025","Sorlandet"
"NINFP2110037159",0.0124287511370856,0.0100518530234694,12675,4,"meta_highrescanopyheight_orthophoto",0.5,"orthophoto_50cm_2025","Sorlandet"
"NINFP2210079158",1.69163199901561,0.123422756791115,39026,4,"meta_highrescanopyheight_orthophoto",0.5,"orthophoto_50cm_2025","Sorlandet"
"NINFP2210109659",1.72968915118472,0.028500784188509,84783,6,"meta_highrescanopyheight_orthophoto",0.5,"orthophoto_50cm_2025","Sorlandet"
"NINFP2510189396",0.256723723127761,0.0164990155026317,28588,8,"meta_highrescanopyheight_orthophoto",0.5,"orthophoto_50cm_2025","Sorlandet"
"NINFP2410181467",8.08392108572838,8.9119725227356,6652,3,"meta_highrescanopyheight_orthophoto",0.5,"orthophoto_50cm_2025","Sorlandet"
"NINFP2110047949",0.341682076741825,0.0133338458836079,36497,6,"meta_highrescanopyheight_orthophoto",0.5,"orthophoto_50cm_2025","Sorlandet"
"NINFP2110033697",0.0100703384502086,0.0100594656541944,25447,2,"meta_highrescanopyheight_orthophoto",0.5,"orthophoto_50cm_2025","Sorlandet"
"NINFP2110040217",0.331614756099192,0.0112984622828662,10560,1,"meta_highrescanopyheight_orthophoto",0.5,"orthophoto_50cm_2025","Sorlandet"
"NINFP1910050602",5.69527806784001,5.55351185798645,12970,4,"meta_highrescanopyheight_orthophoto",0.5,"orthophoto_50cm_2025","Sorlandet"
"NINFP2310134529",1.30361610615109,0.0147476042620838,25294,5,"meta_highrescanopyheight_orthophoto",0.5,"orthophoto_50cm_2025","Sorlandet"
"NINFP2510212364",6.49804469057301,6.62320280075073,24868,4,"meta_highrescanopyheight_orthophoto",0.5,"orthophoto_50cm_2025","Sorlandet"
"NINFP2510207221",0.200194251874528,0.0116230538114905,19183,4,"meta_highrescanopyheight_orthophoto",0.5,"orthophoto_50cm_2025","Sorlandet"
"NINFP2110027289",0.268004674223274,0.0107246600091457,217615,12,"meta_highrescanopyheight_orthophoto",0.5,"orthophoto_50cm_2025","Sorlandet"
"NINFP2310115364",6.76985378348888,7.23257446289062,17353,2,"meta_highrescanopyheight_orthophoto",0.5,"orthophoto_50cm_2025","Sorlandet"
"NINFP2110072685",0.12211751541605,0.0106689687818289,15552,2,"meta_highrescanopyheight_orthophoto",0.5,"orthophoto_50cm_2025","Sorlandet"
"NINFP2410181917",5.23103802894939,3.79216957092285,16619,4,"meta_highrescanopyheight_orthophoto",0.5,"orthophoto_50cm_2025","Sorlandet"
"NINFP2410173438",4.49153781258432,4.60965085029602,8572,3,"meta_highrescanopyheight_orthophoto",0.5,"orthophoto_50cm_2025","Sorlandet"
"NINFP1810034645",0.291252775483059,0.0380555465817451,4357,2,"meta_highrescanopyheight_orthophoto",0.5,"orthophoto_50cm_2025","Sorlandet"
"NINFP2210077735",8.32021666453731,8.69276428222656,5425,2,"meta_highrescanopyheight_orthophoto",0.5,"orthophoto_50cm_2025","Sorlandet"
"NINFP2110050271",6.30829098593617,6.26931118965149,21514,3,"meta_highrescanopyheight_orthophoto",0.5,"orthophoto_50cm_2025","Sorlandet"
"NINFP2410181475",6.35833819111304,7.06766605377197,10211,3,"meta_highrescanopyheight_orthophoto",0.5,"orthophoto_50cm_2025","Sorlandet"
"NINFP2110009683",1.9373387128466,0.267193913459778,4236,1,"meta_highrescanopyheight_orthophoto",0.5,"orthophoto_50cm_2025","Sorlandet"
"NINFP2010015443",3.00660718883877,1.35070753097534,4001,2,"meta_highrescanopyheight_orthophoto",0.5,"orthophoto_50cm_2025","Sorlandet"
"NINFP1810039621",1.8733767011487,0.478874653577805,7540,3,"meta_highrescanopyheight_orthophoto",0.5,"orthophoto_50cm_2025","Sorlandet"
"NINFP2110021754",0.0633547606328042,0.0106598995625973,7238,2,"meta_highrescanopyheight_orthophoto",0.5,"orthophoto_50cm_2025","Sorlandet"
"NINFP2210106325",9.4570492372303,9.78113508224487,18520,2,"meta_highrescanopyheight_orthophoto",0.5,"orthophoto_50cm_2025","Sorlandet"
"NINFP2310123826",4.7819980114133,4.41926693916321,10424,4,"meta_highrescanopyheight_orthophoto",0.5,"orthophoto_50cm_2025","Sorlandet"
"NINFP2410175034",3.93346407185561,2.90498185157776,8814,2,"meta_highrescanopyheight_orthophoto",0.5,"orthophoto_50cm_2025","Sorlandet"
"NINFP2110013442",5.86600540098424,7.014808177948,13859,2,"meta_highrescanopyheight_orthophoto",0.5,"orthophoto_50cm_2025","Sorlandet"
"NINFP1810036860",1.14010367990068,0.0744519606232643,7698,3,"meta_highrescanopyheight_orthophoto",0.5,"orthophoto_50cm_2025","Sorlandet"
"NINFP2210109665",4.99082860918766,4.80966472625732,5391,1,"meta_highrescanopyheight_orthophoto",0.5,"orthophoto_50cm_2025","Sorlandet"
"NINFP2210107638",9.93655902501285,9.96855163574219,623,1,"meta_highrescanopyheight_orthophoto",0.5,"orthophoto_50cm_2025","Sorlandet"
"NINFP2110062986",5.54576830921483,5.58989453315735,91708,7,"meta_highrescanopyheight_orthophoto",0.5,"orthophoto_50cm_2025","Sorlandet"
"NINFP2110060912",2.81734826233175,1.68487334251404,20317,4,"meta_highrescanopyheight_orthophoto",0.5,"orthophoto_50cm_2025","Sorlandet"
"NINFP2010017816",1.95582040671888,0.0254955841228366,1488,1,"meta_highrescanopyheight_orthophoto",0.5,"orthophoto_50cm_2025","Sorlandet"
"NINFP2510210650",0.0539566738641553,0.0105782886967063,287131,23,"meta_highrescanopyheight_orthophoto",0.5,"orthophoto_50cm_2025","Sorlandet"
"NINFP1910009073",6.81319925605817,6.24476933479309,1906,1,"meta_highrescanopyheight_orthophoto",0.5,"orthophoto_50cm_2025","Sorlandet"
"NINFP1810037724",3.69199565421916,1.76597833633423,10117,2,"meta_highrescanopyheight_orthophoto",0.5,"orthophoto_50cm_2025","Sorlandet"
"NINFP2110028366",0.0790521542285562,0.0102768484503031,48235,4,"meta_highrescanopyheight_orthophoto",0.5,"orthophoto_50cm_2025","Sorlandet"
"NINFP1810001276",0.0122546422108523,0.0113046979531646,3840,2,"meta_highrescanopyheight_orthophoto",0.5,"orthophoto_50cm_2025","Sorlandet"
"NINFP2310121903",5.77092546588142,5.97688364982605,27024,5,"meta_highrescanopyheight_orthophoto",0.5,"orthophoto_50cm_2025","Sorlandet"
"NINFP2210079240",2.9880057808902,2.08476734161377,9395,2,"meta_highrescanopyheight_orthophoto",0.5,"orthophoto_50cm_2025","Sorlandet"
"NINFP2110049426",3.08285167265123,2.54033899307251,6913,4,"meta_highrescanopyheight_orthophoto",0.5,"orthophoto_50cm_2025","Sorlandet"
"NINFP2210075968",2.304741913794,0.222406275570393,19060,4,"meta_highrescanopyheight_orthophoto",0.5,"orthophoto_50cm_2025","Sorlandet"
"NINFP2310136271",10.0880625755561,10.7411489486694,6635,2,"meta_highrescanopyheight_orthophoto",0.5,"orthophoto_50cm_2025","Sorlandet"
"NINFP2310137625",4.6862576538493,4.85130167007446,33249,5,"meta_highrescanopyheight_orthophoto",0.5,"orthophoto_50cm_2025","Sorlandet"
"NINFP2510218017",9.89592475721476,10.312949180603,8527,2,"meta_highrescanopyheight_orthophoto",0.5,"orthophoto_50cm_2025","Sorlandet"
"NINFP1810009562",8.36521996913307,8.48522758483887,7507,2,"meta_highrescanopyheight_orthophoto",0.5,"orthophoto_50cm_2025","Sorlandet"
"NINFP2310140942",2.76977728203004,0.506794601678848,15314,2,"meta_highrescanopyheight_orthophoto",0.5,"orthophoto_50cm_2025","Sorlandet"
"NINFP2510194209",0.851082952017927,0.061804287135601,8159,1,"meta_highrescanopyheight_orthophoto",0.5,"orthophoto_50cm_2025","Sorlandet"
"NINFP2110055542",8.22152661848464,8.81206750869751,5658,2,"meta_highrescanopyheight_orthophoto",0.5,"orthophoto_50cm_2025","Sorlandet"
"NINFP2310143731",5.28690372119027,5.2322359085083,18529,2,"meta_highrescanopyheight_orthophoto",0.5,"orthophoto_50cm_2025","Sorlandet"
"NINFP2110036841",5.09374539281381,3.24987578392029,13874,3,"meta_highrescanopyheight_orthophoto",0.5,"orthophoto_50cm_2025","Sorlandet"
"NINFP2210084922",2.80344633469706,1.02880156040192,4872,4,"meta_highrescanopyheight_orthophoto",0.5,"orthophoto_50cm_2025","Sorlandet"
"NINFP2110019149",6.79818845039105,7.11914300918579,46442,8,"meta_highrescanopyheight_orthophoto",0.5,"orthophoto_50cm_2025","Sorlandet"
"NINFP2310121011",5.17919655496116,5.52455377578735,4533,1,"meta_highrescanopyheight_orthophoto",0.5,"orthophoto_50cm_2025","Sorlandet"
"NINFP2310117289",8.81938700780769,9.72759246826172,6455,2,"meta_highrescanopyheight_orthophoto",0.5,"orthophoto_50cm_2025","Sorlandet"
"NINFP2510190130",0.356834341717744,0.0105007579550147,8908,2,"meta_highrescanopyheight_orthophoto",0.5,"orthophoto_50cm_2025","Sorlandet"
"NINFP2410156775",1.42324904349322,0.532420486211777,8880,2,"meta_highrescanopyheight_orthophoto",0.5,"orthophoto_50cm_2025","Sorlandet"
"NINFP2410158340",2.06573067022115,0.575193703174591,14799,2,"meta_highrescanopyheight_orthophoto",0.5,"orthophoto_50cm_2025","Sorlandet"
"NINFP1810036582",3.99126988851043,2.77168405056,15242,4,"meta_highrescanopyheight_orthophoto",0.5,"orthophoto_50cm_2025","Sorlandet"
"NINFP1810014495",5.20285889417171,4.76074194908142,7096,3,"meta_highrescanopyheight_orthophoto",0.5,"orthophoto_50cm_2025","Sorlandet"
"NINFP2010019708",1.14595578916562,0.0536784157156944,1521,2,"meta_highrescanopyheight_orthophoto",0.5,"orthophoto_50cm_2025","Sorlandet"
"NINFP2110024167",0.471318652544066,0.0133789647370577,43955,4,"meta_highrescanopyheight_orthophoto",0.5,"orthophoto_50cm_2025","Sorlandet"
"NINFP2510191836",0.110473067461497,0.0113353375345469,37789,6,"meta_highrescanopyheight_orthophoto",0.5,"orthophoto_50cm_2025","Sorlandet"
"NINFP2110050778",10.4846144753876,11.5111846923828,22569,3,"meta_highrescanopyheight_orthophoto",0.5,"orthophoto_50cm_2025","Sorlandet"
"NINFP1810012039",7.10587570182284,7.24788475036621,6534,2,"meta_highrescanopyheight_orthophoto",0.5,"orthophoto_50cm_2025","Sorlandet"
"NINFP1810036258",5.56338057260769,5.66989612579346,14064,3,"meta_highrescanopyheight_orthophoto",0.5,"orthophoto_50cm_2025","Sorlandet"
"NINFP1810006322",4.68382204502709,4.44446992874146,4507,4,"meta_highrescanopyheight_orthophoto",0.5,"orthophoto_50cm_2025","Sorlandet"
"NINFP1810036843",0.504261339903272,0.0158162489533424,44967,2,"meta_highrescanopyheight_orthophoto",0.5,"orthophoto_50cm_2025","Sorlandet"
"NINFP1810038523",2.39177595014696,1.00758725404739,8690,1,"meta_highrescanopyheight_orthophoto",0.5,"orthophoto_50cm_2025","Sorlandet"
"NINFP2410156931",0.0223134320593159,0.0100741684436798,81495,9,"meta_highrescanopyheight_orthophoto",0.5,"orthophoto_50cm_2025","Sorlandet"
"NINFP2510217949",0.162949876446261,0.0119776125065982,56732,5,"meta_highrescanopyheight_orthophoto",0.5,"orthophoto_50cm_2025","Sorlandet"
"NINFP2410157935",0.0100280981016542,0.0100238667801023,91430,6,"meta_highrescanopyheight_orthophoto",0.5,"orthophoto_50cm_2025","Sorlandet"
"NINFP2010015397",0.847958101880059,0.0211473200470209,4775,3,"meta_highrescanopyheight_orthophoto",0.5,"orthophoto_50cm_2025","Sorlandet"
"NINFP1810002823",4.86263670704917,3.44863784313202,5754,2,"meta_highrescanopyheight_orthophoto",0.5,"orthophoto_50cm_2025","Sorlandet"
"NINFP1910038211",0.11068689966982,0.0107188927941024,58430,4,"meta_highrescanopyheight_orthophoto",0.5,"orthophoto_50cm_2025","Sorlandet"
"NINFP2110064128",7.69799749676436,8.29369211196899,6578,5,"meta_highrescanopyheight_orthophoto",0.5,"orthophoto_50cm_2025","Sorlandet"
"NINFP2110029424",0.312263069714257,0.0149729233235121,25919,3,"meta_highrescanopyheight_orthophoto",0.5,"orthophoto_50cm_2025","Sorlandet"
"NINFP2410176421",4.6449755191616,4.65295267105103,11942,4,"meta_highrescanopyheight_orthophoto",0.5,"orthophoto_50cm_2025","Sorlandet"
"NINFP2410179456",1.07499944928342,0.0710256770253181,4886,2,"meta_highrescanopyheight_orthophoto",0.5,"orthophoto_50cm_2025","Sorlandet"
"NINFP2410154458",3.82620235044658,2.49687111377716,9438,3,"meta_highrescanopyheight_orthophoto",0.5,"orthophoto_50cm_2025","Sorlandet"
"NINFP2010019328",1.89157168536189,0.0494853463023901,9526,1,"meta_highrescanopyheight_orthophoto",0.5,"orthophoto_50cm_2025","Sorlandet"
"NINFP1810040391",2.98163621154598,2.50638175010681,6114,3,"meta_highrescanopyheight_orthophoto",0.5,"orthophoto_50cm_2025","Sorlandet"
"NINFP2410161281",5.1919319935291,4.91818571090698,11808,3,"meta_highrescanopyheight_orthophoto",0.5,"orthophoto_50cm_2025","Sorlandet"
"NINFP2310119662",10.0777808959817,11.1358613967896,9650,2,"meta_highrescanopyheight_orthophoto",0.5,"orthophoto_50cm_2025","Sorlandet"
"NINFP2510215405",10.0528753361912,10.2019386291504,15837,3,"meta_highrescanopyheight_orthophoto",0.5,"orthophoto_50cm_2025","Sorlandet"
"NINFP2310120887",3.97688337832766,3.59440851211548,15434,2,"meta_highrescanopyheight_orthophoto",0.5,"orthophoto_50cm_2025","Sorlandet"
"NINFP1810008708",5.45200499687722,4.14560508728027,5068,1,"meta_highrescanopyheight_orthophoto",0.5,"orthophoto_50cm_2025","Sorlandet"
"NINFP2210107751",3.62802621836304,2.37028455734253,26397,4,"meta_highrescanopyheight_orthophoto",0.5,"orthophoto_50cm_2025","Sorlandet"
"NINFP2410156523",0.740827769939764,0.0111381243914366,31006,4,"meta_highrescanopyheight_orthophoto",0.5,"orthophoto_50cm_2025","Sorlandet"
"NINFP2510191235",1.96127902977431,0.603261947631836,4676,1,"meta_highrescanopyheight_orthophoto",0.5,"orthophoto_50cm_2025","Sorlandet"
"NINFP2010014957",10.4638644511227,11.0700988769531,10361,2,"meta_highrescanopyheight_orthophoto",0.5,"orthophoto_50cm_2025","Sorlandet"
"NINFP2210084298",0.138064544364106,0.010554607026279,99788,6,"meta_highrescanopyheight_orthophoto",0.5,"orthophoto_50cm_2025","Sorlandet"
"NINFP2510186234",6.85586906688424,7.5110068321228,4962,1,"meta_highrescanopyheight_orthophoto",0.5,"orthophoto_50cm_2025","Sorlandet"
"NINFP2110061913",3.39435017356057,2.80597901344299,29845,2,"meta_highrescanopyheight_orthophoto",0.5,"orthophoto_50cm_2025","Sorlandet"
"NINFP2310133201",1.0637801528471,0.0139931407757103,4626,2,"meta_highrescanopyheight_orthophoto",0.5,"orthophoto_50cm_2025","Sorlandet"
"NINFP2210085696",4.71620168201593,5.15138792991638,4594,3,"meta_highrescanopyheight_orthophoto",0.5,"orthophoto_50cm_2025","Sorlandet"
"NINFP2110070874",1.61232795609015,0.150256171822548,23105,6,"meta_highrescanopyheight_orthophoto",0.5,"orthophoto_50cm_2025","Sorlandet"
"NINFP2110028693",0.0167524507419909,0.0100421905517578,52487,4,"meta_highrescanopyheight_orthophoto",0.5,"orthophoto_50cm_2025","Sorlandet"
"NINFP2110030082",0.0462398878247146,0.0102179073728621,47872,6,"meta_highrescanopyheight_orthophoto",0.5,"orthophoto_50cm_2025","Sorlandet"
"NINFP2410162618",1.71644189052784,0.025961889885366,7364,2,"meta_highrescanopyheight_orthophoto",0.5,"orthophoto_50cm_2025","Sorlandet"
"NINFP2310118482",5.32297619035022,5.32608795166016,4109,1,"meta_highrescanopyheight_orthophoto",0.5,"orthophoto_50cm_2025","Sorlandet"
"NINFP2110071673",1.12661323505035,0.103931449353695,13028,2,"meta_highrescanopyheight_orthophoto",0.5,"orthophoto_50cm_2025","Sorlandet"
"NINFP2310118005",8.96842051562332,9.52215194702148,9917,2,"meta_highrescanopyheight_orthophoto",0.5,"orthophoto_50cm_2025","Sorlandet"
"NINFP2210074847",7.04115767910182,7.41653656959534,4066,2,"meta_highrescanopyheight_orthophoto",0.5,"orthophoto_50cm_2025","Sorlandet"
"NINFP2310146855",0.390035833906235,0.0111204069107771,22632,2,"meta_highrescanopyheight_orthophoto",0.5,"orthophoto_50cm_2025","Sorlandet"
"NINFP2410181252",7.07379869958434,6.72865223884583,8938,2,"meta_highrescanopyheight_orthophoto",0.5,"orthophoto_50cm_2025","Sorlandet"
"NINFP2410166078",0.972858022551712,0.0124470982700586,5861,2,"meta_highrescanopyheight_orthophoto",0.5,"orthophoto_50cm_2025","Sorlandet"
"NINFP2310133061",1.21943989516173,0.04536247625947,10248,3,"meta_highrescanopyheight_orthophoto",0.5,"orthophoto_50cm_2025","Sorlandet"
"NINFP2310140922",3.27268375560358,2.5399626493454,5344,1,"meta_highrescanopyheight_orthophoto",0.5,"orthophoto_50cm_2025","Sorlandet"
"NINFP2110038473",2.8888974964307,1.66758334636688,7788,2,"meta_highrescanopyheight_orthophoto",0.5,"orthophoto_50cm_2025","Sorlandet"
"NINFP2210086224",1.09027287782678,0.0472951009869576,44791,5,"meta_highrescanopyheight_orthophoto",0.5,"orthophoto_50cm_2025","Sorlandet"
"NINFP2410179454",4.74586768764912,4.8464138507843,5338,2,"meta_highrescanopyheight_orthophoto",0.5,"orthophoto_50cm_2025","Sorlandet"
"NINFP2210108773",12.1778231051068,13.0158004760742,25741,4,"meta_highrescanopyheight_orthophoto",0.5,"orthophoto_50cm_2025","Sorlandet"
"NINFP2410162142",1.54735275573373,0.022303894162178,10867,2,"meta_highrescanopyheight_orthophoto",0.5,"orthophoto_50cm_2025","Sorlandet"
"NINFP2210089079",2.50938303075219,0.736161261796951,5724,1,"meta_highrescanopyheight_orthophoto",0.5,"orthophoto_50cm_2025","Sorlandet"
"NINFP2110010062",8.73663177051478,8.88666725158691,2880,2,"meta_highrescanopyheight_orthophoto",0.5,"orthophoto_50cm_2025","Sorlandet"
"NINFP1910053005",6.56836977218258,7.09107780456543,11106,3,"meta_highrescanopyheight_orthophoto",0.5,"orthophoto_50cm_2025","Sorlandet"
"NINFP1810000988",0.317807162608763,0.0134630869142711,10472,2,"meta_highrescanopyheight_orthophoto",0.5,"orthophoto_50cm_2025","Sorlandet"
"NINFP2310116754",0.120567496066174,0.0103024896234274,11685,4,"meta_highrescanopyheight_orthophoto",0.5,"orthophoto_50cm_2025","Sorlandet"
"NINFP2110006179",9.83130822086047,10.6335353851318,9498,2,"meta_highrescanopyheight_orthophoto",0.5,"orthophoto_50cm_2025","Sorlandet"
"NINFP2110015506",2.24616764271474,1.3890038728714,25566,4,"meta_highrescanopyheight_orthophoto",0.5,"orthophoto_50cm_2025","Sorlandet"
"NINFP2110037967",1.71389333754535,0.116871431469917,8035,2,"meta_highrescanopyheight_orthophoto",0.5,"orthophoto_50cm_2025","Sorlandet"
"NINFP2410179753",1.29981971316639,0.260746896266937,7858,2,"meta_highrescanopyheight_orthophoto",0.5,"orthophoto_50cm_2025","Sorlandet"
"NINFP2110006216",3.67025139060451,2.5857138633728,8232,2,"meta_highrescanopyheight_orthophoto",0.5,"orthophoto_50cm_2025","Sorlandet"
"NINFP2410154455",3.1425370125233,1.37843251228333,7339,2,"meta_highrescanopyheight_orthophoto",0.5,"orthophoto_50cm_2025","Sorlandet"
"NINFP2210110580",0.9378803443205,0.0109419501386583,13194,2,"meta_highrescanopyheight_orthophoto",0.5,"orthophoto_50cm_2025","Sorlandet"
"NINFP2210109010",2.0576485566021,0.42782661318779,12518,4,"meta_highrescanopyheight_orthophoto",0.5,"orthophoto_50cm_2025","Sorlandet"
"NINFP2310121510",5.34787840104679,5.00370025634766,27047,4,"meta_highrescanopyheight_orthophoto",0.5,"orthophoto_50cm_2025","Sorlandet"
"NINFP2210073358",6.05278612541779,6.71184635162354,12638,2,"meta_highrescanopyheight_orthophoto",0.5,"orthophoto_50cm_2025","Sorlandet"
"NINFP2010013046",7.41203581320346,7.69943618774414,7749,2,"meta_highrescanopyheight_orthophoto",0.5,"orthophoto_50cm_2025","Sorlandet"
"NINFP2110037820",0.0609090266962287,0.0122999623417854,8499,1,"meta_highrescanopyheight_orthophoto",0.5,"orthophoto_50cm_2025","Sorlandet"
"NINFP2110030110",1.40671254111056,0.1528240442276,10175,3,"meta_highrescanopyheight_orthophoto",0.5,"orthophoto_50cm_2025","Sorlandet"
"NINFP2410155511",2.34720729800486,0.52348268032074,7189,2,"meta_highrescanopyheight_orthophoto",0.5,"orthophoto_50cm_2025","Sorlandet"
"NINFP2510184516",2.47904216378197,1.28472542762756,14560,5,"meta_highrescanopyheight_orthophoto",0.5,"orthophoto_50cm_2025","Sorlandet"
"NINFP2410175121",10.2218911807617,10.5634202957153,9321,2,"meta_highrescanopyheight_orthophoto",0.5,"orthophoto_50cm_2025","Sorlandet"
"NINFP2410162564",5.05317905328548,4.92954015731812,12377,3,"meta_highrescanopyheight_orthophoto",0.5,"orthophoto_50cm_2025","Sorlandet"
"NINFP2410163681",9.63436656267691,10.2931799888611,10674,2,"meta_highrescanopyheight_orthophoto",0.5,"orthophoto_50cm_2025","Sorlandet"
"NINFP2010030953",9.76338611955682,11.07408618927,7297,3,"meta_highrescanopyheight_orthophoto",0.5,"orthophoto_50cm_2025","Sorlandet"
"NINFP1810011818",3.88755450981695,2.71537411212921,44154,8,"meta_highrescanopyheight_orthophoto",0.5,"orthophoto_50cm_2025","Sorlandet"
"NINFP2310122299",6.25439248544637,5.91376614570618,6112,2,"meta_highrescanopyheight_orthophoto",0.5,"orthophoto_50cm_2025","Sorlandet"
"NINFP2110073094",8.80304272116942,9.34300804138184,5225,2,"meta_highrescanopyheight_orthophoto",0.5,"orthophoto_50cm_2025","Sorlandet"
"NINFP2110072832",7.3160762595636,7.95168209075928,18879,6,"meta_highrescanopyheight_orthophoto",0.5,"orthophoto_50cm_2025","Sorlandet"
"NINFP2110008723",7.17824155450384,7.52908802032471,10113,1,"meta_highrescanopyheight_orthophoto",0.5,"orthophoto_50cm_2025","Sorlandet"
"NINFP2310134258",0.454210775142926,0.0247913375496864,39009,4,"meta_highrescanopyheight_orthophoto",0.5,"orthophoto_50cm_2025","Sorlandet"
"NINFP1910042696",0.103921220207316,0.0112937595695257,14731,2,"meta_highrescanopyheight_orthophoto",0.5,"orthophoto_50cm_2025","Sorlandet"
"NINFP2010007124",5.91128517201102,5.37502527236938,6347,2,"meta_highrescanopyheight_orthophoto",0.5,"orthophoto_50cm_2025","Sorlandet"
"NINFP2310120039",5.49968201289941,5.85550117492676,12025,3,"meta_highrescanopyheight_orthophoto",0.5,"orthophoto_50cm_2025","Sorlandet"
"NINFP2510186233",8.61119158621745,9.60715579986572,8612,3,"meta_highrescanopyheight_orthophoto",0.5,"orthophoto_50cm_2025","Sorlandet"
"NINFP2310134651",0.959615984109005,0.011269788723439,42892,5,"meta_highrescanopyheight_orthophoto",0.5,"orthophoto_50cm_2025","Sorlandet"
"NINFP1810008414",3.60642844630382,2.42890381813049,11850,3,"meta_highrescanopyheight_orthophoto",0.5,"orthophoto_50cm_2025","Sorlandet"
"NINFP2210105680",12.3813253781158,12.5362024307251,6155,2,"meta_highrescanopyheight_orthophoto",0.5,"orthophoto_50cm_2025","Sorlandet"
"NINFP2310143932",0.46796498629995,0.0156916081905365,19119,4,"meta_highrescanopyheight_orthophoto",0.5,"orthophoto_50cm_2025","Sorlandet"
"NINFP2410163712",4.82323794390966,4.7360999584198,9350,3,"meta_highrescanopyheight_orthophoto",0.5,"orthophoto_50cm_2025","Sorlandet"
"NINFP2410161710",6.16505459885444,6.33940935134888,10849,2,"meta_highrescanopyheight_orthophoto",0.5,"orthophoto_50cm_2025","Sorlandet"
"NINFP2310131888",0.278575219851733,0.0117759592831135,28620,4,"meta_highrescanopyheight_orthophoto",0.5,"orthophoto_50cm_2025","Sorlandet"
"NINFP2510214626",0.95737993801185,0.0141915073618293,4269,3,"meta_highrescanopyheight_orthophoto",0.5,"orthophoto_50cm_2025","Sorlandet"
"NINFP2410152760",8.09556296693347,8.45920085906982,10583,3,"meta_highrescanopyheight_orthophoto",0.5,"orthophoto_50cm_2025","Sorlandet"
"NINFP2410174130",0.0965705147279859,0.0102934939786792,20568,3,"meta_highrescanopyheight_orthophoto",0.5,"orthophoto_50cm_2025","Sorlandet"
"NINFP2210074941",8.59107487890108,9.28515815734863,3866,2,"meta_highrescanopyheight_orthophoto",0.5,"orthophoto_50cm_2025","Sorlandet"
"NINFP1810030648",2.44522129730604,2.01295292377472,4280,1,"meta_highrescanopyheight_orthophoto",0.5,"orthophoto_50cm_2025","Sorlandet"
"NINFP2110060161",7.29173969302552,7.232577085495,23460,4,"meta_highrescanopyheight_orthophoto",0.5,"orthophoto_50cm_2025","Sorlandet"
"NINFP2510192674",0.222386639909975,0.0108933979645371,65292,6,"meta_highrescanopyheight_orthophoto",0.5,"orthophoto_50cm_2025","Sorlandet"
"NINFP2010034109",0.825595560837772,0.0166466105729342,80849,4,"meta_highrescanopyheight_orthophoto",0.5,"orthophoto_50cm_2025","Sorlandet"
"NINFP2010046418",9.99375858385163,10.9925508499146,69161,5,"meta_highrescanopyheight_orthophoto",0.5,"orthophoto_50cm_2025","Sorlandet"
"NINFP1810036874",2.47323076035802,0.388468503952026,4379,2,"meta_highrescanopyheight_orthophoto",0.5,"orthophoto_50cm_2025","Sorlandet"
"NINFP2210109387",4.96594729902132,4.79563283920288,4694,2,"meta_highrescanopyheight_orthophoto",0.5,"orthophoto_50cm_2025","Sorlandet"
"NINFP2110043151",0.28620976881574,0.0104014743119478,34050,3,"meta_highrescanopyheight_orthophoto",0.5,"orthophoto_50cm_2025","Sorlandet"
"NINFP2510217346",9.21246819793083,9.91954898834229,28111,4,"meta_highrescanopyheight_orthophoto",0.5,"orthophoto_50cm_2025","Sorlandet"
"NINFP2310144588",4.43622665826468,2.1919664144516,4570,2,"meta_highrescanopyheight_orthophoto",0.5,"orthophoto_50cm_2025","Sorlandet"
"NINFP2110012205",0.0109605205701286,0.0104100992903113,4949,3,"meta_highrescanopyheight_orthophoto",0.5,"orthophoto_50cm_2025","Sorlandet"
"NINFP2110029590",0.0306389479421144,0.0101492507383227,73006,6,"meta_highrescanopyheight_orthophoto",0.5,"orthophoto_50cm_2025","Sorlandet"
"NINFP1810038527",1.91590247909085,0.48864808678627,4779,1,"meta_highrescanopyheight_orthophoto",0.5,"orthophoto_50cm_2025","Sorlandet"
"NINFP1810037755",0.469084287673897,0.0172955244779587,100111,10,"meta_highrescanopyheight_orthophoto",0.5,"orthophoto_50cm_2025","Sorlandet"
"NINFP2510216936",9.94656013909707,10.6295576095581,4625,2,"meta_highrescanopyheight_orthophoto",0.5,"orthophoto_50cm_2025","Sorlandet"
"NINFP2210075258",4.13040472914829,4.03423762321472,4630,2,"meta_highrescanopyheight_orthophoto",0.5,"orthophoto_50cm_2025","Sorlandet"
"NINFP2310139643",0.749715889022845,0.013790687546134,13315,4,"meta_highrescanopyheight_orthophoto",0.5,"orthophoto_50cm_2025","Sorlandet"
"NINFP1910018587",4.89375184792957,3.87354016304016,15869,5,"meta_highrescanopyheight_orthophoto",0.5,"orthophoto_50cm_2025","Sorlandet"
"NINFP2510186108",3.49432535400455,2.99199986457825,7662,1,"meta_highrescanopyheight_orthophoto",0.5,"orthophoto_50cm_2025","Sorlandet"
"NINFP2410158140",0.0100396316491593,0.0100345220416784,20443,1,"meta_highrescanopyheight_orthophoto",0.5,"orthophoto_50cm_2025","Sorlandet"
"NINFP2310145433",7.20985550702321,7.5503454208374,29523,5,"meta_highrescanopyheight_orthophoto",0.5,"orthophoto_50cm_2025","Sorlandet"
"NINFP2110027300",0.311007388375778,0.0289364792406559,11911,2,"meta_highrescanopyheight_orthophoto",0.5,"orthophoto_50cm_2025","Sorlandet"
"NINFP2110006578",9.19706677297857,10.9005436897278,4212,2,"meta_highrescanopyheight_orthophoto",0.5,"orthophoto_50cm_2025","Sorlandet"
"NINFP2110040631",8.86355692510705,10.2271318435669,4892,2,"meta_highrescanopyheight_orthophoto",0.5,"orthophoto_50cm_2025","Sorlandet"
"NINFP2310146263",7.01942450041377,6.99944567680359,15304,4,"meta_highrescanopyheight_orthophoto",0.5,"orthophoto_50cm_2025","Sorlandet"
"NINFP2410154456",2.1148590374866,0.291898190975189,32885,5,"meta_highrescanopyheight_orthophoto",0.5,"orthophoto_50cm_2025","Sorlandet"
"NINFP2510193343",3.49894021954321,1.77023899555206,4180,2,"meta_highrescanopyheight_orthophoto",0.5,"orthophoto_50cm_2025","Sorlandet"
"NINFP2010024687",6.61954160772484,6.70712757110596,87731,9,"meta_highrescanopyheight_orthophoto",0.5,"orthophoto_50cm_2025","Sorlandet"
"NINFP1910030923",0.0111746133471496,0.0105642462149262,2396,1,"meta_highrescanopyheight_orthophoto",0.5,"orthophoto_50cm_2025","Sorlandet"
"NINFP2310138467",7.0494135858341,7.33190250396729,33594,3,"meta_highrescanopyheight_orthophoto",0.5,"orthophoto_50cm_2025","Sorlandet"
"NINFP2010021831",0.706011301980145,0.0120195504277945,30823,4,"meta_highrescanopyheight_orthophoto",0.5,"orthophoto_50cm_2025","Sorlandet"
"NINFP2510217948",0.369732131435315,0.0130171729251742,73228,4,"meta_highrescanopyheight_orthophoto",0.5,"orthophoto_50cm_2025","Sorlandet"
"NINFP2410181433",0.54579274126839,0.0134088657796383,2607,2,"meta_highrescanopyheight_orthophoto",0.5,"orthophoto_50cm_2025","Sorlandet"
"NINFP2410162143",8.38367431669653,8.95911312103271,6041,2,"meta_highrescanopyheight_orthophoto",0.5,"orthophoto_50cm_2025","Sorlandet"
"NINFP1810001292",2.33567990889478,0.0739123150706291,41726,6,"meta_highrescanopyheight_orthophoto",0.5,"orthophoto_50cm_2025","Sorlandet"
"NINFP2110028486",0.18075572466276,0.0119179282337427,53775,4,"meta_highrescanopyheight_orthophoto",0.5,"orthophoto_50cm_2025","Sorlandet"
"NINFP2510198079",2.15218617932951,1.01716387271881,62107,4,"meta_highrescanopyheight_orthophoto",0.5,"orthophoto_50cm_2025","Sorlandet"
"NINFP2510217476",9.29222375465337,9.99916934967041,12460,3,"meta_highrescanopyheight_orthophoto",0.5,"orthophoto_50cm_2025","Sorlandet"
"NINFP2310144118",6.45903806242974,6.36353635787964,17596,4,"meta_highrescanopyheight_orthophoto",0.5,"orthophoto_50cm_2025","Sorlandet"
"NINFP2210074732",2.40706593659738,0.60723602771759,4442,1,"meta_highrescanopyheight_orthophoto",0.5,"orthophoto_50cm_2025","Sorlandet"
"NINFP1810039620",2.48808100882301,0.407646626234055,12715,4,"meta_highrescanopyheight_orthophoto",0.5,"orthophoto_50cm_2025","Sorlandet"
"NINFP2210083133",7.14455051450665,7.2470874786377,4009,1,"meta_highrescanopyheight_orthophoto",0.5,"orthophoto_50cm_2025","Sorlandet"
"NINFP2210076414",0.171562060640902,0.0112174991518259,14788,4,"meta_highrescanopyheight_orthophoto",0.5,"orthophoto_50cm_2025","Sorlandet"
"NINFP2110037165",0.0105870923469351,0.0100633688271046,21587,4,"meta_highrescanopyheight_orthophoto",0.5,"orthophoto_50cm_2025","Sorlandet"
"NINFP2310114234",0.0183773161663499,0.010880883783102,7868,2,"meta_highrescanopyheight_orthophoto",0.5,"orthophoto_50cm_2025","Sorlandet"
"NINFP2310135849",7.88250511669554,8.60930347442627,23974,4,"meta_highrescanopyheight_orthophoto",0.5,"orthophoto_50cm_2025","Sorlandet"
"NINFP2310117829",6.07775961010439,6.45726656913757,14722,4,"meta_highrescanopyheight_orthophoto",0.5,"orthophoto_50cm_2025","Sorlandet"
"NINFP2410182031",4.40876231510188,4.36588072776794,26244,4,"meta_highrescanopyheight_orthophoto",0.5,"orthophoto_50cm_2025","Sorlandet"
"NINFP2510194533",2.47304809310287,1.07932788133621,7186,2,"meta_highrescanopyheight_orthophoto",0.5,"orthophoto_50cm_2025","Sorlandet"
"NINFP1810002147",2.94419029235787,1.65713560581207,5439,2,"meta_highrescanopyheight_orthophoto",0.5,"orthophoto_50cm_2025","Sorlandet"
"NINFP2510191246",1.30967766872501,0.14151306450367,44869,7,"meta_highrescanopyheight_orthophoto",0.5,"orthophoto_50cm_2025","Sorlandet"
"NINFP2110067489",6.98403805975456,7.47616481781006,26353,5,"meta_highrescanopyheight_orthophoto",0.5,"orthophoto_50cm_2025","Sorlandet"
"NINFP2310137003",6.265379684675,6.3315896987915,4539,2,"meta_highrescanopyheight_orthophoto",0.5,"orthophoto_50cm_2025","Sorlandet"
"NINFP1810039655",0.457935681471139,0.0133689874783158,69973,7,"meta_highrescanopyheight_orthophoto",0.5,"orthophoto_50cm_2025","Sorlandet"
"NINFP2510190780",2.52851507963882,1.10144037008286,22248,2,"meta_highrescanopyheight_orthophoto",0.5,"orthophoto_50cm_2025","Sorlandet"
"NINFP1810008383",0.960501483794511,0.276524364948273,5529,1,"meta_highrescanopyheight_orthophoto",0.5,"orthophoto_50cm_2025","Sorlandet"
"NINFP1910046905",7.26994808509484,7.63599276542664,8246,2,"meta_highrescanopyheight_orthophoto",0.5,"orthophoto_50cm_2025","Sorlandet"
"NINFP1810036841",2.11084667345062,0.443131923675537,6247,3,"meta_highrescanopyheight_orthophoto",0.5,"orthophoto_50cm_2025","Sorlandet"
"NINFP2110057479",8.37275685274703,8.45752286911011,10214,4,"meta_highrescanopyheight_orthophoto",0.5,"orthophoto_50cm_2025","Sorlandet"
"NINFP2410181367",1.69221541325149,0.303064703941345,11077,1,"meta_highrescanopyheight_orthophoto",0.5,"orthophoto_50cm_2025","Sorlandet"
"NINFP2210109015",7.38932412716597,7.90748381614685,43458,5,"meta_highrescanopyheight_orthophoto",0.5,"orthophoto_50cm_2025","Sorlandet"
"NINFP2510184813",6.29926429492379,6.62601470947266,5559,2,"meta_highrescanopyheight_orthophoto",0.5,"orthophoto_50cm_2025","Sorlandet"
"NINFP1810036869",0.849456863068474,0.0150907286442816,40952,6,"meta_highrescanopyheight_orthophoto",0.5,"orthophoto_50cm_2025","Sorlandet"
"NINFP2110015520",1.89362565156751,0.905447244644165,65551,6,"meta_highrescanopyheight_orthophoto",0.5,"orthophoto_50cm_2025","Sorlandet"
"NINFP2510213735",2.77824650475198,1.41311156749725,12698,4,"meta_highrescanopyheight_orthophoto",0.5,"orthophoto_50cm_2025","Sorlandet"
"NINFP2410168589",5.24222702367901,4.97784662246704,5370,3,"meta_highrescanopyheight_orthophoto",0.5,"orthophoto_50cm_2025","Sorlandet"
"NINFP2410181715",9.28906911975577,9.99537229537964,49450,5,"meta_highrescanopyheight_orthophoto",0.5,"orthophoto_50cm_2025","Sorlandet"
"NINFP1810005307",4.65005337083763,3.53379964828491,33837,5,"meta_highrescanopyheight_orthophoto",0.5,"orthophoto_50cm_2025","Sorlandet"
"NINFP2110041453",0.374417869831482,0.0159635068848729,8380,3,"meta_highrescanopyheight_orthophoto",0.5,"orthophoto_50cm_2025","Sorlandet"
"NINFP2210090287",0.0957855537490803,0.0121974376961589,41236,4,"meta_highrescanopyheight_orthophoto",0.5,"orthophoto_50cm_2025","Sorlandet"
"NINFP2410159292",3.94733440561087,3.28802180290222,8560,2,"meta_highrescanopyheight_orthophoto",0.5,"orthophoto_50cm_2025","Sorlandet"
"NINFP2210100005",0.936924629666244,0.0133614651858807,28407,3,"meta_highrescanopyheight_orthophoto",0.5,"orthophoto_50cm_2025","Sorlandet"
"NINFP1910054082",8.07160276521248,8.18843603134155,4212,2,"meta_highrescanopyheight_orthophoto",0.5,"orthophoto_50cm_2025","Sorlandet"
"NINFP2310120550",6.18874649489331,6.45760846138,25590,2,"meta_highrescanopyheight_orthophoto",0.5,"orthophoto_50cm_2025","Sorlandet"
"NINFP2110036816",0.0103625448651501,0.0101294815540314,43650,4,"meta_highrescanopyheight_orthophoto",0.5,"orthophoto_50cm_2025","Sorlandet"
"NINFP2310144420",2.26294498925882,0.984052121639252,46990,6,"meta_highrescanopyheight_orthophoto",0.5,"orthophoto_50cm_2025","Sorlandet"
"NINFP2110039556",0.255909581680527,0.0162250874564052,5422,2,"meta_highrescanopyheight_orthophoto",0.5,"orthophoto_50cm_2025","Sorlandet"
"NINFP2210077602",6.3268288442744,6.4096097946167,47943,4,"meta_highrescanopyheight_orthophoto",0.5,"orthophoto_50cm_2025","Sorlandet"
"NINFP2410155517",1.54084678601012,0.134301342070103,18606,3,"meta_highrescanopyheight_orthophoto",0.5,"orthophoto_50cm_2025","Sorlandet"
