"id","meta_chm_mean","meta_chm_median","meta_chm_n","n_tiles","chm_source","model_input_res_m","ortho_source","region_filter"
"NINFP2110008080",3.63696597219055,1.24799561500549,8420,2,"meta_highrescanopyheight_orthophoto",0.5,"orthophoto_50cm_2025","Ostlandet"
"NINFP2310136508",5.88638980308617,5.88278102874756,39359,6,"meta_highrescanopyheight_orthophoto",0.5,"orthophoto_50cm_2025","Ostlandet"
"NINFP1810039173",4.5281804822247,4.64770746231079,7301,4,"meta_highrescanopyheight_orthophoto",0.5,"orthophoto_50cm_2025","Ostlandet"
"NINFP1810026134",1.08963436599643,0.053218200802803,4410,4,"meta_highrescanopyheight_orthophoto",0.5,"orthophoto_50cm_2025","Ostlandet"
"NINFP2310142664",7.0640807175627,7.23409128189087,42003,4,"meta_highrescanopyheight_orthophoto",0.5,"orthophoto_50cm_2025","Ostlandet"
"NINFP2010027022",0.0140235416584487,0.0101099121384323,39592,4,"meta_highrescanopyheight_orthophoto",0.5,"orthophoto_50cm_2025","Ostlandet"
"NINFP1810038303",0.734024018522564,0.100552499294281,16408,4,"meta_highrescanopyheight_orthophoto",0.5,"orthophoto_50cm_2025","Ostlandet"
"NINFP2110007535",10.0519374940232,11.1554889678955,14893,3,"meta_highrescanopyheight_orthophoto",0.5,"orthophoto_50cm_2025","Ostlandet"
"NINFP1910016148",9.53083532293253,9.60798358917236,8159,2,"meta_highrescanopyheight_orthophoto",0.5,"orthophoto_50cm_2025","Ostlandet"
"NINFP1810021317",11.1277749506018,11.6790533065796,4709,1,"meta_highrescanopyheight_orthophoto",0.5,"orthophoto_50cm_2025","Ostlandet"
"NINFP1910019623",2.60908012065761,0.997201502323151,16939,3,"meta_highrescanopyheight_orthophoto",0.5,"orthophoto_50cm_2025","Ostlandet"
"NINFP2110009864",4.53672698192741,5.00903820991516,5282,2,"meta_highrescanopyheight_orthophoto",0.5,"orthophoto_50cm_2025","Ostlandet"
"NINFP1910050100",4.79628836272315,5.03897523880005,4230,2,"meta_highrescanopyheight_orthophoto",0.5,"orthophoto_50cm_2025","Ostlandet"
"NINFP1810014523",4.12744276796366,2.90307807922363,15212,3,"meta_highrescanopyheight_orthophoto",0.5,"orthophoto_50cm_2025","Ostlandet"
"NINFP2110024363",0.187796697336346,0.0131088458001614,4043,1,"meta_highrescanopyheight_orthophoto",0.5,"orthophoto_50cm_2025","Ostlandet"
"NINFP1810006652",2.89186515346765,2.08511328697205,7859,2,"meta_highrescanopyheight_orthophoto",0.5,"orthophoto_50cm_2025","Ostlandet"
"NINFP2610220325",3.63782210423294,3.13437962532043,7477,2,"meta_highrescanopyheight_orthophoto",0.5,"orthophoto_50cm_2025","Ostlandet"
"NINFP2010034304",6.01240465682037,4.45068335533142,36378,4,"meta_highrescanopyheight_orthophoto",0.5,"orthophoto_50cm_2025","Ostlandet"
"NINFP2310124834",3.55567555500546,2.89728355407715,28903,2,"meta_highrescanopyheight_orthophoto",0.5,"orthophoto_50cm_2025","Ostlandet"
"NINFP1810001548",7.02501648321871,7.43008303642273,9884,2,"meta_highrescanopyheight_orthophoto",0.5,"orthophoto_50cm_2025","Ostlandet"
"NINFP1910014030",2.38041482168862,1.10935145616531,1508,2,"meta_highrescanopyheight_orthophoto",0.5,"orthophoto_50cm_2025","Ostlandet"
"NINFP1810018622",12.3942510883251,13.0549440383911,14219,2,"meta_highrescanopyheight_orthophoto",0.5,"orthophoto_50cm_2025","Ostlandet"
"NINFP2210086132",9.94879543493269,10.2062611579895,14162,3,"meta_highrescanopyheight_orthophoto",0.5,"orthophoto_50cm_2025","Ostlandet"
"NINFP2010012388",4.56331695781191,4.10929799079895,881064,43,"meta_highrescanopyheight_orthophoto",0.5,"orthophoto_50cm_2025","Ostlandet"
"NINFP1810005733",3.85030390274865,3.16228306293488,6948,3,"meta_highrescanopyheight_orthophoto",0.5,"orthophoto_50cm_2025","Ostlandet"
"NINFP1810042986",8.52989370773002,8.79958391189575,5512,1,"meta_highrescanopyheight_orthophoto",0.5,"orthophoto_50cm_2025","Ostlandet"
"NINFP1810015304",2.87893807087376,1.44718861579895,2841,2,"meta_highrescanopyheight_orthophoto",0.5,"orthophoto_50cm_2025","Ostlandet"
"NINFP1810023133",5.13243787754359,5.06317615509033,24588,4,"meta_highrescanopyheight_orthophoto",0.5,"orthophoto_50cm_2025","Ostlandet"
"NINFP2010053289",9.42255276936968,10.1043558120728,9920,1,"meta_highrescanopyheight_orthophoto",0.5,"orthophoto_50cm_2025","Ostlandet"
"NINFP1810042204",4.14277977336302,3.96928739547729,39667,4,"meta_highrescanopyheight_orthophoto",0.5,"orthophoto_50cm_2025","Ostlandet"
"NINFP1910021561",9.15530054172066,9.4849967956543,3201,2,"meta_highrescanopyheight_orthophoto",0.5,"orthophoto_50cm_2025","Ostlandet"
"NINFP1810024558",2.56362734315234,1.33079206943512,11722,2,"meta_highrescanopyheight_orthophoto",0.5,"orthophoto_50cm_2025","Ostlandet"
"NINFP2610220356",2.50924146960408,1.1898866891861,9333,2,"meta_highrescanopyheight_orthophoto",0.5,"orthophoto_50cm_2025","Ostlandet"
"NINFP1810029092",1.56631261366615,0.140375733375549,10936,2,"meta_highrescanopyheight_orthophoto",0.5,"orthophoto_50cm_2025","Ostlandet"
"NINFP1810024582",1.61323356126556,0.163903713226318,39261,4,"meta_highrescanopyheight_orthophoto",0.5,"orthophoto_50cm_2025","Ostlandet"
"NINFP2110055967",0.939660870025871,0.23810201883316,8411,3,"meta_highrescanopyheight_orthophoto",0.5,"orthophoto_50cm_2025","Ostlandet"
"NINFP1810031079",3.26460419723178,1.58007740974426,6366,2,"meta_highrescanopyheight_orthophoto",0.5,"orthophoto_50cm_2025","Ostlandet"
"NINFP1810009274",4.46123205976916,4.58958077430725,15728,2,"meta_highrescanopyheight_orthophoto",0.5,"orthophoto_50cm_2025","Ostlandet"
"NINFP2110010989",6.66135897070248,7.08229446411133,4199,3,"meta_highrescanopyheight_orthophoto",0.5,"orthophoto_50cm_2025","Ostlandet"
"NINFP1810018752",5.87077339646322,6.41417360305786,9018,1,"meta_highrescanopyheight_orthophoto",0.5,"orthophoto_50cm_2025","Ostlandet"
"NINFP1810009273",4.6160045565427,4.63405108451843,10694,1,"meta_highrescanopyheight_orthophoto",0.5,"orthophoto_50cm_2025","Ostlandet"
"NINFP1810012565",4.8967154271112,3.95313048362732,5496,1,"meta_highrescanopyheight_orthophoto",0.5,"orthophoto_50cm_2025","Ostlandet"
"NINFP1810022179",3.78096328698168,3.59267020225525,13674,3,"meta_highrescanopyheight_orthophoto",0.5,"orthophoto_50cm_2025","Ostlandet"
"NINFP1810010377",8.04679914588602,7.83257293701172,8760,1,"meta_highrescanopyheight_orthophoto",0.5,"orthophoto_50cm_2025","Ostlandet"
"NINFP1810037384",2.29648161238754,0.0247586444020271,277467,13,"meta_highrescanopyheight_orthophoto",0.5,"orthophoto_50cm_2025","Ostlandet"
"NINFP1810023143",5.0508825220987,5.033203125,9423,2,"meta_highrescanopyheight_orthophoto",0.5,"orthophoto_50cm_2025","Ostlandet"
"NINFP2110013735",0.176475094284849,0.0107460948638618,255004,51,"meta_highrescanopyheight_orthophoto",0.5,"orthophoto_50cm_2025","Ostlandet"
"NINFP1910045425",4.78549119877235,4.93467998504639,11183,4,"meta_highrescanopyheight_orthophoto",0.5,"orthophoto_50cm_2025","Ostlandet"
"NINFP2010040549",3.94647545533905,3.58541250228882,4469,2,"meta_highrescanopyheight_orthophoto",0.5,"orthophoto_50cm_2025","Ostlandet"
"NINFP1810037372",5.92476159694287,5.5136923789978,50851,4,"meta_highrescanopyheight_orthophoto",0.5,"orthophoto_50cm_2025","Ostlandet"
"NINFP2410179292",1.13637779414075,0.0203355308622122,1933715,44,"meta_highrescanopyheight_orthophoto",0.5,"orthophoto_50cm_2025","Ostlandet"
"NINFP2210095383",1.42383764609148,0.184571757912636,6815,2,"meta_highrescanopyheight_orthophoto",0.5,"orthophoto_50cm_2025","Ostlandet"
"NINFP2410166565",7.30537295803049,8.07992172241211,57642,7,"meta_highrescanopyheight_orthophoto",0.5,"orthophoto_50cm_2025","Ostlandet"
"NINFP1810041920",5.97562471875934,5.32728314399719,25308,3,"meta_highrescanopyheight_orthophoto",0.5,"orthophoto_50cm_2025","Ostlandet"
"NINFP2010022132",0.240270005590348,0.0162018220871687,2633,2,"meta_highrescanopyheight_orthophoto",0.5,"orthophoto_50cm_2025","Ostlandet"
"NINFP2210097016",8.69532803413508,9.07772827148438,11263,1,"meta_highrescanopyheight_orthophoto",0.5,"orthophoto_50cm_2025","Ostlandet"
"NINFP2110071321",0.103041851383632,0.0103144152089953,10457,3,"meta_highrescanopyheight_orthophoto",0.5,"orthophoto_50cm_2025","Ostlandet"
"NINFP2110012569",7.67893914990107,7.99689030647278,3784,2,"meta_highrescanopyheight_orthophoto",0.5,"orthophoto_50cm_2025","Ostlandet"
"NINFP1810038659",3.75225232572533,2.48520159721375,28527,6,"meta_highrescanopyheight_orthophoto",0.5,"orthophoto_50cm_2025","Ostlandet"
"NINFP1810039176",5.16432353910363,5.37285852432251,18403,3,"meta_highrescanopyheight_orthophoto",0.5,"orthophoto_50cm_2025","Ostlandet"
"NINFP2110015161",3.26531253097423,1.95476305484772,5043,2,"meta_highrescanopyheight_orthophoto",0.5,"orthophoto_50cm_2025","Ostlandet"
"NINFP1910019641",0.847730410836931,0.0942744240164757,75605,10,"meta_highrescanopyheight_orthophoto",0.5,"orthophoto_50cm_2025","Ostlandet"
"NINFP2010004253",2.24812532711371,0.970562398433685,18953,5,"meta_highrescanopyheight_orthophoto",0.5,"orthophoto_50cm_2025","Ostlandet"
"NINFP1810001313",3.00687884605255,1.4381440281868,294,2,"meta_highrescanopyheight_orthophoto",0.5,"orthophoto_50cm_2025","Ostlandet"
"NINFP1810033936",3.60017872127242,1.73228085041046,5897,1,"meta_highrescanopyheight_orthophoto",0.5,"orthophoto_50cm_2025","Ostlandet"
"NINFP1910043325",4.24067124232305,3.71901893615723,7723,3,"meta_highrescanopyheight_orthophoto",0.5,"orthophoto_50cm_2025","Ostlandet"
"NINFP2110031397",0.557831890093664,0.0182673949748278,20351,3,"meta_highrescanopyheight_orthophoto",0.5,"orthophoto_50cm_2025","Ostlandet"
"NINFP1810042870",0.893790632832357,0.0338689964264631,54596,5,"meta_highrescanopyheight_orthophoto",0.5,"orthophoto_50cm_2025","Ostlandet"
"NINFP2410173233",6.66631760620576,6.93959617614746,38779,6,"meta_highrescanopyheight_orthophoto",0.5,"orthophoto_50cm_2025","Ostlandet"
"NINFP2510213182",1.79468782297314,0.479542002081871,8298,2,"meta_highrescanopyheight_orthophoto",0.5,"orthophoto_50cm_2025","Ostlandet"
"NINFP2010043750",0.0934758313920978,0.0103526823222637,91219,6,"meta_highrescanopyheight_orthophoto",0.5,"orthophoto_50cm_2025","Ostlandet"
"NINFP1810020860",3.176348327996,2.74730122089386,34790,4,"meta_highrescanopyheight_orthophoto",0.5,"orthophoto_50cm_2025","Ostlandet"
"NINFP2510201957",0.0228060406861161,0.0100889196619391,80698,6,"meta_highrescanopyheight_orthophoto",0.5,"orthophoto_50cm_2025","Ostlandet"
"NINFP2510196893",1.43732132941284,0.0237193536013365,18915,3,"meta_highrescanopyheight_orthophoto",0.5,"orthophoto_50cm_2025","Ostlandet"
"NINFP1910050550",0.020434436285331,0.0145021174103022,208,1,"meta_highrescanopyheight_orthophoto",0.5,"orthophoto_50cm_2025","Ostlandet"
"NINFP2010022413",0.0104407524152973,0.0100337564945221,43665,5,"meta_highrescanopyheight_orthophoto",0.5,"orthophoto_50cm_2025","Ostlandet"
"NINFP1810010185",7.14416701882404,7.2501175403595,4158,4,"meta_highrescanopyheight_orthophoto",0.5,"orthophoto_50cm_2025","Ostlandet"
"NINFP2110031399",1.04397234524299,0.116927202790976,9766,1,"meta_highrescanopyheight_orthophoto",0.5,"orthophoto_50cm_2025","Ostlandet"
"NINFP2010035367",4.57489140757215,4.20296549797058,12930,2,"meta_highrescanopyheight_orthophoto",0.5,"orthophoto_50cm_2025","Ostlandet"
"NINFP2410183873",8.33392396447855,8.74056243896484,13717,3,"meta_highrescanopyheight_orthophoto",0.5,"orthophoto_50cm_2025","Ostlandet"
"NINFP2010041781",3.27860245506402,2.88987302780151,20758,5,"meta_highrescanopyheight_orthophoto",0.5,"orthophoto_50cm_2025","Ostlandet"
"NINFP2510185162",2.1786506964849,1.05199462175369,3426,2,"meta_highrescanopyheight_orthophoto",0.5,"orthophoto_50cm_2025","Ostlandet"
"NINFP1810027678",4.938859195562,4.64913320541382,33359,4,"meta_highrescanopyheight_orthophoto",0.5,"orthophoto_50cm_2025","Ostlandet"
"NINFP2510188980",1.531358397888,0.392422005534172,13076,5,"meta_highrescanopyheight_orthophoto",0.5,"orthophoto_50cm_2025","Ostlandet"
"NINFP2410164317",0.0130847767289601,0.0100602740421891,41252,4,"meta_highrescanopyheight_orthophoto",0.5,"orthophoto_50cm_2025","Ostlandet"
"NINFP2110014904",2.67981527111471,1.50883483886719,37557,4,"meta_highrescanopyheight_orthophoto",0.5,"orthophoto_50cm_2025","Ostlandet"
"NINFP2010036526",0.016072900150611,0.0102306725457311,20764,3,"meta_highrescanopyheight_orthophoto",0.5,"orthophoto_50cm_2025","Ostlandet"
"NINFP2110038275",0.257212252426365,0.010154047049582,19938,3,"meta_highrescanopyheight_orthophoto",0.5,"orthophoto_50cm_2025","Ostlandet"
"NINFP1910017733",4.2342822410228,4.28825187683105,4556,2,"meta_highrescanopyheight_orthophoto",0.5,"orthophoto_50cm_2025","Ostlandet"
"NINFP2110002070",5.04794748065367,3.6122442483902,12236,3,"meta_highrescanopyheight_orthophoto",0.5,"orthophoto_50cm_2025","Ostlandet"
"NINFP2210111860",1.52131410670539,0.0353648215532303,31909,3,"meta_highrescanopyheight_orthophoto",0.5,"orthophoto_50cm_2025","Ostlandet"
"NINFP1810034297",1.39128421272109,0.172872990369797,9935,3,"meta_highrescanopyheight_orthophoto",0.5,"orthophoto_50cm_2025","Ostlandet"
"NINFP2510207470",0.046424945387153,0.0103025212883949,35548,4,"meta_highrescanopyheight_orthophoto",0.5,"orthophoto_50cm_2025","Ostlandet"
"NINFP1810045741",3.61454589134026,2.94684863090515,161267,14,"meta_highrescanopyheight_orthophoto",0.5,"orthophoto_50cm_2025","Ostlandet"
"NINFP2310142845",0.0675001761654257,0.0101165324449539,38485,4,"meta_highrescanopyheight_orthophoto",0.5,"orthophoto_50cm_2025","Ostlandet"
"NINFP1810005057",4.57231159643402,4.71724104881287,15768,2,"meta_highrescanopyheight_orthophoto",0.5,"orthophoto_50cm_2025","Ostlandet"
"NINFP2010031641",0.0113913147172696,0.0100254500284791,269093,15,"meta_highrescanopyheight_orthophoto",0.5,"orthophoto_50cm_2025","Ostlandet"
"NINFP1810022652",4.23788164695135,3.79466557502747,10809,1,"meta_highrescanopyheight_orthophoto",0.5,"orthophoto_50cm_2025","Ostlandet"
"NINFP2010054154",1.83168054880286,0.464635372161865,9595,2,"meta_highrescanopyheight_orthophoto",0.5,"orthophoto_50cm_2025","Ostlandet"
"NINFP2410166944",1.69338652408041,0.461069107055664,10687,4,"meta_highrescanopyheight_orthophoto",0.5,"orthophoto_50cm_2025","Ostlandet"
"NINFP1810026913",0.201584069272656,0.0109849995933473,125098,8,"meta_highrescanopyheight_orthophoto",0.5,"orthophoto_50cm_2025","Ostlandet"
"NINFP2010035179",1.24393179312618,0.0685008466243744,22419,6,"meta_highrescanopyheight_orthophoto",0.5,"orthophoto_50cm_2025","Ostlandet"
"NINFP2110057635",0.172108865236599,0.0118042984977365,48887,4,"meta_highrescanopyheight_orthophoto",0.5,"orthophoto_50cm_2025","Ostlandet"
"NINFP1910011980",5.96524540642854,5.75689268112183,1597,2,"meta_highrescanopyheight_orthophoto",0.5,"orthophoto_50cm_2025","Ostlandet"
"NINFP2210102602",4.23184938438327,3.9988842010498,17290,2,"meta_highrescanopyheight_orthophoto",0.5,"orthophoto_50cm_2025","Ostlandet"
"NINFP2310136719",5.4123954501851,5.5326840877533,76090,5,"meta_highrescanopyheight_orthophoto",0.5,"orthophoto_50cm_2025","Ostlandet"
"NINFP1810011781",1.94145548370836,1.06039142608643,42992,5,"meta_highrescanopyheight_orthophoto",0.5,"orthophoto_50cm_2025","Ostlandet"
"NINFP2510195704",5.12279930954606,3.80662441253662,21119,4,"meta_highrescanopyheight_orthophoto",0.5,"orthophoto_50cm_2025","Ostlandet"
"NINFP2210086877",0.187065903270821,0.0109214968979359,19563,2,"meta_highrescanopyheight_orthophoto",0.5,"orthophoto_50cm_2025","Ostlandet"
"NINFP2510196820",3.99422361874667,2.94722151756287,46440,4,"meta_highrescanopyheight_orthophoto",0.5,"orthophoto_50cm_2025","Ostlandet"
"NINFP1810032979",0.0101333379328828,0.0100165437906981,33685,4,"meta_highrescanopyheight_orthophoto",0.5,"orthophoto_50cm_2025","Ostlandet"
"NINFP2510188507",0.136025822423232,0.0102977212518454,5372,2,"meta_highrescanopyheight_orthophoto",0.5,"orthophoto_50cm_2025","Ostlandet"
"NINFP2110013612",0.154690456756868,0.0107287466526031,21425,7,"meta_highrescanopyheight_orthophoto",0.5,"orthophoto_50cm_2025","Ostlandet"
"NINFP2510211831",0.698517572767406,0.0380341336131096,26354,3,"meta_highrescanopyheight_orthophoto",0.5,"orthophoto_50cm_2025","Ostlandet"
"NINFP2410164239",2.95369521419106,1.70026135444641,8766,1,"meta_highrescanopyheight_orthophoto",0.5,"orthophoto_50cm_2025","Ostlandet"
"NINFP2110057348",0.839050076895169,0.170426294207573,7457,2,"meta_highrescanopyheight_orthophoto",0.5,"orthophoto_50cm_2025","Ostlandet"
"NINFP2110064734",1.10747457341126,0.177452564239502,26215,2,"meta_highrescanopyheight_orthophoto",0.5,"orthophoto_50cm_2025","Ostlandet"
"NINFP2210089227",0.0858034578398964,0.0108535867184401,9341,1,"meta_highrescanopyheight_orthophoto",0.5,"orthophoto_50cm_2025","Ostlandet"
"NINFP2110015200",0.170100202015408,0.0103414412587881,50683,7,"meta_highrescanopyheight_orthophoto",0.5,"orthophoto_50cm_2025","Ostlandet"
"NINFP1910016425",6.02100091412954,6.5395712852478,4545,2,"meta_highrescanopyheight_orthophoto",0.5,"orthophoto_50cm_2025","Ostlandet"
"NINFP2310143988",4.42737328327318,4.25310659408569,31276,2,"meta_highrescanopyheight_orthophoto",0.5,"orthophoto_50cm_2025","Ostlandet"
"NINFP2010005653",2.15888722804302,0.896783888339996,16010,3,"meta_highrescanopyheight_orthophoto",0.5,"orthophoto_50cm_2025","Ostlandet"
"NINFP1810029498",3.12155052623572,0.688474774360657,10330,2,"meta_highrescanopyheight_orthophoto",0.5,"orthophoto_50cm_2025","Ostlandet"
"NINFP2010007908",5.68597904260257,5.72565031051636,11711,4,"meta_highrescanopyheight_orthophoto",0.5,"orthophoto_50cm_2025","Ostlandet"
"NINFP2310144156",4.68092485167368,4.89885330200195,5234,2,"meta_highrescanopyheight_orthophoto",0.5,"orthophoto_50cm_2025","Ostlandet"
"NINFP2010013283",0.845134245245897,0.0425862092524767,70822,7,"meta_highrescanopyheight_orthophoto",0.5,"orthophoto_50cm_2025","Ostlandet"
"NINFP2010016183",5.74121304673145,5.56383991241455,4957,1,"meta_highrescanopyheight_orthophoto",0.5,"orthophoto_50cm_2025","Ostlandet"
"NINFP2010005704",2.70062296191294,1.1361466050148,9740,3,"meta_highrescanopyheight_orthophoto",0.5,"orthophoto_50cm_2025","Ostlandet"
"NINFP1810039213",1.70643592426561,0.100024610757828,5389,1,"meta_highrescanopyheight_orthophoto",0.5,"orthophoto_50cm_2025","Ostlandet"
"NINFP1810043022",4.85626958357591,4.21749305725098,14481,4,"meta_highrescanopyheight_orthophoto",0.5,"orthophoto_50cm_2025","Ostlandet"
"NINFP1810029111",0.112868810810569,0.010725200176239,82795,5,"meta_highrescanopyheight_orthophoto",0.5,"orthophoto_50cm_2025","Ostlandet"
"NINFP1910061100",0.614214047688827,0.097253005951643,6360,1,"meta_highrescanopyheight_orthophoto",0.5,"orthophoto_50cm_2025","Ostlandet"
"NINFP2210096912",8.76130591379453,9.32143688201904,61210,4,"meta_highrescanopyheight_orthophoto",0.5,"orthophoto_50cm_2025","Ostlandet"
"NINFP1810028123",3.70473935265351,3.16488885879517,34424,4,"meta_highrescanopyheight_orthophoto",0.5,"orthophoto_50cm_2025","Ostlandet"
"NINFP1810035704",5.79313865436465,6.11079525947571,54414,4,"meta_highrescanopyheight_orthophoto",0.5,"orthophoto_50cm_2025","Ostlandet"
"NINFP1910016431",8.66728277737639,8.97246885299683,11748,2,"meta_highrescanopyheight_orthophoto",0.5,"orthophoto_50cm_2025","Ostlandet"
"NINFP1910016419",0.319449413313992,0.0107897268608212,13075,2,"meta_highrescanopyheight_orthophoto",0.5,"orthophoto_50cm_2025","Ostlandet"
"NINFP1810041940",3.21811473235201,1.37173128128052,9759,2,"meta_highrescanopyheight_orthophoto",0.5,"orthophoto_50cm_2025","Ostlandet"
"NINFP1810024448",1.79894613909655,0.808707237243652,27629,4,"meta_highrescanopyheight_orthophoto",0.5,"orthophoto_50cm_2025","Ostlandet"
"NINFP2510195941",6.97301989111157,7.24956130981445,11921,4,"meta_highrescanopyheight_orthophoto",0.5,"orthophoto_50cm_2025","Ostlandet"
"NINFP1910033778",1.78869766382758,0.400743991136551,18534,2,"meta_highrescanopyheight_orthophoto",0.5,"orthophoto_50cm_2025","Ostlandet"
"NINFP2510219310",0.347947828863582,0.0107785663567483,17606,2,"meta_highrescanopyheight_orthophoto",0.5,"orthophoto_50cm_2025","Ostlandet"
"NINFP1810010393",5.43227726096032,4.94263648986816,15878,2,"meta_highrescanopyheight_orthophoto",0.5,"orthophoto_50cm_2025","Ostlandet"
"NINFP1810041661",4.28180841870098,3.40105628967285,46979,4,"meta_highrescanopyheight_orthophoto",0.5,"orthophoto_50cm_2025","Ostlandet"
"NINFP2310141259",3.89877345186441,3.68713569641113,28256,3,"meta_highrescanopyheight_orthophoto",0.5,"orthophoto_50cm_2025","Ostlandet"
"NINFP1910039422",2.93685179091269,0.817470252513885,4727,2,"meta_highrescanopyheight_orthophoto",0.5,"orthophoto_50cm_2025","Ostlandet"
"NINFP1810018626",3.52313637390294,3.08799147605896,64950,4,"meta_highrescanopyheight_orthophoto",0.5,"orthophoto_50cm_2025","Ostlandet"
"NINFP2510190833",7.68089659419938,7.58212614059448,5347,2,"meta_highrescanopyheight_orthophoto",0.5,"orthophoto_50cm_2025","Ostlandet"
"NINFP1810033839",1.8070146364841,0.0699875205755234,37256,6,"meta_highrescanopyheight_orthophoto",0.5,"orthophoto_50cm_2025","Ostlandet"
"NINFP2510196641",6.35762031915441,6.16088914871216,32403,4,"meta_highrescanopyheight_orthophoto",0.5,"orthophoto_50cm_2025","Ostlandet"
"NINFP2510209085",0.537516358449077,0.0250998921692371,52110,3,"meta_highrescanopyheight_orthophoto",0.5,"orthophoto_50cm_2025","Ostlandet"
"NINFP2110031662",0.0995461255197777,0.0105519834905863,36865,4,"meta_highrescanopyheight_orthophoto",0.5,"orthophoto_50cm_2025","Ostlandet"
"NINFP1810032261",7.19926222994172,7.64791107177734,6959,1,"meta_highrescanopyheight_orthophoto",0.5,"orthophoto_50cm_2025","Ostlandet"
"NINFP2110059776",0.159021216905758,0.0115711092948914,167441,17,"meta_highrescanopyheight_orthophoto",0.5,"orthophoto_50cm_2025","Ostlandet"
"NINFP1810042968",5.24825662055868,4.39886832237244,9524,4,"meta_highrescanopyheight_orthophoto",0.5,"orthophoto_50cm_2025","Ostlandet"
"NINFP1810027765",4.98343382283077,5.04566192626953,17528,3,"meta_highrescanopyheight_orthophoto",0.5,"orthophoto_50cm_2025","Ostlandet"
"NINFP1810037188",2.13652003976977,1.04609698057175,25754,4,"meta_highrescanopyheight_orthophoto",0.5,"orthophoto_50cm_2025","Ostlandet"
"NINFP1810014271",0.265818046469223,0.0123588275164366,54457,5,"meta_highrescanopyheight_orthophoto",0.5,"orthophoto_50cm_2025","Ostlandet"
"NINFP2110018116",0.158779708622787,0.012533862143755,2562,2,"meta_highrescanopyheight_orthophoto",0.5,"orthophoto_50cm_2025","Ostlandet"
"NINFP2310126308",0.36378157427649,0.0179494563490152,4633,2,"meta_highrescanopyheight_orthophoto",0.5,"orthophoto_50cm_2025","Ostlandet"
"NINFP2010030261",0.021831111672233,0.0102928038686514,31179,4,"meta_highrescanopyheight_orthophoto",0.5,"orthophoto_50cm_2025","Ostlandet"
"NINFP2010034552",5.12759368576923,3.74086844921112,10246,4,"meta_highrescanopyheight_orthophoto",0.5,"orthophoto_50cm_2025","Ostlandet"
"NINFP1910061108",0.825987706720267,0.0701760053634644,20628,4,"meta_highrescanopyheight_orthophoto",0.5,"orthophoto_50cm_2025","Ostlandet"
"NINFP2210075881",3.14111723803849,2.47354423999786,105330,8,"meta_highrescanopyheight_orthophoto",0.5,"orthophoto_50cm_2025","Ostlandet"
"NINFP2210082893",5.85735508157088,6.06750893592834,4154,2,"meta_highrescanopyheight_orthophoto",0.5,"orthophoto_50cm_2025","Ostlandet"
"NINFP2410156211",0.0492844984442002,0.0111964624375105,19599,2,"meta_highrescanopyheight_orthophoto",0.5,"orthophoto_50cm_2025","Ostlandet"
"NINFP2010045469",1.21406670928738,0.117564965039492,21608,4,"meta_highrescanopyheight_orthophoto",0.5,"orthophoto_50cm_2025","Ostlandet"
"NINFP2410162934",0.0114864093461778,0.0102833975106478,27069,2,"meta_highrescanopyheight_orthophoto",0.5,"orthophoto_50cm_2025","Ostlandet"
"NINFP1910051623",3.41099704331893,2.6744190454483,117720,15,"meta_highrescanopyheight_orthophoto",0.5,"orthophoto_50cm_2025","Ostlandet"
"NINFP1810034530",6.6101868134726,7.10443258285522,11672,2,"meta_highrescanopyheight_orthophoto",0.5,"orthophoto_50cm_2025","Ostlandet"
"NINFP2510187811",1.87077347596347,0.449653625488281,11333,3,"meta_highrescanopyheight_orthophoto",0.5,"orthophoto_50cm_2025","Ostlandet"
"NINFP2010033357",12.70670355728,13.3268022537231,5616,1,"meta_highrescanopyheight_orthophoto",0.5,"orthophoto_50cm_2025","Ostlandet"
"NINFP2010034409",1.83856450027539,0.37284117937088,4009,3,"meta_highrescanopyheight_orthophoto",0.5,"orthophoto_50cm_2025","Ostlandet"
"NINFP2210106283",3.89914440169996,3.52226829528809,18929,3,"meta_highrescanopyheight_orthophoto",0.5,"orthophoto_50cm_2025","Ostlandet"
"NINFP2010036038",0.0621932952635461,0.0104412129148841,11494,2,"meta_highrescanopyheight_orthophoto",0.5,"orthophoto_50cm_2025","Ostlandet"
"NINFP2110058337",0.391193345797852,0.0409578047692776,29112,4,"meta_highrescanopyheight_orthophoto",0.5,"orthophoto_50cm_2025","Ostlandet"
"NINFP2210077354",3.08680517637108,1.91074621677399,5917,1,"meta_highrescanopyheight_orthophoto",0.5,"orthophoto_50cm_2025","Ostlandet"
"NINFP2410174559",1.92231037802108,0.25297474861145,71206,7,"meta_highrescanopyheight_orthophoto",0.5,"orthophoto_50cm_2025","Ostlandet"
"NINFP2010039479",0.906583459077665,0.0237231766805053,35116,6,"meta_highrescanopyheight_orthophoto",0.5,"orthophoto_50cm_2025","Ostlandet"
"NINFP1810012461",8.01861133256569,8.88509941101074,9753,2,"meta_highrescanopyheight_orthophoto",0.5,"orthophoto_50cm_2025","Ostlandet"
"NINFP2510195710",3.10799598919176,0.765096783638,10080,3,"meta_highrescanopyheight_orthophoto",0.5,"orthophoto_50cm_2025","Ostlandet"
"NINFP1810042181",2.5241369895729,1.70268881320953,81,1,"meta_highrescanopyheight_orthophoto",0.5,"orthophoto_50cm_2025","Ostlandet"
"NINFP1810032071",6.61087472933158,7.50901055335999,14500,3,"meta_highrescanopyheight_orthophoto",0.5,"orthophoto_50cm_2025","Ostlandet"
"NINFP2410176252",4.42734318181442,4.67801451683044,30422,3,"meta_highrescanopyheight_orthophoto",0.5,"orthophoto_50cm_2025","Ostlandet"
"NINFP2310141328",4.58104422787724,4.39278697967529,4422,3,"meta_highrescanopyheight_orthophoto",0.5,"orthophoto_50cm_2025","Ostlandet"
"NINFP2010003383",3.6680314097403,1.52379596233368,302620,16,"meta_highrescanopyheight_orthophoto",0.5,"orthophoto_50cm_2025","Ostlandet"
"NINFP2410154384",3.32036510950489,1.75519835948944,23267,4,"meta_highrescanopyheight_orthophoto",0.5,"orthophoto_50cm_2025","Ostlandet"
"NINFP2310142844",5.11150866420053,4.01712226867676,4675,2,"meta_highrescanopyheight_orthophoto",0.5,"orthophoto_50cm_2025","Ostlandet"
"NINFP1810033901",3.02331027095142,0.0894052088260651,103557,8,"meta_highrescanopyheight_orthophoto",0.5,"orthophoto_50cm_2025","Ostlandet"
"NINFP1810013496",4.64762838898553,3.90510833263397,4012,2,"meta_highrescanopyheight_orthophoto",0.5,"orthophoto_50cm_2025","Ostlandet"
"NINFP2110045823",0.860573977028208,0.0101330974139273,303098,22,"meta_highrescanopyheight_orthophoto",0.5,"orthophoto_50cm_2025","Ostlandet"
"NINFP2310139850",1.36596824424284,0.015006497502327,216899,12,"meta_highrescanopyheight_orthophoto",0.5,"orthophoto_50cm_2025","Ostlandet"
"NINFP2410182870",8.33425883235313,9.60165786743164,6455,1,"meta_highrescanopyheight_orthophoto",0.5,"orthophoto_50cm_2025","Ostlandet"
"NINFP2210098170",1.33288135871663,0.253561943769455,13106,3,"meta_highrescanopyheight_orthophoto",0.5,"orthophoto_50cm_2025","Ostlandet"
"NINFP2010034555",6.85666586163729,7.10697937011719,7549,2,"meta_highrescanopyheight_orthophoto",0.5,"orthophoto_50cm_2025","Ostlandet"
"NINFP2010016191",7.61913295496822,8.0853385925293,9555,2,"meta_highrescanopyheight_orthophoto",0.5,"orthophoto_50cm_2025","Ostlandet"
"NINFP2410161353",6.87010277557196,7.14503002166748,33909,4,"meta_highrescanopyheight_orthophoto",0.5,"orthophoto_50cm_2025","Ostlandet"
"NINFP1810027357",4.20190368756944,3.69766366481781,4948,2,"meta_highrescanopyheight_orthophoto",0.5,"orthophoto_50cm_2025","Ostlandet"
"NINFP2210110372",6.94170358751886,7.37383079528809,10231,2,"meta_highrescanopyheight_orthophoto",0.5,"orthophoto_50cm_2025","Ostlandet"
"NINFP2410179437",0.972623014122475,0.0275781424716115,324708,10,"meta_highrescanopyheight_orthophoto",0.5,"orthophoto_50cm_2025","Ostlandet"
"NINFP2010031917",1.3330604604815,0.0337097067385912,7030,3,"meta_highrescanopyheight_orthophoto",0.5,"orthophoto_50cm_2025","Ostlandet"
"NINFP2110021638",4.94091972384686,4.56789541244507,11649,2,"meta_highrescanopyheight_orthophoto",0.5,"orthophoto_50cm_2025","Ostlandet"
"NINFP2010051185",0.166235312865871,0.0107845491729677,15860,4,"meta_highrescanopyheight_orthophoto",0.5,"orthophoto_50cm_2025","Ostlandet"
"NINFP1810037378",0.840943013223449,0.0655524209141731,159561,7,"meta_highrescanopyheight_orthophoto",0.5,"orthophoto_50cm_2025","Ostlandet"
"NINFP2510218680",4.47195268105029,4.52116966247559,9328,2,"meta_highrescanopyheight_orthophoto",0.5,"orthophoto_50cm_2025","Ostlandet"
"NINFP1810029719",1.18035248806196,0.0116251125000417,16458,2,"meta_highrescanopyheight_orthophoto",0.5,"orthophoto_50cm_2025","Ostlandet"
"NINFP2210101247",5.03709728962035,5.08292245864868,38245,9,"meta_highrescanopyheight_orthophoto",0.5,"orthophoto_50cm_2025","Ostlandet"
"NINFP1910019633",0.606479317657907,0.107100214809179,9828,2,"meta_highrescanopyheight_orthophoto",0.5,"orthophoto_50cm_2025","Ostlandet"
"NINFP1810027881",0.0147950294608465,0.0107587687671185,8042,2,"meta_highrescanopyheight_orthophoto",0.5,"orthophoto_50cm_2025","Ostlandet"
"NINFP1910017799",0.277191000866698,0.018746605142951,7541,4,"meta_highrescanopyheight_orthophoto",0.5,"orthophoto_50cm_2025","Ostlandet"
"NINFP2210083969",0.701073458048491,0.0209092758595943,45259,4,"meta_highrescanopyheight_orthophoto",0.5,"orthophoto_50cm_2025","Ostlandet"
"NINFP1810038637",1.54109797081022,0.10224924236536,14595,4,"meta_highrescanopyheight_orthophoto",0.5,"orthophoto_50cm_2025","Ostlandet"
"NINFP2210101242",2.64571966957201,1.19520163536072,5217,2,"meta_highrescanopyheight_orthophoto",0.5,"orthophoto_50cm_2025","Ostlandet"
"NINFP1810043212",4.93745770607569,5.04567813873291,68512,5,"meta_highrescanopyheight_orthophoto",0.5,"orthophoto_50cm_2025","Ostlandet"
"NINFP1810034533",6.55669460201958,7.00814175605774,6890,4,"meta_highrescanopyheight_orthophoto",0.5,"orthophoto_50cm_2025","Ostlandet"
"NINFP1810036988",3.54955942527693,2.79139518737793,43859,5,"meta_highrescanopyheight_orthophoto",0.5,"orthophoto_50cm_2025","Ostlandet"
"NINFP2010008201",4.64588203132153,4.4997980594635,80,1,"meta_highrescanopyheight_orthophoto",0.5,"orthophoto_50cm_2025","Ostlandet"
"NINFP2310136810",4.81904812199355,4.49113130569458,70770,8,"meta_highrescanopyheight_orthophoto",0.5,"orthophoto_50cm_2025","Ostlandet"
"NINFP1810035628",1.47506794672616,0.0634109973907471,56787,7,"meta_highrescanopyheight_orthophoto",0.5,"orthophoto_50cm_2025","Ostlandet"
"NINFP2010035679",7.59290098845281,8.18330430984497,35556,4,"meta_highrescanopyheight_orthophoto",0.5,"orthophoto_50cm_2025","Ostlandet"
"NINFP2210100805",2.90587751127462,1.70469063520432,8858,3,"meta_highrescanopyheight_orthophoto",0.5,"orthophoto_50cm_2025","Ostlandet"
"NINFP2510213439",2.01166422773569,0.369933307170868,67775,5,"meta_highrescanopyheight_orthophoto",0.5,"orthophoto_50cm_2025","Ostlandet"
"NINFP2210095894",1.55140960138752,0.286348015069962,27203,4,"meta_highrescanopyheight_orthophoto",0.5,"orthophoto_50cm_2025","Ostlandet"
"NINFP1810040534",3.23227965247623,2.0376398563385,64982,4,"meta_highrescanopyheight_orthophoto",0.5,"orthophoto_50cm_2025","Ostlandet"
"NINFP2010053915",4.48497559377978,3.75063991546631,10845,3,"meta_highrescanopyheight_orthophoto",0.5,"orthophoto_50cm_2025","Ostlandet"
"NINFP2310144573",4.16147815998707,4.11114692687988,6785,1,"meta_highrescanopyheight_orthophoto",0.5,"orthophoto_50cm_2025","Ostlandet"
"NINFP1910044431",0.318057121197133,0.0116659612394869,13810,1,"meta_highrescanopyheight_orthophoto",0.5,"orthophoto_50cm_2025","Ostlandet"
"NINFP2410163996",2.67611227450738,1.12205946445465,7349,2,"meta_highrescanopyheight_orthophoto",0.5,"orthophoto_50cm_2025","Ostlandet"
"NINFP2010049585",1.28533344816449,0.143022879958153,6223,1,"meta_highrescanopyheight_orthophoto",0.5,"orthophoto_50cm_2025","Ostlandet"
"NINFP2410171380",1.06383057871618,0.0107933664694428,3393,2,"meta_highrescanopyheight_orthophoto",0.5,"orthophoto_50cm_2025","Ostlandet"
"NINFP2110012711",0.118587542968932,0.0104553699493408,22447,3,"meta_highrescanopyheight_orthophoto",0.5,"orthophoto_50cm_2025","Ostlandet"
"NINFP2110055070",2.22710364093766,1.46235084533691,22300,2,"meta_highrescanopyheight_orthophoto",0.5,"orthophoto_50cm_2025","Ostlandet"
"NINFP1810028115",1.86664610055827,0.637953281402588,4561,1,"meta_highrescanopyheight_orthophoto",0.5,"orthophoto_50cm_2025","Ostlandet"
"NINFP2010020129",5.42664320152841,6.25200033187866,29888,4,"meta_highrescanopyheight_orthophoto",0.5,"orthophoto_50cm_2025","Ostlandet"
"NINFP2510202362",5.03473329482159,4.69650506973267,14368,2,"meta_highrescanopyheight_orthophoto",0.5,"orthophoto_50cm_2025","Ostlandet"
"NINFP2110017839",0.653178478835313,0.0319476090371609,6263,2,"meta_highrescanopyheight_orthophoto",0.5,"orthophoto_50cm_2025","Ostlandet"
"NINFP1810028953",0.0820164600310064,0.010398639831692,175926,9,"meta_highrescanopyheight_orthophoto",0.5,"orthophoto_50cm_2025","Ostlandet"
"NINFP2210090403",0.0100243115436958,0.0100211529061198,8552,3,"meta_highrescanopyheight_orthophoto",0.5,"orthophoto_50cm_2025","Ostlandet"
"NINFP2510218738",0.560515215911689,0.0292567647993565,23327,2,"meta_highrescanopyheight_orthophoto",0.5,"orthophoto_50cm_2025","Ostlandet"
"NINFP2210087383",0.4315707777101,0.0184633731842041,41547,3,"meta_highrescanopyheight_orthophoto",0.5,"orthophoto_50cm_2025","Ostlandet"
"NINFP2110012696",0.0272481323896158,0.0104847457259893,17801,4,"meta_highrescanopyheight_orthophoto",0.5,"orthophoto_50cm_2025","Ostlandet"
"NINFP2210081298",6.75493597426793,6.97727966308594,7171,1,"meta_highrescanopyheight_orthophoto",0.5,"orthophoto_50cm_2025","Ostlandet"
"NINFP2210113615",4.57383110619501,3.91601181030273,27029,3,"meta_highrescanopyheight_orthophoto",0.5,"orthophoto_50cm_2025","Ostlandet"
"NINFP1810021985",1.2812110249305,0.328960299491882,1683,1,"meta_highrescanopyheight_orthophoto",0.5,"orthophoto_50cm_2025","Ostlandet"
"NINFP1810012591",4.00921161728526,3.93606662750244,8283,1,"meta_highrescanopyheight_orthophoto",0.5,"orthophoto_50cm_2025","Ostlandet"
"NINFP2210092733",0.263764313501366,0.0116513902321458,11556,3,"meta_highrescanopyheight_orthophoto",0.5,"orthophoto_50cm_2025","Ostlandet"
"NINFP1810006027",5.74006291903771,6.30587577819824,10471,3,"meta_highrescanopyheight_orthophoto",0.5,"orthophoto_50cm_2025","Ostlandet"
"NINFP2210076570",4.30445291685003,3.96895742416382,17317,2,"meta_highrescanopyheight_orthophoto",0.5,"orthophoto_50cm_2025","Ostlandet"
"NINFP1910019739",3.70492358712942,2.77956521511078,12824,4,"meta_highrescanopyheight_orthophoto",0.5,"orthophoto_50cm_2025","Ostlandet"
"NINFP2210101346",1.60326641680044,0.0889749825000763,9196,2,"meta_highrescanopyheight_orthophoto",0.5,"orthophoto_50cm_2025","Ostlandet"
"NINFP2210099328",4.11778196766207,4.14215707778931,16146,4,"meta_highrescanopyheight_orthophoto",0.5,"orthophoto_50cm_2025","Ostlandet"
"NINFP2410149765",4.1285616544828,3.52454686164856,13815,3,"meta_highrescanopyheight_orthophoto",0.5,"orthophoto_50cm_2025","Ostlandet"
"NINFP1910024942",0.204970308911874,0.0108639309182763,53542,8,"meta_highrescanopyheight_orthophoto",0.5,"orthophoto_50cm_2025","Ostlandet"
"NINFP2510195315",0.586047762243518,0.119354993104935,2636,4,"meta_highrescanopyheight_orthophoto",0.5,"orthophoto_50cm_2025","Ostlandet"
"NINFP1810011954",1.04792917640455,0.0754084885120392,10317,2,"meta_highrescanopyheight_orthophoto",0.5,"orthophoto_50cm_2025","Ostlandet"
"NINFP1810022124",1.48789249607724,0.648857653141022,13932,1,"meta_highrescanopyheight_orthophoto",0.5,"orthophoto_50cm_2025","Ostlandet"
"NINFP2010035290",0.311151480621984,0.0121532799676061,3361,1,"meta_highrescanopyheight_orthophoto",0.5,"orthophoto_50cm_2025","Ostlandet"
"NINFP2010013591",1.07308079684171,0.145091630518436,17058,3,"meta_highrescanopyheight_orthophoto",0.5,"orthophoto_50cm_2025","Ostlandet"
"NINFP2110030466",0.728384713628027,0.010968972928822,5155,2,"meta_highrescanopyheight_orthophoto",0.5,"orthophoto_50cm_2025","Ostlandet"
"NINFP2010036017",2.25626775715092,1.47013008594513,9125,3,"meta_highrescanopyheight_orthophoto",0.5,"orthophoto_50cm_2025","Ostlandet"
"NINFP1910045341",0.125869008346865,0.0116160456091166,18025,4,"meta_highrescanopyheight_orthophoto",0.5,"orthophoto_50cm_2025","Ostlandet"
"NINFP1810022117",3.52955506560812,2.63533389568329,6532,4,"meta_highrescanopyheight_orthophoto",0.5,"orthophoto_50cm_2025","Ostlandet"
"NINFP2410182532",4.29243676137474,4.00402688980103,9903,3,"meta_highrescanopyheight_orthophoto",0.5,"orthophoto_50cm_2025","Ostlandet"
"NINFP2210099327",1.25884185063935,0.0238357465714216,82183,4,"meta_highrescanopyheight_orthophoto",0.5,"orthophoto_50cm_2025","Ostlandet"
"NINFP2110073115",5.13800660682725,5.00631237030029,9722,2,"meta_highrescanopyheight_orthophoto",0.5,"orthophoto_50cm_2025","Ostlandet"
"NINFP2110055062",1.27302332227784,0.293893992900848,32163,4,"meta_highrescanopyheight_orthophoto",0.5,"orthophoto_50cm_2025","Ostlandet"
"NINFP1810038807",3.82034830963005,2.98823261260986,13083,3,"meta_highrescanopyheight_orthophoto",0.5,"orthophoto_50cm_2025","Ostlandet"
"NINFP2010038806",4.87595381088336,4.01712131500244,12212,2,"meta_highrescanopyheight_orthophoto",0.5,"orthophoto_50cm_2025","Ostlandet"
"NINFP2310136816",0.465073340423722,0.0803433656692505,7873,1,"meta_highrescanopyheight_orthophoto",0.5,"orthophoto_50cm_2025","Ostlandet"
"NINFP1810034838",1.59716475593996,0.214143559336662,14837,2,"meta_highrescanopyheight_orthophoto",0.5,"orthophoto_50cm_2025","Ostlandet"
"NINFP2510209453",8.26972982213424,8.55690002441406,8414,3,"meta_highrescanopyheight_orthophoto",0.5,"orthophoto_50cm_2025","Ostlandet"
"NINFP1810042875",0.223711915299455,0.0254983678460121,6949,3,"meta_highrescanopyheight_orthophoto",0.5,"orthophoto_50cm_2025","Ostlandet"
"NINFP1810035699",0.0105994939408982,0.0102525763213634,30243,4,"meta_highrescanopyheight_orthophoto",0.5,"orthophoto_50cm_2025","Ostlandet"
"NINFP2410169613",2.51425450673251,0.966162294149399,3464,1,"meta_highrescanopyheight_orthophoto",0.5,"orthophoto_50cm_2025","Ostlandet"
"NINFP2110016038",1.14085961039991,0.136549204587936,2351,3,"meta_highrescanopyheight_orthophoto",0.5,"orthophoto_50cm_2025","Ostlandet"
"NINFP2210076586",0.180103885031533,0.0104365488514304,34288,4,"meta_highrescanopyheight_orthophoto",0.5,"orthophoto_50cm_2025","Ostlandet"
"NINFP2310141255",3.78237030964452,3.58798587322235,4104,2,"meta_highrescanopyheight_orthophoto",0.5,"orthophoto_50cm_2025","Ostlandet"
"NINFP2210091439",3.21577432459462,2.03509187698364,81015,6,"meta_highrescanopyheight_orthophoto",0.5,"orthophoto_50cm_2025","Ostlandet"
"NINFP2410162833",0.131024480566631,0.0128650432452559,10919,3,"meta_highrescanopyheight_orthophoto",0.5,"orthophoto_50cm_2025","Ostlandet"
"NINFP2210084157",4.00301571662513,3.39730453491211,15458,4,"meta_highrescanopyheight_orthophoto",0.5,"orthophoto_50cm_2025","Ostlandet"
"NINFP2410169624",1.35989775464448,0.387692451477051,13801,2,"meta_highrescanopyheight_orthophoto",0.5,"orthophoto_50cm_2025","Ostlandet"
"NINFP2310141248",4.02408668695991,2.70347857475281,22363,4,"meta_highrescanopyheight_orthophoto",0.5,"orthophoto_50cm_2025","Ostlandet"
"NINFP1810018155",3.12628500819216,2.95179629325867,7031,1,"meta_highrescanopyheight_orthophoto",0.5,"orthophoto_50cm_2025","Ostlandet"
"NINFP1810012740",0.039177282966954,0.0104192085564137,17073,2,"meta_highrescanopyheight_orthophoto",0.5,"orthophoto_50cm_2025","Ostlandet"
"NINFP1910025414",2.26781226046607,0.313870191574097,38438,4,"meta_highrescanopyheight_orthophoto",0.5,"orthophoto_50cm_2025","Ostlandet"
"NINFP2410177157",0.399887163208373,0.0155073129571974,287442,11,"meta_highrescanopyheight_orthophoto",0.5,"orthophoto_50cm_2025","Ostlandet"
"NINFP1910051936",0.341308630003156,0.0116134360432625,14237,3,"meta_highrescanopyheight_orthophoto",0.5,"orthophoto_50cm_2025","Ostlandet"
"NINFP2410160816",3.70768383570627,1.97542870044708,7346,1,"meta_highrescanopyheight_orthophoto",0.5,"orthophoto_50cm_2025","Ostlandet"
"NINFP2510210341",2.99092833213738,1.89678108692169,9006,3,"meta_highrescanopyheight_orthophoto",0.5,"orthophoto_50cm_2025","Ostlandet"
"NINFP1810022112",2.70972418574869,1.98974800109863,1819,1,"meta_highrescanopyheight_orthophoto",0.5,"orthophoto_50cm_2025","Ostlandet"
"NINFP2210098315",1.07538881945274,0.0189755149185658,30343,4,"meta_highrescanopyheight_orthophoto",0.5,"orthophoto_50cm_2025","Ostlandet"
"NINFP1810040515",2.68832752647225,1.49495011568069,116852,12,"meta_highrescanopyheight_orthophoto",0.5,"orthophoto_50cm_2025","Ostlandet"
"NINFP1910012785",2.06365738873891,0.0202794205397367,79093,8,"meta_highrescanopyheight_orthophoto",0.5,"orthophoto_50cm_2025","Ostlandet"
"NINFP2210076580",2.04401883213271,0.878505945205688,41482,2,"meta_highrescanopyheight_orthophoto",0.5,"orthophoto_50cm_2025","Ostlandet"
"NINFP2410163446",0.20927740346265,0.0145062147639692,16744,4,"meta_highrescanopyheight_orthophoto",0.5,"orthophoto_50cm_2025","Ostlandet"
"NINFP1910032165",0.321646953253409,0.0104176159948111,31965,3,"meta_highrescanopyheight_orthophoto",0.5,"orthophoto_50cm_2025","Ostlandet"
"NINFP2310146708",6.02337640049065,6.52871108055115,25290,2,"meta_highrescanopyheight_orthophoto",0.5,"orthophoto_50cm_2025","Ostlandet"
"NINFP2510211470",2.80722997204032,0.827553808689117,3021,3,"meta_highrescanopyheight_orthophoto",0.5,"orthophoto_50cm_2025","Ostlandet"
"NINFP1910013038",7.61774084683938,8.38944005966187,4052,2,"meta_highrescanopyheight_orthophoto",0.5,"orthophoto_50cm_2025","Ostlandet"
"NINFP2410168961",0.0101198941175968,0.0101006729528308,8042,2,"meta_highrescanopyheight_orthophoto",0.5,"orthophoto_50cm_2025","Ostlandet"
"NINFP2310142944",5.70417834621359,6.08072233200073,15453,2,"meta_highrescanopyheight_orthophoto",0.5,"orthophoto_50cm_2025","Ostlandet"
"NINFP1810042373",2.72825746480818,1.09876012802124,46115,3,"meta_highrescanopyheight_orthophoto",0.5,"orthophoto_50cm_2025","Ostlandet"
"NINFP2010037044",0.0458902635303223,0.0104828793555498,18296,2,"meta_highrescanopyheight_orthophoto",0.5,"orthophoto_50cm_2025","Ostlandet"
"NINFP2510216545",3.0318205001623,2.37414216995239,30536,4,"meta_highrescanopyheight_orthophoto",0.5,"orthophoto_50cm_2025","Ostlandet"
"NINFP1810010915",0.937780310096077,0.0194437149912119,23955,4,"meta_highrescanopyheight_orthophoto",0.5,"orthophoto_50cm_2025","Ostlandet"
"NINFP2210075467",2.26349807526659,1.05179190635681,21325,3,"meta_highrescanopyheight_orthophoto",0.5,"orthophoto_50cm_2025","Ostlandet"
"NINFP1810010272",10.3659520772166,11.0627603530884,8877,2,"meta_highrescanopyheight_orthophoto",0.5,"orthophoto_50cm_2025","Ostlandet"
"NINFP2510196894",0.429594946702629,0.0102764586918056,108790,6,"meta_highrescanopyheight_orthophoto",0.5,"orthophoto_50cm_2025","Ostlandet"
"NINFP2010036026",2.82620804084792,2.16404676437378,11451,4,"meta_highrescanopyheight_orthophoto",0.5,"orthophoto_50cm_2025","Ostlandet"
"NINFP2410163164",1.67195752365541,0.0151128023862839,20751,2,"meta_highrescanopyheight_orthophoto",0.5,"orthophoto_50cm_2025","Ostlandet"
"NINFP2210111150",10.0752471487578,10.4625401496887,9688,2,"meta_highrescanopyheight_orthophoto",0.5,"orthophoto_50cm_2025","Ostlandet"
"NINFP2010004452",0.922899696648704,0.0309230033308268,4804,3,"meta_highrescanopyheight_orthophoto",0.5,"orthophoto_50cm_2025","Ostlandet"
"NINFP2410182533",0.627812762740991,0.0203687008470297,106744,6,"meta_highrescanopyheight_orthophoto",0.5,"orthophoto_50cm_2025","Ostlandet"
"NINFP2110040113",5.0517007236899,5.44168758392334,4637,1,"meta_highrescanopyheight_orthophoto",0.5,"orthophoto_50cm_2025","Ostlandet"
"NINFP2310120248",0.333292038273431,0.0120780440047383,68093,7,"meta_highrescanopyheight_orthophoto",0.5,"orthophoto_50cm_2025","Ostlandet"
"NINFP2310136824",0.429315396685685,0.0702954940497875,9450,4,"meta_highrescanopyheight_orthophoto",0.5,"orthophoto_50cm_2025","Ostlandet"
"NINFP1910015314",10.9286509516513,11.7697834968567,8596,4,"meta_highrescanopyheight_orthophoto",0.5,"orthophoto_50cm_2025","Ostlandet"
"NINFP2410162002",1.37172971685888,0.0745257511734962,6617,2,"meta_highrescanopyheight_orthophoto",0.5,"orthophoto_50cm_2025","Ostlandet"
"NINFP1910048792",8.51450683870178,9.36713981628418,5349,2,"meta_highrescanopyheight_orthophoto",0.5,"orthophoto_50cm_2025","Ostlandet"
"NINFP2210100085",8.23967453614925,8.51675653457642,350348,10,"meta_highrescanopyheight_orthophoto",0.5,"orthophoto_50cm_2025","Ostlandet"
"NINFP1810031735",5.77931317394519,5.33716583251953,5743,3,"meta_highrescanopyheight_orthophoto",0.5,"orthophoto_50cm_2025","Ostlandet"
"NINFP2110018121",0.0145536536417369,0.0108561804518104,6888,3,"meta_highrescanopyheight_orthophoto",0.5,"orthophoto_50cm_2025","Ostlandet"
"NINFP2110043298",4.40988035640776,2.24330163002014,10287,2,"meta_highrescanopyheight_orthophoto",0.5,"orthophoto_50cm_2025","Ostlandet"
"NINFP2210077126",6.09153280739283,6.38219356536865,33617,2,"meta_highrescanopyheight_orthophoto",0.5,"orthophoto_50cm_2025","Ostlandet"
"NINFP1810026751",1.2420714830251,0.200745187699795,35814,5,"meta_highrescanopyheight_orthophoto",0.5,"orthophoto_50cm_2025","Ostlandet"
"NINFP2110017120",2.91344949062152,1.44552129507065,16114,2,"meta_highrescanopyheight_orthophoto",0.5,"orthophoto_50cm_2025","Ostlandet"
"NINFP2110047659",0.178764351360993,0.011489937081933,12334,2,"meta_highrescanopyheight_orthophoto",0.5,"orthophoto_50cm_2025","Ostlandet"
"NINFP2610220151",2.48227247214004,0.612541973590851,46809,6,"meta_highrescanopyheight_orthophoto",0.5,"orthophoto_50cm_2025","Ostlandet"
"NINFP2010021937",0.260906820350402,0.0104734469205141,260513,14,"meta_highrescanopyheight_orthophoto",0.5,"orthophoto_50cm_2025","Ostlandet"
"NINFP2010034406",4.23507014818122,3.1193540096283,5649,1,"meta_highrescanopyheight_orthophoto",0.5,"orthophoto_50cm_2025","Ostlandet"
"NINFP2210101381",2.65460756579811,1.94936299324036,5143,2,"meta_highrescanopyheight_orthophoto",0.5,"orthophoto_50cm_2025","Ostlandet"
"NINFP2010045473",0.285204530863881,0.0131093710660934,54023,6,"meta_highrescanopyheight_orthophoto",0.5,"orthophoto_50cm_2025","Ostlandet"
"NINFP1810002893",3.082074371186,2.60775649547577,40562,5,"meta_highrescanopyheight_orthophoto",0.5,"orthophoto_50cm_2025","Ostlandet"
"NINFP2110013607",1.10272431330699,0.0110332258045673,6092,3,"meta_highrescanopyheight_orthophoto",0.5,"orthophoto_50cm_2025","Ostlandet"
"NINFP1810006035",8.37915390639737,8.97199773788452,21860,1,"meta_highrescanopyheight_orthophoto",0.5,"orthophoto_50cm_2025","Ostlandet"
"NINFP2010033092",0.849311045781654,0.144232541322708,8339,1,"meta_highrescanopyheight_orthophoto",0.5,"orthophoto_50cm_2025","Ostlandet"
"NINFP2110040120",4.62792592663433,4.80171775817871,17619,1,"meta_highrescanopyheight_orthophoto",0.5,"orthophoto_50cm_2025","Ostlandet"
"NINFP2210096833",2.15157428707623,0.483343005180359,8940,2,"meta_highrescanopyheight_orthophoto",0.5,"orthophoto_50cm_2025","Ostlandet"
"NINFP2010038889",2.59264010770439,1.66634964942932,12888,4,"meta_highrescanopyheight_orthophoto",0.5,"orthophoto_50cm_2025","Ostlandet"
"NINFP2310121501",4.2021793134098,3.80618107318878,10774,2,"meta_highrescanopyheight_orthophoto",0.5,"orthophoto_50cm_2025","Ostlandet"
"NINFP2510209088",0.423275159085083,0.0170008651912212,171970,11,"meta_highrescanopyheight_orthophoto",0.5,"orthophoto_50cm_2025","Ostlandet"
"NINFP1910043981",5.6032195495749,5.81963348388672,23055,2,"meta_highrescanopyheight_orthophoto",0.5,"orthophoto_50cm_2025","Ostlandet"
"NINFP1810028445",6.87652121194253,6.95184469223022,6247,2,"meta_highrescanopyheight_orthophoto",0.5,"orthophoto_50cm_2025","Ostlandet"
"NINFP2410164158",2.65533062797985,1.94127422571182,10724,1,"meta_highrescanopyheight_orthophoto",0.5,"orthophoto_50cm_2025","Ostlandet"
"NINFP2510196248",5.10165110654725,5.08922958374023,14894,4,"meta_highrescanopyheight_orthophoto",0.5,"orthophoto_50cm_2025","Ostlandet"
"NINFP1810042203",7.62918585338012,7.80434322357178,6729,2,"meta_highrescanopyheight_orthophoto",0.5,"orthophoto_50cm_2025","Ostlandet"
"NINFP1810029904",4.44669879109146,3.31769466400146,17478,3,"meta_highrescanopyheight_orthophoto",0.5,"orthophoto_50cm_2025","Ostlandet"
"NINFP2210076374",5.04372802812464,5.11949157714844,4939,4,"meta_highrescanopyheight_orthophoto",0.5,"orthophoto_50cm_2025","Ostlandet"
"NINFP2110049388",1.13083628060921,0.119941622018814,5357,1,"meta_highrescanopyheight_orthophoto",0.5,"orthophoto_50cm_2025","Ostlandet"
"NINFP1810009886",0.2182646542612,0.0124229751527309,48912,6,"meta_highrescanopyheight_orthophoto",0.5,"orthophoto_50cm_2025","Ostlandet"
"NINFP2110014187",5.51633522402829,4.00544261932373,11417,3,"meta_highrescanopyheight_orthophoto",0.5,"orthophoto_50cm_2025","Ostlandet"
"NINFP1910019307",4.30135687589798,4.1687343120575,44214,3,"meta_highrescanopyheight_orthophoto",0.5,"orthophoto_50cm_2025","Ostlandet"
"NINFP2410169886",5.8786534002615,6.28360271453857,21145,2,"meta_highrescanopyheight_orthophoto",0.5,"orthophoto_50cm_2025","Ostlandet"
"NINFP2010031757",0.0113249846197666,0.0103098750114441,9533,4,"meta_highrescanopyheight_orthophoto",0.5,"orthophoto_50cm_2025","Ostlandet"
"NINFP1810033939",4.08616168788788,3.56140041351318,18858,2,"meta_highrescanopyheight_orthophoto",0.5,"orthophoto_50cm_2025","Ostlandet"
"NINFP1810039111",2.49073539863227,0.597973585128784,8373,3,"meta_highrescanopyheight_orthophoto",0.5,"orthophoto_50cm_2025","Ostlandet"
"NINFP2010005851",6.58218888264439,7.22462558746338,8751,4,"meta_highrescanopyheight_orthophoto",0.5,"orthophoto_50cm_2025","Ostlandet"
"NINFP1810010785",3.86234094203816,3.44567978382111,12994,2,"meta_highrescanopyheight_orthophoto",0.5,"orthophoto_50cm_2025","Ostlandet"
"NINFP2510215785",2.7855613387548,1.89498960971832,6412,2,"meta_highrescanopyheight_orthophoto",0.5,"orthophoto_50cm_2025","Ostlandet"
"NINFP1810020037",5.02132341824362,5.14324188232422,5073,2,"meta_highrescanopyheight_orthophoto",0.5,"orthophoto_50cm_2025","Ostlandet"
"NINFP2110058327",0.266869674542438,0.0207395581528544,34278,3,"meta_highrescanopyheight_orthophoto",0.5,"orthophoto_50cm_2025","Ostlandet"
"NINFP1810028333",2.46908731148716,1.2718106508255,10459,1,"meta_highrescanopyheight_orthophoto",0.5,"orthophoto_50cm_2025","Ostlandet"
"NINFP1810010518",4.23222582257533,4.00828123092651,4969,2,"meta_highrescanopyheight_orthophoto",0.5,"orthophoto_50cm_2025","Ostlandet"
"NINFP1910021549",5.00423325523876,3.18406105041504,11398,4,"meta_highrescanopyheight_orthophoto",0.5,"orthophoto_50cm_2025","Ostlandet"
"NINFP1810043069",1.1519870680348,0.0493112504482269,13155,3,"meta_highrescanopyheight_orthophoto",0.5,"orthophoto_50cm_2025","Ostlandet"
"NINFP2110018550",1.76541515201417,0.556795060634613,11902,2,"meta_highrescanopyheight_orthophoto",0.5,"orthophoto_50cm_2025","Ostlandet"
"NINFP2210084936",0.249814357354026,0.0114335874095559,19817,3,"meta_highrescanopyheight_orthophoto",0.5,"orthophoto_50cm_2025","Ostlandet"
"NINFP2210077129",2.50689441270853,1.26265871524811,28639,3,"meta_highrescanopyheight_orthophoto",0.5,"orthophoto_50cm_2025","Ostlandet"
"NINFP2410171196",0.993173530654717,0.0183776896446943,2355,1,"meta_highrescanopyheight_orthophoto",0.5,"orthophoto_50cm_2025","Ostlandet"
"NINFP1810029131",0.100033645881074,0.0101711922325194,176696,7,"meta_highrescanopyheight_orthophoto",0.5,"orthophoto_50cm_2025","Ostlandet"
"NINFP1810022892",1.13769697325089,0.0965753123164177,36781,5,"meta_highrescanopyheight_orthophoto",0.5,"orthophoto_50cm_2025","Ostlandet"
"NINFP2210094901",0.887354973673666,0.0573031790554523,9762,2,"meta_highrescanopyheight_orthophoto",0.5,"orthophoto_50cm_2025","Ostlandet"
"NINFP2310144150",6.69151204986102,6.62847518920898,81901,6,"meta_highrescanopyheight_orthophoto",0.5,"orthophoto_50cm_2025","Ostlandet"
"NINFP1810043058",0.42796454456568,0.0143709075637162,89142,8,"meta_highrescanopyheight_orthophoto",0.5,"orthophoto_50cm_2025","Ostlandet"
"NINFP1810012338",4.24983281778076,4.04646515846252,5826,2,"meta_highrescanopyheight_orthophoto",0.5,"orthophoto_50cm_2025","Ostlandet"
"NINFP1910035299",0.893301253717465,0.115134581923485,18647,1,"meta_highrescanopyheight_orthophoto",0.5,"orthophoto_50cm_2025","Ostlandet"
"NINFP2410161035",3.03098866771886,1.94761502742767,35023,3,"meta_highrescanopyheight_orthophoto",0.5,"orthophoto_50cm_2025","Ostlandet"
"NINFP1810029610",4.01276487704822,3.1892192363739,12675,3,"meta_highrescanopyheight_orthophoto",0.5,"orthophoto_50cm_2025","Ostlandet"
"NINFP2010005264",1.44279472510905,0.109387993812561,10273,2,"meta_highrescanopyheight_orthophoto",0.5,"orthophoto_50cm_2025","Ostlandet"
"NINFP2110014340",0.687612951080002,0.0117039037868381,47304,5,"meta_highrescanopyheight_orthophoto",0.5,"orthophoto_50cm_2025","Ostlandet"
"NINFP2310147135",0.0422021000312557,0.0104680275544524,7459,3,"meta_highrescanopyheight_orthophoto",0.5,"orthophoto_50cm_2025","Ostlandet"
"NINFP2110024358",0.084565384251495,0.010108781978488,46965,5,"meta_highrescanopyheight_orthophoto",0.5,"orthophoto_50cm_2025","Ostlandet"
"NINFP1910044865",6.21308869666843,6.35460138320923,9235,1,"meta_highrescanopyheight_orthophoto",0.5,"orthophoto_50cm_2025","Ostlandet"
"NINFP1810018160",2.2763659431961,0.264669671654701,19086,4,"meta_highrescanopyheight_orthophoto",0.5,"orthophoto_50cm_2025","Ostlandet"
"NINFP1910031219",0.302760636600126,0.0106828333809972,41122,3,"meta_highrescanopyheight_orthophoto",0.5,"orthophoto_50cm_2025","Ostlandet"
"NINFP2510216608",0.640107383596636,0.066817831248045,10032,2,"meta_highrescanopyheight_orthophoto",0.5,"orthophoto_50cm_2025","Ostlandet"
"NINFP2410167346",5.89207078294327,6.12303256988525,8485,4,"meta_highrescanopyheight_orthophoto",0.5,"orthophoto_50cm_2025","Ostlandet"
"NINFP1810035420",5.48360681631068,3.84540176391602,14979,3,"meta_highrescanopyheight_orthophoto",0.5,"orthophoto_50cm_2025","Ostlandet"
"NINFP2010038813",0.541345156341624,0.0234553571790457,2905,1,"meta_highrescanopyheight_orthophoto",0.5,"orthophoto_50cm_2025","Ostlandet"
"NINFP2410184046",1.03632261105282,0.127967208623886,172983,10,"meta_highrescanopyheight_orthophoto",0.5,"orthophoto_50cm_2025","Ostlandet"
"NINFP1810018157",2.73385821968041,0.294998854398727,4204,1,"meta_highrescanopyheight_orthophoto",0.5,"orthophoto_50cm_2025","Ostlandet"
"NINFP2210107301",1.13069820774069,0.0605437513440847,6856,3,"meta_highrescanopyheight_orthophoto",0.5,"orthophoto_50cm_2025","Ostlandet"
"NINFP2310118815",6.07793656265295,6.16202521324158,7904,4,"meta_highrescanopyheight_orthophoto",0.5,"orthophoto_50cm_2025","Ostlandet"
"NINFP1810015316",5.32443401141088,5.59976387023926,16399,2,"meta_highrescanopyheight_orthophoto",0.5,"orthophoto_50cm_2025","Ostlandet"
"NINFP2310130482",0.131116157541587,0.0103244511410594,85221,4,"meta_highrescanopyheight_orthophoto",0.5,"orthophoto_50cm_2025","Ostlandet"
"NINFP2410169135",3.27516333812176,2.34888005256653,17415,2,"meta_highrescanopyheight_orthophoto",0.5,"orthophoto_50cm_2025","Ostlandet"
"NINFP1910019246",3.93700672022734,3.84788703918457,15199,4,"meta_highrescanopyheight_orthophoto",0.5,"orthophoto_50cm_2025","Ostlandet"
"NINFP1810039180",4.86896485791888,4.88989162445068,14429,2,"meta_highrescanopyheight_orthophoto",0.5,"orthophoto_50cm_2025","Ostlandet"
"NINFP2210099169",4.17909809236513,4.21072149276733,14941,2,"meta_highrescanopyheight_orthophoto",0.5,"orthophoto_50cm_2025","Ostlandet"
"NINFP2110040009",7.99644783370238,8.11923265457153,8334,2,"meta_highrescanopyheight_orthophoto",0.5,"orthophoto_50cm_2025","Ostlandet"
"NINFP2410179658",7.26660899935854,7.94146370887756,21086,4,"meta_highrescanopyheight_orthophoto",0.5,"orthophoto_50cm_2025","Ostlandet"
"NINFP1810041481",2.51364451469557,0.0325386449694633,373177,13,"meta_highrescanopyheight_orthophoto",0.5,"orthophoto_50cm_2025","Ostlandet"
"NINFP1810029130",1.37232973177697,0.129638612270355,147551,10,"meta_highrescanopyheight_orthophoto",0.5,"orthophoto_50cm_2025","Ostlandet"
"NINFP2010035704",2.66960568041529,1.20795142650604,21941,4,"meta_highrescanopyheight_orthophoto",0.5,"orthophoto_50cm_2025","Ostlandet"
"NINFP2110041700",1.40143975589511,0.138019785284996,26896,5,"meta_highrescanopyheight_orthophoto",0.5,"orthophoto_50cm_2025","Ostlandet"
"NINFP1810033935",4.71717304479026,2.58796906471252,7329,2,"meta_highrescanopyheight_orthophoto",0.5,"orthophoto_50cm_2025","Ostlandet"
"NINFP2110038236",0.672238554181154,0.0141714243218303,4102,2,"meta_highrescanopyheight_orthophoto",0.5,"orthophoto_50cm_2025","Ostlandet"
"NINFP1910045348",2.98708039542874,0.321048945188522,28957,4,"meta_highrescanopyheight_orthophoto",0.5,"orthophoto_50cm_2025","Ostlandet"
"NINFP1810029257",0.447511584357325,0.0122329723089933,602441,27,"meta_highrescanopyheight_orthophoto",0.5,"orthophoto_50cm_2025","Ostlandet"
"NINFP2510212715",0.346851425595472,0.0223001651465893,13459,4,"meta_highrescanopyheight_orthophoto",0.5,"orthophoto_50cm_2025","Ostlandet"
"NINFP2310126451",3.60427353193778,2.90136480331421,9656,4,"meta_highrescanopyheight_orthophoto",0.5,"orthophoto_50cm_2025","Ostlandet"
"NINFP1810026820",2.69959409110483,0.88384747505188,19789,2,"meta_highrescanopyheight_orthophoto",0.5,"orthophoto_50cm_2025","Ostlandet"
"NINFP2010047535",0.0455735227524479,0.0101874219253659,30765,5,"meta_highrescanopyheight_orthophoto",0.5,"orthophoto_50cm_2025","Ostlandet"
"NINFP2110023769",0.0310336784243297,0.0101480931043625,47803,5,"meta_highrescanopyheight_orthophoto",0.5,"orthophoto_50cm_2025","Ostlandet"
"NINFP2510193092",1.01582084201275,0.0228792577981949,6383,1,"meta_highrescanopyheight_orthophoto",0.5,"orthophoto_50cm_2025","Ostlandet"
"NINFP1910059906",0.164925908436999,0.0105315847322345,4728,4,"meta_highrescanopyheight_orthophoto",0.5,"orthophoto_50cm_2025","Ostlandet"
"NINFP2210094129",0.57984182906239,0.0674415193498135,23978,3,"meta_highrescanopyheight_orthophoto",0.5,"orthophoto_50cm_2025","Ostlandet"
"NINFP1810029095",0.17129435261219,0.0121113169007003,59218,4,"meta_highrescanopyheight_orthophoto",0.5,"orthophoto_50cm_2025","Ostlandet"
"NINFP2010003353",11.3833661829484,10.7817730903625,4394,3,"meta_highrescanopyheight_orthophoto",0.5,"orthophoto_50cm_2025","Ostlandet"
"NINFP2010032696",2.2361627667335,1.25380289554596,5445,2,"meta_highrescanopyheight_orthophoto",0.5,"orthophoto_50cm_2025","Ostlandet"
"NINFP1910017797",2.90383631518701,1.49250495433807,10181,3,"meta_highrescanopyheight_orthophoto",0.5,"orthophoto_50cm_2025","Ostlandet"
"NINFP2210103927",4.5480765828305,4.84204292297363,6114,4,"meta_highrescanopyheight_orthophoto",0.5,"orthophoto_50cm_2025","Ostlandet"
"NINFP2110030464",4.07187719904433,4.28992033004761,1226,1,"meta_highrescanopyheight_orthophoto",0.5,"orthophoto_50cm_2025","Ostlandet"
"NINFP2410167635",0.0186051500762149,0.0102195804938674,37864,5,"meta_highrescanopyheight_orthophoto",0.5,"orthophoto_50cm_2025","Ostlandet"
"NINFP2510206393",6.1748960408027,6.43015766143799,116135,9,"meta_highrescanopyheight_orthophoto",0.5,"orthophoto_50cm_2025","Ostlandet"
"NINFP2510189243",2.77595635359992,2.0900696516037,34998,3,"meta_highrescanopyheight_orthophoto",0.5,"orthophoto_50cm_2025","Ostlandet"
"NINFP2210103989",2.50022787007333,1.19107222557068,11629,3,"meta_highrescanopyheight_orthophoto",0.5,"orthophoto_50cm_2025","Ostlandet"
"NINFP2110028338",3.23922753157707,2.29976367950439,38046,4,"meta_highrescanopyheight_orthophoto",0.5,"orthophoto_50cm_2025","Ostlandet"
"NINFP2010028346",0.0270482728277404,0.0101544042117894,49820,7,"meta_highrescanopyheight_orthophoto",0.5,"orthophoto_50cm_2025","Ostlandet"
"NINFP2210101718",3.42558275296345,2.25554203987122,5329,1,"meta_highrescanopyheight_orthophoto",0.5,"orthophoto_50cm_2025","Ostlandet"
"NINFP1910044432",1.12828807080898,0.0627159141004086,4612,2,"meta_highrescanopyheight_orthophoto",0.5,"orthophoto_50cm_2025","Ostlandet"
"NINFP2310127238",1.47453167012938,0.167039223015308,76448,8,"meta_highrescanopyheight_orthophoto",0.5,"orthophoto_50cm_2025","Ostlandet"
"NINFP2510196819",3.02281325002381,0.33506828546524,93881,5,"meta_highrescanopyheight_orthophoto",0.5,"orthophoto_50cm_2025","Ostlandet"
"NINFP2510186126",1.15545824586243,0.144425861537457,13380,4,"meta_highrescanopyheight_orthophoto",0.5,"orthophoto_50cm_2025","Ostlandet"
"NINFP2410160740",0.272681126739153,0.010773794259876,53148,5,"meta_highrescanopyheight_orthophoto",0.5,"orthophoto_50cm_2025","Ostlandet"
"NINFP2010054341",5.27262020849047,5.50869369506836,13179,2,"meta_highrescanopyheight_orthophoto",0.5,"orthophoto_50cm_2025","Ostlandet"
"NINFP2010029219",0.213882542021231,0.0106226792559028,1268640,71,"meta_highrescanopyheight_orthophoto",0.5,"orthophoto_50cm_2025","Ostlandet"
"NINFP2310136107",1.79814245912631,0.580451726913452,14785,4,"meta_highrescanopyheight_orthophoto",0.5,"orthophoto_50cm_2025","Ostlandet"
"NINFP2410163199",0.962714036716452,0.0767103545367718,76894,7,"meta_highrescanopyheight_orthophoto",0.5,"orthophoto_50cm_2025","Ostlandet"
"NINFP2110040578",9.39659217150022,9.71257877349854,10703,3,"meta_highrescanopyheight_orthophoto",0.5,"orthophoto_50cm_2025","Ostlandet"
"NINFP1910021575",3.37693694545801,1.77465260028839,20569,2,"meta_highrescanopyheight_orthophoto",0.5,"orthophoto_50cm_2025","Ostlandet"
"NINFP2410181821",6.16238398769062,6.41187429428101,19387,2,"meta_highrescanopyheight_orthophoto",0.5,"orthophoto_50cm_2025","Ostlandet"
"NINFP2410169546",6.43669013844647,6.74065375328064,3230,2,"meta_highrescanopyheight_orthophoto",0.5,"orthophoto_50cm_2025","Ostlandet"
"NINFP2410183831",0.33591557419947,0.0103052821941674,120198,7,"meta_highrescanopyheight_orthophoto",0.5,"orthophoto_50cm_2025","Ostlandet"
"NINFP1910061080",1.17122715473524,0.124165739864111,19608,6,"meta_highrescanopyheight_orthophoto",0.5,"orthophoto_50cm_2025","Ostlandet"
"NINFP1910043983",3.86661240810406,3.36051440238953,34937,5,"meta_highrescanopyheight_orthophoto",0.5,"orthophoto_50cm_2025","Ostlandet"
"NINFP2110029465",0.563002324855039,0.0297244414687157,5386,2,"meta_highrescanopyheight_orthophoto",0.5,"orthophoto_50cm_2025","Ostlandet"
"NINFP1810034570",3.13138437651362,2.7867271900177,10527,2,"meta_highrescanopyheight_orthophoto",0.5,"orthophoto_50cm_2025","Ostlandet"
"NINFP2110031395",2.44654744266547,1.48904889822006,82420,7,"meta_highrescanopyheight_orthophoto",0.5,"orthophoto_50cm_2025","Ostlandet"
"NINFP2410183291",0.0690542024001661,0.0103106256574392,12274,2,"meta_highrescanopyheight_orthophoto",0.5,"orthophoto_50cm_2025","Ostlandet"
"NINFP2010005651",3.88941731594935,2.7618864774704,12300,2,"meta_highrescanopyheight_orthophoto",0.5,"orthophoto_50cm_2025","Ostlandet"
"NINFP2310128401",0.601169800995875,0.0190712511539459,6673,2,"meta_highrescanopyheight_orthophoto",0.5,"orthophoto_50cm_2025","Ostlandet"
"NINFP2210085655",0.684625619770294,0.133045025169849,1400,1,"meta_highrescanopyheight_orthophoto",0.5,"orthophoto_50cm_2025","Ostlandet"
"NINFP1910017788",1.98866473447582,0.601463377475739,16004,2,"meta_highrescanopyheight_orthophoto",0.5,"orthophoto_50cm_2025","Ostlandet"
"NINFP2510196161",0.544430564563096,0.0161977652460337,108100,10,"meta_highrescanopyheight_orthophoto",0.5,"orthophoto_50cm_2025","Ostlandet"
"NINFP2510212678",2.86018886842086,0.875035762786865,26692,2,"meta_highrescanopyheight_orthophoto",0.5,"orthophoto_50cm_2025","Ostlandet"
"NINFP2310135074",5.14732097900752,5.36441278457642,9885,2,"meta_highrescanopyheight_orthophoto",0.5,"orthophoto_50cm_2025","Ostlandet"
"NINFP2110015153",2.37228512864641,0.51546636223793,5404,2,"meta_highrescanopyheight_orthophoto",0.5,"orthophoto_50cm_2025","Ostlandet"
"NINFP1910061065",2.10496044654154,0.429829359054565,50093,5,"meta_highrescanopyheight_orthophoto",0.5,"orthophoto_50cm_2025","Ostlandet"
"NINFP2410170337",1.28909150368212,0.0153108146041632,19066,5,"meta_highrescanopyheight_orthophoto",0.5,"orthophoto_50cm_2025","Ostlandet"
"NINFP2510209086",0.366093397911984,0.019006758928299,26971,2,"meta_highrescanopyheight_orthophoto",0.5,"orthophoto_50cm_2025","Ostlandet"
"NINFP1810029102",1.07003887432507,0.0374741926789284,120487,8,"meta_highrescanopyheight_orthophoto",0.5,"orthophoto_50cm_2025","Ostlandet"
"NINFP1810038298",0.17300320597557,0.0128124780021608,4280,1,"meta_highrescanopyheight_orthophoto",0.5,"orthophoto_50cm_2025","Ostlandet"
"NINFP2410162840",1.18602380821956,0.12479592487216,2364,1,"meta_highrescanopyheight_orthophoto",0.5,"orthophoto_50cm_2025","Ostlandet"
"NINFP2410168942",0.254317928701271,0.0120040811598301,12761,2,"meta_highrescanopyheight_orthophoto",0.5,"orthophoto_50cm_2025","Ostlandet"
"NINFP2010008264",5.98686152208391,5.26828289031982,11713,3,"meta_highrescanopyheight_orthophoto",0.5,"orthophoto_50cm_2025","Ostlandet"
"NINFP1810015655",0.455314555595155,0.0376030653715134,12655,2,"meta_highrescanopyheight_orthophoto",0.5,"orthophoto_50cm_2025","Ostlandet"
"NINFP1910019740",2.00778379775011,0.710859596729279,13268,4,"meta_highrescanopyheight_orthophoto",0.5,"orthophoto_50cm_2025","Ostlandet"
"NINFP2310136369",4.56744781651467,3.88036966323853,12192,4,"meta_highrescanopyheight_orthophoto",0.5,"orthophoto_50cm_2025","Ostlandet"
"NINFP2010053960",0.0150912694569267,0.0100787868723273,30830,5,"meta_highrescanopyheight_orthophoto",0.5,"orthophoto_50cm_2025","Ostlandet"
"NINFP2310122122",0.47242451243034,0.0166525524109602,40460,3,"meta_highrescanopyheight_orthophoto",0.5,"orthophoto_50cm_2025","Ostlandet"
"NINFP2110016947",0.800454441089182,0.0943737477064133,2601,1,"meta_highrescanopyheight_orthophoto",0.5,"orthophoto_50cm_2025","Ostlandet"
"NINFP1910012863",4.86757424427247,4.76450443267822,15593,3,"meta_highrescanopyheight_orthophoto",0.5,"orthophoto_50cm_2025","Ostlandet"
"NINFP2010045229",1.5809544295812,0.617567837238312,4005,4,"meta_highrescanopyheight_orthophoto",0.5,"orthophoto_50cm_2025","Ostlandet"
"NINFP2110013454",0.0101225589324493,0.0100397579371929,24122,4,"meta_highrescanopyheight_orthophoto",0.5,"orthophoto_50cm_2025","Ostlandet"
"NINFP1810043078",1.78261879986736,0.220035970211029,12702,2,"meta_highrescanopyheight_orthophoto",0.5,"orthophoto_50cm_2025","Ostlandet"
"NINFP1810037111",2.79061878254879,2.39474368095398,3355,3,"meta_highrescanopyheight_orthophoto",0.5,"orthophoto_50cm_2025","Ostlandet"
"NINFP2210098410",1.12265077417989,0.187660485506058,11947,2,"meta_highrescanopyheight_orthophoto",0.5,"orthophoto_50cm_2025","Ostlandet"
"NINFP2010015546",13.1620846429018,13.5903601646423,4296,3,"meta_highrescanopyheight_orthophoto",0.5,"orthophoto_50cm_2025","Ostlandet"
"NINFP1810043012",3.0379238461613,1.29243046045303,52938,3,"meta_highrescanopyheight_orthophoto",0.5,"orthophoto_50cm_2025","Ostlandet"
"NINFP2110008729",2.03841716228863,0.900874584913254,129154,8,"meta_highrescanopyheight_orthophoto",0.5,"orthophoto_50cm_2025","Ostlandet"
"NINFP2110022893",2.2554920714199,0.0887104496359825,16931,2,"meta_highrescanopyheight_orthophoto",0.5,"orthophoto_50cm_2025","Ostlandet"
"NINFP2410156035",0.101772908862299,0.010847482830286,18145,3,"meta_highrescanopyheight_orthophoto",0.5,"orthophoto_50cm_2025","Ostlandet"
"NINFP2110067273",0.0110740840015761,0.0103575503453612,1897,2,"meta_highrescanopyheight_orthophoto",0.5,"orthophoto_50cm_2025","Ostlandet"
"NINFP1910052661",1.1202133634083,0.0162705294787884,7909,3,"meta_highrescanopyheight_orthophoto",0.5,"orthophoto_50cm_2025","Ostlandet"
"NINFP2310129773",4.78845837211899,4.6768901348114,10148,4,"meta_highrescanopyheight_orthophoto",0.5,"orthophoto_50cm_2025","Ostlandet"
"NINFP2110021528",1.93242475826879,1.35695111751556,4995,2,"meta_highrescanopyheight_orthophoto",0.5,"orthophoto_50cm_2025","Ostlandet"
"NINFP2110014844",0.0416453667683193,0.0104360971599817,14647,4,"meta_highrescanopyheight_orthophoto",0.5,"orthophoto_50cm_2025","Ostlandet"
"NINFP2210080953",5.51009709303388,5.6438136100769,4217,2,"meta_highrescanopyheight_orthophoto",0.5,"orthophoto_50cm_2025","Ostlandet"
"NINFP2010011002",0.010191600394717,0.0101688541471958,7266,2,"meta_highrescanopyheight_orthophoto",0.5,"orthophoto_50cm_2025","Ostlandet"
"NINFP1910013862",2.39134916549749,1.06245613098145,8024,3,"meta_highrescanopyheight_orthophoto",0.5,"orthophoto_50cm_2025","Ostlandet"
"NINFP2110049386",4.60311986534534,4.65442514419556,4267,2,"meta_highrescanopyheight_orthophoto",0.5,"orthophoto_50cm_2025","Ostlandet"
"NINFP2310142040",4.00209953168472,3.80333638191223,203831,12,"meta_highrescanopyheight_orthophoto",0.5,"orthophoto_50cm_2025","Ostlandet"
"NINFP1910035297",5.68580231493137,5.66778755187988,13071,3,"meta_highrescanopyheight_orthophoto",0.5,"orthophoto_50cm_2025","Ostlandet"
"NINFP1810042372",3.08401881647641,2.51423954963684,13295,2,"meta_highrescanopyheight_orthophoto",0.5,"orthophoto_50cm_2025","Ostlandet"
"NINFP2310146290",0.574705511797377,0.0131204831413925,17690,2,"meta_highrescanopyheight_orthophoto",0.5,"orthophoto_50cm_2025","Ostlandet"
"NINFP1810042611",1.95739950351708,0.904520630836487,19368,4,"meta_highrescanopyheight_orthophoto",0.5,"orthophoto_50cm_2025","Ostlandet"
"NINFP1810010897",3.23725707330324,2.29071617126465,13575,2,"meta_highrescanopyheight_orthophoto",0.5,"orthophoto_50cm_2025","Ostlandet"
"NINFP1810032259",7.02618072982059,7.30093765258789,18511,2,"meta_highrescanopyheight_orthophoto",0.5,"orthophoto_50cm_2025","Ostlandet"
"NINFP1910019582",0.201312215861632,0.0127671249210835,13433,4,"meta_highrescanopyheight_orthophoto",0.5,"orthophoto_50cm_2025","Ostlandet"
"NINFP1810018845",5.19748969275136,5.16361832618713,5074,1,"meta_highrescanopyheight_orthophoto",0.5,"orthophoto_50cm_2025","Ostlandet"
"NINFP1810022201",2.44442951898791,0.984513223171234,20933,5,"meta_highrescanopyheight_orthophoto",0.5,"orthophoto_50cm_2025","Ostlandet"
"NINFP2210082895",6.21832456780979,6.20066332817078,11170,2,"meta_highrescanopyheight_orthophoto",0.5,"orthophoto_50cm_2025","Ostlandet"
"NINFP2310140394",0.504173031913388,0.0141528882086277,35759,4,"meta_highrescanopyheight_orthophoto",0.5,"orthophoto_50cm_2025","Ostlandet"
"NINFP2410180279",3.63938576172677,1.41207426786423,9106,3,"meta_highrescanopyheight_orthophoto",0.5,"orthophoto_50cm_2025","Ostlandet"
"NINFP2110016573",1.80879466120682,0.670036554336548,13545,4,"meta_highrescanopyheight_orthophoto",0.5,"orthophoto_50cm_2025","Ostlandet"
"NINFP2210103938",3.99242668895174,3.65295159816742,5366,1,"meta_highrescanopyheight_orthophoto",0.5,"orthophoto_50cm_2025","Ostlandet"
"NINFP2210106281",4.79098019873157,5.13990592956543,20499,4,"meta_highrescanopyheight_orthophoto",0.5,"orthophoto_50cm_2025","Ostlandet"
"NINFP2110059954",0.520657997783241,0.0561682265251875,47662,6,"meta_highrescanopyheight_orthophoto",0.5,"orthophoto_50cm_2025","Ostlandet"
"NINFP1910032932",3.69182628854771,3.31734895706177,6715,1,"meta_highrescanopyheight_orthophoto",0.5,"orthophoto_50cm_2025","Ostlandet"
"NINFP1810017617",0.0166860064455022,0.0109106143936515,15010,3,"meta_highrescanopyheight_orthophoto",0.5,"orthophoto_50cm_2025","Ostlandet"
"NINFP2210103985",3.76280528934222,3.60886549949646,4263,1,"meta_highrescanopyheight_orthophoto",0.5,"orthophoto_50cm_2025","Ostlandet"
"NINFP2410184157",3.67801603185521,2.64152669906616,37923,5,"meta_highrescanopyheight_orthophoto",0.5,"orthophoto_50cm_2025","Ostlandet"
"NINFP2210089056",5.73087680895772,6.0379786491394,3351,2,"meta_highrescanopyheight_orthophoto",0.5,"orthophoto_50cm_2025","Ostlandet"
"NINFP2110054731",3.27201088358427,1.38503730297089,75963,7,"meta_highrescanopyheight_orthophoto",0.5,"orthophoto_50cm_2025","Ostlandet"
"NINFP1910022964",3.14506097389709,0.339908868074417,2988,2,"meta_highrescanopyheight_orthophoto",0.5,"orthophoto_50cm_2025","Ostlandet"
"NINFP2410171385",0.0549325324808089,0.0101802027784288,5078,3,"meta_highrescanopyheight_orthophoto",0.5,"orthophoto_50cm_2025","Ostlandet"
"NINFP1910012021",5.9004424375734,6.24474763870239,80051,8,"meta_highrescanopyheight_orthophoto",0.5,"orthophoto_50cm_2025","Ostlandet"
"NINFP2010026517",0.0177656802386977,0.0100529389455914,76903,6,"meta_highrescanopyheight_orthophoto",0.5,"orthophoto_50cm_2025","Ostlandet"
"NINFP2410174580",3.26556771409974,1.57203328609467,114855,9,"meta_highrescanopyheight_orthophoto",0.5,"orthophoto_50cm_2025","Ostlandet"
"NINFP2510211832",1.14267533140149,0.0877129398286343,15004,2,"meta_highrescanopyheight_orthophoto",0.5,"orthophoto_50cm_2025","Ostlandet"
"NINFP1910035286",0.699003903443129,0.0333709046244621,7928,2,"meta_highrescanopyheight_orthophoto",0.5,"orthophoto_50cm_2025","Ostlandet"
"NINFP2110017485",0.0109662235504211,0.0100632114335895,16471,3,"meta_highrescanopyheight_orthophoto",0.5,"orthophoto_50cm_2025","Ostlandet"
"NINFP2310121353",4.32722094742571,4.42461943626404,6488,4,"meta_highrescanopyheight_orthophoto",0.5,"orthophoto_50cm_2025","Ostlandet"
"NINFP2210090394",0.0101014380978251,0.0100897056981921,5236,2,"meta_highrescanopyheight_orthophoto",0.5,"orthophoto_50cm_2025","Ostlandet"
"NINFP2510201242",0.358662862525177,0.0109956092201173,72906,7,"meta_highrescanopyheight_orthophoto",0.5,"orthophoto_50cm_2025","Ostlandet"
"NINFP1810009719",8.6303398202257,8.94057655334473,29219,5,"meta_highrescanopyheight_orthophoto",0.5,"orthophoto_50cm_2025","Ostlandet"
"NINFP2410178923",0.0149278614281383,0.0104374419897795,8871,2,"meta_highrescanopyheight_orthophoto",0.5,"orthophoto_50cm_2025","Ostlandet"
"NINFP1810040514",1.40754714101483,0.154388844966888,10423,2,"meta_highrescanopyheight_orthophoto",0.5,"orthophoto_50cm_2025","Ostlandet"
"NINFP1810044160",5.7891983756471,5.72452211380005,11984,2,"meta_highrescanopyheight_orthophoto",0.5,"orthophoto_50cm_2025","Ostlandet"
"NINFP1810014339",1.22010580437943,0.042211189866066,185873,12,"meta_highrescanopyheight_orthophoto",0.5,"orthophoto_50cm_2025","Ostlandet"
"NINFP2410172938",4.09946389095161,3.77179229259491,86858,7,"meta_highrescanopyheight_orthophoto",0.5,"orthophoto_50cm_2025","Ostlandet"
"NINFP1910014491",2.77822755876212,1.9618136882782,6153,2,"meta_highrescanopyheight_orthophoto",0.5,"orthophoto_50cm_2025","Ostlandet"
"NINFP1810010074",7.7987478781586,7.92168807983398,7213,1,"meta_highrescanopyheight_orthophoto",0.5,"orthophoto_50cm_2025","Ostlandet"
"NINFP1810005051",2.35097286462956,1.44358426332474,6064,2,"meta_highrescanopyheight_orthophoto",0.5,"orthophoto_50cm_2025","Ostlandet"
"NINFP2410174238",0.300834225129935,0.0199361257255077,7688,2,"meta_highrescanopyheight_orthophoto",0.5,"orthophoto_50cm_2025","Ostlandet"
"NINFP2410169599",3.01795496542791,2.00530409812927,14384,2,"meta_highrescanopyheight_orthophoto",0.5,"orthophoto_50cm_2025","Ostlandet"
"NINFP1810025577",6.73788372503516,7.26636838912964,7316,2,"meta_highrescanopyheight_orthophoto",0.5,"orthophoto_50cm_2025","Ostlandet"
"NINFP1910020010",1.17425527735819,0.0185140129178762,3055,3,"meta_highrescanopyheight_orthophoto",0.5,"orthophoto_50cm_2025","Ostlandet"
"NINFP2010028316",0.0107893054594302,0.0101294405758381,16349,3,"meta_highrescanopyheight_orthophoto",0.5,"orthophoto_50cm_2025","Ostlandet"
"NINFP1810042910",7.93672835975865,7.58880662918091,10954,2,"meta_highrescanopyheight_orthophoto",0.5,"orthophoto_50cm_2025","Ostlandet"
"NINFP1910019615",0.0525958862516612,0.0101530458778143,29080,2,"meta_highrescanopyheight_orthophoto",0.5,"orthophoto_50cm_2025","Ostlandet"
"NINFP2210101266",4.78980009487324,3.26302862167358,53049,5,"meta_highrescanopyheight_orthophoto",0.5,"orthophoto_50cm_2025","Ostlandet"
"NINFP2110007931",0.903281641885912,0.0591193847358227,13363,2,"meta_highrescanopyheight_orthophoto",0.5,"orthophoto_50cm_2025","Ostlandet"
"NINFP2410179490",0.562973397708265,0.0161580946296453,531505,16,"meta_highrescanopyheight_orthophoto",0.5,"orthophoto_50cm_2025","Ostlandet"
"NINFP2110055971",1.28064652790066,0.258221030235291,24704,3,"meta_highrescanopyheight_orthophoto",0.5,"orthophoto_50cm_2025","Ostlandet"
"NINFP2210108106",5.97467096189369,5.70745587348938,50656,3,"meta_highrescanopyheight_orthophoto",0.5,"orthophoto_50cm_2025","Ostlandet"
"NINFP1810024453",3.4066111869449,3.1710991859436,6219,1,"meta_highrescanopyheight_orthophoto",0.5,"orthophoto_50cm_2025","Ostlandet"
"NINFP2510187243",0.0916873628750818,0.0104420399293303,14715,3,"meta_highrescanopyheight_orthophoto",0.5,"orthophoto_50cm_2025","Ostlandet"
"NINFP1910039453",7.82462968630342,8.38703155517578,26888,5,"meta_highrescanopyheight_orthophoto",0.5,"orthophoto_50cm_2025","Ostlandet"
"NINFP1810020968",1.843734953477,0.771348476409912,6292,1,"meta_highrescanopyheight_orthophoto",0.5,"orthophoto_50cm_2025","Ostlandet"
"NINFP2210093018",2.89096247396853,2.14709997177124,77514,6,"meta_highrescanopyheight_orthophoto",0.5,"orthophoto_50cm_2025","Ostlandet"
"NINFP1810018635",2.97350398427818,2.23383712768555,138879,6,"meta_highrescanopyheight_orthophoto",0.5,"orthophoto_50cm_2025","Ostlandet"
"NINFP2210101021",2.83936323376617,0.785971641540527,8779,2,"meta_highrescanopyheight_orthophoto",0.5,"orthophoto_50cm_2025","Ostlandet"
"NINFP2010026685",0.0142920567781647,0.0100398259237409,174673,12,"meta_highrescanopyheight_orthophoto",0.5,"orthophoto_50cm_2025","Ostlandet"
"NINFP2310140877",0.567216067675607,0.0114629780873656,62841,8,"meta_highrescanopyheight_orthophoto",0.5,"orthophoto_50cm_2025","Ostlandet"
"NINFP2410183588",0.662527492774583,0.0853883400559425,6857,2,"meta_highrescanopyheight_orthophoto",0.5,"orthophoto_50cm_2025","Ostlandet"
"NINFP1810023758",7.88675675379491,8.40358781814575,28198,4,"meta_highrescanopyheight_orthophoto",0.5,"orthophoto_50cm_2025","Ostlandet"
"NINFP1910032916",3.32807805728236,2.54059267044067,5077,2,"meta_highrescanopyheight_orthophoto",0.5,"orthophoto_50cm_2025","Ostlandet"
"NINFP2010038805",0.0174934215368968,0.0102552212774754,5352,2,"meta_highrescanopyheight_orthophoto",0.5,"orthophoto_50cm_2025","Ostlandet"
"NINFP1810014384",6.64808873057658,6.99315786361694,15098,2,"meta_highrescanopyheight_orthophoto",0.5,"orthophoto_50cm_2025","Ostlandet"
"NINFP2510215536",3.32334737860562,2.10888361930847,11003,2,"meta_highrescanopyheight_orthophoto",0.5,"orthophoto_50cm_2025","Ostlandet"
"NINFP1810022111",4.49517027103765,4.40507793426514,9769,2,"meta_highrescanopyheight_orthophoto",0.5,"orthophoto_50cm_2025","Ostlandet"
"NINFP2410169140",1.55895380997929,0.791721343994141,6498,3,"meta_highrescanopyheight_orthophoto",0.5,"orthophoto_50cm_2025","Ostlandet"
"NINFP1910040952",2.98570517059143,1.22747832536697,65842,5,"meta_highrescanopyheight_orthophoto",0.5,"orthophoto_50cm_2025","Ostlandet"
"NINFP2210103954",5.03333994389513,5.11557102203369,21422,2,"meta_highrescanopyheight_orthophoto",0.5,"orthophoto_50cm_2025","Ostlandet"
"NINFP2110041200",0.781210005028735,0.0110708512365818,1044371,27,"meta_highrescanopyheight_orthophoto",0.5,"orthophoto_50cm_2025","Ostlandet"
"NINFP2210082260",3.98602001542016,3.89554977416992,4225,2,"meta_highrescanopyheight_orthophoto",0.5,"orthophoto_50cm_2025","Ostlandet"
"NINFP2010018114",7.76237298391204,7.9396595954895,18240,2,"meta_highrescanopyheight_orthophoto",0.5,"orthophoto_50cm_2025","Ostlandet"
"NINFP2510216144",6.0256745578767,6.0951201915741,4556,3,"meta_highrescanopyheight_orthophoto",0.5,"orthophoto_50cm_2025","Ostlandet"
"NINFP2110061988",0.372343819336486,0.0286599434912205,7397,1,"meta_highrescanopyheight_orthophoto",0.5,"orthophoto_50cm_2025","Ostlandet"
"NINFP1810042374",1.9468940147173,0.20156342536211,9424,4,"meta_highrescanopyheight_orthophoto",0.5,"orthophoto_50cm_2025","Ostlandet"
"NINFP2510201721",0.0630645488642751,0.0101705892011523,10270,2,"meta_highrescanopyheight_orthophoto",0.5,"orthophoto_50cm_2025","Ostlandet"
"NINFP1810039239",0.990875397840346,0.0462620630860329,19309,3,"meta_highrescanopyheight_orthophoto",0.5,"orthophoto_50cm_2025","Ostlandet"
"NINFP2010040539",4.66821984698375,4.68989515304565,4008,2,"meta_highrescanopyheight_orthophoto",0.5,"orthophoto_50cm_2025","Ostlandet"
"NINFP1810010833",3.55261545868551,0.844614744186401,15758,4,"meta_highrescanopyheight_orthophoto",0.5,"orthophoto_50cm_2025","Ostlandet"
"NINFP1910047158",0.130334357530239,0.0105517632327974,5060,3,"meta_highrescanopyheight_orthophoto",0.5,"orthophoto_50cm_2025","Ostlandet"
"NINFP2510190487",3.74755673312437,1.40458679199219,29518,3,"meta_highrescanopyheight_orthophoto",0.5,"orthophoto_50cm_2025","Ostlandet"
"NINFP2410178345",0.973614345396022,0.237783700227737,26027,2,"meta_highrescanopyheight_orthophoto",0.5,"orthophoto_50cm_2025","Ostlandet"
"NINFP2010006820",11.3575147748183,12.5193634033203,6267,1,"meta_highrescanopyheight_orthophoto",0.5,"orthophoto_50cm_2025","Ostlandet"
"NINFP2410175447",4.83050688774695,5.18498659133911,4065,4,"meta_highrescanopyheight_orthophoto",0.5,"orthophoto_50cm_2025","Ostlandet"
"NINFP2410169781",3.18865891844374,2.66176772117615,11088,3,"meta_highrescanopyheight_orthophoto",0.5,"orthophoto_50cm_2025","Ostlandet"
"NINFP2010004486",1.33716570973199,0.827979266643524,5314,2,"meta_highrescanopyheight_orthophoto",0.5,"orthophoto_50cm_2025","Ostlandet"
"NINFP1810011463",6.96327842174557,7.77034091949463,10620,2,"meta_highrescanopyheight_orthophoto",0.5,"orthophoto_50cm_2025","Ostlandet"
"NINFP2310142601",0.751120832231871,0.0296137873083353,52563,5,"meta_highrescanopyheight_orthophoto",0.5,"orthophoto_50cm_2025","Ostlandet"
"NINFP1810033881",6.31399451687175,6.51798963546753,13863,2,"meta_highrescanopyheight_orthophoto",0.5,"orthophoto_50cm_2025","Ostlandet"
"NINFP2510219363",5.26425754439718,4.56330370903015,16002,3,"meta_highrescanopyheight_orthophoto",0.5,"orthophoto_50cm_2025","Ostlandet"
"NINFP1910026628",3.27661056406593,2.25029861927032,48436,4,"meta_highrescanopyheight_orthophoto",0.5,"orthophoto_50cm_2025","Ostlandet"
"NINFP2010036009",2.15714605208412,1.11153972148895,15629,2,"meta_highrescanopyheight_orthophoto",0.5,"orthophoto_50cm_2025","Ostlandet"
"NINFP1810042900",2.61713981503535,1.63209509849548,44550,4,"meta_highrescanopyheight_orthophoto",0.5,"orthophoto_50cm_2025","Ostlandet"
"NINFP1810042320",2.28162887182194,0.711998850107193,19526,2,"meta_highrescanopyheight_orthophoto",0.5,"orthophoto_50cm_2025","Ostlandet"
"NINFP1910047653",7.59146182588525,8.37026262283325,12072,4,"meta_highrescanopyheight_orthophoto",0.5,"orthophoto_50cm_2025","Ostlandet"
"NINFP2110031802",1.82193846791864,0.719115614891052,6789,3,"meta_highrescanopyheight_orthophoto",0.5,"orthophoto_50cm_2025","Ostlandet"
"NINFP2410168418",1.17565082472292,0.0304295429959893,3444,1,"meta_highrescanopyheight_orthophoto",0.5,"orthophoto_50cm_2025","Ostlandet"
"NINFP2510189256",4.99913212136795,4.96596813201904,4269,2,"meta_highrescanopyheight_orthophoto",0.5,"orthophoto_50cm_2025","Ostlandet"
"NINFP2010036522",0.105485765322343,0.0101917525753379,17455,4,"meta_highrescanopyheight_orthophoto",0.5,"orthophoto_50cm_2025","Ostlandet"
"NINFP1910046444",7.29789165744199,7.80548810958862,12411,2,"meta_highrescanopyheight_orthophoto",0.5,"orthophoto_50cm_2025","Ostlandet"
"NINFP1810047510",4.1558483863045,2.60844957828522,5612,2,"meta_highrescanopyheight_orthophoto",0.5,"orthophoto_50cm_2025","Ostlandet"
"NINFP2210098186",2.31898427299987,0.753616809844971,7496,1,"meta_highrescanopyheight_orthophoto",0.5,"orthophoto_50cm_2025","Ostlandet"
"NINFP2110017927",0.62030368488015,0.085382454097271,7675,3,"meta_highrescanopyheight_orthophoto",0.5,"orthophoto_50cm_2025","Ostlandet"
"NINFP2110058699",5.75402686812634,5.71700668334961,13329,2,"meta_highrescanopyheight_orthophoto",0.5,"orthophoto_50cm_2025","Ostlandet"
"NINFP2510216532",7.65558220355557,8.28119087219238,31163,2,"meta_highrescanopyheight_orthophoto",0.5,"orthophoto_50cm_2025","Ostlandet"
"NINFP2310125411",5.57810065604359,5.47316646575928,34997,4,"meta_highrescanopyheight_orthophoto",0.5,"orthophoto_50cm_2025","Ostlandet"
"NINFP2510208269",0.0311052783663602,0.010097767226398,29533,4,"meta_highrescanopyheight_orthophoto",0.5,"orthophoto_50cm_2025","Ostlandet"
"NINFP1810037168",1.53232544034987,0.924975097179413,10648,3,"meta_highrescanopyheight_orthophoto",0.5,"orthophoto_50cm_2025","Ostlandet"
"NINFP2410157389",0.0830948686496478,0.0104245133697987,17722,4,"meta_highrescanopyheight_orthophoto",0.5,"orthophoto_50cm_2025","Ostlandet"
"NINFP1810040516",0.0951777879347836,0.0103779500350356,121021,9,"meta_highrescanopyheight_orthophoto",0.5,"orthophoto_50cm_2025","Ostlandet"
"NINFP2510196625",0.552605859215487,0.0191042292863131,113418,8,"meta_highrescanopyheight_orthophoto",0.5,"orthophoto_50cm_2025","Ostlandet"
"NINFP2110013615",1.78756002956398,0.348945766687393,12780,3,"meta_highrescanopyheight_orthophoto",0.5,"orthophoto_50cm_2025","Ostlandet"
"NINFP1910026957",0.378359068365779,0.0104321758262813,146640,9,"meta_highrescanopyheight_orthophoto",0.5,"orthophoto_50cm_2025","Ostlandet"
"NINFP1810013631",4.42440237498112,4.35058641433716,14944,1,"meta_highrescanopyheight_orthophoto",0.5,"orthophoto_50cm_2025","Ostlandet"
"NINFP2110007880",0.161124885254874,0.011204891372472,57046,6,"meta_highrescanopyheight_orthophoto",0.5,"orthophoto_50cm_2025","Ostlandet"
"NINFP1810045980",5.77756460373047,6.32895565032959,155956,10,"meta_highrescanopyheight_orthophoto",0.5,"orthophoto_50cm_2025","Ostlandet"
"NINFP2010009414",0.284495545735425,0.0135942175984383,37426,5,"meta_highrescanopyheight_orthophoto",0.5,"orthophoto_50cm_2025","Ostlandet"
"NINFP2210095379",0.967947189596582,0.146430931985378,11984,2,"meta_highrescanopyheight_orthophoto",0.5,"orthophoto_50cm_2025","Ostlandet"
"NINFP2310143990",0.046168248144644,0.0125649459660053,11223,4,"meta_highrescanopyheight_orthophoto",0.5,"orthophoto_50cm_2025","Ostlandet"
"NINFP2510215392",1.887625061098,0.358165144920349,21251,2,"meta_highrescanopyheight_orthophoto",0.5,"orthophoto_50cm_2025","Ostlandet"
"NINFP2110048856",3.67025748258615,2.2844842672348,7660,1,"meta_highrescanopyheight_orthophoto",0.5,"orthophoto_50cm_2025","Ostlandet"
"NINFP1910040350",0.432124471501113,0.0104135470464826,15892,4,"meta_highrescanopyheight_orthophoto",0.5,"orthophoto_50cm_2025","Ostlandet"
"NINFP2510204965",0.365660898010198,0.010160799138248,209099,12,"meta_highrescanopyheight_orthophoto",0.5,"orthophoto_50cm_2025","Ostlandet"
"NINFP2510215784",3.06117183893586,1.7892552614212,8172,1,"meta_highrescanopyheight_orthophoto",0.5,"orthophoto_50cm_2025","Ostlandet"
"NINFP1810045162",2.08939574699292,0.647767841815948,9677,2,"meta_highrescanopyheight_orthophoto",0.5,"orthophoto_50cm_2025","Ostlandet"
"NINFP2410180240",3.38915860627205,1.14294362068176,15662,4,"meta_highrescanopyheight_orthophoto",0.5,"orthophoto_50cm_2025","Ostlandet"
"NINFP1810015602",0.373789386388615,0.0234744483605027,9068,2,"meta_highrescanopyheight_orthophoto",0.5,"orthophoto_50cm_2025","Ostlandet"
"NINFP1810041658",4.20140340530048,4.13515830039978,6442,1,"meta_highrescanopyheight_orthophoto",0.5,"orthophoto_50cm_2025","Ostlandet"
"NINFP1810006946",0.448963336481854,0.022387838922441,5140,1,"meta_highrescanopyheight_orthophoto",0.5,"orthophoto_50cm_2025","Ostlandet"
"NINFP2410157084",0.0125441011868278,0.0107500962913036,1712,1,"meta_highrescanopyheight_orthophoto",0.5,"orthophoto_50cm_2025","Ostlandet"
"NINFP1810013486",1.76003495476822,0.681502103805542,40031,6,"meta_highrescanopyheight_orthophoto",0.5,"orthophoto_50cm_2025","Ostlandet"
"NINFP2510215517",3.62270854021374,2.52587914466858,5529,1,"meta_highrescanopyheight_orthophoto",0.5,"orthophoto_50cm_2025","Ostlandet"
"NINFP1810017269",5.82186494263618,6.0070104598999,5209,2,"meta_highrescanopyheight_orthophoto",0.5,"orthophoto_50cm_2025","Ostlandet"
"NINFP2410183222",1.54446125491373,0.274601519107819,16027,3,"meta_highrescanopyheight_orthophoto",0.5,"orthophoto_50cm_2025","Ostlandet"
"NINFP1910019579",7.63989595200466,8.37649297714233,5606,1,"meta_highrescanopyheight_orthophoto",0.5,"orthophoto_50cm_2025","Ostlandet"
"NINFP2210103361",1.93619257987661,0.217130944132805,135469,7,"meta_highrescanopyheight_orthophoto",0.5,"orthophoto_50cm_2025","Ostlandet"
"NINFP1810011175",5.72508698914216,5.64003705978394,5957,1,"meta_highrescanopyheight_orthophoto",0.5,"orthophoto_50cm_2025","Ostlandet"
"NINFP2510195949",6.82765481373532,7.07060217857361,13902,1,"meta_highrescanopyheight_orthophoto",0.5,"orthophoto_50cm_2025","Ostlandet"
"NINFP2010036461",0.0245119216184844,0.0100536071695387,295936,20,"meta_highrescanopyheight_orthophoto",0.5,"orthophoto_50cm_2025","Ostlandet"
"NINFP2510186247",0.299372249268827,0.0144085269421339,9797,2,"meta_highrescanopyheight_orthophoto",0.5,"orthophoto_50cm_2025","Ostlandet"
"NINFP1810028332",3.70307720514131,1.53413152694702,72617,7,"meta_highrescanopyheight_orthophoto",0.5,"orthophoto_50cm_2025","Ostlandet"
"NINFP2210096615",0.786440573138316,0.0293784569948912,27107,2,"meta_highrescanopyheight_orthophoto",0.5,"orthophoto_50cm_2025","Ostlandet"
"NINFP1910039365",2.60953077727414,0.715745449066162,10145,4,"meta_highrescanopyheight_orthophoto",0.5,"orthophoto_50cm_2025","Ostlandet"
"NINFP1810018745",5.97235715937402,6.31448316574097,8505,2,"meta_highrescanopyheight_orthophoto",0.5,"orthophoto_50cm_2025","Ostlandet"
"NINFP2010036520",0.0135523772018764,0.0100684836506844,83360,9,"meta_highrescanopyheight_orthophoto",0.5,"orthophoto_50cm_2025","Ostlandet"
"NINFP2010009552",4.77035760816157,4.31012201309204,4589,4,"meta_highrescanopyheight_orthophoto",0.5,"orthophoto_50cm_2025","Ostlandet"
"NINFP1810034301",0.978614457034383,0.0105189913883805,9756,4,"meta_highrescanopyheight_orthophoto",0.5,"orthophoto_50cm_2025","Ostlandet"
"NINFP1810035408",1.80899901351452,0.523225277662277,93816,10,"meta_highrescanopyheight_orthophoto",0.5,"orthophoto_50cm_2025","Ostlandet"
"NINFP2310118452",8.58565479897534,8.71298599243164,11145,4,"meta_highrescanopyheight_orthophoto",0.5,"orthophoto_50cm_2025","Ostlandet"
"NINFP1810009476",4.89411486603519,2.60145664215088,38831,4,"meta_highrescanopyheight_orthophoto",0.5,"orthophoto_50cm_2025","Ostlandet"
"NINFP1810012754",8.25530509379957,8.75203418731689,4233,2,"meta_highrescanopyheight_orthophoto",0.5,"orthophoto_50cm_2025","Ostlandet"
"NINFP2210111585",2.72977082251245,1.31309330463409,6075,2,"meta_highrescanopyheight_orthophoto",0.5,"orthophoto_50cm_2025","Ostlandet"
"NINFP1810021978",3.0660174373998,0.681288719177246,21399,3,"meta_highrescanopyheight_orthophoto",0.5,"orthophoto_50cm_2025","Ostlandet"
"NINFP2510212713",0.374712682633796,0.0131865181028843,48908,5,"meta_highrescanopyheight_orthophoto",0.5,"orthophoto_50cm_2025","Ostlandet"
"NINFP2110048858",2.12495071224928,0.783652603626251,5868,1,"meta_highrescanopyheight_orthophoto",0.5,"orthophoto_50cm_2025","Ostlandet"
"NINFP2310141320",6.27594325169404,6.49430775642395,13832,3,"meta_highrescanopyheight_orthophoto",0.5,"orthophoto_50cm_2025","Ostlandet"
"NINFP1810012569",4.69593544093963,4.34033799171448,4382,2,"meta_highrescanopyheight_orthophoto",0.5,"orthophoto_50cm_2025","Ostlandet"
"NINFP2110011435",3.50323031323926,2.24555814266205,15060,3,"meta_highrescanopyheight_orthophoto",0.5,"orthophoto_50cm_2025","Ostlandet"
"NINFP1910048764",2.20214927264372,0.16131704300642,27442,4,"meta_highrescanopyheight_orthophoto",0.5,"orthophoto_50cm_2025","Ostlandet"
"NINFP2510216246",1.53119958204337,0.396097019314766,27346,3,"meta_highrescanopyheight_orthophoto",0.5,"orthophoto_50cm_2025","Ostlandet"
"NINFP1810026715",3.91544323763128,3.53625631332397,9389,1,"meta_highrescanopyheight_orthophoto",0.5,"orthophoto_50cm_2025","Ostlandet"
"NINFP2510186609",4.78865709508399,5.03000545501709,6309,1,"meta_highrescanopyheight_orthophoto",0.5,"orthophoto_50cm_2025","Ostlandet"
"NINFP2410163890",0.877868838535665,0.0649246722459793,4554,2,"meta_highrescanopyheight_orthophoto",0.5,"orthophoto_50cm_2025","Ostlandet"
"NINFP2110013421",2.69502081155709,2.21660232543945,7965,2,"meta_highrescanopyheight_orthophoto",0.5,"orthophoto_50cm_2025","Ostlandet"
"NINFP2210076465",3.60624638010522,3.36915421485901,5428,2,"meta_highrescanopyheight_orthophoto",0.5,"orthophoto_50cm_2025","Ostlandet"
"NINFP2510200408",7.79139794783961,8.07673072814941,26429,2,"meta_highrescanopyheight_orthophoto",0.5,"orthophoto_50cm_2025","Ostlandet"
"NINFP1810009622",1.51223425445796,0.365873068571091,349782,14,"meta_highrescanopyheight_orthophoto",0.5,"orthophoto_50cm_2025","Ostlandet"
"NINFP2410184116",0.272825689408594,0.0150447441264987,472551,17,"meta_highrescanopyheight_orthophoto",0.5,"orthophoto_50cm_2025","Ostlandet"
"NINFP2210097918",1.57107554440759,0.373630106449127,12405,2,"meta_highrescanopyheight_orthophoto",0.5,"orthophoto_50cm_2025","Ostlandet"
"NINFP2010009018",1.61553275895392,0.122128494083881,12223,2,"meta_highrescanopyheight_orthophoto",0.5,"orthophoto_50cm_2025","Ostlandet"
"NINFP2110017128",5.14353929503938,5.41090106964111,19463,3,"meta_highrescanopyheight_orthophoto",0.5,"orthophoto_50cm_2025","Ostlandet"
"NINFP1810011112",1.31741809164956,0.0333387330174446,6041,2,"meta_highrescanopyheight_orthophoto",0.5,"orthophoto_50cm_2025","Ostlandet"
"NINFP2010005605",0.238092279816562,0.0218929890543222,11143,4,"meta_highrescanopyheight_orthophoto",0.5,"orthophoto_50cm_2025","Ostlandet"
"NINFP2010026632",5.85420623442807,6.46594524383545,24352,5,"meta_highrescanopyheight_orthophoto",0.5,"orthophoto_50cm_2025","Ostlandet"
"NINFP2110039372",0.657565420014729,0.0101725375279784,32755,4,"meta_highrescanopyheight_orthophoto",0.5,"orthophoto_50cm_2025","Ostlandet"
"NINFP2510187713",3.88112488831735,2.7008615732193,30906,4,"meta_highrescanopyheight_orthophoto",0.5,"orthophoto_50cm_2025","Ostlandet"
"NINFP1810041890",3.35059087180539,1.99859881401062,57735,6,"meta_highrescanopyheight_orthophoto",0.5,"orthophoto_50cm_2025","Ostlandet"
"NINFP2310143992",0.0123486165647654,0.0105480216443539,13099,1,"meta_highrescanopyheight_orthophoto",0.5,"orthophoto_50cm_2025","Ostlandet"
"NINFP1810033225",3.56978025508707,3.29927659034729,4708,1,"meta_highrescanopyheight_orthophoto",0.5,"orthophoto_50cm_2025","Ostlandet"
"NINFP2410159732",0.24092896441484,0.011675036046654,495830,18,"meta_highrescanopyheight_orthophoto",0.5,"orthophoto_50cm_2025","Ostlandet"
"NINFP2210112071",7.31384861275937,7.33077883720398,20572,5,"meta_highrescanopyheight_orthophoto",0.5,"orthophoto_50cm_2025","Ostlandet"
"NINFP2510219143",0.174239908198486,0.0112450351007283,43002,5,"meta_highrescanopyheight_orthophoto",0.5,"orthophoto_50cm_2025","Ostlandet"
"NINFP2310142797",0.562954719933505,0.0127250533550978,6919,4,"meta_highrescanopyheight_orthophoto",0.5,"orthophoto_50cm_2025","Ostlandet"
"NINFP2210078736",1.23262269734853,0.632715821266174,4563,3,"meta_highrescanopyheight_orthophoto",0.5,"orthophoto_50cm_2025","Ostlandet"
"NINFP2110067174",7.21543227513084,7.48463225364685,4214,2,"meta_highrescanopyheight_orthophoto",0.5,"orthophoto_50cm_2025","Ostlandet"
"NINFP2110032643",0.0137748244231541,0.0100326705724001,64558,5,"meta_highrescanopyheight_orthophoto",0.5,"orthophoto_50cm_2025","Ostlandet"
"NINFP1910022743",6.37627621602628,6.64650392532349,11495,2,"meta_highrescanopyheight_orthophoto",0.5,"orthophoto_50cm_2025","Ostlandet"
"NINFP2210102233",6.54386052677237,6.10899066925049,184905,22,"meta_highrescanopyheight_orthophoto",0.5,"orthophoto_50cm_2025","Ostlandet"
"NINFP1910035288",4.33625629185068,4.00352168083191,11478,2,"meta_highrescanopyheight_orthophoto",0.5,"orthophoto_50cm_2025","Ostlandet"
"NINFP2010004483",1.52539661852663,0.5995032787323,11659,3,"meta_highrescanopyheight_orthophoto",0.5,"orthophoto_50cm_2025","Ostlandet"
"NINFP2110010484",2.79437601201568,0.199901461601257,10746,1,"meta_highrescanopyheight_orthophoto",0.5,"orthophoto_50cm_2025","Ostlandet"
"NINFP2210098417",1.45238717795151,0.332088351249695,8849,2,"meta_highrescanopyheight_orthophoto",0.5,"orthophoto_50cm_2025","Ostlandet"
"NINFP2510188976",0.0698603541771485,0.0101375356316566,263366,13,"meta_highrescanopyheight_orthophoto",0.5,"orthophoto_50cm_2025","Ostlandet"
"NINFP1810024297",0.286771674579921,0.0115362601354718,54721,7,"meta_highrescanopyheight_orthophoto",0.5,"orthophoto_50cm_2025","Ostlandet"
"NINFP1810029122",3.15586604015651,1.20156252384186,66765,5,"meta_highrescanopyheight_orthophoto",0.5,"orthophoto_50cm_2025","Ostlandet"
"NINFP1810012570",6.4274828863008,6.25814700126648,11804,4,"meta_highrescanopyheight_orthophoto",0.5,"orthophoto_50cm_2025","Ostlandet"
"NINFP2110043936",0.012528555426894,0.0102499797940254,5862,2,"meta_highrescanopyheight_orthophoto",0.5,"orthophoto_50cm_2025","Ostlandet"
"NINFP1910019903",1.87939198462913,0.876165896654129,14782,4,"meta_highrescanopyheight_orthophoto",0.5,"orthophoto_50cm_2025","Ostlandet"
"NINFP2210084775",3.99645107350562,3.74414157867432,5086,3,"meta_highrescanopyheight_orthophoto",0.5,"orthophoto_50cm_2025","Ostlandet"
"NINFP2110015728",2.44506422801566,0.761960834264755,4056,3,"meta_highrescanopyheight_orthophoto",0.5,"orthophoto_50cm_2025","Ostlandet"
"NINFP2010007723",1.89815228201273,0.879366874694824,8697,3,"meta_highrescanopyheight_orthophoto",0.5,"orthophoto_50cm_2025","Ostlandet"
"NINFP2410183283",0.413819078573578,0.0176630467176437,410984,12,"meta_highrescanopyheight_orthophoto",0.5,"orthophoto_50cm_2025","Ostlandet"
"NINFP2110029536",0.178946621182159,0.0164042999967933,27256,4,"meta_highrescanopyheight_orthophoto",0.5,"orthophoto_50cm_2025","Ostlandet"
"NINFP2010049591",1.47411123630651,0.159759759902954,24906,4,"meta_highrescanopyheight_orthophoto",0.5,"orthophoto_50cm_2025","Ostlandet"
"NINFP2510205202",6.33402582972248,6.66008234024048,20546,3,"meta_highrescanopyheight_orthophoto",0.5,"orthophoto_50cm_2025","Ostlandet"
"NINFP2310127236",0.903743378050359,0.0639684647321701,1787,2,"meta_highrescanopyheight_orthophoto",0.5,"orthophoto_50cm_2025","Ostlandet"
"NINFP2510195712",5.22921027875586,5.33664751052856,4313,2,"meta_highrescanopyheight_orthophoto",0.5,"orthophoto_50cm_2025","Ostlandet"
"NINFP2210106987",0.684010660742971,0.0139599079266191,27460,3,"meta_highrescanopyheight_orthophoto",0.5,"orthophoto_50cm_2025","Ostlandet"
"NINFP2010041788",3.90002132812088,3.97070288658142,10799,1,"meta_highrescanopyheight_orthophoto",0.5,"orthophoto_50cm_2025","Ostlandet"
"NINFP1810008234",0.0170886466128286,0.0109578357078135,800,1,"meta_highrescanopyheight_orthophoto",0.5,"orthophoto_50cm_2025","Ostlandet"
"NINFP1910022998",0.103798629298729,0.0104403397999704,49078,10,"meta_highrescanopyheight_orthophoto",0.5,"orthophoto_50cm_2025","Ostlandet"
"NINFP2310125835",1.13343568818642,0.0492651015520096,14892,4,"meta_highrescanopyheight_orthophoto",0.5,"orthophoto_50cm_2025","Ostlandet"
"NINFP1910045097",0.14399931540983,0.0119150374084711,23558,4,"meta_highrescanopyheight_orthophoto",0.5,"orthophoto_50cm_2025","Ostlandet"
"NINFP2410163942",1.88812793050186,0.510807573795319,9408,2,"meta_highrescanopyheight_orthophoto",0.5,"orthophoto_50cm_2025","Ostlandet"
"NINFP2310121503",3.50913443039425,3.24978756904602,62328,6,"meta_highrescanopyheight_orthophoto",0.5,"orthophoto_50cm_2025","Ostlandet"
"NINFP2010009415",0.180231584292369,0.0113987075164914,55638,6,"meta_highrescanopyheight_orthophoto",0.5,"orthophoto_50cm_2025","Ostlandet"
"NINFP2010012771",3.12190855765785,1.76103079319,11670,2,"meta_highrescanopyheight_orthophoto",0.5,"orthophoto_50cm_2025","Ostlandet"
"NINFP2510216546",0.630234427118046,0.0225528664886951,136721,9,"meta_highrescanopyheight_orthophoto",0.5,"orthophoto_50cm_2025","Ostlandet"
"NINFP2310146685",3.65452737181519,1.22383427619934,12364,3,"meta_highrescanopyheight_orthophoto",0.5,"orthophoto_50cm_2025","Ostlandet"
"NINFP2010005177",0.300812954669165,0.0148126743733883,36555,4,"meta_highrescanopyheight_orthophoto",0.5,"orthophoto_50cm_2025","Ostlandet"
"NINFP1810028500",7.07530652970871,6.66597580909729,10446,2,"meta_highrescanopyheight_orthophoto",0.5,"orthophoto_50cm_2025","Ostlandet"
"NINFP2310141305",1.10751683837883,0.170859813690186,15159,4,"meta_highrescanopyheight_orthophoto",0.5,"orthophoto_50cm_2025","Ostlandet"
"NINFP1910035296",2.38692924700766,1.45975494384766,11212,3,"meta_highrescanopyheight_orthophoto",0.5,"orthophoto_50cm_2025","Ostlandet"
"NINFP2510214808",2.15064210348498,0.290424168109894,20277,5,"meta_highrescanopyheight_orthophoto",0.5,"orthophoto_50cm_2025","Ostlandet"
"NINFP1810010930",7.95614661574845,8.86788368225098,8281,2,"meta_highrescanopyheight_orthophoto",0.5,"orthophoto_50cm_2025","Ostlandet"
"NINFP1810024599",0.0682181110666574,0.0104946941137314,738618,25,"meta_highrescanopyheight_orthophoto",0.5,"orthophoto_50cm_2025","Ostlandet"
"NINFP2010035067",3.52022822981589,3.81647765636444,2302,1,"meta_highrescanopyheight_orthophoto",0.5,"orthophoto_50cm_2025","Ostlandet"
"NINFP2410174589",2.95234608037933,0.476309716701508,14102,2,"meta_highrescanopyheight_orthophoto",0.5,"orthophoto_50cm_2025","Ostlandet"
"NINFP2010005065",1.40659231243454,0.349370360374451,5353,3,"meta_highrescanopyheight_orthophoto",0.5,"orthophoto_50cm_2025","Ostlandet"
"NINFP2210097607",0.852730314964327,0.183326661586761,7918,1,"meta_highrescanopyheight_orthophoto",0.5,"orthophoto_50cm_2025","Ostlandet"
"NINFP1910061074",2.13361902100772,0.900636076927185,20691,3,"meta_highrescanopyheight_orthophoto",0.5,"orthophoto_50cm_2025","Ostlandet"
"NINFP2510193573",6.54585041077124,6.30942869186401,4425,1,"meta_highrescanopyheight_orthophoto",0.5,"orthophoto_50cm_2025","Ostlandet"
"NINFP2110065573",3.83719208022604,3.4405689239502,2801,2,"meta_highrescanopyheight_orthophoto",0.5,"orthophoto_50cm_2025","Ostlandet"
"NINFP2110044477",6.0067731697574,6.47817802429199,8521,2,"meta_highrescanopyheight_orthophoto",0.5,"orthophoto_50cm_2025","Ostlandet"
"NINFP1810022053",1.10721714212672,0.0765184015035629,12167,2,"meta_highrescanopyheight_orthophoto",0.5,"orthophoto_50cm_2025","Ostlandet"
"NINFP2410149606",3.40302849441566,2.65763592720032,11894,4,"meta_highrescanopyheight_orthophoto",0.5,"orthophoto_50cm_2025","Ostlandet"
"NINFP1910034069",3.01666259199903,1.77496141195297,14222,3,"meta_highrescanopyheight_orthophoto",0.5,"orthophoto_50cm_2025","Ostlandet"
"NINFP2410179030",3.12971938179391,1.5217359662056,1930,2,"meta_highrescanopyheight_orthophoto",0.5,"orthophoto_50cm_2025","Ostlandet"
"NINFP2310141247",1.86004541819773,0.828997254371643,24935,5,"meta_highrescanopyheight_orthophoto",0.5,"orthophoto_50cm_2025","Ostlandet"
"NINFP2010019221",1.01279500504083,0.356578886508942,79,1,"meta_highrescanopyheight_orthophoto",0.5,"orthophoto_50cm_2025","Ostlandet"
"NINFP2010053889",8.99972223257532,9.54256105422974,9026,1,"meta_highrescanopyheight_orthophoto",0.5,"orthophoto_50cm_2025","Ostlandet"
"NINFP2010007720",2.6302340112734,1.52515316009521,4558,2,"meta_highrescanopyheight_orthophoto",0.5,"orthophoto_50cm_2025","Ostlandet"
"NINFP2210113613",6.52366700570098,6.46908712387085,13722,4,"meta_highrescanopyheight_orthophoto",0.5,"orthophoto_50cm_2025","Ostlandet"
"NINFP2410171285",4.51911786780075,4.67333555221558,5087,2,"meta_highrescanopyheight_orthophoto",0.5,"orthophoto_50cm_2025","Ostlandet"
"NINFP1810020822",0.339831866774105,0.0109170549549162,50038,5,"meta_highrescanopyheight_orthophoto",0.5,"orthophoto_50cm_2025","Ostlandet"
"NINFP1810020855",8.87802722971833,9.31654024124146,55858,6,"meta_highrescanopyheight_orthophoto",0.5,"orthophoto_50cm_2025","Ostlandet"
"NINFP2410177098",9.8117565299674,10.7678837776184,3600,2,"meta_highrescanopyheight_orthophoto",0.5,"orthophoto_50cm_2025","Ostlandet"
"NINFP2210082253",9.71332714085332,10.1664938926697,18956,3,"meta_highrescanopyheight_orthophoto",0.5,"orthophoto_50cm_2025","Ostlandet"
"NINFP2410164251",2.73488482270036,1.38530021905899,7260,1,"meta_highrescanopyheight_orthophoto",0.5,"orthophoto_50cm_2025","Ostlandet"
"NINFP2310142833",0.995745701669216,0.0265144892036915,2261,2,"meta_highrescanopyheight_orthophoto",0.5,"orthophoto_50cm_2025","Ostlandet"
"NINFP1810041972",4.53712845268157,3.32013654708862,112139,8,"meta_highrescanopyheight_orthophoto",0.5,"orthophoto_50cm_2025","Ostlandet"
"NINFP2010030131",0.0197845597898143,0.0102017028257251,53751,8,"meta_highrescanopyheight_orthophoto",0.5,"orthophoto_50cm_2025","Ostlandet"
"NINFP2410182832",10.4077649256937,11.0353507995605,16141,6,"meta_highrescanopyheight_orthophoto",0.5,"orthophoto_50cm_2025","Ostlandet"
"NINFP1810013960",0.261037040461344,0.011257391422987,151376,9,"meta_highrescanopyheight_orthophoto",0.5,"orthophoto_50cm_2025","Ostlandet"
"NINFP1810028334",0.124935770508861,0.0113047859631479,158516,9,"meta_highrescanopyheight_orthophoto",0.5,"orthophoto_50cm_2025","Ostlandet"
"NINFP1810012739",4.52934106279088,3.89810609817505,27721,4,"meta_highrescanopyheight_orthophoto",0.5,"orthophoto_50cm_2025","Ostlandet"
"NINFP2410172234",2.06743485278763,1.03584313392639,21441,3,"meta_highrescanopyheight_orthophoto",0.5,"orthophoto_50cm_2025","Ostlandet"
"NINFP2210099435",5.27546518491133,5.59381771087646,4349,1,"meta_highrescanopyheight_orthophoto",0.5,"orthophoto_50cm_2025","Ostlandet"
"NINFP2410164076",2.20080762703297,0.437749654054642,4857,2,"meta_highrescanopyheight_orthophoto",0.5,"orthophoto_50cm_2025","Ostlandet"
"NINFP2410170336",0.552843880014065,0.0107888458296657,720794,22,"meta_highrescanopyheight_orthophoto",0.5,"orthophoto_50cm_2025","Ostlandet"
"NINFP1810012659",7.47660391751006,7.88519549369812,22576,3,"meta_highrescanopyheight_orthophoto",0.5,"orthophoto_50cm_2025","Ostlandet"
"NINFP1910016076",11.4168000683759,12.1870822906494,12359,3,"meta_highrescanopyheight_orthophoto",0.5,"orthophoto_50cm_2025","Ostlandet"
"NINFP2110065232",1.13167706029933,0.117076575756073,4158,1,"meta_highrescanopyheight_orthophoto",0.5,"orthophoto_50cm_2025","Ostlandet"
"NINFP2010053882",6.91756842509867,5.36950159072876,67178,6,"meta_highrescanopyheight_orthophoto",0.5,"orthophoto_50cm_2025","Ostlandet"
"NINFP1810022474",0.196782174746828,0.0150905582122505,3156,2,"meta_highrescanopyheight_orthophoto",0.5,"orthophoto_50cm_2025","Ostlandet"
"NINFP2210109340",0.0759251917930538,0.0109660853631794,2220,2,"meta_highrescanopyheight_orthophoto",0.5,"orthophoto_50cm_2025","Ostlandet"
"NINFP1910029377",6.90093750735313,7.36527967453003,11683,2,"meta_highrescanopyheight_orthophoto",0.5,"orthophoto_50cm_2025","Ostlandet"
"NINFP1810018333",3.59837801065506,3.2673978805542,28350,4,"meta_highrescanopyheight_orthophoto",0.5,"orthophoto_50cm_2025","Ostlandet"
"NINFP2510196821",2.43326911444105,0.328705042600632,81887,7,"meta_highrescanopyheight_orthophoto",0.5,"orthophoto_50cm_2025","Ostlandet"
"NINFP1910061189",2.33819375900502,0.024292042478919,4813,4,"meta_highrescanopyheight_orthophoto",0.5,"orthophoto_50cm_2025","Ostlandet"
"NINFP2010025093",0.0412380801478871,0.010087844915688,40058,5,"meta_highrescanopyheight_orthophoto",0.5,"orthophoto_50cm_2025","Ostlandet"
"NINFP2010005995",6.87329334858207,7.28258562088013,13386,4,"meta_highrescanopyheight_orthophoto",0.5,"orthophoto_50cm_2025","Ostlandet"
"NINFP2510201649",0.773777697221939,0.0206821691244841,2223,1,"meta_highrescanopyheight_orthophoto",0.5,"orthophoto_50cm_2025","Ostlandet"
"NINFP2110014318",3.12601098610909,2.20508575439453,35732,7,"meta_highrescanopyheight_orthophoto",0.5,"orthophoto_50cm_2025","Ostlandet"
"NINFP2010030212",0.0160876591652005,0.0100909899920225,33192,4,"meta_highrescanopyheight_orthophoto",0.5,"orthophoto_50cm_2025","Ostlandet"
"NINFP2210085060",7.65935750666156,8.27341222763062,9580,2,"meta_highrescanopyheight_orthophoto",0.5,"orthophoto_50cm_2025","Ostlandet"
"NINFP1810042909",9.77863499116312,10.3332018852234,15786,2,"meta_highrescanopyheight_orthophoto",0.5,"orthophoto_50cm_2025","Ostlandet"
"NINFP2310143309",0.123824055233901,0.0117363911122084,9350,2,"meta_highrescanopyheight_orthophoto",0.5,"orthophoto_50cm_2025","Ostlandet"
"NINFP1810044426",5.1727033725868,4.23645257949829,5029,4,"meta_highrescanopyheight_orthophoto",0.5,"orthophoto_50cm_2025","Ostlandet"
"NINFP2210095884",1.14362675672978,0.0742591880261898,263070,12,"meta_highrescanopyheight_orthophoto",0.5,"orthophoto_50cm_2025","Ostlandet"
"NINFP2310127993",0.853573019600228,0.0164623819291592,5503,4,"meta_highrescanopyheight_orthophoto",0.5,"orthophoto_50cm_2025","Ostlandet"
"NINFP2510201719",0.0194436093480586,0.0101048685610294,30987,4,"meta_highrescanopyheight_orthophoto",0.5,"orthophoto_50cm_2025","Ostlandet"
"NINFP2110011568",0.0101947254854284,0.0101443072780967,2480,1,"meta_highrescanopyheight_orthophoto",0.5,"orthophoto_50cm_2025","Ostlandet"
"NINFP1810028337",2.23473614062997,0.366357833147049,42981,4,"meta_highrescanopyheight_orthophoto",0.5,"orthophoto_50cm_2025","Ostlandet"
"NINFP1810024565",2.97628714771664,1.92451775074005,39984,3,"meta_highrescanopyheight_orthophoto",0.5,"orthophoto_50cm_2025","Ostlandet"
"NINFP2510195932",6.16639383189766,6.17682862281799,10976,2,"meta_highrescanopyheight_orthophoto",0.5,"orthophoto_50cm_2025","Ostlandet"
"NINFP2110038273",0.409391395656589,0.0105722681619227,41508,10,"meta_highrescanopyheight_orthophoto",0.5,"orthophoto_50cm_2025","Ostlandet"
"NINFP2110011157",3.44884394651029,3.30451607704163,6919,1,"meta_highrescanopyheight_orthophoto",0.5,"orthophoto_50cm_2025","Ostlandet"
"NINFP2110057125",0.607674950643554,0.0243235947564244,14234,4,"meta_highrescanopyheight_orthophoto",0.5,"orthophoto_50cm_2025","Ostlandet"
"NINFP1910036968",1.90362701551353,0.551444351673126,61803,7,"meta_highrescanopyheight_orthophoto",0.5,"orthophoto_50cm_2025","Ostlandet"
"NINFP2010052438",1.31654385500179,0.129537642002106,41251,5,"meta_highrescanopyheight_orthophoto",0.5,"orthophoto_50cm_2025","Ostlandet"
"NINFP1910032918",0.242097451878862,0.0110922213643789,56249,6,"meta_highrescanopyheight_orthophoto",0.5,"orthophoto_50cm_2025","Ostlandet"
"NINFP2410160815",3.36041012661436,2.65589618682861,85405,6,"meta_highrescanopyheight_orthophoto",0.5,"orthophoto_50cm_2025","Ostlandet"
"NINFP1810022037",2.85848497664444,1.73614346981049,26690,4,"meta_highrescanopyheight_orthophoto",0.5,"orthophoto_50cm_2025","Ostlandet"
"NINFP1810010879",6.21451893137767,6.63469004631042,27358,2,"meta_highrescanopyheight_orthophoto",0.5,"orthophoto_50cm_2025","Ostlandet"
"NINFP2410164340",2.05984274788135,0.549071788787842,6525,2,"meta_highrescanopyheight_orthophoto",0.5,"orthophoto_50cm_2025","Ostlandet"
"NINFP2010044578",3.6084156635581,2.64319622516632,31034,5,"meta_highrescanopyheight_orthophoto",0.5,"orthophoto_50cm_2025","Ostlandet"
"NINFP2110058329",2.03709022743095,0.94002091884613,44541,6,"meta_highrescanopyheight_orthophoto",0.5,"orthophoto_50cm_2025","Ostlandet"
"NINFP2310134920",0.588707261384922,0.0203379727900028,6223,1,"meta_highrescanopyheight_orthophoto",0.5,"orthophoto_50cm_2025","Ostlandet"
"NINFP2410166948",0.212075206975164,0.0126654766499996,42798,5,"meta_highrescanopyheight_orthophoto",0.5,"orthophoto_50cm_2025","Ostlandet"
"NINFP2010036817",0.0190944844202927,0.0100703425705433,86605,8,"meta_highrescanopyheight_orthophoto",0.5,"orthophoto_50cm_2025","Ostlandet"
"NINFP2010012132",7.82107684650313,7.84586620330811,9997,1,"meta_highrescanopyheight_orthophoto",0.5,"orthophoto_50cm_2025","Ostlandet"
"NINFP1810044162",4.33685364596217,3.40923118591309,4343,3,"meta_highrescanopyheight_orthophoto",0.5,"orthophoto_50cm_2025","Ostlandet"
"NINFP1910001159",2.8033575447875,1.80558884143829,12602,2,"meta_highrescanopyheight_orthophoto",0.5,"orthophoto_50cm_2025","Ostlandet"
"NINFP2410162851",0.0189929139149504,0.0101619139313698,103142,6,"meta_highrescanopyheight_orthophoto",0.5,"orthophoto_50cm_2025","Ostlandet"
"NINFP2110028836",2.79890384315742,1.67147880792618,5704,2,"meta_highrescanopyheight_orthophoto",0.5,"orthophoto_50cm_2025","Ostlandet"
"NINFP2510210201",2.1651757027574,1.25545167922974,80800,6,"meta_highrescanopyheight_orthophoto",0.5,"orthophoto_50cm_2025","Ostlandet"
"NINFP2210075472",3.89526571456078,3.66246104240417,5193,1,"meta_highrescanopyheight_orthophoto",0.5,"orthophoto_50cm_2025","Ostlandet"
"NINFP2310135893",0.201890827927738,0.0107078803703189,67029,8,"meta_highrescanopyheight_orthophoto",0.5,"orthophoto_50cm_2025","Ostlandet"
"NINFP2210082128",3.97976463717073,3.58307385444641,10625,2,"meta_highrescanopyheight_orthophoto",0.5,"orthophoto_50cm_2025","Ostlandet"
"NINFP1810048140",3.2024293036799,1.82328051328659,29432,2,"meta_highrescanopyheight_orthophoto",0.5,"orthophoto_50cm_2025","Ostlandet"
"NINFP2010016376",1.30351078546234,0.688459634780884,212902,13,"meta_highrescanopyheight_orthophoto",0.5,"orthophoto_50cm_2025","Ostlandet"
"NINFP2210098166",1.60259758422006,0.396146416664124,7897,2,"meta_highrescanopyheight_orthophoto",0.5,"orthophoto_50cm_2025","Ostlandet"
"NINFP2510187563",8.51286351717364,8.69168710708618,9362,2,"meta_highrescanopyheight_orthophoto",0.5,"orthophoto_50cm_2025","Ostlandet"
"NINFP2410174309",0.465631604306887,0.0109427515417337,8181,1,"meta_highrescanopyheight_orthophoto",0.5,"orthophoto_50cm_2025","Ostlandet"
"NINFP1910032216",1.42325800930879,0.442014008760452,58985,4,"meta_highrescanopyheight_orthophoto",0.5,"orthophoto_50cm_2025","Ostlandet"
"NINFP1810006016",4.75786020440407,4.95587158203125,11270,2,"meta_highrescanopyheight_orthophoto",0.5,"orthophoto_50cm_2025","Ostlandet"
"NINFP2210098306",0.0918590309950437,0.0199171043932438,10753,3,"meta_highrescanopyheight_orthophoto",0.5,"orthophoto_50cm_2025","Ostlandet"
"NINFP2010004499",2.89257302493632,1.92725217342377,7918,2,"meta_highrescanopyheight_orthophoto",0.5,"orthophoto_50cm_2025","Ostlandet"
"NINFP2210081871",10.5354089968579,10.9431667327881,5742,2,"meta_highrescanopyheight_orthophoto",0.5,"orthophoto_50cm_2025","Ostlandet"
"NINFP2510187442",5.20099417627099,4.31103324890137,14501,4,"meta_highrescanopyheight_orthophoto",0.5,"orthophoto_50cm_2025","Ostlandet"
"NINFP1810042633",6.84272898835632,7.15450692176819,20108,3,"meta_highrescanopyheight_orthophoto",0.5,"orthophoto_50cm_2025","Ostlandet"
"NINFP1810041691",3.10031143355552,1.5157105922699,40373,4,"meta_highrescanopyheight_orthophoto",0.5,"orthophoto_50cm_2025","Ostlandet"
"NINFP2310130831",3.68153333452896,3.36894750595093,5585,2,"meta_highrescanopyheight_orthophoto",0.5,"orthophoto_50cm_2025","Ostlandet"
"NINFP1810037174",2.32897400841751,0.107193555682898,4106,1,"meta_highrescanopyheight_orthophoto",0.5,"orthophoto_50cm_2025","Ostlandet"
"NINFP1910043335",2.9943090962978,2.05100083351135,7996,1,"meta_highrescanopyheight_orthophoto",0.5,"orthophoto_50cm_2025","Ostlandet"
"NINFP1810024655",7.03307932155319,7.25690817832947,14182,2,"meta_highrescanopyheight_orthophoto",0.5,"orthophoto_50cm_2025","Ostlandet"
"NINFP2510189497",0.598707389144576,0.0137788206338882,9523,1,"meta_highrescanopyheight_orthophoto",0.5,"orthophoto_50cm_2025","Ostlandet"
"NINFP2510200402",4.1381648760848,2.90325701236725,7130,1,"meta_highrescanopyheight_orthophoto",0.5,"orthophoto_50cm_2025","Ostlandet"
"NINFP2210103461",3.11507971386081,2.53831052780151,76559,4,"meta_highrescanopyheight_orthophoto",0.5,"orthophoto_50cm_2025","Ostlandet"
"NINFP2010031910",1.30758003283943,0.0472994819283485,4150,2,"meta_highrescanopyheight_orthophoto",0.5,"orthophoto_50cm_2025","Ostlandet"
"NINFP2510215376",2.7829068800562,1.44394648075104,16099,4,"meta_highrescanopyheight_orthophoto",0.5,"orthophoto_50cm_2025","Ostlandet"
"NINFP1810026967",0.20871994651647,0.0114773693494499,65328,5,"meta_highrescanopyheight_orthophoto",0.5,"orthophoto_50cm_2025","Ostlandet"
"NINFP2510205648",7.29034834763771,7.17404365539551,9389,3,"meta_highrescanopyheight_orthophoto",0.5,"orthophoto_50cm_2025","Ostlandet"
"NINFP2010019219",1.53979450203478,1.4172168970108,80,1,"meta_highrescanopyheight_orthophoto",0.5,"orthophoto_50cm_2025","Ostlandet"
"NINFP2110058599",2.47426880235814,1.14662909507751,10393,2,"meta_highrescanopyheight_orthophoto",0.5,"orthophoto_50cm_2025","Ostlandet"
"NINFP1810043788",0.571693879136944,0.0265948697924614,19044,4,"meta_highrescanopyheight_orthophoto",0.5,"orthophoto_50cm_2025","Ostlandet"
"NINFP1910015929",3.22554349877366,1.13942569494247,3398,2,"meta_highrescanopyheight_orthophoto",0.5,"orthophoto_50cm_2025","Ostlandet"
"NINFP2210098212",0.45101129133435,0.0392760373651981,13297,2,"meta_highrescanopyheight_orthophoto",0.5,"orthophoto_50cm_2025","Ostlandet"
"NINFP2210090378",0.757271500688373,0.0744478181004524,5020,2,"meta_highrescanopyheight_orthophoto",0.5,"orthophoto_50cm_2025","Ostlandet"
"NINFP1810010069",10.2479228924383,10.4305696487427,5157,1,"meta_highrescanopyheight_orthophoto",0.5,"orthophoto_50cm_2025","Ostlandet"
"NINFP2210095384",1.00263194967891,0.0661479011178017,29097,2,"meta_highrescanopyheight_orthophoto",0.5,"orthophoto_50cm_2025","Ostlandet"
"NINFP1810017647",4.47313638676704,3.82305860519409,7334,2,"meta_highrescanopyheight_orthophoto",0.5,"orthophoto_50cm_2025","Ostlandet"
"NINFP2210109649",0.740500898642377,0.0108570493757725,21067,5,"meta_highrescanopyheight_orthophoto",0.5,"orthophoto_50cm_2025","Ostlandet"
"NINFP2510210618",2.19082736181809,0.361136227846146,11969,1,"meta_highrescanopyheight_orthophoto",0.5,"orthophoto_50cm_2025","Ostlandet"
"NINFP2010002108",5.93807281117226,6.12020063400269,2905,1,"meta_highrescanopyheight_orthophoto",0.5,"orthophoto_50cm_2025","Ostlandet"
"NINFP2410182740",7.1427532555975,7.58338069915771,6589,2,"meta_highrescanopyheight_orthophoto",0.5,"orthophoto_50cm_2025","Ostlandet"
"NINFP2110017480",1.95709841069892,0.422455832362175,2570,2,"meta_highrescanopyheight_orthophoto",0.5,"orthophoto_50cm_2025","Ostlandet"
"NINFP1910037468",0.352547677494548,0.0135392844676971,14077,2,"meta_highrescanopyheight_orthophoto",0.5,"orthophoto_50cm_2025","Ostlandet"
"NINFP2310146440",2.80648067988564,0.425971537828445,189644,8,"meta_highrescanopyheight_orthophoto",0.5,"orthophoto_50cm_2025","Ostlandet"
"NINFP2010004502",3.69486384590843,2.2701563835144,16587,3,"meta_highrescanopyheight_orthophoto",0.5,"orthophoto_50cm_2025","Ostlandet"
"NINFP2310146824",0.319991902593838,0.0104360897094011,2840,2,"meta_highrescanopyheight_orthophoto",0.5,"orthophoto_50cm_2025","Ostlandet"
"NINFP1810042554",7.18979247525219,7.40097618103027,7667,3,"meta_highrescanopyheight_orthophoto",0.5,"orthophoto_50cm_2025","Ostlandet"
"NINFP2510193111",0.0263685972618487,0.0106976348906755,2009,2,"meta_highrescanopyheight_orthophoto",0.5,"orthophoto_50cm_2025","Ostlandet"
"NINFP1810035418",1.75983941194101,0.464181184768677,15446,3,"meta_highrescanopyheight_orthophoto",0.5,"orthophoto_50cm_2025","Ostlandet"
"NINFP1810013154",7.17288355739988,6.86150550842285,15300,4,"meta_highrescanopyheight_orthophoto",0.5,"orthophoto_50cm_2025","Ostlandet"
"NINFP1810018849",2.54292703193236,1.12276697158813,34287,5,"meta_highrescanopyheight_orthophoto",0.5,"orthophoto_50cm_2025","Ostlandet"
"NINFP2110009283",0.0320706637095391,0.0100821610540152,15747,2,"meta_highrescanopyheight_orthophoto",0.5,"orthophoto_50cm_2025","Ostlandet"
"NINFP2110015669",0.0974863293671023,0.0101705738343298,123850,7,"meta_highrescanopyheight_orthophoto",0.5,"orthophoto_50cm_2025","Ostlandet"
"NINFP2110045827",0.715577185470687,0.0102741345763206,278807,17,"meta_highrescanopyheight_orthophoto",0.5,"orthophoto_50cm_2025","Ostlandet"
"NINFP2510196508",0.85765060631687,0.0388878770172596,28027,6,"meta_highrescanopyheight_orthophoto",0.5,"orthophoto_50cm_2025","Ostlandet"
"NINFP1810030826",5.21881044944979,5.21759414672852,29557,4,"meta_highrescanopyheight_orthophoto",0.5,"orthophoto_50cm_2025","Ostlandet"
"NINFP2310121341",0.86284596599527,0.0114374309778214,19749,3,"meta_highrescanopyheight_orthophoto",0.5,"orthophoto_50cm_2025","Ostlandet"
"NINFP2410174077",1.50620427151414,0.0669945925474167,311029,14,"meta_highrescanopyheight_orthophoto",0.5,"orthophoto_50cm_2025","Ostlandet"
"NINFP2010053493",0.695097068857284,0.0208089835941792,38547,4,"meta_highrescanopyheight_orthophoto",0.5,"orthophoto_50cm_2025","Ostlandet"
"NINFP1910044985",10.0221646293986,11.1202955245972,11034,2,"meta_highrescanopyheight_orthophoto",0.5,"orthophoto_50cm_2025","Ostlandet"
"NINFP1810039226",0.910795647183621,0.0411086827516556,6953,4,"meta_highrescanopyheight_orthophoto",0.5,"orthophoto_50cm_2025","Ostlandet"
"NINFP2410164096",0.0513375131822201,0.010182925965637,60158,8,"meta_highrescanopyheight_orthophoto",0.5,"orthophoto_50cm_2025","Ostlandet"
"NINFP2210076370",1.03688440901674,0.310589045286179,21077,4,"meta_highrescanopyheight_orthophoto",0.5,"orthophoto_50cm_2025","Ostlandet"
"NINFP2310141263",3.98880981563194,3.78444290161133,13947,2,"meta_highrescanopyheight_orthophoto",0.5,"orthophoto_50cm_2025","Ostlandet"
"NINFP2410160926",0.0101277038283465,0.0101134730502963,48210,4,"meta_highrescanopyheight_orthophoto",0.5,"orthophoto_50cm_2025","Ostlandet"
"NINFP2410184192",0.695007837570636,0.018796706572175,393042,13,"meta_highrescanopyheight_orthophoto",0.5,"orthophoto_50cm_2025","Ostlandet"
"NINFP1910057676",9.10422450674682,10.0925064086914,6445,4,"meta_highrescanopyheight_orthophoto",0.5,"orthophoto_50cm_2025","Ostlandet"
"NINFP2210079186",2.98131944015456,1.38551968336105,32796,3,"meta_highrescanopyheight_orthophoto",0.5,"orthophoto_50cm_2025","Ostlandet"
"NINFP1810014049",6.19369851055373,5.94648456573486,6633,4,"meta_highrescanopyheight_orthophoto",0.5,"orthophoto_50cm_2025","Ostlandet"
"NINFP1810011278",5.12559097753765,4.81284475326538,5491,1,"meta_highrescanopyheight_orthophoto",0.5,"orthophoto_50cm_2025","Ostlandet"
"NINFP2010006364",3.96299938733574,4.39428901672363,6041,1,"meta_highrescanopyheight_orthophoto",0.5,"orthophoto_50cm_2025","Ostlandet"
"NINFP2210094847",4.1269029392269,2.10261964797974,19734,4,"meta_highrescanopyheight_orthophoto",0.5,"orthophoto_50cm_2025","Ostlandet"
"NINFP2310128782",3.18173573496058,2.02430617809296,10458,2,"meta_highrescanopyheight_orthophoto",0.5,"orthophoto_50cm_2025","Ostlandet"
"NINFP1910035618",3.62600971071914,2.88536083698273,54890,4,"meta_highrescanopyheight_orthophoto",0.5,"orthophoto_50cm_2025","Ostlandet"
"NINFP2410161420",8.4581167075369,9.53475999832153,19878,3,"meta_highrescanopyheight_orthophoto",0.5,"orthophoto_50cm_2025","Ostlandet"
"NINFP2010053998",2.35460909684741,1.13981646299362,6444,2,"meta_highrescanopyheight_orthophoto",0.5,"orthophoto_50cm_2025","Ostlandet"
"NINFP2610220155",2.31302159980567,0.812086164951324,12752,2,"meta_highrescanopyheight_orthophoto",0.5,"orthophoto_50cm_2025","Ostlandet"
"NINFP2210084088",4.49814152010364,4.65316247940063,4313,1,"meta_highrescanopyheight_orthophoto",0.5,"orthophoto_50cm_2025","Ostlandet"
"NINFP2310120700",5.19242487240522,4.47218775749207,7360,2,"meta_highrescanopyheight_orthophoto",0.5,"orthophoto_50cm_2025","Ostlandet"
"NINFP1810041659",6.02487493782197,5.97699165344238,4134,4,"meta_highrescanopyheight_orthophoto",0.5,"orthophoto_50cm_2025","Ostlandet"
"NINFP1910013475",4.74415627439091,4.71743822097778,46319,6,"meta_highrescanopyheight_orthophoto",0.5,"orthophoto_50cm_2025","Ostlandet"
"NINFP2510195713",2.71224477408938,1.59249114990234,4169,2,"meta_highrescanopyheight_orthophoto",0.5,"orthophoto_50cm_2025","Ostlandet"
"NINFP2110059201",1.48679020572872,0.33185987174511,104456,11,"meta_highrescanopyheight_orthophoto",0.5,"orthophoto_50cm_2025","Ostlandet"
"NINFP1910034061",1.94965201958332,0.540032088756561,28596,4,"meta_highrescanopyheight_orthophoto",0.5,"orthophoto_50cm_2025","Ostlandet"
"NINFP2210075679",5.74882876487632,5.93917393684387,4028,1,"meta_highrescanopyheight_orthophoto",0.5,"orthophoto_50cm_2025","Ostlandet"
"NINFP2410164549",0.0165131373460499,0.0102584566920996,5895,2,"meta_highrescanopyheight_orthophoto",0.5,"orthophoto_50cm_2025","Ostlandet"
"NINFP2110029444",4.49879022860713,4.05280876159668,8063,2,"meta_highrescanopyheight_orthophoto",0.5,"orthophoto_50cm_2025","Ostlandet"
"NINFP2310127994",3.23554074203062,2.08850622177124,17141,4,"meta_highrescanopyheight_orthophoto",0.5,"orthophoto_50cm_2025","Ostlandet"
"NINFP2310125161",0.060869530884012,0.0101226950064301,61785,7,"meta_highrescanopyheight_orthophoto",0.5,"orthophoto_50cm_2025","Ostlandet"
"NINFP2510184302",0.197294566170227,0.0102865640074015,127541,8,"meta_highrescanopyheight_orthophoto",0.5,"orthophoto_50cm_2025","Ostlandet"
"NINFP2410161154",3.48994927253456,2.07218062877655,39396,6,"meta_highrescanopyheight_orthophoto",0.5,"orthophoto_50cm_2025","Ostlandet"
"NINFP2410161733",2.08414908923188,0.288415864109993,17314,4,"meta_highrescanopyheight_orthophoto",0.5,"orthophoto_50cm_2025","Ostlandet"
"NINFP1810028101",4.17756565942756,3.78829669952393,12326,2,"meta_highrescanopyheight_orthophoto",0.5,"orthophoto_50cm_2025","Ostlandet"
"NINFP2010030127",0.0108540600593583,0.0100671872496605,20879,5,"meta_highrescanopyheight_orthophoto",0.5,"orthophoto_50cm_2025","Ostlandet"
"NINFP1810011980",3.43626603395359,3.30987882614136,60875,6,"meta_highrescanopyheight_orthophoto",0.5,"orthophoto_50cm_2025","Ostlandet"
"NINFP1910019625",1.85607464501204,0.117981657385826,17078,5,"meta_highrescanopyheight_orthophoto",0.5,"orthophoto_50cm_2025","Ostlandet"
"NINFP2410183470",0.0187700434717057,0.0108284093439579,1370,1,"meta_highrescanopyheight_orthophoto",0.5,"orthophoto_50cm_2025","Ostlandet"
"NINFP2310134442",3.08030733045581,2.79176080226898,20050,3,"meta_highrescanopyheight_orthophoto",0.5,"orthophoto_50cm_2025","Ostlandet"
"NINFP1810039181",6.04643253613812,4.95635032653809,7147,1,"meta_highrescanopyheight_orthophoto",0.5,"orthophoto_50cm_2025","Ostlandet"
"NINFP2110057360",1.56340262436263,0.71191793680191,22847,4,"meta_highrescanopyheight_orthophoto",0.5,"orthophoto_50cm_2025","Ostlandet"
"NINFP1810030813",5.87784664781623,6.48507118225098,4892,1,"meta_highrescanopyheight_orthophoto",0.5,"orthophoto_50cm_2025","Ostlandet"
"NINFP1910061450",0.855348951124053,0.0201417459174991,6292,2,"meta_highrescanopyheight_orthophoto",0.5,"orthophoto_50cm_2025","Ostlandet"
"NINFP2510214804",7.3351378737954,7.66345930099487,13635,4,"meta_highrescanopyheight_orthophoto",0.5,"orthophoto_50cm_2025","Ostlandet"
"NINFP1810022115",2.38759512406429,0.785888671875,4742,1,"meta_highrescanopyheight_orthophoto",0.5,"orthophoto_50cm_2025","Ostlandet"
"NINFP1810021128",3.52818271115209,2.22734236717224,20795,4,"meta_highrescanopyheight_orthophoto",0.5,"orthophoto_50cm_2025","Ostlandet"
"NINFP2010012743",0.274539962718553,0.0137417865917087,54273,2,"meta_highrescanopyheight_orthophoto",0.5,"orthophoto_50cm_2025","Ostlandet"
"NINFP2010003186",8.62231504035901,8.58549976348877,6271,3,"meta_highrescanopyheight_orthophoto",0.5,"orthophoto_50cm_2025","Ostlandet"
"NINFP2310136281",0.639073110692629,0.0532350093126297,12855,1,"meta_highrescanopyheight_orthophoto",0.5,"orthophoto_50cm_2025","Ostlandet"
"NINFP2310122331",5.55704709840048,5.7174711227417,10723,2,"meta_highrescanopyheight_orthophoto",0.5,"orthophoto_50cm_2025","Ostlandet"
"NINFP1810039152",2.8723721883596,0.220519244670868,17049,3,"meta_highrescanopyheight_orthophoto",0.5,"orthophoto_50cm_2025","Ostlandet"
"NINFP2410180006",5.75617196788285,5.23138570785522,7241,2,"meta_highrescanopyheight_orthophoto",0.5,"orthophoto_50cm_2025","Ostlandet"
"NINFP2310136372",6.03985673170727,5.77909708023071,6183,2,"meta_highrescanopyheight_orthophoto",0.5,"orthophoto_50cm_2025","Ostlandet"
"NINFP2510212964",1.52813952682331,0.137848667800426,163666,6,"meta_highrescanopyheight_orthophoto",0.5,"orthophoto_50cm_2025","Ostlandet"
"NINFP2010010626",2.23985800454914,1.0696142911911,76462,5,"meta_highrescanopyheight_orthophoto",0.5,"orthophoto_50cm_2025","Ostlandet"
"NINFP2210101756",3.40119662250575,2.77191972732544,12683,5,"meta_highrescanopyheight_orthophoto",0.5,"orthophoto_50cm_2025","Ostlandet"
"NINFP2210081869",7.52823504653973,7.8506908416748,6699,2,"meta_highrescanopyheight_orthophoto",0.5,"orthophoto_50cm_2025","Ostlandet"
"NINFP2510213473",3.36097143201952,1.73868542909622,37150,4,"meta_highrescanopyheight_orthophoto",0.5,"orthophoto_50cm_2025","Ostlandet"
"NINFP1910043872",0.0132998115741655,0.0103873298503458,8244,2,"meta_highrescanopyheight_orthophoto",0.5,"orthophoto_50cm_2025","Ostlandet"
"NINFP2510202610",0.0275302569118915,0.010111684910953,19609,3,"meta_highrescanopyheight_orthophoto",0.5,"orthophoto_50cm_2025","Ostlandet"
"NINFP1810015607",2.14040629058012,0.546574294567108,4282,2,"meta_highrescanopyheight_orthophoto",0.5,"orthophoto_50cm_2025","Ostlandet"
"NINFP2210089220",0.0103354382037156,0.01016556750983,2233,1,"meta_highrescanopyheight_orthophoto",0.5,"orthophoto_50cm_2025","Ostlandet"
"NINFP1810018147",2.37914199591838,0.675632059574127,6767,2,"meta_highrescanopyheight_orthophoto",0.5,"orthophoto_50cm_2025","Ostlandet"
"NINFP2010004242",4.42264656021338,2.7783420085907,12397,2,"meta_highrescanopyheight_orthophoto",0.5,"orthophoto_50cm_2025","Ostlandet"
"NINFP1810042326",6.96269613287346,7.01793122291565,15742,2,"meta_highrescanopyheight_orthophoto",0.5,"orthophoto_50cm_2025","Ostlandet"
"NINFP2110060600",1.23430437317724,0.157782301306725,33989,4,"meta_highrescanopyheight_orthophoto",0.5,"orthophoto_50cm_2025","Ostlandet"
"NINFP2210085384",0.0674819736108184,0.0102761555463076,7250,4,"meta_highrescanopyheight_orthophoto",0.5,"orthophoto_50cm_2025","Ostlandet"
"NINFP1910047173",2.23795403024007,1.71391868591309,12691,4,"meta_highrescanopyheight_orthophoto",0.5,"orthophoto_50cm_2025","Ostlandet"
"NINFP2210107621",3.68195657355176,1.07428812980652,114421,7,"meta_highrescanopyheight_orthophoto",0.5,"orthophoto_50cm_2025","Ostlandet"
"NINFP1810033224",5.95276060122399,6.59995365142822,44027,3,"meta_highrescanopyheight_orthophoto",0.5,"orthophoto_50cm_2025","Ostlandet"
"NINFP1910030294",3.41303877036142,3.05133700370789,31092,6,"meta_highrescanopyheight_orthophoto",0.5,"orthophoto_50cm_2025","Ostlandet"
"NINFP2410181753",7.33936516342531,7.43121194839478,17147,3,"meta_highrescanopyheight_orthophoto",0.5,"orthophoto_50cm_2025","Ostlandet"
"NINFP2510188294",1.1384535678205,0.166187688708305,4684,4,"meta_highrescanopyheight_orthophoto",0.5,"orthophoto_50cm_2025","Ostlandet"
"NINFP2410181573",5.33002493915471,5.42519474029541,13367,2,"meta_highrescanopyheight_orthophoto",0.5,"orthophoto_50cm_2025","Ostlandet"
"NINFP2010034736",0.0178887208726468,0.0100860935635865,56570,5,"meta_highrescanopyheight_orthophoto",0.5,"orthophoto_50cm_2025","Ostlandet"
"NINFP2010038023",2.99253793547073,1.46839880943298,3539,1,"meta_highrescanopyheight_orthophoto",0.5,"orthophoto_50cm_2025","Ostlandet"
"NINFP2510196210",1.04472220811126,0.254105627536774,8169,4,"meta_highrescanopyheight_orthophoto",0.5,"orthophoto_50cm_2025","Ostlandet"
"NINFP2410179444",0.642196353883323,0.0105889402329922,404692,16,"meta_highrescanopyheight_orthophoto",0.5,"orthophoto_50cm_2025","Ostlandet"
"NINFP1810040538",3.8490659678009,1.49492120742798,361654,23,"meta_highrescanopyheight_orthophoto",0.5,"orthophoto_50cm_2025","Ostlandet"
"NINFP1810028096",0.410904608841446,0.0133726159110665,74138,6,"meta_highrescanopyheight_orthophoto",0.5,"orthophoto_50cm_2025","Ostlandet"
"NINFP2010040209",4.11971090472007,3.82158946990967,14651,2,"meta_highrescanopyheight_orthophoto",0.5,"orthophoto_50cm_2025","Ostlandet"
"NINFP2510204397",0.088848974298325,0.0173137746751308,9190,1,"meta_highrescanopyheight_orthophoto",0.5,"orthophoto_50cm_2025","Ostlandet"
"NINFP2410180206",4.28337769179747,2.5405570268631,50874,6,"meta_highrescanopyheight_orthophoto",0.5,"orthophoto_50cm_2025","Ostlandet"
"NINFP2110045276",0.754362280730325,0.0420022252947092,37102,4,"meta_highrescanopyheight_orthophoto",0.5,"orthophoto_50cm_2025","Ostlandet"
"NINFP1810022107",2.60274363351508,1.57353937625885,4775,4,"meta_highrescanopyheight_orthophoto",0.5,"orthophoto_50cm_2025","Ostlandet"
"NINFP2210106176",7.22099935935969,7.6414999961853,11574,3,"meta_highrescanopyheight_orthophoto",0.5,"orthophoto_50cm_2025","Ostlandet"
"NINFP1810018847",4.9098013683617,3.84850895404816,4728,2,"meta_highrescanopyheight_orthophoto",0.5,"orthophoto_50cm_2025","Ostlandet"
"NINFP1910011996",10.7370469703283,12.4095001220703,1313,1,"meta_highrescanopyheight_orthophoto",0.5,"orthophoto_50cm_2025","Ostlandet"
"NINFP1810041973",3.68785849022884,1.79069340229034,49393,3,"meta_highrescanopyheight_orthophoto",0.5,"orthophoto_50cm_2025","Ostlandet"
"NINFP2110038886",0.106778876229631,0.0102034192532301,179031,9,"meta_highrescanopyheight_orthophoto",0.5,"orthophoto_50cm_2025","Ostlandet"
"NINFP1810023283",0.0925963045163397,0.0102805076166987,90205,5,"meta_highrescanopyheight_orthophoto",0.5,"orthophoto_50cm_2025","Ostlandet"
"NINFP2510212023",0.603823671548052,0.0211804714053869,30451,4,"meta_highrescanopyheight_orthophoto",0.5,"orthophoto_50cm_2025","Ostlandet"
"NINFP2510213156",1.21657651878087,0.173219360411167,15716,3,"meta_highrescanopyheight_orthophoto",0.5,"orthophoto_50cm_2025","Ostlandet"
"NINFP1810034081",3.7696894881683,1.73348450660706,11083,3,"meta_highrescanopyheight_orthophoto",0.5,"orthophoto_50cm_2025","Ostlandet"
"NINFP2110011489",0.817913699301442,0.053044019266963,2844,1,"meta_highrescanopyheight_orthophoto",0.5,"orthophoto_50cm_2025","Ostlandet"
"NINFP2210075859",2.13298442879538,0.430707186460495,19184,3,"meta_highrescanopyheight_orthophoto",0.5,"orthophoto_50cm_2025","Ostlandet"
"NINFP2510191223",3.62703493854545,3.24266409873962,14647,2,"meta_highrescanopyheight_orthophoto",0.5,"orthophoto_50cm_2025","Ostlandet"
"NINFP2010014678",1.48232051458226,0.515860259532928,6049,2,"meta_highrescanopyheight_orthophoto",0.5,"orthophoto_50cm_2025","Ostlandet"
"NINFP1810014293",5.1820626353629,5.07461500167847,35825,3,"meta_highrescanopyheight_orthophoto",0.5,"orthophoto_50cm_2025","Ostlandet"
"NINFP2110062235",1.11217147484407,0.0847577899694443,182671,13,"meta_highrescanopyheight_orthophoto",0.5,"orthophoto_50cm_2025","Ostlandet"
"NINFP1810039590",9.84096677802098,10.4922428131104,7324,2,"meta_highrescanopyheight_orthophoto",0.5,"orthophoto_50cm_2025","Ostlandet"
"NINFP2510217187",0.72820386932421,0.0187567882239819,22183,2,"meta_highrescanopyheight_orthophoto",0.5,"orthophoto_50cm_2025","Ostlandet"
"NINFP2310135726",2.69935354107078,1.51224386692047,9241,2,"meta_highrescanopyheight_orthophoto",0.5,"orthophoto_50cm_2025","Ostlandet"
"NINFP1910033646",0.194964180592946,0.0108865732327104,37414,4,"meta_highrescanopyheight_orthophoto",0.5,"orthophoto_50cm_2025","Ostlandet"
"NINFP2010009410",0.0847914020252497,0.0109200356528163,19658,2,"meta_highrescanopyheight_orthophoto",0.5,"orthophoto_50cm_2025","Ostlandet"
"NINFP2310146289",3.29209761400943,2.57559037208557,51393,5,"meta_highrescanopyheight_orthophoto",0.5,"orthophoto_50cm_2025","Ostlandet"
"NINFP2110009284",0.0100807141487756,0.0100733586587012,3594,1,"meta_highrescanopyheight_orthophoto",0.5,"orthophoto_50cm_2025","Ostlandet"
"NINFP1910059158",3.30557158439479,1.71737188100815,2990,1,"meta_highrescanopyheight_orthophoto",0.5,"orthophoto_50cm_2025","Ostlandet"
"NINFP1910011135",2.5448594779617,1.60050845146179,7355,2,"meta_highrescanopyheight_orthophoto",0.5,"orthophoto_50cm_2025","Ostlandet"
"NINFP2010011843",3.92232045543646,1.51236134767532,14648,2,"meta_highrescanopyheight_orthophoto",0.5,"orthophoto_50cm_2025","Ostlandet"
"NINFP2510195081",2.13244463315583,0.133015140891075,40362,4,"meta_highrescanopyheight_orthophoto",0.5,"orthophoto_50cm_2025","Ostlandet"
"NINFP1810030816",6.11235229992377,6.44426012039185,12730,1,"meta_highrescanopyheight_orthophoto",0.5,"orthophoto_50cm_2025","Ostlandet"
"NINFP2210095998",0.405076376958446,0.013965979218483,17416,1,"meta_highrescanopyheight_orthophoto",0.5,"orthophoto_50cm_2025","Ostlandet"
"NINFP2410184159",5.32801833188332,4.94250726699829,61813,8,"meta_highrescanopyheight_orthophoto",0.5,"orthophoto_50cm_2025","Ostlandet"
"NINFP1810023069",2.21994261665511,0.696021914482117,86463,7,"meta_highrescanopyheight_orthophoto",0.5,"orthophoto_50cm_2025","Ostlandet"
"NINFP1810012415",1.41421910850514,0.406306803226471,12965,3,"meta_highrescanopyheight_orthophoto",0.5,"orthophoto_50cm_2025","Ostlandet"
"NINFP2210103560",0.0301125600521129,0.0104417935945094,5878,3,"meta_highrescanopyheight_orthophoto",0.5,"orthophoto_50cm_2025","Ostlandet"
"NINFP2110029448",3.40986949597566,2.81241035461426,11135,3,"meta_highrescanopyheight_orthophoto",0.5,"orthophoto_50cm_2025","Ostlandet"
"NINFP2210085889",3.56001473602927,3.03005290031433,8240,2,"meta_highrescanopyheight_orthophoto",0.5,"orthophoto_50cm_2025","Ostlandet"
"NINFP2510188974",0.969690830512875,0.0261020734906197,349547,15,"meta_highrescanopyheight_orthophoto",0.5,"orthophoto_50cm_2025","Ostlandet"
"NINFP2410180395",4.01669986114145,2.61821389198303,30127,3,"meta_highrescanopyheight_orthophoto",0.5,"orthophoto_50cm_2025","Ostlandet"
"NINFP2310142654",4.68308041581242,4.06525468826294,107943,7,"meta_highrescanopyheight_orthophoto",0.5,"orthophoto_50cm_2025","Ostlandet"
"NINFP2310144290",5.17651227092023,5.4067907333374,15167,4,"meta_highrescanopyheight_orthophoto",0.5,"orthophoto_50cm_2025","Ostlandet"
"NINFP1810033220",4.19288822830629,3.48896217346191,10945,2,"meta_highrescanopyheight_orthophoto",0.5,"orthophoto_50cm_2025","Ostlandet"
"NINFP2310124468",0.0373506660090382,0.0102862920612097,8829,3,"meta_highrescanopyheight_orthophoto",0.5,"orthophoto_50cm_2025","Ostlandet"
"NINFP2410183189",7.51554952228844,7.62292766571045,49039,6,"meta_highrescanopyheight_orthophoto",0.5,"orthophoto_50cm_2025","Ostlandet"
"NINFP1910039455",6.9358860158724,7.35499429702759,6887,2,"meta_highrescanopyheight_orthophoto",0.5,"orthophoto_50cm_2025","Ostlandet"
"NINFP1910047073",4.96389283851872,5.15090441703796,4258,1,"meta_highrescanopyheight_orthophoto",0.5,"orthophoto_50cm_2025","Ostlandet"
"NINFP2210084021",6.4970283800771,6.75114250183105,4213,2,"meta_highrescanopyheight_orthophoto",0.5,"orthophoto_50cm_2025","Ostlandet"
"NINFP2210082254",8.26041085232524,8.34298610687256,5914,3,"meta_highrescanopyheight_orthophoto",0.5,"orthophoto_50cm_2025","Ostlandet"
"NINFP1910034360",0.0107928245241903,0.0104843764565885,3296,2,"meta_highrescanopyheight_orthophoto",0.5,"orthophoto_50cm_2025","Ostlandet"
"NINFP2010038812",0.659619516989912,0.0350674837827682,6673,2,"meta_highrescanopyheight_orthophoto",0.5,"orthophoto_50cm_2025","Ostlandet"
"NINFP2210082418",11.0501636847174,10.6670589447021,4782,1,"meta_highrescanopyheight_orthophoto",0.5,"orthophoto_50cm_2025","Ostlandet"
"NINFP2410169723",0.676236152172391,0.027999009937048,84237,6,"meta_highrescanopyheight_orthophoto",0.5,"orthophoto_50cm_2025","Ostlandet"
"NINFP2210111047",4.05165001672569,3.74408841133118,11466,3,"meta_highrescanopyheight_orthophoto",0.5,"orthophoto_50cm_2025","Ostlandet"
"NINFP2510204951",7.5456789940383,7.83736991882324,28149,4,"meta_highrescanopyheight_orthophoto",0.5,"orthophoto_50cm_2025","Ostlandet"
"NINFP2010006303",4.89912855429474,4.98872137069702,4234,1,"meta_highrescanopyheight_orthophoto",0.5,"orthophoto_50cm_2025","Ostlandet"
"NINFP2510218733",0.312791136756681,0.0112580610439181,293082,13,"meta_highrescanopyheight_orthophoto",0.5,"orthophoto_50cm_2025","Ostlandet"
"NINFP1810043196",3.07039281064804,2.40917313098907,47922,5,"meta_highrescanopyheight_orthophoto",0.5,"orthophoto_50cm_2025","Ostlandet"
"NINFP2310121801",2.02238296269114,0.293582379817963,210788,10,"meta_highrescanopyheight_orthophoto",0.5,"orthophoto_50cm_2025","Ostlandet"
"NINFP1810040825",4.48411087539543,3.83404588699341,4084,2,"meta_highrescanopyheight_orthophoto",0.5,"orthophoto_50cm_2025","Ostlandet"
"NINFP1910059905",0.650317331301268,0.0117852417752147,81320,7,"meta_highrescanopyheight_orthophoto",0.5,"orthophoto_50cm_2025","Ostlandet"
"NINFP2210096515",4.38071529929764,4.17238140106201,8786,2,"meta_highrescanopyheight_orthophoto",0.5,"orthophoto_50cm_2025","Ostlandet"
"NINFP2510197666",2.39425090365317,1.36544066667557,20246,4,"meta_highrescanopyheight_orthophoto",0.5,"orthophoto_50cm_2025","Ostlandet"
"NINFP1810033227",2.06023506026715,0.184882164001465,8423,2,"meta_highrescanopyheight_orthophoto",0.5,"orthophoto_50cm_2025","Ostlandet"
"NINFP1810015315",0.671107531246123,0.0127740660682321,28907,4,"meta_highrescanopyheight_orthophoto",0.5,"orthophoto_50cm_2025","Ostlandet"
"NINFP2210078939",6.2188620376338,6.1939697265625,4310,3,"meta_highrescanopyheight_orthophoto",0.5,"orthophoto_50cm_2025","Ostlandet"
"NINFP2110038407",5.56133146369435,6.20647811889648,13417,2,"meta_highrescanopyheight_orthophoto",0.5,"orthophoto_50cm_2025","Ostlandet"
"NINFP2310126445",1.45243535562291,0.37023788690567,13989,2,"meta_highrescanopyheight_orthophoto",0.5,"orthophoto_50cm_2025","Ostlandet"
"NINFP2010052469",0.0462544478485095,0.0100753754377365,272974,16,"meta_highrescanopyheight_orthophoto",0.5,"orthophoto_50cm_2025","Ostlandet"
"NINFP2310125856",0.706077765167993,0.0382878147065639,5038,3,"meta_highrescanopyheight_orthophoto",0.5,"orthophoto_50cm_2025","Ostlandet"
"NINFP1910043871",0.0406532413104912,0.0104285292327404,7849,1,"meta_highrescanopyheight_orthophoto",0.5,"orthophoto_50cm_2025","Ostlandet"
"NINFP2110057611",1.12351083410223,0.220599457621574,10325,3,"meta_highrescanopyheight_orthophoto",0.5,"orthophoto_50cm_2025","Ostlandet"
"NINFP2410164272",0.0286059016202105,0.0102326767519116,47870,4,"meta_highrescanopyheight_orthophoto",0.5,"orthophoto_50cm_2025","Ostlandet"
"NINFP2010034582",0.888508089930915,0.0242382884025574,15201,2,"meta_highrescanopyheight_orthophoto",0.5,"orthophoto_50cm_2025","Ostlandet"
"NINFP2410163993",1.4545364817088,0.232317052781582,27286,3,"meta_highrescanopyheight_orthophoto",0.5,"orthophoto_50cm_2025","Ostlandet"
"NINFP2310140184",1.70225130460954,0.822029620409012,10008,1,"meta_highrescanopyheight_orthophoto",0.5,"orthophoto_50cm_2025","Ostlandet"
"NINFP2310134440",0.29511878972954,0.0122677274048328,7067,4,"meta_highrescanopyheight_orthophoto",0.5,"orthophoto_50cm_2025","Ostlandet"
"NINFP2210108101",3.85843006970068,2.33592665195465,6028,2,"meta_highrescanopyheight_orthophoto",0.5,"orthophoto_50cm_2025","Ostlandet"
"NINFP2210107710",5.01965213114194,5.0719313621521,4839,2,"meta_highrescanopyheight_orthophoto",0.5,"orthophoto_50cm_2025","Ostlandet"
"NINFP1810024585",2.2948256869768,0.553647220134735,16845,4,"meta_highrescanopyheight_orthophoto",0.5,"orthophoto_50cm_2025","Ostlandet"
"NINFP2510216105",7.16925532753227,7.01539039611816,5159,4,"meta_highrescanopyheight_orthophoto",0.5,"orthophoto_50cm_2025","Ostlandet"
"NINFP1810042049",5.04638754837203,5.1350998878479,85825,8,"meta_highrescanopyheight_orthophoto",0.5,"orthophoto_50cm_2025","Ostlandet"
"NINFP2410175203",0.229188582922594,0.0254606269299984,2601,3,"meta_highrescanopyheight_orthophoto",0.5,"orthophoto_50cm_2025","Ostlandet"
"NINFP1810018145",5.3449364513388,4.81162214279175,7282,4,"meta_highrescanopyheight_orthophoto",0.5,"orthophoto_50cm_2025","Ostlandet"
"NINFP2010053981",3.38487457305953,1.84832626581192,50804,3,"meta_highrescanopyheight_orthophoto",0.5,"orthophoto_50cm_2025","Ostlandet"
"NINFP2010029846",1.17954410253943,0.348383978009224,62012,6,"meta_highrescanopyheight_orthophoto",0.5,"orthophoto_50cm_2025","Ostlandet"
"NINFP2210081791",3.10906353483616,2.34592223167419,5048,3,"meta_highrescanopyheight_orthophoto",0.5,"orthophoto_50cm_2025","Ostlandet"
"NINFP1810020110",0.724399406288828,0.0172822941094637,66147,5,"meta_highrescanopyheight_orthophoto",0.5,"orthophoto_50cm_2025","Ostlandet"
"NINFP2510201284",0.886727795897375,0.0167264528572559,108685,6,"meta_highrescanopyheight_orthophoto",0.5,"orthophoto_50cm_2025","Ostlandet"
"NINFP2110017849",2.88256159460443,2.75524854660034,4471,1,"meta_highrescanopyheight_orthophoto",0.5,"orthophoto_50cm_2025","Ostlandet"
"NINFP2110024623",0.347426694817841,0.0237133745104074,2083,2,"meta_highrescanopyheight_orthophoto",0.5,"orthophoto_50cm_2025","Ostlandet"
"NINFP2410173530",3.12511491763826,2.03774833679199,45430,4,"meta_highrescanopyheight_orthophoto",0.5,"orthophoto_50cm_2025","Ostlandet"
"NINFP2110038248",1.41225593668605,0.161640465259552,4113,4,"meta_highrescanopyheight_orthophoto",0.5,"orthophoto_50cm_2025","Ostlandet"
"NINFP2510209659",3.79956776463904,3.22418105602264,4100,2,"meta_highrescanopyheight_orthophoto",0.5,"orthophoto_50cm_2025","Ostlandet"
"NINFP2010007748",4.24104526935352,2.02702474594116,4105,2,"meta_highrescanopyheight_orthophoto",0.5,"orthophoto_50cm_2025","Ostlandet"
"NINFP1810017887",5.09527148782678,4.85213994979858,8231,2,"meta_highrescanopyheight_orthophoto",0.5,"orthophoto_50cm_2025","Ostlandet"
"NINFP2010021209",6.02374605348781,5.95801448822021,4986,2,"meta_highrescanopyheight_orthophoto",0.5,"orthophoto_50cm_2025","Ostlandet"
"NINFP2110031594",2.93568379983641,2.80464124679565,17579,3,"meta_highrescanopyheight_orthophoto",0.5,"orthophoto_50cm_2025","Ostlandet"
"NINFP2010031688",0.140829944887332,0.0104451235383749,8157,1,"meta_highrescanopyheight_orthophoto",0.5,"orthophoto_50cm_2025","Ostlandet"
"NINFP2410164363",0.0204955912544158,0.0100440932437778,80614,6,"meta_highrescanopyheight_orthophoto",0.5,"orthophoto_50cm_2025","Ostlandet"
"NINFP1810030237",1.02013534802654,0.0631554871797562,18962,3,"meta_highrescanopyheight_orthophoto",0.5,"orthophoto_50cm_2025","Ostlandet"
"NINFP1810022315",1.84964749701114,0.0249999333173037,10426,4,"meta_highrescanopyheight_orthophoto",0.5,"orthophoto_50cm_2025","Ostlandet"
"NINFP2310144160",5.63195549078736,5.38407707214355,11638,3,"meta_highrescanopyheight_orthophoto",0.5,"orthophoto_50cm_2025","Ostlandet"
"NINFP2310142827",3.71696198793846,3.70202696323395,19588,4,"meta_highrescanopyheight_orthophoto",0.5,"orthophoto_50cm_2025","Ostlandet"
"NINFP2510213261",0.205767270551772,0.0108227133750916,13966,3,"meta_highrescanopyheight_orthophoto",0.5,"orthophoto_50cm_2025","Ostlandet"
"NINFP2210107304",0.27564064085445,0.0116228186525404,13226,3,"meta_highrescanopyheight_orthophoto",0.5,"orthophoto_50cm_2025","Ostlandet"
"NINFP2210093009",3.14878544304836,2.52262759208679,41540,2,"meta_highrescanopyheight_orthophoto",0.5,"orthophoto_50cm_2025","Ostlandet"
"NINFP2210083121",4.66122701225102,2.40316474437714,13366,2,"meta_highrescanopyheight_orthophoto",0.5,"orthophoto_50cm_2025","Ostlandet"
"NINFP1910026419",5.031186502882,4.68299961090088,32910,4,"meta_highrescanopyheight_orthophoto",0.5,"orthophoto_50cm_2025","Ostlandet"
"NINFP1810005131",2.80994856069739,2.4455326795578,9866,1,"meta_highrescanopyheight_orthophoto",0.5,"orthophoto_50cm_2025","Ostlandet"
"NINFP2210111559",0.484638477423,0.297010064125061,6013,2,"meta_highrescanopyheight_orthophoto",0.5,"orthophoto_50cm_2025","Ostlandet"
"NINFP2010029236",0.0273950275022118,0.0100886411964893,95262,7,"meta_highrescanopyheight_orthophoto",0.5,"orthophoto_50cm_2025","Ostlandet"
"NINFP2210098414",2.46789546532598,1.62489318847656,13973,2,"meta_highrescanopyheight_orthophoto",0.5,"orthophoto_50cm_2025","Ostlandet"
"NINFP2010029234",0.0154393367427468,0.0100671565160155,29202,4,"meta_highrescanopyheight_orthophoto",0.5,"orthophoto_50cm_2025","Ostlandet"
"NINFP2110012709",0.0305691021674808,0.0102887582033873,64873,6,"meta_highrescanopyheight_orthophoto",0.5,"orthophoto_50cm_2025","Ostlandet"
"NINFP2210083593",6.50380333318948,6.75511717796326,4246,2,"meta_highrescanopyheight_orthophoto",0.5,"orthophoto_50cm_2025","Ostlandet"
"NINFP2410173236",3.99772442412781,3.69348192214966,11343,2,"meta_highrescanopyheight_orthophoto",0.5,"orthophoto_50cm_2025","Ostlandet"
"NINFP2210083624",4.58275051156242,4.70995306968689,4406,2,"meta_highrescanopyheight_orthophoto",0.5,"orthophoto_50cm_2025","Ostlandet"
"NINFP2410171388",0.0100738400241369,0.010042124427855,4180,4,"meta_highrescanopyheight_orthophoto",0.5,"orthophoto_50cm_2025","Ostlandet"
"NINFP1910021573",5.36542534370092,6.3989691734314,11999,2,"meta_highrescanopyheight_orthophoto",0.5,"orthophoto_50cm_2025","Ostlandet"
"NINFP2410172989",0.758915412097595,0.0208925623446703,30855,4,"meta_highrescanopyheight_orthophoto",0.5,"orthophoto_50cm_2025","Ostlandet"
"NINFP2110017368",0.0100252946121481,0.0100210020318627,57267,4,"meta_highrescanopyheight_orthophoto",0.5,"orthophoto_50cm_2025","Ostlandet"
"NINFP1810024341",6.18755222988108,5.98133134841919,37211,3,"meta_highrescanopyheight_orthophoto",0.5,"orthophoto_50cm_2025","Ostlandet"
"NINFP2510219316",5.46896482409578,5.26980972290039,324759,21,"meta_highrescanopyheight_orthophoto",0.5,"orthophoto_50cm_2025","Ostlandet"
"NINFP1810034109",3.11184047243159,2.49301958084106,19101,4,"meta_highrescanopyheight_orthophoto",0.5,"orthophoto_50cm_2025","Ostlandet"
"NINFP2010004590",3.32260332986404,3.36214733123779,1641,1,"meta_highrescanopyheight_orthophoto",0.5,"orthophoto_50cm_2025","Ostlandet"
"NINFP2110025196",1.22144397753649,0.096072543412447,18946,3,"meta_highrescanopyheight_orthophoto",0.5,"orthophoto_50cm_2025","Ostlandet"
"NINFP1810024457",1.65886420135337,0.206056870520115,344920,11,"meta_highrescanopyheight_orthophoto",0.5,"orthophoto_50cm_2025","Ostlandet"
"NINFP2510215863",0.209959594207573,0.0119225503876805,15361,3,"meta_highrescanopyheight_orthophoto",0.5,"orthophoto_50cm_2025","Ostlandet"
"NINFP2410163883",1.1401228464253,0.139203920960426,7662,3,"meta_highrescanopyheight_orthophoto",0.5,"orthophoto_50cm_2025","Ostlandet"
"NINFP2410168267",0.128496256723412,0.0109950499609113,6011,1,"meta_highrescanopyheight_orthophoto",0.5,"orthophoto_50cm_2025","Ostlandet"
"NINFP1910014772",4.26952249957101,2.6122829914093,8267,3,"meta_highrescanopyheight_orthophoto",0.5,"orthophoto_50cm_2025","Ostlandet"
"NINFP2410183499",5.6990149887885,5.36029720306396,13579,4,"meta_highrescanopyheight_orthophoto",0.5,"orthophoto_50cm_2025","Ostlandet"
"NINFP2410163943",0.603733991863356,0.0150040527805686,8501,1,"meta_highrescanopyheight_orthophoto",0.5,"orthophoto_50cm_2025","Ostlandet"
"NINFP1810030823",5.90322481527164,6.16176748275757,6258,2,"meta_highrescanopyheight_orthophoto",0.5,"orthophoto_50cm_2025","Ostlandet"
"NINFP1810039272",1.50706947546565,0.192791134119034,7612,2,"meta_highrescanopyheight_orthophoto",0.5,"orthophoto_50cm_2025","Ostlandet"
"NINFP2510212127",4.6935771402665,4.60697269439697,90438,5,"meta_highrescanopyheight_orthophoto",0.5,"orthophoto_50cm_2025","Ostlandet"
"NINFP2010044871",4.02300906081212,2.95803642272949,4223,4,"meta_highrescanopyheight_orthophoto",0.5,"orthophoto_50cm_2025","Ostlandet"
"NINFP1810045979",6.25495373243324,6.5018150806427,52812,3,"meta_highrescanopyheight_orthophoto",0.5,"orthophoto_50cm_2025","Ostlandet"
"NINFP2210108424",4.28967997580109,4.02248477935791,11217,2,"meta_highrescanopyheight_orthophoto",0.5,"orthophoto_50cm_2025","Ostlandet"
"NINFP1810011155",5.59965056535014,5.76198482513428,3903,1,"meta_highrescanopyheight_orthophoto",0.5,"orthophoto_50cm_2025","Ostlandet"
"NINFP1910034426",2.56942408772664,1.07119965553284,52931,6,"meta_highrescanopyheight_orthophoto",0.5,"orthophoto_50cm_2025","Ostlandet"
"NINFP2510216247",0.213890112936107,0.0111272195354104,47787,5,"meta_highrescanopyheight_orthophoto",0.5,"orthophoto_50cm_2025","Ostlandet"
"NINFP1910019467",4.74949294534758,5.37992882728577,28470,4,"meta_highrescanopyheight_orthophoto",0.5,"orthophoto_50cm_2025","Ostlandet"
"NINFP1810037054",3.24583170094325,2.88227581977844,130009,8,"meta_highrescanopyheight_orthophoto",0.5,"orthophoto_50cm_2025","Ostlandet"
"NINFP2310124831",4.39618957976684,3.21359968185425,10089,4,"meta_highrescanopyheight_orthophoto",0.5,"orthophoto_50cm_2025","Ostlandet"
"NINFP1810013119",7.26335013027153,7.6372811794281,8100,1,"meta_highrescanopyheight_orthophoto",0.5,"orthophoto_50cm_2025","Ostlandet"
"NINFP2410181592",5.42873388055204,5.5166380405426,5336,2,"meta_highrescanopyheight_orthophoto",0.5,"orthophoto_50cm_2025","Ostlandet"
"NINFP2010024786",0.0800670021087024,0.0105381440371275,22097,3,"meta_highrescanopyheight_orthophoto",0.5,"orthophoto_50cm_2025","Ostlandet"
"NINFP1810012793",5.26525320401376,5.82370662689209,64011,6,"meta_highrescanopyheight_orthophoto",0.5,"orthophoto_50cm_2025","Ostlandet"
"NINFP2210101220",3.60757878177438,2.4177610874176,16855,4,"meta_highrescanopyheight_orthophoto",0.5,"orthophoto_50cm_2025","Ostlandet"
"NINFP2310126576",0.203512599384585,0.0156379565596581,1989,4,"meta_highrescanopyheight_orthophoto",0.5,"orthophoto_50cm_2025","Ostlandet"
"NINFP2510197801",0.815452782074137,0.0109183867461979,68728,6,"meta_highrescanopyheight_orthophoto",0.5,"orthophoto_50cm_2025","Ostlandet"
"NINFP1810010374",1.6145147173794,0.0151526676490903,86940,7,"meta_highrescanopyheight_orthophoto",0.5,"orthophoto_50cm_2025","Ostlandet"
"NINFP2110058025",0.324841752295947,0.0104733505286276,67554,5,"meta_highrescanopyheight_orthophoto",0.5,"orthophoto_50cm_2025","Ostlandet"
"NINFP2110054739",2.14855235115592,0.225741386413574,132371,12,"meta_highrescanopyheight_orthophoto",0.5,"orthophoto_50cm_2025","Ostlandet"
"NINFP2110019096",0.283806642464713,0.0196130853146315,4945,2,"meta_highrescanopyheight_orthophoto",0.5,"orthophoto_50cm_2025","Ostlandet"
"NINFP1910015307",8.94268581937548,9.52782249450684,7869,3,"meta_highrescanopyheight_orthophoto",0.5,"orthophoto_50cm_2025","Ostlandet"
"NINFP2010031634",4.96459559245758,5.31212139129639,5838,2,"meta_highrescanopyheight_orthophoto",0.5,"orthophoto_50cm_2025","Ostlandet"
"NINFP1910061453",0.0436635523032841,0.0104440874420106,33182,4,"meta_highrescanopyheight_orthophoto",0.5,"orthophoto_50cm_2025","Ostlandet"
"NINFP2010040186",8.71395925734763,8.47495460510254,4197,1,"meta_highrescanopyheight_orthophoto",0.5,"orthophoto_50cm_2025","Ostlandet"
"NINFP2110013407",3.76493926817062,3.46577262878418,12239,3,"meta_highrescanopyheight_orthophoto",0.5,"orthophoto_50cm_2025","Ostlandet"
"NINFP2310136509",1.29388955199206,0.0699482634663582,267226,11,"meta_highrescanopyheight_orthophoto",0.5,"orthophoto_50cm_2025","Ostlandet"
"NINFP1810043239",0.689047615144267,0.0144355548545718,7371,4,"meta_highrescanopyheight_orthophoto",0.5,"orthophoto_50cm_2025","Ostlandet"
"NINFP1910039395",3.92588301573978,1.59103870391846,14437,2,"meta_highrescanopyheight_orthophoto",0.5,"orthophoto_50cm_2025","Ostlandet"
"NINFP1810035421",2.841035771297,1.82235556840897,25574,4,"meta_highrescanopyheight_orthophoto",0.5,"orthophoto_50cm_2025","Ostlandet"
"NINFP2510218399",0.645758774243788,0.0147876245900989,50353,5,"meta_highrescanopyheight_orthophoto",0.5,"orthophoto_50cm_2025","Ostlandet"
"NINFP1810038915",4.18386360882451,2.32799649238586,17275,2,"meta_highrescanopyheight_orthophoto",0.5,"orthophoto_50cm_2025","Ostlandet"
"NINFP1810045081",15.8820550893153,16.1227512359619,13041,2,"meta_highrescanopyheight_orthophoto",0.5,"orthophoto_50cm_2025","Ostlandet"
"NINFP2010013423",5.47500065130602,5.03017950057983,20265,4,"meta_highrescanopyheight_orthophoto",0.5,"orthophoto_50cm_2025","Ostlandet"
"NINFP2110061990",0.397818256906995,0.0239078849554062,20213,3,"meta_highrescanopyheight_orthophoto",0.5,"orthophoto_50cm_2025","Ostlandet"
"NINFP1810029109",0.198900195920185,0.0105224521830678,137052,9,"meta_highrescanopyheight_orthophoto",0.5,"orthophoto_50cm_2025","Ostlandet"
"NINFP2210110692",6.63029540448318,7.41339778900146,18638,2,"meta_highrescanopyheight_orthophoto",0.5,"orthophoto_50cm_2025","Ostlandet"
"NINFP1910016427",8.79434194497627,9.20682525634766,8405,2,"meta_highrescanopyheight_orthophoto",0.5,"orthophoto_50cm_2025","Ostlandet"
"NINFP1810034508",3.22538193495638,1.39119309186935,62226,6,"meta_highrescanopyheight_orthophoto",0.5,"orthophoto_50cm_2025","Ostlandet"
"NINFP2210107302",0.497770148975995,0.0116809466853738,27204,5,"meta_highrescanopyheight_orthophoto",0.5,"orthophoto_50cm_2025","Ostlandet"
"NINFP2410160924",0.0110019112651316,0.0102522224187851,42015,5,"meta_highrescanopyheight_orthophoto",0.5,"orthophoto_50cm_2025","Ostlandet"
"NINFP2110048874",6.96026421163997,7.44281911849976,15224,4,"meta_highrescanopyheight_orthophoto",0.5,"orthophoto_50cm_2025","Ostlandet"
"NINFP1810037427",7.09419923106026,7.79989147186279,44435,2,"meta_highrescanopyheight_orthophoto",0.5,"orthophoto_50cm_2025","Ostlandet"
"NINFP1810045062",3.74583652939244,2.09190738201141,6534,4,"meta_highrescanopyheight_orthophoto",0.5,"orthophoto_50cm_2025","Ostlandet"
"NINFP2110010491",0.677218424255442,0.0204907208681107,7309,2,"meta_highrescanopyheight_orthophoto",0.5,"orthophoto_50cm_2025","Ostlandet"
"NINFP2510219240",0.237076224458268,0.0106972381472588,16163,2,"meta_highrescanopyheight_orthophoto",0.5,"orthophoto_50cm_2025","Ostlandet"
"NINFP2210083585",0.0103106768982204,0.0101405754685402,7744,2,"meta_highrescanopyheight_orthophoto",0.5,"orthophoto_50cm_2025","Ostlandet"
"NINFP2410172309",0.0217051925640125,0.0101543786004186,49153,2,"meta_highrescanopyheight_orthophoto",0.5,"orthophoto_50cm_2025","Ostlandet"
"NINFP1810033373",4.86850170272767,4.84853458404541,41255,6,"meta_highrescanopyheight_orthophoto",0.5,"orthophoto_50cm_2025","Ostlandet"
"NINFP1810037582",1.12957570625219,0.0112477783113718,52149,6,"meta_highrescanopyheight_orthophoto",0.5,"orthophoto_50cm_2025","Ostlandet"
"NINFP2310137075",5.64899509870114,5.91865348815918,22833,3,"meta_highrescanopyheight_orthophoto",0.5,"orthophoto_50cm_2025","Ostlandet"
"NINFP2410173612",1.12831415662363,0.0551231876015663,401475,12,"meta_highrescanopyheight_orthophoto",0.5,"orthophoto_50cm_2025","Ostlandet"
"NINFP2210101757",5.92718262434246,6.05007886886597,5697,3,"meta_highrescanopyheight_orthophoto",0.5,"orthophoto_50cm_2025","Ostlandet"
"NINFP2110015653",0.0162910482563126,0.0117301708087325,1089,2,"meta_highrescanopyheight_orthophoto",0.5,"orthophoto_50cm_2025","Ostlandet"
"NINFP2310131172",3.04016175524014,1.00789594650269,81735,9,"meta_highrescanopyheight_orthophoto",0.5,"orthophoto_50cm_2025","Ostlandet"
"NINFP1810024450",4.65273473477724,4.31034994125366,35577,7,"meta_highrescanopyheight_orthophoto",0.5,"orthophoto_50cm_2025","Ostlandet"
"NINFP2410178480",0.592907482273009,0.0110434060916305,190816,14,"meta_highrescanopyheight_orthophoto",0.5,"orthophoto_50cm_2025","Ostlandet"
"NINFP1910047076",4.75277201550437,4.74821257591248,14150,2,"meta_highrescanopyheight_orthophoto",0.5,"orthophoto_50cm_2025","Ostlandet"
"NINFP2310142816",0.282575776229441,0.0112536973319948,21708,3,"meta_highrescanopyheight_orthophoto",0.5,"orthophoto_50cm_2025","Ostlandet"
"NINFP2210082182",0.233690803556513,0.0126633839681745,2067,2,"meta_highrescanopyheight_orthophoto",0.5,"orthophoto_50cm_2025","Ostlandet"
"NINFP2510201030",0.153816941566949,0.0103385839611292,44543,5,"meta_highrescanopyheight_orthophoto",0.5,"orthophoto_50cm_2025","Ostlandet"
"NINFP2310129786",3.30588738458724,2.49269223213196,16367,2,"meta_highrescanopyheight_orthophoto",0.5,"orthophoto_50cm_2025","Ostlandet"
"NINFP2010011170",3.26077514876255,0.603109776973724,6791,2,"meta_highrescanopyheight_orthophoto",0.5,"orthophoto_50cm_2025","Ostlandet"
"NINFP1810018843",4.67619211250284,4.62333250045776,14699,2,"meta_highrescanopyheight_orthophoto",0.5,"orthophoto_50cm_2025","Ostlandet"
"NINFP2110038282",1.88320546605726,0.666630744934082,4534,1,"meta_highrescanopyheight_orthophoto",0.5,"orthophoto_50cm_2025","Ostlandet"
"NINFP2110020302",4.83429025377023,4.83891773223877,10862,4,"meta_highrescanopyheight_orthophoto",0.5,"orthophoto_50cm_2025","Ostlandet"
"NINFP2210108885",3.11779301133239,0.324576169252396,1219,1,"meta_highrescanopyheight_orthophoto",0.5,"orthophoto_50cm_2025","Ostlandet"
"NINFP1810043202",9.00613128590023,9.53083419799805,5265,2,"meta_highrescanopyheight_orthophoto",0.5,"orthophoto_50cm_2025","Ostlandet"
"NINFP2110019268",1.66756555067633,0.506088882684708,12650,3,"meta_highrescanopyheight_orthophoto",0.5,"orthophoto_50cm_2025","Ostlandet"
"NINFP2010014674",5.07301689368373,3.17816305160522,4041,2,"meta_highrescanopyheight_orthophoto",0.5,"orthophoto_50cm_2025","Ostlandet"
"NINFP2110014499",5.38991091980669,5.06504249572754,5105,1,"meta_highrescanopyheight_orthophoto",0.5,"orthophoto_50cm_2025","Ostlandet"
"NINFP2010052447",0.446143308408589,0.0171644929796457,11831,2,"meta_highrescanopyheight_orthophoto",0.5,"orthophoto_50cm_2025","Ostlandet"
"NINFP2110019713",1.62642978558712,0.754002213478088,13349,2,"meta_highrescanopyheight_orthophoto",0.5,"orthophoto_50cm_2025","Ostlandet"
"NINFP2210099326",1.4363116603419,0.42332923412323,9151,2,"meta_highrescanopyheight_orthophoto",0.5,"orthophoto_50cm_2025","Ostlandet"
"NINFP1810032315",1.97169064187134,0.53052169084549,732,1,"meta_highrescanopyheight_orthophoto",0.5,"orthophoto_50cm_2025","Ostlandet"
"NINFP1810013249",3.80813590903746,3.53958630561829,63399,6,"meta_highrescanopyheight_orthophoto",0.5,"orthophoto_50cm_2025","Ostlandet"
"NINFP1910061112",0.290099108814001,0.0110355960205197,41467,4,"meta_highrescanopyheight_orthophoto",0.5,"orthophoto_50cm_2025","Ostlandet"
"NINFP1910031609",10.4507035573262,11.4189710617065,8005,2,"meta_highrescanopyheight_orthophoto",0.5,"orthophoto_50cm_2025","Ostlandet"
"NINFP2210084439",0.0100531299708133,0.0100446939468384,10790,2,"meta_highrescanopyheight_orthophoto",0.5,"orthophoto_50cm_2025","Ostlandet"
"NINFP1910040951",0.357446300556822,0.0133413821458817,32298,4,"meta_highrescanopyheight_orthophoto",0.5,"orthophoto_50cm_2025","Ostlandet"
"NINFP1910025934",0.070751061711937,0.013815444894135,6589,2,"meta_highrescanopyheight_orthophoto",0.5,"orthophoto_50cm_2025","Ostlandet"
"NINFP2110009741",0.855049929598935,0.0209905914962292,23937,3,"meta_highrescanopyheight_orthophoto",0.5,"orthophoto_50cm_2025","Ostlandet"
"NINFP1810041892",2.72504495575855,0.17533703148365,47688,5,"meta_highrescanopyheight_orthophoto",0.5,"orthophoto_50cm_2025","Ostlandet"
"NINFP1910001958",4.72456298570818,4.51280784606934,7149,3,"meta_highrescanopyheight_orthophoto",0.5,"orthophoto_50cm_2025","Ostlandet"
"NINFP2510210340",2.69114042862094,1.54913878440857,34171,5,"meta_highrescanopyheight_orthophoto",0.5,"orthophoto_50cm_2025","Ostlandet"
"NINFP1910015310",11.639732543384,12.0779604911804,18206,3,"meta_highrescanopyheight_orthophoto",0.5,"orthophoto_50cm_2025","Ostlandet"
"NINFP2510185214",4.86597033882986,2.85865783691406,4515,2,"meta_highrescanopyheight_orthophoto",0.5,"orthophoto_50cm_2025","Ostlandet"
"NINFP1810032077",5.93805504673344,6.00120162963867,73063,5,"meta_highrescanopyheight_orthophoto",0.5,"orthophoto_50cm_2025","Ostlandet"
"NINFP2510201466",0.118022445751141,0.0102513344027102,24256,4,"meta_highrescanopyheight_orthophoto",0.5,"orthophoto_50cm_2025","Ostlandet"
"NINFP2010008267",0.273798392785869,0.0132208820432425,30926,2,"meta_highrescanopyheight_orthophoto",0.5,"orthophoto_50cm_2025","Ostlandet"
"NINFP2510210683",0.990017245421378,0.0781744532287121,16786,2,"meta_highrescanopyheight_orthophoto",0.5,"orthophoto_50cm_2025","Ostlandet"
"NINFP1810038405",0.888086173243436,0.0268374849110842,31337,5,"meta_highrescanopyheight_orthophoto",0.5,"orthophoto_50cm_2025","Ostlandet"
"NINFP2010009562",0.671738878902002,0.0248334538191557,197663,15,"meta_highrescanopyheight_orthophoto",0.5,"orthophoto_50cm_2025","Ostlandet"
"NINFP1810032986",6.30185022470892,6.85632586479187,30636,4,"meta_highrescanopyheight_orthophoto",0.5,"orthophoto_50cm_2025","Ostlandet"
"NINFP1810032072",0.119490197142715,0.0107814595103264,6709,4,"meta_highrescanopyheight_orthophoto",0.5,"orthophoto_50cm_2025","Ostlandet"
"NINFP1810015784",4.56970020912118,3.86514616012573,5027,1,"meta_highrescanopyheight_orthophoto",0.5,"orthophoto_50cm_2025","Ostlandet"
"NINFP1810002110",0.360028874483583,0.0122098964639008,7408,2,"meta_highrescanopyheight_orthophoto",0.5,"orthophoto_50cm_2025","Ostlandet"
"NINFP1810014273",1.52567780646386,0.150002405047417,47225,4,"meta_highrescanopyheight_orthophoto",0.5,"orthophoto_50cm_2025","Ostlandet"
"NINFP1810013321",6.10783451092819,6.44666004180908,4703,4,"meta_highrescanopyheight_orthophoto",0.5,"orthophoto_50cm_2025","Ostlandet"
"NINFP1810034516",2.57107672207116,0.906101405620575,4461,4,"meta_highrescanopyheight_orthophoto",0.5,"orthophoto_50cm_2025","Ostlandet"
"NINFP2210092907",5.78224764301567,5.96272230148315,4977,3,"meta_highrescanopyheight_orthophoto",0.5,"orthophoto_50cm_2025","Ostlandet"
"NINFP1910033654",0.41163293108928,0.0105237471871078,140610,12,"meta_highrescanopyheight_orthophoto",0.5,"orthophoto_50cm_2025","Ostlandet"
"NINFP2510188973",2.90667789683419,2.5421746969223,5466,4,"meta_highrescanopyheight_orthophoto",0.5,"orthophoto_50cm_2025","Ostlandet"
"NINFP2510215535",4.79570016184361,3.20263254642487,66450,11,"meta_highrescanopyheight_orthophoto",0.5,"orthophoto_50cm_2025","Ostlandet"
"NINFP1910035329",0.428242244991743,0.0323566980659962,35310,2,"meta_highrescanopyheight_orthophoto",0.5,"orthophoto_50cm_2025","Ostlandet"
"NINFP2010003078",1.60543126390496,0.014299145899713,4757,2,"meta_highrescanopyheight_orthophoto",0.5,"orthophoto_50cm_2025","Ostlandet"
"NINFP2110019366",1.01713773914223,0.0839632004499435,31909,4,"meta_highrescanopyheight_orthophoto",0.5,"orthophoto_50cm_2025","Ostlandet"
"NINFP2510204026",4.48358794925256,3.93160223960876,16766,3,"meta_highrescanopyheight_orthophoto",0.5,"orthophoto_50cm_2025","Ostlandet"
"NINFP2310123123",7.99515677547948,8.44382667541504,9443,2,"meta_highrescanopyheight_orthophoto",0.5,"orthophoto_50cm_2025","Ostlandet"
"NINFP2010005607",3.3586575956977,2.6609902381897,17313,3,"meta_highrescanopyheight_orthophoto",0.5,"orthophoto_50cm_2025","Ostlandet"
"NINFP1810024772",6.21214672035628,5.71741342544556,36136,6,"meta_highrescanopyheight_orthophoto",0.5,"orthophoto_50cm_2025","Ostlandet"
"NINFP2410170036",4.13755920830122,3.37799334526062,25852,5,"meta_highrescanopyheight_orthophoto",0.5,"orthophoto_50cm_2025","Ostlandet"
"NINFP2510205356",0.0100887610002114,0.0100647835060954,42747,4,"meta_highrescanopyheight_orthophoto",0.5,"orthophoto_50cm_2025","Ostlandet"
"NINFP2210076136",5.07268960416416,4.63451409339905,20948,1,"meta_highrescanopyheight_orthophoto",0.5,"orthophoto_50cm_2025","Ostlandet"
"NINFP2510211351",1.09118644890005,0.0421155318617821,22070,3,"meta_highrescanopyheight_orthophoto",0.5,"orthophoto_50cm_2025","Ostlandet"
"NINFP2410183108",5.80790545468637,5.70975375175476,8060,2,"meta_highrescanopyheight_orthophoto",0.5,"orthophoto_50cm_2025","Ostlandet"
"NINFP2110011802",3.67652612000676,2.25062251091003,11417,3,"meta_highrescanopyheight_orthophoto",0.5,"orthophoto_50cm_2025","Ostlandet"
"NINFP2510215835",2.13780760280505,1.08958077430725,14938,2,"meta_highrescanopyheight_orthophoto",0.5,"orthophoto_50cm_2025","Ostlandet"
"NINFP2110054615",3.72621484248941,2.6457279920578,6998,2,"meta_highrescanopyheight_orthophoto",0.5,"orthophoto_50cm_2025","Ostlandet"
"NINFP2510196814",0.126208388352447,0.0110480058938265,7725,2,"meta_highrescanopyheight_orthophoto",0.5,"orthophoto_50cm_2025","Ostlandet"
"NINFP2210085061",0.282215543009703,0.0106513435021043,4520,2,"meta_highrescanopyheight_orthophoto",0.5,"orthophoto_50cm_2025","Ostlandet"
"NINFP1910035303",5.39056079793267,5.51662063598633,9589,2,"meta_highrescanopyheight_orthophoto",0.5,"orthophoto_50cm_2025","Ostlandet"
"NINFP1910019630",1.40660362325801,0.568259298801422,9651,2,"meta_highrescanopyheight_orthophoto",0.5,"orthophoto_50cm_2025","Ostlandet"
"NINFP2510186603",3.31698463371018,2.57178902626038,5085,2,"meta_highrescanopyheight_orthophoto",0.5,"orthophoto_50cm_2025","Ostlandet"
"NINFP2510194553",6.42526748744093,7.01376438140869,5759,1,"meta_highrescanopyheight_orthophoto",0.5,"orthophoto_50cm_2025","Ostlandet"
"NINFP1910025461",3.17252261569126,2.66848230361938,7483,1,"meta_highrescanopyheight_orthophoto",0.5,"orthophoto_50cm_2025","Ostlandet"
"NINFP2010001240",0.399621073347859,0.0106722684577107,4173,1,"meta_highrescanopyheight_orthophoto",0.5,"orthophoto_50cm_2025","Ostlandet"
"NINFP1810020964",1.41608304076802,0.415797382593155,8387,2,"meta_highrescanopyheight_orthophoto",0.5,"orthophoto_50cm_2025","Ostlandet"
"NINFP2110040923",10.6528718327771,11.1648988723755,5699,2,"meta_highrescanopyheight_orthophoto",0.5,"orthophoto_50cm_2025","Ostlandet"
"NINFP2110023961",0.448276453182145,0.0104017667472363,23655,10,"meta_highrescanopyheight_orthophoto",0.5,"orthophoto_50cm_2025","Ostlandet"
"NINFP2410169692",1.35581258498729,0.124595198780298,9056,3,"meta_highrescanopyheight_orthophoto",0.5,"orthophoto_50cm_2025","Ostlandet"
"NINFP1810034532",6.97728590522663,7.17915487289429,41065,6,"meta_highrescanopyheight_orthophoto",0.5,"orthophoto_50cm_2025","Ostlandet"
"NINFP2410164123",2.75702067602082,1.09441065788269,42607,4,"meta_highrescanopyheight_orthophoto",0.5,"orthophoto_50cm_2025","Ostlandet"
"NINFP2010006739",3.14332087715913,1.86957281827927,3028,2,"meta_highrescanopyheight_orthophoto",0.5,"orthophoto_50cm_2025","Ostlandet"
"NINFP2210081310",5.70818641324946,5.48845791816711,24648,3,"meta_highrescanopyheight_orthophoto",0.5,"orthophoto_50cm_2025","Ostlandet"
"NINFP2010045701",0.132551441790405,0.0105763431638479,5595,2,"meta_highrescanopyheight_orthophoto",0.5,"orthophoto_50cm_2025","Ostlandet"
"NINFP2310142600",1.14417027957663,0.0985484942793846,41202,2,"meta_highrescanopyheight_orthophoto",0.5,"orthophoto_50cm_2025","Ostlandet"
"NINFP1810015653",0.633253893900091,0.0757710970938206,13908,1,"meta_highrescanopyheight_orthophoto",0.5,"orthophoto_50cm_2025","Ostlandet"
"NINFP2410176250",4.73923390117921,4.74299740791321,7136,1,"meta_highrescanopyheight_orthophoto",0.5,"orthophoto_50cm_2025","Ostlandet"
"NINFP1810034909",12.8491633733114,12.42702293396,78,1,"meta_highrescanopyheight_orthophoto",0.5,"orthophoto_50cm_2025","Ostlandet"
"NINFP2510194380",0.140116244962203,0.0108627555891871,30207,4,"meta_highrescanopyheight_orthophoto",0.5,"orthophoto_50cm_2025","Ostlandet"
"NINFP1810036279",3.25422392959818,2.49609327316284,866587,29,"meta_highrescanopyheight_orthophoto",0.5,"orthophoto_50cm_2025","Ostlandet"
"NINFP1810020848",4.09192792312773,3.5948121547699,4470,4,"meta_highrescanopyheight_orthophoto",0.5,"orthophoto_50cm_2025","Ostlandet"
"NINFP2510200392",2.0209077326918,0.781697690486908,6189,2,"meta_highrescanopyheight_orthophoto",0.5,"orthophoto_50cm_2025","Ostlandet"
"NINFP2110048865",3.74340971582437,3.11767578125,8303,4,"meta_highrescanopyheight_orthophoto",0.5,"orthophoto_50cm_2025","Ostlandet"
"NINFP1810043009",4.28057054730802,3.60677003860474,82879,8,"meta_highrescanopyheight_orthophoto",0.5,"orthophoto_50cm_2025","Ostlandet"
"NINFP2110008013",0.251627914764119,0.0102077620103955,43059,4,"meta_highrescanopyheight_orthophoto",0.5,"orthophoto_50cm_2025","Ostlandet"
"NINFP2410167347",2.89282328155035,1.08610469102859,6500,2,"meta_highrescanopyheight_orthophoto",0.5,"orthophoto_50cm_2025","Ostlandet"
"NINFP1810030637",5.51085949354528,5.49054050445557,12127,2,"meta_highrescanopyheight_orthophoto",0.5,"orthophoto_50cm_2025","Ostlandet"
"NINFP1810010371",8.4556881375137,8.20665216445923,44816,5,"meta_highrescanopyheight_orthophoto",0.5,"orthophoto_50cm_2025","Ostlandet"
"NINFP2410163995",1.22507126419259,0.107845403254032,4139,1,"meta_highrescanopyheight_orthophoto",0.5,"orthophoto_50cm_2025","Ostlandet"
"NINFP1810012580",4.26961652273825,3.15015935897827,71879,8,"meta_highrescanopyheight_orthophoto",0.5,"orthophoto_50cm_2025","Ostlandet"
"NINFP1810009041",4.61630056521018,1.84473598003387,6948,1,"meta_highrescanopyheight_orthophoto",0.5,"orthophoto_50cm_2025","Ostlandet"
"NINFP2510207466",0.115315476023067,0.0134795135818422,26656,4,"meta_highrescanopyheight_orthophoto",0.5,"orthophoto_50cm_2025","Ostlandet"
"NINFP1910018044",1.12742899544955,0.185936972498894,56105,4,"meta_highrescanopyheight_orthophoto",0.5,"orthophoto_50cm_2025","Ostlandet"
"NINFP2510214068",3.67910749185607,1.41914349794388,12072,4,"meta_highrescanopyheight_orthophoto",0.5,"orthophoto_50cm_2025","Ostlandet"
"NINFP2210094054",0.172332138734901,0.0104839652776718,21415,4,"meta_highrescanopyheight_orthophoto",0.5,"orthophoto_50cm_2025","Ostlandet"
"NINFP1810011957",2.3049742347353,1.41325885057449,11572,2,"meta_highrescanopyheight_orthophoto",0.5,"orthophoto_50cm_2025","Ostlandet"
"NINFP2110022511",0.407126877756251,0.0112168341875076,28265,4,"meta_highrescanopyheight_orthophoto",0.5,"orthophoto_50cm_2025","Ostlandet"
"NINFP1810036948",0.79674109113678,0.0367452763020992,91448,5,"meta_highrescanopyheight_orthophoto",0.5,"orthophoto_50cm_2025","Ostlandet"
"NINFP2110064098",1.95141145515352,0.591767907142639,29337,2,"meta_highrescanopyheight_orthophoto",0.5,"orthophoto_50cm_2025","Ostlandet"
"NINFP2410160735",0.0126738616807466,0.0101490775123239,36395,3,"meta_highrescanopyheight_orthophoto",0.5,"orthophoto_50cm_2025","Ostlandet"
"NINFP2510216127",6.90619320772604,6.96560192108154,6046,1,"meta_highrescanopyheight_orthophoto",0.5,"orthophoto_50cm_2025","Ostlandet"
"NINFP1810041109",5.36172177820883,5.20318937301636,3765,1,"meta_highrescanopyheight_orthophoto",0.5,"orthophoto_50cm_2025","Ostlandet"
"NINFP2510216543",0.0567024413833873,0.0144296223297715,9881,2,"meta_highrescanopyheight_orthophoto",0.5,"orthophoto_50cm_2025","Ostlandet"
"NINFP2410175627",2.68980984560983,0.754941314458847,18696,1,"meta_highrescanopyheight_orthophoto",0.5,"orthophoto_50cm_2025","Ostlandet"
"NINFP1810024590",3.49778990743044,0.982752233743668,98262,8,"meta_highrescanopyheight_orthophoto",0.5,"orthophoto_50cm_2025","Ostlandet"
"NINFP2210083586",2.41343890133912,0.48491296172142,14083,2,"meta_highrescanopyheight_orthophoto",0.5,"orthophoto_50cm_2025","Ostlandet"
"NINFP2210094047",2.14269224365306,1.51125520467758,6892,3,"meta_highrescanopyheight_orthophoto",0.5,"orthophoto_50cm_2025","Ostlandet"
"NINFP2310136826",1.31538154750912,0.839062929153442,14824,2,"meta_highrescanopyheight_orthophoto",0.5,"orthophoto_50cm_2025","Ostlandet"
"NINFP1810041915",5.0017387596256,5.21487808227539,50905,4,"meta_highrescanopyheight_orthophoto",0.5,"orthophoto_50cm_2025","Ostlandet"
"NINFP2110017984",2.0126944539802,1.15171992778778,12189,1,"meta_highrescanopyheight_orthophoto",0.5,"orthophoto_50cm_2025","Ostlandet"
"NINFP1810010372",5.26590422224694,4.81229209899902,7567,2,"meta_highrescanopyheight_orthophoto",0.5,"orthophoto_50cm_2025","Ostlandet"
"NINFP2310123560",3.25563801280403,1.77547585964203,4673,2,"meta_highrescanopyheight_orthophoto",0.5,"orthophoto_50cm_2025","Ostlandet"
"NINFP2110039364",0.89677396956637,0.0101853720843792,188311,24,"meta_highrescanopyheight_orthophoto",0.5,"orthophoto_50cm_2025","Ostlandet"
"NINFP2110017932",0.323531381924877,0.0102851912379265,37961,4,"meta_highrescanopyheight_orthophoto",0.5,"orthophoto_50cm_2025","Ostlandet"
"NINFP2510200396",1.45066772155766,0.257730171084404,45796,4,"meta_highrescanopyheight_orthophoto",0.5,"orthophoto_50cm_2025","Ostlandet"
"NINFP2210099037",0.115177426742665,0.0101572358980775,22545,3,"meta_highrescanopyheight_orthophoto",0.5,"orthophoto_50cm_2025","Ostlandet"
"NINFP2510215494",4.56870850570673,4.37860488891602,72037,4,"meta_highrescanopyheight_orthophoto",0.5,"orthophoto_50cm_2025","Ostlandet"
"NINFP1810022544",0.583952881662539,0.0214551705867052,16048,2,"meta_highrescanopyheight_orthophoto",0.5,"orthophoto_50cm_2025","Ostlandet"
"NINFP2410161475",0.895808633688809,0.0153495045378804,446015,15,"meta_highrescanopyheight_orthophoto",0.5,"orthophoto_50cm_2025","Ostlandet"
"NINFP2010001917",2.57811628613137,0.0481985174119473,7929,2,"meta_highrescanopyheight_orthophoto",0.5,"orthophoto_50cm_2025","Ostlandet"
"NINFP2310122130",1.12491946701106,0.0242634527385235,47942,4,"meta_highrescanopyheight_orthophoto",0.5,"orthophoto_50cm_2025","Ostlandet"
"NINFP2510191013",4.52948932465351,3.68583536148071,8211,3,"meta_highrescanopyheight_orthophoto",0.5,"orthophoto_50cm_2025","Ostlandet"
"NINFP1910022727",4.41701086998679,1.92904633283615,15092,4,"meta_highrescanopyheight_orthophoto",0.5,"orthophoto_50cm_2025","Ostlandet"
"NINFP2410157399",0.0122011096029074,0.0101128425449133,13578,4,"meta_highrescanopyheight_orthophoto",0.5,"orthophoto_50cm_2025","Ostlandet"
"NINFP2010034359",3.49264891132901,2.37910163402557,17448,2,"meta_highrescanopyheight_orthophoto",0.5,"orthophoto_50cm_2025","Ostlandet"
"NINFP2510186605",2.16154455636867,0.672812134027481,9452,2,"meta_highrescanopyheight_orthophoto",0.5,"orthophoto_50cm_2025","Ostlandet"
"NINFP2010023564",6.26140511731026,6.7681360244751,8351,2,"meta_highrescanopyheight_orthophoto",0.5,"orthophoto_50cm_2025","Ostlandet"
"NINFP1810028951",3.33965831715849,1.87967532873154,153014,8,"meta_highrescanopyheight_orthophoto",0.5,"orthophoto_50cm_2025","Ostlandet"
"NINFP2110044813",0.132672181376134,0.0103993862867355,31002,4,"meta_highrescanopyheight_orthophoto",0.5,"orthophoto_50cm_2025","Ostlandet"
"NINFP1910061110",1.6052426724882,0.445652484893799,14794,2,"meta_highrescanopyheight_orthophoto",0.5,"orthophoto_50cm_2025","Ostlandet"
"NINFP1810022480",1.38200181728329,0.0649250149726868,15603,2,"meta_highrescanopyheight_orthophoto",0.5,"orthophoto_50cm_2025","Ostlandet"
"NINFP1910048775",2.47554752750515,0.813728928565979,16924,3,"meta_highrescanopyheight_orthophoto",0.5,"orthophoto_50cm_2025","Ostlandet"
"NINFP1810014751",6.79525457157464,6.86849784851074,7391,2,"meta_highrescanopyheight_orthophoto",0.5,"orthophoto_50cm_2025","Ostlandet"
"NINFP1810034338",8.59917047086839,9.27689456939697,4813,2,"meta_highrescanopyheight_orthophoto",0.5,"orthophoto_50cm_2025","Ostlandet"
"NINFP2510208609",5.7347311870132,4.1138129234314,14883,2,"meta_highrescanopyheight_orthophoto",0.5,"orthophoto_50cm_2025","Ostlandet"
"NINFP2510213149",0.491657771628953,0.0466138534247875,5712,4,"meta_highrescanopyheight_orthophoto",0.5,"orthophoto_50cm_2025","Ostlandet"
"NINFP2010053516",0.41970027134562,0.018606448546052,11369,2,"meta_highrescanopyheight_orthophoto",0.5,"orthophoto_50cm_2025","Ostlandet"
"NINFP1910035298",1.2682872683968,0.0261749587953091,4521,1,"meta_highrescanopyheight_orthophoto",0.5,"orthophoto_50cm_2025","Ostlandet"
"NINFP2110011477",0.0966511517545352,0.0114594455808401,1625,1,"meta_highrescanopyheight_orthophoto",0.5,"orthophoto_50cm_2025","Ostlandet"
"NINFP2210102140",5.34255072693021,5.59934043884277,4559,2,"meta_highrescanopyheight_orthophoto",0.5,"orthophoto_50cm_2025","Ostlandet"
"NINFP2310135343",0.0140353126990098,0.0102934595197439,7648,2,"meta_highrescanopyheight_orthophoto",0.5,"orthophoto_50cm_2025","Ostlandet"
"NINFP2110029250",0.926376340887782,0.0131468083709478,21735,3,"meta_highrescanopyheight_orthophoto",0.5,"orthophoto_50cm_2025","Ostlandet"
"NINFP2110018057",0.0244932708135269,0.0100929932668805,96738,7,"meta_highrescanopyheight_orthophoto",0.5,"orthophoto_50cm_2025","Ostlandet"
"NINFP2010034556",7.19780398228191,7.41117596626282,6796,2,"meta_highrescanopyheight_orthophoto",0.5,"orthophoto_50cm_2025","Ostlandet"
"NINFP1810018853",1.22132680726906,0.22648873180151,11498,1,"meta_highrescanopyheight_orthophoto",0.5,"orthophoto_50cm_2025","Ostlandet"
"NINFP2210083584",0.0100625951797024,0.0100550279021263,9146,2,"meta_highrescanopyheight_orthophoto",0.5,"orthophoto_50cm_2025","Ostlandet"
"NINFP2110071325",1.34350562449345,0.229177258908749,4190,1,"meta_highrescanopyheight_orthophoto",0.5,"orthophoto_50cm_2025","Ostlandet"
"NINFP2310135348",2.78963045568756,1.30813384056091,4766,2,"meta_highrescanopyheight_orthophoto",0.5,"orthophoto_50cm_2025","Ostlandet"
"NINFP2310136491",3.67384428995871,3.57434952259064,19612,2,"meta_highrescanopyheight_orthophoto",0.5,"orthophoto_50cm_2025","Ostlandet"
"NINFP2510206889",6.7528045861301,7.47129774093628,8222,2,"meta_highrescanopyheight_orthophoto",0.5,"orthophoto_50cm_2025","Ostlandet"
"NINFP2410156040",0.0629623036191645,0.0103857833892107,64101,5,"meta_highrescanopyheight_orthophoto",0.5,"orthophoto_50cm_2025","Ostlandet"
"NINFP1810029912",5.46627218934291,5.28900861740112,16663,4,"meta_highrescanopyheight_orthophoto",0.5,"orthophoto_50cm_2025","Ostlandet"
"NINFP1810041495",6.68605331429092,5.3882052898407,11984,3,"meta_highrescanopyheight_orthophoto",0.5,"orthophoto_50cm_2025","Ostlandet"
"NINFP2010036037",2.85090913871924,2.67936480045319,102,2,"meta_highrescanopyheight_orthophoto",0.5,"orthophoto_50cm_2025","Ostlandet"
"NINFP1810038661",0.858226815245838,0.0406986773014069,228109,11,"meta_highrescanopyheight_orthophoto",0.5,"orthophoto_50cm_2025","Ostlandet"
"NINFP2010013556",3.15576039359098,2.06459951400757,6692,2,"meta_highrescanopyheight_orthophoto",0.5,"orthophoto_50cm_2025","Ostlandet"
"NINFP2010002185",2.41856878511423,0.118118561804295,6976,1,"meta_highrescanopyheight_orthophoto",0.5,"orthophoto_50cm_2025","Ostlandet"
"NINFP2010051184",0.0105400586352419,0.0101551599800587,9392,2,"meta_highrescanopyheight_orthophoto",0.5,"orthophoto_50cm_2025","Ostlandet"
"NINFP1910052666",1.24053435457447,0.0111081842333078,19085,6,"meta_highrescanopyheight_orthophoto",0.5,"orthophoto_50cm_2025","Ostlandet"
"NINFP1910019573",5.32778203295824,5.31903481483459,23284,4,"meta_highrescanopyheight_orthophoto",0.5,"orthophoto_50cm_2025","Ostlandet"
"NINFP2010002095",8.59664151700529,9.69783782958984,9193,2,"meta_highrescanopyheight_orthophoto",0.5,"orthophoto_50cm_2025","Ostlandet"
"NINFP1810026753",2.22257140869433,0.635520577430725,20047,3,"meta_highrescanopyheight_orthophoto",0.5,"orthophoto_50cm_2025","Ostlandet"
"NINFP1810029911",4.56252077530847,3.45754408836365,4578,2,"meta_highrescanopyheight_orthophoto",0.5,"orthophoto_50cm_2025","Ostlandet"
"NINFP2210111040",1.69847731765213,0.365876913070679,7115,2,"meta_highrescanopyheight_orthophoto",0.5,"orthophoto_50cm_2025","Ostlandet"
"NINFP2210095635",1.8430831924751,0.93421944975853,34902,3,"meta_highrescanopyheight_orthophoto",0.5,"orthophoto_50cm_2025","Ostlandet"
"NINFP2310141261",5.92518145616579,6.07110548019409,17695,3,"meta_highrescanopyheight_orthophoto",0.5,"orthophoto_50cm_2025","Ostlandet"
"NINFP1810010514",0.0127039437329969,0.0108255129307508,8341,2,"meta_highrescanopyheight_orthophoto",0.5,"orthophoto_50cm_2025","Ostlandet"
"NINFP2410182330",4.15533788132485,4.16441416740417,30422,9,"meta_highrescanopyheight_orthophoto",0.5,"orthophoto_50cm_2025","Ostlandet"
"NINFP1910059901",0.351816812803293,0.0140282195061445,11583,2,"meta_highrescanopyheight_orthophoto",0.5,"orthophoto_50cm_2025","Ostlandet"
"NINFP1810024568",0.104603289221146,0.0101765189319849,367461,15,"meta_highrescanopyheight_orthophoto",0.5,"orthophoto_50cm_2025","Ostlandet"
"NINFP1810023718",1.73047557405297,0.541642785072327,8717,2,"meta_highrescanopyheight_orthophoto",0.5,"orthophoto_50cm_2025","Ostlandet"
"NINFP1810014921",1.50741614531429,0.160748600959778,7230,4,"meta_highrescanopyheight_orthophoto",0.5,"orthophoto_50cm_2025","Ostlandet"
"NINFP1810024147",1.60740157724154,0.389254927635193,34372,4,"meta_highrescanopyheight_orthophoto",0.5,"orthophoto_50cm_2025","Ostlandet"
"NINFP2110043302",5.18396788331454,5.09220504760742,36111,6,"meta_highrescanopyheight_orthophoto",0.5,"orthophoto_50cm_2025","Ostlandet"
"NINFP1910015660",0.348192512542269,0.0219015013426542,7175,2,"meta_highrescanopyheight_orthophoto",0.5,"orthophoto_50cm_2025","Ostlandet"
"NINFP2010026519",0.011018077232058,0.0100810499861836,8465,3,"meta_highrescanopyheight_orthophoto",0.5,"orthophoto_50cm_2025","Ostlandet"
"NINFP2010026062",0.396242367679777,0.0134033188223839,5495,1,"meta_highrescanopyheight_orthophoto",0.5,"orthophoto_50cm_2025","Ostlandet"
"NINFP2510218468",0.282027652373051,0.0125770820304751,168770,7,"meta_highrescanopyheight_orthophoto",0.5,"orthophoto_50cm_2025","Ostlandet"
"NINFP2410162927",0.0497976632703844,0.0103544052690268,15527,3,"meta_highrescanopyheight_orthophoto",0.5,"orthophoto_50cm_2025","Ostlandet"
"NINFP2210114064",0.0363189760315854,0.0103326691314578,17787,2,"meta_highrescanopyheight_orthophoto",0.5,"orthophoto_50cm_2025","Ostlandet"
"NINFP2010034038",5.06336772207307,5.60706615447998,4505,1,"meta_highrescanopyheight_orthophoto",0.5,"orthophoto_50cm_2025","Ostlandet"
"NINFP2110022526",0.288890450007706,0.0109075680375099,9969,2,"meta_highrescanopyheight_orthophoto",0.5,"orthophoto_50cm_2025","Ostlandet"
"NINFP1810041086",1.75440097371829,0.535384088754654,12508,2,"meta_highrescanopyheight_orthophoto",0.5,"orthophoto_50cm_2025","Ostlandet"
"NINFP2010040009",5.57587560083933,5.96449851989746,25471,4,"meta_highrescanopyheight_orthophoto",0.5,"orthophoto_50cm_2025","Ostlandet"
"NINFP2510204382",0.673386912743287,0.052089661359787,29309,4,"meta_highrescanopyheight_orthophoto",0.5,"orthophoto_50cm_2025","Ostlandet"
"NINFP2410183478",9.54081631515114,10.072681427002,5099,4,"meta_highrescanopyheight_orthophoto",0.5,"orthophoto_50cm_2025","Ostlandet"
"NINFP1810034852",2.21797815977074,0.891229569911957,11969,3,"meta_highrescanopyheight_orthophoto",0.5,"orthophoto_50cm_2025","Ostlandet"
"NINFP2110055064",0.670061645057876,0.0896253511309624,23982,3,"meta_highrescanopyheight_orthophoto",0.5,"orthophoto_50cm_2025","Ostlandet"
"NINFP1910034064",2.81316649035542,1.76156997680664,5157,1,"meta_highrescanopyheight_orthophoto",0.5,"orthophoto_50cm_2025","Ostlandet"
"NINFP2310136286",2.24844746946701,1.21472835540771,7510,4,"meta_highrescanopyheight_orthophoto",0.5,"orthophoto_50cm_2025","Ostlandet"
"NINFP1810018694",6.16847642580353,6.5188524723053,16594,2,"meta_highrescanopyheight_orthophoto",0.5,"orthophoto_50cm_2025","Ostlandet"
"NINFP2110041029",11.0672628937745,13.3183631896973,12522,4,"meta_highrescanopyheight_orthophoto",0.5,"orthophoto_50cm_2025","Ostlandet"
"NINFP2010052443",1.39812709170138,0.131249815225601,30715,5,"meta_highrescanopyheight_orthophoto",0.5,"orthophoto_50cm_2025","Ostlandet"
"NINFP1810030246",4.99520542874563,4.86995601654053,5645,3,"meta_highrescanopyheight_orthophoto",0.5,"orthophoto_50cm_2025","Ostlandet"
"NINFP2510219729",1.01226773625067,0.0350928604602814,471143,23,"meta_highrescanopyheight_orthophoto",0.5,"orthophoto_50cm_2025","Ostlandet"
"NINFP2110070351",0.0222612643396845,0.010069262702018,188742,10,"meta_highrescanopyheight_orthophoto",0.5,"orthophoto_50cm_2025","Ostlandet"
"NINFP2210108379",6.68772610093318,6.60982131958008,18096,4,"meta_highrescanopyheight_orthophoto",0.5,"orthophoto_50cm_2025","Ostlandet"
"NINFP1810042340",8.71991941387629,9.21300411224365,16587,3,"meta_highrescanopyheight_orthophoto",0.5,"orthophoto_50cm_2025","Ostlandet"
"NINFP1910059147",7.38036468139639,7.60502243041992,67769,8,"meta_highrescanopyheight_orthophoto",0.5,"orthophoto_50cm_2025","Ostlandet"
"NINFP2010013291",1.80310800096494,0.183189749717712,49098,5,"meta_highrescanopyheight_orthophoto",0.5,"orthophoto_50cm_2025","Ostlandet"
"NINFP1810011979",4.17904398403175,4.31604743003845,20174,3,"meta_highrescanopyheight_orthophoto",0.5,"orthophoto_50cm_2025","Ostlandet"
"NINFP2210099431",1.77999049038616,0.76550555229187,4277,2,"meta_highrescanopyheight_orthophoto",0.5,"orthophoto_50cm_2025","Ostlandet"
"NINFP2510195999",3.68195382351263,2.55143213272095,6560,1,"meta_highrescanopyheight_orthophoto",0.5,"orthophoto_50cm_2025","Ostlandet"
"NINFP2410164119",0.0961941000530598,0.0101411109790206,39685,6,"meta_highrescanopyheight_orthophoto",0.5,"orthophoto_50cm_2025","Ostlandet"
"NINFP2510218275",4.25993326892526,4.16743183135986,15716,3,"meta_highrescanopyheight_orthophoto",0.5,"orthophoto_50cm_2025","Ostlandet"
"NINFP1910033823",4.56664127725612,4.22062134742737,10700,4,"meta_highrescanopyheight_orthophoto",0.5,"orthophoto_50cm_2025","Ostlandet"
"NINFP2210114050",4.21274102773902,3.87049126625061,176212,15,"meta_highrescanopyheight_orthophoto",0.5,"orthophoto_50cm_2025","Ostlandet"
"NINFP2110010655",10.637763072401,10.9950590133667,569,1,"meta_highrescanopyheight_orthophoto",0.5,"orthophoto_50cm_2025","Ostlandet"
"NINFP2110007520",4.10034443744858,2.3011063337326,6446,2,"meta_highrescanopyheight_orthophoto",0.5,"orthophoto_50cm_2025","Ostlandet"
"NINFP2010033310",2.73772530181622,0.403448149561882,14446,3,"meta_highrescanopyheight_orthophoto",0.5,"orthophoto_50cm_2025","Ostlandet"
"NINFP2310142650",1.89963954091642,0.456240773200989,39827,4,"meta_highrescanopyheight_orthophoto",0.5,"orthophoto_50cm_2025","Ostlandet"
"NINFP2010020478",7.07419201934637,6.28892660140991,2723,2,"meta_highrescanopyheight_orthophoto",0.5,"orthophoto_50cm_2025","Ostlandet"
"NINFP2010023560",5.5909876048656,5.87632369995117,6219,4,"meta_highrescanopyheight_orthophoto",0.5,"orthophoto_50cm_2025","Ostlandet"
"NINFP2010020023",4.23278957110516,4.49921178817749,11488,4,"meta_highrescanopyheight_orthophoto",0.5,"orthophoto_50cm_2025","Ostlandet"
"NINFP1810042047",4.15038600271441,3.65211129188538,98962,5,"meta_highrescanopyheight_orthophoto",0.5,"orthophoto_50cm_2025","Ostlandet"
"NINFP1910047322",1.00010602149163,0.0104634827002883,17995,3,"meta_highrescanopyheight_orthophoto",0.5,"orthophoto_50cm_2025","Ostlandet"
"NINFP2010034333",2.92929333398276,2.19986701011658,6695,2,"meta_highrescanopyheight_orthophoto",0.5,"orthophoto_50cm_2025","Ostlandet"
"NINFP2210094874",0.669445335271046,0.0308094089850783,4442,1,"meta_highrescanopyheight_orthophoto",0.5,"orthophoto_50cm_2025","Ostlandet"
"NINFP2510219356",0.813343129872976,0.0703479200601578,8335,3,"meta_highrescanopyheight_orthophoto",0.5,"orthophoto_50cm_2025","Ostlandet"
"NINFP2010020475",0.136939420867028,0.0102721909061074,381897,20,"meta_highrescanopyheight_orthophoto",0.5,"orthophoto_50cm_2025","Ostlandet"
"NINFP1810015605",1.77260863805453,0.46837230026722,7876,1,"meta_highrescanopyheight_orthophoto",0.5,"orthophoto_50cm_2025","Ostlandet"
"NINFP2510193984",3.68640405076264,3.01654386520386,135213,8,"meta_highrescanopyheight_orthophoto",0.5,"orthophoto_50cm_2025","Ostlandet"
"NINFP2010011687",1.44594445140307,0.0535760913044214,43498,4,"meta_highrescanopyheight_orthophoto",0.5,"orthophoto_50cm_2025","Ostlandet"
"NINFP2110018533",0.412161844633837,0.0176896546036005,5161,2,"meta_highrescanopyheight_orthophoto",0.5,"orthophoto_50cm_2025","Ostlandet"
"NINFP2510188151",1.32813352720588,0.0240966845303774,24546,5,"meta_highrescanopyheight_orthophoto",0.5,"orthophoto_50cm_2025","Ostlandet"
"NINFP1810026096",0.81060364572416,0.0118064749985933,99683,10,"meta_highrescanopyheight_orthophoto",0.5,"orthophoto_50cm_2025","Ostlandet"
"NINFP2210103967",2.01840292305054,0.264438450336456,471007,24,"meta_highrescanopyheight_orthophoto",0.5,"orthophoto_50cm_2025","Ostlandet"
"NINFP2110014851",0.127575418450439,0.0116502437740564,5399,3,"meta_highrescanopyheight_orthophoto",0.5,"orthophoto_50cm_2025","Ostlandet"
"NINFP2210111050",5.88210858825282,6.23204278945923,5315,2,"meta_highrescanopyheight_orthophoto",0.5,"orthophoto_50cm_2025","Ostlandet"
"NINFP2310142598",0.681526398101635,0.0293565290048718,19778,2,"meta_highrescanopyheight_orthophoto",0.5,"orthophoto_50cm_2025","Ostlandet"
"NINFP2010038893",3.14933985028294,1.95734345912933,6720,1,"meta_highrescanopyheight_orthophoto",0.5,"orthophoto_50cm_2025","Ostlandet"
"NINFP2110024317",1.84476330194023,0.361630126833916,183396,8,"meta_highrescanopyheight_orthophoto",0.5,"orthophoto_50cm_2025","Ostlandet"
"NINFP2510186816",1.11107793863924,0.0610178988426924,4988,1,"meta_highrescanopyheight_orthophoto",0.5,"orthophoto_50cm_2025","Ostlandet"
"NINFP1810043216",2.36150713869307,0.271618008613586,21395,4,"meta_highrescanopyheight_orthophoto",0.5,"orthophoto_50cm_2025","Ostlandet"
"NINFP1810042149",1.39163073726484,0.0693187527358532,5956,1,"meta_highrescanopyheight_orthophoto",0.5,"orthophoto_50cm_2025","Ostlandet"
"NINFP2510190510",1.43917896284796,0.189618609845638,10138,3,"meta_highrescanopyheight_orthophoto",0.5,"orthophoto_50cm_2025","Ostlandet"
"NINFP2410183590",4.84755142835551,4.89380717277527,67172,6,"meta_highrescanopyheight_orthophoto",0.5,"orthophoto_50cm_2025","Ostlandet"
"NINFP2410147924",1.21719140805576,0.0302532278001308,89667,5,"meta_highrescanopyheight_orthophoto",0.5,"orthophoto_50cm_2025","Ostlandet"
"NINFP2510184866",10.7253297629353,10.8401975631714,2779,1,"meta_highrescanopyheight_orthophoto",0.5,"orthophoto_50cm_2025","Ostlandet"
"NINFP1810042584",9.37661367387182,10.1285972595215,99307,6,"meta_highrescanopyheight_orthophoto",0.5,"orthophoto_50cm_2025","Ostlandet"
"NINFP2410175171",0.281668456377946,0.0215300479903817,87286,7,"meta_highrescanopyheight_orthophoto",0.5,"orthophoto_50cm_2025","Ostlandet"
"NINFP1910033420",2.22577513024934,0.0946936309337616,14169,2,"meta_highrescanopyheight_orthophoto",0.5,"orthophoto_50cm_2025","Ostlandet"
"NINFP2310142660",5.914878512114,6.55390739440918,7203,2,"meta_highrescanopyheight_orthophoto",0.5,"orthophoto_50cm_2025","Ostlandet"
"NINFP2310128636",2.95077034498958,2.28033518791199,11819,2,"meta_highrescanopyheight_orthophoto",0.5,"orthophoto_50cm_2025","Ostlandet"
"NINFP2410183835",1.12807084841647,0.0168168926611543,136884,8,"meta_highrescanopyheight_orthophoto",0.5,"orthophoto_50cm_2025","Ostlandet"
"NINFP2010038885",3.08230360996482,2.04598999023438,5585,2,"meta_highrescanopyheight_orthophoto",0.5,"orthophoto_50cm_2025","Ostlandet"
"NINFP2010007907",7.2306246710132,7.93396854400635,2981,1,"meta_highrescanopyheight_orthophoto",0.5,"orthophoto_50cm_2025","Ostlandet"
"NINFP2210089050",8.22079488039968,8.85929298400879,6891,2,"meta_highrescanopyheight_orthophoto",0.5,"orthophoto_50cm_2025","Ostlandet"
"NINFP2310127248",5.17392492232952,5.37147307395935,7498,1,"meta_highrescanopyheight_orthophoto",0.5,"orthophoto_50cm_2025","Ostlandet"
"NINFP2410169785",1.10932281840207,0.14639475941658,4116,3,"meta_highrescanopyheight_orthophoto",0.5,"orthophoto_50cm_2025","Ostlandet"
"NINFP1910011982",0.438863939205861,0.0189791079610586,36825,3,"meta_highrescanopyheight_orthophoto",0.5,"orthophoto_50cm_2025","Ostlandet"
"NINFP1810020113",3.12369973776962,2.52533066272736,11068,4,"meta_highrescanopyheight_orthophoto",0.5,"orthophoto_50cm_2025","Ostlandet"
"NINFP2310126571",0.921783173465834,0.174198374152184,2471,1,"meta_highrescanopyheight_orthophoto",0.5,"orthophoto_50cm_2025","Ostlandet"
"NINFP1910043881",0.018926914429499,0.0105668934993446,1350,2,"meta_highrescanopyheight_orthophoto",0.5,"orthophoto_50cm_2025","Ostlandet"
"NINFP2210081864",6.88094109076155,7.01926422119141,12109,4,"meta_highrescanopyheight_orthophoto",0.5,"orthophoto_50cm_2025","Ostlandet"
"NINFP2110055974",0.699708928486434,0.153432324528694,33608,5,"meta_highrescanopyheight_orthophoto",0.5,"orthophoto_50cm_2025","Ostlandet"
"NINFP1810030709",4.02854205297265,3.70756864547729,14522,4,"meta_highrescanopyheight_orthophoto",0.5,"orthophoto_50cm_2025","Ostlandet"
"NINFP2110050422",0.953321718439641,0.0384824052453041,34863,3,"meta_highrescanopyheight_orthophoto",0.5,"orthophoto_50cm_2025","Ostlandet"
"NINFP1810010394",1.68204878283955,0.199596226215363,108762,8,"meta_highrescanopyheight_orthophoto",0.5,"orthophoto_50cm_2025","Ostlandet"
"NINFP1810028294",0.522876516924066,0.0110926097258925,139107,7,"meta_highrescanopyheight_orthophoto",0.5,"orthophoto_50cm_2025","Ostlandet"
"NINFP1810042424",3.82737665522935,1.29870647192001,8580,1,"meta_highrescanopyheight_orthophoto",0.5,"orthophoto_50cm_2025","Ostlandet"
"NINFP2210103957",3.34256247140117,2.95275986194611,6852,2,"meta_highrescanopyheight_orthophoto",0.5,"orthophoto_50cm_2025","Ostlandet"
"NINFP2510186235",2.06953995801811,1.36510646343231,2340,1,"meta_highrescanopyheight_orthophoto",0.5,"orthophoto_50cm_2025","Ostlandet"
"NINFP1910045061",0.0875382631193481,0.0102828610688448,37065,5,"meta_highrescanopyheight_orthophoto",0.5,"orthophoto_50cm_2025","Ostlandet"
"NINFP2310117119",3.47487788910926,2.98596084117889,119044,12,"meta_highrescanopyheight_orthophoto",0.5,"orthophoto_50cm_2025","Ostlandet"
"NINFP2010049341",0.0151913472268025,0.0100868865847588,25661,4,"meta_highrescanopyheight_orthophoto",0.5,"orthophoto_50cm_2025","Ostlandet"
"NINFP2410164183",3.4342113631872,1.86166512966156,7199,1,"meta_highrescanopyheight_orthophoto",0.5,"orthophoto_50cm_2025","Ostlandet"
"NINFP2410162842",0.116173775432304,0.0116441231220961,9941,4,"meta_highrescanopyheight_orthophoto",0.5,"orthophoto_50cm_2025","Ostlandet"
"NINFP2010027058",0.50604078050365,0.0123122949153185,21429,3,"meta_highrescanopyheight_orthophoto",0.5,"orthophoto_50cm_2025","Ostlandet"
"NINFP2010012226",0.205572538474881,0.0146147641353309,18542,4,"meta_highrescanopyheight_orthophoto",0.5,"orthophoto_50cm_2025","Ostlandet"
"NINFP2010033729",0.107470472975405,0.0102361631579697,163034,12,"meta_highrescanopyheight_orthophoto",0.5,"orthophoto_50cm_2025","Ostlandet"
"NINFP2110039385",0.353201921815211,0.0100552178919315,610702,24,"meta_highrescanopyheight_orthophoto",0.5,"orthophoto_50cm_2025","Ostlandet"
"NINFP2310135896",0.451051357128968,0.0117975776083767,15178,2,"meta_highrescanopyheight_orthophoto",0.5,"orthophoto_50cm_2025","Ostlandet"
"NINFP2510194544",4.03504880714739,2.96621704101562,21851,4,"meta_highrescanopyheight_orthophoto",0.5,"orthophoto_50cm_2025","Ostlandet"
"NINFP2210105623",7.06122301307982,7.3883318901062,64667,4,"meta_highrescanopyheight_orthophoto",0.5,"orthophoto_50cm_2025","Ostlandet"
"NINFP1810008813",6.5083926425487,7.14749240875244,8159,2,"meta_highrescanopyheight_orthophoto",0.5,"orthophoto_50cm_2025","Ostlandet"
"NINFP2510185659",0.43011570890729,0.0116626797243953,150626,8,"meta_highrescanopyheight_orthophoto",0.5,"orthophoto_50cm_2025","Ostlandet"
"NINFP1810022114",5.61308150751991,5.79732418060303,6947,1,"meta_highrescanopyheight_orthophoto",0.5,"orthophoto_50cm_2025","Ostlandet"
"NINFP1810025878",4.87975777834598,3.45553159713745,7973,2,"meta_highrescanopyheight_orthophoto",0.5,"orthophoto_50cm_2025","Ostlandet"
"NINFP1810026110",0.839717426442532,0.123805955052376,18984,2,"meta_highrescanopyheight_orthophoto",0.5,"orthophoto_50cm_2025","Ostlandet"
"NINFP2010042739",0.0315067813198188,0.0101286005228758,22055,4,"meta_highrescanopyheight_orthophoto",0.5,"orthophoto_50cm_2025","Ostlandet"
"NINFP2410180229",3.16086602712861,1.41789436340332,69660,7,"meta_highrescanopyheight_orthophoto",0.5,"orthophoto_50cm_2025","Ostlandet"
"NINFP2410149521",5.21773497545251,5.1310658454895,12135,4,"meta_highrescanopyheight_orthophoto",0.5,"orthophoto_50cm_2025","Ostlandet"
"NINFP2510196758",1.77410471813649,0.0943354740738869,31892,7,"meta_highrescanopyheight_orthophoto",0.5,"orthophoto_50cm_2025","Ostlandet"
"NINFP1810042600",5.4816693565243,5.32101726531982,12556,2,"meta_highrescanopyheight_orthophoto",0.5,"orthophoto_50cm_2025","Ostlandet"
"NINFP2510188814",3.47867117183313,2.84339380264282,4967,3,"meta_highrescanopyheight_orthophoto",0.5,"orthophoto_50cm_2025","Ostlandet"
"NINFP2210099329",2.0111113829406,0.194817997515202,4592,2,"meta_highrescanopyheight_orthophoto",0.5,"orthophoto_50cm_2025","Ostlandet"
"NINFP1910016453",9.26051685562067,9.97345590591431,20466,3,"meta_highrescanopyheight_orthophoto",0.5,"orthophoto_50cm_2025","Ostlandet"
"NINFP2010035686",8.58221840699314,9.10308265686035,87114,6,"meta_highrescanopyheight_orthophoto",0.5,"orthophoto_50cm_2025","Ostlandet"
"NINFP2310142432",0.745095818125417,0.0287854196503758,49398,4,"meta_highrescanopyheight_orthophoto",0.5,"orthophoto_50cm_2025","Ostlandet"
"NINFP1810025583",6.91630832271911,7.47986888885498,9070,3,"meta_highrescanopyheight_orthophoto",0.5,"orthophoto_50cm_2025","Ostlandet"
"NINFP2110029449",0.492965807640359,0.062128022313118,4132,1,"meta_highrescanopyheight_orthophoto",0.5,"orthophoto_50cm_2025","Ostlandet"
"NINFP1910061104",3.53650227498146,2.46853613853455,49325,4,"meta_highrescanopyheight_orthophoto",0.5,"orthophoto_50cm_2025","Ostlandet"
"NINFP2010040109",4.66017129843305,2.51910805702209,12671,2,"meta_highrescanopyheight_orthophoto",0.5,"orthophoto_50cm_2025","Ostlandet"
"NINFP2110055057",4.51448261730764,3.28970241546631,16834,2,"meta_highrescanopyheight_orthophoto",0.5,"orthophoto_50cm_2025","Ostlandet"
"NINFP2210103403",7.75717197308958,7.64200496673584,13875,4,"meta_highrescanopyheight_orthophoto",0.5,"orthophoto_50cm_2025","Ostlandet"
"NINFP2510205948",2.72267632100801,1.50368118286133,7839,2,"meta_highrescanopyheight_orthophoto",0.5,"orthophoto_50cm_2025","Ostlandet"
"NINFP2110030429",9.59150036982626,10.5719995498657,2797,2,"meta_highrescanopyheight_orthophoto",0.5,"orthophoto_50cm_2025","Ostlandet"
"NINFP2410169788",2.60683844826028,1.56966727972031,14034,3,"meta_highrescanopyheight_orthophoto",0.5,"orthophoto_50cm_2025","Ostlandet"
"NINFP2510196818",0.423476498544538,0.0104745114222169,1668702,44,"meta_highrescanopyheight_orthophoto",0.5,"orthophoto_50cm_2025","Ostlandet"
"NINFP1810042144",2.79352357341694,1.56083297729492,95845,8,"meta_highrescanopyheight_orthophoto",0.5,"orthophoto_50cm_2025","Ostlandet"
"NINFP1810043214",0.798833516149284,0.255514591932297,4218,1,"meta_highrescanopyheight_orthophoto",0.5,"orthophoto_50cm_2025","Ostlandet"
"NINFP1910019194",3.97332394557415,3.76394033432007,7992,2,"meta_highrescanopyheight_orthophoto",0.5,"orthophoto_50cm_2025","Ostlandet"
"NINFP2510212770",0.216511426596919,0.0106993485242128,13169,2,"meta_highrescanopyheight_orthophoto",0.5,"orthophoto_50cm_2025","Ostlandet"
"NINFP1810030084",3.76007642850276,2.95772290229797,17690,3,"meta_highrescanopyheight_orthophoto",0.5,"orthophoto_50cm_2025","Ostlandet"
"NINFP1810023136",3.59252546513425,3.12717533111572,7709,2,"meta_highrescanopyheight_orthophoto",0.5,"orthophoto_50cm_2025","Ostlandet"
"NINFP2410149604",3.98156623033078,3.31955933570862,5081,2,"meta_highrescanopyheight_orthophoto",0.5,"orthophoto_50cm_2025","Ostlandet"
"NINFP2510213262",0.871237978025526,0.0776142850518227,15867,2,"meta_highrescanopyheight_orthophoto",0.5,"orthophoto_50cm_2025","Ostlandet"
"NINFP1810011107",0.578235039502455,0.0336276441812515,7899,2,"meta_highrescanopyheight_orthophoto",0.5,"orthophoto_50cm_2025","Ostlandet"
"NINFP2510196212",0.402491428774755,0.010963061824441,27327,4,"meta_highrescanopyheight_orthophoto",0.5,"orthophoto_50cm_2025","Ostlandet"
"NINFP1810017614",0.0125418818874902,0.0108426483348012,16363,2,"meta_highrescanopyheight_orthophoto",0.5,"orthophoto_50cm_2025","Ostlandet"
"NINFP2110014856",0.0107918552337942,0.0100385760888457,105637,5,"meta_highrescanopyheight_orthophoto",0.5,"orthophoto_50cm_2025","Ostlandet"
"NINFP1810010380",1.13388955341234,0.238175339996815,12304,3,"meta_highrescanopyheight_orthophoto",0.5,"orthophoto_50cm_2025","Ostlandet"
"NINFP1910061829",2.75238568129635,1.57116711139679,56033,8,"meta_highrescanopyheight_orthophoto",0.5,"orthophoto_50cm_2025","Ostlandet"
"NINFP1810022859",3.42261066254298,2.37686824798584,40498,4,"meta_highrescanopyheight_orthophoto",0.5,"orthophoto_50cm_2025","Ostlandet"
"NINFP2410160817",2.65809180228347,1.58699262142181,4787,2,"meta_highrescanopyheight_orthophoto",0.5,"orthophoto_50cm_2025","Ostlandet"
"NINFP1810037169",4.64366622070113,3.08662462234497,4002,2,"meta_highrescanopyheight_orthophoto",0.5,"orthophoto_50cm_2025","Ostlandet"
"NINFP2210093005",5.64264046383572,4.90397310256958,13905,3,"meta_highrescanopyheight_orthophoto",0.5,"orthophoto_50cm_2025","Ostlandet"
"NINFP2110015552",0.732974766362146,0.0304538393393159,9540,2,"meta_highrescanopyheight_orthophoto",0.5,"orthophoto_50cm_2025","Ostlandet"
"NINFP2510194399",0.134771347808561,0.0101252356544137,95512,6,"meta_highrescanopyheight_orthophoto",0.5,"orthophoto_50cm_2025","Ostlandet"
"NINFP2410180087",1.78950939293587,0.636917918920517,7098,2,"meta_highrescanopyheight_orthophoto",0.5,"orthophoto_50cm_2025","Ostlandet"
"NINFP2210093952",1.60821153129712,0.0132113248109818,1111,1,"meta_highrescanopyheight_orthophoto",0.5,"orthophoto_50cm_2025","Ostlandet"
"NINFP2110013672",5.82763280632098,6.72139406204224,10436,2,"meta_highrescanopyheight_orthophoto",0.5,"orthophoto_50cm_2025","Ostlandet"
"NINFP2310141240",1.17101230668431,0.086551122367382,14424,2,"meta_highrescanopyheight_orthophoto",0.5,"orthophoto_50cm_2025","Ostlandet"
"NINFP2210093008",5.19875487186806,5.32815742492676,5869,2,"meta_highrescanopyheight_orthophoto",0.5,"orthophoto_50cm_2025","Ostlandet"
"NINFP2510190557",5.07856744511292,4.88640117645264,12095,4,"meta_highrescanopyheight_orthophoto",0.5,"orthophoto_50cm_2025","Ostlandet"
"NINFP2010012129",5.0181744815801,5.24878835678101,4820,2,"meta_highrescanopyheight_orthophoto",0.5,"orthophoto_50cm_2025","Ostlandet"
"NINFP1810028089",0.200065898776933,0.0117465271614492,41032,3,"meta_highrescanopyheight_orthophoto",0.5,"orthophoto_50cm_2025","Ostlandet"
"NINFP1810027099",4.89640363695844,4.23963022232056,22209,2,"meta_highrescanopyheight_orthophoto",0.5,"orthophoto_50cm_2025","Ostlandet"
"NINFP1910020153",0.0149192378873818,0.010829493869096,25222,3,"meta_highrescanopyheight_orthophoto",0.5,"orthophoto_50cm_2025","Ostlandet"
"NINFP2210107305",0.0721562975228225,0.0103838946670294,98051,7,"meta_highrescanopyheight_orthophoto",0.5,"orthophoto_50cm_2025","Ostlandet"
"NINFP2010004678",7.75602036305201,8.52062511444092,3996,2,"meta_highrescanopyheight_orthophoto",0.5,"orthophoto_50cm_2025","Ostlandet"
"NINFP2310141325",5.68973813060145,6.04715824127197,18844,2,"meta_highrescanopyheight_orthophoto",0.5,"orthophoto_50cm_2025","Ostlandet"
"NINFP2110038281",0.133655473304373,0.0102865984663367,3663,3,"meta_highrescanopyheight_orthophoto",0.5,"orthophoto_50cm_2025","Ostlandet"
"NINFP2210107288",5.55721544564018,5.52455377578735,5811,2,"meta_highrescanopyheight_orthophoto",0.5,"orthophoto_50cm_2025","Ostlandet"
"NINFP2210101754",5.76127167234355,5.77660846710205,9125,2,"meta_highrescanopyheight_orthophoto",0.5,"orthophoto_50cm_2025","Ostlandet"
"NINFP2410175597",3.42770341450604,3.21024775505066,64006,5,"meta_highrescanopyheight_orthophoto",0.5,"orthophoto_50cm_2025","Ostlandet"
"NINFP2010026679",0.647678760371808,0.0136988097801805,86764,6,"meta_highrescanopyheight_orthophoto",0.5,"orthophoto_50cm_2025","Ostlandet"
"NINFP2510196973",0.505015063906479,0.0109064332209527,9964,2,"meta_highrescanopyheight_orthophoto",0.5,"orthophoto_50cm_2025","Ostlandet"
"NINFP1810031280",10.146488696405,10.6071963310242,11244,4,"meta_highrescanopyheight_orthophoto",0.5,"orthophoto_50cm_2025","Ostlandet"
"NINFP1810015781",6.47699597391391,6.59218811988831,30276,7,"meta_highrescanopyheight_orthophoto",0.5,"orthophoto_50cm_2025","Ostlandet"
"NINFP1810042646",0.332410498093557,0.0250740069895983,11089,2,"meta_highrescanopyheight_orthophoto",0.5,"orthophoto_50cm_2025","Ostlandet"
"NINFP2210110776",5.37635772081763,5.41226673126221,13793,4,"meta_highrescanopyheight_orthophoto",0.5,"orthophoto_50cm_2025","Ostlandet"
"NINFP2110062434",0.0375842769182565,0.0101996250450611,45003,4,"meta_highrescanopyheight_orthophoto",0.5,"orthophoto_50cm_2025","Ostlandet"
"NINFP2410164101",0.0315909693682938,0.0100774839520454,303066,17,"meta_highrescanopyheight_orthophoto",0.5,"orthophoto_50cm_2025","Ostlandet"
"NINFP2310125843",0.424979870433035,0.0265107098966837,5441,2,"meta_highrescanopyheight_orthophoto",0.5,"orthophoto_50cm_2025","Ostlandet"
"NINFP1810028947",0.220825775314082,0.0109544876031578,172770,9,"meta_highrescanopyheight_orthophoto",0.5,"orthophoto_50cm_2025","Ostlandet"
"NINFP2210114044",1.72452113024899,0.70505166053772,42289,5,"meta_highrescanopyheight_orthophoto",0.5,"orthophoto_50cm_2025","Ostlandet"
"NINFP1810040963",2.39944965858632,1.07502627372742,14883,4,"meta_highrescanopyheight_orthophoto",0.5,"orthophoto_50cm_2025","Ostlandet"
"NINFP2010038782",1.94418349403289,0.100382648408413,3031,1,"meta_highrescanopyheight_orthophoto",0.5,"orthophoto_50cm_2025","Ostlandet"
"NINFP2210100237",5.50146450606971,5.4408130645752,33898,6,"meta_highrescanopyheight_orthophoto",0.5,"orthophoto_50cm_2025","Ostlandet"
"NINFP2110018547",0.898893203648369,0.115361414849758,7372,1,"meta_highrescanopyheight_orthophoto",0.5,"orthophoto_50cm_2025","Ostlandet"
"NINFP2410149668",7.47456423869659,7.82785439491272,4604,1,"meta_highrescanopyheight_orthophoto",0.5,"orthophoto_50cm_2025","Ostlandet"
"NINFP1910015894",5.12606524329044,5.03875732421875,4107,2,"meta_highrescanopyheight_orthophoto",0.5,"orthophoto_50cm_2025","Ostlandet"
"NINFP1810012857",6.33099832868125,7.01634407043457,35271,4,"meta_highrescanopyheight_orthophoto",0.5,"orthophoto_50cm_2025","Ostlandet"
"NINFP2310136104",3.76882901575647,3.71508646011353,12828,3,"meta_highrescanopyheight_orthophoto",0.5,"orthophoto_50cm_2025","Ostlandet"
"NINFP1910041592",3.2202984293842,0.734101891517639,7237,4,"meta_highrescanopyheight_orthophoto",0.5,"orthophoto_50cm_2025","Ostlandet"
"NINFP2410169179",2.27299725457994,1.40707862377167,6151,3,"meta_highrescanopyheight_orthophoto",0.5,"orthophoto_50cm_2025","Ostlandet"
"NINFP2010004061",7.65224759761814,8.32253456115723,7272,2,"meta_highrescanopyheight_orthophoto",0.5,"orthophoto_50cm_2025","Ostlandet"
"NINFP2110019694",1.54618927290164,0.259707272052765,54062,5,"meta_highrescanopyheight_orthophoto",0.5,"orthophoto_50cm_2025","Ostlandet"
"NINFP2010053982",4.65107179665883,5.04983234405518,12669,2,"meta_highrescanopyheight_orthophoto",0.5,"orthophoto_50cm_2025","Ostlandet"
"NINFP2510215916",1.42217158299242,0.252834916114807,42173,4,"meta_highrescanopyheight_orthophoto",0.5,"orthophoto_50cm_2025","Ostlandet"
"NINFP1810014127",3.29621017098136,1.73556065559387,141070,8,"meta_highrescanopyheight_orthophoto",0.5,"orthophoto_50cm_2025","Ostlandet"
"NINFP1810018864",0.632982037645439,0.0224555656313896,53523,5,"meta_highrescanopyheight_orthophoto",0.5,"orthophoto_50cm_2025","Ostlandet"
"NINFP2010008886",0.50414277516712,0.0128292734734714,46920,7,"meta_highrescanopyheight_orthophoto",0.5,"orthophoto_50cm_2025","Ostlandet"
"NINFP1810042310",3.51650727962873,2.65123105049133,43757,8,"meta_highrescanopyheight_orthophoto",0.5,"orthophoto_50cm_2025","Ostlandet"
"NINFP2110061105",0.56182317807051,0.02177937887609,7561,1,"meta_highrescanopyheight_orthophoto",0.5,"orthophoto_50cm_2025","Ostlandet"
"NINFP2510217014",5.60963327629654,5.74598526954651,7710,4,"meta_highrescanopyheight_orthophoto",0.5,"orthophoto_50cm_2025","Ostlandet"
"NINFP1910030295",4.87099716324315,5.13917207717896,13095,2,"meta_highrescanopyheight_orthophoto",0.5,"orthophoto_50cm_2025","Ostlandet"
"NINFP2510195462",3.39980289174173,2.83615016937256,9177,2,"meta_highrescanopyheight_orthophoto",0.5,"orthophoto_50cm_2025","Ostlandet"
"NINFP2410159734",0.88335720908877,0.0157101880759001,862219,28,"meta_highrescanopyheight_orthophoto",0.5,"orthophoto_50cm_2025","Ostlandet"
"NINFP2110015274",3.14820450157138,2.35829722881317,15710,3,"meta_highrescanopyheight_orthophoto",0.5,"orthophoto_50cm_2025","Ostlandet"
"NINFP2010053237",1.67396391516392,0.732891619205475,5333,2,"meta_highrescanopyheight_orthophoto",0.5,"orthophoto_50cm_2025","Ostlandet"
"NINFP1910050251",0.156203272841145,0.0105476155877113,16278,3,"meta_highrescanopyheight_orthophoto",0.5,"orthophoto_50cm_2025","Ostlandet"
"NINFP2310136490",4.97117636808999,4.67366623878479,35440,4,"meta_highrescanopyheight_orthophoto",0.5,"orthophoto_50cm_2025","Ostlandet"
"NINFP2410167400",10.6558758264505,11.3876552581787,8579,2,"meta_highrescanopyheight_orthophoto",0.5,"orthophoto_50cm_2025","Ostlandet"
"NINFP2010012231",4.64420117867733,4.4836254119873,13157,4,"meta_highrescanopyheight_orthophoto",0.5,"orthophoto_50cm_2025","Ostlandet"
"NINFP2510213204",4.92216263604003,4.9666473865509,8938,2,"meta_highrescanopyheight_orthophoto",0.5,"orthophoto_50cm_2025","Ostlandet"
"NINFP2410168251",0.0275173782873354,0.01197041105479,7903,2,"meta_highrescanopyheight_orthophoto",0.5,"orthophoto_50cm_2025","Ostlandet"
"NINFP1810028067",3.50678793769593,1.45496022701263,61738,7,"meta_highrescanopyheight_orthophoto",0.5,"orthophoto_50cm_2025","Ostlandet"
"NINFP2110012550",5.44275050115676,5.99710202217102,6964,2,"meta_highrescanopyheight_orthophoto",0.5,"orthophoto_50cm_2025","Ostlandet"
"NINFP2110014338",1.67163912128455,0.044169818982482,3846,1,"meta_highrescanopyheight_orthophoto",0.5,"orthophoto_50cm_2025","Ostlandet"
"NINFP2010049588",2.26845218000901,0.9317467212677,26243,5,"meta_highrescanopyheight_orthophoto",0.5,"orthophoto_50cm_2025","Ostlandet"
"NINFP2010003635",4.23269985263397,0.879469752311707,5167,1,"meta_highrescanopyheight_orthophoto",0.5,"orthophoto_50cm_2025","Ostlandet"
"NINFP2410183272",0.0100280526621039,0.0100213382393122,156552,9,"meta_highrescanopyheight_orthophoto",0.5,"orthophoto_50cm_2025","Ostlandet"
"NINFP1810043201",3.03032986330638,1.43087995052338,5327,3,"meta_highrescanopyheight_orthophoto",0.5,"orthophoto_50cm_2025","Ostlandet"
"NINFP2310131458",0.0650598699336769,0.01115358248353,50759,4,"meta_highrescanopyheight_orthophoto",0.5,"orthophoto_50cm_2025","Ostlandet"
"NINFP2010036953",6.36390002257086,6.66274309158325,20853,2,"meta_highrescanopyheight_orthophoto",0.5,"orthophoto_50cm_2025","Ostlandet"
"NINFP2010053996",2.00880108714433,0.16838127374649,14901,5,"meta_highrescanopyheight_orthophoto",0.5,"orthophoto_50cm_2025","Ostlandet"
"NINFP2310146484",0.935361286429144,0.12091825902462,23449,2,"meta_highrescanopyheight_orthophoto",0.5,"orthophoto_50cm_2025","Ostlandet"
"NINFP2510213272",6.86449465905054,7.64765930175781,36241,3,"meta_highrescanopyheight_orthophoto",0.5,"orthophoto_50cm_2025","Ostlandet"
"NINFP1810037439",8.82935458329066,9.70278644561768,1898,1,"meta_highrescanopyheight_orthophoto",0.5,"orthophoto_50cm_2025","Ostlandet"
"NINFP1810011069",0.324891459037571,0.0149976909160614,13341,2,"meta_highrescanopyheight_orthophoto",0.5,"orthophoto_50cm_2025","Ostlandet"
"NINFP2310122769",4.14838292010144,3.96388649940491,10276,3,"meta_highrescanopyheight_orthophoto",0.5,"orthophoto_50cm_2025","Ostlandet"
"NINFP2110017121",1.90565863116195,0.774966537952423,12893,4,"meta_highrescanopyheight_orthophoto",0.5,"orthophoto_50cm_2025","Ostlandet"
"NINFP2210108416",1.63637832544868,0.030804886482656,9000,3,"meta_highrescanopyheight_orthophoto",0.5,"orthophoto_50cm_2025","Ostlandet"
"NINFP1810043032",4.78236985878037,5.13510894775391,142605,11,"meta_highrescanopyheight_orthophoto",0.5,"orthophoto_50cm_2025","Ostlandet"
"NINFP2310125449",0.249465412043336,0.0211758054792881,117473,7,"meta_highrescanopyheight_orthophoto",0.5,"orthophoto_50cm_2025","Ostlandet"
"NINFP2010032591",3.36568561876059,1.85776579380035,2224,2,"meta_highrescanopyheight_orthophoto",0.5,"orthophoto_50cm_2025","Ostlandet"
"NINFP1910047307",4.2200932901902,3.80306673049927,27431,4,"meta_highrescanopyheight_orthophoto",0.5,"orthophoto_50cm_2025","Ostlandet"
"NINFP2310128674",1.74931774650687,0.604172110557556,8080,4,"meta_highrescanopyheight_orthophoto",0.5,"orthophoto_50cm_2025","Ostlandet"
"NINFP2110056629",0.705186823216922,0.024200533516705,30870,3,"meta_highrescanopyheight_orthophoto",0.5,"orthophoto_50cm_2025","Ostlandet"
"NINFP2310145780",7.47864420824381,8.18378210067749,8842,2,"meta_highrescanopyheight_orthophoto",0.5,"orthophoto_50cm_2025","Ostlandet"
"NINFP2210102030",2.68182451446715,1.52993983030319,8558,2,"meta_highrescanopyheight_orthophoto",0.5,"orthophoto_50cm_2025","Ostlandet"
"NINFP2210079397",3.00243786184195,2.06150305271149,5778,1,"meta_highrescanopyheight_orthophoto",0.5,"orthophoto_50cm_2025","Ostlandet"
"NINFP2310136503",5.82211710782178,5.81667709350586,22951,4,"meta_highrescanopyheight_orthophoto",0.5,"orthophoto_50cm_2025","Ostlandet"
"NINFP2010024776",0.127622615703875,0.0103807388804853,290822,21,"meta_highrescanopyheight_orthophoto",0.5,"orthophoto_50cm_2025","Ostlandet"
"NINFP1810022205",2.18716239147353,0.34140557050705,16787,4,"meta_highrescanopyheight_orthophoto",0.5,"orthophoto_50cm_2025","Ostlandet"
"NINFP2410179262",0.401510137667554,0.0133422571234405,2765512,60,"meta_highrescanopyheight_orthophoto",0.5,"orthophoto_50cm_2025","Ostlandet"
"NINFP2310142428",0.8389038273759,0.0262880865484476,33571,5,"meta_highrescanopyheight_orthophoto",0.5,"orthophoto_50cm_2025","Ostlandet"
"NINFP1810040045",8.11847573292318,8.62139129638672,129294,7,"meta_highrescanopyheight_orthophoto",0.5,"orthophoto_50cm_2025","Ostlandet"
"NINFP1810037492",4.82125102610121,4.82134008407593,9511,2,"meta_highrescanopyheight_orthophoto",0.5,"orthophoto_50cm_2025","Ostlandet"
"NINFP2010053993",1.83546964069278,0.88305652141571,4041,2,"meta_highrescanopyheight_orthophoto",0.5,"orthophoto_50cm_2025","Ostlandet"
"NINFP2510200401",2.57759889216724,1.54817640781403,9917,2,"meta_highrescanopyheight_orthophoto",0.5,"orthophoto_50cm_2025","Ostlandet"
"NINFP2110056916",0.499423825104271,0.075147595256567,15632,2,"meta_highrescanopyheight_orthophoto",0.5,"orthophoto_50cm_2025","Ostlandet"
"NINFP2110014320",1.86689056423185,0.974809348583221,5474,2,"meta_highrescanopyheight_orthophoto",0.5,"orthophoto_50cm_2025","Ostlandet"
"NINFP2010005061",3.35777528955065,2.46501588821411,25639,3,"meta_highrescanopyheight_orthophoto",0.5,"orthophoto_50cm_2025","Ostlandet"
"NINFP2110015286",5.07452739443292,4.96165490150452,21296,4,"meta_highrescanopyheight_orthophoto",0.5,"orthophoto_50cm_2025","Ostlandet"
"NINFP2110059778",1.08481759429362,0.124641969799995,21847,3,"meta_highrescanopyheight_orthophoto",0.5,"orthophoto_50cm_2025","Ostlandet"
"NINFP2310144502",4.79815983568741,5.05808353424072,24107,3,"meta_highrescanopyheight_orthophoto",0.5,"orthophoto_50cm_2025","Ostlandet"
"NINFP1810013201",2.84010588507698,1.5835018157959,44826,5,"meta_highrescanopyheight_orthophoto",0.5,"orthophoto_50cm_2025","Ostlandet"
"NINFP2110060462",1.04857939184786,0.487127780914307,5396,1,"meta_highrescanopyheight_orthophoto",0.5,"orthophoto_50cm_2025","Ostlandet"
"NINFP1910032886",4.14118884031655,3.68237817287445,17184,4,"meta_highrescanopyheight_orthophoto",0.5,"orthophoto_50cm_2025","Ostlandet"
"NINFP2310123634",1.58433190565038,0.714049816131592,10029,3,"meta_highrescanopyheight_orthophoto",0.5,"orthophoto_50cm_2025","Ostlandet"
"NINFP2210074707",2.31027318051096,1.35106140375137,30798,4,"meta_highrescanopyheight_orthophoto",0.5,"orthophoto_50cm_2025","Ostlandet"
"NINFP2310136815",0.958058392344395,0.109372764825821,5461,4,"meta_highrescanopyheight_orthophoto",0.5,"orthophoto_50cm_2025","Ostlandet"
"NINFP2410183482",5.50816568687504,4.13413000106812,4068,1,"meta_highrescanopyheight_orthophoto",0.5,"orthophoto_50cm_2025","Ostlandet"
"NINFP1810022051",3.77195423876786,2.9727840423584,8224,3,"meta_highrescanopyheight_orthophoto",0.5,"orthophoto_50cm_2025","Ostlandet"
"NINFP2110021196",0.151943941019785,0.0106202531605959,8915,4,"meta_highrescanopyheight_orthophoto",0.5,"orthophoto_50cm_2025","Ostlandet"
"NINFP2110023761",0.0101387033095408,0.0101203601807356,6745,2,"meta_highrescanopyheight_orthophoto",0.5,"orthophoto_50cm_2025","Ostlandet"
"NINFP1910012964",4.17515662925541,3.78823518753052,7658,2,"meta_highrescanopyheight_orthophoto",0.5,"orthophoto_50cm_2025","Ostlandet"
"NINFP2010006802",0.958638475001016,0.113865878432989,16070,3,"meta_highrescanopyheight_orthophoto",0.5,"orthophoto_50cm_2025","Ostlandet"
"NINFP2110025200",0.814161971772801,0.0273942751809955,18528,2,"meta_highrescanopyheight_orthophoto",0.5,"orthophoto_50cm_2025","Ostlandet"
"NINFP2510201426",0.0106837146166743,0.0100646908394992,72294,6,"meta_highrescanopyheight_orthophoto",0.5,"orthophoto_50cm_2025","Ostlandet"
"NINFP2110057362",1.19772988371196,0.436323389410973,29654,3,"meta_highrescanopyheight_orthophoto",0.5,"orthophoto_50cm_2025","Ostlandet"
"NINFP2210092738",0.217315513320119,0.0109764109365642,11454,2,"meta_highrescanopyheight_orthophoto",0.5,"orthophoto_50cm_2025","Ostlandet"
"NINFP2510193426",2.79850658592829,1.93300199508667,18379,3,"meta_highrescanopyheight_orthophoto",0.5,"orthophoto_50cm_2025","Ostlandet"
"NINFP2410179511",5.95362522147054,6.16327285766602,4335,1,"meta_highrescanopyheight_orthophoto",0.5,"orthophoto_50cm_2025","Ostlandet"
"NINFP2010034360",3.26460191675356,1.67115449905396,4872,3,"meta_highrescanopyheight_orthophoto",0.5,"orthophoto_50cm_2025","Ostlandet"
"NINFP2110023962",3.40961882386949,1.38312458992004,40529,8,"meta_highrescanopyheight_orthophoto",0.5,"orthophoto_50cm_2025","Ostlandet"
"NINFP2210083591",4.70309088932431,4.7798957824707,9453,2,"meta_highrescanopyheight_orthophoto",0.5,"orthophoto_50cm_2025","Ostlandet"
"NINFP2110057126",0.769013881534705,0.0322484970092773,42442,4,"meta_highrescanopyheight_orthophoto",0.5,"orthophoto_50cm_2025","Ostlandet"
"NINFP2010041093",2.87652570076407,2.17963767051697,5529,1,"meta_highrescanopyheight_orthophoto",0.5,"orthophoto_50cm_2025","Ostlandet"
"NINFP1810014258",5.22813153804501,5.04039359092712,16088,2,"meta_highrescanopyheight_orthophoto",0.5,"orthophoto_50cm_2025","Ostlandet"
"NINFP1810042972",2.88144704850438,1.81370973587036,40206,5,"meta_highrescanopyheight_orthophoto",0.5,"orthophoto_50cm_2025","Ostlandet"
"NINFP2010036982",1.50370389894811,0.162704639136791,250132,11,"meta_highrescanopyheight_orthophoto",0.5,"orthophoto_50cm_2025","Ostlandet"
"NINFP2310119929",2.72454239579719,0.682666063308716,1007,1,"meta_highrescanopyheight_orthophoto",0.5,"orthophoto_50cm_2025","Ostlandet"
"NINFP2510209452",6.10283374470688,6.46172332763672,22015,2,"meta_highrescanopyheight_orthophoto",0.5,"orthophoto_50cm_2025","Ostlandet"
"NINFP2210078598",4.74034132848164,4.50041770935059,8934,2,"meta_highrescanopyheight_orthophoto",0.5,"orthophoto_50cm_2025","Ostlandet"
"NINFP2210098402",1.0677387855096,0.215615481138229,20713,3,"meta_highrescanopyheight_orthophoto",0.5,"orthophoto_50cm_2025","Ostlandet"
"NINFP2510197796",0.653692070663264,0.0420666672289371,10239,2,"meta_highrescanopyheight_orthophoto",0.5,"orthophoto_50cm_2025","Ostlandet"
"NINFP2310142217",3.17482006712905,2.5764867067337,5766,3,"meta_highrescanopyheight_orthophoto",0.5,"orthophoto_50cm_2025","Ostlandet"
"NINFP1810042599",5.73132204668692,5.965491771698,26004,3,"meta_highrescanopyheight_orthophoto",0.5,"orthophoto_50cm_2025","Ostlandet"
"NINFP2510200400",2.44023766416021,0.789401322603226,18012,4,"meta_highrescanopyheight_orthophoto",0.5,"orthophoto_50cm_2025","Ostlandet"
"NINFP2210107292",0.170873879778232,0.0110044782049954,91956,13,"meta_highrescanopyheight_orthophoto",0.5,"orthophoto_50cm_2025","Ostlandet"
"NINFP1810014923",2.05841516185626,0.927090644836426,15184,3,"meta_highrescanopyheight_orthophoto",0.5,"orthophoto_50cm_2025","Ostlandet"
"NINFP2010026495",0.0308027726580678,0.0101653006859124,81756,6,"meta_highrescanopyheight_orthophoto",0.5,"orthophoto_50cm_2025","Ostlandet"
"NINFP2210091795",1.89295466645831,1.17624139785767,2783,2,"meta_highrescanopyheight_orthophoto",0.5,"orthophoto_50cm_2025","Ostlandet"
"NINFP2510206429",2.72184251542429,1.9501993060112,22792,3,"meta_highrescanopyheight_orthophoto",0.5,"orthophoto_50cm_2025","Ostlandet"
"NINFP2010035699",1.00288343190511,0.0297585912048817,14470,1,"meta_highrescanopyheight_orthophoto",0.5,"orthophoto_50cm_2025","Ostlandet"
"NINFP2410184174",0.768218189984444,0.0302784405648708,64307,6,"meta_highrescanopyheight_orthophoto",0.5,"orthophoto_50cm_2025","Ostlandet"
"NINFP1810013961",2.21425621847886,0.50418359041214,190009,13,"meta_highrescanopyheight_orthophoto",0.5,"orthophoto_50cm_2025","Ostlandet"
"NINFP1810040047",4.75240829099679,4.39116740226746,55490,4,"meta_highrescanopyheight_orthophoto",0.5,"orthophoto_50cm_2025","Ostlandet"
"NINFP2310121506",4.40551289973397,4.34792137145996,41336,4,"meta_highrescanopyheight_orthophoto",0.5,"orthophoto_50cm_2025","Ostlandet"
"NINFP1810029232",2.51818213701465,1.21475911140442,73717,7,"meta_highrescanopyheight_orthophoto",0.5,"orthophoto_50cm_2025","Ostlandet"
"NINFP1810045071",1.59373508560809,0.453196600079536,21466,2,"meta_highrescanopyheight_orthophoto",0.5,"orthophoto_50cm_2025","Ostlandet"
"NINFP2010011689",0.520117812807458,0.0118730831891298,5008,2,"meta_highrescanopyheight_orthophoto",0.5,"orthophoto_50cm_2025","Ostlandet"
"NINFP1810011136",7.83129119017767,8.23085069656372,2278,2,"meta_highrescanopyheight_orthophoto",0.5,"orthophoto_50cm_2025","Ostlandet"
"NINFP2010026491",0.0228224852408693,0.0101361097767949,6411,4,"meta_highrescanopyheight_orthophoto",0.5,"orthophoto_50cm_2025","Ostlandet"
"NINFP2010013288",5.56966265846539,5.21285963058472,4901,1,"meta_highrescanopyheight_orthophoto",0.5,"orthophoto_50cm_2025","Ostlandet"
"NINFP1810039566",2.03195403274442,0.720105230808258,32149,3,"meta_highrescanopyheight_orthophoto",0.5,"orthophoto_50cm_2025","Ostlandet"
"NINFP1810001262",1.56346014373825,0.461110353469849,4112,1,"meta_highrescanopyheight_orthophoto",0.5,"orthophoto_50cm_2025","Ostlandet"
"NINFP1810024602",0.249189892239384,0.0103682191111147,101194,6,"meta_highrescanopyheight_orthophoto",0.5,"orthophoto_50cm_2025","Ostlandet"
"NINFP1910034053",2.09663124046534,0.719005584716797,11489,2,"meta_highrescanopyheight_orthophoto",0.5,"orthophoto_50cm_2025","Ostlandet"
"NINFP2110063430",0.334138605178302,0.0204276107251644,22376,2,"meta_highrescanopyheight_orthophoto",0.5,"orthophoto_50cm_2025","Ostlandet"
"NINFP1810045073",2.911753756995,1.4410879611969,18457,4,"meta_highrescanopyheight_orthophoto",0.5,"orthophoto_50cm_2025","Ostlandet"
"NINFP1810042774",0.266133951602552,0.0149933826178312,10938,3,"meta_highrescanopyheight_orthophoto",0.5,"orthophoto_50cm_2025","Ostlandet"
"NINFP1910002687",0.320728449316943,0.0106745455414057,37343,9,"meta_highrescanopyheight_orthophoto",0.5,"orthophoto_50cm_2025","Ostlandet"
"NINFP2310131002",0.0530165671874065,0.0103330602869391,426095,16,"meta_highrescanopyheight_orthophoto",0.5,"orthophoto_50cm_2025","Ostlandet"
"NINFP2410169611",1.5345723676967,0.662466943264008,6777,2,"meta_highrescanopyheight_orthophoto",0.5,"orthophoto_50cm_2025","Ostlandet"
"NINFP1810034569",3.81203722322922,3.38267517089844,10693,4,"meta_highrescanopyheight_orthophoto",0.5,"orthophoto_50cm_2025","Ostlandet"
"NINFP2410160506",5.37519410451302,5.33212614059448,9129,4,"meta_highrescanopyheight_orthophoto",0.5,"orthophoto_50cm_2025","Ostlandet"
"NINFP1910061106",0.0578872605237582,0.0101917725987732,43730,3,"meta_highrescanopyheight_orthophoto",0.5,"orthophoto_50cm_2025","Ostlandet"
"NINFP2210102794",5.65202914562669,5.75043082237244,23630,3,"meta_highrescanopyheight_orthophoto",0.5,"orthophoto_50cm_2025","Ostlandet"
"NINFP1810030731",2.51123608359683,1.37954187393188,35879,5,"meta_highrescanopyheight_orthophoto",0.5,"orthophoto_50cm_2025","Ostlandet"
"NINFP2110016934",7.26655881352818,7.12885046005249,5304,2,"meta_highrescanopyheight_orthophoto",0.5,"orthophoto_50cm_2025","Ostlandet"
"NINFP1910034066",1.47353618451447,0.328288972377777,9703,3,"meta_highrescanopyheight_orthophoto",0.5,"orthophoto_50cm_2025","Ostlandet"
"NINFP2410163582",1.92590849202658,0.586726665496826,6184,2,"meta_highrescanopyheight_orthophoto",0.5,"orthophoto_50cm_2025","Ostlandet"
"NINFP1810032199",0.186087184109073,0.0105981957167387,13547,4,"meta_highrescanopyheight_orthophoto",0.5,"orthophoto_50cm_2025","Ostlandet"
"NINFP2510193114",1.09349312857642,0.0148618118837476,2305,4,"meta_highrescanopyheight_orthophoto",0.5,"orthophoto_50cm_2025","Ostlandet"
"NINFP2310140397",0.135151640858629,0.0109510878100991,11485,2,"meta_highrescanopyheight_orthophoto",0.5,"orthophoto_50cm_2025","Ostlandet"
"NINFP1810039592",4.34120517723303,3.98801922798157,22281,5,"meta_highrescanopyheight_orthophoto",0.5,"orthophoto_50cm_2025","Ostlandet"
"NINFP2410163577",2.27936928660366,0.699820250272751,18612,4,"meta_highrescanopyheight_orthophoto",0.5,"orthophoto_50cm_2025","Ostlandet"
"NINFP1810042201",8.95034847260453,10.1126594543457,6039,1,"meta_highrescanopyheight_orthophoto",0.5,"orthophoto_50cm_2025","Ostlandet"
"NINFP1810026083",0.666381724143256,0.0119259371422231,85518,9,"meta_highrescanopyheight_orthophoto",0.5,"orthophoto_50cm_2025","Ostlandet"
"NINFP2510194381",0.312022014998058,0.01072160853073,19556,3,"meta_highrescanopyheight_orthophoto",0.5,"orthophoto_50cm_2025","Ostlandet"
"NINFP2310146351",5.94754339238406,5.73006629943848,22443,4,"meta_highrescanopyheight_orthophoto",0.5,"orthophoto_50cm_2025","Ostlandet"
"NINFP2110014263",0.436356086639106,0.0111466748639941,44759,4,"meta_highrescanopyheight_orthophoto",0.5,"orthophoto_50cm_2025","Ostlandet"
"NINFP2110036902",0.891259370211916,0.0315700955688953,71547,6,"meta_highrescanopyheight_orthophoto",0.5,"orthophoto_50cm_2025","Ostlandet"
"NINFP1810023551",4.23729472392514,3.68643295764923,39714,4,"meta_highrescanopyheight_orthophoto",0.5,"orthophoto_50cm_2025","Ostlandet"
"NINFP1810020863",3.00368580102202,2.48008513450623,13899,2,"meta_highrescanopyheight_orthophoto",0.5,"orthophoto_50cm_2025","Ostlandet"
"NINFP1810029100",1.90922551112676,0.406783044338226,21545,3,"meta_highrescanopyheight_orthophoto",0.5,"orthophoto_50cm_2025","Ostlandet"
"NINFP2110014474",2.95275547555734,2.23222875595093,11529,3,"meta_highrescanopyheight_orthophoto",0.5,"orthophoto_50cm_2025","Ostlandet"
"NINFP2410169720",1.46538153283533,0.528204023838043,29467,2,"meta_highrescanopyheight_orthophoto",0.5,"orthophoto_50cm_2025","Ostlandet"
"NINFP1810047721",5.76367307190439,5.68502807617188,268658,14,"meta_highrescanopyheight_orthophoto",0.5,"orthophoto_50cm_2025","Ostlandet"
"NINFP2010011812",4.21143450780295,3.86670100688934,38888,4,"meta_highrescanopyheight_orthophoto",0.5,"orthophoto_50cm_2025","Ostlandet"
"NINFP1910047358",2.20951401801306,0.0109456600621343,18726,3,"meta_highrescanopyheight_orthophoto",0.5,"orthophoto_50cm_2025","Ostlandet"
"NINFP1910019636",1.88892414567024,0.752032160758972,27212,5,"meta_highrescanopyheight_orthophoto",0.5,"orthophoto_50cm_2025","Ostlandet"
"NINFP2010008895",0.104256413974584,0.0134833916090429,5116,2,"meta_highrescanopyheight_orthophoto",0.5,"orthophoto_50cm_2025","Ostlandet"
"NINFP1810014016",1.05546490689982,0.0745182409882545,70521,5,"meta_highrescanopyheight_orthophoto",0.5,"orthophoto_50cm_2025","Ostlandet"
"NINFP2310140373",0.639123464042965,0.0833863355219364,9346,2,"meta_highrescanopyheight_orthophoto",0.5,"orthophoto_50cm_2025","Ostlandet"
"NINFP2210098401",1.2227179078616,0.187363177537918,8531,2,"meta_highrescanopyheight_orthophoto",0.5,"orthophoto_50cm_2025","Ostlandet"
"NINFP2210098416",2.0704844693548,1.11007481813431,12184,2,"meta_highrescanopyheight_orthophoto",0.5,"orthophoto_50cm_2025","Ostlandet"
"NINFP2010039990",2.64487478565994,0.392806366086006,10856,3,"meta_highrescanopyheight_orthophoto",0.5,"orthophoto_50cm_2025","Ostlandet"
"NINFP2410162570",0.01051001689748,0.0101938806474209,54121,4,"meta_highrescanopyheight_orthophoto",0.5,"orthophoto_50cm_2025","Ostlandet"
"NINFP2110012128",8.45149852142192,9.04728221893311,4233,2,"meta_highrescanopyheight_orthophoto",0.5,"orthophoto_50cm_2025","Ostlandet"
"NINFP2210095378",0.684672184804786,0.0603297352790833,9263,2,"meta_highrescanopyheight_orthophoto",0.5,"orthophoto_50cm_2025","Ostlandet"
"NINFP1810037496",2.83641914580109,2.27925872802734,1747,1,"meta_highrescanopyheight_orthophoto",0.5,"orthophoto_50cm_2025","Ostlandet"
"NINFP2510215538",0.27771916778649,0.0376770012080669,12696,1,"meta_highrescanopyheight_orthophoto",0.5,"orthophoto_50cm_2025","Ostlandet"
"NINFP1810029107",0.309855554565873,0.011373108252883,121303,8,"meta_highrescanopyheight_orthophoto",0.5,"orthophoto_50cm_2025","Ostlandet"
"NINFP2110061985",3.124166246007,2.62211799621582,11729,4,"meta_highrescanopyheight_orthophoto",0.5,"orthophoto_50cm_2025","Ostlandet"
"NINFP2110054613",1.49020677151844,0.581741094589233,8073,2,"meta_highrescanopyheight_orthophoto",0.5,"orthophoto_50cm_2025","Ostlandet"
"NINFP1910045330",1.089902591481,0.0182079523801804,14821,4,"meta_highrescanopyheight_orthophoto",0.5,"orthophoto_50cm_2025","Ostlandet"
"NINFP2510216544",0.511519138954996,0.0319717712700367,12017,4,"meta_highrescanopyheight_orthophoto",0.5,"orthophoto_50cm_2025","Ostlandet"
"NINFP1910053380",5.6771673794376,3.82193922996521,16425,4,"meta_highrescanopyheight_orthophoto",0.5,"orthophoto_50cm_2025","Ostlandet"
"NINFP1810034203",5.72748950165267,5.51900386810303,37266,7,"meta_highrescanopyheight_orthophoto",0.5,"orthophoto_50cm_2025","Ostlandet"
"NINFP2510217143",3.22397405697724,2.92040467262268,24875,3,"meta_highrescanopyheight_orthophoto",0.5,"orthophoto_50cm_2025","Ostlandet"
"NINFP2410170792",0.190256304958461,0.0106502952985466,4236,4,"meta_highrescanopyheight_orthophoto",0.5,"orthophoto_50cm_2025","Ostlandet"
"NINFP2110038277",2.70277000445529,1.5840756893158,5425,3,"meta_highrescanopyheight_orthophoto",0.5,"orthophoto_50cm_2025","Ostlandet"
"NINFP2110063376",2.26870162291748,0.698211252689362,5441,2,"meta_highrescanopyheight_orthophoto",0.5,"orthophoto_50cm_2025","Ostlandet"
"NINFP2010007906",1.33965758164615,0.0994881056249142,3224,1,"meta_highrescanopyheight_orthophoto",0.5,"orthophoto_50cm_2025","Ostlandet"
"NINFP2210076577",2.5624681951328,1.60304296016693,28387,6,"meta_highrescanopyheight_orthophoto",0.5,"orthophoto_50cm_2025","Ostlandet"
"NINFP2110058020",1.56047215877264,0.0289539117366076,535460,17,"meta_highrescanopyheight_orthophoto",0.5,"orthophoto_50cm_2025","Ostlandet"
"NINFP1810042391",2.82889943531192,0.0188236739486456,39407,3,"meta_highrescanopyheight_orthophoto",0.5,"orthophoto_50cm_2025","Ostlandet"
"NINFP2010002687",8.992747070679,9.43129110336304,17700,2,"meta_highrescanopyheight_orthophoto",0.5,"orthophoto_50cm_2025","Ostlandet"
"NINFP1910012369",5.87742127829856,5.92696452140808,7452,2,"meta_highrescanopyheight_orthophoto",0.5,"orthophoto_50cm_2025","Ostlandet"
"NINFP1810029124",0.212751172408091,0.0116362334229052,54554,3,"meta_highrescanopyheight_orthophoto",0.5,"orthophoto_50cm_2025","Ostlandet"
"NINFP2310127234",0.490933214814699,0.0450362451374531,3028,2,"meta_highrescanopyheight_orthophoto",0.5,"orthophoto_50cm_2025","Ostlandet"
"NINFP1910044882",3.52131412786764,2.83545064926147,21733,4,"meta_highrescanopyheight_orthophoto",0.5,"orthophoto_50cm_2025","Ostlandet"
"NINFP2510185296",4.51857705584988,4.26551556587219,6244,2,"meta_highrescanopyheight_orthophoto",0.5,"orthophoto_50cm_2025","Ostlandet"
"NINFP2310139657",5.55590281698226,5.61055850982666,11300,3,"meta_highrescanopyheight_orthophoto",0.5,"orthophoto_50cm_2025","Ostlandet"
"NINFP1910017610",0.345380367376497,0.011242316570133,110752,7,"meta_highrescanopyheight_orthophoto",0.5,"orthophoto_50cm_2025","Ostlandet"
"NINFP2210078943",3.33661399626968,2.39673590660095,4035,2,"meta_highrescanopyheight_orthophoto",0.5,"orthophoto_50cm_2025","Ostlandet"
"NINFP2210083085",0.0100474310375351,0.0100379986688495,7692,2,"meta_highrescanopyheight_orthophoto",0.5,"orthophoto_50cm_2025","Ostlandet"
"NINFP1810038634",2.925322964705,2.06191563606262,15040,2,"meta_highrescanopyheight_orthophoto",0.5,"orthophoto_50cm_2025","Ostlandet"
"NINFP2310127231",0.214690351749667,0.010526679456234,54239,5,"meta_highrescanopyheight_orthophoto",0.5,"orthophoto_50cm_2025","Ostlandet"
"NINFP2010020036",0.273587323390351,0.0120108434930444,9225,2,"meta_highrescanopyheight_orthophoto",0.5,"orthophoto_50cm_2025","Ostlandet"
"NINFP2310144397",5.35731483810482,5.03581094741821,73651,6,"meta_highrescanopyheight_orthophoto",0.5,"orthophoto_50cm_2025","Ostlandet"
"NINFP1810034510",2.4855248572227,1.32009494304657,14984,4,"meta_highrescanopyheight_orthophoto",0.5,"orthophoto_50cm_2025","Ostlandet"
"NINFP2210076582",0.701027524899492,0.0782285518944263,79762,6,"meta_highrescanopyheight_orthophoto",0.5,"orthophoto_50cm_2025","Ostlandet"
"NINFP1810034420",1.47107588225145,0.60693746805191,5344,2,"meta_highrescanopyheight_orthophoto",0.5,"orthophoto_50cm_2025","Ostlandet"
"NINFP2310129334",0.0577082726407382,0.0106979748234153,102880,7,"meta_highrescanopyheight_orthophoto",0.5,"orthophoto_50cm_2025","Ostlandet"
"NINFP1910032906",0.325056280339817,0.0119739081710577,20937,2,"meta_highrescanopyheight_orthophoto",0.5,"orthophoto_50cm_2025","Ostlandet"
"NINFP2110055066",1.59393118969205,0.678916335105896,86173,6,"meta_highrescanopyheight_orthophoto",0.5,"orthophoto_50cm_2025","Ostlandet"
"NINFP1910000348",8.41552102329622,9.15875053405762,45619,2,"meta_highrescanopyheight_orthophoto",0.5,"orthophoto_50cm_2025","Ostlandet"
"NINFP2110022328",3.19696354426275,2.22932386398315,16647,3,"meta_highrescanopyheight_orthophoto",0.5,"orthophoto_50cm_2025","Ostlandet"
"NINFP2510196000",3.67834611250528,2.88551008701324,21474,3,"meta_highrescanopyheight_orthophoto",0.5,"orthophoto_50cm_2025","Ostlandet"
"NINFP2210108881",1.94833700430595,0.0760532841086388,4908,3,"meta_highrescanopyheight_orthophoto",0.5,"orthophoto_50cm_2025","Ostlandet"
"NINFP1910032928",4.95401316590795,4.93216490745544,17070,4,"meta_highrescanopyheight_orthophoto",0.5,"orthophoto_50cm_2025","Ostlandet"
"NINFP2210093940",4.36619071215046,4.11420869827271,6475,3,"meta_highrescanopyheight_orthophoto",0.5,"orthophoto_50cm_2025","Ostlandet"
"NINFP2010005609",1.02244655346405,0.138712048530579,11131,2,"meta_highrescanopyheight_orthophoto",0.5,"orthophoto_50cm_2025","Ostlandet"
"NINFP2210100782",4.84010265484016,3.59556126594543,4028,1,"meta_highrescanopyheight_orthophoto",0.5,"orthophoto_50cm_2025","Ostlandet"
"NINFP1810005044",4.33175558560749,3.98963582515717,50066,5,"meta_highrescanopyheight_orthophoto",0.5,"orthophoto_50cm_2025","Ostlandet"
"NINFP2110014322",5.25019928078427,5.09625625610352,21208,4,"meta_highrescanopyheight_orthophoto",0.5,"orthophoto_50cm_2025","Ostlandet"
"NINFP2210085652",2.34968737522126,0.960663795471191,2003,1,"meta_highrescanopyheight_orthophoto",0.5,"orthophoto_50cm_2025","Ostlandet"
"NINFP2410171833",6.1063296972971,6.39071655273438,6950,1,"meta_highrescanopyheight_orthophoto",0.5,"orthophoto_50cm_2025","Ostlandet"
"NINFP2310143985",5.76472886651653,5.55447196960449,12899,2,"meta_highrescanopyheight_orthophoto",0.5,"orthophoto_50cm_2025","Ostlandet"
"NINFP2310130840",0.176683695518764,0.0102566108107567,705693,22,"meta_highrescanopyheight_orthophoto",0.5,"orthophoto_50cm_2025","Ostlandet"
"NINFP1810010386",2.06682261914053,0.527432799339294,2223,1,"meta_highrescanopyheight_orthophoto",0.5,"orthophoto_50cm_2025","Ostlandet"
"NINFP2510195707",4.40501582765755,2.76881337165833,8881,3,"meta_highrescanopyheight_orthophoto",0.5,"orthophoto_50cm_2025","Ostlandet"
"NINFP1910047319",3.17774791007557,0.714548110961914,171118,8,"meta_highrescanopyheight_orthophoto",0.5,"orthophoto_50cm_2025","Ostlandet"
"NINFP2510216248",0.447836153620633,0.0244001783430576,19721,4,"meta_highrescanopyheight_orthophoto",0.5,"orthophoto_50cm_2025","Ostlandet"
"NINFP1810034505",2.66829873199195,1.11933183670044,14983,3,"meta_highrescanopyheight_orthophoto",0.5,"orthophoto_50cm_2025","Ostlandet"
"NINFP2510193495",1.4402285091644,0.0730418488383293,11949,1,"meta_highrescanopyheight_orthophoto",0.5,"orthophoto_50cm_2025","Ostlandet"
"NINFP2010032582",1.84753315227491,0.412355810403824,2553,2,"meta_highrescanopyheight_orthophoto",0.5,"orthophoto_50cm_2025","Ostlandet"
"NINFP1810029127",0.115471479573081,0.0104174204170704,54423,4,"meta_highrescanopyheight_orthophoto",0.5,"orthophoto_50cm_2025","Ostlandet"
"NINFP2410176301",1.8126947611271,0.746246337890625,33647,5,"meta_highrescanopyheight_orthophoto",0.5,"orthophoto_50cm_2025","Ostlandet"
"NINFP1810022119",2.38406256896449,1.28866100311279,8141,4,"meta_highrescanopyheight_orthophoto",0.5,"orthophoto_50cm_2025","Ostlandet"
"NINFP1810035763",4.58977016031592,3.96692991256714,13482,4,"meta_highrescanopyheight_orthophoto",0.5,"orthophoto_50cm_2025","Ostlandet"
"NINFP2510196886",0.753422018317613,0.0495744422078133,27031,4,"meta_highrescanopyheight_orthophoto",0.5,"orthophoto_50cm_2025","Ostlandet"
"NINFP2110011973",0.190216322471593,0.0105814272537827,96438,10,"meta_highrescanopyheight_orthophoto",0.5,"orthophoto_50cm_2025","Ostlandet"
"NINFP1810029909",3.80977812748987,2.41450750827789,26266,6,"meta_highrescanopyheight_orthophoto",0.5,"orthophoto_50cm_2025","Ostlandet"
"NINFP1810042152",1.41332570435105,0.34264001250267,26505,3,"meta_highrescanopyheight_orthophoto",0.5,"orthophoto_50cm_2025","Ostlandet"
"NINFP2110013420",0.0272391639854704,0.0106916222721338,6820,3,"meta_highrescanopyheight_orthophoto",0.5,"orthophoto_50cm_2025","Ostlandet"
"NINFP2110018461",1.6765437755837,0.0739523097872734,5590,4,"meta_highrescanopyheight_orthophoto",0.5,"orthophoto_50cm_2025","Ostlandet"
"NINFP2510195711",4.92537576255127,3.45588970184326,4414,2,"meta_highrescanopyheight_orthophoto",0.5,"orthophoto_50cm_2025","Ostlandet"
"NINFP2610220260",0.502131222250727,0.0102815316058695,71694,8,"meta_highrescanopyheight_orthophoto",0.5,"orthophoto_50cm_2025","Ostlandet"
"NINFP2010032519",5.1316971768489,3.78032994270325,5296,1,"meta_highrescanopyheight_orthophoto",0.5,"orthophoto_50cm_2025","Ostlandet"
"NINFP2510215529",7.58956775188388,7.72522068023682,5294,1,"meta_highrescanopyheight_orthophoto",0.5,"orthophoto_50cm_2025","Ostlandet"
"NINFP2410152732",12.7741089078567,13.2636504173279,11358,1,"meta_highrescanopyheight_orthophoto",0.5,"orthophoto_50cm_2025","Ostlandet"
"NINFP1810042420",1.30719959437666,0.115338679403067,13236,4,"meta_highrescanopyheight_orthophoto",0.5,"orthophoto_50cm_2025","Ostlandet"
"NINFP2010023873",0.0816736309031061,0.0104236635379493,30542,5,"meta_highrescanopyheight_orthophoto",0.5,"orthophoto_50cm_2025","Ostlandet"
"NINFP2010034533",4.7413034653179,4.58398389816284,14875,2,"meta_highrescanopyheight_orthophoto",0.5,"orthophoto_50cm_2025","Ostlandet"
"NINFP2410174994",1.47745237270848,0.568635940551758,10326,1,"meta_highrescanopyheight_orthophoto",0.5,"orthophoto_50cm_2025","Ostlandet"
"NINFP2310142940",3.82380098663418,1.67704600095749,33496,3,"meta_highrescanopyheight_orthophoto",0.5,"orthophoto_50cm_2025","Ostlandet"
"NINFP2510216389",4.73716057509727,5.46202278137207,43237,4,"meta_highrescanopyheight_orthophoto",0.5,"orthophoto_50cm_2025","Ostlandet"
"NINFP2310121500",5.9749241001195,6.31611633300781,35377,4,"meta_highrescanopyheight_orthophoto",0.5,"orthophoto_50cm_2025","Ostlandet"
"NINFP2510215814",2.6368764007519,0.677352786064148,6537,1,"meta_highrescanopyheight_orthophoto",0.5,"orthophoto_50cm_2025","Ostlandet"
"NINFP2110017479",0.0602280658159221,0.0102726370096207,33612,4,"meta_highrescanopyheight_orthophoto",0.5,"orthophoto_50cm_2025","Ostlandet"
"NINFP2210077128",1.68376334394372,0.651552647352219,17996,2,"meta_highrescanopyheight_orthophoto",0.5,"orthophoto_50cm_2025","Ostlandet"
"NINFP2010036155",2.79611035126397,1.70586097240448,16345,2,"meta_highrescanopyheight_orthophoto",0.5,"orthophoto_50cm_2025","Ostlandet"
"NINFP2410183916",6.35087949069413,6.68819046020508,43630,5,"meta_highrescanopyheight_orthophoto",0.5,"orthophoto_50cm_2025","Ostlandet"
"NINFP1810041147",3.51249877469692,1.63847732543945,61411,6,"meta_highrescanopyheight_orthophoto",0.5,"orthophoto_50cm_2025","Ostlandet"
"NINFP1810009293",5.8100911914648,5.86286020278931,20491,4,"meta_highrescanopyheight_orthophoto",0.5,"orthophoto_50cm_2025","Ostlandet"
"NINFP2410183023",7.34457312794425,7.30212330818176,8882,2,"meta_highrescanopyheight_orthophoto",0.5,"orthophoto_50cm_2025","Ostlandet"
"NINFP1910026954",3.81026347609461,2.99227428436279,212357,16,"meta_highrescanopyheight_orthophoto",0.5,"orthophoto_50cm_2025","Ostlandet"
"NINFP2110021346",0.0655920697233285,0.0100644310005009,50932,4,"meta_highrescanopyheight_orthophoto",0.5,"orthophoto_50cm_2025","Ostlandet"
"NINFP1810029115",0.715934882463065,0.0359042845666409,82988,6,"meta_highrescanopyheight_orthophoto",0.5,"orthophoto_50cm_2025","Ostlandet"
"NINFP2310136818",0.776726872988619,0.0447692349553108,125706,7,"meta_highrescanopyheight_orthophoto",0.5,"orthophoto_50cm_2025","Ostlandet"
"NINFP2010004481",3.40321519732215,1.68337398767471,6354,3,"meta_highrescanopyheight_orthophoto",0.5,"orthophoto_50cm_2025","Ostlandet"
"NINFP1810020063",6.30751336945779,6.06206798553467,3301,2,"meta_highrescanopyheight_orthophoto",0.5,"orthophoto_50cm_2025","Ostlandet"
"NINFP1810023714",3.44192493019217,1.67582726478577,17027,2,"meta_highrescanopyheight_orthophoto",0.5,"orthophoto_50cm_2025","Ostlandet"
"NINFP2010038931",0.899747641384953,0.0202277768403292,11656,4,"meta_highrescanopyheight_orthophoto",0.5,"orthophoto_50cm_2025","Ostlandet"
"NINFP2510213594",0.935716662858944,0.0209719762206078,132117,9,"meta_highrescanopyheight_orthophoto",0.5,"orthophoto_50cm_2025","Ostlandet"
"NINFP1810006029",9.0771691625481,9.58549404144287,250637,15,"meta_highrescanopyheight_orthophoto",0.5,"orthophoto_50cm_2025","Ostlandet"
"NINFP2010035315",0.10099477021216,0.0109654050320387,44697,4,"meta_highrescanopyheight_orthophoto",0.5,"orthophoto_50cm_2025","Ostlandet"
"NINFP1810018492",5.61562765091658,6.19160342216492,80,1,"meta_highrescanopyheight_orthophoto",0.5,"orthophoto_50cm_2025","Ostlandet"
"NINFP2410183259",0.0379175394465715,0.0100952978245914,33680,8,"meta_highrescanopyheight_orthophoto",0.5,"orthophoto_50cm_2025","Ostlandet"
"NINFP1910040815",7.84411882673905,8.16055917739868,109442,5,"meta_highrescanopyheight_orthophoto",0.5,"orthophoto_50cm_2025","Ostlandet"
"NINFP2310139999",2.64385532019542,1.5379530787468,154660,12,"meta_highrescanopyheight_orthophoto",0.5,"orthophoto_50cm_2025","Ostlandet"
"NINFP2510184522",4.92548336536219,5.07601022720337,18179,3,"meta_highrescanopyheight_orthophoto",0.5,"orthophoto_50cm_2025","Ostlandet"
"NINFP1810033230",4.20950028067589,3.56364512443542,9708,4,"meta_highrescanopyheight_orthophoto",0.5,"orthophoto_50cm_2025","Ostlandet"
"NINFP1810012734",5.83030619106432,6.08759498596191,8624,1,"meta_highrescanopyheight_orthophoto",0.5,"orthophoto_50cm_2025","Ostlandet"
"NINFP2310142945",6.13935017358083,6.29398441314697,7555,3,"meta_highrescanopyheight_orthophoto",0.5,"orthophoto_50cm_2025","Ostlandet"
"NINFP1910033828",0.177627107325428,0.0112489992752671,67241,6,"meta_highrescanopyheight_orthophoto",0.5,"orthophoto_50cm_2025","Ostlandet"
"NINFP2510196623",0.104509313423134,0.0124937398359179,43653,4,"meta_highrescanopyheight_orthophoto",0.5,"orthophoto_50cm_2025","Ostlandet"
"NINFP2510201251",0.0229841749918233,0.0101655507460237,21424,2,"meta_highrescanopyheight_orthophoto",0.5,"orthophoto_50cm_2025","Ostlandet"
"NINFP2210077752",0.310719798621346,0.0117036197334528,118855,6,"meta_highrescanopyheight_orthophoto",0.5,"orthophoto_50cm_2025","Ostlandet"
"NINFP1810038246",2.03694519604863,0.939533650875092,6327,2,"meta_highrescanopyheight_orthophoto",0.5,"orthophoto_50cm_2025","Ostlandet"
"NINFP2010004501",1.76489525679947,0.0686079077422619,5566,1,"meta_highrescanopyheight_orthophoto",0.5,"orthophoto_50cm_2025","Ostlandet"
"NINFP1810028919",8.28087669669093,8.77652359008789,6205,2,"meta_highrescanopyheight_orthophoto",0.5,"orthophoto_50cm_2025","Ostlandet"
"NINFP1810045040",5.45178541980442,5.0449070930481,8146,2,"meta_highrescanopyheight_orthophoto",0.5,"orthophoto_50cm_2025","Ostlandet"
"NINFP2310120921",7.68181438450532,8.14764070510864,11026,3,"meta_highrescanopyheight_orthophoto",0.5,"orthophoto_50cm_2025","Ostlandet"
"NINFP1810017646",2.39759376907066,1.48707699775696,1203,1,"meta_highrescanopyheight_orthophoto",0.5,"orthophoto_50cm_2025","Ostlandet"
"NINFP1910018039",3.00266372819864,2.05527377128601,16861,4,"meta_highrescanopyheight_orthophoto",0.5,"orthophoto_50cm_2025","Ostlandet"
"NINFP2110026941",5.58277391970618,6.13330841064453,7477,4,"meta_highrescanopyheight_orthophoto",0.5,"orthophoto_50cm_2025","Ostlandet"
"NINFP1810004911",6.85331627924743,7.31183791160583,18840,2,"meta_highrescanopyheight_orthophoto",0.5,"orthophoto_50cm_2025","Ostlandet"
"NINFP2110025529",3.09628673370734,1.93629312515259,5672,2,"meta_highrescanopyheight_orthophoto",0.5,"orthophoto_50cm_2025","Ostlandet"
"NINFP2510206371",5.51555692271924,5.39844608306885,24685,4,"meta_highrescanopyheight_orthophoto",0.5,"orthophoto_50cm_2025","Ostlandet"
"NINFP2310131004",0.0114683061518973,0.0101083442568779,25444,2,"meta_highrescanopyheight_orthophoto",0.5,"orthophoto_50cm_2025","Ostlandet"
"NINFP1810038921",4.70417522999566,4.48007726669312,35720,4,"meta_highrescanopyheight_orthophoto",0.5,"orthophoto_50cm_2025","Ostlandet"
"NINFP2510212122",3.386793760823,2.76108455657959,18138,3,"meta_highrescanopyheight_orthophoto",0.5,"orthophoto_50cm_2025","Ostlandet"
"NINFP2010004992",4.50045310672295,4.63797688484192,11612,1,"meta_highrescanopyheight_orthophoto",0.5,"orthophoto_50cm_2025","Ostlandet"
"NINFP2010036183",1.65782464123278,0.813800632953644,6893,4,"meta_highrescanopyheight_orthophoto",0.5,"orthophoto_50cm_2025","Ostlandet"
"NINFP1910000282",5.41169331860627,5.15708160400391,7770,2,"meta_highrescanopyheight_orthophoto",0.5,"orthophoto_50cm_2025","Ostlandet"
"NINFP1810010932",10.159336072946,11.164623260498,4717,3,"meta_highrescanopyheight_orthophoto",0.5,"orthophoto_50cm_2025","Ostlandet"
"NINFP1810018629",7.47228150976536,7.54248142242432,96444,6,"meta_highrescanopyheight_orthophoto",0.5,"orthophoto_50cm_2025","Ostlandet"
"NINFP1810011147",5.94135699349078,6.263099193573,12733,2,"meta_highrescanopyheight_orthophoto",0.5,"orthophoto_50cm_2025","Ostlandet"
"NINFP2510215136",0.370964926636409,0.0231988420709968,12726,3,"meta_highrescanopyheight_orthophoto",0.5,"orthophoto_50cm_2025","Ostlandet"
"NINFP2510206978",5.58775274096378,5.57424235343933,18822,4,"meta_highrescanopyheight_orthophoto",0.5,"orthophoto_50cm_2025","Ostlandet"
"NINFP1910009858",6.99144373257569,7.36423540115356,23301,3,"meta_highrescanopyheight_orthophoto",0.5,"orthophoto_50cm_2025","Ostlandet"
"NINFP2310125859",2.09899117292295,0.803937554359436,4873,1,"meta_highrescanopyheight_orthophoto",0.5,"orthophoto_50cm_2025","Ostlandet"
"NINFP1810030203",2.79406113917961,1.0118499994278,62587,5,"meta_highrescanopyheight_orthophoto",0.5,"orthophoto_50cm_2025","Ostlandet"
"NINFP2010014233",11.9415352201966,13.2389574050903,31106,2,"meta_highrescanopyheight_orthophoto",0.5,"orthophoto_50cm_2025","Ostlandet"
"NINFP1810041693",2.39208709522125,1.07402843236923,4732,2,"meta_highrescanopyheight_orthophoto",0.5,"orthophoto_50cm_2025","Ostlandet"
"NINFP2110037240",5.81057916031869,5.99019145965576,8435,2,"meta_highrescanopyheight_orthophoto",0.5,"orthophoto_50cm_2025","Ostlandet"
"NINFP2110029256",3.87719282831587,2.44664287567139,19384,4,"meta_highrescanopyheight_orthophoto",0.5,"orthophoto_50cm_2025","Ostlandet"
"NINFP2310136495",4.71049550704465,4.37303638458252,29850,4,"meta_highrescanopyheight_orthophoto",0.5,"orthophoto_50cm_2025","Ostlandet"
"NINFP2410179507",7.40058640717204,7.95292472839355,10821,4,"meta_highrescanopyheight_orthophoto",0.5,"orthophoto_50cm_2025","Ostlandet"
"NINFP2110039378",2.03264883100802,0.122976645827293,14991,2,"meta_highrescanopyheight_orthophoto",0.5,"orthophoto_50cm_2025","Ostlandet"
"NINFP2210108874",0.171678190856677,0.0101269166916609,22975,4,"meta_highrescanopyheight_orthophoto",0.5,"orthophoto_50cm_2025","Ostlandet"
"NINFP2210104920",6.0315064718395,5.72598886489868,35967,10,"meta_highrescanopyheight_orthophoto",0.5,"orthophoto_50cm_2025","Ostlandet"
"NINFP2410175226",0.210970547709338,0.0107782939448953,8074,2,"meta_highrescanopyheight_orthophoto",0.5,"orthophoto_50cm_2025","Ostlandet"
"NINFP1910002474",8.88233312364862,9.83065414428711,6120,1,"meta_highrescanopyheight_orthophoto",0.5,"orthophoto_50cm_2025","Ostlandet"
"NINFP2010028338",0.0458000791726805,0.0103439507074654,19694,3,"meta_highrescanopyheight_orthophoto",0.5,"orthophoto_50cm_2025","Ostlandet"
"NINFP1910031220",0.678961186072382,0.0112786423414946,12023,2,"meta_highrescanopyheight_orthophoto",0.5,"orthophoto_50cm_2025","Ostlandet"
"NINFP2310146711",4.79646152002267,3.60366952419281,16364,2,"meta_highrescanopyheight_orthophoto",0.5,"orthophoto_50cm_2025","Ostlandet"
"NINFP2110013617",4.96843356422354,5.10448265075684,5116,2,"meta_highrescanopyheight_orthophoto",0.5,"orthophoto_50cm_2025","Ostlandet"
"NINFP2210087382",0.496145738776297,0.0299258781597018,61222,4,"meta_highrescanopyheight_orthophoto",0.5,"orthophoto_50cm_2025","Ostlandet"
"NINFP1810027360",4.64143059571495,4.48932313919067,14135,2,"meta_highrescanopyheight_orthophoto",0.5,"orthophoto_50cm_2025","Ostlandet"
"NINFP1810037376",3.81268302634887,3.8133761882782,106196,6,"meta_highrescanopyheight_orthophoto",0.5,"orthophoto_50cm_2025","Ostlandet"
"NINFP1810040841",0.189036770066466,0.0105327032506466,69927,4,"meta_highrescanopyheight_orthophoto",0.5,"orthophoto_50cm_2025","Ostlandet"
"NINFP2410176092",7.668426090081,8.16175842285156,18783,4,"meta_highrescanopyheight_orthophoto",0.5,"orthophoto_50cm_2025","Ostlandet"
"NINFP1810024557",0.0480582519366211,0.0102325864136219,85003,7,"meta_highrescanopyheight_orthophoto",0.5,"orthophoto_50cm_2025","Ostlandet"
"NINFP2210098325",4.44506217674944,4.48294305801392,18466,3,"meta_highrescanopyheight_orthophoto",0.5,"orthophoto_50cm_2025","Ostlandet"
"NINFP1810040961",2.81830084370606,2.10847210884094,46173,4,"meta_highrescanopyheight_orthophoto",0.5,"orthophoto_50cm_2025","Ostlandet"
"NINFP2110034307",8.61373341923032,8.8468017578125,21595,2,"meta_highrescanopyheight_orthophoto",0.5,"orthophoto_50cm_2025","Ostlandet"
"NINFP2510195948",7.55156867882903,7.73618030548096,5087,2,"meta_highrescanopyheight_orthophoto",0.5,"orthophoto_50cm_2025","Ostlandet"
"NINFP1810030207",2.12036527775447,0.996483504772186,7667,2,"meta_highrescanopyheight_orthophoto",0.5,"orthophoto_50cm_2025","Ostlandet"
"NINFP1810029327",2.73427809544286,1.4370973110199,104619,8,"meta_highrescanopyheight_orthophoto",0.5,"orthophoto_50cm_2025","Ostlandet"
"NINFP1910043952",4.75014999721718,4.26769638061523,12477,3,"meta_highrescanopyheight_orthophoto",0.5,"orthophoto_50cm_2025","Ostlandet"
"NINFP1810042333",3.80424147791493,0.664709389209747,99164,7,"meta_highrescanopyheight_orthophoto",0.5,"orthophoto_50cm_2025","Ostlandet"
"NINFP2110012700",0.019413621881877,0.0106304408982396,4298,2,"meta_highrescanopyheight_orthophoto",0.5,"orthophoto_50cm_2025","Ostlandet"
"NINFP2610220144",5.27807129034353,4.24147272109985,36154,4,"meta_highrescanopyheight_orthophoto",0.5,"orthophoto_50cm_2025","Ostlandet"
"NINFP2510213167",0.532572384716863,0.0109872417524457,40579,3,"meta_highrescanopyheight_orthophoto",0.5,"orthophoto_50cm_2025","Ostlandet"
"NINFP1910032925",4.84045054830784,4.62298440933228,25897,5,"meta_highrescanopyheight_orthophoto",0.5,"orthophoto_50cm_2025","Ostlandet"
"NINFP2210082179",0.858533712023472,0.0727837383747101,24599,6,"meta_highrescanopyheight_orthophoto",0.5,"orthophoto_50cm_2025","Ostlandet"
"NINFP2210102225",4.88658424224331,5.03871250152588,108991,4,"meta_highrescanopyheight_orthophoto",0.5,"orthophoto_50cm_2025","Ostlandet"
"NINFP2010036782",0.0152238448763924,0.010019354056567,46646,4,"meta_highrescanopyheight_orthophoto",0.5,"orthophoto_50cm_2025","Ostlandet"
"NINFP2410174245",0.770776072932543,0.0290248468518257,57999,5,"meta_highrescanopyheight_orthophoto",0.5,"orthophoto_50cm_2025","Ostlandet"
"NINFP2010010625",4.36317769836432,4.29165554046631,5471,3,"meta_highrescanopyheight_orthophoto",0.5,"orthophoto_50cm_2025","Ostlandet"
"NINFP2310127247",0.795097804714759,0.019278259947896,8037,2,"meta_highrescanopyheight_orthophoto",0.5,"orthophoto_50cm_2025","Ostlandet"
"NINFP1810026090",0.743139485949972,0.113572742789984,45180,4,"meta_highrescanopyheight_orthophoto",0.5,"orthophoto_50cm_2025","Ostlandet"
"NINFP1910016067",8.31784748973623,8.45324325561523,6965,2,"meta_highrescanopyheight_orthophoto",0.5,"orthophoto_50cm_2025","Ostlandet"
"NINFP2210082534",0.0135779083541629,0.0104261077940464,9793,2,"meta_highrescanopyheight_orthophoto",0.5,"orthophoto_50cm_2025","Ostlandet"
"NINFP1810034854",1.77226359895971,0.151243984699249,8145,2,"meta_highrescanopyheight_orthophoto",0.5,"orthophoto_50cm_2025","Ostlandet"
"NINFP1810042207",5.5573709216679,5.42308759689331,32471,3,"meta_highrescanopyheight_orthophoto",0.5,"orthophoto_50cm_2025","Ostlandet"
"NINFP1810039189",2.09874660447,0.185010299086571,183760,8,"meta_highrescanopyheight_orthophoto",0.5,"orthophoto_50cm_2025","Ostlandet"
"NINFP2310120898",2.25316148117455,1.44306302070618,34894,4,"meta_highrescanopyheight_orthophoto",0.5,"orthophoto_50cm_2025","Ostlandet"
"NINFP1910059914",0.328138823046247,0.0104948654770851,6289,2,"meta_highrescanopyheight_orthophoto",0.5,"orthophoto_50cm_2025","Ostlandet"
"NINFP1810036224",0.717894695800221,0.0132121806964278,23217,4,"meta_highrescanopyheight_orthophoto",0.5,"orthophoto_50cm_2025","Ostlandet"
"NINFP1810012583",3.71168851647171,2.61707782745361,16584,3,"meta_highrescanopyheight_orthophoto",0.5,"orthophoto_50cm_2025","Ostlandet"
"NINFP2410171110",2.02818872481149,0.0767611302435398,16910,2,"meta_highrescanopyheight_orthophoto",0.5,"orthophoto_50cm_2025","Ostlandet"
"NINFP2210093006",1.43166057179521,0.142978101968765,83617,6,"meta_highrescanopyheight_orthophoto",0.5,"orthophoto_50cm_2025","Ostlandet"
"NINFP2310136821",4.57731728540405,4.04462289810181,6800,2,"meta_highrescanopyheight_orthophoto",0.5,"orthophoto_50cm_2025","Ostlandet"
"NINFP1910015828",6.48932229883971,6.40198230743408,51764,6,"meta_highrescanopyheight_orthophoto",0.5,"orthophoto_50cm_2025","Ostlandet"
"NINFP2110019100",1.42670387098803,0.138250932097435,20384,3,"meta_highrescanopyheight_orthophoto",0.5,"orthophoto_50cm_2025","Ostlandet"
"NINFP2010025475",0.0131980981633394,0.0100682321935892,17419,3,"meta_highrescanopyheight_orthophoto",0.5,"orthophoto_50cm_2025","Ostlandet"
"NINFP2210082437",3.6866788341845,3.15940523147583,4147,2,"meta_highrescanopyheight_orthophoto",0.5,"orthophoto_50cm_2025","Ostlandet"
"NINFP1810041898",7.73232305274472,7.81558132171631,25899,6,"meta_highrescanopyheight_orthophoto",0.5,"orthophoto_50cm_2025","Ostlandet"
"NINFP2210103883",0.467077210111773,0.0143489018082619,6205,2,"meta_highrescanopyheight_orthophoto",0.5,"orthophoto_50cm_2025","Ostlandet"
"NINFP2010040218",3.8302959755952,3.36108183860779,78649,8,"meta_highrescanopyheight_orthophoto",0.5,"orthophoto_50cm_2025","Ostlandet"
"NINFP2110058067",1.33147208985008,0.259877398610115,31706,4,"meta_highrescanopyheight_orthophoto",0.5,"orthophoto_50cm_2025","Ostlandet"
"NINFP1810031763",1.91171701830368,0.534913182258606,29825,3,"meta_highrescanopyheight_orthophoto",0.5,"orthophoto_50cm_2025","Ostlandet"
"NINFP2410169170",2.44048112167166,0.641494452953339,5681,2,"meta_highrescanopyheight_orthophoto",0.5,"orthophoto_50cm_2025","Ostlandet"
"NINFP2110025197",0.0243333047587633,0.0102373557165265,15552,2,"meta_highrescanopyheight_orthophoto",0.5,"orthophoto_50cm_2025","Ostlandet"
"NINFP1810045750",1.86635500666149,0.839364141225815,106820,6,"meta_highrescanopyheight_orthophoto",0.5,"orthophoto_50cm_2025","Ostlandet"
"NINFP2010038884",2.65154298932149,1.55022859573364,6267,2,"meta_highrescanopyheight_orthophoto",0.5,"orthophoto_50cm_2025","Ostlandet"
"NINFP1810024572",0.748059888740382,0.0411767363548279,40374,4,"meta_highrescanopyheight_orthophoto",0.5,"orthophoto_50cm_2025","Ostlandet"
"NINFP2210104066",2.28381993524469,0.611824154853821,12359,6,"meta_highrescanopyheight_orthophoto",0.5,"orthophoto_50cm_2025","Ostlandet"
"NINFP2210111053",3.72106062826629,3.54054307937622,10438,2,"meta_highrescanopyheight_orthophoto",0.5,"orthophoto_50cm_2025","Ostlandet"
"NINFP2010020034",2.52796023097941,0.0802291110157967,3117,1,"meta_highrescanopyheight_orthophoto",0.5,"orthophoto_50cm_2025","Ostlandet"
"NINFP1810016355",5.19475488670192,5.26714086532593,1007807,33,"meta_highrescanopyheight_orthophoto",0.5,"orthophoto_50cm_2025","Ostlandet"
"NINFP2410183484",7.20418999729266,7.23532772064209,20742,4,"meta_highrescanopyheight_orthophoto",0.5,"orthophoto_50cm_2025","Ostlandet"
"NINFP1910019622",0.0359874722096112,0.0102267470210791,50993,3,"meta_highrescanopyheight_orthophoto",0.5,"orthophoto_50cm_2025","Ostlandet"
"NINFP1810008680",4.22462353225582,3.17305064201355,61615,4,"meta_highrescanopyheight_orthophoto",0.5,"orthophoto_50cm_2025","Ostlandet"
"NINFP2110019271",1.15103793638474,0.461882948875427,8819,2,"meta_highrescanopyheight_orthophoto",0.5,"orthophoto_50cm_2025","Ostlandet"
"NINFP1810042153",2.42610855550238,1.29486864805222,20442,2,"meta_highrescanopyheight_orthophoto",0.5,"orthophoto_50cm_2025","Ostlandet"
"NINFP2510200381",7.05857863378165,7.31432938575745,136232,8,"meta_highrescanopyheight_orthophoto",0.5,"orthophoto_50cm_2025","Ostlandet"
"NINFP2410163778",1.06739687993671,0.0608297660946846,14645,3,"meta_highrescanopyheight_orthophoto",0.5,"orthophoto_50cm_2025","Ostlandet"
"NINFP1910030297",3.74517939137916,3.3458423614502,6311,2,"meta_highrescanopyheight_orthophoto",0.5,"orthophoto_50cm_2025","Ostlandet"
"NINFP2610220145",3.02172806225847,0.893478363752365,2582,1,"meta_highrescanopyheight_orthophoto",0.5,"orthophoto_50cm_2025","Ostlandet"
"NINFP2210102604",3.55418771150428,2.28142929077148,28350,2,"meta_highrescanopyheight_orthophoto",0.5,"orthophoto_50cm_2025","Ostlandet"
"NINFP2510213479",7.54767179565262,7.94038772583008,2897,2,"meta_highrescanopyheight_orthophoto",0.5,"orthophoto_50cm_2025","Ostlandet"
"NINFP2510213595",2.74905146974823,0.640499204397202,40554,6,"meta_highrescanopyheight_orthophoto",0.5,"orthophoto_50cm_2025","Ostlandet"
"NINFP2310127232",1.32966675416069,0.0206558145582676,33050,3,"meta_highrescanopyheight_orthophoto",0.5,"orthophoto_50cm_2025","Ostlandet"
"NINFP2210084026",6.57157991166365,6.7833399772644,71987,10,"meta_highrescanopyheight_orthophoto",0.5,"orthophoto_50cm_2025","Ostlandet"
"NINFP1810037399",2.03564617192851,0.162704721093178,713954,21,"meta_highrescanopyheight_orthophoto",0.5,"orthophoto_50cm_2025","Ostlandet"
"NINFP2110057618",0.952549942944713,0.223995387554169,10867,2,"meta_highrescanopyheight_orthophoto",0.5,"orthophoto_50cm_2025","Ostlandet"
"NINFP2010012768",0.195639947071466,0.0111095225438476,34527,5,"meta_highrescanopyheight_orthophoto",0.5,"orthophoto_50cm_2025","Ostlandet"
"NINFP2510212716",1.28072065768157,0.105981033295393,95064,7,"meta_highrescanopyheight_orthophoto",0.5,"orthophoto_50cm_2025","Ostlandet"
"NINFP1910061109",1.5501801434804,0.0163316549733281,17170,2,"meta_highrescanopyheight_orthophoto",0.5,"orthophoto_50cm_2025","Ostlandet"
"NINFP2410164120",1.25658751357729,0.10305280610919,25966,4,"meta_highrescanopyheight_orthophoto",0.5,"orthophoto_50cm_2025","Ostlandet"
"NINFP2510192892",6.80247824339076,6.68891334533691,12703,3,"meta_highrescanopyheight_orthophoto",0.5,"orthophoto_50cm_2025","Ostlandet"
"NINFP2110010033",0.0252662750226246,0.0110641019418836,5541,2,"meta_highrescanopyheight_orthophoto",0.5,"orthophoto_50cm_2025","Ostlandet"
"NINFP2510217441",1.59860467805315,0.665331840515137,5723,1,"meta_highrescanopyheight_orthophoto",0.5,"orthophoto_50cm_2025","Ostlandet"
"NINFP1910000272",10.971054630515,10.9987964630127,81,1,"meta_highrescanopyheight_orthophoto",0.5,"orthophoto_50cm_2025","Ostlandet"
"NINFP1910032933",1.58788781375303,0.542474657297134,4172,2,"meta_highrescanopyheight_orthophoto",0.5,"orthophoto_50cm_2025","Ostlandet"
"NINFP2210102029",2.24477083377674,0.97831255197525,12291,1,"meta_highrescanopyheight_orthophoto",0.5,"orthophoto_50cm_2025","Ostlandet"
"NINFP1810010078",6.15338941629117,6.08009004592896,13986,2,"meta_highrescanopyheight_orthophoto",0.5,"orthophoto_50cm_2025","Ostlandet"
"NINFP1910034070",2.47513202683108,1.48503559827805,23494,2,"meta_highrescanopyheight_orthophoto",0.5,"orthophoto_50cm_2025","Ostlandet"
"NINFP2110010594",2.25670377569839,1.27622920274734,155724,7,"meta_highrescanopyheight_orthophoto",0.5,"orthophoto_50cm_2025","Ostlandet"
"NINFP2410175313",0.560028180681349,0.0235352106392384,57023,6,"meta_highrescanopyheight_orthophoto",0.5,"orthophoto_50cm_2025","Ostlandet"
"NINFP2110019710",0.0422393036292289,0.0101061351597309,107511,7,"meta_highrescanopyheight_orthophoto",0.5,"orthophoto_50cm_2025","Ostlandet"
"NINFP2010003355",5.65332850883305,5.70566940307617,4029,3,"meta_highrescanopyheight_orthophoto",0.5,"orthophoto_50cm_2025","Ostlandet"
"NINFP1910032913",0.335161533007596,0.0184605782851577,53118,5,"meta_highrescanopyheight_orthophoto",0.5,"orthophoto_50cm_2025","Ostlandet"
"NINFP2210091535",7.62345192627675,7.90973663330078,8214,2,"meta_highrescanopyheight_orthophoto",0.5,"orthophoto_50cm_2025","Ostlandet"
"NINFP2110024372",0.0319273842135088,0.0101616997271776,37517,4,"meta_highrescanopyheight_orthophoto",0.5,"orthophoto_50cm_2025","Ostlandet"
"NINFP2110045389",7.91444797242372,8.19412469863892,33268,4,"meta_highrescanopyheight_orthophoto",0.5,"orthophoto_50cm_2025","Ostlandet"
"NINFP2110009744",1.32755395813909,0.297399759292603,9178,1,"meta_highrescanopyheight_orthophoto",0.5,"orthophoto_50cm_2025","Ostlandet"
"NINFP2310135894",0.127682603918299,0.0104528898373246,15553,4,"meta_highrescanopyheight_orthophoto",0.5,"orthophoto_50cm_2025","Ostlandet"
"NINFP2010012899",4.37302573697134,4.49393248558044,8194,1,"meta_highrescanopyheight_orthophoto",0.5,"orthophoto_50cm_2025","Ostlandet"
"NINFP1810042999",2.15411562975099,0.517038106918335,25555,4,"meta_highrescanopyheight_orthophoto",0.5,"orthophoto_50cm_2025","Ostlandet"
"NINFP1810043059",1.50520214761997,0.174009710550308,17337,2,"meta_highrescanopyheight_orthophoto",0.5,"orthophoto_50cm_2025","Ostlandet"
"NINFP1810008975",4.86477838211121,4.70871257781982,11007,2,"meta_highrescanopyheight_orthophoto",0.5,"orthophoto_50cm_2025","Ostlandet"
"NINFP1910043093",0.159780334138787,0.0103313731960952,47400,8,"meta_highrescanopyheight_orthophoto",0.5,"orthophoto_50cm_2025","Ostlandet"
"NINFP1910053392",0.0127966022739504,0.0111988754943013,2041,2,"meta_highrescanopyheight_orthophoto",0.5,"orthophoto_50cm_2025","Ostlandet"
"NINFP2510196246",4.72807598881815,5.01057577133179,9410,3,"meta_highrescanopyheight_orthophoto",0.5,"orthophoto_50cm_2025","Ostlandet"
"NINFP2410158057",5.06325686742235,5.13035917282104,16602,3,"meta_highrescanopyheight_orthophoto",0.5,"orthophoto_50cm_2025","Ostlandet"
"NINFP1810042632",4.42599701100395,1.94263654947281,1264,1,"meta_highrescanopyheight_orthophoto",0.5,"orthophoto_50cm_2025","Ostlandet"
"NINFP2210093014",6.02563114405629,6.10330319404602,13776,2,"meta_highrescanopyheight_orthophoto",0.5,"orthophoto_50cm_2025","Ostlandet"
"NINFP1810034515",2.81640222775979,1.57186448574066,12980,3,"meta_highrescanopyheight_orthophoto",0.5,"orthophoto_50cm_2025","Ostlandet"
"NINFP2510214320",0.690987416350635,0.022156766615808,12564,2,"meta_highrescanopyheight_orthophoto",0.5,"orthophoto_50cm_2025","Ostlandet"
"NINFP2510188296",2.66110224260538,1.70576548576355,7001,4,"meta_highrescanopyheight_orthophoto",0.5,"orthophoto_50cm_2025","Ostlandet"
"NINFP1910053369",5.93926012942288,5.78491163253784,4357,2,"meta_highrescanopyheight_orthophoto",0.5,"orthophoto_50cm_2025","Ostlandet"
"NINFP2010028302",0.0707064728077283,0.0104417745023966,20671,4,"meta_highrescanopyheight_orthophoto",0.5,"orthophoto_50cm_2025","Ostlandet"
"NINFP2310130116",4.94869194616927,5.0103588104248,19363,3,"meta_highrescanopyheight_orthophoto",0.5,"orthophoto_50cm_2025","Ostlandet"
"NINFP2510216541",0.10030264189417,0.0120385205373168,19346,2,"meta_highrescanopyheight_orthophoto",0.5,"orthophoto_50cm_2025","Ostlandet"
"NINFP2510219134",4.43820489236263,4.49109315872192,20653,4,"meta_highrescanopyheight_orthophoto",0.5,"orthophoto_50cm_2025","Ostlandet"
"NINFP1910026527",6.91380634672743,7.51622533798218,100650,5,"meta_highrescanopyheight_orthophoto",0.5,"orthophoto_50cm_2025","Ostlandet"
"NINFP2310125148",1.80115501653868,0.291226983070374,235619,12,"meta_highrescanopyheight_orthophoto",0.5,"orthophoto_50cm_2025","Ostlandet"
"NINFP1810029908",5.88157935090625,5.64918732643127,10642,2,"meta_highrescanopyheight_orthophoto",0.5,"orthophoto_50cm_2025","Ostlandet"
"NINFP1910045239",0.533071281143556,0.0142861623317003,3701,3,"meta_highrescanopyheight_orthophoto",0.5,"orthophoto_50cm_2025","Ostlandet"
"NINFP2110057768",0.513942856499157,0.0286548361182213,7708,2,"meta_highrescanopyheight_orthophoto",0.5,"orthophoto_50cm_2025","Ostlandet"
"NINFP2010011778",1.49336832973298,0.246231734752655,44571,4,"meta_highrescanopyheight_orthophoto",0.5,"orthophoto_50cm_2025","Ostlandet"
"NINFP2010002160",0.504485909401276,0.0102238748222589,6118,1,"meta_highrescanopyheight_orthophoto",0.5,"orthophoto_50cm_2025","Ostlandet"
"NINFP2010009052",1.03550561508096,0.0114868534728885,7098,2,"meta_highrescanopyheight_orthophoto",0.5,"orthophoto_50cm_2025","Ostlandet"
"NINFP2210101029",0.715962252220759,0.0151924127712846,7173,1,"meta_highrescanopyheight_orthophoto",0.5,"orthophoto_50cm_2025","Ostlandet"
"NINFP2410182960",4.61809117601631,3.86251282691956,6964,2,"meta_highrescanopyheight_orthophoto",0.5,"orthophoto_50cm_2025","Ostlandet"
"NINFP1910015942",7.54102511403004,7.28663063049316,8373,4,"meta_highrescanopyheight_orthophoto",0.5,"orthophoto_50cm_2025","Ostlandet"
"NINFP2010003277",3.70395642349501,3.03408765792847,74825,5,"meta_highrescanopyheight_orthophoto",0.5,"orthophoto_50cm_2025","Ostlandet"
"NINFP2010032599",3.24281361984989,2.83641767501831,1823,2,"meta_highrescanopyheight_orthophoto",0.5,"orthophoto_50cm_2025","Ostlandet"
"NINFP1810037193",2.24410893178772,1.47947353124619,4732,3,"meta_highrescanopyheight_orthophoto",0.5,"orthophoto_50cm_2025","Ostlandet"
"NINFP2010025092",0.149103362085211,0.0105040883645415,152994,12,"meta_highrescanopyheight_orthophoto",0.5,"orthophoto_50cm_2025","Ostlandet"
"NINFP2110039996",5.96418327149526,6.20466470718384,8058,3,"meta_highrescanopyheight_orthophoto",0.5,"orthophoto_50cm_2025","Ostlandet"
"NINFP2110027006",0.0783017710901743,0.01008783839643,47795,4,"meta_highrescanopyheight_orthophoto",0.5,"orthophoto_50cm_2025","Ostlandet"
"NINFP2010051140",0.268008496277578,0.0112776425667107,132526,9,"meta_highrescanopyheight_orthophoto",0.5,"orthophoto_50cm_2025","Ostlandet"
"NINFP1910061190",3.73759670534051,1.86458218097687,10969,6,"meta_highrescanopyheight_orthophoto",0.5,"orthophoto_50cm_2025","Ostlandet"
"NINFP1810031759",2.50547664379115,0.749087244272232,3022,2,"meta_highrescanopyheight_orthophoto",0.5,"orthophoto_50cm_2025","Ostlandet"
"NINFP2410179705",6.20506158547487,6.19303750991821,16505,4,"meta_highrescanopyheight_orthophoto",0.5,"orthophoto_50cm_2025","Ostlandet"
"NINFP1910001959",4.01564505424543,3.69890236854553,7530,2,"meta_highrescanopyheight_orthophoto",0.5,"orthophoto_50cm_2025","Ostlandet"
"NINFP1910032027",2.17723721658559,0.019561730325222,14533,5,"meta_highrescanopyheight_orthophoto",0.5,"orthophoto_50cm_2025","Ostlandet"
"NINFP2510200369",2.7332487509892,1.67445194721222,4984,2,"meta_highrescanopyheight_orthophoto",0.5,"orthophoto_50cm_2025","Ostlandet"
"NINFP2510209456",7.71159032050698,8.35454034805298,15310,3,"meta_highrescanopyheight_orthophoto",0.5,"orthophoto_50cm_2025","Ostlandet"
"NINFP2410179663",5.23286667473441,6.12282109260559,8958,3,"meta_highrescanopyheight_orthophoto",0.5,"orthophoto_50cm_2025","Ostlandet"
"NINFP1810024481",5.25192983044901,5.36524415016174,33476,4,"meta_highrescanopyheight_orthophoto",0.5,"orthophoto_50cm_2025","Ostlandet"
"NINFP2010038794",0.0502380911556199,0.0101610403507948,111063,6,"meta_highrescanopyheight_orthophoto",0.5,"orthophoto_50cm_2025","Ostlandet"
"NINFP1810021312",7.82471789793621,7.92954778671265,8272,2,"meta_highrescanopyheight_orthophoto",0.5,"orthophoto_50cm_2025","Ostlandet"
"NINFP2210102126",4.38979539100027,4.06673240661621,35253,4,"meta_highrescanopyheight_orthophoto",0.5,"orthophoto_50cm_2025","Ostlandet"
"NINFP1910046363",2.05970007400983,0.243909664452076,11156,2,"meta_highrescanopyheight_orthophoto",0.5,"orthophoto_50cm_2025","Ostlandet"
"NINFP1910026529",4.317265295531,5.48024368286133,4291,1,"meta_highrescanopyheight_orthophoto",0.5,"orthophoto_50cm_2025","Ostlandet"
"NINFP1810040518",1.97924678628947,0.668657064437866,62427,4,"meta_highrescanopyheight_orthophoto",0.5,"orthophoto_50cm_2025","Ostlandet"
"NINFP2010033435",8.3011720247786,9.40857315063477,74661,8,"meta_highrescanopyheight_orthophoto",0.5,"orthophoto_50cm_2025","Ostlandet"
"NINFP1810003136",0.641390891186893,0.464060515165329,80,1,"meta_highrescanopyheight_orthophoto",0.5,"orthophoto_50cm_2025","Ostlandet"
"NINFP2010028344",0.0328955709110895,0.0101691149175167,33826,5,"meta_highrescanopyheight_orthophoto",0.5,"orthophoto_50cm_2025","Ostlandet"
"NINFP1910044287",0.136371526286314,0.0103267394006252,8551,3,"meta_highrescanopyheight_orthophoto",0.5,"orthophoto_50cm_2025","Ostlandet"
"NINFP2410170042",0.381242171107064,0.012566365301609,3333,4,"meta_highrescanopyheight_orthophoto",0.5,"orthophoto_50cm_2025","Ostlandet"
"NINFP1810021841",0.349301189801658,0.0117208240553737,5368,2,"meta_highrescanopyheight_orthophoto",0.5,"orthophoto_50cm_2025","Ostlandet"
"NINFP1910059900",0.909573121767258,0.0107992999255657,25521,3,"meta_highrescanopyheight_orthophoto",0.5,"orthophoto_50cm_2025","Ostlandet"
"NINFP1810042206",3.24492953842916,0.873478651046753,25061,3,"meta_highrescanopyheight_orthophoto",0.5,"orthophoto_50cm_2025","Ostlandet"
"NINFP2410178346",0.757709724609183,0.261894837021828,3680,1,"meta_highrescanopyheight_orthophoto",0.5,"orthophoto_50cm_2025","Ostlandet"
"NINFP2510215905",2.15810478739095,0.832014411687851,17986,5,"meta_highrescanopyheight_orthophoto",0.5,"orthophoto_50cm_2025","Ostlandet"
"NINFP1910024938",1.95017705367608,0.803667604923248,25823,3,"meta_highrescanopyheight_orthophoto",0.5,"orthophoto_50cm_2025","Ostlandet"
"NINFP2110011803",4.04132054089293,2.99348986148834,19790,1,"meta_highrescanopyheight_orthophoto",0.5,"orthophoto_50cm_2025","Ostlandet"
"NINFP2310143991",3.28985824731088,3.01387071609497,6644,3,"meta_highrescanopyheight_orthophoto",0.5,"orthophoto_50cm_2025","Ostlandet"
"NINFP1810005053",4.8979998757856,5.19078326225281,4344,1,"meta_highrescanopyheight_orthophoto",0.5,"orthophoto_50cm_2025","Ostlandet"
"NINFP2010002853",2.2513584104146,0.500067114830017,9723,3,"meta_highrescanopyheight_orthophoto",0.5,"orthophoto_50cm_2025","Ostlandet"
"NINFP2010014556",3.63164797143365,1.5920382142067,17898,2,"meta_highrescanopyheight_orthophoto",0.5,"orthophoto_50cm_2025","Ostlandet"
"NINFP2010056840",6.70702688331015,6.80222010612488,5012,2,"meta_highrescanopyheight_orthophoto",0.5,"orthophoto_50cm_2025","Ostlandet"
"NINFP1910032914",2.15139420917053,0.699998795986176,25033,4,"meta_highrescanopyheight_orthophoto",0.5,"orthophoto_50cm_2025","Ostlandet"
"NINFP2510207235",7.35050135623796,8.51425504684448,7554,2,"meta_highrescanopyheight_orthophoto",0.5,"orthophoto_50cm_2025","Ostlandet"
"NINFP2110023967",0.317125561876386,0.0104220057837665,2876,2,"meta_highrescanopyheight_orthophoto",0.5,"orthophoto_50cm_2025","Ostlandet"
"NINFP1810018719",4.70699377577505,5.0687141418457,7259,2,"meta_highrescanopyheight_orthophoto",0.5,"orthophoto_50cm_2025","Ostlandet"
"NINFP2010003840",8.61060391079643,9.99247121810913,5882,3,"meta_highrescanopyheight_orthophoto",0.5,"orthophoto_50cm_2025","Ostlandet"
"NINFP1810014342",1.31341224808936,0.0699569918215275,75394,7,"meta_highrescanopyheight_orthophoto",0.5,"orthophoto_50cm_2025","Ostlandet"
"NINFP2210096512",1.49201387316219,0.332233190536499,45363,4,"meta_highrescanopyheight_orthophoto",0.5,"orthophoto_50cm_2025","Ostlandet"
"NINFP2310136295",1.09203420731739,0.114979155361652,25173,3,"meta_highrescanopyheight_orthophoto",0.5,"orthophoto_50cm_2025","Ostlandet"
"NINFP2210103996",2.30908897507234,0.579183429479599,4430,2,"meta_highrescanopyheight_orthophoto",0.5,"orthophoto_50cm_2025","Ostlandet"
"NINFP2010033319",7.35101312576891,7.99624800682068,15064,2,"meta_highrescanopyheight_orthophoto",0.5,"orthophoto_50cm_2025","Ostlandet"
"NINFP2310143984",4.90513873057548,3.9912166595459,5139,2,"meta_highrescanopyheight_orthophoto",0.5,"orthophoto_50cm_2025","Ostlandet"
"NINFP2210092661",10.4976855402291,11.3023643493652,4609,2,"meta_highrescanopyheight_orthophoto",0.5,"orthophoto_50cm_2025","Ostlandet"
"NINFP1810041148",3.14405621673873,1.9479740858078,14823,2,"meta_highrescanopyheight_orthophoto",0.5,"orthophoto_50cm_2025","Ostlandet"
"NINFP1810015658",7.28126078219157,7.91122770309448,5544,2,"meta_highrescanopyheight_orthophoto",0.5,"orthophoto_50cm_2025","Ostlandet"
"NINFP1810022109",2.50432451352152,1.42406034469604,37388,4,"meta_highrescanopyheight_orthophoto",0.5,"orthophoto_50cm_2025","Ostlandet"
"NINFP1810039154",3.84422393060386,3.88158357143402,53038,7,"meta_highrescanopyheight_orthophoto",0.5,"orthophoto_50cm_2025","Ostlandet"
"NINFP2410183462",10.5129700230924,10.6765093803406,50582,4,"meta_highrescanopyheight_orthophoto",0.5,"orthophoto_50cm_2025","Ostlandet"
"NINFP1810047250",3.40749507798598,3.0548460483551,78,1,"meta_highrescanopyheight_orthophoto",0.5,"orthophoto_50cm_2025","Ostlandet"
"NINFP1810014958",4.32986873186929,3.16388487815857,84767,6,"meta_highrescanopyheight_orthophoto",0.5,"orthophoto_50cm_2025","Ostlandet"
"NINFP1810042583",10.3477123112088,10.5303497314453,8675,3,"meta_highrescanopyheight_orthophoto",0.5,"orthophoto_50cm_2025","Ostlandet"
"NINFP2310139533",2.91272629849762,1.60049021244049,125921,8,"meta_highrescanopyheight_orthophoto",0.5,"orthophoto_50cm_2025","Ostlandet"
"NINFP2410168417",0.630747197844023,0.0679053366184235,5012,3,"meta_highrescanopyheight_orthophoto",0.5,"orthophoto_50cm_2025","Ostlandet"
"NINFP1810032078",5.73717291875661,6.53245377540588,6106,1,"meta_highrescanopyheight_orthophoto",0.5,"orthophoto_50cm_2025","Ostlandet"
"NINFP2510196002",4.58537026083014,3.77471005916595,4968,4,"meta_highrescanopyheight_orthophoto",0.5,"orthophoto_50cm_2025","Ostlandet"
"NINFP2010030691",5.35306306334715,4.70013093948364,42087,5,"meta_highrescanopyheight_orthophoto",0.5,"orthophoto_50cm_2025","Ostlandet"
"NINFP2310141329",3.83771813677098,3.64282393455505,9177,4,"meta_highrescanopyheight_orthophoto",0.5,"orthophoto_50cm_2025","Ostlandet"
"NINFP2110043860",0.577504561787146,0.0138919223099947,10876,2,"meta_highrescanopyheight_orthophoto",0.5,"orthophoto_50cm_2025","Ostlandet"
"NINFP1810041660",1.52773224641885,0.0130386929959059,186233,11,"meta_highrescanopyheight_orthophoto",0.5,"orthophoto_50cm_2025","Ostlandet"
"NINFP2410149963",8.93326686253591,8.7359504699707,9079,5,"meta_highrescanopyheight_orthophoto",0.5,"orthophoto_50cm_2025","Ostlandet"
"NINFP2410164097",0.0437731846800532,0.0101797310635448,22490,3,"meta_highrescanopyheight_orthophoto",0.5,"orthophoto_50cm_2025","Ostlandet"
"NINFP1910042270",2.66458153572865,1.37492680549622,12481,4,"meta_highrescanopyheight_orthophoto",0.5,"orthophoto_50cm_2025","Ostlandet"
"NINFP2210105617",4.54196363580924,3.37599873542786,7425,2,"meta_highrescanopyheight_orthophoto",0.5,"orthophoto_50cm_2025","Ostlandet"
"NINFP2410182244",3.03343044675741,1.18809115886688,12249,3,"meta_highrescanopyheight_orthophoto",0.5,"orthophoto_50cm_2025","Ostlandet"
"NINFP1810029106",1.51923232263805,0.0863272026181221,32960,5,"meta_highrescanopyheight_orthophoto",0.5,"orthophoto_50cm_2025","Ostlandet"
"NINFP1810025868",2.00857035094558,0.738735675811768,76591,7,"meta_highrescanopyheight_orthophoto",0.5,"orthophoto_50cm_2025","Ostlandet"
"NINFP2110056969",0.478708830047824,0.0261190598830581,34486,4,"meta_highrescanopyheight_orthophoto",0.5,"orthophoto_50cm_2025","Ostlandet"
"NINFP2210084038",5.52766408742124,5.41330528259277,29953,4,"meta_highrescanopyheight_orthophoto",0.5,"orthophoto_50cm_2025","Ostlandet"
"NINFP2410160787",0.0585626721984577,0.0100935432128608,160758,10,"meta_highrescanopyheight_orthophoto",0.5,"orthophoto_50cm_2025","Ostlandet"
"NINFP1910061113",0.682662067079681,0.0260340990498662,17016,2,"meta_highrescanopyheight_orthophoto",0.5,"orthophoto_50cm_2025","Ostlandet"
"NINFP1810042146",0.266901609392722,0.0127518074586987,13141,1,"meta_highrescanopyheight_orthophoto",0.5,"orthophoto_50cm_2025","Ostlandet"
"NINFP2410171389",0.0100449189797713,0.0100354268215597,19808,3,"meta_highrescanopyheight_orthophoto",0.5,"orthophoto_50cm_2025","Ostlandet"
"NINFP2010035369",0.200961153318297,0.0110607389360666,335762,16,"meta_highrescanopyheight_orthophoto",0.5,"orthophoto_50cm_2025","Ostlandet"
"NINFP2510193760",1.57544321999052,0.101020470261574,13743,4,"meta_highrescanopyheight_orthophoto",0.5,"orthophoto_50cm_2025","Ostlandet"
"NINFP2210076579",1.60193328579487,0.632049113512039,98464,6,"meta_highrescanopyheight_orthophoto",0.5,"orthophoto_50cm_2025","Ostlandet"
"NINFP2210082891",5.60898654730903,5.86095261573792,4482,2,"meta_highrescanopyheight_orthophoto",0.5,"orthophoto_50cm_2025","Ostlandet"
"NINFP2110028832",2.521009085398,0.931725591421127,4954,2,"meta_highrescanopyheight_orthophoto",0.5,"orthophoto_50cm_2025","Ostlandet"
"NINFP2310144584",7.31757636886951,7.53249549865723,18883,4,"meta_highrescanopyheight_orthophoto",0.5,"orthophoto_50cm_2025","Ostlandet"
"NINFP2510197858",0.53912555790636,0.016364885494113,6478,2,"meta_highrescanopyheight_orthophoto",0.5,"orthophoto_50cm_2025","Ostlandet"
"NINFP2010029968",0.0247678273694011,0.010168544948101,9461,4,"meta_highrescanopyheight_orthophoto",0.5,"orthophoto_50cm_2025","Ostlandet"
"NINFP2110048877",4.42855188420504,2.94560289382935,106222,8,"meta_highrescanopyheight_orthophoto",0.5,"orthophoto_50cm_2025","Ostlandet"
"NINFP1910001962",2.25901797262747,0.889367759227753,31413,4,"meta_highrescanopyheight_orthophoto",0.5,"orthophoto_50cm_2025","Ostlandet"
"NINFP2010005660",2.15888722804302,0.896783888339996,16010,3,"meta_highrescanopyheight_orthophoto",0.5,"orthophoto_50cm_2025","Ostlandet"
"NINFP2110064290",4.59282362098276,4.90314435958862,11945,3,"meta_highrescanopyheight_orthophoto",0.5,"orthophoto_50cm_2025","Ostlandet"
"NINFP2510206301",0.865652180427323,0.0122815733775496,9659,2,"meta_highrescanopyheight_orthophoto",0.5,"orthophoto_50cm_2025","Ostlandet"
"NINFP2110019032",0.175733316900337,0.0151824951171875,2043,2,"meta_highrescanopyheight_orthophoto",0.5,"orthophoto_50cm_2025","Ostlandet"
"NINFP1810028119",4.92202975009942,5.01648378372192,5480,1,"meta_highrescanopyheight_orthophoto",0.5,"orthophoto_50cm_2025","Ostlandet"
"NINFP1810041654",1.29526382742133,0.0840038955211639,82469,8,"meta_highrescanopyheight_orthophoto",0.5,"orthophoto_50cm_2025","Ostlandet"
"NINFP2110069150",4.61258961298224,4.25410127639771,14226,2,"meta_highrescanopyheight_orthophoto",0.5,"orthophoto_50cm_2025","Ostlandet"
"NINFP2210076575",3.81903236144798,3.55982780456543,22849,4,"meta_highrescanopyheight_orthophoto",0.5,"orthophoto_50cm_2025","Ostlandet"
"NINFP2410179609",0.27965174042509,0.0113473748788238,462011,17,"meta_highrescanopyheight_orthophoto",0.5,"orthophoto_50cm_2025","Ostlandet"
"NINFP2210111260",1.61755799705849,0.0108807804062963,91807,6,"meta_highrescanopyheight_orthophoto",0.5,"orthophoto_50cm_2025","Ostlandet"
"NINFP1910014229",4.57483508140218,3.1253719329834,4744,3,"meta_highrescanopyheight_orthophoto",0.5,"orthophoto_50cm_2025","Ostlandet"
"NINFP2410172232",5.55973950061343,4.84774541854858,4939,2,"meta_highrescanopyheight_orthophoto",0.5,"orthophoto_50cm_2025","Ostlandet"
"NINFP1810010398",3.10853916372539,2.01389837265015,9572,2,"meta_highrescanopyheight_orthophoto",0.5,"orthophoto_50cm_2025","Ostlandet"
"NINFP1810043786",1.43093145805621,0.325206339359283,51789,5,"meta_highrescanopyheight_orthophoto",0.5,"orthophoto_50cm_2025","Ostlandet"
"NINFP1810027364",4.31726661035432,4.56006050109863,5296,2,"meta_highrescanopyheight_orthophoto",0.5,"orthophoto_50cm_2025","Ostlandet"
"NINFP1810011304",6.74472109033665,7.00405931472778,6574,2,"meta_highrescanopyheight_orthophoto",0.5,"orthophoto_50cm_2025","Ostlandet"
"NINFP2410164320",3.93784544619746,3.39825129508972,41913,3,"meta_highrescanopyheight_orthophoto",0.5,"orthophoto_50cm_2025","Ostlandet"
"NINFP1810011959",4.77052825241634,5.00011825561523,17793,4,"meta_highrescanopyheight_orthophoto",0.5,"orthophoto_50cm_2025","Ostlandet"
"NINFP2210093012",4.592287592211,4.5175518989563,13196,3,"meta_highrescanopyheight_orthophoto",0.5,"orthophoto_50cm_2025","Ostlandet"
"NINFP1810023287",0.0309155636030478,0.0101298335939646,49943,5,"meta_highrescanopyheight_orthophoto",0.5,"orthophoto_50cm_2025","Ostlandet"
"NINFP2510200813",0.0168348694733737,0.0103812990710139,1828,1,"meta_highrescanopyheight_orthophoto",0.5,"orthophoto_50cm_2025","Ostlandet"
"NINFP2510200965",0.0107790354648832,0.0100914887152612,20500,2,"meta_highrescanopyheight_orthophoto",0.5,"orthophoto_50cm_2025","Ostlandet"
"NINFP1910032919",1.12149212933451,0.0264017973095179,25826,4,"meta_highrescanopyheight_orthophoto",0.5,"orthophoto_50cm_2025","Ostlandet"
"NINFP2110024566",0.127549107999966,0.0104849776253104,23723,4,"meta_highrescanopyheight_orthophoto",0.5,"orthophoto_50cm_2025","Ostlandet"
"NINFP1810042588",4.2231606253782,4.10770606994629,7863,4,"meta_highrescanopyheight_orthophoto",0.5,"orthophoto_50cm_2025","Ostlandet"
"NINFP2410163200",1.3909143757896,0.0391168668866158,17103,2,"meta_highrescanopyheight_orthophoto",0.5,"orthophoto_50cm_2025","Ostlandet"
"NINFP2010040087",8.33788119781055,8.94466495513916,4796,2,"meta_highrescanopyheight_orthophoto",0.5,"orthophoto_50cm_2025","Ostlandet"
"NINFP1810026911",4.45370485824316,3.86710274219513,94756,13,"meta_highrescanopyheight_orthophoto",0.5,"orthophoto_50cm_2025","Ostlandet"
"NINFP2110038272",2.92131560663374,1.93681734800339,6982,3,"meta_highrescanopyheight_orthophoto",0.5,"orthophoto_50cm_2025","Ostlandet"
"NINFP2210074353",1.06550435842022,0.102158598601818,33926,3,"meta_highrescanopyheight_orthophoto",0.5,"orthophoto_50cm_2025","Ostlandet"
"NINFP2110015655",0.0518815516473888,0.0103166182525456,3024,1,"meta_highrescanopyheight_orthophoto",0.5,"orthophoto_50cm_2025","Ostlandet"
"NINFP2010036756",0.102502883048053,0.0103294616565108,303165,16,"meta_highrescanopyheight_orthophoto",0.5,"orthophoto_50cm_2025","Ostlandet"
"NINFP2110061991",0.479806936558802,0.016506751999259,10849,4,"meta_highrescanopyheight_orthophoto",0.5,"orthophoto_50cm_2025","Ostlandet"
"NINFP2310140975",0.668317459849672,0.011414946988225,7365,2,"meta_highrescanopyheight_orthophoto",0.5,"orthophoto_50cm_2025","Ostlandet"
"NINFP1810032068",4.05471424784595,4.16807174682617,7597,2,"meta_highrescanopyheight_orthophoto",0.5,"orthophoto_50cm_2025","Ostlandet"
"NINFP2310120897",2.17926265186777,1.26365995407104,25626,4,"meta_highrescanopyheight_orthophoto",0.5,"orthophoto_50cm_2025","Ostlandet"
"NINFP2410163981",1.77904285102111,0.313678681850433,10297,3,"meta_highrescanopyheight_orthophoto",0.5,"orthophoto_50cm_2025","Ostlandet"
"NINFP2510196656",4.5276071737147,3.37933444976807,9465,4,"meta_highrescanopyheight_orthophoto",0.5,"orthophoto_50cm_2025","Ostlandet"
"NINFP1810044184",12.6549134955055,13.6189708709717,16507,2,"meta_highrescanopyheight_orthophoto",0.5,"orthophoto_50cm_2025","Ostlandet"
"NINFP2110029452",0.0378168204855698,0.0103921815752983,1387,1,"meta_highrescanopyheight_orthophoto",0.5,"orthophoto_50cm_2025","Ostlandet"
"NINFP2110043181",5.976291139675,6.76016712188721,4392,2,"meta_highrescanopyheight_orthophoto",0.5,"orthophoto_50cm_2025","Ostlandet"
"NINFP2210075866",6.21294761864978,6.04381656646729,7906,2,"meta_highrescanopyheight_orthophoto",0.5,"orthophoto_50cm_2025","Ostlandet"
"NINFP2110014842",1.44081848135531,0.0939830765128136,24239,3,"meta_highrescanopyheight_orthophoto",0.5,"orthophoto_50cm_2025","Ostlandet"
"NINFP1910036969",3.01743117900992,2.17526853084564,13786,5,"meta_highrescanopyheight_orthophoto",0.5,"orthophoto_50cm_2025","Ostlandet"
"NINFP1810037197",5.14607345509796,5.3732898235321,11910,2,"meta_highrescanopyheight_orthophoto",0.5,"orthophoto_50cm_2025","Ostlandet"
"NINFP2510196165",0.928541812890557,0.0501839444041252,29389,5,"meta_highrescanopyheight_orthophoto",0.5,"orthophoto_50cm_2025","Ostlandet"
"NINFP2410164395",2.79734982489697,1.61870896816254,9480,1,"meta_highrescanopyheight_orthophoto",0.5,"orthophoto_50cm_2025","Ostlandet"
"NINFP2510215789",3.44694487461841,3.27682411670685,10002,2,"meta_highrescanopyheight_orthophoto",0.5,"orthophoto_50cm_2025","Ostlandet"
"NINFP2110009288",0.0100351926666568,0.0100287399254739,4162,1,"meta_highrescanopyheight_orthophoto",0.5,"orthophoto_50cm_2025","Ostlandet"
"NINFP1810042889",10.078521340962,10.24400806427,11739,4,"meta_highrescanopyheight_orthophoto",0.5,"orthophoto_50cm_2025","Ostlandet"
"NINFP1810028950",0.352115570267723,0.0113391745835543,201243,8,"meta_highrescanopyheight_orthophoto",0.5,"orthophoto_50cm_2025","Ostlandet"
"NINFP2510184278",0.194305041561261,0.0102315731346607,144762,11,"meta_highrescanopyheight_orthophoto",0.5,"orthophoto_50cm_2025","Ostlandet"
"NINFP1810024598",0.234976699310039,0.0107424724847078,284521,15,"meta_highrescanopyheight_orthophoto",0.5,"orthophoto_50cm_2025","Ostlandet"
"NINFP2110055325",0.691352871989399,0.0133360596373677,26869,6,"meta_highrescanopyheight_orthophoto",0.5,"orthophoto_50cm_2025","Ostlandet"
"NINFP1810040041",10.4452102211689,11.4056072235107,7483,2,"meta_highrescanopyheight_orthophoto",0.5,"orthophoto_50cm_2025","Ostlandet"
"NINFP2110025514",2.50956953491291,1.16422593593597,12882,4,"meta_highrescanopyheight_orthophoto",0.5,"orthophoto_50cm_2025","Ostlandet"
"NINFP2510195715",2.73480969916955,1.11314654350281,35961,5,"meta_highrescanopyheight_orthophoto",0.5,"orthophoto_50cm_2025","Ostlandet"
"NINFP2110007930",0.645371298310787,0.0149545837193727,28691,3,"meta_highrescanopyheight_orthophoto",0.5,"orthophoto_50cm_2025","Ostlandet"
"NINFP1810011113",2.42344019106208,1.31916075944901,4268,1,"meta_highrescanopyheight_orthophoto",0.5,"orthophoto_50cm_2025","Ostlandet"
"NINFP1810003677",3.04644687764956,2.43775117397308,7602,2,"meta_highrescanopyheight_orthophoto",0.5,"orthophoto_50cm_2025","Ostlandet"
"NINFP1810042601",6.46326182966034,6.84062671661377,13385,1,"meta_highrescanopyheight_orthophoto",0.5,"orthophoto_50cm_2025","Ostlandet"
"NINFP2010054006",2.17877438507389,0.716644525527954,4214,1,"meta_highrescanopyheight_orthophoto",0.5,"orthophoto_50cm_2025","Ostlandet"
"NINFP2310142324",3.30324669012581,2.7181681394577,13718,4,"meta_highrescanopyheight_orthophoto",0.5,"orthophoto_50cm_2025","Ostlandet"
"NINFP2310144585",4.09757744673695,3.34402203559875,53811,4,"meta_highrescanopyheight_orthophoto",0.5,"orthophoto_50cm_2025","Ostlandet"
"NINFP2010028308",0.0293793324459967,0.0101864282041788,14291,3,"meta_highrescanopyheight_orthophoto",0.5,"orthophoto_50cm_2025","Ostlandet"
"NINFP2110061129",2.65251499674419,1.86511516571045,6608,2,"meta_highrescanopyheight_orthophoto",0.5,"orthophoto_50cm_2025","Ostlandet"
"NINFP1910035617",3.6987939691013,3.06846737861633,40537,4,"meta_highrescanopyheight_orthophoto",0.5,"orthophoto_50cm_2025","Ostlandet"
"NINFP2410182738",9.82981365434022,9.95021629333496,15439,2,"meta_highrescanopyheight_orthophoto",0.5,"orthophoto_50cm_2025","Ostlandet"
"NINFP1810035409",0.252901863225804,0.0120002347975969,18855,2,"meta_highrescanopyheight_orthophoto",0.5,"orthophoto_50cm_2025","Ostlandet"
"NINFP1810015307",4.64830425001815,4.85842657089233,7485,2,"meta_highrescanopyheight_orthophoto",0.5,"orthophoto_50cm_2025","Ostlandet"
"NINFP2010035319",6.14101573454322,6.23222851753235,6670,4,"meta_highrescanopyheight_orthophoto",0.5,"orthophoto_50cm_2025","Ostlandet"
"NINFP2110017164",0.28075822178984,0.0137622924521565,25731,2,"meta_highrescanopyheight_orthophoto",0.5,"orthophoto_50cm_2025","Ostlandet"
"NINFP1810035413",3.49754254369736,2.65681982040405,104115,6,"meta_highrescanopyheight_orthophoto",0.5,"orthophoto_50cm_2025","Ostlandet"
"NINFP1810021474",4.11614888890272,3.51902914047241,123029,9,"meta_highrescanopyheight_orthophoto",0.5,"orthophoto_50cm_2025","Ostlandet"
"NINFP2110031396",1.01316084986865,0.287503898143768,57337,5,"meta_highrescanopyheight_orthophoto",0.5,"orthophoto_50cm_2025","Ostlandet"
"NINFP2510186333",0.198603995270938,0.0123749738559127,5342,2,"meta_highrescanopyheight_orthophoto",0.5,"orthophoto_50cm_2025","Ostlandet"
"NINFP2010036168",1.01395169458576,0.207682281732559,4606,1,"meta_highrescanopyheight_orthophoto",0.5,"orthophoto_50cm_2025","Ostlandet"
"NINFP2310130894",4.35047577533865,4.1611762046814,4351,1,"meta_highrescanopyheight_orthophoto",0.5,"orthophoto_50cm_2025","Ostlandet"
"NINFP2010037143",2.60052930705018,1.92069363594055,37373,4,"meta_highrescanopyheight_orthophoto",0.5,"orthophoto_50cm_2025","Ostlandet"
"NINFP1910021590",6.16945785225185,6.68839883804321,10638,2,"meta_highrescanopyheight_orthophoto",0.5,"orthophoto_50cm_2025","Ostlandet"
"NINFP2110065582",3.91264152387566,3.92146801948547,8773,1,"meta_highrescanopyheight_orthophoto",0.5,"orthophoto_50cm_2025","Ostlandet"
"NINFP1810039693",0.106578157477518,0.0104119684547186,49427,6,"meta_highrescanopyheight_orthophoto",0.5,"orthophoto_50cm_2025","Ostlandet"
"NINFP2210103881",1.62477653114739,0.0458825118839741,11556,2,"meta_highrescanopyheight_orthophoto",0.5,"orthophoto_50cm_2025","Ostlandet"
"NINFP2410184113",0.147826998761104,0.011862875893712,207115,7,"meta_highrescanopyheight_orthophoto",0.5,"orthophoto_50cm_2025","Ostlandet"
"NINFP2410171507",0.0488720182432344,0.0129350395873189,2624,1,"meta_highrescanopyheight_orthophoto",0.5,"orthophoto_50cm_2025","Ostlandet"
"NINFP2210094787",0.411976752041128,0.0472620148211718,13916,4,"meta_highrescanopyheight_orthophoto",0.5,"orthophoto_50cm_2025","Ostlandet"
"NINFP1810041579",0.111402972150045,0.0105423727072775,1305928,44,"meta_highrescanopyheight_orthophoto",0.5,"orthophoto_50cm_2025","Ostlandet"
"NINFP2510194485",3.7119867797576,3.28443002700806,29673,4,"meta_highrescanopyheight_orthophoto",0.5,"orthophoto_50cm_2025","Ostlandet"
"NINFP2110055853",2.75709565856256,1.42606627941132,8151,2,"meta_highrescanopyheight_orthophoto",0.5,"orthophoto_50cm_2025","Ostlandet"
"NINFP2310126352",0.041865186458249,0.0102655058726668,49352,5,"meta_highrescanopyheight_orthophoto",0.5,"orthophoto_50cm_2025","Ostlandet"
"NINFP2210095337",7.90243056577157,8.30992889404297,16039,3,"meta_highrescanopyheight_orthophoto",0.5,"orthophoto_50cm_2025","Ostlandet"
"NINFP2010053027",1.01768727147036,0.0268476996570826,32895,3,"meta_highrescanopyheight_orthophoto",0.5,"orthophoto_50cm_2025","Ostlandet"
"NINFP2410171834",2.82437150560449,1.70815944671631,10541,2,"meta_highrescanopyheight_orthophoto",0.5,"orthophoto_50cm_2025","Ostlandet"
"NINFP2110013645",1.38141293082712,0.189500913023949,24095,4,"meta_highrescanopyheight_orthophoto",0.5,"orthophoto_50cm_2025","Ostlandet"
"NINFP1810034828",5.46527198715432,5.22751665115356,22014,4,"meta_highrescanopyheight_orthophoto",0.5,"orthophoto_50cm_2025","Ostlandet"
"NINFP2410183165",0.299067353247898,0.010603244882077,353284,13,"meta_highrescanopyheight_orthophoto",0.5,"orthophoto_50cm_2025","Ostlandet"
"NINFP2010007334",3.03095260989375,2.77930700778961,82,1,"meta_highrescanopyheight_orthophoto",0.5,"orthophoto_50cm_2025","Ostlandet"
"NINFP2110059225",0.908352537118469,0.0742310583591461,11425,3,"meta_highrescanopyheight_orthophoto",0.5,"orthophoto_50cm_2025","Ostlandet"
"NINFP1810014044",3.73569228292434,2.92347645759583,69728,6,"meta_highrescanopyheight_orthophoto",0.5,"orthophoto_50cm_2025","Ostlandet"
"NINFP2210075974",2.23389460975633,0.955656290054321,12978,2,"meta_highrescanopyheight_orthophoto",0.5,"orthophoto_50cm_2025","Ostlandet"
"NINFP2210097915",2.18801939893307,0.764117658138275,6722,4,"meta_highrescanopyheight_orthophoto",0.5,"orthophoto_50cm_2025","Ostlandet"
"NINFP2310146984",1.47453167012938,0.167039223015308,76448,8,"meta_highrescanopyheight_orthophoto",0.5,"orthophoto_50cm_2025","Ostlandet"
"NINFP2510193912",0.239146695179496,0.0104802148416638,75901,8,"meta_highrescanopyheight_orthophoto",0.5,"orthophoto_50cm_2025","Ostlandet"
"NINFP2310125848",0.324786618135892,0.0106745380908251,5867,3,"meta_highrescanopyheight_orthophoto",0.5,"orthophoto_50cm_2025","Ostlandet"
"NINFP2210103571",1.06158375403455,0.0283130649477243,2553,1,"meta_highrescanopyheight_orthophoto",0.5,"orthophoto_50cm_2025","Ostlandet"
"NINFP1810040526",6.66130756912941,7.18018698692322,45610,4,"meta_highrescanopyheight_orthophoto",0.5,"orthophoto_50cm_2025","Ostlandet"
"NINFP2210099434",4.28315882044888,4.4280948638916,3715,2,"meta_highrescanopyheight_orthophoto",0.5,"orthophoto_50cm_2025","Ostlandet"
"NINFP2410166945",3.26070222785804,1.87929624319077,5076,1,"meta_highrescanopyheight_orthophoto",0.5,"orthophoto_50cm_2025","Ostlandet"
"NINFP1810032084",7.2538690722972,7.49416446685791,100040,11,"meta_highrescanopyheight_orthophoto",0.5,"orthophoto_50cm_2025","Ostlandet"
"NINFP2010031712",0.257046398427695,0.0104741076938808,6248,2,"meta_highrescanopyheight_orthophoto",0.5,"orthophoto_50cm_2025","Ostlandet"
"NINFP2210094844",8.88143861669197,9.74641275405884,42918,5,"meta_highrescanopyheight_orthophoto",0.5,"orthophoto_50cm_2025","Ostlandet"
"NINFP2110021537",0.806464203122231,0.116111636161804,5550,1,"meta_highrescanopyheight_orthophoto",0.5,"orthophoto_50cm_2025","Ostlandet"
"NINFP1810010704",5.80582926864607,6.13518285751343,9941,2,"meta_highrescanopyheight_orthophoto",0.5,"orthophoto_50cm_2025","Ostlandet"
"NINFP2110048871",4.89643261970003,4.30850315093994,11201,4,"meta_highrescanopyheight_orthophoto",0.5,"orthophoto_50cm_2025","Ostlandet"
"NINFP2310139994",3.14520659738304,2.04594111442566,14173,3,"meta_highrescanopyheight_orthophoto",0.5,"orthophoto_50cm_2025","Ostlandet"
"NINFP1810014291",1.25903696928265,0.0510100089013577,58379,4,"meta_highrescanopyheight_orthophoto",0.5,"orthophoto_50cm_2025","Ostlandet"
"NINFP1810028331",0.256161638241446,0.010976770427078,1093006,39,"meta_highrescanopyheight_orthophoto",0.5,"orthophoto_50cm_2025","Ostlandet"
"NINFP2410166229",0.393603311819781,0.0103790583088994,20563,2,"meta_highrescanopyheight_orthophoto",0.5,"orthophoto_50cm_2025","Ostlandet"
"NINFP1810010079",3.50959720676439,2.57917451858521,6037,1,"meta_highrescanopyheight_orthophoto",0.5,"orthophoto_50cm_2025","Ostlandet"
"NINFP2010053000",1.3469451084759,0.266526862978935,3512,1,"meta_highrescanopyheight_orthophoto",0.5,"orthophoto_50cm_2025","Ostlandet"
"NINFP1810018712",6.35891347827946,6.49485301971436,4620,2,"meta_highrescanopyheight_orthophoto",0.5,"orthophoto_50cm_2025","Ostlandet"
"NINFP1910033825",2.17441875023282,1.02405166625977,40245,6,"meta_highrescanopyheight_orthophoto",0.5,"orthophoto_50cm_2025","Ostlandet"
"NINFP2110031055",1.38790364874132,0.508544564247131,7961,2,"meta_highrescanopyheight_orthophoto",0.5,"orthophoto_50cm_2025","Ostlandet"
"NINFP1810012601",8.2233826883188,9.02010345458984,14227,3,"meta_highrescanopyheight_orthophoto",0.5,"orthophoto_50cm_2025","Ostlandet"
"NINFP2410174399",0.010802664797377,0.0101048070937395,65069,6,"meta_highrescanopyheight_orthophoto",0.5,"orthophoto_50cm_2025","Ostlandet"
"NINFP2210083005",2.49869361578613,0.850985795259476,10430,2,"meta_highrescanopyheight_orthophoto",0.5,"orthophoto_50cm_2025","Ostlandet"
"NINFP2110055969",1.7028517793088,0.692955017089844,9745,4,"meta_highrescanopyheight_orthophoto",0.5,"orthophoto_50cm_2025","Ostlandet"
"NINFP2110018849",1.11831147728371,0.0326421670615673,9581,1,"meta_highrescanopyheight_orthophoto",0.5,"orthophoto_50cm_2025","Ostlandet"
"NINFP2510197405",4.12802275981979,3.78556621074677,17554,2,"meta_highrescanopyheight_orthophoto",0.5,"orthophoto_50cm_2025","Ostlandet"
"NINFP2410149968",5.58217390076197,5.56111621856689,10587,3,"meta_highrescanopyheight_orthophoto",0.5,"orthophoto_50cm_2025","Ostlandet"
"NINFP2210084018",0.0100333643092809,0.0100263967178762,11060,2,"meta_highrescanopyheight_orthophoto",0.5,"orthophoto_50cm_2025","Ostlandet"
"NINFP1810011169",0.120035522020698,0.0110426084138453,2786,3,"meta_highrescanopyheight_orthophoto",0.5,"orthophoto_50cm_2025","Ostlandet"
"NINFP1810018623",8.13559648692319,8.92219638824463,31204,4,"meta_highrescanopyheight_orthophoto",0.5,"orthophoto_50cm_2025","Ostlandet"
"NINFP2310134938",0.0188718904212839,0.0106035135686398,3466,2,"meta_highrescanopyheight_orthophoto",0.5,"orthophoto_50cm_2025","Ostlandet"
"NINFP2510207861",9.98342468755076,10.6480751037598,4546,1,"meta_highrescanopyheight_orthophoto",0.5,"orthophoto_50cm_2025","Ostlandet"
"NINFP1810020842",4.66224953952091,4.003577709198,39243,3,"meta_highrescanopyheight_orthophoto",0.5,"orthophoto_50cm_2025","Ostlandet"
"NINFP2010010635",0.323169923652025,0.0333797372877598,45845,6,"meta_highrescanopyheight_orthophoto",0.5,"orthophoto_50cm_2025","Ostlandet"
"NINFP1810015306",5.99515376265772,5.75783395767212,35956,2,"meta_highrescanopyheight_orthophoto",0.5,"orthophoto_50cm_2025","Ostlandet"
"NINFP2410182452",6.25518811905048,6.21938610076904,15660,2,"meta_highrescanopyheight_orthophoto",0.5,"orthophoto_50cm_2025","Ostlandet"
"NINFP2510188437",4.95378298085538,4.85061931610107,12561,3,"meta_highrescanopyheight_orthophoto",0.5,"orthophoto_50cm_2025","Ostlandet"
"NINFP2510201241",0.166115544989342,0.0104326033033431,81234,6,"meta_highrescanopyheight_orthophoto",0.5,"orthophoto_50cm_2025","Ostlandet"
"NINFP2110029255",0.827201964603082,0.0110481921583414,19741,4,"meta_highrescanopyheight_orthophoto",0.5,"orthophoto_50cm_2025","Ostlandet"
"NINFP2210102922",6.19178318224308,6.89238929748535,12053,4,"meta_highrescanopyheight_orthophoto",0.5,"orthophoto_50cm_2025","Ostlandet"
"NINFP1910031234",0.944693962114783,0.0109084434807301,14758,11,"meta_highrescanopyheight_orthophoto",0.5,"orthophoto_50cm_2025","Ostlandet"
"NINFP1810039258",1.29521813079365,0.132240757346153,5490,2,"meta_highrescanopyheight_orthophoto",0.5,"orthophoto_50cm_2025","Ostlandet"
"NINFP1910051305",3.87683289349555,3.11347031593323,14095,2,"meta_highrescanopyheight_orthophoto",0.5,"orthophoto_50cm_2025","Ostlandet"
"NINFP1810014051",0.169191159105273,0.0105611514300108,247383,12,"meta_highrescanopyheight_orthophoto",0.5,"orthophoto_50cm_2025","Ostlandet"
"NINFP2510215394",4.18575323644926,3.70419692993164,20231,3,"meta_highrescanopyheight_orthophoto",0.5,"orthophoto_50cm_2025","Ostlandet"
"NINFP1810041146",4.82475844273921,3.35216760635376,15692,2,"meta_highrescanopyheight_orthophoto",0.5,"orthophoto_50cm_2025","Ostlandet"
"NINFP1810013941",0.243835611955532,0.012172763235867,227528,10,"meta_highrescanopyheight_orthophoto",0.5,"orthophoto_50cm_2025","Ostlandet"
"NINFP2210097927",0.977960378342999,0.0411255694925785,7029,2,"meta_highrescanopyheight_orthophoto",0.5,"orthophoto_50cm_2025","Ostlandet"
"NINFP2010037767",1.96842940585261,1.12419962882996,4118,1,"meta_highrescanopyheight_orthophoto",0.5,"orthophoto_50cm_2025","Ostlandet"
"NINFP2410156239",2.27047702195179,0.446165055036545,4940,2,"meta_highrescanopyheight_orthophoto",0.5,"orthophoto_50cm_2025","Ostlandet"
"NINFP2110064095",0.443727132840968,0.055063609033823,11857,3,"meta_highrescanopyheight_orthophoto",0.5,"orthophoto_50cm_2025","Ostlandet"
"NINFP2410183476",7.25159806125863,7.83024454116821,8410,2,"meta_highrescanopyheight_orthophoto",0.5,"orthophoto_50cm_2025","Ostlandet"
"NINFP1910027364",5.35447345571571,4.21696901321411,4679,2,"meta_highrescanopyheight_orthophoto",0.5,"orthophoto_50cm_2025","Ostlandet"
"NINFP1910033639",0.432029931727837,0.0130815571174026,4407,2,"meta_highrescanopyheight_orthophoto",0.5,"orthophoto_50cm_2025","Ostlandet"
"NINFP2410167401",7.28155048579751,8.40601205825806,4688,1,"meta_highrescanopyheight_orthophoto",0.5,"orthophoto_50cm_2025","Ostlandet"
"NINFP2410177330",2.1095210701462,0.572499871253967,15937,2,"meta_highrescanopyheight_orthophoto",0.5,"orthophoto_50cm_2025","Ostlandet"
"NINFP1810044176",7.0223375949184,6.44707155227661,7002,1,"meta_highrescanopyheight_orthophoto",0.5,"orthophoto_50cm_2025","Ostlandet"
"NINFP2310142946",4.83364015327818,3.74464178085327,11089,3,"meta_highrescanopyheight_orthophoto",0.5,"orthophoto_50cm_2025","Ostlandet"
"NINFP2410164536",0.0661719248744493,0.0104840155690908,4877,4,"meta_highrescanopyheight_orthophoto",0.5,"orthophoto_50cm_2025","Ostlandet"
"NINFP2110018557",1.01285671570343,0.0388610102236271,14598,1,"meta_highrescanopyheight_orthophoto",0.5,"orthophoto_50cm_2025","Ostlandet"
"NINFP1810040509",3.05343139533941,0.822793543338776,13684,2,"meta_highrescanopyheight_orthophoto",0.5,"orthophoto_50cm_2025","Ostlandet"
"NINFP2010036036",1.26824124151006,0.498195886611938,12253,2,"meta_highrescanopyheight_orthophoto",0.5,"orthophoto_50cm_2025","Ostlandet"
"NINFP2110037253",4.83872953198221,4.61103582382202,6609,1,"meta_highrescanopyheight_orthophoto",0.5,"orthophoto_50cm_2025","Ostlandet"
"NINFP2010006740",3.44167491319025,1.5798671245575,7631,4,"meta_highrescanopyheight_orthophoto",0.5,"orthophoto_50cm_2025","Ostlandet"
"NINFP2410156190",0.0969985114077186,0.0106313284486532,4353,1,"meta_highrescanopyheight_orthophoto",0.5,"orthophoto_50cm_2025","Ostlandet"
"NINFP2010036255",3.49893923007168,2.38693416118622,21392,5,"meta_highrescanopyheight_orthophoto",0.5,"orthophoto_50cm_2025","Ostlandet"
"NINFP2510196885",0.116956099125071,0.0107821649871767,15172,2,"meta_highrescanopyheight_orthophoto",0.5,"orthophoto_50cm_2025","Ostlandet"
"NINFP1910009841",0.370394281302155,0.0155191556550562,1540,1,"meta_highrescanopyheight_orthophoto",0.5,"orthophoto_50cm_2025","Ostlandet"
"NINFP2410172324",0.0750528907028539,0.0105000268667936,56151,4,"meta_highrescanopyheight_orthophoto",0.5,"orthophoto_50cm_2025","Ostlandet"
"NINFP2010035682",7.9068944627798,8.45066785812378,6774,3,"meta_highrescanopyheight_orthophoto",0.5,"orthophoto_50cm_2025","Ostlandet"
"NINFP2110016577",2.6310817402457,1.63233637809753,7078,2,"meta_highrescanopyheight_orthophoto",0.5,"orthophoto_50cm_2025","Ostlandet"
"NINFP2010008882",0.0818546412387398,0.0110391899943352,37859,4,"meta_highrescanopyheight_orthophoto",0.5,"orthophoto_50cm_2025","Ostlandet"
"NINFP2210107300",1.49102077748392,0.354769200086594,11188,4,"meta_highrescanopyheight_orthophoto",0.5,"orthophoto_50cm_2025","Ostlandet"
"NINFP2210076588",2.1380667028567,1.32899737358093,7565,1,"meta_highrescanopyheight_orthophoto",0.5,"orthophoto_50cm_2025","Ostlandet"
"NINFP2210101241",1.00929990411398,0.0249662697315216,8641,3,"meta_highrescanopyheight_orthophoto",0.5,"orthophoto_50cm_2025","Ostlandet"
"NINFP2410171114",4.34258943511487,3.93433284759521,7628,2,"meta_highrescanopyheight_orthophoto",0.5,"orthophoto_50cm_2025","Ostlandet"
"NINFP2110059176",1.22817577128734,0.28150300681591,116706,13,"meta_highrescanopyheight_orthophoto",0.5,"orthophoto_50cm_2025","Ostlandet"
"NINFP2210076578",2.30780956551677,1.39694213867188,10743,1,"meta_highrescanopyheight_orthophoto",0.5,"orthophoto_50cm_2025","Ostlandet"
"NINFP2510188514",2.08661572018077,1.31193816661835,12870,3,"meta_highrescanopyheight_orthophoto",0.5,"orthophoto_50cm_2025","Ostlandet"
"NINFP2010005081",1.63363051133608,0.811398267745972,4077,1,"meta_highrescanopyheight_orthophoto",0.5,"orthophoto_50cm_2025","Ostlandet"
"NINFP2310122127",4.95492308399008,5.23996067047119,17747,2,"meta_highrescanopyheight_orthophoto",0.5,"orthophoto_50cm_2025","Ostlandet"
"NINFP2310121863",5.93390155297371,6.13334941864014,72241,7,"meta_highrescanopyheight_orthophoto",0.5,"orthophoto_50cm_2025","Ostlandet"
"NINFP2510184299",0.0768418625870932,0.0103417178615928,39905,9,"meta_highrescanopyheight_orthophoto",0.5,"orthophoto_50cm_2025","Ostlandet"
"NINFP2510207116",3.61079602140028,3.4734183549881,19152,3,"meta_highrescanopyheight_orthophoto",0.5,"orthophoto_50cm_2025","Ostlandet"
"NINFP2510215224",3.38018310444567,2.05045509338379,10059,3,"meta_highrescanopyheight_orthophoto",0.5,"orthophoto_50cm_2025","Ostlandet"
"NINFP2110048866",4.80136062980819,4.57750415802002,6957,3,"meta_highrescanopyheight_orthophoto",0.5,"orthophoto_50cm_2025","Ostlandet"
"NINFP1810018536",4.31261682218794,4.47408747673035,5778,2,"meta_highrescanopyheight_orthophoto",0.5,"orthophoto_50cm_2025","Ostlandet"
"NINFP2510201656",2.52493343748416,0.317445367574692,5342,3,"meta_highrescanopyheight_orthophoto",0.5,"orthophoto_50cm_2025","Ostlandet"
"NINFP1810037643",5.68313237003229,5.60699272155762,14381,2,"meta_highrescanopyheight_orthophoto",0.5,"orthophoto_50cm_2025","Ostlandet"
"NINFP2410181539",0.2611695656056,0.0105180637910962,19297,5,"meta_highrescanopyheight_orthophoto",0.5,"orthophoto_50cm_2025","Ostlandet"
"NINFP1810042967",3.57237425444448,2.44640851020813,6683,1,"meta_highrescanopyheight_orthophoto",0.5,"orthophoto_50cm_2025","Ostlandet"
"NINFP2110018560",0.444364491042709,0.0119072962552309,40194,3,"meta_highrescanopyheight_orthophoto",0.5,"orthophoto_50cm_2025","Ostlandet"
"NINFP2210091544",5.68788546977021,5.84752082824707,5295,2,"meta_highrescanopyheight_orthophoto",0.5,"orthophoto_50cm_2025","Ostlandet"
"NINFP1810032256",5.66904271980909,5.81713151931763,11023,2,"meta_highrescanopyheight_orthophoto",0.5,"orthophoto_50cm_2025","Ostlandet"
"NINFP2210076369",0.866788520439188,0.30321079492569,8703,2,"meta_highrescanopyheight_orthophoto",0.5,"orthophoto_50cm_2025","Ostlandet"
"NINFP1810034851",4.23707610052564,3.97233700752258,6335,1,"meta_highrescanopyheight_orthophoto",0.5,"orthophoto_50cm_2025","Ostlandet"
"NINFP2110045270",4.97636104949172,4.93950462341309,291411,9,"meta_highrescanopyheight_orthophoto",0.5,"orthophoto_50cm_2025","Ostlandet"
"NINFP1810043223",3.66594464478579,1.66350257396698,4029,4,"meta_highrescanopyheight_orthophoto",0.5,"orthophoto_50cm_2025","Ostlandet"
"NINFP2010033316",6.57640190939546,6.6611213684082,5383,2,"meta_highrescanopyheight_orthophoto",0.5,"orthophoto_50cm_2025","Ostlandet"
"NINFP2410182190",5.9126755742564,5.79057145118713,5988,1,"meta_highrescanopyheight_orthophoto",0.5,"orthophoto_50cm_2025","Ostlandet"
"NINFP2210096063",2.58356348275471,1.9396675825119,6420,2,"meta_highrescanopyheight_orthophoto",0.5,"orthophoto_50cm_2025","Ostlandet"
"NINFP2410149770",5.58718022179661,5.86266040802002,18789,4,"meta_highrescanopyheight_orthophoto",0.5,"orthophoto_50cm_2025","Ostlandet"
"NINFP2510196341",6.1289000479657,5.7076473236084,4335,1,"meta_highrescanopyheight_orthophoto",0.5,"orthophoto_50cm_2025","Ostlandet"
"NINFP2510219741",0.266907206376607,0.0140403416007757,15027,1,"meta_highrescanopyheight_orthophoto",0.5,"orthophoto_50cm_2025","Ostlandet"
"NINFP2110039363",0.346274095908613,0.010361828841269,57437,15,"meta_highrescanopyheight_orthophoto",0.5,"orthophoto_50cm_2025","Ostlandet"
"NINFP2110034623",0.346669448146182,0.0172695387154818,10960,1,"meta_highrescanopyheight_orthophoto",0.5,"orthophoto_50cm_2025","Ostlandet"
"NINFP1910021953",1.56468242915568,0.103638295084238,23812,4,"meta_highrescanopyheight_orthophoto",0.5,"orthophoto_50cm_2025","Ostlandet"
"NINFP2510194540",4.43176129627561,4.91224718093872,5841,4,"meta_highrescanopyheight_orthophoto",0.5,"orthophoto_50cm_2025","Ostlandet"
"NINFP2010002166",0.311742978939523,0.0102917300537229,10351,2,"meta_highrescanopyheight_orthophoto",0.5,"orthophoto_50cm_2025","Ostlandet"
"NINFP2410170773",0.0100333623430684,0.010023221373558,9751,2,"meta_highrescanopyheight_orthophoto",0.5,"orthophoto_50cm_2025","Ostlandet"
"NINFP2410172983",3.45504271786393,3.45802295207977,9376,2,"meta_highrescanopyheight_orthophoto",0.5,"orthophoto_50cm_2025","Ostlandet"
"NINFP2510206830",8.93541031394146,9.42109441757202,7848,4,"meta_highrescanopyheight_orthophoto",0.5,"orthophoto_50cm_2025","Ostlandet"
"NINFP2310128793",1.91916015390548,0.470746427774429,63428,4,"meta_highrescanopyheight_orthophoto",0.5,"orthophoto_50cm_2025","Ostlandet"
"NINFP1810020136",3.29723117649439,2.74442458152771,57373,4,"meta_highrescanopyheight_orthophoto",0.5,"orthophoto_50cm_2025","Ostlandet"
"NINFP2210076325",4.31813721525796,4.5104353427887,4704,2,"meta_highrescanopyheight_orthophoto",0.5,"orthophoto_50cm_2025","Ostlandet"
"NINFP2210097603",0.994606686506494,0.106232903897762,7017,2,"meta_highrescanopyheight_orthophoto",0.5,"orthophoto_50cm_2025","Ostlandet"
"NINFP1810028946",0.395325284840143,0.0120412306860089,280680,15,"meta_highrescanopyheight_orthophoto",0.5,"orthophoto_50cm_2025","Ostlandet"
"NINFP2310141271",7.76576171969296,7.98712301254272,17738,3,"meta_highrescanopyheight_orthophoto",0.5,"orthophoto_50cm_2025","Ostlandet"
"NINFP1810036996",3.35453463666244,1.76315039396286,42380,4,"meta_highrescanopyheight_orthophoto",0.5,"orthophoto_50cm_2025","Ostlandet"
"NINFP2210111562",0.0841841445902063,0.020513329654932,4242,2,"meta_highrescanopyheight_orthophoto",0.5,"orthophoto_50cm_2025","Ostlandet"
"NINFP2510200791",0.345543922907964,0.0147871254011989,4122,1,"meta_highrescanopyheight_orthophoto",0.5,"orthophoto_50cm_2025","Ostlandet"
"NINFP2210084154",4.35529079050469,3.67452096939087,6272,1,"meta_highrescanopyheight_orthophoto",0.5,"orthophoto_50cm_2025","Ostlandet"
"NINFP2110062394",3.99211450777657,3.21014857292175,17453,4,"meta_highrescanopyheight_orthophoto",0.5,"orthophoto_50cm_2025","Ostlandet"
"NINFP1810012593",4.99637614203808,4.86281251907349,10743,1,"meta_highrescanopyheight_orthophoto",0.5,"orthophoto_50cm_2025","Ostlandet"
"NINFP1810016701",4.61955078103404,5.46702671051025,5765,2,"meta_highrescanopyheight_orthophoto",0.5,"orthophoto_50cm_2025","Ostlandet"
"NINFP2110016946",0.131512396815987,0.0278463698923588,4105,2,"meta_highrescanopyheight_orthophoto",0.5,"orthophoto_50cm_2025","Ostlandet"
"NINFP2110059379",1.10923787596644,0.185900650918484,29902,4,"meta_highrescanopyheight_orthophoto",0.5,"orthophoto_50cm_2025","Ostlandet"
"NINFP1810042390",3.95186580185342,2.87581849098206,6470,2,"meta_highrescanopyheight_orthophoto",0.5,"orthophoto_50cm_2025","Ostlandet"
"NINFP2210111037",1.90877616826738,0.279306411743164,76682,4,"meta_highrescanopyheight_orthophoto",0.5,"orthophoto_50cm_2025","Ostlandet"
"NINFP2110061426",10.543258954131,10.8330230712891,15670,2,"meta_highrescanopyheight_orthophoto",0.5,"orthophoto_50cm_2025","Ostlandet"
"NINFP2210098763",2.34992329470229,0.467972159385681,6085,2,"meta_highrescanopyheight_orthophoto",0.5,"orthophoto_50cm_2025","Ostlandet"
"NINFP2110013614",0.12267832027504,0.0118576753884554,1945,2,"meta_highrescanopyheight_orthophoto",0.5,"orthophoto_50cm_2025","Ostlandet"
"NINFP1810043217",0.974148944244003,0.163444831967354,4350,2,"meta_highrescanopyheight_orthophoto",0.5,"orthophoto_50cm_2025","Ostlandet"
"NINFP2510213317",1.01943443512801,0.148547902703285,15549,2,"meta_highrescanopyheight_orthophoto",0.5,"orthophoto_50cm_2025","Ostlandet"
"NINFP2510188586",1.5817882695929,0.307013869285583,5361,1,"meta_highrescanopyheight_orthophoto",0.5,"orthophoto_50cm_2025","Ostlandet"
"NINFP1810010373",2.22771853852069,1.42198419570923,15291,3,"meta_highrescanopyheight_orthophoto",0.5,"orthophoto_50cm_2025","Ostlandet"
"NINFP1810028292",1.19544090240118,0.121572121977806,17119,2,"meta_highrescanopyheight_orthophoto",0.5,"orthophoto_50cm_2025","Ostlandet"
"NINFP1910000656",5.63242976808109,5.62224268913269,11864,4,"meta_highrescanopyheight_orthophoto",0.5,"orthophoto_50cm_2025","Ostlandet"
"NINFP2110007581",3.52508788491359,2.77349269390106,12120,4,"meta_highrescanopyheight_orthophoto",0.5,"orthophoto_50cm_2025","Ostlandet"
"NINFP1910051227",6.92888240161112,7.40846157073975,17586,2,"meta_highrescanopyheight_orthophoto",0.5,"orthophoto_50cm_2025","Ostlandet"
"NINFP1810032971",3.19958270734021,2.29045009613037,30755,3,"meta_highrescanopyheight_orthophoto",0.5,"orthophoto_50cm_2025","Ostlandet"
"NINFP2210103995",5.44324897480545,5.59781312942505,5665,2,"meta_highrescanopyheight_orthophoto",0.5,"orthophoto_50cm_2025","Ostlandet"
"NINFP2010054324",0.0100541838017529,0.0100440541282296,7575,4,"meta_highrescanopyheight_orthophoto",0.5,"orthophoto_50cm_2025","Ostlandet"
"NINFP1810003674",0.298042722504097,0.0109527073800564,6393,1,"meta_highrescanopyheight_orthophoto",0.5,"orthophoto_50cm_2025","Ostlandet"
"NINFP1910023078",7.2232284712183,7.61796045303345,15647,4,"meta_highrescanopyheight_orthophoto",0.5,"orthophoto_50cm_2025","Ostlandet"
"NINFP1810012928",8.21936622193005,8.6863260269165,16187,2,"meta_highrescanopyheight_orthophoto",0.5,"orthophoto_50cm_2025","Ostlandet"
"NINFP2110024626",1.14211862945934,0.0349036995321512,14260,5,"meta_highrescanopyheight_orthophoto",0.5,"orthophoto_50cm_2025","Ostlandet"
"NINFP2310127246",1.07236511873732,0.0203755851835012,2581,1,"meta_highrescanopyheight_orthophoto",0.5,"orthophoto_50cm_2025","Ostlandet"
"NINFP2410184095",0.835104646051882,0.086925633251667,31454,4,"meta_highrescanopyheight_orthophoto",0.5,"orthophoto_50cm_2025","Ostlandet"
"NINFP2310122044",0.315181447471937,0.0108517501503229,17811,3,"meta_highrescanopyheight_orthophoto",0.5,"orthophoto_50cm_2025","Ostlandet"
"NINFP2010004264",6.07947649613928,6.48764872550964,22482,4,"meta_highrescanopyheight_orthophoto",0.5,"orthophoto_50cm_2025","Ostlandet"
"NINFP2010002324",0.737267702513826,0.0132838161662221,4009,2,"meta_highrescanopyheight_orthophoto",0.5,"orthophoto_50cm_2025","Ostlandet"
"NINFP1910030281",0.879504544094831,0.0831017792224884,8707,4,"meta_highrescanopyheight_orthophoto",0.5,"orthophoto_50cm_2025","Ostlandet"
"NINFP2310147229",4.09424018037987,3.18580770492554,4995,1,"meta_highrescanopyheight_orthophoto",0.5,"orthophoto_50cm_2025","Ostlandet"
"NINFP2110048624",1.82965672082317,0.471515834331512,17667,2,"meta_highrescanopyheight_orthophoto",0.5,"orthophoto_50cm_2025","Ostlandet"
"NINFP1810040822",3.08893089994133,2.66287803649902,10640,3,"meta_highrescanopyheight_orthophoto",0.5,"orthophoto_50cm_2025","Ostlandet"
"NINFP2510214922",4.31996174471705,3.67534923553467,25011,4,"meta_highrescanopyheight_orthophoto",0.5,"orthophoto_50cm_2025","Ostlandet"
"NINFP2510194285",1.55945149519977,0.11969993263483,11636,2,"meta_highrescanopyheight_orthophoto",0.5,"orthophoto_50cm_2025","Ostlandet"
"NINFP2110054614",2.12369645265915,0.880549490451813,31349,3,"meta_highrescanopyheight_orthophoto",0.5,"orthophoto_50cm_2025","Ostlandet"
"NINFP2010025196",0.0873485703509494,0.010258762165904,114222,9,"meta_highrescanopyheight_orthophoto",0.5,"orthophoto_50cm_2025","Ostlandet"
"NINFP1810042977",4.60257176129993,4.04297733306885,18675,5,"meta_highrescanopyheight_orthophoto",0.5,"orthophoto_50cm_2025","Ostlandet"
"NINFP2010032378",0.066221316288508,0.0152680417522788,1005,1,"meta_highrescanopyheight_orthophoto",0.5,"orthophoto_50cm_2025","Ostlandet"
"NINFP2210094899",0.933083724445856,0.132370389997959,11440,1,"meta_highrescanopyheight_orthophoto",0.5,"orthophoto_50cm_2025","Ostlandet"
"NINFP2510206677",5.00208806375094,5.0739541053772,14928,4,"meta_highrescanopyheight_orthophoto",0.5,"orthophoto_50cm_2025","Ostlandet"
"NINFP2010009516",10.6902530167129,10.9358577728271,91,1,"meta_highrescanopyheight_orthophoto",0.5,"orthophoto_50cm_2025","Ostlandet"
"NINFP2410173527",2.57424077395976,1.47152018547058,27246,4,"meta_highrescanopyheight_orthophoto",0.5,"orthophoto_50cm_2025","Ostlandet"
"NINFP1810014270",2.89968479078382,1.59425449371338,11263,2,"meta_highrescanopyheight_orthophoto",0.5,"orthophoto_50cm_2025","Ostlandet"
"NINFP2510213169",1.49113389792802,0.154092341661453,84875,8,"meta_highrescanopyheight_orthophoto",0.5,"orthophoto_50cm_2025","Ostlandet"
"NINFP1910002479",7.20289446631855,8.11597156524658,8142,2,"meta_highrescanopyheight_orthophoto",0.5,"orthophoto_50cm_2025","Ostlandet"
"NINFP1810034006",9.66527357220816,9.80808258056641,719,1,"meta_highrescanopyheight_orthophoto",0.5,"orthophoto_50cm_2025","Ostlandet"
"NINFP2410182872",8.00095135975792,8.72767066955566,15215,2,"meta_highrescanopyheight_orthophoto",0.5,"orthophoto_50cm_2025","Ostlandet"
"NINFP1810028120",5.26000309740581,4.80127286911011,7163,1,"meta_highrescanopyheight_orthophoto",0.5,"orthophoto_50cm_2025","Ostlandet"
"NINFP1810018856",3.36540305289333,2.84098982810974,14576,2,"meta_highrescanopyheight_orthophoto",0.5,"orthophoto_50cm_2025","Ostlandet"
"NINFP2410169630",4.56640062721833,4.21338176727295,39442,3,"meta_highrescanopyheight_orthophoto",0.5,"orthophoto_50cm_2025","Ostlandet"
"NINFP1810020427",3.24867563893366,3.32555198669434,3331,1,"meta_highrescanopyheight_orthophoto",0.5,"orthophoto_50cm_2025","Ostlandet"
"NINFP1810040867",0.849640637817792,0.0397326424717903,7359,2,"meta_highrescanopyheight_orthophoto",0.5,"orthophoto_50cm_2025","Ostlandet"
"NINFP2110017106",2.26974282090024,1.33680105209351,5117,2,"meta_highrescanopyheight_orthophoto",0.5,"orthophoto_50cm_2025","Ostlandet"
"NINFP2010052179",8.53818172539616,8.7873740196228,10890,4,"meta_highrescanopyheight_orthophoto",0.5,"orthophoto_50cm_2025","Ostlandet"
"NINFP1810041483",5.37236486074807,5.55090999603271,5360,2,"meta_highrescanopyheight_orthophoto",0.5,"orthophoto_50cm_2025","Ostlandet"
"NINFP2510197794",0.486876284320902,0.0110372519120574,10885,3,"meta_highrescanopyheight_orthophoto",0.5,"orthophoto_50cm_2025","Ostlandet"
"NINFP2410175377",0.423030852018913,0.0289176842197776,49948,6,"meta_highrescanopyheight_orthophoto",0.5,"orthophoto_50cm_2025","Ostlandet"
"NINFP2010037023",0.0125427763218421,0.010033780708909,125896,9,"meta_highrescanopyheight_orthophoto",0.5,"orthophoto_50cm_2025","Ostlandet"
"NINFP2110019264",0.414258175163963,0.134838931262493,4876,1,"meta_highrescanopyheight_orthophoto",0.5,"orthophoto_50cm_2025","Ostlandet"
"NINFP2310136371",5.10565517292094,5.26819920539856,17438,3,"meta_highrescanopyheight_orthophoto",0.5,"orthophoto_50cm_2025","Ostlandet"
"NINFP1810027645",2.01455205604624,0.114148452877998,78668,8,"meta_highrescanopyheight_orthophoto",0.5,"orthophoto_50cm_2025","Ostlandet"
"NINFP2210096064",4.64225675911452,4.76351308822632,23627,4,"meta_highrescanopyheight_orthophoto",0.5,"orthophoto_50cm_2025","Ostlandet"
"NINFP2210104768",5.72904992531069,5.75417971611023,32242,4,"meta_highrescanopyheight_orthophoto",0.5,"orthophoto_50cm_2025","Ostlandet"
"NINFP1810027978",4.47061389409185,4.23247051239014,37855,4,"meta_highrescanopyheight_orthophoto",0.5,"orthophoto_50cm_2025","Ostlandet"
"NINFP2010026975",1.22066360922562,0.0103845689445734,17623,4,"meta_highrescanopyheight_orthophoto",0.5,"orthophoto_50cm_2025","Ostlandet"
"NINFP2510209455",7.25637549753893,7.41588425636292,31064,5,"meta_highrescanopyheight_orthophoto",0.5,"orthophoto_50cm_2025","Ostlandet"
"NINFP2510213872",1.52128166089735,0.310868307948112,12880,2,"meta_highrescanopyheight_orthophoto",0.5,"orthophoto_50cm_2025","Ostlandet"
"NINFP1810018312",3.07387428057303,2.40034210681915,24278,4,"meta_highrescanopyheight_orthophoto",0.5,"orthophoto_50cm_2025","Ostlandet"
"NINFP2410175624",0.0388208941410018,0.0103082968853414,4412,2,"meta_highrescanopyheight_orthophoto",0.5,"orthophoto_50cm_2025","Ostlandet"
"NINFP2010052439",0.153326133588451,0.0103132911026478,484739,19,"meta_highrescanopyheight_orthophoto",0.5,"orthophoto_50cm_2025","Ostlandet"
"NINFP2010004701",1.67666581727727,0.0513587594032288,3611,1,"meta_highrescanopyheight_orthophoto",0.5,"orthophoto_50cm_2025","Ostlandet"
"NINFP2510219758",0.258661453656104,0.0104789389297366,641493,24,"meta_highrescanopyheight_orthophoto",0.5,"orthophoto_50cm_2025","Ostlandet"
"NINFP1810037244",0.106327345813761,0.0107250981964171,18682,2,"meta_highrescanopyheight_orthophoto",0.5,"orthophoto_50cm_2025","Ostlandet"
"NINFP1910032908",0.991089526091909,0.0196615839377046,5606,2,"meta_highrescanopyheight_orthophoto",0.5,"orthophoto_50cm_2025","Ostlandet"
"NINFP1810030639",2.34446812549816,0.425837010145187,4306,1,"meta_highrescanopyheight_orthophoto",0.5,"orthophoto_50cm_2025","Ostlandet"
"NINFP2510215177",2.92266441330105,1.93499684333801,25809,4,"meta_highrescanopyheight_orthophoto",0.5,"orthophoto_50cm_2025","Ostlandet"
"NINFP2510213159",0.919966112564362,0.13900038599968,37454,4,"meta_highrescanopyheight_orthophoto",0.5,"orthophoto_50cm_2025","Ostlandet"
"NINFP2410171511",0.0251450696498327,0.0102289346978068,118673,9,"meta_highrescanopyheight_orthophoto",0.5,"orthophoto_50cm_2025","Ostlandet"
"NINFP2010040926",2.04284405939162,0.698465406894684,8763,3,"meta_highrescanopyheight_orthophoto",0.5,"orthophoto_50cm_2025","Ostlandet"
"NINFP1810042422",1.1596574152716,0.0247662235051394,15132,2,"meta_highrescanopyheight_orthophoto",0.5,"orthophoto_50cm_2025","Ostlandet"
"NINFP2110021636",1.70734643878192,0.634890258312225,10315,2,"meta_highrescanopyheight_orthophoto",0.5,"orthophoto_50cm_2025","Ostlandet"
"NINFP2210103972",1.77097061599005,0.253916025161743,68408,8,"meta_highrescanopyheight_orthophoto",0.5,"orthophoto_50cm_2025","Ostlandet"
"NINFP2210096062",3.02364430469855,0.923093259334564,40799,4,"meta_highrescanopyheight_orthophoto",0.5,"orthophoto_50cm_2025","Ostlandet"
"NINFP2210097157",5.17685106770373,5.1020975112915,32041,3,"meta_highrescanopyheight_orthophoto",0.5,"orthophoto_50cm_2025","Ostlandet"
"NINFP1910040958",4.14680076089094,3.34221243858337,26086,4,"meta_highrescanopyheight_orthophoto",0.5,"orthophoto_50cm_2025","Ostlandet"
"NINFP2110030471",7.19679348300344,8.16985940933228,11568,3,"meta_highrescanopyheight_orthophoto",0.5,"orthophoto_50cm_2025","Ostlandet"
"NINFP2010002626",0.732076776791343,0.0126097900792956,2713,1,"meta_highrescanopyheight_orthophoto",0.5,"orthophoto_50cm_2025","Ostlandet"
"NINFP1810012735",0.472246311007184,0.0170058272778988,27267,3,"meta_highrescanopyheight_orthophoto",0.5,"orthophoto_50cm_2025","Ostlandet"
"NINFP2010034357",3.07262386413294,1.08086282014847,7264,2,"meta_highrescanopyheight_orthophoto",0.5,"orthophoto_50cm_2025","Ostlandet"
"NINFP2310121351",5.38604577542162,5.72269749641418,26158,4,"meta_highrescanopyheight_orthophoto",0.5,"orthophoto_50cm_2025","Ostlandet"
"NINFP2510215354",2.72568121397812,0.826469838619232,35860,4,"meta_highrescanopyheight_orthophoto",0.5,"orthophoto_50cm_2025","Ostlandet"
"NINFP2110044987",0.164553814743135,0.0111308889463544,4070,1,"meta_highrescanopyheight_orthophoto",0.5,"orthophoto_50cm_2025","Ostlandet"
"NINFP1910049343",2.15330529035297,0.225099518895149,13424,4,"meta_highrescanopyheight_orthophoto",0.5,"orthophoto_50cm_2025","Ostlandet"
"NINFP2010009565",3.76299537635296,2.54161310195923,22649,4,"meta_highrescanopyheight_orthophoto",0.5,"orthophoto_50cm_2025","Ostlandet"
"NINFP2310139154",0.38391560017858,0.011749928817153,18759,4,"meta_highrescanopyheight_orthophoto",0.5,"orthophoto_50cm_2025","Ostlandet"
"NINFP2110024341",0.0287781938208115,0.0101172653958201,68155,6,"meta_highrescanopyheight_orthophoto",0.5,"orthophoto_50cm_2025","Ostlandet"
"NINFP1810038389",1.3236577391038,0.396004110574722,7962,2,"meta_highrescanopyheight_orthophoto",0.5,"orthophoto_50cm_2025","Ostlandet"
"NINFP2210102241",7.11966351297529,7.08320665359497,17166,2,"meta_highrescanopyheight_orthophoto",0.5,"orthophoto_50cm_2025","Ostlandet"
"NINFP1910039423",3.39314048928519,3.04275321960449,30077,4,"meta_highrescanopyheight_orthophoto",0.5,"orthophoto_50cm_2025","Ostlandet"
"NINFP1810020661",8.75951208547989,9.20279502868652,9987,3,"meta_highrescanopyheight_orthophoto",0.5,"orthophoto_50cm_2025","Ostlandet"
"NINFP2510196247",2.84853939839787,2.36069202423096,8644,4,"meta_highrescanopyheight_orthophoto",0.5,"orthophoto_50cm_2025","Ostlandet"
"NINFP1810034514",2.00447546743515,0.367821291089058,5442,4,"meta_highrescanopyheight_orthophoto",0.5,"orthophoto_50cm_2025","Ostlandet"
"NINFP1810014939",5.3064727958786,5.67707538604736,6867,2,"meta_highrescanopyheight_orthophoto",0.5,"orthophoto_50cm_2025","Ostlandet"
"NINFP1810042880",1.35313734189743,0.0564548168331385,9654,2,"meta_highrescanopyheight_orthophoto",0.5,"orthophoto_50cm_2025","Ostlandet"
"NINFP2510200367",1.52569912096158,0.313633024692535,4913,1,"meta_highrescanopyheight_orthophoto",0.5,"orthophoto_50cm_2025","Ostlandet"
"NINFP2010005075",0.535543636244875,0.0179035849869251,1975,3,"meta_highrescanopyheight_orthophoto",0.5,"orthophoto_50cm_2025","Ostlandet"
"NINFP2410171568",6.84349877588477,7.30792951583862,6451,1,"meta_highrescanopyheight_orthophoto",0.5,"orthophoto_50cm_2025","Ostlandet"
"NINFP2510190747",5.80953919019511,6.09185934066772,7334,3,"meta_highrescanopyheight_orthophoto",0.5,"orthophoto_50cm_2025","Ostlandet"
"NINFP1910035292",2.00668700426257,0.0143977757543325,13339,1,"meta_highrescanopyheight_orthophoto",0.5,"orthophoto_50cm_2025","Ostlandet"
"NINFP2010036751",0.0100244050757006,0.0100178457796574,26625,4,"meta_highrescanopyheight_orthophoto",0.5,"orthophoto_50cm_2025","Ostlandet"
"NINFP2010005856",4.08850668680582,4.15595626831055,4797,2,"meta_highrescanopyheight_orthophoto",0.5,"orthophoto_50cm_2025","Ostlandet"
"NINFP2210103953",2.25117169589102,1.34749853610992,13424,1,"meta_highrescanopyheight_orthophoto",0.5,"orthophoto_50cm_2025","Ostlandet"
"NINFP2410179701",6.82096111554472,7.55327653884888,7189,2,"meta_highrescanopyheight_orthophoto",0.5,"orthophoto_50cm_2025","Ostlandet"
"NINFP2110056643",0.8782405173406,0.302449643611908,5643,1,"meta_highrescanopyheight_orthophoto",0.5,"orthophoto_50cm_2025","Ostlandet"
"NINFP1810040911",2.6783285099127,1.37334477901459,6475,2,"meta_highrescanopyheight_orthophoto",0.5,"orthophoto_50cm_2025","Ostlandet"
"NINFP1910030279",6.14669181732489,6.40376091003418,50903,5,"meta_highrescanopyheight_orthophoto",0.5,"orthophoto_50cm_2025","Ostlandet"
"NINFP2010040142",7.00777255959821,7.68774676322937,17624,3,"meta_highrescanopyheight_orthophoto",0.5,"orthophoto_50cm_2025","Ostlandet"
"NINFP2110054734",3.25757360634797,2.41957139968872,9690,4,"meta_highrescanopyheight_orthophoto",0.5,"orthophoto_50cm_2025","Ostlandet"
"NINFP2010036030",2.67194466802445,2.14617872238159,4391,2,"meta_highrescanopyheight_orthophoto",0.5,"orthophoto_50cm_2025","Ostlandet"
"NINFP2510189963",3.49626826639541,0.816530257463455,5026,1,"meta_highrescanopyheight_orthophoto",0.5,"orthophoto_50cm_2025","Ostlandet"
"NINFP2310123060",0.048353257108199,0.0103195272386074,13281,3,"meta_highrescanopyheight_orthophoto",0.5,"orthophoto_50cm_2025","Ostlandet"
"NINFP2110029229",0.0197382467670402,0.0101427123881876,11148,4,"meta_highrescanopyheight_orthophoto",0.5,"orthophoto_50cm_2025","Ostlandet"
"NINFP2010005608",1.89961388081838,0.581136226654053,26095,5,"meta_highrescanopyheight_orthophoto",0.5,"orthophoto_50cm_2025","Ostlandet"
"NINFP2210105622",6.95390342568514,7.36611652374268,9395,3,"meta_highrescanopyheight_orthophoto",0.5,"orthophoto_50cm_2025","Ostlandet"
"NINFP2310146344",0.345325139652852,0.0111823379993439,76349,4,"meta_highrescanopyheight_orthophoto",0.5,"orthophoto_50cm_2025","Ostlandet"
"NINFP2010056842",4.16510722208578,3.22510278224945,34622,6,"meta_highrescanopyheight_orthophoto",0.5,"orthophoto_50cm_2025","Ostlandet"
"NINFP2010008261",2.38191836293961,0.25493897497654,18538,4,"meta_highrescanopyheight_orthophoto",0.5,"orthophoto_50cm_2025","Ostlandet"
"NINFP1810040040",5.48084034454129,6.0055627822876,257171,13,"meta_highrescanopyheight_orthophoto",0.5,"orthophoto_50cm_2025","Ostlandet"
"NINFP1810010891",2.5120923270926,0.674167573451996,34328,4,"meta_highrescanopyheight_orthophoto",0.5,"orthophoto_50cm_2025","Ostlandet"
"NINFP1810009187",3.6824215508597,2.96951425075531,30124,4,"meta_highrescanopyheight_orthophoto",0.5,"orthophoto_50cm_2025","Ostlandet"
"NINFP2510190934",5.86160660755387,5.48425149917603,7363,2,"meta_highrescanopyheight_orthophoto",0.5,"orthophoto_50cm_2025","Ostlandet"
"NINFP2510200121",1.1265179169114,0.0111259440891445,13856,3,"meta_highrescanopyheight_orthophoto",0.5,"orthophoto_50cm_2025","Ostlandet"
"NINFP2310137464",4.15821282826707,3.67199873924255,15735,4,"meta_highrescanopyheight_orthophoto",0.5,"orthophoto_50cm_2025","Ostlandet"
"NINFP2110038642",5.36519913576319,5.90194272994995,9455,1,"meta_highrescanopyheight_orthophoto",0.5,"orthophoto_50cm_2025","Ostlandet"
"NINFP2110045724",0.0100272197462665,0.0100231673568487,40240,5,"meta_highrescanopyheight_orthophoto",0.5,"orthophoto_50cm_2025","Ostlandet"
"NINFP1810036240",0.154518801848596,0.0167149268090725,6573,1,"meta_highrescanopyheight_orthophoto",0.5,"orthophoto_50cm_2025","Ostlandet"
"NINFP2510200982",0.0678656163950538,0.0103131765499711,6345,2,"meta_highrescanopyheight_orthophoto",0.5,"orthophoto_50cm_2025","Ostlandet"
"NINFP2210099423",6.95574843200478,7.68578433990479,12609,2,"meta_highrescanopyheight_orthophoto",0.5,"orthophoto_50cm_2025","Ostlandet"
"NINFP2510193980",3.55120691422062,3.30657744407654,14138,2,"meta_highrescanopyheight_orthophoto",0.5,"orthophoto_50cm_2025","Ostlandet"
"NINFP2410163197",1.0948744272921,0.071244802325964,28482,3,"meta_highrescanopyheight_orthophoto",0.5,"orthophoto_50cm_2025","Ostlandet"
"NINFP1810011769",5.696064130399,6.18020963668823,62397,5,"meta_highrescanopyheight_orthophoto",0.5,"orthophoto_50cm_2025","Ostlandet"
"NINFP2110024630",5.75370410406797,6.22776412963867,3902,2,"meta_highrescanopyheight_orthophoto",0.5,"orthophoto_50cm_2025","Ostlandet"
"NINFP2310128699",2.31923008356964,1.60469126701355,13387,4,"meta_highrescanopyheight_orthophoto",0.5,"orthophoto_50cm_2025","Ostlandet"
"NINFP2010054590",3.47076464088652,3.27174127101898,2908,2,"meta_highrescanopyheight_orthophoto",0.5,"orthophoto_50cm_2025","Ostlandet"
"NINFP2210095376",1.0239997008463,0.161961376667023,42015,6,"meta_highrescanopyheight_orthophoto",0.5,"orthophoto_50cm_2025","Ostlandet"
"NINFP2310146346",6.43821428378127,6.35996389389038,22823,4,"meta_highrescanopyheight_orthophoto",0.5,"orthophoto_50cm_2025","Ostlandet"
"NINFP1910049562",7.36974828284293,7.73788714408875,7146,3,"meta_highrescanopyheight_orthophoto",0.5,"orthophoto_50cm_2025","Ostlandet"
"NINFP2010033087",4.45086194025682,4.24365639686584,6510,1,"meta_highrescanopyheight_orthophoto",0.5,"orthophoto_50cm_2025","Ostlandet"
"NINFP1810043243",1.29725625759077,0.359540700912476,5047,3,"meta_highrescanopyheight_orthophoto",0.5,"orthophoto_50cm_2025","Ostlandet"
"NINFP1810029128",0.625463907738425,0.0963570773601532,49602,6,"meta_highrescanopyheight_orthophoto",0.5,"orthophoto_50cm_2025","Ostlandet"
"NINFP2210101181",1.14804727845872,0.102920465171337,8834,3,"meta_highrescanopyheight_orthophoto",0.5,"orthophoto_50cm_2025","Ostlandet"
"NINFP1910061388",0.537068573826058,0.0126190399751067,102477,9,"meta_highrescanopyheight_orthophoto",0.5,"orthophoto_50cm_2025","Ostlandet"
"NINFP2110048626",2.34873747147502,0.534614384174347,57223,6,"meta_highrescanopyheight_orthophoto",0.5,"orthophoto_50cm_2025","Ostlandet"
"NINFP1810003676",4.29239812068149,3.90281343460083,11695,2,"meta_highrescanopyheight_orthophoto",0.5,"orthophoto_50cm_2025","Ostlandet"
"NINFP1910043967",2.797363238854,2.25158035755157,24424,2,"meta_highrescanopyheight_orthophoto",0.5,"orthophoto_50cm_2025","Ostlandet"
"NINFP2010005421",7.93056325053453,8.41352605819702,19084,5,"meta_highrescanopyheight_orthophoto",0.5,"orthophoto_50cm_2025","Ostlandet"
"NINFP2210091387",1.64982154274532,0.397169858217239,8069,2,"meta_highrescanopyheight_orthophoto",0.5,"orthophoto_50cm_2025","Ostlandet"
"NINFP2010054020",1.73783733536349,0.0608535204082727,17238,5,"meta_highrescanopyheight_orthophoto",0.5,"orthophoto_50cm_2025","Ostlandet"
"NINFP1810035762",4.44781891588346,4.32251930236816,7747,2,"meta_highrescanopyheight_orthophoto",0.5,"orthophoto_50cm_2025","Ostlandet"
"NINFP2210092998",5.26264090809511,5.44937491416931,27206,6,"meta_highrescanopyheight_orthophoto",0.5,"orthophoto_50cm_2025","Ostlandet"
"NINFP1810032258",4.99681136819406,5.47784328460693,15327,2,"meta_highrescanopyheight_orthophoto",0.5,"orthophoto_50cm_2025","Ostlandet"
"NINFP2510212576",0.217147712285999,0.0226968377828598,5484,2,"meta_highrescanopyheight_orthophoto",0.5,"orthophoto_50cm_2025","Ostlandet"
"NINFP1910043950",5.08875303525534,4.96458911895752,12005,2,"meta_highrescanopyheight_orthophoto",0.5,"orthophoto_50cm_2025","Ostlandet"
"NINFP2110024339",0.0200219398601083,0.0101560745388269,32057,4,"meta_highrescanopyheight_orthophoto",0.5,"orthophoto_50cm_2025","Ostlandet"
"NINFP2110014264",0.208437277943908,0.0105886845849454,9244,2,"meta_highrescanopyheight_orthophoto",0.5,"orthophoto_50cm_2025","Ostlandet"
"NINFP1810011159",3.11281698625368,2.51626539230347,18278,4,"meta_highrescanopyheight_orthophoto",0.5,"orthophoto_50cm_2025","Ostlandet"
"NINFP2010002157",2.8336592253255,0.0779413618147373,3546,1,"meta_highrescanopyheight_orthophoto",0.5,"orthophoto_50cm_2025","Ostlandet"
"NINFP2010032946",1.53940976932079,0.490939974784851,4115,2,"meta_highrescanopyheight_orthophoto",0.5,"orthophoto_50cm_2025","Ostlandet"
"NINFP2510207123",4.42429976257813,4.36037063598633,88725,8,"meta_highrescanopyheight_orthophoto",0.5,"orthophoto_50cm_2025","Ostlandet"
"NINFP2010036469",0.381099840981618,0.011207630392164,6704,2,"meta_highrescanopyheight_orthophoto",0.5,"orthophoto_50cm_2025","Ostlandet"
"NINFP2310128639",0.103325507595693,0.0102373631671071,4956,2,"meta_highrescanopyheight_orthophoto",0.5,"orthophoto_50cm_2025","Ostlandet"
"NINFP2410167398",8.65984342953309,8.95089340209961,25105,2,"meta_highrescanopyheight_orthophoto",0.5,"orthophoto_50cm_2025","Ostlandet"
"NINFP2310125395",0.84771366136761,0.0131341889500618,28084,2,"meta_highrescanopyheight_orthophoto",0.5,"orthophoto_50cm_2025","Ostlandet"
"NINFP1910023157",1.21792078136172,0.104805111885071,14001,3,"meta_highrescanopyheight_orthophoto",0.5,"orthophoto_50cm_2025","Ostlandet"
"NINFP2310147003",0.142890228240992,0.0107775758951902,33717,4,"meta_highrescanopyheight_orthophoto",0.5,"orthophoto_50cm_2025","Ostlandet"
"NINFP2210108411",3.37772926814928,0.856429040431976,11386,4,"meta_highrescanopyheight_orthophoto",0.5,"orthophoto_50cm_2025","Ostlandet"
"NINFP1810013121",0.937139784202552,0.270939499139786,6169,2,"meta_highrescanopyheight_orthophoto",0.5,"orthophoto_50cm_2025","Ostlandet"
"NINFP2210097259",2.37943313322301,1.11128968000412,22360,4,"meta_highrescanopyheight_orthophoto",0.5,"orthophoto_50cm_2025","Ostlandet"
"NINFP2410169786",0.568794582368406,0.115299262106419,4859,2,"meta_highrescanopyheight_orthophoto",0.5,"orthophoto_50cm_2025","Ostlandet"
"NINFP2010009298",1.9846542644824,1.09717881679535,5741,3,"meta_highrescanopyheight_orthophoto",0.5,"orthophoto_50cm_2025","Ostlandet"
"NINFP2310136370",5.36434442833028,5.41516590118408,10810,2,"meta_highrescanopyheight_orthophoto",0.5,"orthophoto_50cm_2025","Ostlandet"
"NINFP1910012020",6.19638885633031,6.37773704528809,14747,2,"meta_highrescanopyheight_orthophoto",0.5,"orthophoto_50cm_2025","Ostlandet"
"NINFP2310129781",3.32093803173753,2.80906391143799,50407,6,"meta_highrescanopyheight_orthophoto",0.5,"orthophoto_50cm_2025","Ostlandet"
"NINFP2510190555",2.98839932707773,1.73785996437073,17853,5,"meta_highrescanopyheight_orthophoto",0.5,"orthophoto_50cm_2025","Ostlandet"
"NINFP2210081942",2.02273989584643,0.53706431388855,12605,3,"meta_highrescanopyheight_orthophoto",0.5,"orthophoto_50cm_2025","Ostlandet"
"NINFP2010041784",2.08230961581088,1.17957633733749,6658,2,"meta_highrescanopyheight_orthophoto",0.5,"orthophoto_50cm_2025","Ostlandet"
"NINFP2510214478",0.0708084375791025,0.0100924205034971,37337,3,"meta_highrescanopyheight_orthophoto",0.5,"orthophoto_50cm_2025","Ostlandet"
"NINFP2210105760",1.25659587831641,0.0149500574916601,15487,7,"meta_highrescanopyheight_orthophoto",0.5,"orthophoto_50cm_2025","Ostlandet"
"NINFP1810024257",5.56004757534483,5.51984715461731,20558,2,"meta_highrescanopyheight_orthophoto",0.5,"orthophoto_50cm_2025","Ostlandet"
"NINFP2310120127",3.25181110274774,0.109410971403122,4100,1,"meta_highrescanopyheight_orthophoto",0.5,"orthophoto_50cm_2025","Ostlandet"
"NINFP2410164411",0.299997614862848,0.018271641805768,14343,2,"meta_highrescanopyheight_orthophoto",0.5,"orthophoto_50cm_2025","Ostlandet"
"NINFP2110040063",5.18490470301379,5.07154297828674,13490,3,"meta_highrescanopyheight_orthophoto",0.5,"orthophoto_50cm_2025","Ostlandet"
"NINFP2210083958",0.0450362026647081,0.0103019345551729,17721,2,"meta_highrescanopyheight_orthophoto",0.5,"orthophoto_50cm_2025","Ostlandet"
"NINFP2410171550",0.0150562024872744,0.0106444414705038,59200,6,"meta_highrescanopyheight_orthophoto",0.5,"orthophoto_50cm_2025","Ostlandet"
"NINFP1910012469",1.27653037107062,0.0176852401345968,83602,14,"meta_highrescanopyheight_orthophoto",0.5,"orthophoto_50cm_2025","Ostlandet"
"NINFP1910011998",5.96882171250184,6.15924739837646,20193,4,"meta_highrescanopyheight_orthophoto",0.5,"orthophoto_50cm_2025","Ostlandet"
"NINFP2210108286",3.08393912856195,1.86700928211212,4381,2,"meta_highrescanopyheight_orthophoto",0.5,"orthophoto_50cm_2025","Ostlandet"
"NINFP1810031755",3.40401292502071,3.65006864070892,6580,1,"meta_highrescanopyheight_orthophoto",0.5,"orthophoto_50cm_2025","Ostlandet"
"NINFP2410181683",1.22663419417067,0.292997449636459,5510,2,"meta_highrescanopyheight_orthophoto",0.5,"orthophoto_50cm_2025","Ostlandet"
"NINFP2110029212",1.2403861285509,0.102242916822433,9209,3,"meta_highrescanopyheight_orthophoto",0.5,"orthophoto_50cm_2025","Ostlandet"
"NINFP2610220330",4.8619580722138,4.95199537277222,16458,2,"meta_highrescanopyheight_orthophoto",0.5,"orthophoto_50cm_2025","Ostlandet"
"NINFP2210102115",2.33916030232061,0.86769050359726,13502,2,"meta_highrescanopyheight_orthophoto",0.5,"orthophoto_50cm_2025","Ostlandet"
"NINFP2110010682",1.22838171402809,0.0103416573256254,30211,3,"meta_highrescanopyheight_orthophoto",0.5,"orthophoto_50cm_2025","Ostlandet"
"NINFP2410184106",2.15240208342677,1.7454936504364,30957,4,"meta_highrescanopyheight_orthophoto",0.5,"orthophoto_50cm_2025","Ostlandet"
"NINFP2210091385",3.81773558909823,3.0637001991272,6194,2,"meta_highrescanopyheight_orthophoto",0.5,"orthophoto_50cm_2025","Ostlandet"
"NINFP1810020272",5.0120770135645,4.98954963684082,6057,3,"meta_highrescanopyheight_orthophoto",0.5,"orthophoto_50cm_2025","Ostlandet"
"NINFP1810003675",6.74401750898598,7.34244275093079,4578,1,"meta_highrescanopyheight_orthophoto",0.5,"orthophoto_50cm_2025","Ostlandet"
"NINFP2210111035",1.51132506233758,0.448034375905991,14539,2,"meta_highrescanopyheight_orthophoto",0.5,"orthophoto_50cm_2025","Ostlandet"
"NINFP1810017648",3.6472389185701,1.26320123672485,4090,1,"meta_highrescanopyheight_orthophoto",0.5,"orthophoto_50cm_2025","Ostlandet"
"NINFP1810007399",8.91104392569503,9.27443885803223,23293,4,"meta_highrescanopyheight_orthophoto",0.5,"orthophoto_50cm_2025","Ostlandet"
"NINFP1810038319",2.12725403539563,0.864012002944946,136194,10,"meta_highrescanopyheight_orthophoto",0.5,"orthophoto_50cm_2025","Ostlandet"
"NINFP2310141314",7.96901346186799,8.01346635818481,22926,3,"meta_highrescanopyheight_orthophoto",0.5,"orthophoto_50cm_2025","Ostlandet"
"NINFP2010036976",1.26224859831501,0.211577773094177,78491,4,"meta_highrescanopyheight_orthophoto",0.5,"orthophoto_50cm_2025","Ostlandet"
"NINFP1910033065",4.12884998491827,2.44536066055298,59071,4,"meta_highrescanopyheight_orthophoto",0.5,"orthophoto_50cm_2025","Ostlandet"
"NINFP2210101173",0.450704429595214,0.0167077444493771,6403,2,"meta_highrescanopyheight_orthophoto",0.5,"orthophoto_50cm_2025","Ostlandet"
"NINFP2010044579",2.35965034965037,0.723254680633545,12358,2,"meta_highrescanopyheight_orthophoto",0.5,"orthophoto_50cm_2025","Ostlandet"
"NINFP2110031653",0.0185708506684305,0.0100471936166286,91491,5,"meta_highrescanopyheight_orthophoto",0.5,"orthophoto_50cm_2025","Ostlandet"
"NINFP1810042139",1.38424904179623,0.121739942580462,14638,4,"meta_highrescanopyheight_orthophoto",0.5,"orthophoto_50cm_2025","Ostlandet"
"NINFP2410179508",7.63427214670683,7.9293155670166,7459,1,"meta_highrescanopyheight_orthophoto",0.5,"orthophoto_50cm_2025","Ostlandet"
"NINFP2410164369",0.0110008482094495,0.0100572220981121,15081,2,"meta_highrescanopyheight_orthophoto",0.5,"orthophoto_50cm_2025","Ostlandet"
"NINFP2210102122",1.03477924472423,0.134904876351357,56223,6,"meta_highrescanopyheight_orthophoto",0.5,"orthophoto_50cm_2025","Ostlandet"
"NINFP2310143983",7.21568421982743,7.98156261444092,10931,1,"meta_highrescanopyheight_orthophoto",0.5,"orthophoto_50cm_2025","Ostlandet"
"NINFP1910019242",4.85644065655657,4.56951999664307,26327,4,"meta_highrescanopyheight_orthophoto",0.5,"orthophoto_50cm_2025","Ostlandet"
"NINFP2510196335",4.07384403989516,3.58449494838715,9688,3,"meta_highrescanopyheight_orthophoto",0.5,"orthophoto_50cm_2025","Ostlandet"
"NINFP1810013441",6.52932835160119,6.3144645690918,4945,2,"meta_highrescanopyheight_orthophoto",0.5,"orthophoto_50cm_2025","Ostlandet"
"NINFP1810008588",10.1190911422552,10.7322096824646,9916,2,"meta_highrescanopyheight_orthophoto",0.5,"orthophoto_50cm_2025","Ostlandet"
"NINFP2110021642",6.0961799957414,6.5647029876709,4289,2,"meta_highrescanopyheight_orthophoto",0.5,"orthophoto_50cm_2025","Ostlandet"
"NINFP1810042916",11.5394510977942,11.5400838851929,5391,2,"meta_highrescanopyheight_orthophoto",0.5,"orthophoto_50cm_2025","Ostlandet"
"NINFP2410164124",0.384676725950292,0.0113395946100354,11042,2,"meta_highrescanopyheight_orthophoto",0.5,"orthophoto_50cm_2025","Ostlandet"
"NINFP1910035093",0.0848443064810574,0.0101966680958867,124667,9,"meta_highrescanopyheight_orthophoto",0.5,"orthophoto_50cm_2025","Ostlandet"
"NINFP1910039337",0.0922715231737127,0.0102585856802762,7620,3,"meta_highrescanopyheight_orthophoto",0.5,"orthophoto_50cm_2025","Ostlandet"
"NINFP2110024564",0.259677884743385,0.0106882574036717,17475,5,"meta_highrescanopyheight_orthophoto",0.5,"orthophoto_50cm_2025","Ostlandet"
"NINFP2210077751",0.508408068707009,0.0134459054097533,98887,7,"meta_highrescanopyheight_orthophoto",0.5,"orthophoto_50cm_2025","Ostlandet"
"NINFP2210082629",1.82694349245986,0.378819420933723,34874,2,"meta_highrescanopyheight_orthophoto",0.5,"orthophoto_50cm_2025","Ostlandet"
"NINFP2010045432",0.146698249841099,0.0160383526235819,6735,1,"meta_highrescanopyheight_orthophoto",0.5,"orthophoto_50cm_2025","Ostlandet"
"NINFP1910040956",0.213830813238203,0.0101774428039789,355489,16,"meta_highrescanopyheight_orthophoto",0.5,"orthophoto_50cm_2025","Ostlandet"
"NINFP2210103940",0.0656219634449269,0.0101703242398798,379676,32,"meta_highrescanopyheight_orthophoto",0.5,"orthophoto_50cm_2025","Ostlandet"
"NINFP2010005085",0.561108499180184,0.0314973555505276,8912,2,"meta_highrescanopyheight_orthophoto",0.5,"orthophoto_50cm_2025","Ostlandet"
"NINFP1810010356",10.2312384486198,10.7129473686218,80,1,"meta_highrescanopyheight_orthophoto",0.5,"orthophoto_50cm_2025","Ostlandet"
"NINFP2110017251",0.331452809376238,0.018177742138505,14165,3,"meta_highrescanopyheight_orthophoto",0.5,"orthophoto_50cm_2025","Ostlandet"
"NINFP1910033124",0.142596172993072,0.010256162378937,54174,4,"meta_highrescanopyheight_orthophoto",0.5,"orthophoto_50cm_2025","Ostlandet"
"NINFP2010033417",10.5119163543875,11.5966911315918,49171,6,"meta_highrescanopyheight_orthophoto",0.5,"orthophoto_50cm_2025","Ostlandet"
"NINFP1810034238",5.12096042469064,5.29709362983704,7306,2,"meta_highrescanopyheight_orthophoto",0.5,"orthophoto_50cm_2025","Ostlandet"
"NINFP1810026784",1.60602177132104,0.204549998044968,9314,2,"meta_highrescanopyheight_orthophoto",0.5,"orthophoto_50cm_2025","Ostlandet"
"NINFP2410180085",3.58698311030786,3.12138056755066,15718,4,"meta_highrescanopyheight_orthophoto",0.5,"orthophoto_50cm_2025","Ostlandet"
"NINFP1910051592",2.21835878485319,0.914818406105042,453809,16,"meta_highrescanopyheight_orthophoto",0.5,"orthophoto_50cm_2025","Ostlandet"
"NINFP1810021992",1.72119369536569,0.873372793197632,8719,2,"meta_highrescanopyheight_orthophoto",0.5,"orthophoto_50cm_2025","Ostlandet"
"NINFP2210101342",1.55196305027952,0.0854075998067856,45804,8,"meta_highrescanopyheight_orthophoto",0.5,"orthophoto_50cm_2025","Ostlandet"
"NINFP1810011461",3.81368283207058,1.46689885854721,10602,2,"meta_highrescanopyheight_orthophoto",0.5,"orthophoto_50cm_2025","Ostlandet"
"NINFP2110008201",0.0292215964401516,0.0105419605970383,1478,1,"meta_highrescanopyheight_orthophoto",0.5,"orthophoto_50cm_2025","Ostlandet"
"NINFP2010007909",3.69205893245852,2.43863201141357,3140,3,"meta_highrescanopyheight_orthophoto",0.5,"orthophoto_50cm_2025","Ostlandet"
"NINFP2510213254",2.15686962957945,0.448455661535263,33160,3,"meta_highrescanopyheight_orthophoto",0.5,"orthophoto_50cm_2025","Ostlandet"
"NINFP1810034304",2.34921312322351,0.630105197429657,6271,1,"meta_highrescanopyheight_orthophoto",0.5,"orthophoto_50cm_2025","Ostlandet"
"NINFP1810042316",1.45649473192092,0.0177834797650576,9701,1,"meta_highrescanopyheight_orthophoto",0.5,"orthophoto_50cm_2025","Ostlandet"
"NINFP2110013674",2.85116015594233,1.78542733192444,8802,2,"meta_highrescanopyheight_orthophoto",0.5,"orthophoto_50cm_2025","Ostlandet"
"NINFP1810043033",3.50141015989433,2.58332812786102,4934,2,"meta_highrescanopyheight_orthophoto",0.5,"orthophoto_50cm_2025","Ostlandet"
"NINFP2010052658",5.8060851351089,6.16367125511169,13260,4,"meta_highrescanopyheight_orthophoto",0.5,"orthophoto_50cm_2025","Ostlandet"
"NINFP1910046220",7.92966910614134,7.83273983001709,7433,2,"meta_highrescanopyheight_orthophoto",0.5,"orthophoto_50cm_2025","Ostlandet"
"NINFP2110041841",6.78217461169939,7.21764612197876,9826,2,"meta_highrescanopyheight_orthophoto",0.5,"orthophoto_50cm_2025","Ostlandet"
"NINFP2110039990",3.76232268680775,3.35598254203796,18231,3,"meta_highrescanopyheight_orthophoto",0.5,"orthophoto_50cm_2025","Ostlandet"
"NINFP2210101218",5.39413861071925,4.16313457489014,27193,3,"meta_highrescanopyheight_orthophoto",0.5,"orthophoto_50cm_2025","Ostlandet"
"NINFP2310128625",0.655994639344569,0.0485235638916492,11129,2,"meta_highrescanopyheight_orthophoto",0.5,"orthophoto_50cm_2025","Ostlandet"
"NINFP1810006033",9.56805181157714,10.3045597076416,8585,2,"meta_highrescanopyheight_orthophoto",0.5,"orthophoto_50cm_2025","Ostlandet"
"NINFP2010020032",0.0435166829132259,0.0107171954587102,4573,2,"meta_highrescanopyheight_orthophoto",0.5,"orthophoto_50cm_2025","Ostlandet"
"NINFP2110016425",0.0103328430360232,0.0100798802450299,17738,3,"meta_highrescanopyheight_orthophoto",0.5,"orthophoto_50cm_2025","Ostlandet"
"NINFP2210093936",4.85789270953412,4.40917301177979,8055,1,"meta_highrescanopyheight_orthophoto",0.5,"orthophoto_50cm_2025","Ostlandet"
"NINFP2110016967",3.87646346620259,3.75924611091614,37292,5,"meta_highrescanopyheight_orthophoto",0.5,"orthophoto_50cm_2025","Ostlandet"
"NINFP2010039862",4.43301782649563,4.11596775054932,94669,6,"meta_highrescanopyheight_orthophoto",0.5,"orthophoto_50cm_2025","Ostlandet"
"NINFP2410171157",0.186912410912069,0.0107226436957717,11258,2,"meta_highrescanopyheight_orthophoto",0.5,"orthophoto_50cm_2025","Ostlandet"
"NINFP2210100785",1.5633025412267,0.23069441318512,15807,2,"meta_highrescanopyheight_orthophoto",0.5,"orthophoto_50cm_2025","Ostlandet"
"NINFP1810039253",1.74901062370194,0.374951586127281,48008,5,"meta_highrescanopyheight_orthophoto",0.5,"orthophoto_50cm_2025","Ostlandet"
"NINFP2010009527",0.811597666022987,0.0116834864020348,14099,3,"meta_highrescanopyheight_orthophoto",0.5,"orthophoto_50cm_2025","Ostlandet"
"NINFP2510200376",3.96561168758132,3.11936020851135,18865,4,"meta_highrescanopyheight_orthophoto",0.5,"orthophoto_50cm_2025","Ostlandet"
"NINFP2410164185",0.311518017629605,0.022552041336894,4371,4,"meta_highrescanopyheight_orthophoto",0.5,"orthophoto_50cm_2025","Ostlandet"
"NINFP2210101026",2.40850695767207,0.149215251207352,2754,1,"meta_highrescanopyheight_orthophoto",0.5,"orthophoto_50cm_2025","Ostlandet"
"NINFP2410183440",0.279610718914702,0.0412333756685257,1304,2,"meta_highrescanopyheight_orthophoto",0.5,"orthophoto_50cm_2025","Ostlandet"
"NINFP1810040082",2.73409779840998,1.81437683105469,60123,7,"meta_highrescanopyheight_orthophoto",0.5,"orthophoto_50cm_2025","Ostlandet"
"NINFP1910032920",0.596992885590296,0.0314415786415339,8674,2,"meta_highrescanopyheight_orthophoto",0.5,"orthophoto_50cm_2025","Ostlandet"
"NINFP1810036233",3.09878131653837,1.86413717269897,25554,3,"meta_highrescanopyheight_orthophoto",0.5,"orthophoto_50cm_2025","Ostlandet"
"NINFP2110019088",0.91959025638342,0.020391090773046,8906,3,"meta_highrescanopyheight_orthophoto",0.5,"orthophoto_50cm_2025","Ostlandet"
"NINFP2110021913",0.0884216380879798,0.0105546601116657,18099,3,"meta_highrescanopyheight_orthophoto",0.5,"orthophoto_50cm_2025","Ostlandet"
"NINFP1810024596",0.0972820847413635,0.0105027668178082,134668,5,"meta_highrescanopyheight_orthophoto",0.5,"orthophoto_50cm_2025","Ostlandet"
"NINFP2210108417",2.49293925268584,0.650400638580322,3459,2,"meta_highrescanopyheight_orthophoto",0.5,"orthophoto_50cm_2025","Ostlandet"
"NINFP1810038635",1.36557149078307,0.0360936410725117,14933,2,"meta_highrescanopyheight_orthophoto",0.5,"orthophoto_50cm_2025","Ostlandet"
"NINFP2210096509",3.93160309614189,3.86944675445557,4807,2,"meta_highrescanopyheight_orthophoto",0.5,"orthophoto_50cm_2025","Ostlandet"
"NINFP2010004471",2.33644081496712,1.55131006240845,28805,2,"meta_highrescanopyheight_orthophoto",0.5,"orthophoto_50cm_2025","Ostlandet"
"NINFP2010007913",0.451510984904965,0.0122408252209425,49562,3,"meta_highrescanopyheight_orthophoto",0.5,"orthophoto_50cm_2025","Ostlandet"
"NINFP2010012429",2.99168068623031,1.42465531826019,24595,4,"meta_highrescanopyheight_orthophoto",0.5,"orthophoto_50cm_2025","Ostlandet"
"NINFP2210075471",0.20392267860902,0.0163154220208526,4108,1,"meta_highrescanopyheight_orthophoto",0.5,"orthophoto_50cm_2025","Ostlandet"
"NINFP1810043075",1.35607763278798,0.210095331072807,7066,1,"meta_highrescanopyheight_orthophoto",0.5,"orthophoto_50cm_2025","Ostlandet"
"NINFP2310136291",0.631319969466667,0.022888557985425,12768,3,"meta_highrescanopyheight_orthophoto",0.5,"orthophoto_50cm_2025","Ostlandet"
"NINFP2510196527",1.5930118941696,0.102599300444126,11765,3,"meta_highrescanopyheight_orthophoto",0.5,"orthophoto_50cm_2025","Ostlandet"
"NINFP2110014855",0.0101349835172685,0.0101108681410551,8421,4,"meta_highrescanopyheight_orthophoto",0.5,"orthophoto_50cm_2025","Ostlandet"
"NINFP1810041912",7.33933498649153,9.2767767906189,26712,2,"meta_highrescanopyheight_orthophoto",0.5,"orthophoto_50cm_2025","Ostlandet"
"NINFP2210095199",1.72511454866312,0.0344286523759365,3393,1,"meta_highrescanopyheight_orthophoto",0.5,"orthophoto_50cm_2025","Ostlandet"
"NINFP1910015672",1.63318824012817,0.0121576506644487,10811,2,"meta_highrescanopyheight_orthophoto",0.5,"orthophoto_50cm_2025","Ostlandet"
"NINFP2110061986",0.182146609944443,0.0145161468535662,9023,2,"meta_highrescanopyheight_orthophoto",0.5,"orthophoto_50cm_2025","Ostlandet"
"NINFP2010034554",3.17327471594975,0.595487087965012,3476,2,"meta_highrescanopyheight_orthophoto",0.5,"orthophoto_50cm_2025","Ostlandet"
"NINFP2210107296",2.0839524378762,0.590929865837097,13455,3,"meta_highrescanopyheight_orthophoto",0.5,"orthophoto_50cm_2025","Ostlandet"
"NINFP2010028318",0.0237379483249711,0.0101422984153032,97930,8,"meta_highrescanopyheight_orthophoto",0.5,"orthophoto_50cm_2025","Ostlandet"
"NINFP2310144153",6.25665423074986,6.32565855979919,4806,1,"meta_highrescanopyheight_orthophoto",0.5,"orthophoto_50cm_2025","Ostlandet"
"NINFP1810028948",2.07541431526244,0.167733371257782,45279,5,"meta_highrescanopyheight_orthophoto",0.5,"orthophoto_50cm_2025","Ostlandet"
"NINFP2510186214",0.0286936341321516,0.0103783337399364,1632,1,"meta_highrescanopyheight_orthophoto",0.5,"orthophoto_50cm_2025","Ostlandet"
"NINFP2110015717",2.53219080406516,1.91082161664963,9910,3,"meta_highrescanopyheight_orthophoto",0.5,"orthophoto_50cm_2025","Ostlandet"
"NINFP1810039182",6.54118891914749,6.68650460243225,11884,2,"meta_highrescanopyheight_orthophoto",0.5,"orthophoto_50cm_2025","Ostlandet"
"NINFP1810024114",0.494523855018155,0.0213986812159419,4944,4,"meta_highrescanopyheight_orthophoto",0.5,"orthophoto_50cm_2025","Ostlandet"
"NINFP2110039443",4.22333353147765,4.01105308532715,5076,2,"meta_highrescanopyheight_orthophoto",0.5,"orthophoto_50cm_2025","Ostlandet"
"NINFP2210093000",0.574427151506542,0.0205659009516239,16106,3,"meta_highrescanopyheight_orthophoto",0.5,"orthophoto_50cm_2025","Ostlandet"
"NINFP2510212780",4.06262205214809,2.91220676898956,97732,7,"meta_highrescanopyheight_orthophoto",0.5,"orthophoto_50cm_2025","Ostlandet"
"NINFP2110015722",1.16856608869507,0.0589913576841354,5276,2,"meta_highrescanopyheight_orthophoto",0.5,"orthophoto_50cm_2025","Ostlandet"
"NINFP2210091732",6.02269220966766,5.56981754302979,15719,3,"meta_highrescanopyheight_orthophoto",0.5,"orthophoto_50cm_2025","Ostlandet"
"NINFP2310131024",1.37744917804232,0.237619191408157,4993,1,"meta_highrescanopyheight_orthophoto",0.5,"orthophoto_50cm_2025","Ostlandet"
"NINFP2210076378",1.03721508350502,0.0713416486978531,6605,1,"meta_highrescanopyheight_orthophoto",0.5,"orthophoto_50cm_2025","Ostlandet"
"NINFP2210103947",5.21808267876739,5.96398544311523,4722,2,"meta_highrescanopyheight_orthophoto",0.5,"orthophoto_50cm_2025","Ostlandet"
"NINFP1910022851",6.55622751131195,7.33596658706665,4176,4,"meta_highrescanopyheight_orthophoto",0.5,"orthophoto_50cm_2025","Ostlandet"
"NINFP2010002168",2.85415777461754,0.0584913715720177,44064,6,"meta_highrescanopyheight_orthophoto",0.5,"orthophoto_50cm_2025","Ostlandet"
"NINFP1810024556",6.79961965709941,7.16541051864624,8779,4,"meta_highrescanopyheight_orthophoto",0.5,"orthophoto_50cm_2025","Ostlandet"
"NINFP1810035424",1.42667494527179,0.0980670675635338,12322,2,"meta_highrescanopyheight_orthophoto",0.5,"orthophoto_50cm_2025","Ostlandet"
"NINFP2110061420",10.543258954131,10.8330230712891,15670,2,"meta_highrescanopyheight_orthophoto",0.5,"orthophoto_50cm_2025","Ostlandet"
"NINFP2010034579",2.45779452569924,0.417721003293991,8045,2,"meta_highrescanopyheight_orthophoto",0.5,"orthophoto_50cm_2025","Ostlandet"
"NINFP2010053519",0.862485218531114,0.0642291456460953,14707,2,"meta_highrescanopyheight_orthophoto",0.5,"orthophoto_50cm_2025","Ostlandet"
"NINFP2410169169",1.28626550275583,0.346791803836823,4643,1,"meta_highrescanopyheight_orthophoto",0.5,"orthophoto_50cm_2025","Ostlandet"
"NINFP2510217453",0.70304131930075,0.026636591181159,287929,19,"meta_highrescanopyheight_orthophoto",0.5,"orthophoto_50cm_2025","Ostlandet"
"NINFP2110054612",3.18024896952493,3.15272569656372,6725,2,"meta_highrescanopyheight_orthophoto",0.5,"orthophoto_50cm_2025","Ostlandet"
"NINFP2210107872",1.52877592253374,0.0467970184981823,3463,2,"meta_highrescanopyheight_orthophoto",0.5,"orthophoto_50cm_2025","Ostlandet"
"NINFP2010052952",1.57269985745629,0.0525690633803606,7672,2,"meta_highrescanopyheight_orthophoto",0.5,"orthophoto_50cm_2025","Ostlandet"
"NINFP2210105208",4.85377386676334,5.06873726844788,5222,1,"meta_highrescanopyheight_orthophoto",0.5,"orthophoto_50cm_2025","Ostlandet"
"NINFP2410161352",4.30784340438439,3.5905659198761,76343,8,"meta_highrescanopyheight_orthophoto",0.5,"orthophoto_50cm_2025","Ostlandet"
"NINFP1810036388",2.41469433882078,0.319364905357361,5295,1,"meta_highrescanopyheight_orthophoto",0.5,"orthophoto_50cm_2025","Ostlandet"
"NINFP2210101920",3.14425917059102,1.77842557430267,5261,1,"meta_highrescanopyheight_orthophoto",0.5,"orthophoto_50cm_2025","Ostlandet"
"NINFP2310127258",0.0691246168370269,0.0102526154369116,262119,15,"meta_highrescanopyheight_orthophoto",0.5,"orthophoto_50cm_2025","Ostlandet"
"NINFP1810008688",7.22481184648553,7.7427077293396,23193,3,"meta_highrescanopyheight_orthophoto",0.5,"orthophoto_50cm_2025","Ostlandet"
"NINFP2110017501",1.13801672759268,0.0180978812277317,15500,4,"meta_highrescanopyheight_orthophoto",0.5,"orthophoto_50cm_2025","Ostlandet"
"NINFP1810024577",2.93800073470262,1.46112984418869,33486,5,"meta_highrescanopyheight_orthophoto",0.5,"orthophoto_50cm_2025","Ostlandet"
"NINFP1910038445",6.69676209668836,7.09866619110107,39941,4,"meta_highrescanopyheight_orthophoto",0.5,"orthophoto_50cm_2025","Ostlandet"
"NINFP2410153113",4.62139687833724,1.48930490016937,5255,3,"meta_highrescanopyheight_orthophoto",0.5,"orthophoto_50cm_2025","Ostlandet"
"NINFP2510194541",2.84012816793536,1.27867889404297,8313,4,"meta_highrescanopyheight_orthophoto",0.5,"orthophoto_50cm_2025","Ostlandet"
"NINFP2410169639",1.888258825983,0.596132636070251,14229,3,"meta_highrescanopyheight_orthophoto",0.5,"orthophoto_50cm_2025","Ostlandet"
"NINFP2610220146",6.31023582629169,6.47126960754395,5399,1,"meta_highrescanopyheight_orthophoto",0.5,"orthophoto_50cm_2025","Ostlandet"
"NINFP2110046114",0.0234352007841171,0.0100772101432085,49541,5,"meta_highrescanopyheight_orthophoto",0.5,"orthophoto_50cm_2025","Ostlandet"
"NINFP1810035645",0.5980920592563,0.0124749056994915,14013,2,"meta_highrescanopyheight_orthophoto",0.5,"orthophoto_50cm_2025","Ostlandet"
"NINFP2410163013",4.16535159774746,3.59747672080994,25763,4,"meta_highrescanopyheight_orthophoto",0.5,"orthophoto_50cm_2025","Ostlandet"
"NINFP1910021550",7.11198581556453,7.41422963142395,22572,3,"meta_highrescanopyheight_orthophoto",0.5,"orthophoto_50cm_2025","Ostlandet"
"NINFP2110014190",5.15693678839786,5.42709159851074,4227,1,"meta_highrescanopyheight_orthophoto",0.5,"orthophoto_50cm_2025","Ostlandet"
"NINFP2210082899",4.66602519236346,4.32256126403809,4445,2,"meta_highrescanopyheight_orthophoto",0.5,"orthophoto_50cm_2025","Ostlandet"
"NINFP1910045096",3.9842959525243,2.85271716117859,24410,5,"meta_highrescanopyheight_orthophoto",0.5,"orthophoto_50cm_2025","Ostlandet"
"NINFP1810041891",4.71981739984761,4.99594020843506,9354,2,"meta_highrescanopyheight_orthophoto",0.5,"orthophoto_50cm_2025","Ostlandet"
"NINFP1810013957",0.157173665321465,0.0117405476048589,45832,5,"meta_highrescanopyheight_orthophoto",0.5,"orthophoto_50cm_2025","Ostlandet"
"NINFP1810035769",4.11910810776915,4.08255767822266,17957,2,"meta_highrescanopyheight_orthophoto",0.5,"orthophoto_50cm_2025","Ostlandet"
"NINFP1810020854",6.01993030448155,6.11586093902588,12475,2,"meta_highrescanopyheight_orthophoto",0.5,"orthophoto_50cm_2025","Ostlandet"
"NINFP1810042984",5.44250816232305,5.68156671524048,12904,4,"meta_highrescanopyheight_orthophoto",0.5,"orthophoto_50cm_2025","Ostlandet"
"NINFP2410168405",0.467278994544402,0.0147277191281319,9209,3,"meta_highrescanopyheight_orthophoto",0.5,"orthophoto_50cm_2025","Ostlandet"
"NINFP2310135171",0.100221212632992,0.0107156056910753,1945,1,"meta_highrescanopyheight_orthophoto",0.5,"orthophoto_50cm_2025","Ostlandet"
"NINFP1810033228",2.01671530417392,1.26671779155731,5379,1,"meta_highrescanopyheight_orthophoto",0.5,"orthophoto_50cm_2025","Ostlandet"
"NINFP2310144275",5.07519594782788,4.89937853813171,4918,1,"meta_highrescanopyheight_orthophoto",0.5,"orthophoto_50cm_2025","Ostlandet"
"NINFP2210077767",1.99429938884945,0.051602590829134,12793,3,"meta_highrescanopyheight_orthophoto",0.5,"orthophoto_50cm_2025","Ostlandet"
"NINFP1810018164",2.92448173873688,2.24401998519897,24097,4,"meta_highrescanopyheight_orthophoto",0.5,"orthophoto_50cm_2025","Ostlandet"
"NINFP2510187195",0.756215499615189,0.0111013762652874,13457,2,"meta_highrescanopyheight_orthophoto",0.5,"orthophoto_50cm_2025","Ostlandet"
"NINFP2210103956",1.72204474046881,0.548457980155945,8308,2,"meta_highrescanopyheight_orthophoto",0.5,"orthophoto_50cm_2025","Ostlandet"
"NINFP2210075473",0.561975024612731,0.0149741573259234,5823,2,"meta_highrescanopyheight_orthophoto",0.5,"orthophoto_50cm_2025","Ostlandet"
"NINFP1810039170",1.92848306271218,0.505053341388702,86705,8,"meta_highrescanopyheight_orthophoto",0.5,"orthophoto_50cm_2025","Ostlandet"
"NINFP1910019308",0.836822608555088,0.0381495803594589,4988,2,"meta_highrescanopyheight_orthophoto",0.5,"orthophoto_50cm_2025","Ostlandet"
"NINFP2510190769",3.36635498612068,1.27330386638641,6896,1,"meta_highrescanopyheight_orthophoto",0.5,"orthophoto_50cm_2025","Ostlandet"
"NINFP1810028098",0.0102498818943407,0.0101497792638838,50300,4,"meta_highrescanopyheight_orthophoto",0.5,"orthophoto_50cm_2025","Ostlandet"
"NINFP1810038174",0.473974404360741,0.012330487370491,13062,2,"meta_highrescanopyheight_orthophoto",0.5,"orthophoto_50cm_2025","Ostlandet"
"NINFP2210103562",0.358826175948193,0.0181356426328421,3197,1,"meta_highrescanopyheight_orthophoto",0.5,"orthophoto_50cm_2025","Ostlandet"
"NINFP1910019902",0.946679031073665,0.0602837633341551,5992,1,"meta_highrescanopyheight_orthophoto",0.5,"orthophoto_50cm_2025","Ostlandet"
"NINFP1810010077",7.30723368204376,7.00634384155273,26557,4,"meta_highrescanopyheight_orthophoto",0.5,"orthophoto_50cm_2025","Ostlandet"
"NINFP2110059774",0.909503529720255,0.0800767987966537,36997,7,"meta_highrescanopyheight_orthophoto",0.5,"orthophoto_50cm_2025","Ostlandet"
"NINFP2410169126",3.2509932005375,1.68928396701813,6749,2,"meta_highrescanopyheight_orthophoto",0.5,"orthophoto_50cm_2025","Ostlandet"
"NINFP2010008263",3.9742486619386,1.89341199398041,12163,3,"meta_highrescanopyheight_orthophoto",0.5,"orthophoto_50cm_2025","Ostlandet"
"NINFP2410168412",1.1079345574797,0.186383113265038,2883,2,"meta_highrescanopyheight_orthophoto",0.5,"orthophoto_50cm_2025","Ostlandet"
"NINFP2410177102",1.71320437544065,0.360308736562729,9603,4,"meta_highrescanopyheight_orthophoto",0.5,"orthophoto_50cm_2025","Ostlandet"
"NINFP1910019577",3.8944073934348,3.35313439369202,46489,4,"meta_highrescanopyheight_orthophoto",0.5,"orthophoto_50cm_2025","Ostlandet"
"NINFP2310117016",0.590588709366805,0.0370610468089581,65623,6,"meta_highrescanopyheight_orthophoto",0.5,"orthophoto_50cm_2025","Ostlandet"
"NINFP2110018551",0.354123834917895,0.0107481214217842,60312,5,"meta_highrescanopyheight_orthophoto",0.5,"orthophoto_50cm_2025","Ostlandet"
"NINFP2410162836",1.81587177864927,0.597919642925262,10794,1,"meta_highrescanopyheight_orthophoto",0.5,"orthophoto_50cm_2025","Ostlandet"
"NINFP2110017926",2.80822903882189,1.84396517276764,2249,2,"meta_highrescanopyheight_orthophoto",0.5,"orthophoto_50cm_2025","Ostlandet"
"NINFP2110065545",3.85291455652822,3.32333934307098,4714,2,"meta_highrescanopyheight_orthophoto",0.5,"orthophoto_50cm_2025","Ostlandet"
"NINFP1810029105",1.32751816710524,0.0926983207464218,8627,2,"meta_highrescanopyheight_orthophoto",0.5,"orthophoto_50cm_2025","Ostlandet"
"NINFP1810043198",3.48836716762773,2.93839406967163,53175,6,"meta_highrescanopyheight_orthophoto",0.5,"orthophoto_50cm_2025","Ostlandet"
"NINFP1910043341",2.49381773295936,1.41103678941727,21116,2,"meta_highrescanopyheight_orthophoto",0.5,"orthophoto_50cm_2025","Ostlandet"
"NINFP2510196933",0.688813654034683,0.0171914212405682,15381,3,"meta_highrescanopyheight_orthophoto",0.5,"orthophoto_50cm_2025","Ostlandet"
"NINFP1810043052",1.6479940394867,0.24884632229805,54618,4,"meta_highrescanopyheight_orthophoto",0.5,"orthophoto_50cm_2025","Ostlandet"
"NINFP2110055973",1.73920296282795,0.825894325971603,8984,4,"meta_highrescanopyheight_orthophoto",0.5,"orthophoto_50cm_2025","Ostlandet"
"NINFP2110028982",1.66512603561835,0.0883767828345299,25853,6,"meta_highrescanopyheight_orthophoto",0.5,"orthophoto_50cm_2025","Ostlandet"
"NINFP1810036008",2.66635577791736,1.14975988864899,13331,3,"meta_highrescanopyheight_orthophoto",0.5,"orthophoto_50cm_2025","Ostlandet"
"NINFP1810021177",2.88919275518495,1.30495011806488,18235,4,"meta_highrescanopyheight_orthophoto",0.5,"orthophoto_50cm_2025","Ostlandet"
"NINFP2510195719",5.35481385643583,6.30774068832397,5853,1,"meta_highrescanopyheight_orthophoto",0.5,"orthophoto_50cm_2025","Ostlandet"
"NINFP1810011211",6.08119820241904,5.33657598495483,5299,3,"meta_highrescanopyheight_orthophoto",0.5,"orthophoto_50cm_2025","Ostlandet"
"NINFP2510197782",0.11152218525466,0.0102814538404346,34426,4,"meta_highrescanopyheight_orthophoto",0.5,"orthophoto_50cm_2025","Ostlandet"
"NINFP2510201756",0.418284214017285,0.0132333394140005,6573,4,"meta_highrescanopyheight_orthophoto",0.5,"orthophoto_50cm_2025","Ostlandet"
"NINFP1910017780",2.67102649888953,2.21476864814758,16536,3,"meta_highrescanopyheight_orthophoto",0.5,"orthophoto_50cm_2025","Ostlandet"
"NINFP2010034776",0.112795749299263,0.0102774575352669,20899,4,"meta_highrescanopyheight_orthophoto",0.5,"orthophoto_50cm_2025","Ostlandet"
"NINFP2210076587",1.45823853028478,0.307470470666885,98414,5,"meta_highrescanopyheight_orthophoto",0.5,"orthophoto_50cm_2025","Ostlandet"
"NINFP2510218400",7.9428748856449,8.1576075553894,8548,4,"meta_highrescanopyheight_orthophoto",0.5,"orthophoto_50cm_2025","Ostlandet"
"NINFP2510215526",5.44700520861667,5.48307323455811,9689,2,"meta_highrescanopyheight_orthophoto",0.5,"orthophoto_50cm_2025","Ostlandet"
"NINFP2410153111",8.58867101314853,9.47156143188477,5157,1,"meta_highrescanopyheight_orthophoto",0.5,"orthophoto_50cm_2025","Ostlandet"
"NINFP2010058249",6.58634549531154,6.40261220932007,13173,3,"meta_highrescanopyheight_orthophoto",0.5,"orthophoto_50cm_2025","Ostlandet"
"NINFP2310128289",4.15962824825274,4.26602530479431,23436,4,"meta_highrescanopyheight_orthophoto",0.5,"orthophoto_50cm_2025","Ostlandet"
"NINFP2010007348",3.25573167629376,2.81601083278656,16622,2,"meta_highrescanopyheight_orthophoto",0.5,"orthophoto_50cm_2025","Ostlandet"
"NINFP2110017123",1.62700875936369,0.757999837398529,20016,2,"meta_highrescanopyheight_orthophoto",0.5,"orthophoto_50cm_2025","Ostlandet"
"NINFP2410161151",7.18045527306013,7.9183030128479,21653,3,"meta_highrescanopyheight_orthophoto",0.5,"orthophoto_50cm_2025","Ostlandet"
"NINFP1810012578",4.93112693178731,5.07434320449829,18187,2,"meta_highrescanopyheight_orthophoto",0.5,"orthophoto_50cm_2025","Ostlandet"
"NINFP2410157118",0.010317451271725,0.0100713083520532,6709,1,"meta_highrescanopyheight_orthophoto",0.5,"orthophoto_50cm_2025","Ostlandet"
"NINFP1810002103",5.2282370670528,5.23371982574463,31550,4,"meta_highrescanopyheight_orthophoto",0.5,"orthophoto_50cm_2025","Ostlandet"
"NINFP1910044874",4.27391501912142,3.99026584625244,50073,5,"meta_highrescanopyheight_orthophoto",0.5,"orthophoto_50cm_2025","Ostlandet"
"NINFP2410183480",8.05051208153682,9.06577968597412,8339,2,"meta_highrescanopyheight_orthophoto",0.5,"orthophoto_50cm_2025","Ostlandet"
"NINFP2210100526",4.29274320157698,3.65704894065857,14155,2,"meta_highrescanopyheight_orthophoto",0.5,"orthophoto_50cm_2025","Ostlandet"
"NINFP2410170572",0.930772027243901,0.0427271071821451,59446,5,"meta_highrescanopyheight_orthophoto",0.5,"orthophoto_50cm_2025","Ostlandet"
"NINFP1810044244",10.1393252753706,10.4359798431396,13026,3,"meta_highrescanopyheight_orthophoto",0.5,"orthophoto_50cm_2025","Ostlandet"
"NINFP2310142662",6.03175166781064,6.93264579772949,23489,4,"meta_highrescanopyheight_orthophoto",0.5,"orthophoto_50cm_2025","Ostlandet"
"NINFP2510201659",0.800012306008601,0.0121738738380373,36668,5,"meta_highrescanopyheight_orthophoto",0.5,"orthophoto_50cm_2025","Ostlandet"
"NINFP1810020858",3.67652757805292,2.76204490661621,29139,4,"meta_highrescanopyheight_orthophoto",0.5,"orthophoto_50cm_2025","Ostlandet"
"NINFP2310126311",0.165779920892595,0.0107386130839586,2345,2,"meta_highrescanopyheight_orthophoto",0.5,"orthophoto_50cm_2025","Ostlandet"
"NINFP1810013482",7.01197936405076,7.35759401321411,88346,8,"meta_highrescanopyheight_orthophoto",0.5,"orthophoto_50cm_2025","Ostlandet"
"NINFP2010054999",2.3257283922782,0.693079501390457,7062,1,"meta_highrescanopyheight_orthophoto",0.5,"orthophoto_50cm_2025","Ostlandet"
"NINFP1810022106",5.34846162016177,5.27889776229858,10072,2,"meta_highrescanopyheight_orthophoto",0.5,"orthophoto_50cm_2025","Ostlandet"
"NINFP1810010516",0.0162173308408222,0.0126006277278066,78,1,"meta_highrescanopyheight_orthophoto",0.5,"orthophoto_50cm_2025","Ostlandet"
"NINFP1810006030",7.60256981811879,7.86149311065674,44591,6,"meta_highrescanopyheight_orthophoto",0.5,"orthophoto_50cm_2025","Ostlandet"
"NINFP2510184336",2.67484450424657,1.190374314785,33202,3,"meta_highrescanopyheight_orthophoto",0.5,"orthophoto_50cm_2025","Ostlandet"
"NINFP2210112069",6.98967758633911,7.22120475769043,333075,12,"meta_highrescanopyheight_orthophoto",0.5,"orthophoto_50cm_2025","Ostlandet"
"NINFP1810036955",3.84307406409397,2.71533107757568,71823,6,"meta_highrescanopyheight_orthophoto",0.5,"orthophoto_50cm_2025","Ostlandet"
"NINFP2510193104",2.0330126917714,1.1488025188446,1129,1,"meta_highrescanopyheight_orthophoto",0.5,"orthophoto_50cm_2025","Ostlandet"
"NINFP2010009017",1.4756786361232,0.534896522760391,10518,4,"meta_highrescanopyheight_orthophoto",0.5,"orthophoto_50cm_2025","Ostlandet"
"NINFP2110016976",3.43119760416048,3.31176233291626,7689,2,"meta_highrescanopyheight_orthophoto",0.5,"orthophoto_50cm_2025","Ostlandet"
"NINFP1910034649",1.68390456876972,0.190197765827179,8205,2,"meta_highrescanopyheight_orthophoto",0.5,"orthophoto_50cm_2025","Ostlandet"
"NINFP1910016433",7.73907055447579,7.99717378616333,14429,2,"meta_highrescanopyheight_orthophoto",0.5,"orthophoto_50cm_2025","Ostlandet"
"NINFP2010039962",5.78259551419356,5.71907615661621,10097,3,"meta_highrescanopyheight_orthophoto",0.5,"orthophoto_50cm_2025","Ostlandet"
"NINFP1910042261",4.64041457418135,4.51755857467651,12000,2,"meta_highrescanopyheight_orthophoto",0.5,"orthophoto_50cm_2025","Ostlandet"
"NINFP2010053994",5.59239336239326,4.62580347061157,11299,2,"meta_highrescanopyheight_orthophoto",0.5,"orthophoto_50cm_2025","Ostlandet"
"NINFP2510187381",6.12909408369791,5.97804832458496,28675,5,"meta_highrescanopyheight_orthophoto",0.5,"orthophoto_50cm_2025","Ostlandet"
"NINFP2510195950",6.82821565709796,6.95389556884766,7390,2,"meta_highrescanopyheight_orthophoto",0.5,"orthophoto_50cm_2025","Ostlandet"
"NINFP2010030273",0.0107478225715981,0.0100484509021044,36745,4,"meta_highrescanopyheight_orthophoto",0.5,"orthophoto_50cm_2025","Ostlandet"
"NINFP2010030129",0.0135061789849724,0.0100388657301664,31269,4,"meta_highrescanopyheight_orthophoto",0.5,"orthophoto_50cm_2025","Ostlandet"
"NINFP1810041487",6.73482440792821,7.26521754264832,231794,13,"meta_highrescanopyheight_orthophoto",0.5,"orthophoto_50cm_2025","Ostlandet"
"NINFP1910015927",2.47734086500351,0.0188090074807405,5733,1,"meta_highrescanopyheight_orthophoto",0.5,"orthophoto_50cm_2025","Ostlandet"
"NINFP2510196624",1.21216979582236,0.0453271940350533,96925,7,"meta_highrescanopyheight_orthophoto",0.5,"orthophoto_50cm_2025","Ostlandet"
"NINFP2410164135",0.692373976143916,0.0428278595209122,10401,1,"meta_highrescanopyheight_orthophoto",0.5,"orthophoto_50cm_2025","Ostlandet"
"NINFP2510216978",7.61456807781274,8.40005683898926,22199,3,"meta_highrescanopyheight_orthophoto",0.5,"orthophoto_50cm_2025","Ostlandet"
"NINFP2410163575",2.60950806764646,0.779367864131927,12440,5,"meta_highrescanopyheight_orthophoto",0.5,"orthophoto_50cm_2025","Ostlandet"
"NINFP2110021531",0.023746977266868,0.0100396713241935,49164,4,"meta_highrescanopyheight_orthophoto",0.5,"orthophoto_50cm_2025","Ostlandet"
"NINFP2510187952",0.0543799722494135,0.010916268453002,46932,5,"meta_highrescanopyheight_orthophoto",0.5,"orthophoto_50cm_2025","Ostlandet"
"NINFP2510211386",1.11486560530369,0.0479717813432217,12396,4,"meta_highrescanopyheight_orthophoto",0.5,"orthophoto_50cm_2025","Ostlandet"
"NINFP2410174482",1.09987309369121,0.0400671027600765,21397,4,"meta_highrescanopyheight_orthophoto",0.5,"orthophoto_50cm_2025","Ostlandet"
"NINFP1910008897",2.56160332644597,1.40895861387253,78,1,"meta_highrescanopyheight_orthophoto",0.5,"orthophoto_50cm_2025","Ostlandet"
"NINFP2210092928",2.23027226010296,1.5371230840683,10232,5,"meta_highrescanopyheight_orthophoto",0.5,"orthophoto_50cm_2025","Ostlandet"
"NINFP1910050684",0.0581871680698695,0.0103242471814156,14615,4,"meta_highrescanopyheight_orthophoto",0.5,"orthophoto_50cm_2025","Ostlandet"
"NINFP2010025099",0.0110111995597983,0.0100646545179188,38434,4,"meta_highrescanopyheight_orthophoto",0.5,"orthophoto_50cm_2025","Ostlandet"
"NINFP2210083009",4.00377687279586,3.62838649749756,6579,4,"meta_highrescanopyheight_orthophoto",0.5,"orthophoto_50cm_2025","Ostlandet"
"NINFP1910019626",0.271293384662827,0.0103578949347138,70565,6,"meta_highrescanopyheight_orthophoto",0.5,"orthophoto_50cm_2025","Ostlandet"
"NINFP1810021472",5.18354844685658,4.74238109588623,10362,2,"meta_highrescanopyheight_orthophoto",0.5,"orthophoto_50cm_2025","Ostlandet"
"NINFP2310130109",5.1851906978298,4.90427207946777,17528,4,"meta_highrescanopyheight_orthophoto",0.5,"orthophoto_50cm_2025","Ostlandet"
"NINFP2510190764",5.17076670195733,4.57288074493408,11907,4,"meta_highrescanopyheight_orthophoto",0.5,"orthophoto_50cm_2025","Ostlandet"
"NINFP2110019275",0.0189749485193452,0.0100443456321955,18591,2,"meta_highrescanopyheight_orthophoto",0.5,"orthophoto_50cm_2025","Ostlandet"
"NINFP1910009874",1.52061897950074,0.132261648774147,26295,2,"meta_highrescanopyheight_orthophoto",0.5,"orthophoto_50cm_2025","Ostlandet"
"NINFP2010004450",3.0488904011074,1.71753180027008,14247,2,"meta_highrescanopyheight_orthophoto",0.5,"orthophoto_50cm_2025","Ostlandet"
"NINFP1810018850",1.32805936726721,0.308422207832336,13333,4,"meta_highrescanopyheight_orthophoto",0.5,"orthophoto_50cm_2025","Ostlandet"
"NINFP2410163910",0.019057209291857,0.0100486092269421,61534,4,"meta_highrescanopyheight_orthophoto",0.5,"orthophoto_50cm_2025","Ostlandet"
"NINFP2110017484",0.258572040473325,0.0101640038192272,103199,12,"meta_highrescanopyheight_orthophoto",0.5,"orthophoto_50cm_2025","Ostlandet"
"NINFP2210108104",4.4426916472492,4.57592439651489,190371,9,"meta_highrescanopyheight_orthophoto",0.5,"orthophoto_50cm_2025","Ostlandet"
"NINFP2010055399",2.02498791457469,0.191543020308018,6914,3,"meta_highrescanopyheight_orthophoto",0.5,"orthophoto_50cm_2025","Ostlandet"
"NINFP1810024484",2.11694319084966,0.344118490815163,11482,2,"meta_highrescanopyheight_orthophoto",0.5,"orthophoto_50cm_2025","Ostlandet"
"NINFP2010004500",3.26609037303403,2.57130312919617,109672,8,"meta_highrescanopyheight_orthophoto",0.5,"orthophoto_50cm_2025","Ostlandet"
"NINFP1810024591",0.167541833404945,0.0106831267476082,150327,9,"meta_highrescanopyheight_orthophoto",0.5,"orthophoto_50cm_2025","Ostlandet"
"NINFP2010036774",3.76799800126399,2.22211146354675,4269,2,"meta_highrescanopyheight_orthophoto",0.5,"orthophoto_50cm_2025","Ostlandet"
"NINFP2410160790",3.17098158300728,2.40766334533691,270968,20,"meta_highrescanopyheight_orthophoto",0.5,"orthophoto_50cm_2025","Ostlandet"
"NINFP2210080328",4.24718944262068,3.64710521697998,14285,4,"meta_highrescanopyheight_orthophoto",0.5,"orthophoto_50cm_2025","Ostlandet"
"NINFP2010006003",7.52626023543645,8.32157611846924,4948,4,"meta_highrescanopyheight_orthophoto",0.5,"orthophoto_50cm_2025","Ostlandet"
"NINFP2310144574",5.7892827467694,5.88151979446411,11971,4,"meta_highrescanopyheight_orthophoto",0.5,"orthophoto_50cm_2025","Ostlandet"
"NINFP2310141315",5.26226765206635,5.32980585098267,4966,2,"meta_highrescanopyheight_orthophoto",0.5,"orthophoto_50cm_2025","Ostlandet"
"NINFP2510200938",0.0853215158244205,0.0101685905829072,213163,14,"meta_highrescanopyheight_orthophoto",0.5,"orthophoto_50cm_2025","Ostlandet"
"NINFP2010045468",1.22349978081971,0.234934292733669,6786,1,"meta_highrescanopyheight_orthophoto",0.5,"orthophoto_50cm_2025","Ostlandet"
"NINFP2410181531",0.260644361415387,0.0102118775248528,132208,6,"meta_highrescanopyheight_orthophoto",0.5,"orthophoto_50cm_2025","Ostlandet"
"NINFP2110060120",3.46853574247496,3.10651612281799,17506,4,"meta_highrescanopyheight_orthophoto",0.5,"orthophoto_50cm_2025","Ostlandet"
"NINFP2210101404",7.03711927271579,8.13801574707031,19347,3,"meta_highrescanopyheight_orthophoto",0.5,"orthophoto_50cm_2025","Ostlandet"
"NINFP2210107712",1.06530452394272,0.0567448288202286,84735,7,"meta_highrescanopyheight_orthophoto",0.5,"orthophoto_50cm_2025","Ostlandet"
"NINFP2310136822",5.89459408048887,5.99311590194702,16621,3,"meta_highrescanopyheight_orthophoto",0.5,"orthophoto_50cm_2025","Ostlandet"
"NINFP2110013609",4.55284780481702,4.47410917282104,8443,2,"meta_highrescanopyheight_orthophoto",0.5,"orthophoto_50cm_2025","Ostlandet"
"NINFP2110019086",0.788623175434887,0.0193485114723444,15331,2,"meta_highrescanopyheight_orthophoto",0.5,"orthophoto_50cm_2025","Ostlandet"
"NINFP2510193217",0.0459215734770404,0.0104068224318326,4034,3,"meta_highrescanopyheight_orthophoto",0.5,"orthophoto_50cm_2025","Ostlandet"
"NINFP2010036174",5.36234538440116,5.17962837219238,19903,2,"meta_highrescanopyheight_orthophoto",0.5,"orthophoto_50cm_2025","Ostlandet"
"NINFP2410172939",4.30015006563881,3.97638213634491,152408,15,"meta_highrescanopyheight_orthophoto",0.5,"orthophoto_50cm_2025","Ostlandet"
"NINFP1910048769",0.278836518081334,0.0167100541293621,12956,3,"meta_highrescanopyheight_orthophoto",0.5,"orthophoto_50cm_2025","Ostlandet"
"NINFP2410182180",6.31257742417078,6.39528942108154,18755,4,"meta_highrescanopyheight_orthophoto",0.5,"orthophoto_50cm_2025","Ostlandet"
"NINFP2110069147",4.30303840723102,3.64916729927063,17794,3,"meta_highrescanopyheight_orthophoto",0.5,"orthophoto_50cm_2025","Ostlandet"
"NINFP1810012582",3.86638122469232,2.86129260063171,27545,3,"meta_highrescanopyheight_orthophoto",0.5,"orthophoto_50cm_2025","Ostlandet"
"NINFP1810039166",3.50978592559159,2.91938412189484,729456,29,"meta_highrescanopyheight_orthophoto",0.5,"orthophoto_50cm_2025","Ostlandet"
"NINFP1810038233",3.57257399591355,3.04576933383942,32312,3,"meta_highrescanopyheight_orthophoto",0.5,"orthophoto_50cm_2025","Ostlandet"
"NINFP2210098199",0.957136753887598,0.299937307834625,11613,2,"meta_highrescanopyheight_orthophoto",0.5,"orthophoto_50cm_2025","Ostlandet"
"NINFP1910029388",0.404480519176433,0.0102572008036077,66776,7,"meta_highrescanopyheight_orthophoto",0.5,"orthophoto_50cm_2025","Ostlandet"
"NINFP2310130737",3.4405252206037,2.84211480617523,21500,2,"meta_highrescanopyheight_orthophoto",0.5,"orthophoto_50cm_2025","Ostlandet"
"NINFP1810024819",4.57136650487286,3.65835428237915,33168,7,"meta_highrescanopyheight_orthophoto",0.5,"orthophoto_50cm_2025","Ostlandet"
"NINFP1810018841",0.177281983198349,0.0105942506343126,64054,7,"meta_highrescanopyheight_orthophoto",0.5,"orthophoto_50cm_2025","Ostlandet"
"NINFP2310142322",3.99259834085725,3.72894155979156,117090,9,"meta_highrescanopyheight_orthophoto",0.5,"orthophoto_50cm_2025","Ostlandet"
"NINFP2110016423",0.0101242612020708,0.0100951599888504,8558,1,"meta_highrescanopyheight_orthophoto",0.5,"orthophoto_50cm_2025","Ostlandet"
"NINFP2310144785",0.637364367820513,0.030809735879302,2893,2,"meta_highrescanopyheight_orthophoto",0.5,"orthophoto_50cm_2025","Ostlandet"
"NINFP2310146482",4.80135640105384,4.97446489334106,10775,2,"meta_highrescanopyheight_orthophoto",0.5,"orthophoto_50cm_2025","Ostlandet"
"NINFP1810012447",7.65888142710603,8.29348850250244,7018,1,"meta_highrescanopyheight_orthophoto",0.5,"orthophoto_50cm_2025","Ostlandet"
"NINFP2010031912",3.98980342486241,3.91422235965729,35024,4,"meta_highrescanopyheight_orthophoto",0.5,"orthophoto_50cm_2025","Ostlandet"
"NINFP1810032083",4.80533849736417,4.66322040557861,29077,4,"meta_highrescanopyheight_orthophoto",0.5,"orthophoto_50cm_2025","Ostlandet"
"NINFP2310141317",6.16707271266403,6.32336258888245,10080,2,"meta_highrescanopyheight_orthophoto",0.5,"orthophoto_50cm_2025","Ostlandet"
"NINFP2210111051",3.67366003839338,2.89501774311066,7618,2,"meta_highrescanopyheight_orthophoto",0.5,"orthophoto_50cm_2025","Ostlandet"
"NINFP2310139990",3.46276343251714,2.59941518306732,104316,8,"meta_highrescanopyheight_orthophoto",0.5,"orthophoto_50cm_2025","Ostlandet"
"NINFP2310131163",2.11284579403865,0.646372556686401,28299,4,"meta_highrescanopyheight_orthophoto",0.5,"orthophoto_50cm_2025","Ostlandet"
"NINFP2510202557",0.177601609544738,0.0103481630794704,24238,5,"meta_highrescanopyheight_orthophoto",0.5,"orthophoto_50cm_2025","Ostlandet"
"NINFP2410174998",4.94400928171859,5.14867091178894,17368,4,"meta_highrescanopyheight_orthophoto",0.5,"orthophoto_50cm_2025","Ostlandet"
"NINFP2310141241",7.32146700974464,7.79271078109741,14129,2,"meta_highrescanopyheight_orthophoto",0.5,"orthophoto_50cm_2025","Ostlandet"
"NINFP2210102798",7.43954217890426,7.56774044036865,36391,5,"meta_highrescanopyheight_orthophoto",0.5,"orthophoto_50cm_2025","Ostlandet"
"NINFP2110054312",1.96830057208794,0.0726050771772861,8708,2,"meta_highrescanopyheight_orthophoto",0.5,"orthophoto_50cm_2025","Ostlandet"
"NINFP2510213392",6.15498614771022,6.23451471328735,14071,4,"meta_highrescanopyheight_orthophoto",0.5,"orthophoto_50cm_2025","Ostlandet"
"NINFP2010033796",3.41973598007641,2.18208813667297,11210,3,"meta_highrescanopyheight_orthophoto",0.5,"orthophoto_50cm_2025","Ostlandet"
"NINFP2210075879",4.86011118164422,5.12497138977051,9881,2,"meta_highrescanopyheight_orthophoto",0.5,"orthophoto_50cm_2025","Ostlandet"
"NINFP1910000965",0.118466486870338,0.0107700610533357,68931,5,"meta_highrescanopyheight_orthophoto",0.5,"orthophoto_50cm_2025","Ostlandet"
"NINFP2410171831",3.56762360086419,3.23054349422455,18710,1,"meta_highrescanopyheight_orthophoto",0.5,"orthophoto_50cm_2025","Ostlandet"
"NINFP1910012519",0.739093805205007,0.0135763087309897,23470,4,"meta_highrescanopyheight_orthophoto",0.5,"orthophoto_50cm_2025","Ostlandet"
"NINFP1810010767",4.68970618148415,4.88735389709473,78663,6,"meta_highrescanopyheight_orthophoto",0.5,"orthophoto_50cm_2025","Ostlandet"
"NINFP1910047169",2.20048035488722,1.02538859844208,48967,4,"meta_highrescanopyheight_orthophoto",0.5,"orthophoto_50cm_2025","Ostlandet"
"NINFP1810020592",3.47184810056505,2.59775543212891,25216,2,"meta_highrescanopyheight_orthophoto",0.5,"orthophoto_50cm_2025","Ostlandet"
"NINFP2510217039",4.88189496344488,4.54861736297607,9541,1,"meta_highrescanopyheight_orthophoto",0.5,"orthophoto_50cm_2025","Ostlandet"
"NINFP2510191141",5.38903351883347,5.36375045776367,6253,3,"meta_highrescanopyheight_orthophoto",0.5,"orthophoto_50cm_2025","Ostlandet"
"NINFP2010036691",0.271680956424397,0.0205691810697317,10307,2,"meta_highrescanopyheight_orthophoto",0.5,"orthophoto_50cm_2025","Ostlandet"
"NINFP1910011140",5.33866061907117,5.52448272705078,32560,4,"meta_highrescanopyheight_orthophoto",0.5,"orthophoto_50cm_2025","Ostlandet"
"NINFP2210084028",6.39400225303103,7.07463479042053,78114,5,"meta_highrescanopyheight_orthophoto",0.5,"orthophoto_50cm_2025","Ostlandet"
"NINFP1810033427",2.03175959920968,0.0203914176672697,5833,1,"meta_highrescanopyheight_orthophoto",0.5,"orthophoto_50cm_2025","Ostlandet"
"NINFP1810038221",2.86822854803966,1.49251931905746,17054,2,"meta_highrescanopyheight_orthophoto",0.5,"orthophoto_50cm_2025","Ostlandet"
"NINFP2410171830",5.81030417763748,5.72644281387329,26219,3,"meta_highrescanopyheight_orthophoto",0.5,"orthophoto_50cm_2025","Ostlandet"
"NINFP2010016362",0.0737344150203221,0.0134036131203175,3089,1,"meta_highrescanopyheight_orthophoto",0.5,"orthophoto_50cm_2025","Ostlandet"
"NINFP2010006087",0.894609726046372,0.035160955041647,4859,4,"meta_highrescanopyheight_orthophoto",0.5,"orthophoto_50cm_2025","Ostlandet"
"NINFP2410163573",0.427832358105287,0.0107950358651578,43064,3,"meta_highrescanopyheight_orthophoto",0.5,"orthophoto_50cm_2025","Ostlandet"
"NINFP1810042412",6.36490427914394,6.73831033706665,6715,2,"meta_highrescanopyheight_orthophoto",0.5,"orthophoto_50cm_2025","Ostlandet"
"NINFP1910016414",5.91312822328251,6.07451820373535,149965,14,"meta_highrescanopyheight_orthophoto",0.5,"orthophoto_50cm_2025","Ostlandet"
"NINFP2010012782",0.086090074407611,0.024897588416934,6843,1,"meta_highrescanopyheight_orthophoto",0.5,"orthophoto_50cm_2025","Ostlandet"
"NINFP2110045819",2.78852414275665,1.06313824653625,1929,2,"meta_highrescanopyheight_orthophoto",0.5,"orthophoto_50cm_2025","Ostlandet"
"NINFP2510186237",1.83487121010216,0.6797114610672,4246,2,"meta_highrescanopyheight_orthophoto",0.5,"orthophoto_50cm_2025","Ostlandet"
"NINFP2510201033",0.402561130894994,0.0104096122086048,5786,1,"meta_highrescanopyheight_orthophoto",0.5,"orthophoto_50cm_2025","Ostlandet"
"NINFP1910061791",6.02504919742688,6.52071070671082,11424,2,"meta_highrescanopyheight_orthophoto",0.5,"orthophoto_50cm_2025","Ostlandet"
"NINFP2210107616",6.1291828288126,6.55351114273071,8889,2,"meta_highrescanopyheight_orthophoto",0.5,"orthophoto_50cm_2025","Ostlandet"
"NINFP1810005062",3.37080963145858,3.04572772979736,10689,2,"meta_highrescanopyheight_orthophoto",0.5,"orthophoto_50cm_2025","Ostlandet"
"NINFP2510195940",9.30386984455414,10.1811332702637,20305,2,"meta_highrescanopyheight_orthophoto",0.5,"orthophoto_50cm_2025","Ostlandet"
"NINFP2410163664",2.63625552152222,0.711868137121201,8804,4,"meta_highrescanopyheight_orthophoto",0.5,"orthophoto_50cm_2025","Ostlandet"
"NINFP2210098181",1.49962571337647,0.412506818771362,5187,2,"meta_highrescanopyheight_orthophoto",0.5,"orthophoto_50cm_2025","Ostlandet"
"NINFP2210107876",0.315130062204661,0.010417902842164,3467,2,"meta_highrescanopyheight_orthophoto",0.5,"orthophoto_50cm_2025","Ostlandet"
"NINFP2110019028",0.990106097248028,0.103382907807827,6292,2,"meta_highrescanopyheight_orthophoto",0.5,"orthophoto_50cm_2025","Ostlandet"
"NINFP2210111561",0.0369833361427094,0.0121730789542198,24579,4,"meta_highrescanopyheight_orthophoto",0.5,"orthophoto_50cm_2025","Ostlandet"
"NINFP1810031750",0.209412118689776,0.0114384326152503,46402,5,"meta_highrescanopyheight_orthophoto",0.5,"orthophoto_50cm_2025","Ostlandet"
"NINFP2010004589",1.53645253225428,0.0542196091264486,1722,2,"meta_highrescanopyheight_orthophoto",0.5,"orthophoto_50cm_2025","Ostlandet"
"NINFP2010024774",0.0440731615928135,0.0102934688329697,12261,2,"meta_highrescanopyheight_orthophoto",0.5,"orthophoto_50cm_2025","Ostlandet"
"NINFP1910025422",0.0146142470265224,0.0107108615338802,6449,4,"meta_highrescanopyheight_orthophoto",0.5,"orthophoto_50cm_2025","Ostlandet"
"NINFP1910035304",0.166385771052352,0.013753866776824,13840,3,"meta_highrescanopyheight_orthophoto",0.5,"orthophoto_50cm_2025","Ostlandet"
"NINFP2110011958",0.257347800406992,0.0108858495950699,7339,1,"meta_highrescanopyheight_orthophoto",0.5,"orthophoto_50cm_2025","Ostlandet"
"NINFP2010035992",0.546917980654842,0.0122072529047728,753623,21,"meta_highrescanopyheight_orthophoto",0.5,"orthophoto_50cm_2025","Ostlandet"
"NINFP2110026946",4.91615708019994,4.84654974937439,24468,3,"meta_highrescanopyheight_orthophoto",0.5,"orthophoto_50cm_2025","Ostlandet"
"NINFP2010033074",0.763415590252909,0.0156813533976674,14512,3,"meta_highrescanopyheight_orthophoto",0.5,"orthophoto_50cm_2025","Ostlandet"
"NINFP2110021530",0.772833926553532,0.100296869874001,10426,2,"meta_highrescanopyheight_orthophoto",0.5,"orthophoto_50cm_2025","Ostlandet"
"NINFP2310141326",5.79163030332066,5.20364236831665,5369,2,"meta_highrescanopyheight_orthophoto",0.5,"orthophoto_50cm_2025","Ostlandet"
"NINFP1810024579",0.0286064561158603,0.0105391629040241,5247,2,"meta_highrescanopyheight_orthophoto",0.5,"orthophoto_50cm_2025","Ostlandet"
"NINFP1810032963",3.87533137311248,4.22381258010864,155313,10,"meta_highrescanopyheight_orthophoto",0.5,"orthophoto_50cm_2025","Ostlandet"
"NINFP2210111259",2.23135610910537,0.134834006428719,37687,4,"meta_highrescanopyheight_orthophoto",0.5,"orthophoto_50cm_2025","Ostlandet"
"NINFP2210086229",3.49976765803195,3.25261926651001,4751,1,"meta_highrescanopyheight_orthophoto",0.5,"orthophoto_50cm_2025","Ostlandet"
"NINFP2310140283",3.43516786299588,2.09811496734619,8641,2,"meta_highrescanopyheight_orthophoto",0.5,"orthophoto_50cm_2025","Ostlandet"
"NINFP2410184199",1.24247367390678,0.0449224058538675,137384,7,"meta_highrescanopyheight_orthophoto",0.5,"orthophoto_50cm_2025","Ostlandet"
"NINFP1810029097",1.90534279023862,0.236542090773582,63706,7,"meta_highrescanopyheight_orthophoto",0.5,"orthophoto_50cm_2025","Ostlandet"
"NINFP2510193091",0.307747788256881,0.0117874257266521,4518,3,"meta_highrescanopyheight_orthophoto",0.5,"orthophoto_50cm_2025","Ostlandet"
"NINFP2010003993",6.30221400184797,6.72305727005005,4202,1,"meta_highrescanopyheight_orthophoto",0.5,"orthophoto_50cm_2025","Ostlandet"
"NINFP2010038781",0.657919864935147,0.016069021075964,8752,2,"meta_highrescanopyheight_orthophoto",0.5,"orthophoto_50cm_2025","Ostlandet"
"NINFP2110059771",1.1430222245742,0.132685035467148,268328,22,"meta_highrescanopyheight_orthophoto",0.5,"orthophoto_50cm_2025","Ostlandet"
"NINFP2210114010",0.191701344543884,0.0107820839621127,173252,15,"meta_highrescanopyheight_orthophoto",0.5,"orthophoto_50cm_2025","Ostlandet"
"NINFP2110018847",0.679887738259128,0.0399786792695522,9861,2,"meta_highrescanopyheight_orthophoto",0.5,"orthophoto_50cm_2025","Ostlandet"
"NINFP2310128637",4.07513369429873,3.73261904716492,5323,2,"meta_highrescanopyheight_orthophoto",0.5,"orthophoto_50cm_2025","Ostlandet"
"NINFP1810031749",2.49155406054695,0.874010443687439,15614,4,"meta_highrescanopyheight_orthophoto",0.5,"orthophoto_50cm_2025","Ostlandet"
"NINFP2010035147",4.06491019228817,3.87716770172119,6155,1,"meta_highrescanopyheight_orthophoto",0.5,"orthophoto_50cm_2025","Ostlandet"
"NINFP1810024485",1.48991453379546,0.0933520942926407,138075,11,"meta_highrescanopyheight_orthophoto",0.5,"orthophoto_50cm_2025","Ostlandet"
"NINFP2010040339",5.0649589496345,4.00401544570923,26815,4,"meta_highrescanopyheight_orthophoto",0.5,"orthophoto_50cm_2025","Ostlandet"
"NINFP2510211407",2.95883845506038,1.40799683332443,5308,2,"meta_highrescanopyheight_orthophoto",0.5,"orthophoto_50cm_2025","Ostlandet"
"NINFP1810041463",7.17249252429117,7.34636092185974,10626,3,"meta_highrescanopyheight_orthophoto",0.5,"orthophoto_50cm_2025","Ostlandet"
"NINFP1810010860",4.70309834333657,3.82904887199402,105448,7,"meta_highrescanopyheight_orthophoto",0.5,"orthophoto_50cm_2025","Ostlandet"
"NINFP2010036938",0.152323406934805,0.0108336973935366,36123,4,"meta_highrescanopyheight_orthophoto",0.5,"orthophoto_50cm_2025","Ostlandet"
"NINFP2210100793",2.46343712809834,1.11855578422546,4156,1,"meta_highrescanopyheight_orthophoto",0.5,"orthophoto_50cm_2025","Ostlandet"
"NINFP2210093021",1.35047485009422,0.178860783576965,141805,10,"meta_highrescanopyheight_orthophoto",0.5,"orthophoto_50cm_2025","Ostlandet"
"NINFP2010040207",5.25126067370023,5.42634105682373,39359,4,"meta_highrescanopyheight_orthophoto",0.5,"orthophoto_50cm_2025","Ostlandet"
"NINFP2210096522",4.14637514841012,3.96784734725952,8065,3,"meta_highrescanopyheight_orthophoto",0.5,"orthophoto_50cm_2025","Ostlandet"
"NINFP1810024513",6.10682132674374,5.97161865234375,8885,1,"meta_highrescanopyheight_orthophoto",0.5,"orthophoto_50cm_2025","Ostlandet"
"NINFP2210084365",0.010107161875993,0.0100661907345057,9790,4,"meta_highrescanopyheight_orthophoto",0.5,"orthophoto_50cm_2025","Ostlandet"
"NINFP1810043228",6.14577560524237,6.04230928421021,11463,4,"meta_highrescanopyheight_orthophoto",0.5,"orthophoto_50cm_2025","Ostlandet"
"NINFP2410168256",0.0117955882402547,0.0100679211318493,32713,4,"meta_highrescanopyheight_orthophoto",0.5,"orthophoto_50cm_2025","Ostlandet"
"NINFP2210078611",3.72606380735557,2.72842288017273,29016,2,"meta_highrescanopyheight_orthophoto",0.5,"orthophoto_50cm_2025","Ostlandet"
"NINFP1910059907",0.0562639309121338,0.0101732648909092,32950,3,"meta_highrescanopyheight_orthophoto",0.5,"orthophoto_50cm_2025","Ostlandet"
"NINFP2310141270",6.82877387594636,7.14035034179688,104353,8,"meta_highrescanopyheight_orthophoto",0.5,"orthophoto_50cm_2025","Ostlandet"
"NINFP1810042879",2.11534741283451,0.706665217876434,40377,5,"meta_highrescanopyheight_orthophoto",0.5,"orthophoto_50cm_2025","Ostlandet"
"NINFP1810002895",4.94714139799832,5.21508502960205,12233,2,"meta_highrescanopyheight_orthophoto",0.5,"orthophoto_50cm_2025","Ostlandet"
"NINFP2010038922",4.82842374277524,4.90811157226562,6437,2,"meta_highrescanopyheight_orthophoto",0.5,"orthophoto_50cm_2025","Ostlandet"
"NINFP1810035365",0.478414203609145,0.0106092388741672,81090,5,"meta_highrescanopyheight_orthophoto",0.5,"orthophoto_50cm_2025","Ostlandet"
"NINFP2310139973",1.07679869011889,0.0991488695144653,52002,4,"meta_highrescanopyheight_orthophoto",0.5,"orthophoto_50cm_2025","Ostlandet"
"NINFP1810035622",3.42150136450312,2.22607779502869,28901,7,"meta_highrescanopyheight_orthophoto",0.5,"orthophoto_50cm_2025","Ostlandet"
"NINFP2210107290",0.0623476731471662,0.010144179686904,381547,23,"meta_highrescanopyheight_orthophoto",0.5,"orthophoto_50cm_2025","Ostlandet"
"NINFP1810011783",4.52105696364227,4.84299540519714,27832,4,"meta_highrescanopyheight_orthophoto",0.5,"orthophoto_50cm_2025","Ostlandet"
"NINFP2010004444",0.925108157546176,0.134949922561646,9141,2,"meta_highrescanopyheight_orthophoto",0.5,"orthophoto_50cm_2025","Ostlandet"
"NINFP2510206292",1.33588565160654,0.0662211552262306,3235,1,"meta_highrescanopyheight_orthophoto",0.5,"orthophoto_50cm_2025","Ostlandet"
"NINFP1810024586",1.03840992818923,0.0721649974584579,22276,3,"meta_highrescanopyheight_orthophoto",0.5,"orthophoto_50cm_2025","Ostlandet"
"NINFP2510213172",1.76410875683803,0.216726288199425,16215,3,"meta_highrescanopyheight_orthophoto",0.5,"orthophoto_50cm_2025","Ostlandet"
"NINFP2110017933",8.38722198436237,8.51478004455566,8189,1,"meta_highrescanopyheight_orthophoto",0.5,"orthophoto_50cm_2025","Ostlandet"
"NINFP2010003352",6.76953749603015,6.55743026733398,9519,1,"meta_highrescanopyheight_orthophoto",0.5,"orthophoto_50cm_2025","Ostlandet"
"NINFP2210077055",5.65257626308963,5.91646099090576,12535,2,"meta_highrescanopyheight_orthophoto",0.5,"orthophoto_50cm_2025","Ostlandet"
"NINFP1810010844",1.985312404812,0.10677719861269,12554,2,"meta_highrescanopyheight_orthophoto",0.5,"orthophoto_50cm_2025","Ostlandet"
"NINFP1810012586",4.69642253114227,4.19484615325928,14773,3,"meta_highrescanopyheight_orthophoto",0.5,"orthophoto_50cm_2025","Ostlandet"
"NINFP2510213277",3.15222704650481,0.732505559921265,6062,1,"meta_highrescanopyheight_orthophoto",0.5,"orthophoto_50cm_2025","Ostlandet"
"NINFP2210111560",0.470437839709505,0.012224955484271,54675,5,"meta_highrescanopyheight_orthophoto",0.5,"orthophoto_50cm_2025","Ostlandet"
"NINFP2210095997",0.0188300388014316,0.0105867525562644,43218,6,"meta_highrescanopyheight_orthophoto",0.5,"orthophoto_50cm_2025","Ostlandet"
"NINFP2310141312",0.758099336160071,0.0349333006888628,27164,6,"meta_highrescanopyheight_orthophoto",0.5,"orthophoto_50cm_2025","Ostlandet"
"NINFP2010036978",0.732055164404888,0.0108174588531256,267925,11,"meta_highrescanopyheight_orthophoto",0.5,"orthophoto_50cm_2025","Ostlandet"
"NINFP1810014262",6.14250751959352,6.17758321762085,10155,2,"meta_highrescanopyheight_orthophoto",0.5,"orthophoto_50cm_2025","Ostlandet"
"NINFP1810029118",1.08334428141509,0.050234854221344,40277,5,"meta_highrescanopyheight_orthophoto",0.5,"orthophoto_50cm_2025","Ostlandet"
"NINFP2410183111",10.5700227452757,11.7305874824524,19740,4,"meta_highrescanopyheight_orthophoto",0.5,"orthophoto_50cm_2025","Ostlandet"
"NINFP2410161466",1.01515437343868,0.0176093000918627,143357,8,"meta_highrescanopyheight_orthophoto",0.5,"orthophoto_50cm_2025","Ostlandet"
"NINFP2110038237",0.117104675191295,0.0104002375155687,101665,12,"meta_highrescanopyheight_orthophoto",0.5,"orthophoto_50cm_2025","Ostlandet"
"NINFP2110061128",0.830403621027903,0.0593259185552597,9655,2,"meta_highrescanopyheight_orthophoto",0.5,"orthophoto_50cm_2025","Ostlandet"
"NINFP1910026400",4.07403137297169,3.7211799621582,22579,4,"meta_highrescanopyheight_orthophoto",0.5,"orthophoto_50cm_2025","Ostlandet"
"NINFP2510196970",1.06789224713951,0.0223862044513226,158584,9,"meta_highrescanopyheight_orthophoto",0.5,"orthophoto_50cm_2025","Ostlandet"
"NINFP2110016974",2.99044903439936,2.05887675285339,11236,3,"meta_highrescanopyheight_orthophoto",0.5,"orthophoto_50cm_2025","Ostlandet"
"NINFP1810027358",4.97030885080408,4.71533203125,15233,2,"meta_highrescanopyheight_orthophoto",0.5,"orthophoto_50cm_2025","Ostlandet"
"NINFP2010012439",4.70159780111436,4.57800459861755,12016,2,"meta_highrescanopyheight_orthophoto",0.5,"orthophoto_50cm_2025","Ostlandet"
"NINFP1810009339",2.10294741247055,0.141357496380806,40682,4,"meta_highrescanopyheight_orthophoto",0.5,"orthophoto_50cm_2025","Ostlandet"
"NINFP2410174338",5.35051843533025,5.08749723434448,17699,4,"meta_highrescanopyheight_orthophoto",0.5,"orthophoto_50cm_2025","Ostlandet"
"NINFP1810044182",3.62735450166807,3.53834390640259,10982,2,"meta_highrescanopyheight_orthophoto",0.5,"orthophoto_50cm_2025","Ostlandet"
"NINFP1810041500",2.07611174248793,0.317857503890991,42169,5,"meta_highrescanopyheight_orthophoto",0.5,"orthophoto_50cm_2025","Ostlandet"
"NINFP1910031230",5.63941706736463,4.62629270553589,16559,3,"meta_highrescanopyheight_orthophoto",0.5,"orthophoto_50cm_2025","Ostlandet"
"NINFP2410160814",3.67373679578602,3.48883819580078,48833,4,"meta_highrescanopyheight_orthophoto",0.5,"orthophoto_50cm_2025","Ostlandet"
"NINFP2410164248",0.268428183377635,0.0143385967239738,8381,2,"meta_highrescanopyheight_orthophoto",0.5,"orthophoto_50cm_2025","Ostlandet"
"NINFP2010037903",7.7348389193422,7.9197416305542,5865,2,"meta_highrescanopyheight_orthophoto",0.5,"orthophoto_50cm_2025","Ostlandet"
"NINFP1910015945",11.0219077616652,12.4337964057922,6830,2,"meta_highrescanopyheight_orthophoto",0.5,"orthophoto_50cm_2025","Ostlandet"
"NINFP2310141814",6.73596697953297,6.92699670791626,4933,1,"meta_highrescanopyheight_orthophoto",0.5,"orthophoto_50cm_2025","Ostlandet"
"NINFP2210098894",1.94170702290152,0.941591918468475,19354,2,"meta_highrescanopyheight_orthophoto",0.5,"orthophoto_50cm_2025","Ostlandet"
"NINFP2310130888",7.8107096662621,8.45005655288696,4782,1,"meta_highrescanopyheight_orthophoto",0.5,"orthophoto_50cm_2025","Ostlandet"
"NINFP2410175598",8.43066410047707,8.54454517364502,5206,2,"meta_highrescanopyheight_orthophoto",0.5,"orthophoto_50cm_2025","Ostlandet"
"NINFP2510201032",0.42733257334945,0.0114790201187134,41510,4,"meta_highrescanopyheight_orthophoto",0.5,"orthophoto_50cm_2025","Ostlandet"
"NINFP2010036019",0.202118819956753,0.0191736957058311,29344,3,"meta_highrescanopyheight_orthophoto",0.5,"orthophoto_50cm_2025","Ostlandet"
"NINFP2410183498",8.25983210415871,8.85773277282715,84755,8,"meta_highrescanopyheight_orthophoto",0.5,"orthophoto_50cm_2025","Ostlandet"
"NINFP1910035627",4.70235525969637,4.20245718955994,7438,3,"meta_highrescanopyheight_orthophoto",0.5,"orthophoto_50cm_2025","Ostlandet"
"NINFP2010031481",9.92433179255274,10.2672348022461,23993,2,"meta_highrescanopyheight_orthophoto",0.5,"orthophoto_50cm_2025","Ostlandet"
"NINFP1810018146",5.09226568005881,5.39254856109619,16489,4,"meta_highrescanopyheight_orthophoto",0.5,"orthophoto_50cm_2025","Ostlandet"
"NINFP2410174486",1.53322243566211,0.0503425970673561,15931,2,"meta_highrescanopyheight_orthophoto",0.5,"orthophoto_50cm_2025","Ostlandet"
"NINFP2010031909",1.30758003283943,0.0472994819283485,4150,2,"meta_highrescanopyheight_orthophoto",0.5,"orthophoto_50cm_2025","Ostlandet"
"NINFP2110025223",0.0872412506476544,0.010280123911798,45783,4,"meta_highrescanopyheight_orthophoto",0.5,"orthophoto_50cm_2025","Ostlandet"
"NINFP1810042766",1.30695786247958,0.094577744603157,4241,1,"meta_highrescanopyheight_orthophoto",0.5,"orthophoto_50cm_2025","Ostlandet"
"NINFP2110070272",1.97320446410479,0.206370331346989,7628,3,"meta_highrescanopyheight_orthophoto",0.5,"orthophoto_50cm_2025","Ostlandet"
"NINFP1810043205",2.27952795590321,0.811350107192993,4733,1,"meta_highrescanopyheight_orthophoto",0.5,"orthophoto_50cm_2025","Ostlandet"
"NINFP2510206840",6.96982986495551,7.98865604400635,2461,1,"meta_highrescanopyheight_orthophoto",0.5,"orthophoto_50cm_2025","Ostlandet"
"NINFP1810043011",4.16278877508457,2.22080445289612,12016,2,"meta_highrescanopyheight_orthophoto",0.5,"orthophoto_50cm_2025","Ostlandet"
"NINFP1810040507",2.26234752040369,0.29009747505188,12503,3,"meta_highrescanopyheight_orthophoto",0.5,"orthophoto_50cm_2025","Ostlandet"
"NINFP2010047525",0.0230131923392937,0.0100367106497288,1796363,61,"meta_highrescanopyheight_orthophoto",0.5,"orthophoto_50cm_2025","Ostlandet"
"NINFP1910035621",1.80700814619437,0.391418635845184,4183,1,"meta_highrescanopyheight_orthophoto",0.5,"orthophoto_50cm_2025","Ostlandet"
"NINFP2410179739",4.98917330908652,5.0504732131958,67171,3,"meta_highrescanopyheight_orthophoto",0.5,"orthophoto_50cm_2025","Ostlandet"
"NINFP1810018494",8.66927264611932,9.15167045593262,79,1,"meta_highrescanopyheight_orthophoto",0.5,"orthophoto_50cm_2025","Ostlandet"
"NINFP2510208688",0.693246333239145,0.0486187562346458,5631,2,"meta_highrescanopyheight_orthophoto",0.5,"orthophoto_50cm_2025","Ostlandet"
"NINFP1810023845",0.433717688390413,0.0110470466315746,59977,4,"meta_highrescanopyheight_orthophoto",0.5,"orthophoto_50cm_2025","Ostlandet"
"NINFP2210106284",4.93397802490125,5.1871132850647,6350,2,"meta_highrescanopyheight_orthophoto",0.5,"orthophoto_50cm_2025","Ostlandet"
"NINFP1810012497",6.4055747533508,6.92882108688354,85618,12,"meta_highrescanopyheight_orthophoto",0.5,"orthophoto_50cm_2025","Ostlandet"
"NINFP2010009020",0.698858225035146,0.0242225471884012,5123,2,"meta_highrescanopyheight_orthophoto",0.5,"orthophoto_50cm_2025","Ostlandet"
"NINFP2410163888",2.20445280382739,0.663405209779739,34202,4,"meta_highrescanopyheight_orthophoto",0.5,"orthophoto_50cm_2025","Ostlandet"
"NINFP1810035694",5.56589492664096,5.27848815917969,11141,2,"meta_highrescanopyheight_orthophoto",0.5,"orthophoto_50cm_2025","Ostlandet"
"NINFP2110057642",0.373727800485669,0.0196081027388573,14891,2,"meta_highrescanopyheight_orthophoto",0.5,"orthophoto_50cm_2025","Ostlandet"
"NINFP2310144901",0.673707044427465,0.0104422811418772,111861,7,"meta_highrescanopyheight_orthophoto",0.5,"orthophoto_50cm_2025","Ostlandet"
"NINFP2310141324",5.41692763095745,5.52544641494751,8519,1,"meta_highrescanopyheight_orthophoto",0.5,"orthophoto_50cm_2025","Ostlandet"
"NINFP2010026128",0.249444891487879,0.011426879093051,78145,9,"meta_highrescanopyheight_orthophoto",0.5,"orthophoto_50cm_2025","Ostlandet"
"NINFP2310146489",1.74970406641158,0.876369953155518,99382,7,"meta_highrescanopyheight_orthophoto",0.5,"orthophoto_50cm_2025","Ostlandet"
"NINFP2410182187",5.736668803128,5.54460382461548,4806,2,"meta_highrescanopyheight_orthophoto",0.5,"orthophoto_50cm_2025","Ostlandet"
"NINFP1910025472",2.52967972780673,1.60627645254135,64418,5,"meta_highrescanopyheight_orthophoto",0.5,"orthophoto_50cm_2025","Ostlandet"
"NINFP2110059835",0.924666078773129,0.15543507784605,7586,2,"meta_highrescanopyheight_orthophoto",0.5,"orthophoto_50cm_2025","Ostlandet"
"NINFP1810036438",2.23831387735618,0.810035228729248,171692,7,"meta_highrescanopyheight_orthophoto",0.5,"orthophoto_50cm_2025","Ostlandet"
"NINFP2410171832",1.59315487039995,0.256921231746674,91463,5,"meta_highrescanopyheight_orthophoto",0.5,"orthophoto_50cm_2025","Ostlandet"
"NINFP1910002075",0.952337944158568,0.0640001222491264,31905,6,"meta_highrescanopyheight_orthophoto",0.5,"orthophoto_50cm_2025","Ostlandet"
"NINFP2210102795",4.27736738649986,3.31578779220581,11467,2,"meta_highrescanopyheight_orthophoto",0.5,"orthophoto_50cm_2025","Ostlandet"
"NINFP1810037191",3.8642708371537,2.10519635677338,2218,1,"meta_highrescanopyheight_orthophoto",0.5,"orthophoto_50cm_2025","Ostlandet"
"NINFP2410170254",8.16842685603322,8.60971021652222,7178,2,"meta_highrescanopyheight_orthophoto",0.5,"orthophoto_50cm_2025","Ostlandet"
"NINFP2010019111",0.821393907424477,0.0139795704744756,11066,4,"meta_highrescanopyheight_orthophoto",0.5,"orthophoto_50cm_2025","Ostlandet"
"NINFP2110020691",4.44172383624439,4.94214963912964,4909,1,"meta_highrescanopyheight_orthophoto",0.5,"orthophoto_50cm_2025","Ostlandet"
"NINFP2310128670",1.8180984438574,0.683035254478455,6981,1,"meta_highrescanopyheight_orthophoto",0.5,"orthophoto_50cm_2025","Ostlandet"
"NINFP2010035961",0.735426158335706,0.0216772593557835,48686,6,"meta_highrescanopyheight_orthophoto",0.5,"orthophoto_50cm_2025","Ostlandet"
"NINFP2310126570",1.02463174266517,0.218075379729271,14476,2,"meta_highrescanopyheight_orthophoto",0.5,"orthophoto_50cm_2025","Ostlandet"
"NINFP2010038808",0.561257220640392,0.0106778857298195,7352,2,"meta_highrescanopyheight_orthophoto",0.5,"orthophoto_50cm_2025","Ostlandet"
"NINFP2210076585",3.08972586372797,2.50600337982178,24639,6,"meta_highrescanopyheight_orthophoto",0.5,"orthophoto_50cm_2025","Ostlandet"
"NINFP2010052306",1.20377319055503,0.0215403083711863,4086,2,"meta_highrescanopyheight_orthophoto",0.5,"orthophoto_50cm_2025","Ostlandet"
"NINFP2110025516",2.00045310045096,0.838417768478394,7049,1,"meta_highrescanopyheight_orthophoto",0.5,"orthophoto_50cm_2025","Ostlandet"
"NINFP1810008265",3.82422237357008,4.11392641067505,6287,2,"meta_highrescanopyheight_orthophoto",0.5,"orthophoto_50cm_2025","Ostlandet"
"NINFP2210092935",0.0107318135441362,0.0100343441590667,52003,3,"meta_highrescanopyheight_orthophoto",0.5,"orthophoto_50cm_2025","Ostlandet"
"NINFP2410170038",0.701056088298506,0.0126236188225448,5196,1,"meta_highrescanopyheight_orthophoto",0.5,"orthophoto_50cm_2025","Ostlandet"
"NINFP2310126292",0.457016217072485,0.01147242449224,2472,4,"meta_highrescanopyheight_orthophoto",0.5,"orthophoto_50cm_2025","Ostlandet"
"NINFP2410174240",0.567070761536716,0.013487221673131,9179,2,"meta_highrescanopyheight_orthophoto",0.5,"orthophoto_50cm_2025","Ostlandet"
"NINFP1910037449",0.0192068436664126,0.010741600766778,13189,3,"meta_highrescanopyheight_orthophoto",0.5,"orthophoto_50cm_2025","Ostlandet"
"NINFP1810037198",3.24699131683691,2.54203367233276,10053,4,"meta_highrescanopyheight_orthophoto",0.5,"orthophoto_50cm_2025","Ostlandet"
"NINFP2510217763",2.00836140092868,0.853663444519043,7843,2,"meta_highrescanopyheight_orthophoto",0.5,"orthophoto_50cm_2025","Ostlandet"
"NINFP2010005991",3.21774284142302,0.74527844786644,80,1,"meta_highrescanopyheight_orthophoto",0.5,"orthophoto_50cm_2025","Ostlandet"
"NINFP1810023726",4.72822222338041,4.78173065185547,17364,2,"meta_highrescanopyheight_orthophoto",0.5,"orthophoto_50cm_2025","Ostlandet"
"NINFP2010053979",1.72148582691111,0.186213433742523,22365,5,"meta_highrescanopyheight_orthophoto",0.5,"orthophoto_50cm_2025","Ostlandet"
"NINFP1810042145",4.36874220248865,3.6087212562561,12485,2,"meta_highrescanopyheight_orthophoto",0.5,"orthophoto_50cm_2025","Ostlandet"
"NINFP2310125414",5.17368116968782,5.37827587127686,16213,2,"meta_highrescanopyheight_orthophoto",0.5,"orthophoto_50cm_2025","Ostlandet"
"NINFP2010033082",1.53590580382029,0.636206388473511,49289,7,"meta_highrescanopyheight_orthophoto",0.5,"orthophoto_50cm_2025","Ostlandet"
"NINFP2110044662",0.637236643091222,0.0211781114339828,25349,4,"meta_highrescanopyheight_orthophoto",0.5,"orthophoto_50cm_2025","Ostlandet"
"NINFP1810022108",4.06189806028345,3.76160097122192,2387,1,"meta_highrescanopyheight_orthophoto",0.5,"orthophoto_50cm_2025","Ostlandet"
"NINFP2110018460",0.0100319701435413,0.0100201796740294,28385,3,"meta_highrescanopyheight_orthophoto",0.5,"orthophoto_50cm_2025","Ostlandet"
"NINFP2010006800",0.0491901693780183,0.0176978688687086,11833,3,"meta_highrescanopyheight_orthophoto",0.5,"orthophoto_50cm_2025","Ostlandet"
"NINFP2110009291",0.363130328520989,0.0102652003988624,29779,5,"meta_highrescanopyheight_orthophoto",0.5,"orthophoto_50cm_2025","Ostlandet"
"NINFP1810020847",10.0336033823004,10.0997161865234,25563,3,"meta_highrescanopyheight_orthophoto",0.5,"orthophoto_50cm_2025","Ostlandet"
"NINFP2110055856",6.48185819497561,6.79311895370483,8254,2,"meta_highrescanopyheight_orthophoto",0.5,"orthophoto_50cm_2025","Ostlandet"
"NINFP2410163889",0.0461649901035535,0.01018369756639,2901,2,"meta_highrescanopyheight_orthophoto",0.5,"orthophoto_50cm_2025","Ostlandet"
"NINFP1810020046",6.30437669818346,6.25865888595581,22714,6,"meta_highrescanopyheight_orthophoto",0.5,"orthophoto_50cm_2025","Ostlandet"
"NINFP1810036966",4.42365010270869,3.82521510124207,43591,5,"meta_highrescanopyheight_orthophoto",0.5,"orthophoto_50cm_2025","Ostlandet"
"NINFP2210074624",3.7452980967823,3.39740085601807,12576,3,"meta_highrescanopyheight_orthophoto",0.5,"orthophoto_50cm_2025","Ostlandet"
"NINFP2210101384",0.260032506219146,0.013435292057693,5400,1,"meta_highrescanopyheight_orthophoto",0.5,"orthophoto_50cm_2025","Ostlandet"
"NINFP2110040047",3.77357742489495,1.61044901609421,6186,2,"meta_highrescanopyheight_orthophoto",0.5,"orthophoto_50cm_2025","Ostlandet"
"NINFP1810040750",3.07419705618625,1.61570090055466,34856,3,"meta_highrescanopyheight_orthophoto",0.5,"orthophoto_50cm_2025","Ostlandet"
"NINFP1810036981",5.65228318635845,5.49672603607178,128044,11,"meta_highrescanopyheight_orthophoto",0.5,"orthophoto_50cm_2025","Ostlandet"
"NINFP2510206839",8.95037936200076,9.70473098754883,11009,3,"meta_highrescanopyheight_orthophoto",0.5,"orthophoto_50cm_2025","Ostlandet"
"NINFP1910022726",3.38842149654724,1.48444080352783,29399,5,"meta_highrescanopyheight_orthophoto",0.5,"orthophoto_50cm_2025","Ostlandet"
"NINFP2010006809",8.18894323229215,9.49835109710693,14219,4,"meta_highrescanopyheight_orthophoto",0.5,"orthophoto_50cm_2025","Ostlandet"
"NINFP2310144276",6.19487299149754,6.42613220214844,8616,2,"meta_highrescanopyheight_orthophoto",0.5,"orthophoto_50cm_2025","Ostlandet"
"NINFP1810011068",5.5424932841102,6.06310677528381,4286,1,"meta_highrescanopyheight_orthophoto",0.5,"orthophoto_50cm_2025","Ostlandet"
"NINFP1910019572",7.07871966587734,7.0952296257019,6720,2,"meta_highrescanopyheight_orthophoto",0.5,"orthophoto_50cm_2025","Ostlandet"
"NINFP2510207579",8.64221719196491,9.23311328887939,14451,2,"meta_highrescanopyheight_orthophoto",0.5,"orthophoto_50cm_2025","Ostlandet"
"NINFP2210098175",1.2034539164745,0.310089692473412,9974,2,"meta_highrescanopyheight_orthophoto",0.5,"orthophoto_50cm_2025","Ostlandet"
"NINFP2110045009",4.33255423474343,3.19045221805573,7094,4,"meta_highrescanopyheight_orthophoto",0.5,"orthophoto_50cm_2025","Ostlandet"
"NINFP2410175196",0.628364104926119,0.0608316473662853,191751,9,"meta_highrescanopyheight_orthophoto",0.5,"orthophoto_50cm_2025","Ostlandet"
"NINFP1810009834",5.73035463780984,5.878253698349,31594,4,"meta_highrescanopyheight_orthophoto",0.5,"orthophoto_50cm_2025","Ostlandet"
"NINFP1910019837",4.28358914770625,3.71263432502747,6546,2,"meta_highrescanopyheight_orthophoto",0.5,"orthophoto_50cm_2025","Ostlandet"
"NINFP1910034517",0.274903629155319,0.0178627651184797,12401,2,"meta_highrescanopyheight_orthophoto",0.5,"orthophoto_50cm_2025","Ostlandet"
"NINFP1810024526",3.17925226342195,2.4827938079834,18058,2,"meta_highrescanopyheight_orthophoto",0.5,"orthophoto_50cm_2025","Ostlandet"
"NINFP2210077977",0.213183713526656,0.0105202766135335,113388,7,"meta_highrescanopyheight_orthophoto",0.5,"orthophoto_50cm_2025","Ostlandet"
"NINFP2310136051",3.41422202088316,2.42365670204163,41483,5,"meta_highrescanopyheight_orthophoto",0.5,"orthophoto_50cm_2025","Ostlandet"
"NINFP2110059883",2.88248341358828,1.05516308546066,15408,4,"meta_highrescanopyheight_orthophoto",0.5,"orthophoto_50cm_2025","Ostlandet"
"NINFP2210108414",0.153666117639536,0.0108806183561683,3925,2,"meta_highrescanopyheight_orthophoto",0.5,"orthophoto_50cm_2025","Ostlandet"
"NINFP1810036964",3.05151413124375,0.2705417573452,29617,3,"meta_highrescanopyheight_orthophoto",0.5,"orthophoto_50cm_2025","Ostlandet"
"NINFP2210083086",0.0464113491152106,0.0102519374340773,7637,1,"meta_highrescanopyheight_orthophoto",0.5,"orthophoto_50cm_2025","Ostlandet"
"NINFP1910011892",3.72060429975161,3.48483777046204,4217,2,"meta_highrescanopyheight_orthophoto",0.5,"orthophoto_50cm_2025","Ostlandet"
"NINFP2210089198",0.0145203949350102,0.0100494488142431,8844,2,"meta_highrescanopyheight_orthophoto",0.5,"orthophoto_50cm_2025","Ostlandet"
"NINFP2010032924",5.03196003023812,4.89769244194031,5682,1,"meta_highrescanopyheight_orthophoto",0.5,"orthophoto_50cm_2025","Ostlandet"
"NINFP1810012584",2.40234561095304,1.33853805065155,12970,4,"meta_highrescanopyheight_orthophoto",0.5,"orthophoto_50cm_2025","Ostlandet"
"NINFP1910045236",6.14888379714022,6.66996669769287,761,2,"meta_highrescanopyheight_orthophoto",0.5,"orthophoto_50cm_2025","Ostlandet"
"NINFP2110061987",0.50990584495821,0.145530678331852,13476,2,"meta_highrescanopyheight_orthophoto",0.5,"orthophoto_50cm_2025","Ostlandet"
"NINFP2310136292",0.912726665419381,0.154036737978458,6782,2,"meta_highrescanopyheight_orthophoto",0.5,"orthophoto_50cm_2025","Ostlandet"
"NINFP1910019517",5.92937971955432,5.92380356788635,6566,4,"meta_highrescanopyheight_orthophoto",0.5,"orthophoto_50cm_2025","Ostlandet"
"NINFP2310128419",0.0154429736533999,0.0100915119983256,86250,6,"meta_highrescanopyheight_orthophoto",0.5,"orthophoto_50cm_2025","Ostlandet"
"NINFP1810028295",2.30328606155167,0.595550537109375,33829,4,"meta_highrescanopyheight_orthophoto",0.5,"orthophoto_50cm_2025","Ostlandet"
"NINFP2510186604",0.568017903455875,0.0195127464830875,1755,1,"meta_highrescanopyheight_orthophoto",0.5,"orthophoto_50cm_2025","Ostlandet"
"NINFP1810024665",0.450460534614929,0.0158435134217143,4390,2,"meta_highrescanopyheight_orthophoto",0.5,"orthophoto_50cm_2025","Ostlandet"
"NINFP2210076413",5.63166333294403,5.68044567108154,34597,3,"meta_highrescanopyheight_orthophoto",0.5,"orthophoto_50cm_2025","Ostlandet"
"NINFP2010033309",3.05834787137665,2.11664652824402,6024,1,"meta_highrescanopyheight_orthophoto",0.5,"orthophoto_50cm_2025","Ostlandet"
"NINFP2310125157",6.42824416436335,6.48543262481689,28347,4,"meta_highrescanopyheight_orthophoto",0.5,"orthophoto_50cm_2025","Ostlandet"
"NINFP2510205320",3.07232198678243,0.660015106201172,1957,1,"meta_highrescanopyheight_orthophoto",0.5,"orthophoto_50cm_2025","Ostlandet"
"NINFP1810022120",2.38342229784853,1.4493220448494,16968,2,"meta_highrescanopyheight_orthophoto",0.5,"orthophoto_50cm_2025","Ostlandet"
"NINFP1910061111",1.47440924450204,0.210097432136536,39223,3,"meta_highrescanopyheight_orthophoto",0.5,"orthophoto_50cm_2025","Ostlandet"
"NINFP2010054013",1.83259738476142,0.875335335731506,4043,2,"meta_highrescanopyheight_orthophoto",0.5,"orthophoto_50cm_2025","Ostlandet"
"NINFP2010053997",0.757479077059609,0.0316157154738903,4847,3,"meta_highrescanopyheight_orthophoto",0.5,"orthophoto_50cm_2025","Ostlandet"
"NINFP1810043014",6.51783108763452,6.62351560592651,33711,4,"meta_highrescanopyheight_orthophoto",0.5,"orthophoto_50cm_2025","Ostlandet"
"NINFP1810024576",0.257344066154723,0.0110851842910051,65761,6,"meta_highrescanopyheight_orthophoto",0.5,"orthophoto_50cm_2025","Ostlandet"
"NINFP2410156573",5.43589884047412,5.54881644248962,7734,2,"meta_highrescanopyheight_orthophoto",0.5,"orthophoto_50cm_2025","Ostlandet"
"NINFP2210097919",0.859316105118556,0.132250308990479,32240,2,"meta_highrescanopyheight_orthophoto",0.5,"orthophoto_50cm_2025","Ostlandet"
"NINFP2510184520",5.64108781805445,5.71091079711914,6708,2,"meta_highrescanopyheight_orthophoto",0.5,"orthophoto_50cm_2025","Ostlandet"
"NINFP2410150065",7.97539845773925,7.89487290382385,6212,2,"meta_highrescanopyheight_orthophoto",0.5,"orthophoto_50cm_2025","Ostlandet"
"NINFP2310130735",10.4260864103535,10.3020629882812,10045,1,"meta_highrescanopyheight_orthophoto",0.5,"orthophoto_50cm_2025","Ostlandet"
"NINFP2310139972",1.04333381135458,0.043896684423089,341186,19,"meta_highrescanopyheight_orthophoto",0.5,"orthophoto_50cm_2025","Ostlandet"
"NINFP1910009848",6.38623183125164,6.60442924499512,18357,2,"meta_highrescanopyheight_orthophoto",0.5,"orthophoto_50cm_2025","Ostlandet"
"NINFP2410174571",5.92203389384919,6.24947166442871,3643,2,"meta_highrescanopyheight_orthophoto",0.5,"orthophoto_50cm_2025","Ostlandet"
"NINFP2310130964",2.06232189085275,1.03487306833267,10688,4,"meta_highrescanopyheight_orthophoto",0.5,"orthophoto_50cm_2025","Ostlandet"
"NINFP2410164375",0.548382602519273,0.0150829143822193,4922,1,"meta_highrescanopyheight_orthophoto",0.5,"orthophoto_50cm_2025","Ostlandet"
"NINFP1910035626",1.01296553764604,0.0563946794718504,10680,4,"meta_highrescanopyheight_orthophoto",0.5,"orthophoto_50cm_2025","Ostlandet"
"NINFP1810045761",4.83250573097038,4.55988216400146,29623,4,"meta_highrescanopyheight_orthophoto",0.5,"orthophoto_50cm_2025","Ostlandet"
"NINFP2210082628",0.436408677728552,0.0253363326191902,24457,3,"meta_highrescanopyheight_orthophoto",0.5,"orthophoto_50cm_2025","Ostlandet"
"NINFP2510205199",6.10619070668652,6.39020466804504,4618,2,"meta_highrescanopyheight_orthophoto",0.5,"orthophoto_50cm_2025","Ostlandet"
"NINFP2410181572",5.5435906212436,5.34268140792847,48269,5,"meta_highrescanopyheight_orthophoto",0.5,"orthophoto_50cm_2025","Ostlandet"
"NINFP1910018045",1.03339694630061,0.15292826294899,11860,4,"meta_highrescanopyheight_orthophoto",0.5,"orthophoto_50cm_2025","Ostlandet"
"NINFP1810018857",4.24549827372414,3.24553966522217,6559,2,"meta_highrescanopyheight_orthophoto",0.5,"orthophoto_50cm_2025","Ostlandet"
"NINFP2410168394",11.6996802575079,11.4747943878174,7106,2,"meta_highrescanopyheight_orthophoto",0.5,"orthophoto_50cm_2025","Ostlandet"
"NINFP1810011958",0.125493921204658,0.0126900128088892,9862,1,"meta_highrescanopyheight_orthophoto",0.5,"orthophoto_50cm_2025","Ostlandet"
"NINFP2010040011",3.20274641088891,2.21849751472473,19565,1,"meta_highrescanopyheight_orthophoto",0.5,"orthophoto_50cm_2025","Ostlandet"
"NINFP1810026646",4.76429119563076,3.78488445281982,15421,2,"meta_highrescanopyheight_orthophoto",0.5,"orthophoto_50cm_2025","Ostlandet"
"NINFP1810020850",3.68064536868988,3.39544868469238,7238,2,"meta_highrescanopyheight_orthophoto",0.5,"orthophoto_50cm_2025","Ostlandet"
"NINFP1910048772",1.15826157132997,0.164183042943478,3298,1,"meta_highrescanopyheight_orthophoto",0.5,"orthophoto_50cm_2025","Ostlandet"
"NINFP2410184198",0.606784367614559,0.0357704199850559,94850,9,"meta_highrescanopyheight_orthophoto",0.5,"orthophoto_50cm_2025","Ostlandet"
"NINFP2610220139",1.66166429765747,0.321942567825317,36609,10,"meta_highrescanopyheight_orthophoto",0.5,"orthophoto_50cm_2025","Ostlandet"
"NINFP2210103567",4.02296362135692,3.16577959060669,4426,1,"meta_highrescanopyheight_orthophoto",0.5,"orthophoto_50cm_2025","Ostlandet"
"NINFP2110024515",0.0100450719338984,0.0100306831300259,58415,6,"meta_highrescanopyheight_orthophoto",0.5,"orthophoto_50cm_2025","Ostlandet"
"NINFP2410163649",3.59322838239252,3.00449633598328,10925,2,"meta_highrescanopyheight_orthophoto",0.5,"orthophoto_50cm_2025","Ostlandet"
"NINFP2310121854",5.87304247413525,5.89143872261047,20400,3,"meta_highrescanopyheight_orthophoto",0.5,"orthophoto_50cm_2025","Ostlandet"
"NINFP2110029535",0.18196508163344,0.0111609557643533,10178,4,"meta_highrescanopyheight_orthophoto",0.5,"orthophoto_50cm_2025","Ostlandet"
"NINFP2110017934",2.54261521751884,2.16814911365509,4264,3,"meta_highrescanopyheight_orthophoto",0.5,"orthophoto_50cm_2025","Ostlandet"
"NINFP2510201138",0.0379386997477601,0.0101651353761554,66018,5,"meta_highrescanopyheight_orthophoto",0.5,"orthophoto_50cm_2025","Ostlandet"
"NINFP2510200372",4.11097391964241,3.79841065406799,11037,4,"meta_highrescanopyheight_orthophoto",0.5,"orthophoto_50cm_2025","Ostlandet"
"NINFP2010008883",0.493516250636412,0.01171441283077,17275,3,"meta_highrescanopyheight_orthophoto",0.5,"orthophoto_50cm_2025","Ostlandet"
"NINFP2110013616",0.0667709393245393,0.0114001133479178,4426,3,"meta_highrescanopyheight_orthophoto",0.5,"orthophoto_50cm_2025","Ostlandet"
"NINFP2110058612",0.960818222302356,0.0352887324988842,10872,4,"meta_highrescanopyheight_orthophoto",0.5,"orthophoto_50cm_2025","Ostlandet"
"NINFP1810031529",0.82398354296157,0.0520065855234861,186484,13,"meta_highrescanopyheight_orthophoto",0.5,"orthophoto_50cm_2025","Ostlandet"
"NINFP1810031765",3.18068251987627,1.93907523155212,30070,4,"meta_highrescanopyheight_orthophoto",0.5,"orthophoto_50cm_2025","Ostlandet"
"NINFP1910036970",1.78268964244187,0.402542695403099,11956,2,"meta_highrescanopyheight_orthophoto",0.5,"orthophoto_50cm_2025","Ostlandet"
"NINFP1810039217",1.73391632481794,0.213055431842804,22777,4,"meta_highrescanopyheight_orthophoto",0.5,"orthophoto_50cm_2025","Ostlandet"
"NINFP2010002684",1.23545136031795,0.0778156518936157,22640,2,"meta_highrescanopyheight_orthophoto",0.5,"orthophoto_50cm_2025","Ostlandet"
"NINFP2210103997",1.8073792158815,0.274716198444366,267814,18,"meta_highrescanopyheight_orthophoto",0.5,"orthophoto_50cm_2025","Ostlandet"
"NINFP2110067559",3.16126899057948,0.039350688457489,16933,3,"meta_highrescanopyheight_orthophoto",0.5,"orthophoto_50cm_2025","Ostlandet"
"NINFP2210091541",4.74939374459027,4.19625186920166,15094,4,"meta_highrescanopyheight_orthophoto",0.5,"orthophoto_50cm_2025","Ostlandet"
"NINFP2010009566",2.61719368500127,1.01073443889618,49999,9,"meta_highrescanopyheight_orthophoto",0.5,"orthophoto_50cm_2025","Ostlandet"
"NINFP2510219239",0.633430776520477,0.0212243869900703,10183,2,"meta_highrescanopyheight_orthophoto",0.5,"orthophoto_50cm_2025","Ostlandet"
"NINFP2310127367",0.0422217236664368,0.0102413343265653,25901,4,"meta_highrescanopyheight_orthophoto",0.5,"orthophoto_50cm_2025","Ostlandet"
"NINFP2010034356",4.84135724944728,4.88616251945496,4690,1,"meta_highrescanopyheight_orthophoto",0.5,"orthophoto_50cm_2025","Ostlandet"
"NINFP2110017252",0.968143252567014,0.0408469885587692,15681,3,"meta_highrescanopyheight_orthophoto",0.5,"orthophoto_50cm_2025","Ostlandet"
"NINFP1810038918",2.62094463196694,1.11804473400116,4174,4,"meta_highrescanopyheight_orthophoto",0.5,"orthophoto_50cm_2025","Ostlandet"
"NINFP1910000898",0.173041716311839,0.0107834204100072,12038,4,"meta_highrescanopyheight_orthophoto",0.5,"orthophoto_50cm_2025","Ostlandet"
"NINFP2510213597",1.04976804354758,0.155909404158592,22098,3,"meta_highrescanopyheight_orthophoto",0.5,"orthophoto_50cm_2025","Ostlandet"
"NINFP2310138922",5.31719963147178,5.25815582275391,20577,3,"meta_highrescanopyheight_orthophoto",0.5,"orthophoto_50cm_2025","Ostlandet"
"NINFP1910023075",0.0880187319675895,0.010062238201499,244929,15,"meta_highrescanopyheight_orthophoto",0.5,"orthophoto_50cm_2025","Ostlandet"
"NINFP1810020692",5.42317770402643,5.38036632537842,79,1,"meta_highrescanopyheight_orthophoto",0.5,"orthophoto_50cm_2025","Ostlandet"
"NINFP1810010744",7.41321393540359,7.55313014984131,5996,1,"meta_highrescanopyheight_orthophoto",0.5,"orthophoto_50cm_2025","Ostlandet"
"NINFP2510190479",1.91261934665459,0.631567716598511,17152,2,"meta_highrescanopyheight_orthophoto",0.5,"orthophoto_50cm_2025","Ostlandet"
"NINFP2510196823",2.04552166581494,1.10195404291153,5200,2,"meta_highrescanopyheight_orthophoto",0.5,"orthophoto_50cm_2025","Ostlandet"
"NINFP1910029704",3.98028461508624,3.40358304977417,57751,6,"meta_highrescanopyheight_orthophoto",0.5,"orthophoto_50cm_2025","Ostlandet"
"NINFP1810009271",4.75056084115925,4.56441164016724,14761,2,"meta_highrescanopyheight_orthophoto",0.5,"orthophoto_50cm_2025","Ostlandet"
"NINFP1810032254",4.06910278573046,4.3115119934082,7625,1,"meta_highrescanopyheight_orthophoto",0.5,"orthophoto_50cm_2025","Ostlandet"
"NINFP1810035635",3.67144169718332,3.40008223056793,12912,2,"meta_highrescanopyheight_orthophoto",0.5,"orthophoto_50cm_2025","Ostlandet"
"NINFP2110062427",2.48851622258733,1.24566173553467,28686,4,"meta_highrescanopyheight_orthophoto",0.5,"orthophoto_50cm_2025","Ostlandet"
"NINFP1910035306",2.71498298041653,1.23140001296997,9369,2,"meta_highrescanopyheight_orthophoto",0.5,"orthophoto_50cm_2025","Ostlandet"
"NINFP2510215909",2.80923173800258,1.78681969642639,10511,3,"meta_highrescanopyheight_orthophoto",0.5,"orthophoto_50cm_2025","Ostlandet"
"NINFP2510195708",6.74384263469471,7.23127555847168,3979,1,"meta_highrescanopyheight_orthophoto",0.5,"orthophoto_50cm_2025","Ostlandet"
"NINFP1810042995",0.811866250900546,0.0460808612406254,10524,2,"meta_highrescanopyheight_orthophoto",0.5,"orthophoto_50cm_2025","Ostlandet"
"NINFP1910017808",1.29101166018633,0.148122742772102,37130,5,"meta_highrescanopyheight_orthophoto",0.5,"orthophoto_50cm_2025","Ostlandet"
"NINFP2110019025",0.0335786749598199,0.0103694004938006,115365,7,"meta_highrescanopyheight_orthophoto",0.5,"orthophoto_50cm_2025","Ostlandet"
"NINFP2510186585",1.81690068840803,0.684198766946793,11732,2,"meta_highrescanopyheight_orthophoto",0.5,"orthophoto_50cm_2025","Ostlandet"
"NINFP1910041858",3.08654167071983,1.43675863742828,132382,7,"meta_highrescanopyheight_orthophoto",0.5,"orthophoto_50cm_2025","Ostlandet"
"NINFP1910032219",0.46395836460737,0.022084902971983,19349,3,"meta_highrescanopyheight_orthophoto",0.5,"orthophoto_50cm_2025","Ostlandet"
"NINFP1910045847",0.175674187544612,0.0108092539012432,13739,2,"meta_highrescanopyheight_orthophoto",0.5,"orthophoto_50cm_2025","Ostlandet"
"NINFP1910034432",2.18829650989778,0.193759240210056,55980,5,"meta_highrescanopyheight_orthophoto",0.5,"orthophoto_50cm_2025","Ostlandet"
"NINFP2210099412",1.05847678117518,0.09425950050354,60452,5,"meta_highrescanopyheight_orthophoto",0.5,"orthophoto_50cm_2025","Ostlandet"
"NINFP2110054610",0.647201438373965,0.0618601460009813,39898,5,"meta_highrescanopyheight_orthophoto",0.5,"orthophoto_50cm_2025","Ostlandet"
"NINFP1910034072",2.61860203301864,1.11855912208557,24087,3,"meta_highrescanopyheight_orthophoto",0.5,"orthophoto_50cm_2025","Ostlandet"
"NINFP1810038395",1.27909305993987,0.0604952983558178,10518,3,"meta_highrescanopyheight_orthophoto",0.5,"orthophoto_50cm_2025","Ostlandet"
"NINFP2210103951",1.0615596327968,0.0512920282781124,31636,2,"meta_highrescanopyheight_orthophoto",0.5,"orthophoto_50cm_2025","Ostlandet"
"NINFP2110040040",8.78426539160585,8.85663795471191,19773,3,"meta_highrescanopyheight_orthophoto",0.5,"orthophoto_50cm_2025","Ostlandet"
"NINFP2210108419",6.21381011855914,6.75116157531738,21098,6,"meta_highrescanopyheight_orthophoto",0.5,"orthophoto_50cm_2025","Ostlandet"
"NINFP2210084437",0.0203386201295378,0.0105353314429522,15993,4,"meta_highrescanopyheight_orthophoto",0.5,"orthophoto_50cm_2025","Ostlandet"
"NINFP2110041503",2.15541481499554,0.25205984711647,36723,6,"meta_highrescanopyheight_orthophoto",0.5,"orthophoto_50cm_2025","Ostlandet"
"NINFP2010008877",0.654923602447459,0.0145728783681989,43171,4,"meta_highrescanopyheight_orthophoto",0.5,"orthophoto_50cm_2025","Ostlandet"
"NINFP2010016221",4.57067802361085,3.25453758239746,75029,7,"meta_highrescanopyheight_orthophoto",0.5,"orthophoto_50cm_2025","Ostlandet"
"NINFP2010008887",0.545853302401054,0.0174306537955999,4325,1,"meta_highrescanopyheight_orthophoto",0.5,"orthophoto_50cm_2025","Ostlandet"
"NINFP2510190246",2.9243493896988,1.81481170654297,3835,3,"meta_highrescanopyheight_orthophoto",0.5,"orthophoto_50cm_2025","Ostlandet"
"NINFP2310131005",0.54757569870387,0.0182758718729019,21407,3,"meta_highrescanopyheight_orthophoto",0.5,"orthophoto_50cm_2025","Ostlandet"
"NINFP2110015276",1.82197557524608,0.771942138671875,9195,2,"meta_highrescanopyheight_orthophoto",0.5,"orthophoto_50cm_2025","Ostlandet"
"NINFP1810040037",5.10663442412564,5.39999532699585,163425,10,"meta_highrescanopyheight_orthophoto",0.5,"orthophoto_50cm_2025","Ostlandet"
"NINFP2510195936",7.6308376166869,7.71343517303467,13488,2,"meta_highrescanopyheight_orthophoto",0.5,"orthophoto_50cm_2025","Ostlandet"
"NINFP2310140296",7.26968373848361,7.36570262908936,10094,1,"meta_highrescanopyheight_orthophoto",0.5,"orthophoto_50cm_2025","Ostlandet"
"NINFP2110017922",0.0186839620983161,0.0102381175383925,9897,2,"meta_highrescanopyheight_orthophoto",0.5,"orthophoto_50cm_2025","Ostlandet"
"NINFP2110012546",7.87161170947434,7.45728778839111,2046,1,"meta_highrescanopyheight_orthophoto",0.5,"orthophoto_50cm_2025","Ostlandet"
"NINFP2010011928",6.90769699721655,6.87272095680237,8360,2,"meta_highrescanopyheight_orthophoto",0.5,"orthophoto_50cm_2025","Ostlandet"
"NINFP2510210119",6.32392289202468,7.19327473640442,10260,2,"meta_highrescanopyheight_orthophoto",0.5,"orthophoto_50cm_2025","Ostlandet"
"NINFP1910061097",0.449802122313545,0.0204126164317131,51929,5,"meta_highrescanopyheight_orthophoto",0.5,"orthophoto_50cm_2025","Ostlandet"
"NINFP2510208278",0.0315606729186981,0.0101329986937344,72610,7,"meta_highrescanopyheight_orthophoto",0.5,"orthophoto_50cm_2025","Ostlandet"
"NINFP2410162040",0.0320387147351581,0.0102944690734148,21140,2,"meta_highrescanopyheight_orthophoto",0.5,"orthophoto_50cm_2025","Ostlandet"
"NINFP1810014275",0.755576110191777,0.0192585680633783,46017,6,"meta_highrescanopyheight_orthophoto",0.5,"orthophoto_50cm_2025","Ostlandet"
"NINFP1810043230",5.42797868219977,5.19792509078979,5208,1,"meta_highrescanopyheight_orthophoto",0.5,"orthophoto_50cm_2025","Ostlandet"
"NINFP2410174115",3.51627902151774,2.83095383644104,8625,4,"meta_highrescanopyheight_orthophoto",0.5,"orthophoto_50cm_2025","Ostlandet"
"NINFP2310141322",4.86205655713753,5.03941917419434,8075,2,"meta_highrescanopyheight_orthophoto",0.5,"orthophoto_50cm_2025","Ostlandet"
"NINFP2010032461",0.0224975063749491,0.0100587536580861,21614,4,"meta_highrescanopyheight_orthophoto",0.5,"orthophoto_50cm_2025","Ostlandet"
"NINFP2110042061",8.27871667872778,9.3893871307373,6640,2,"meta_highrescanopyheight_orthophoto",0.5,"orthophoto_50cm_2025","Ostlandet"
"NINFP1810038223",2.81680982644142,1.47929757833481,35706,5,"meta_highrescanopyheight_orthophoto",0.5,"orthophoto_50cm_2025","Ostlandet"
"NINFP2510210117",1.91402401066294,0.23422846198082,8637,2,"meta_highrescanopyheight_orthophoto",0.5,"orthophoto_50cm_2025","Ostlandet"
"NINFP1810010382",3.48071465849284,2.70646703243256,20630,4,"meta_highrescanopyheight_orthophoto",0.5,"orthophoto_50cm_2025","Ostlandet"
"NINFP2110065818",3.73038991146808,3.40780007839203,18698,4,"meta_highrescanopyheight_orthophoto",0.5,"orthophoto_50cm_2025","Ostlandet"
"NINFP2310122131",0.215287626413982,0.0104338014498353,101174,8,"meta_highrescanopyheight_orthophoto",0.5,"orthophoto_50cm_2025","Ostlandet"
"NINFP2010009558",0.81645297108942,0.0244510713964701,40436,4,"meta_highrescanopyheight_orthophoto",0.5,"orthophoto_50cm_2025","Ostlandet"
"NINFP2210093622",0.865320426581921,0.0114991813898087,2553,2,"meta_highrescanopyheight_orthophoto",0.5,"orthophoto_50cm_2025","Ostlandet"
"NINFP2410183830",3.296102638709,0.456397294998169,59749,6,"meta_highrescanopyheight_orthophoto",0.5,"orthophoto_50cm_2025","Ostlandet"
"NINFP1910048498",4.43922429375367,3.60824906826019,4232,2,"meta_highrescanopyheight_orthophoto",0.5,"orthophoto_50cm_2025","Ostlandet"
"NINFP2210083592",3.8305059272837,3.49483633041382,6257,2,"meta_highrescanopyheight_orthophoto",0.5,"orthophoto_50cm_2025","Ostlandet"
"NINFP2210098197",0.803437006770735,0.144299119710922,15490,2,"meta_highrescanopyheight_orthophoto",0.5,"orthophoto_50cm_2025","Ostlandet"
"NINFP1810037186",3.82507955981584,3.84625887870789,8711,2,"meta_highrescanopyheight_orthophoto",0.5,"orthophoto_50cm_2025","Ostlandet"
"NINFP2210111042",4.17463848260706,3.8996410369873,26189,6,"meta_highrescanopyheight_orthophoto",0.5,"orthophoto_50cm_2025","Ostlandet"
"NINFP2110015936",4.11974853001843,3.9581356048584,8220,1,"meta_highrescanopyheight_orthophoto",0.5,"orthophoto_50cm_2025","Ostlandet"
"NINFP2310142795",0.0484851108002306,0.0107822706922889,2192,2,"meta_highrescanopyheight_orthophoto",0.5,"orthophoto_50cm_2025","Ostlandet"
"NINFP2110064291",2.57565978709991,1.3154262304306,12839,2,"meta_highrescanopyheight_orthophoto",0.5,"orthophoto_50cm_2025","Ostlandet"
"NINFP1810024850",3.24436663968937,2.6240211725235,10228,4,"meta_highrescanopyheight_orthophoto",0.5,"orthophoto_50cm_2025","Ostlandet"
"NINFP2410164314",0.567122441764271,0.0209537297487259,83545,6,"meta_highrescanopyheight_orthophoto",0.5,"orthophoto_50cm_2025","Ostlandet"
"NINFP2410156572",4.96290812615472,4.78486680984497,18188,3,"meta_highrescanopyheight_orthophoto",0.5,"orthophoto_50cm_2025","Ostlandet"
"NINFP2010039799",0.161401450755015,0.0105043863877654,60422,6,"meta_highrescanopyheight_orthophoto",0.5,"orthophoto_50cm_2025","Ostlandet"
"NINFP2410183834",1.30732476955052,0.0369442328810692,19255,2,"meta_highrescanopyheight_orthophoto",0.5,"orthophoto_50cm_2025","Ostlandet"
"NINFP1810012189",7.181529114342,7.79631233215332,42479,6,"meta_highrescanopyheight_orthophoto",0.5,"orthophoto_50cm_2025","Ostlandet"
"NINFP1810038238",0.743242799911201,0.0311781503260136,45443,6,"meta_highrescanopyheight_orthophoto",0.5,"orthophoto_50cm_2025","Ostlandet"
"NINFP1910036545",7.65300086232196,6.80963325500488,1009,1,"meta_highrescanopyheight_orthophoto",0.5,"orthophoto_50cm_2025","Ostlandet"
"NINFP2510190494",1.89634551487886,0.223813235759735,9621,4,"meta_highrescanopyheight_orthophoto",0.5,"orthophoto_50cm_2025","Ostlandet"
"NINFP1810029123",0.292916656644991,0.0105363139882684,256277,14,"meta_highrescanopyheight_orthophoto",0.5,"orthophoto_50cm_2025","Ostlandet"
"NINFP1810014292",2.44567576051485,0.858358234167099,55908,7,"meta_highrescanopyheight_orthophoto",0.5,"orthophoto_50cm_2025","Ostlandet"
"NINFP2410182458",4.15793783499849,3.83993577957153,20813,3,"meta_highrescanopyheight_orthophoto",0.5,"orthophoto_50cm_2025","Ostlandet"
"NINFP1810024149",0.0318617366364298,0.0100795654579997,200191,10,"meta_highrescanopyheight_orthophoto",0.5,"orthophoto_50cm_2025","Ostlandet"
"NINFP1810001639",3.69434689439562,2.27036392688751,40420,4,"meta_highrescanopyheight_orthophoto",0.5,"orthophoto_50cm_2025","Ostlandet"
"NINFP2110059846",2.90768588152976,1.30960607528687,8672,1,"meta_highrescanopyheight_orthophoto",0.5,"orthophoto_50cm_2025","Ostlandet"
"NINFP2310144043",5.60948855507717,5.62799000740051,5112,2,"meta_highrescanopyheight_orthophoto",0.5,"orthophoto_50cm_2025","Ostlandet"
"NINFP2210102799",6.92197618588078,7.25309824943542,40586,3,"meta_highrescanopyheight_orthophoto",0.5,"orthophoto_50cm_2025","Ostlandet"
"NINFP1810039190",2.85578640861412,1.93918514251709,102927,6,"meta_highrescanopyheight_orthophoto",0.5,"orthophoto_50cm_2025","Ostlandet"
"NINFP2510191012",2.78422894968122,1.33038121461868,14718,4,"meta_highrescanopyheight_orthophoto",0.5,"orthophoto_50cm_2025","Ostlandet"
"NINFP2110056633",1.92790700204087,1.52237445116043,16870,2,"meta_highrescanopyheight_orthophoto",0.5,"orthophoto_50cm_2025","Ostlandet"
"NINFP2110061606",1.13294083021832,0.108813904225826,45792,4,"meta_highrescanopyheight_orthophoto",0.5,"orthophoto_50cm_2025","Ostlandet"
"NINFP2110021544",3.68971729151051,2.80759656429291,4242,1,"meta_highrescanopyheight_orthophoto",0.5,"orthophoto_50cm_2025","Ostlandet"
"NINFP2010039856",0.922064362840525,0.0271649155765772,13682,3,"meta_highrescanopyheight_orthophoto",0.5,"orthophoto_50cm_2025","Ostlandet"
"NINFP2110035767",2.57464441884516,1.30514073371887,7105,2,"meta_highrescanopyheight_orthophoto",0.5,"orthophoto_50cm_2025","Ostlandet"
"NINFP2510195718",5.32605182879951,5.24685764312744,8683,2,"meta_highrescanopyheight_orthophoto",0.5,"orthophoto_50cm_2025","Ostlandet"
"NINFP1810004910",8.03483094778543,8.80472564697266,95381,6,"meta_highrescanopyheight_orthophoto",0.5,"orthophoto_50cm_2025","Ostlandet"
"NINFP2410162835",0.944516684277532,0.0937890112400055,8225,2,"meta_highrescanopyheight_orthophoto",0.5,"orthophoto_50cm_2025","Ostlandet"
"NINFP2010055410",0.853155324847867,0.0863170623779297,4309,2,"meta_highrescanopyheight_orthophoto",0.5,"orthophoto_50cm_2025","Ostlandet"
"NINFP2310147071",4.31397564887994,3.98499608039856,20982,2,"meta_highrescanopyheight_orthophoto",0.5,"orthophoto_50cm_2025","Ostlandet"
"NINFP2010035701",2.73064993006941,1.45242887735367,4120,1,"meta_highrescanopyheight_orthophoto",0.5,"orthophoto_50cm_2025","Ostlandet"
"NINFP2110013205",5.56962730126757,6.20669174194336,9833,2,"meta_highrescanopyheight_orthophoto",0.5,"orthophoto_50cm_2025","Ostlandet"
"NINFP1910034798",8.27383685038584,8.13619518280029,29857,3,"meta_highrescanopyheight_orthophoto",0.5,"orthophoto_50cm_2025","Ostlandet"
"NINFP2010011690",3.87175745521253,4.02109217643738,4220,4,"meta_highrescanopyheight_orthophoto",0.5,"orthophoto_50cm_2025","Ostlandet"
"NINFP2510186815",7.86042215857073,8.07296371459961,64215,6,"meta_highrescanopyheight_orthophoto",0.5,"orthophoto_50cm_2025","Ostlandet"
"NINFP2410151775",3.8911023058806,3.08258974552155,8088,2,"meta_highrescanopyheight_orthophoto",0.5,"orthophoto_50cm_2025","Ostlandet"
"NINFP2310114229",2.33698833535964,0.325270712375641,20721,4,"meta_highrescanopyheight_orthophoto",0.5,"orthophoto_50cm_2025","Ostlandet"
"NINFP1910017632",2.75857779688869,1.48904752731323,11401,3,"meta_highrescanopyheight_orthophoto",0.5,"orthophoto_50cm_2025","Ostlandet"
"NINFP2210101393",2.08403388143546,0.402570188045502,4474,2,"meta_highrescanopyheight_orthophoto",0.5,"orthophoto_50cm_2025","Ostlandet"
"NINFP1810042155",1.70938631385833,0.296988546848297,22115,1,"meta_highrescanopyheight_orthophoto",0.5,"orthophoto_50cm_2025","Ostlandet"
"NINFP2110023776",0.0275971382972065,0.0104030491784215,2753,1,"meta_highrescanopyheight_orthophoto",0.5,"orthophoto_50cm_2025","Ostlandet"
"NINFP2010011838",0.309923060467784,0.022967703640461,8951,1,"meta_highrescanopyheight_orthophoto",0.5,"orthophoto_50cm_2025","Ostlandet"
"NINFP2010012440",0.595723875978605,0.0180492252111435,39857,4,"meta_highrescanopyheight_orthophoto",0.5,"orthophoto_50cm_2025","Ostlandet"
"NINFP2510188150",0.274479457531538,0.0151527198031545,9276,2,"meta_highrescanopyheight_orthophoto",0.5,"orthophoto_50cm_2025","Ostlandet"
"NINFP1910041862",0.0412559312578181,0.0105006508529186,10298,3,"meta_highrescanopyheight_orthophoto",0.5,"orthophoto_50cm_2025","Ostlandet"
"NINFP1810015313",1.60569679686372,0.0250147804617882,12569,2,"meta_highrescanopyheight_orthophoto",0.5,"orthophoto_50cm_2025","Ostlandet"
"NINFP2010002117",6.87023330715095,7.28346872329712,833,1,"meta_highrescanopyheight_orthophoto",0.5,"orthophoto_50cm_2025","Ostlandet"
"NINFP2010039964",5.73053780729474,5.3556489944458,19118,4,"meta_highrescanopyheight_orthophoto",0.5,"orthophoto_50cm_2025","Ostlandet"
"NINFP2510196184",0.579944966830449,0.0148730054497719,11941,2,"meta_highrescanopyheight_orthophoto",0.5,"orthophoto_50cm_2025","Ostlandet"
"NINFP2010034740",0.0188532080216299,0.0100950477644801,71266,5,"meta_highrescanopyheight_orthophoto",0.5,"orthophoto_50cm_2025","Ostlandet"
"NINFP1810015309",2.26011512222235,0.930659770965576,35401,4,"meta_highrescanopyheight_orthophoto",0.5,"orthophoto_50cm_2025","Ostlandet"
"NINFP1910030305",4.19615137090593,4.19824123382568,33581,3,"meta_highrescanopyheight_orthophoto",0.5,"orthophoto_50cm_2025","Ostlandet"
"NINFP1810017644",2.79612495283654,1.511838555336,6609,3,"meta_highrescanopyheight_orthophoto",0.5,"orthophoto_50cm_2025","Ostlandet"
"NINFP1810008282",12.1810138431622,12.2908630371094,31251,4,"meta_highrescanopyheight_orthophoto",0.5,"orthophoto_50cm_2025","Ostlandet"
"NINFP1810030050",2.97823742016517,2.45781469345093,15726,5,"meta_highrescanopyheight_orthophoto",0.5,"orthophoto_50cm_2025","Ostlandet"
"NINFP2110029258",3.00050327357864,2.59398603439331,7475,2,"meta_highrescanopyheight_orthophoto",0.5,"orthophoto_50cm_2025","Ostlandet"
"NINFP2010039189",6.6070225314558,6.73098492622375,8070,2,"meta_highrescanopyheight_orthophoto",0.5,"orthophoto_50cm_2025","Ostlandet"
"NINFP1810018705",7.06858560572158,7.67754101753235,9060,2,"meta_highrescanopyheight_orthophoto",0.5,"orthophoto_50cm_2025","Ostlandet"
"NINFP1910051250",1.09312285712955,0.0247166510671377,41318,4,"meta_highrescanopyheight_orthophoto",0.5,"orthophoto_50cm_2025","Ostlandet"
"NINFP2310137080",3.8864290694913,3.88372659683228,15761,2,"meta_highrescanopyheight_orthophoto",0.5,"orthophoto_50cm_2025","Ostlandet"
"NINFP1810011264",5.55093172053682,5.5411114692688,11080,2,"meta_highrescanopyheight_orthophoto",0.5,"orthophoto_50cm_2025","Ostlandet"
"NINFP1810014183",4.59740146593451,3.86832129955292,17884,4,"meta_highrescanopyheight_orthophoto",0.5,"orthophoto_50cm_2025","Ostlandet"
"NINFP2410174592",2.68091557980719,0.560107290744781,294691,17,"meta_highrescanopyheight_orthophoto",0.5,"orthophoto_50cm_2025","Ostlandet"
"NINFP2010002163",2.0508146497215,0.0118739688768983,5678,2,"meta_highrescanopyheight_orthophoto",0.5,"orthophoto_50cm_2025","Ostlandet"
"NINFP1810028287",2.65231369100364,0.33971244096756,72898,6,"meta_highrescanopyheight_orthophoto",0.5,"orthophoto_50cm_2025","Ostlandet"
"NINFP2410184158",3.86759656690313,2.494788646698,104307,7,"meta_highrescanopyheight_orthophoto",0.5,"orthophoto_50cm_2025","Ostlandet"
"NINFP2310129783",5.23402870606384,5.40402173995972,32867,5,"meta_highrescanopyheight_orthophoto",0.5,"orthophoto_50cm_2025","Ostlandet"
"NINFP1910019610",0.811384692433529,0.0622447691857815,10272,2,"meta_highrescanopyheight_orthophoto",0.5,"orthophoto_50cm_2025","Ostlandet"
"NINFP1810015338",0.759385296597313,0.257465526461601,78,1,"meta_highrescanopyheight_orthophoto",0.5,"orthophoto_50cm_2025","Ostlandet"
"NINFP2310136053",5.62842649805983,5.8176703453064,53167,6,"meta_highrescanopyheight_orthophoto",0.5,"orthophoto_50cm_2025","Ostlandet"
"NINFP2410179868",7.86431752518208,7.84488272666931,108204,9,"meta_highrescanopyheight_orthophoto",0.5,"orthophoto_50cm_2025","Ostlandet"
"NINFP1810024146",0.114365346569087,0.0105131305754185,136671,8,"meta_highrescanopyheight_orthophoto",0.5,"orthophoto_50cm_2025","Ostlandet"
"NINFP2310137465",4.34918046477251,4.401522397995,16360,4,"meta_highrescanopyheight_orthophoto",0.5,"orthophoto_50cm_2025","Ostlandet"
"NINFP1810027735",5.25099081063394,5.10317087173462,28083,4,"meta_highrescanopyheight_orthophoto",0.5,"orthophoto_50cm_2025","Ostlandet"
"NINFP2410180396",6.0082604157009,5.99935483932495,33205,5,"meta_highrescanopyheight_orthophoto",0.5,"orthophoto_50cm_2025","Ostlandet"
"NINFP2410164186",0.44264252188859,0.0333531275391579,4403,2,"meta_highrescanopyheight_orthophoto",0.5,"orthophoto_50cm_2025","Ostlandet"
"NINFP2210100255",5.54985455150346,5.15876531600952,7572,2,"meta_highrescanopyheight_orthophoto",0.5,"orthophoto_50cm_2025","Ostlandet"
"NINFP1810010073",10.0829923982268,10.2385258674622,6810,2,"meta_highrescanopyheight_orthophoto",0.5,"orthophoto_50cm_2025","Ostlandet"
"NINFP1910002077",0.505954858165202,0.0165199171751738,14069,2,"meta_highrescanopyheight_orthophoto",0.5,"orthophoto_50cm_2025","Ostlandet"
"NINFP2010010648",9.36269058569123,9.89767551422119,4797,2,"meta_highrescanopyheight_orthophoto",0.5,"orthophoto_50cm_2025","Ostlandet"
"NINFP1810040900",4.05067349829078,2.3930948972702,16608,4,"meta_highrescanopyheight_orthophoto",0.5,"orthophoto_50cm_2025","Ostlandet"
"NINFP1810023148",5.12219442159511,5.24613046646118,5168,1,"meta_highrescanopyheight_orthophoto",0.5,"orthophoto_50cm_2025","Ostlandet"
"NINFP1810010071",9.11976930171155,9.45385265350342,49139,6,"meta_highrescanopyheight_orthophoto",0.5,"orthophoto_50cm_2025","Ostlandet"
"NINFP2010037008",0.0627687644175999,0.0102053862065077,20796,7,"meta_highrescanopyheight_orthophoto",0.5,"orthophoto_50cm_2025","Ostlandet"
"NINFP1810027079",5.68737608513717,5.23582744598389,18946,3,"meta_highrescanopyheight_orthophoto",0.5,"orthophoto_50cm_2025","Ostlandet"
"NINFP2310144582",2.14108540450692,1.0216047167778,6970,3,"meta_highrescanopyheight_orthophoto",0.5,"orthophoto_50cm_2025","Ostlandet"
"NINFP2510204381",0.464278093628029,0.0166453905403614,23689,3,"meta_highrescanopyheight_orthophoto",0.5,"orthophoto_50cm_2025","Ostlandet"
"NINFP2210103998",5.81046999782866,6.22989702224731,10667,4,"meta_highrescanopyheight_orthophoto",0.5,"orthophoto_50cm_2025","Ostlandet"
"NINFP2510188511",7.28744681551203,7.49911308288574,13050,3,"meta_highrescanopyheight_orthophoto",0.5,"orthophoto_50cm_2025","Ostlandet"
"NINFP2410150543",0.20823228394388,0.0107467565685511,142772,9,"meta_highrescanopyheight_orthophoto",0.5,"orthophoto_50cm_2025","Ostlandet"
"NINFP1810042585",5.95061854863628,6.00728750228882,15046,2,"meta_highrescanopyheight_orthophoto",0.5,"orthophoto_50cm_2025","Ostlandet"
"NINFP2010053756",1.20296028573261,0.0974396765232086,25668,3,"meta_highrescanopyheight_orthophoto",0.5,"orthophoto_50cm_2025","Ostlandet"
"NINFP2010030694",6.27483765481043,5.9963173866272,14125,3,"meta_highrescanopyheight_orthophoto",0.5,"orthophoto_50cm_2025","Ostlandet"
"NINFP2010034289",5.38964811347142,4.93999481201172,6601,2,"meta_highrescanopyheight_orthophoto",0.5,"orthophoto_50cm_2025","Ostlandet"
"NINFP2110013880",2.1668570307558,0.0165814403444529,6957,2,"meta_highrescanopyheight_orthophoto",0.5,"orthophoto_50cm_2025","Ostlandet"
"NINFP1910033110",0.0543531640476997,0.0104082757607102,62338,7,"meta_highrescanopyheight_orthophoto",0.5,"orthophoto_50cm_2025","Ostlandet"
"NINFP1810031762",11.4382211785183,11.5240154266357,8081,2,"meta_highrescanopyheight_orthophoto",0.5,"orthophoto_50cm_2025","Ostlandet"
"NINFP2410156189",0.488391388568037,0.0219206726178527,40756,6,"meta_highrescanopyheight_orthophoto",0.5,"orthophoto_50cm_2025","Ostlandet"
"NINFP2210103959",3.33921313164127,2.77468729019165,13017,3,"meta_highrescanopyheight_orthophoto",0.5,"orthophoto_50cm_2025","Ostlandet"
"NINFP1810039157",4.53651605771156,4.48014712333679,25370,4,"meta_highrescanopyheight_orthophoto",0.5,"orthophoto_50cm_2025","Ostlandet"
"NINFP1810026088",1.33619177045781,0.214135199785233,57652,6,"meta_highrescanopyheight_orthophoto",0.5,"orthophoto_50cm_2025","Ostlandet"
"NINFP2410157053",0.640944402849177,0.0110770296305418,5999,2,"meta_highrescanopyheight_orthophoto",0.5,"orthophoto_50cm_2025","Ostlandet"
"NINFP2410171397",5.49615996622745,4.33290505409241,10682,1,"meta_highrescanopyheight_orthophoto",0.5,"orthophoto_50cm_2025","Ostlandet"
"NINFP2410178347",3.03640818805729,2.72153568267822,89889,6,"meta_highrescanopyheight_orthophoto",0.5,"orthophoto_50cm_2025","Ostlandet"
"NINFP1810034848",2.0048370273124,0.714501440525055,17526,1,"meta_highrescanopyheight_orthophoto",0.5,"orthophoto_50cm_2025","Ostlandet"
"NINFP1910032338",3.75122135828724,2.70198309421539,4658,1,"meta_highrescanopyheight_orthophoto",0.5,"orthophoto_50cm_2025","Ostlandet"
"NINFP2410161683",2.27704287546554,0.0645107328891754,6587,4,"meta_highrescanopyheight_orthophoto",0.5,"orthophoto_50cm_2025","Ostlandet"
"NINFP1810037438",4.97472053684322,5.24065065383911,87499,8,"meta_highrescanopyheight_orthophoto",0.5,"orthophoto_50cm_2025","Ostlandet"
"NINFP1910038438",5.50590777174429,5.5642421245575,5936,2,"meta_highrescanopyheight_orthophoto",0.5,"orthophoto_50cm_2025","Ostlandet"
"NINFP1810012336",4.82479049746141,4.72833275794983,6836,2,"meta_highrescanopyheight_orthophoto",0.5,"orthophoto_50cm_2025","Ostlandet"
"NINFP2210107622",4.62437769196032,4.10319352149963,24314,4,"meta_highrescanopyheight_orthophoto",0.5,"orthophoto_50cm_2025","Ostlandet"
"NINFP1810027077",3.2558733632451,1.86007511615753,66271,4,"meta_highrescanopyheight_orthophoto",0.5,"orthophoto_50cm_2025","Ostlandet"
"NINFP2410169614",2.61345156723529,1.12996929883957,17662,4,"meta_highrescanopyheight_orthophoto",0.5,"orthophoto_50cm_2025","Ostlandet"
"NINFP1810021865",8.84388840768507,9.16576862335205,2196,1,"meta_highrescanopyheight_orthophoto",0.5,"orthophoto_50cm_2025","Ostlandet"
"NINFP2010025879",0.0143537314145855,0.0100339986383915,117094,8,"meta_highrescanopyheight_orthophoto",0.5,"orthophoto_50cm_2025","Ostlandet"
"NINFP2110057624",0.63730533536541,0.065951019525528,35793,6,"meta_highrescanopyheight_orthophoto",0.5,"orthophoto_50cm_2025","Ostlandet"
"NINFP2110014342",1.61532624855453,0.0194396246224642,2525,2,"meta_highrescanopyheight_orthophoto",0.5,"orthophoto_50cm_2025","Ostlandet"
"NINFP2310136132",3.07534348479878,1.12872457504272,71099,5,"meta_highrescanopyheight_orthophoto",0.5,"orthophoto_50cm_2025","Ostlandet"
"NINFP2410174590",2.42541047556008,0.412159562110901,29083,3,"meta_highrescanopyheight_orthophoto",0.5,"orthophoto_50cm_2025","Ostlandet"
"NINFP2010012188",0.234878252642468,0.0446601621806622,78,2,"meta_highrescanopyheight_orthophoto",0.5,"orthophoto_50cm_2025","Ostlandet"
"NINFP1810042998",8.04228263388328,8.53976631164551,35006,2,"meta_highrescanopyheight_orthophoto",0.5,"orthophoto_50cm_2025","Ostlandet"
"NINFP1910026424",5.00088610585784,4.77702879905701,2802,2,"meta_highrescanopyheight_orthophoto",0.5,"orthophoto_50cm_2025","Ostlandet"
"NINFP2010034016",1.37250224462063,0.237101539969444,29735,2,"meta_highrescanopyheight_orthophoto",0.5,"orthophoto_50cm_2025","Ostlandet"
"NINFP1810022121",2.50157323715805,1.64227914810181,9041,3,"meta_highrescanopyheight_orthophoto",0.5,"orthophoto_50cm_2025","Ostlandet"
"NINFP2310129777",3.8418885756494,3.09317123889923,28442,4,"meta_highrescanopyheight_orthophoto",0.5,"orthophoto_50cm_2025","Ostlandet"
"NINFP2010006023",2.5480434388405,0.795655161142349,5414,2,"meta_highrescanopyheight_orthophoto",0.5,"orthophoto_50cm_2025","Ostlandet"
"NINFP2110067562",1.02571591642788,0.0104009434580803,48441,6,"meta_highrescanopyheight_orthophoto",0.5,"orthophoto_50cm_2025","Ostlandet"
"NINFP1810023737",4.24438590201111,3.55353605747223,14906,2,"meta_highrescanopyheight_orthophoto",0.5,"orthophoto_50cm_2025","Ostlandet"
"NINFP1810034526",0.366332733147734,0.014685595408082,12711,5,"meta_highrescanopyheight_orthophoto",0.5,"orthophoto_50cm_2025","Ostlandet"
"NINFP1810023925",2.7940555364777,2.20456719398499,7811,2,"meta_highrescanopyheight_orthophoto",0.5,"orthophoto_50cm_2025","Ostlandet"
"NINFP2010002557",0.0120326388757175,0.0107091944664717,42463,4,"meta_highrescanopyheight_orthophoto",0.5,"orthophoto_50cm_2025","Ostlandet"
"NINFP2210085658",2.31524501439496,1.32471293210983,4682,3,"meta_highrescanopyheight_orthophoto",0.5,"orthophoto_50cm_2025","Ostlandet"
"NINFP2510196622",1.04791202248819,0.067001610994339,70667,5,"meta_highrescanopyheight_orthophoto",0.5,"orthophoto_50cm_2025","Ostlandet"
"NINFP2010023828",0.581771773158918,0.0182553175836802,8373,2,"meta_highrescanopyheight_orthophoto",0.5,"orthophoto_50cm_2025","Ostlandet"
"NINFP2410169632",2.64455345624212,1.27945518493652,14593,4,"meta_highrescanopyheight_orthophoto",0.5,"orthophoto_50cm_2025","Ostlandet"
"NINFP2410162832",0.596711928660867,0.0208417549729347,18980,4,"meta_highrescanopyheight_orthophoto",0.5,"orthophoto_50cm_2025","Ostlandet"
"NINFP2410163991",3.24179939314121,1.24697351455688,17507,2,"meta_highrescanopyheight_orthophoto",0.5,"orthophoto_50cm_2025","Ostlandet"
"NINFP2110048281",0.713857572603744,0.0439695715904236,71123,10,"meta_highrescanopyheight_orthophoto",0.5,"orthophoto_50cm_2025","Ostlandet"
"NINFP1810030082",2.3507275683971,0.465112045407295,20688,2,"meta_highrescanopyheight_orthophoto",0.5,"orthophoto_50cm_2025","Ostlandet"
"NINFP2110022320",3.62807083848363,2.58897948265076,5936,4,"meta_highrescanopyheight_orthophoto",0.5,"orthophoto_50cm_2025","Ostlandet"
"NINFP2110018545",1.34962692880804,0.158692985773087,18851,4,"meta_highrescanopyheight_orthophoto",0.5,"orthophoto_50cm_2025","Ostlandet"
"NINFP2510196159",0.0329698678558961,0.0103280385956168,58566,4,"meta_highrescanopyheight_orthophoto",0.5,"orthophoto_50cm_2025","Ostlandet"
"NINFP2210110863",5.8837809229336,5.89013862609863,19433,2,"meta_highrescanopyheight_orthophoto",0.5,"orthophoto_50cm_2025","Ostlandet"
"NINFP2210111563",0.154919671402675,0.0215517431497574,12459,4,"meta_highrescanopyheight_orthophoto",0.5,"orthophoto_50cm_2025","Ostlandet"
"NINFP2510190930",7.13741524162809,8.17189884185791,6864,2,"meta_highrescanopyheight_orthophoto",0.5,"orthophoto_50cm_2025","Ostlandet"
"NINFP2510201249",0.0101560328266486,0.0101272286847234,2355,2,"meta_highrescanopyheight_orthophoto",0.5,"orthophoto_50cm_2025","Ostlandet"
"NINFP2110014840",1.15851138798688,0.0212444849312305,11317,3,"meta_highrescanopyheight_orthophoto",0.5,"orthophoto_50cm_2025","Ostlandet"
"NINFP2410164187",0.402604212341073,0.030292084440589,4169,2,"meta_highrescanopyheight_orthophoto",0.5,"orthophoto_50cm_2025","Ostlandet"
"NINFP2410164161",0.150160795074159,0.010249309707433,16130,3,"meta_highrescanopyheight_orthophoto",0.5,"orthophoto_50cm_2025","Ostlandet"
"NINFP1810006656",1.64594942975748,0.250336706638336,13699,4,"meta_highrescanopyheight_orthophoto",0.5,"orthophoto_50cm_2025","Ostlandet"
"NINFP1810031899",3.22084674630767,1.8727098107338,4154,2,"meta_highrescanopyheight_orthophoto",0.5,"orthophoto_50cm_2025","Ostlandet"
"NINFP2510190556",4.42034665215487,3.33935260772705,12933,2,"meta_highrescanopyheight_orthophoto",0.5,"orthophoto_50cm_2025","Ostlandet"
"NINFP1910035865",0.942874806937947,0.0390284098684788,12311,1,"meta_highrescanopyheight_orthophoto",0.5,"orthophoto_50cm_2025","Ostlandet"
"NINFP2510191858",4.25086368656918,3.92381882667542,4205,4,"meta_highrescanopyheight_orthophoto",0.5,"orthophoto_50cm_2025","Ostlandet"
"NINFP2410172233",3.72106813389691,2.97198641300201,17186,3,"meta_highrescanopyheight_orthophoto",0.5,"orthophoto_50cm_2025","Ostlandet"
"NINFP2110048879",5.38697392486038,5.67820453643799,11053,2,"meta_highrescanopyheight_orthophoto",0.5,"orthophoto_50cm_2025","Ostlandet"
"NINFP2110049121",3.19599412648848,2.09206771850586,12415,3,"meta_highrescanopyheight_orthophoto",0.5,"orthophoto_50cm_2025","Ostlandet"
"NINFP2210107869",4.79801527717353,1.27336144447327,6753,1,"meta_highrescanopyheight_orthophoto",0.5,"orthophoto_50cm_2025","Ostlandet"
"NINFP1810042896",9.47898503001399,9.81330585479736,60903,5,"meta_highrescanopyheight_orthophoto",0.5,"orthophoto_50cm_2025","Ostlandet"
"NINFP2510185152",4.70650125319785,5.44889831542969,2375,1,"meta_highrescanopyheight_orthophoto",0.5,"orthophoto_50cm_2025","Ostlandet"
"NINFP1910007441",5.18917762478542,4.97720980644226,4042,2,"meta_highrescanopyheight_orthophoto",0.5,"orthophoto_50cm_2025","Ostlandet"
"NINFP1910059161",1.84846845620171,0.414222463965416,13740,4,"meta_highrescanopyheight_orthophoto",0.5,"orthophoto_50cm_2025","Ostlandet"
"NINFP1810036223",4.22300868778729,3.57827496528625,113390,8,"meta_highrescanopyheight_orthophoto",0.5,"orthophoto_50cm_2025","Ostlandet"
"NINFP1810032260",3.23279372746919,1.94467759132385,4379,1,"meta_highrescanopyheight_orthophoto",0.5,"orthophoto_50cm_2025","Ostlandet"
"NINFP1910018631",9.31789264168846,9.67666053771973,48629,5,"meta_highrescanopyheight_orthophoto",0.5,"orthophoto_50cm_2025","Ostlandet"
"NINFP1810028298",1.4975228145331,0.128094621002674,88316,7,"meta_highrescanopyheight_orthophoto",0.5,"orthophoto_50cm_2025","Ostlandet"
"NINFP2310136054",5.66597997793685,5.58580446243286,69439,7,"meta_highrescanopyheight_orthophoto",0.5,"orthophoto_50cm_2025","Ostlandet"
"NINFP2510218798",2.83754351349434,0.760824918746948,23121,3,"meta_highrescanopyheight_orthophoto",0.5,"orthophoto_50cm_2025","Ostlandet"
"NINFP2410184201",1.20027756781506,0.130764454603195,108049,7,"meta_highrescanopyheight_orthophoto",0.5,"orthophoto_50cm_2025","Ostlandet"
"NINFP2510215915",0.873123877298251,0.0533020831644535,40595,4,"meta_highrescanopyheight_orthophoto",0.5,"orthophoto_50cm_2025","Ostlandet"
"NINFP1810010505",1.95853708651624,0.266146317124367,5786,1,"meta_highrescanopyheight_orthophoto",0.5,"orthophoto_50cm_2025","Ostlandet"
"NINFP2110017089",2.88162556806664,2.16900539398193,10451,2,"meta_highrescanopyheight_orthophoto",0.5,"orthophoto_50cm_2025","Ostlandet"
"NINFP1910034073",1.68134340748272,0.496478632092476,76806,8,"meta_highrescanopyheight_orthophoto",0.5,"orthophoto_50cm_2025","Ostlandet"
"NINFP1810038819",3.87207033254518,3.94972658157349,4989,2,"meta_highrescanopyheight_orthophoto",0.5,"orthophoto_50cm_2025","Ostlandet"
"NINFP1910053396",6.78061236447946,7.62029004096985,15958,3,"meta_highrescanopyheight_orthophoto",0.5,"orthophoto_50cm_2025","Ostlandet"
"NINFP2110019097",0.113445364159295,0.0102531523443758,536148,22,"meta_highrescanopyheight_orthophoto",0.5,"orthophoto_50cm_2025","Ostlandet"
"NINFP1810041136",5.27711430027417,4.64291620254517,14231,4,"meta_highrescanopyheight_orthophoto",0.5,"orthophoto_50cm_2025","Ostlandet"
"NINFP2110014477",0.113606783344656,0.0104270437732339,75098,7,"meta_highrescanopyheight_orthophoto",0.5,"orthophoto_50cm_2025","Ostlandet"
"NINFP1910061454",0.184447539659165,0.0102210957556963,109868,8,"meta_highrescanopyheight_orthophoto",0.5,"orthophoto_50cm_2025","Ostlandet"
"NINFP2010009520",6.3372523074787,7.45350909233093,510,1,"meta_highrescanopyheight_orthophoto",0.5,"orthophoto_50cm_2025","Ostlandet"
"NINFP1810039699",3.80654063009519,3.51057016849518,108712,8,"meta_highrescanopyheight_orthophoto",0.5,"orthophoto_50cm_2025","Ostlandet"
"NINFP1810009040",7.67996313525813,8.45677661895752,25118,4,"meta_highrescanopyheight_orthophoto",0.5,"orthophoto_50cm_2025","Ostlandet"
"NINFP2310130108",4.3355109387731,3.7228319644928,10260,2,"meta_highrescanopyheight_orthophoto",0.5,"orthophoto_50cm_2025","Ostlandet"
"NINFP2410179737",5.29824535573959,4.6068639755249,7422,2,"meta_highrescanopyheight_orthophoto",0.5,"orthophoto_50cm_2025","Ostlandet"
"NINFP1810010399",1.92869645214498,0.554746925830841,4997,2,"meta_highrescanopyheight_orthophoto",0.5,"orthophoto_50cm_2025","Ostlandet"
"NINFP1810003137",4.77966997738216,4.75870227813721,109355,5,"meta_highrescanopyheight_orthophoto",0.5,"orthophoto_50cm_2025","Ostlandet"
"NINFP2410162839",0.0104718858406929,0.010440141428262,4296,2,"meta_highrescanopyheight_orthophoto",0.5,"orthophoto_50cm_2025","Ostlandet"
"NINFP1810027374",0.255079547379927,0.0123076452873647,73020,7,"meta_highrescanopyheight_orthophoto",0.5,"orthophoto_50cm_2025","Ostlandet"
"NINFP1810038639",0.649218980138199,0.0113851763308048,10111,4,"meta_highrescanopyheight_orthophoto",0.5,"orthophoto_50cm_2025","Ostlandet"
"NINFP2310140979",1.47601910004066,0.130846753716469,12258,2,"meta_highrescanopyheight_orthophoto",0.5,"orthophoto_50cm_2025","Ostlandet"
"NINFP2510184381",2.17209498074819,0.791219234466553,6927,2,"meta_highrescanopyheight_orthophoto",0.5,"orthophoto_50cm_2025","Ostlandet"
"NINFP1910034722",0.336048606940655,0.0108555252663791,45146,3,"meta_highrescanopyheight_orthophoto",0.5,"orthophoto_50cm_2025","Ostlandet"
"NINFP2010011480",0.753026617970171,0.0577960126101971,2548,6,"meta_highrescanopyheight_orthophoto",0.5,"orthophoto_50cm_2025","Ostlandet"
"NINFP1810045737",3.65032669218265,2.82192027568817,420488,18,"meta_highrescanopyheight_orthophoto",0.5,"orthophoto_50cm_2025","Ostlandet"
"NINFP2410173370",3.81432129985846,1.85033696889877,12434,2,"meta_highrescanopyheight_orthophoto",0.5,"orthophoto_50cm_2025","Ostlandet"
"NINFP1810015394",1.49248548977496,0.395323440432549,64064,4,"meta_highrescanopyheight_orthophoto",0.5,"orthophoto_50cm_2025","Ostlandet"
"NINFP2210095893",3.27325398193089,2.6222231388092,8035,3,"meta_highrescanopyheight_orthophoto",0.5,"orthophoto_50cm_2025","Ostlandet"
"NINFP2410177156",0.489114574748926,0.0223865397274494,184703,6,"meta_highrescanopyheight_orthophoto",0.5,"orthophoto_50cm_2025","Ostlandet"
"NINFP2110017949",2.67018049849848,1.59132552146912,8247,4,"meta_highrescanopyheight_orthophoto",0.5,"orthophoto_50cm_2025","Ostlandet"
"NINFP2310139993",2.39222511318502,1.12006616592407,73082,6,"meta_highrescanopyheight_orthophoto",0.5,"orthophoto_50cm_2025","Ostlandet"
"NINFP2110011744",7.03946831449537,7.22794604301453,6786,1,"meta_highrescanopyheight_orthophoto",0.5,"orthophoto_50cm_2025","Ostlandet"
"NINFP1810013163",3.59122854904442,1.43087577819824,2269,1,"meta_highrescanopyheight_orthophoto",0.5,"orthophoto_50cm_2025","Ostlandet"
"NINFP1810011953",3.62051822156461,3.39766120910645,48107,5,"meta_highrescanopyheight_orthophoto",0.5,"orthophoto_50cm_2025","Ostlandet"
"NINFP2210107291",1.72754891049922,0.470489144325256,19574,4,"meta_highrescanopyheight_orthophoto",0.5,"orthophoto_50cm_2025","Ostlandet"
"NINFP2210102600",3.88254057687182,3.58926200866699,54943,5,"meta_highrescanopyheight_orthophoto",0.5,"orthophoto_50cm_2025","Ostlandet"
"NINFP1810018518",3.39842971224196,3.13073992729187,12451,2,"meta_highrescanopyheight_orthophoto",0.5,"orthophoto_50cm_2025","Ostlandet"
"NINFP1810043218",4.72307587787509,4.93140864372253,80,1,"meta_highrescanopyheight_orthophoto",0.5,"orthophoto_50cm_2025","Ostlandet"
"NINFP2310131020",0.0104154671588959,0.010043628513813,9051,1,"meta_highrescanopyheight_orthophoto",0.5,"orthophoto_50cm_2025","Ostlandet"
"NINFP1910021559",2.958447850927,1.97826564311981,39321,3,"meta_highrescanopyheight_orthophoto",0.5,"orthophoto_50cm_2025","Ostlandet"
"NINFP1810029093",0.143859240065543,0.0103849256411195,575101,23,"meta_highrescanopyheight_orthophoto",0.5,"orthophoto_50cm_2025","Ostlandet"
"NINFP1910042276",0.671011627223851,0.0766852721571922,5204,1,"meta_highrescanopyheight_orthophoto",0.5,"orthophoto_50cm_2025","Ostlandet"
"NINFP2110061424",5.70451838368991,5.37010431289673,4589,3,"meta_highrescanopyheight_orthophoto",0.5,"orthophoto_50cm_2025","Ostlandet"
"NINFP1910022569",0.0647201244648398,0.0106964334845543,59153,4,"meta_highrescanopyheight_orthophoto",0.5,"orthophoto_50cm_2025","Ostlandet"
"NINFP1810010090",9.70244211490727,9.11615467071533,5185,2,"meta_highrescanopyheight_orthophoto",0.5,"orthophoto_50cm_2025","Ostlandet"
"NINFP2210107865",1.03678505455437,0.0184180308133364,15762,4,"meta_highrescanopyheight_orthophoto",0.5,"orthophoto_50cm_2025","Ostlandet"
"NINFP1810038816",0.174210692175027,0.0105337952263653,19946,2,"meta_highrescanopyheight_orthophoto",0.5,"orthophoto_50cm_2025","Ostlandet"
"NINFP1810011780",1.76830806152005,0.50938892364502,50858,4,"meta_highrescanopyheight_orthophoto",0.5,"orthophoto_50cm_2025","Ostlandet"
"NINFP2310136505",5.89421607189606,6.14239978790283,92479,8,"meta_highrescanopyheight_orthophoto",0.5,"orthophoto_50cm_2025","Ostlandet"
"NINFP2210084937",3.65102495667432,2.56006145477295,11864,1,"meta_highrescanopyheight_orthophoto",0.5,"orthophoto_50cm_2025","Ostlandet"
"NINFP2310128634",1.3246324895184,0.116919856518507,5050,2,"meta_highrescanopyheight_orthophoto",0.5,"orthophoto_50cm_2025","Ostlandet"
"NINFP2110019099",0.881508644984959,0.0313351470977068,24864,3,"meta_highrescanopyheight_orthophoto",0.5,"orthophoto_50cm_2025","Ostlandet"
"NINFP1810038218",1.71757858015393,0.119734525680542,10077,2,"meta_highrescanopyheight_orthophoto",0.5,"orthophoto_50cm_2025","Ostlandet"
"NINFP2210101267",7.21584049357971,7.86206269264221,26814,3,"meta_highrescanopyheight_orthophoto",0.5,"orthophoto_50cm_2025","Ostlandet"
"NINFP2010005604",7.29120756105811,7.56862807273865,12606,2,"meta_highrescanopyheight_orthophoto",0.5,"orthophoto_50cm_2025","Ostlandet"
"NINFP2510184263",0.0284130005168101,0.010314492508769,4299,2,"meta_highrescanopyheight_orthophoto",0.5,"orthophoto_50cm_2025","Ostlandet"
"NINFP2310142840",0.0255207213522096,0.0105987661518157,8390,2,"meta_highrescanopyheight_orthophoto",0.5,"orthophoto_50cm_2025","Ostlandet"
"NINFP1910022712",0.572391287282858,0.0110105480998755,46959,4,"meta_highrescanopyheight_orthophoto",0.5,"orthophoto_50cm_2025","Ostlandet"
"NINFP2010055072",2.68387367392635,1.4788875579834,5723,2,"meta_highrescanopyheight_orthophoto",0.5,"orthophoto_50cm_2025","Ostlandet"
"NINFP2010030210",0.0103546743829031,0.0100281909108162,44881,7,"meta_highrescanopyheight_orthophoto",0.5,"orthophoto_50cm_2025","Ostlandet"
"NINFP1810029132",0.0247275265331851,0.0102235153317451,951285,36,"meta_highrescanopyheight_orthophoto",0.5,"orthophoto_50cm_2025","Ostlandet"
"NINFP1810044667",6.04537809872075,6.45264863967896,4028,2,"meta_highrescanopyheight_orthophoto",0.5,"orthophoto_50cm_2025","Ostlandet"
"NINFP2510191790",0.0303312072242999,0.0103639806620777,41454,4,"meta_highrescanopyheight_orthophoto",0.5,"orthophoto_50cm_2025","Ostlandet"
"NINFP2210101345",2.19683018940301,0.988616228103638,12418,3,"meta_highrescanopyheight_orthophoto",0.5,"orthophoto_50cm_2025","Ostlandet"
"NINFP1810027049",3.99902267580072,2.54689574241638,16653,4,"meta_highrescanopyheight_orthophoto",0.5,"orthophoto_50cm_2025","Ostlandet"
"NINFP2510211759",9.11940630242501,9.52095651626587,4262,1,"meta_highrescanopyheight_orthophoto",0.5,"orthophoto_50cm_2025","Ostlandet"
"NINFP2110030299",0.253147858459802,0.0241610314697027,106749,8,"meta_highrescanopyheight_orthophoto",0.5,"orthophoto_50cm_2025","Ostlandet"
"NINFP2510215222",4.69564275374489,3.87956237792969,4423,2,"meta_highrescanopyheight_orthophoto",0.5,"orthophoto_50cm_2025","Ostlandet"
"NINFP2210101198",1.89393332316854,0.348062515258789,10530,4,"meta_highrescanopyheight_orthophoto",0.5,"orthophoto_50cm_2025","Ostlandet"
"NINFP1810025882",6.12357460054351,5.70177268981934,81,1,"meta_highrescanopyheight_orthophoto",0.5,"orthophoto_50cm_2025","Ostlandet"
"NINFP2010008262",0.731991583832266,0.0934423059225082,15893,4,"meta_highrescanopyheight_orthophoto",0.5,"orthophoto_50cm_2025","Ostlandet"
"NINFP2510211473",0.599183242992511,0.0116577195003629,84244,11,"meta_highrescanopyheight_orthophoto",0.5,"orthophoto_50cm_2025","Ostlandet"
"NINFP1810027043",3.65143771550024,3.12699115276337,119898,7,"meta_highrescanopyheight_orthophoto",0.5,"orthophoto_50cm_2025","Ostlandet"
"NINFP2510215473",4.29851608567703,3.70785665512085,15881,4,"meta_highrescanopyheight_orthophoto",0.5,"orthophoto_50cm_2025","Ostlandet"
"NINFP2410173232",6.00355171838088,6.29074764251709,27390,4,"meta_highrescanopyheight_orthophoto",0.5,"orthophoto_50cm_2025","Ostlandet"
"NINFP2410154513",6.65314586362649,6.82231950759888,6449,1,"meta_highrescanopyheight_orthophoto",0.5,"orthophoto_50cm_2025","Ostlandet"
"NINFP2210103880",5.03427576010726,4.53175163269043,90625,6,"meta_highrescanopyheight_orthophoto",0.5,"orthophoto_50cm_2025","Ostlandet"
"NINFP2310126668",1.76450414335156,0.533186674118042,13319,2,"meta_highrescanopyheight_orthophoto",0.5,"orthophoto_50cm_2025","Ostlandet"
"NINFP1910025604",5.01784722963496,4.98680686950684,4481,2,"meta_highrescanopyheight_orthophoto",0.5,"orthophoto_50cm_2025","Ostlandet"
"NINFP2210095519",0.140577749417232,0.0101922401227057,22060,3,"meta_highrescanopyheight_orthophoto",0.5,"orthophoto_50cm_2025","Ostlandet"
"NINFP1910038443",5.32972606611754,3.79365158081055,6151,2,"meta_highrescanopyheight_orthophoto",0.5,"orthophoto_50cm_2025","Ostlandet"
"NINFP1910025428",0.559978871564322,0.0139488214626908,11162,2,"meta_highrescanopyheight_orthophoto",0.5,"orthophoto_50cm_2025","Ostlandet"
"NINFP2110020684",4.02729485664354,3.24750232696533,7709,1,"meta_highrescanopyheight_orthophoto",0.5,"orthophoto_50cm_2025","Ostlandet"
"NINFP2110015976",2.30641804331087,0.383939683437347,7468,3,"meta_highrescanopyheight_orthophoto",0.5,"orthophoto_50cm_2025","Ostlandet"
"NINFP2110013610",2.70839363389141,1.33325719833374,8157,3,"meta_highrescanopyheight_orthophoto",0.5,"orthophoto_50cm_2025","Ostlandet"
"NINFP1910012017",9.40895204427766,9.73939323425293,82,1,"meta_highrescanopyheight_orthophoto",0.5,"orthophoto_50cm_2025","Ostlandet"
"NINFP1810024479",2.62448012451482,1.77209621667862,21874,4,"meta_highrescanopyheight_orthophoto",0.5,"orthophoto_50cm_2025","Ostlandet"
"NINFP1810037441",9.09928761270566,9.73880958557129,9799,1,"meta_highrescanopyheight_orthophoto",0.5,"orthophoto_50cm_2025","Ostlandet"
"NINFP1810029663",4.95258106387837,3.90437126159668,43555,6,"meta_highrescanopyheight_orthophoto",0.5,"orthophoto_50cm_2025","Ostlandet"
"NINFP2310140398",0.361260155528807,0.0264696814119816,9041,2,"meta_highrescanopyheight_orthophoto",0.5,"orthophoto_50cm_2025","Ostlandet"
"NINFP1810041461",7.20763660767639,8.07648468017578,4419,2,"meta_highrescanopyheight_orthophoto",0.5,"orthophoto_50cm_2025","Ostlandet"
"NINFP1810023532",0.0878288909285881,0.010476560331881,129403,7,"meta_highrescanopyheight_orthophoto",0.5,"orthophoto_50cm_2025","Ostlandet"
"NINFP2510190312",1.04377895330212,0.0376618914306164,467217,14,"meta_highrescanopyheight_orthophoto",0.5,"orthophoto_50cm_2025","Ostlandet"
"NINFP2310138130",0.0795412245796678,0.0104434764944017,53546,5,"meta_highrescanopyheight_orthophoto",0.5,"orthophoto_50cm_2025","Ostlandet"
"NINFP1810016461",4.89713202408533,4.59508442878723,23428,2,"meta_highrescanopyheight_orthophoto",0.5,"orthophoto_50cm_2025","Ostlandet"
"NINFP1910015820",5.50358046446701,5.33532309532166,10738,1,"meta_highrescanopyheight_orthophoto",0.5,"orthophoto_50cm_2025","Ostlandet"
"NINFP1810037382",6.61863203738497,6.76182079315186,12509,2,"meta_highrescanopyheight_orthophoto",0.5,"orthophoto_50cm_2025","Ostlandet"
"NINFP1810029101",0.23648576458853,0.0106650036759675,294748,12,"meta_highrescanopyheight_orthophoto",0.5,"orthophoto_50cm_2025","Ostlandet"
"NINFP1810010688",8.26210142564705,8.28365755081177,5336,2,"meta_highrescanopyheight_orthophoto",0.5,"orthophoto_50cm_2025","Ostlandet"
"NINFP1810042385",7.59025997503861,7.80768322944641,10562,2,"meta_highrescanopyheight_orthophoto",0.5,"orthophoto_50cm_2025","Ostlandet"
"NINFP2010012134",4.28346640944376,4.2835865020752,6252,2,"meta_highrescanopyheight_orthophoto",0.5,"orthophoto_50cm_2025","Ostlandet"
"NINFP2310144501",6.48790358865708,6.68562173843384,31753,3,"meta_highrescanopyheight_orthophoto",0.5,"orthophoto_50cm_2025","Ostlandet"
"NINFP1810029129",0.31038698484818,0.019408019259572,51070,5,"meta_highrescanopyheight_orthophoto",0.5,"orthophoto_50cm_2025","Ostlandet"
"NINFP1910033649",0.83623701273117,0.0246669165790081,7159,3,"meta_highrescanopyheight_orthophoto",0.5,"orthophoto_50cm_2025","Ostlandet"
"NINFP1910045849",0.0224921608942975,0.0100833149626851,20412,4,"meta_highrescanopyheight_orthophoto",0.5,"orthophoto_50cm_2025","Ostlandet"
"NINFP2110024537",0.799900127849013,0.0916518345475197,2906285,70,"meta_highrescanopyheight_orthophoto",0.5,"orthophoto_50cm_2025","Ostlandet"
"NINFP2410163897",2.38343034280916,0.518329918384552,8808,1,"meta_highrescanopyheight_orthophoto",0.5,"orthophoto_50cm_2025","Ostlandet"
"NINFP1810012736",3.0133890477101,1.47144818305969,16871,3,"meta_highrescanopyheight_orthophoto",0.5,"orthophoto_50cm_2025","Ostlandet"
"NINFP2310142841",0.0621377398640775,0.0100651108659804,14976,4,"meta_highrescanopyheight_orthophoto",0.5,"orthophoto_50cm_2025","Ostlandet"
"NINFP2010012799",1.76531185212899,0.513178467750549,8431,2,"meta_highrescanopyheight_orthophoto",0.5,"orthophoto_50cm_2025","Ostlandet"
"NINFP2510193883",0.0168901342632515,0.0102399615570903,10164,4,"meta_highrescanopyheight_orthophoto",0.5,"orthophoto_50cm_2025","Ostlandet"
"NINFP2110049185",3.68452223618085,1.95965766906738,4129,1,"meta_highrescanopyheight_orthophoto",0.5,"orthophoto_50cm_2025","Ostlandet"
"NINFP2010049339",0.0967385730563386,0.0103863626718521,16119,4,"meta_highrescanopyheight_orthophoto",0.5,"orthophoto_50cm_2025","Ostlandet"
"NINFP2210095638",0.88306662359944,0.141187787055969,20724,4,"meta_highrescanopyheight_orthophoto",0.5,"orthophoto_50cm_2025","Ostlandet"
"NINFP2010039997",1.08362088946287,0.0903399847447872,82596,8,"meta_highrescanopyheight_orthophoto",0.5,"orthophoto_50cm_2025","Ostlandet"
"NINFP2210095381",2.35857294460969,0.972570925951004,8680,2,"meta_highrescanopyheight_orthophoto",0.5,"orthophoto_50cm_2025","Ostlandet"
"NINFP2210111046",5.15314743772113,5.31046056747437,8260,3,"meta_highrescanopyheight_orthophoto",0.5,"orthophoto_50cm_2025","Ostlandet"
"NINFP2210092985",0.011698917626573,0.0101260151714087,17297,2,"meta_highrescanopyheight_orthophoto",0.5,"orthophoto_50cm_2025","Ostlandet"
"NINFP1810017609",3.93528061419384,1.12289583683014,5868,3,"meta_highrescanopyheight_orthophoto",0.5,"orthophoto_50cm_2025","Ostlandet"
"NINFP1810022193",1.78321132289671,0.455894976854324,102464,9,"meta_highrescanopyheight_orthophoto",0.5,"orthophoto_50cm_2025","Ostlandet"
"NINFP2010028336",0.0127175472457525,0.010207015555352,18658,4,"meta_highrescanopyheight_orthophoto",0.5,"orthophoto_50cm_2025","Ostlandet"
"NINFP1910045231",5.46078551869362,5.71152901649475,578,2,"meta_highrescanopyheight_orthophoto",0.5,"orthophoto_50cm_2025","Ostlandet"
"NINFP1910049820",4.68051491163887,4.89243412017822,2799,1,"meta_highrescanopyheight_orthophoto",0.5,"orthophoto_50cm_2025","Ostlandet"
"NINFP2510202627",0.0147142837994542,0.0100563634186983,51574,4,"meta_highrescanopyheight_orthophoto",0.5,"orthophoto_50cm_2025","Ostlandet"
"NINFP2110060605",4.48508329160215,4.57999897003174,8819,1,"meta_highrescanopyheight_orthophoto",0.5,"orthophoto_50cm_2025","Ostlandet"
"NINFP2010005650",2.48592661661056,1.56465697288513,15655,4,"meta_highrescanopyheight_orthophoto",0.5,"orthophoto_50cm_2025","Ostlandet"
"NINFP2010004261",3.44112314022505,2.86813485622406,6376,3,"meta_highrescanopyheight_orthophoto",0.5,"orthophoto_50cm_2025","Ostlandet"
"NINFP1910019634",0.0848523198453711,0.0103353792801499,48393,4,"meta_highrescanopyheight_orthophoto",0.5,"orthophoto_50cm_2025","Ostlandet"
"NINFP2310126670",0.683284902113365,0.0273973187431693,10836,3,"meta_highrescanopyheight_orthophoto",0.5,"orthophoto_50cm_2025","Ostlandet"
"NINFP2310130869",4.12825223273621,2.07017493247986,11913,4,"meta_highrescanopyheight_orthophoto",0.5,"orthophoto_50cm_2025","Ostlandet"
"NINFP2110011160",0.292063448427146,0.0454913880676031,20394,4,"meta_highrescanopyheight_orthophoto",0.5,"orthophoto_50cm_2025","Ostlandet"
"NINFP1910018046",0.208803943392915,0.0116924922913313,3450,2,"meta_highrescanopyheight_orthophoto",0.5,"orthophoto_50cm_2025","Ostlandet"
"NINFP2410149794",1.62066929272896,0.391548156738281,5549,2,"meta_highrescanopyheight_orthophoto",0.5,"orthophoto_50cm_2025","Ostlandet"
"NINFP2510195706",5.32818712029833,4.50011539459229,17201,4,"meta_highrescanopyheight_orthophoto",0.5,"orthophoto_50cm_2025","Ostlandet"
"NINFP2410169174",4.28819480614579,4.31577301025391,14811,2,"meta_highrescanopyheight_orthophoto",0.5,"orthophoto_50cm_2025","Ostlandet"
"NINFP2210085373",0.102959410613683,0.0104357656091452,115943,7,"meta_highrescanopyheight_orthophoto",0.5,"orthophoto_50cm_2025","Ostlandet"
"NINFP2210103981",0.0127377464406961,0.0111577743664384,6255,2,"meta_highrescanopyheight_orthophoto",0.5,"orthophoto_50cm_2025","Ostlandet"
"NINFP2210094877",0.699420067968716,0.0234747771173716,7609,2,"meta_highrescanopyheight_orthophoto",0.5,"orthophoto_50cm_2025","Ostlandet"
"NINFP1910014766",7.36914076413526,7.23993062973022,6536,1,"meta_highrescanopyheight_orthophoto",0.5,"orthophoto_50cm_2025","Ostlandet"
"NINFP2010028781",0.0152991913619397,0.0100307520478964,54339,5,"meta_highrescanopyheight_orthophoto",0.5,"orthophoto_50cm_2025","Ostlandet"
"NINFP1810022502",4.39702245532728,3.56045603752136,252947,19,"meta_highrescanopyheight_orthophoto",0.5,"orthophoto_50cm_2025","Ostlandet"
"NINFP1810028012",3.61954601061958,1.65030467510223,19226,5,"meta_highrescanopyheight_orthophoto",0.5,"orthophoto_50cm_2025","Ostlandet"
"NINFP1810028065",0.0737819606261933,0.0104001862928271,2370952,95,"meta_highrescanopyheight_orthophoto",0.5,"orthophoto_50cm_2025","Ostlandet"
"NINFP2310131171",2.49386995766821,0.422090366482735,39924,4,"meta_highrescanopyheight_orthophoto",0.5,"orthophoto_50cm_2025","Ostlandet"
"NINFP2410177632",4.60132282295772,3.39223110675812,103154,13,"meta_highrescanopyheight_orthophoto",0.5,"orthophoto_50cm_2025","Ostlandet"
"NINFP1810041897",5.13165931036601,5.58140230178833,6137,2,"meta_highrescanopyheight_orthophoto",0.5,"orthophoto_50cm_2025","Ostlandet"
"NINFP2210084089",6.98687671217373,7.03034782409668,6972,1,"meta_highrescanopyheight_orthophoto",0.5,"orthophoto_50cm_2025","Ostlandet"
"NINFP1810042612",0.564895392683449,0.039346607401967,22690,3,"meta_highrescanopyheight_orthophoto",0.5,"orthophoto_50cm_2025","Ostlandet"
"NINFP1910042334",3.75850750585406,2.68521797657013,30626,6,"meta_highrescanopyheight_orthophoto",0.5,"orthophoto_50cm_2025","Ostlandet"
"NINFP2110019089",0.837596019524577,0.0170850660651922,53532,5,"meta_highrescanopyheight_orthophoto",0.5,"orthophoto_50cm_2025","Ostlandet"
"NINFP2110048878",9.61149976063785,10.1230664253235,12854,2,"meta_highrescanopyheight_orthophoto",0.5,"orthophoto_50cm_2025","Ostlandet"
"NINFP2210100790",3.71224535120506,3.49932217597961,9119,3,"meta_highrescanopyheight_orthophoto",0.5,"orthophoto_50cm_2025","Ostlandet"
"NINFP2410164099",0.414238711741024,0.0177027266472578,7973,2,"meta_highrescanopyheight_orthophoto",0.5,"orthophoto_50cm_2025","Ostlandet"
"NINFP2110062300",4.14721391971896,2.99523401260376,51295,9,"meta_highrescanopyheight_orthophoto",0.5,"orthophoto_50cm_2025","Ostlandet"
"NINFP1910019448",2.75909097635322,0.922822654247284,7807,4,"meta_highrescanopyheight_orthophoto",0.5,"orthophoto_50cm_2025","Ostlandet"
"NINFP1810036963",5.77256361801663,6.04166984558105,105579,6,"meta_highrescanopyheight_orthophoto",0.5,"orthophoto_50cm_2025","Ostlandet"
"NINFP2510191602",2.07077163859177,1.64466512203217,2725,2,"meta_highrescanopyheight_orthophoto",0.5,"orthophoto_50cm_2025","Ostlandet"
"NINFP1810023784",2.05856048301798,0.359619677066803,42472,6,"meta_highrescanopyheight_orthophoto",0.5,"orthophoto_50cm_2025","Ostlandet"
"NINFP2510207119",4.05116715462485,3.92556762695312,34907,4,"meta_highrescanopyheight_orthophoto",0.5,"orthophoto_50cm_2025","Ostlandet"
"NINFP1810015057",6.70267322222753,7.30724096298218,6247,2,"meta_highrescanopyheight_orthophoto",0.5,"orthophoto_50cm_2025","Ostlandet"
"NINFP2110071054",0.572513690016302,0.0109804444946349,21164,3,"meta_highrescanopyheight_orthophoto",0.5,"orthophoto_50cm_2025","Ostlandet"
"NINFP2210103963",4.52118698705906,4.10566759109497,10088,2,"meta_highrescanopyheight_orthophoto",0.5,"orthophoto_50cm_2025","Ostlandet"
"NINFP2410184200",0.707746557711192,0.0334497019648552,668125,36,"meta_highrescanopyheight_orthophoto",0.5,"orthophoto_50cm_2025","Ostlandet"
"NINFP1910019513",3.46007656232772,2.88052225112915,62011,6,"meta_highrescanopyheight_orthophoto",0.5,"orthophoto_50cm_2025","Ostlandet"
"NINFP2110060050",0.279969010072118,0.0244466364383698,10663,2,"meta_highrescanopyheight_orthophoto",0.5,"orthophoto_50cm_2025","Ostlandet"
"NINFP1910035620",4.43660824800345,4.18947625160217,5610,3,"meta_highrescanopyheight_orthophoto",0.5,"orthophoto_50cm_2025","Ostlandet"
"NINFP2110030310",0.1296024054183,0.0103497058153152,11419,1,"meta_highrescanopyheight_orthophoto",0.5,"orthophoto_50cm_2025","Ostlandet"
"NINFP2410179075",4.54417544530992,4.44404077529907,12547,3,"meta_highrescanopyheight_orthophoto",0.5,"orthophoto_50cm_2025","Ostlandet"
"NINFP1910015816",3.82335395151945,2.34447598457336,6368,1,"meta_highrescanopyheight_orthophoto",0.5,"orthophoto_50cm_2025","Ostlandet"
"NINFP2110065541",4.26257362880376,4.28731966018677,6926,2,"meta_highrescanopyheight_orthophoto",0.5,"orthophoto_50cm_2025","Ostlandet"
"NINFP2210100321",3.81627421768766,3.56013286113739,17570,2,"meta_highrescanopyheight_orthophoto",0.5,"orthophoto_50cm_2025","Ostlandet"
"NINFP1810041692",1.10129005849995,0.0150414216332138,136980,9,"meta_highrescanopyheight_orthophoto",0.5,"orthophoto_50cm_2025","Ostlandet"
"NINFP2010009299",0.169875204585729,0.0168369188904762,172017,8,"meta_highrescanopyheight_orthophoto",0.5,"orthophoto_50cm_2025","Ostlandet"
"NINFP2010036101",1.70044883762902,0.482479065656662,7879,4,"meta_highrescanopyheight_orthophoto",0.5,"orthophoto_50cm_2025","Ostlandet"
"NINFP1810023114",5.8220397939749,6.20744657516479,16171,2,"meta_highrescanopyheight_orthophoto",0.5,"orthophoto_50cm_2025","Ostlandet"
"NINFP1810031255",4.87375044049539,4.86935472488403,13922,4,"meta_highrescanopyheight_orthophoto",0.5,"orthophoto_50cm_2025","Ostlandet"
"NINFP1810001610",6.40883944144933,6.02942276000977,42014,2,"meta_highrescanopyheight_orthophoto",0.5,"orthophoto_50cm_2025","Ostlandet"
"NINFP1810028952",0.0727088091168636,0.0104106711223722,268182,12,"meta_highrescanopyheight_orthophoto",0.5,"orthophoto_50cm_2025","Ostlandet"
"NINFP2310142962",9.76618471675216,10.5909748077393,2769,1,"meta_highrescanopyheight_orthophoto",0.5,"orthophoto_50cm_2025","Ostlandet"
"NINFP2010004030",3.80878213222796,0.978636801242828,9281,2,"meta_highrescanopyheight_orthophoto",0.5,"orthophoto_50cm_2025","Ostlandet"
"NINFP2110064096",0.452945167223193,0.0466390363872051,19225,4,"meta_highrescanopyheight_orthophoto",0.5,"orthophoto_50cm_2025","Ostlandet"
"NINFP1910034597",1.60318606411771,0.308478906750679,297556,20,"meta_highrescanopyheight_orthophoto",0.5,"orthophoto_50cm_2025","Ostlandet"
"NINFP2010025205",0.445314026276966,0.0176106374710798,19341,4,"meta_highrescanopyheight_orthophoto",0.5,"orthophoto_50cm_2025","Ostlandet"
"NINFP2110049083",0.193931168494039,0.0132845495827496,142636,8,"meta_highrescanopyheight_orthophoto",0.5,"orthophoto_50cm_2025","Ostlandet"
"NINFP1810022191",2.40533294438237,1.80264484882355,11611,3,"meta_highrescanopyheight_orthophoto",0.5,"orthophoto_50cm_2025","Ostlandet"
"NINFP1810013955",0.0740223482428355,0.0105603896081448,69791,7,"meta_highrescanopyheight_orthophoto",0.5,"orthophoto_50cm_2025","Ostlandet"
"NINFP2510194697",0.558865196930839,0.0114246015436947,8234,1,"meta_highrescanopyheight_orthophoto",0.5,"orthophoto_50cm_2025","Ostlandet"
"NINFP1810028086",6.07990558438106,5.18047714233398,19153,5,"meta_highrescanopyheight_orthophoto",0.5,"orthophoto_50cm_2025","Ostlandet"
"NINFP2410174435",1.57853262553919,0.227888472378254,200744,9,"meta_highrescanopyheight_orthophoto",0.5,"orthophoto_50cm_2025","Ostlandet"
"NINFP1810042302",1.87369108106941,0.770745992660522,8327,2,"meta_highrescanopyheight_orthophoto",0.5,"orthophoto_50cm_2025","Ostlandet"
"NINFP2010024783",0.118362330387517,0.0101732267066836,104344,6,"meta_highrescanopyheight_orthophoto",0.5,"orthophoto_50cm_2025","Ostlandet"
"NINFP2110058614",0.447771825893834,0.0208945292979479,33692,3,"meta_highrescanopyheight_orthophoto",0.5,"orthophoto_50cm_2025","Ostlandet"
"NINFP2510214410",2.59416070491863,1.06184029579163,11721,2,"meta_highrescanopyheight_orthophoto",0.5,"orthophoto_50cm_2025","Ostlandet"
"NINFP2510219242",0.0343311434233207,0.0101892584934831,17806,3,"meta_highrescanopyheight_orthophoto",0.5,"orthophoto_50cm_2025","Ostlandet"
"NINFP2410180563",5.52749900868979,5.39852666854858,28655,3,"meta_highrescanopyheight_orthophoto",0.5,"orthophoto_50cm_2025","Ostlandet"
"NINFP1910017860",4.66449722566293,4.18989300727844,13164,2,"meta_highrescanopyheight_orthophoto",0.5,"orthophoto_50cm_2025","Ostlandet"
"NINFP2010007903",6.29303893021418,6.87568354606628,22408,3,"meta_highrescanopyheight_orthophoto",0.5,"orthophoto_50cm_2025","Ostlandet"
"NINFP2110018055",0.106616344874998,0.0399032980203629,1763,1,"meta_highrescanopyheight_orthophoto",0.5,"orthophoto_50cm_2025","Ostlandet"
"NINFP2310122129",0.688904906997107,0.0944027230143547,62449,4,"meta_highrescanopyheight_orthophoto",0.5,"orthophoto_50cm_2025","Ostlandet"
"NINFP2110072332",3.33511210159745,2.63868856430054,21771,2,"meta_highrescanopyheight_orthophoto",0.5,"orthophoto_50cm_2025","Ostlandet"
"NINFP2210081290",5.08146917602793,5.21428060531616,13187,3,"meta_highrescanopyheight_orthophoto",0.5,"orthophoto_50cm_2025","Ostlandet"
"NINFP2310140387",0.283653028126666,0.0120457825250924,16936,3,"meta_highrescanopyheight_orthophoto",0.5,"orthophoto_50cm_2025","Ostlandet"
"NINFP1810041690",3.37632268981465,1.73189294338226,10947,4,"meta_highrescanopyheight_orthophoto",0.5,"orthophoto_50cm_2025","Ostlandet"
"NINFP1810026091",2.14760683649676,0.796931743621826,13625,4,"meta_highrescanopyheight_orthophoto",0.5,"orthophoto_50cm_2025","Ostlandet"
"NINFP2510200380",3.26652611846835,1.75201100111008,4576,2,"meta_highrescanopyheight_orthophoto",0.5,"orthophoto_50cm_2025","Ostlandet"
"NINFP1810033377",3.76173375590755,2.36408019065857,42045,5,"meta_highrescanopyheight_orthophoto",0.5,"orthophoto_50cm_2025","Ostlandet"
"NINFP2010004909",0.0217936235110706,0.0102896504104137,11898,4,"meta_highrescanopyheight_orthophoto",0.5,"orthophoto_50cm_2025","Ostlandet"
"NINFP2110015729",4.38866821643843,4.22973489761353,7639,3,"meta_highrescanopyheight_orthophoto",0.5,"orthophoto_50cm_2025","Ostlandet"
"NINFP1910014286",7.88428234240779,8.2220606803894,14328,4,"meta_highrescanopyheight_orthophoto",0.5,"orthophoto_50cm_2025","Ostlandet"
"NINFP2110063387",0.456382744081494,0.0567680075764656,27331,3,"meta_highrescanopyheight_orthophoto",0.5,"orthophoto_50cm_2025","Ostlandet"
"NINFP2510196642",7.91436228789841,8.60766315460205,25427,2,"meta_highrescanopyheight_orthophoto",0.5,"orthophoto_50cm_2025","Ostlandet"
"NINFP2010038923",5.75250834704542,6.31793069839478,4356,2,"meta_highrescanopyheight_orthophoto",0.5,"orthophoto_50cm_2025","Ostlandet"
"NINFP2010007750",7.0679814790076,7.82572507858276,20550,3,"meta_highrescanopyheight_orthophoto",0.5,"orthophoto_50cm_2025","Ostlandet"
"NINFP2010034836",0.0335782082897987,0.0101385824382305,24650,3,"meta_highrescanopyheight_orthophoto",0.5,"orthophoto_50cm_2025","Ostlandet"
"NINFP2110042700",2.03553615267222,0.703044921159744,53966,5,"meta_highrescanopyheight_orthophoto",0.5,"orthophoto_50cm_2025","Ostlandet"
"NINFP2410161328",5.77406350788626,5.51231646537781,6996,2,"meta_highrescanopyheight_orthophoto",0.5,"orthophoto_50cm_2025","Ostlandet"
"NINFP1910024147",0.280107464810939,0.0104116471484303,15073,3,"meta_highrescanopyheight_orthophoto",0.5,"orthophoto_50cm_2025","Ostlandet"
"NINFP2310127229",1.63488472124818,0.06307228282094,27624,9,"meta_highrescanopyheight_orthophoto",0.5,"orthophoto_50cm_2025","Ostlandet"
"NINFP1810031960",1.23055458617693,0.0216342993080616,43278,3,"meta_highrescanopyheight_orthophoto",0.5,"orthophoto_50cm_2025","Ostlandet"
"NINFP1810017888",1.5637111266441,0.182178854942322,15027,3,"meta_highrescanopyheight_orthophoto",0.5,"orthophoto_50cm_2025","Ostlandet"
"NINFP1910017598",4.24760176304107,4.28618097305298,8605,3,"meta_highrescanopyheight_orthophoto",0.5,"orthophoto_50cm_2025","Ostlandet"
"NINFP1810045740",3.56685345884746,1.98382496833801,81445,10,"meta_highrescanopyheight_orthophoto",0.5,"orthophoto_50cm_2025","Ostlandet"
"NINFP2410175451",7.31517659467178,7.79725933074951,13915,2,"meta_highrescanopyheight_orthophoto",0.5,"orthophoto_50cm_2025","Ostlandet"
"NINFP2510211352",1.49047109612168,0.225492715835571,42475,4,"meta_highrescanopyheight_orthophoto",0.5,"orthophoto_50cm_2025","Ostlandet"
"NINFP1910038444",6.57626630264583,6.8979606628418,27171,4,"meta_highrescanopyheight_orthophoto",0.5,"orthophoto_50cm_2025","Ostlandet"
"NINFP1910017803",1.52846617388136,0.566165149211884,4501,1,"meta_highrescanopyheight_orthophoto",0.5,"orthophoto_50cm_2025","Ostlandet"
"NINFP1810035715",2.92455413585277,1.94136095046997,45021,4,"meta_highrescanopyheight_orthophoto",0.5,"orthophoto_50cm_2025","Ostlandet"
"NINFP2410174508",8.24106200407956,8.82700824737549,1223,2,"meta_highrescanopyheight_orthophoto",0.5,"orthophoto_50cm_2025","Ostlandet"
"NINFP2110052673",3.88796473960234,3.50095891952515,29642,3,"meta_highrescanopyheight_orthophoto",0.5,"orthophoto_50cm_2025","Ostlandet"
"NINFP1810024671",5.48291754688334,5.95032024383545,11183,2,"meta_highrescanopyheight_orthophoto",0.5,"orthophoto_50cm_2025","Ostlandet"
"NINFP2410150279",9.36608455054838,9.49463987350464,8628,2,"meta_highrescanopyheight_orthophoto",0.5,"orthophoto_50cm_2025","Ostlandet"
"NINFP1810040519",2.52314729959529,1.39464199542999,23557,3,"meta_highrescanopyheight_orthophoto",0.5,"orthophoto_50cm_2025","Ostlandet"
"NINFP2510191089",0.531095253116894,0.0105249648913741,20227,3,"meta_highrescanopyheight_orthophoto",0.5,"orthophoto_50cm_2025","Ostlandet"
"NINFP2110017983",1.0521663918073,0.14024905860424,6097,1,"meta_highrescanopyheight_orthophoto",0.5,"orthophoto_50cm_2025","Ostlandet"
"NINFP2110011779",5.83407969771013,6.04672694206238,10952,2,"meta_highrescanopyheight_orthophoto",0.5,"orthophoto_50cm_2025","Ostlandet"
"NINFP2210100527",4.63973779324053,4.62990164756775,9568,2,"meta_highrescanopyheight_orthophoto",0.5,"orthophoto_50cm_2025","Ostlandet"
"NINFP2410177311",1.5863659924775,0.43994402885437,334739,11,"meta_highrescanopyheight_orthophoto",0.5,"orthophoto_50cm_2025","Ostlandet"
"NINFP1810025469",0.0405213896148438,0.0109354024752975,7507,2,"meta_highrescanopyheight_orthophoto",0.5,"orthophoto_50cm_2025","Ostlandet"
"NINFP2210107878",0.0912402142509341,0.0106420759111643,3433,2,"meta_highrescanopyheight_orthophoto",0.5,"orthophoto_50cm_2025","Ostlandet"
"NINFP2310126578",0.75630428576416,0.191115081310272,8899,3,"meta_highrescanopyheight_orthophoto",0.5,"orthophoto_50cm_2025","Ostlandet"
"NINFP2410158849",3.64565410416225,1.47774946689606,8023,3,"meta_highrescanopyheight_orthophoto",0.5,"orthophoto_50cm_2025","Ostlandet"
"NINFP2010034352",1.30057560461018,0.178371973335743,2180,2,"meta_highrescanopyheight_orthophoto",0.5,"orthophoto_50cm_2025","Ostlandet"
"NINFP2210084888",6.39487673037129,5.61824440956116,4254,2,"meta_highrescanopyheight_orthophoto",0.5,"orthophoto_50cm_2025","Ostlandet"
"NINFP2310128703",3.01712799892048,2.03072810173035,18310,2,"meta_highrescanopyheight_orthophoto",0.5,"orthophoto_50cm_2025","Ostlandet"
"NINFP2210082420",3.46294513469342,1.82279479503632,31593,5,"meta_highrescanopyheight_orthophoto",0.5,"orthophoto_50cm_2025","Ostlandet"
"NINFP2110067556",1.36170897982622,0.0106905065476894,38663,5,"meta_highrescanopyheight_orthophoto",0.5,"orthophoto_50cm_2025","Ostlandet"
"NINFP2210079181",5.80167480842956,5.93328332901001,15482,4,"meta_highrescanopyheight_orthophoto",0.5,"orthophoto_50cm_2025","Ostlandet"
"NINFP2210107111",2.35203793779619,0.263063758611679,45939,6,"meta_highrescanopyheight_orthophoto",0.5,"orthophoto_50cm_2025","Ostlandet"
"NINFP2010020022",0.672806885059303,0.0301817692816257,3191,2,"meta_highrescanopyheight_orthophoto",0.5,"orthophoto_50cm_2025","Ostlandet"
"NINFP2410164339",2.99283374417741,1.45815622806549,26690,3,"meta_highrescanopyheight_orthophoto",0.5,"orthophoto_50cm_2025","Ostlandet"
"NINFP2510184295",0.0100293649591105,0.0100293327122927,1543,1,"meta_highrescanopyheight_orthophoto",0.5,"orthophoto_50cm_2025","Ostlandet"
"NINFP2210098658",2.95585882913016,2.10489141941071,19992,3,"meta_highrescanopyheight_orthophoto",0.5,"orthophoto_50cm_2025","Ostlandet"
"NINFP2110042896",9.91498700877628,10.691967010498,15139,3,"meta_highrescanopyheight_orthophoto",0.5,"orthophoto_50cm_2025","Ostlandet"
"NINFP2010049340",0.112930861835573,0.0106304935179651,48716,3,"meta_highrescanopyheight_orthophoto",0.5,"orthophoto_50cm_2025","Ostlandet"
"NINFP1810028336",1.47722056383176,0.0969374850392342,81131,7,"meta_highrescanopyheight_orthophoto",0.5,"orthophoto_50cm_2025","Ostlandet"
"NINFP2010047546",0.0336170478862007,0.0103008500300348,34416,5,"meta_highrescanopyheight_orthophoto",0.5,"orthophoto_50cm_2025","Ostlandet"
"NINFP2010049601",3.53051308297641,3.00267803668976,8036,2,"meta_highrescanopyheight_orthophoto",0.5,"orthophoto_50cm_2025","Ostlandet"
"NINFP2210075470",4.76217825422634,4.94044828414917,6754,1,"meta_highrescanopyheight_orthophoto",0.5,"orthophoto_50cm_2025","Ostlandet"
"NINFP2410164301",0.220211247150234,0.0107815470546484,70823,8,"meta_highrescanopyheight_orthophoto",0.5,"orthophoto_50cm_2025","Ostlandet"
"NINFP1810022036",4.07580780619538,4.03087568283081,5437,4,"meta_highrescanopyheight_orthophoto",0.5,"orthophoto_50cm_2025","Ostlandet"
"NINFP2310128676",3.70892010808217,3.50970077514648,14515,2,"meta_highrescanopyheight_orthophoto",0.5,"orthophoto_50cm_2025","Ostlandet"
"NINFP2010032604",4.76752823707739,3.83788585662842,6913,3,"meta_highrescanopyheight_orthophoto",0.5,"orthophoto_50cm_2025","Ostlandet"
"NINFP2210076463",5.85330408545842,6.29251837730408,4088,1,"meta_highrescanopyheight_orthophoto",0.5,"orthophoto_50cm_2025","Ostlandet"
"NINFP2010042718",0.0118217565637588,0.0103088784962893,3935,1,"meta_highrescanopyheight_orthophoto",0.5,"orthophoto_50cm_2025","Ostlandet"
"NINFP1810029907",5.25669400321656,5.19048118591309,22638,2,"meta_highrescanopyheight_orthophoto",0.5,"orthophoto_50cm_2025","Ostlandet"
"NINFP2410168567",1.41606203650983,0.374955952167511,7890,2,"meta_highrescanopyheight_orthophoto",0.5,"orthophoto_50cm_2025","Ostlandet"
"NINFP2510184306",0.0268876401857207,0.0100607117637992,3360,2,"meta_highrescanopyheight_orthophoto",0.5,"orthophoto_50cm_2025","Ostlandet"
"NINFP2310136812",5.26184035769689,5.25304317474365,472371,23,"meta_highrescanopyheight_orthophoto",0.5,"orthophoto_50cm_2025","Ostlandet"
"NINFP2210095889",0.805999928340593,0.0764504298567772,20160,4,"meta_highrescanopyheight_orthophoto",0.5,"orthophoto_50cm_2025","Ostlandet"
"NINFP2010013320",0.0104728921330834,0.0100849950686097,4895,2,"meta_highrescanopyheight_orthophoto",0.5,"orthophoto_50cm_2025","Ostlandet"
"NINFP2010009407",0.329832369263474,0.0136066898703575,59221,5,"meta_highrescanopyheight_orthophoto",0.5,"orthophoto_50cm_2025","Ostlandet"
"NINFP2410183888",1.36175443989042,0.0402372553944588,177946,13,"meta_highrescanopyheight_orthophoto",0.5,"orthophoto_50cm_2025","Ostlandet"
"NINFP2110018119",0.0391665381440138,0.0102745275944471,51634,6,"meta_highrescanopyheight_orthophoto",0.5,"orthophoto_50cm_2025","Ostlandet"
"NINFP2310141316",6.87418909104496,7.48469400405884,10250,2,"meta_highrescanopyheight_orthophoto",0.5,"orthophoto_50cm_2025","Ostlandet"
"NINFP2310130834",0.521821124626344,0.0103769274428487,228303,11,"meta_highrescanopyheight_orthophoto",0.5,"orthophoto_50cm_2025","Ostlandet"
"NINFP1910039242",4.87747205992589,4.64671611785889,18078,4,"meta_highrescanopyheight_orthophoto",0.5,"orthophoto_50cm_2025","Ostlandet"
"NINFP2110071508",0.0130772504683058,0.01152612734586,3712,2,"meta_highrescanopyheight_orthophoto",0.5,"orthophoto_50cm_2025","Ostlandet"
"NINFP2510190701",2.9325909998514,0.54761666059494,10105,5,"meta_highrescanopyheight_orthophoto",0.5,"orthophoto_50cm_2025","Ostlandet"
"NINFP2410161152",3.82934777120074,2.98537242412567,245014,12,"meta_highrescanopyheight_orthophoto",0.5,"orthophoto_50cm_2025","Ostlandet"
"NINFP2010013757",4.95382464073606,3.58246946334839,4630,2,"meta_highrescanopyheight_orthophoto",0.5,"orthophoto_50cm_2025","Ostlandet"
"NINFP2110024374",0.0190686346739096,0.0100716287270188,43507,4,"meta_highrescanopyheight_orthophoto",0.5,"orthophoto_50cm_2025","Ostlandet"
"NINFP1810041085",4.22487174190967,2.5335521697998,10483,2,"meta_highrescanopyheight_orthophoto",0.5,"orthophoto_50cm_2025","Ostlandet"
"NINFP2210098165",1.18357066338441,0.330246403813362,15820,4,"meta_highrescanopyheight_orthophoto",0.5,"orthophoto_50cm_2025","Ostlandet"
"NINFP2410174308",0.337377765007594,0.0143315996974707,9231,2,"meta_highrescanopyheight_orthophoto",0.5,"orthophoto_50cm_2025","Ostlandet"
"NINFP1910031217",0.456984206260123,0.0397188812494278,23275,5,"meta_highrescanopyheight_orthophoto",0.5,"orthophoto_50cm_2025","Ostlandet"
"NINFP1910033645",0.407503908152932,0.0107580702751875,134951,9,"meta_highrescanopyheight_orthophoto",0.5,"orthophoto_50cm_2025","Ostlandet"
"NINFP2510188149",4.91755491423744,3.96533465385437,4069,2,"meta_highrescanopyheight_orthophoto",0.5,"orthophoto_50cm_2025","Ostlandet"
"NINFP2410181746",5.47215294354937,5.73741483688354,6059,2,"meta_highrescanopyheight_orthophoto",0.5,"orthophoto_50cm_2025","Ostlandet"
"NINFP2410169766",3.4422132944714,2.10639500617981,5914,2,"meta_highrescanopyheight_orthophoto",0.5,"orthophoto_50cm_2025","Ostlandet"
"NINFP1810029112",0.118182463673731,0.0103251957334578,584700,23,"meta_highrescanopyheight_orthophoto",0.5,"orthophoto_50cm_2025","Ostlandet"
"NINFP1810030822",1.67876813676612,0.0180026134476066,4326,2,"meta_highrescanopyheight_orthophoto",0.5,"orthophoto_50cm_2025","Ostlandet"
"NINFP1910034365",4.08184035652325,3.70406675338745,21874,5,"meta_highrescanopyheight_orthophoto",0.5,"orthophoto_50cm_2025","Ostlandet"
"NINFP1810035422",2.62986498939254,1.98926556110382,18059,2,"meta_highrescanopyheight_orthophoto",0.5,"orthophoto_50cm_2025","Ostlandet"
"NINFP2410176189",4.62126917094235,3.63258337974548,12442,2,"meta_highrescanopyheight_orthophoto",0.5,"orthophoto_50cm_2025","Ostlandet"
"NINFP2410174593",3.75918598673665,2.2578456401825,17192,3,"meta_highrescanopyheight_orthophoto",0.5,"orthophoto_50cm_2025","Ostlandet"
"NINFP2310143316",0.0444412477828106,0.0103473351337016,74918,6,"meta_highrescanopyheight_orthophoto",0.5,"orthophoto_50cm_2025","Ostlandet"
"NINFP2110064237",3.12563033125417,0.874011158943176,221179,12,"meta_highrescanopyheight_orthophoto",0.5,"orthophoto_50cm_2025","Ostlandet"
"NINFP1810046557",6.69439097428248,6.90055584907532,695614,25,"meta_highrescanopyheight_orthophoto",0.5,"orthophoto_50cm_2025","Ostlandet"
"NINFP2110013422",3.18134108668744,2.10378062725067,58838,6,"meta_highrescanopyheight_orthophoto",0.5,"orthophoto_50cm_2025","Ostlandet"
"NINFP2510208673",3.94845513547912,3.35314011573792,40483,4,"meta_highrescanopyheight_orthophoto",0.5,"orthophoto_50cm_2025","Ostlandet"
"NINFP2010040543",3.72213012407961,2.6875079870224,8056,1,"meta_highrescanopyheight_orthophoto",0.5,"orthophoto_50cm_2025","Ostlandet"
"NINFP1810040705",0.79271793320607,0.0328482128679752,42978,5,"meta_highrescanopyheight_orthophoto",0.5,"orthophoto_50cm_2025","Ostlandet"
"NINFP1810034209",6.07937328448797,5.70674848556519,4217,2,"meta_highrescanopyheight_orthophoto",0.5,"orthophoto_50cm_2025","Ostlandet"
"NINFP2010036457",0.0132299323297137,0.0100587890483439,61758,8,"meta_highrescanopyheight_orthophoto",0.5,"orthophoto_50cm_2025","Ostlandet"
"NINFP2010002091",2.73023739593033,0.0435433238744736,8723,2,"meta_highrescanopyheight_orthophoto",0.5,"orthophoto_50cm_2025","Ostlandet"
"NINFP2110055968",1.24228798715684,0.497594013810158,15220,2,"meta_highrescanopyheight_orthophoto",0.5,"orthophoto_50cm_2025","Ostlandet"
"NINFP2110012539",5.74170540168015,5.66193103790283,10201,2,"meta_highrescanopyheight_orthophoto",0.5,"orthophoto_50cm_2025","Ostlandet"
"NINFP1810024750",6.35594073799714,6.59284162521362,11492,2,"meta_highrescanopyheight_orthophoto",0.5,"orthophoto_50cm_2025","Ostlandet"
"NINFP2410181757",4.55825415042727,3.93413329124451,5154,2,"meta_highrescanopyheight_orthophoto",0.5,"orthophoto_50cm_2025","Ostlandet"
"NINFP2510212763",1.36236935391293,0.0523039866238832,86742,7,"meta_highrescanopyheight_orthophoto",0.5,"orthophoto_50cm_2025","Ostlandet"
"NINFP2010007905",0.665675908976259,0.0157684199512005,33597,3,"meta_highrescanopyheight_orthophoto",0.5,"orthophoto_50cm_2025","Ostlandet"
"NINFP1810011116",1.31509493140038,0.153024889528751,15392,2,"meta_highrescanopyheight_orthophoto",0.5,"orthophoto_50cm_2025","Ostlandet"
"NINFP2010012600",3.74158373866042,3.60852241516113,2475,1,"meta_highrescanopyheight_orthophoto",0.5,"orthophoto_50cm_2025","Ostlandet"
"NINFP1910014217",10.0302257573964,11.4992671012878,4630,1,"meta_highrescanopyheight_orthophoto",0.5,"orthophoto_50cm_2025","Ostlandet"
"NINFP2310121945",1.09350331349107,0.030279896222055,61344,5,"meta_highrescanopyheight_orthophoto",0.5,"orthophoto_50cm_2025","Ostlandet"
"NINFP2010020031",3.42705993804963,1.30530977249146,5023,2,"meta_highrescanopyheight_orthophoto",0.5,"orthophoto_50cm_2025","Ostlandet"
"NINFP1810018537",5.42423409340814,2.13628149032593,67684,9,"meta_highrescanopyheight_orthophoto",0.5,"orthophoto_50cm_2025","Ostlandet"
"NINFP2110056630",0.86762483565415,0.0298366500064731,24112,2,"meta_highrescanopyheight_orthophoto",0.5,"orthophoto_50cm_2025","Ostlandet"
"NINFP1910040946",3.84586395959242,2.95017147064209,60651,3,"meta_highrescanopyheight_orthophoto",0.5,"orthophoto_50cm_2025","Ostlandet"
"NINFP2010006622",3.08922579117007,2.66329979896545,8673,2,"meta_highrescanopyheight_orthophoto",0.5,"orthophoto_50cm_2025","Ostlandet"
"NINFP1810024442",2.02697414656925,0.521714478731155,15344,2,"meta_highrescanopyheight_orthophoto",0.5,"orthophoto_50cm_2025","Ostlandet"
"NINFP2510190481",4.25411816048893,4.12038040161133,40823,5,"meta_highrescanopyheight_orthophoto",0.5,"orthophoto_50cm_2025","Ostlandet"
"NINFP2110059432",1.19853706825835,0.437291413545609,106923,7,"meta_highrescanopyheight_orthophoto",0.5,"orthophoto_50cm_2025","Ostlandet"
"NINFP2110054622",1.69763410930901,0.641935646533966,26718,4,"meta_highrescanopyheight_orthophoto",0.5,"orthophoto_50cm_2025","Ostlandet"
"NINFP2110013426",1.50315840297734,0.28892295062542,21628,3,"meta_highrescanopyheight_orthophoto",0.5,"orthophoto_50cm_2025","Ostlandet"
"NINFP1810017272",3.73618564656151,3.46422517299652,8592,1,"meta_highrescanopyheight_orthophoto",0.5,"orthophoto_50cm_2025","Ostlandet"
"NINFP1810006037",8.24176963679024,8.61953639984131,7877,1,"meta_highrescanopyheight_orthophoto",0.5,"orthophoto_50cm_2025","Ostlandet"
"NINFP2510196249",4.48966950252256,4.68913626670837,8656,4,"meta_highrescanopyheight_orthophoto",0.5,"orthophoto_50cm_2025","Ostlandet"
"NINFP1810043245",0.161943462747149,0.133810542523861,80,1,"meta_highrescanopyheight_orthophoto",0.5,"orthophoto_50cm_2025","Ostlandet"
"NINFP1810048250",2.96955873777155,1.19709634780884,6918,2,"meta_highrescanopyheight_orthophoto",0.5,"orthophoto_50cm_2025","Ostlandet"
"NINFP1910001689",0.708743100661376,0.0110080130398273,36015,6,"meta_highrescanopyheight_orthophoto",0.5,"orthophoto_50cm_2025","Ostlandet"
"NINFP2510206549",8.44105023957054,8.54733276367188,5179,4,"meta_highrescanopyheight_orthophoto",0.5,"orthophoto_50cm_2025","Ostlandet"
"NINFP2210111041",4.07014443152268,4.00488615036011,15059,4,"meta_highrescanopyheight_orthophoto",0.5,"orthophoto_50cm_2025","Ostlandet"
"NINFP1810009045",5.95595737806601,5.93435955047607,11217,3,"meta_highrescanopyheight_orthophoto",0.5,"orthophoto_50cm_2025","Ostlandet"
"NINFP2510190483",0.457929074700283,0.022305941209197,195163,6,"meta_highrescanopyheight_orthophoto",0.5,"orthophoto_50cm_2025","Ostlandet"
"NINFP2510202615",0.0103610600649177,0.0101278331130743,16081,3,"meta_highrescanopyheight_orthophoto",0.5,"orthophoto_50cm_2025","Ostlandet"
"NINFP2010008881",0.212373343811574,0.013330889865756,5421,2,"meta_highrescanopyheight_orthophoto",0.5,"orthophoto_50cm_2025","Ostlandet"
"NINFP2210107619",5.68510407078297,5.21461486816406,8215,2,"meta_highrescanopyheight_orthophoto",0.5,"orthophoto_50cm_2025","Ostlandet"
"NINFP2510184542",9.78929950171191,10.2504296302795,18732,2,"meta_highrescanopyheight_orthophoto",0.5,"orthophoto_50cm_2025","Ostlandet"
"NINFP1810024318",4.80816575006875,4.74711608886719,11135,3,"meta_highrescanopyheight_orthophoto",0.5,"orthophoto_50cm_2025","Ostlandet"
"NINFP2410164343",2.68387695837777,0.762840569019318,13946,3,"meta_highrescanopyheight_orthophoto",0.5,"orthophoto_50cm_2025","Ostlandet"
"NINFP1910040358",0.0395001691551456,0.0103931780904531,80580,17,"meta_highrescanopyheight_orthophoto",0.5,"orthophoto_50cm_2025","Ostlandet"
"NINFP2010052296",3.67981239103894,3.32870674133301,4891,1,"meta_highrescanopyheight_orthophoto",0.5,"orthophoto_50cm_2025","Ostlandet"
"NINFP1910040950",2.35739250536807,1.11090874671936,15223,3,"meta_highrescanopyheight_orthophoto",0.5,"orthophoto_50cm_2025","Ostlandet"
"NINFP1910044428",0.78462342347105,0.0172984637320042,12683,3,"meta_highrescanopyheight_orthophoto",0.5,"orthophoto_50cm_2025","Ostlandet"
"NINFP1810018310",4.32779206841383,4.24582767486572,7288,2,"meta_highrescanopyheight_orthophoto",0.5,"orthophoto_50cm_2025","Ostlandet"
"NINFP2010047527",0.0147896539517106,0.0101228803396225,47708,6,"meta_highrescanopyheight_orthophoto",0.5,"orthophoto_50cm_2025","Ostlandet"
"NINFP1810024478",0.664777135433719,0.0114756817929447,274048,9,"meta_highrescanopyheight_orthophoto",0.5,"orthophoto_50cm_2025","Ostlandet"
"NINFP2110012922",6.11384797193493,6.55361843109131,13283,3,"meta_highrescanopyheight_orthophoto",0.5,"orthophoto_50cm_2025","Ostlandet"
"NINFP1810011771",4.14981846313845,4.01100158691406,17154,4,"meta_highrescanopyheight_orthophoto",0.5,"orthophoto_50cm_2025","Ostlandet"
"NINFP2210087068",0.149253020893945,0.0105583141557872,80844,5,"meta_highrescanopyheight_orthophoto",0.5,"orthophoto_50cm_2025","Ostlandet"
"NINFP1910035302",1.53648680346214,0.11738233268261,14336,4,"meta_highrescanopyheight_orthophoto",0.5,"orthophoto_50cm_2025","Ostlandet"
"NINFP2210100800",3.14312109729261,2.08622598648071,6149,2,"meta_highrescanopyheight_orthophoto",0.5,"orthophoto_50cm_2025","Ostlandet"
"NINFP1810018863",3.51989049629597,2.71051979064941,11459,3,"meta_highrescanopyheight_orthophoto",0.5,"orthophoto_50cm_2025","Ostlandet"
"NINFP2410172995",8.08246004141618,8.38800144195557,16699,3,"meta_highrescanopyheight_orthophoto",0.5,"orthophoto_50cm_2025","Ostlandet"
"NINFP1910032926",3.86426763214701,2.62683153152466,5975,2,"meta_highrescanopyheight_orthophoto",0.5,"orthophoto_50cm_2025","Ostlandet"
"NINFP2210107289",2.99871499463721,1.94324803352356,11495,3,"meta_highrescanopyheight_orthophoto",0.5,"orthophoto_50cm_2025","Ostlandet"
"NINFP2510196620",1.11680863830292,0.0402830895036459,105778,9,"meta_highrescanopyheight_orthophoto",0.5,"orthophoto_50cm_2025","Ostlandet"
"NINFP2410173499",0.428362503353952,0.0142467683181167,874651,25,"meta_highrescanopyheight_orthophoto",0.5,"orthophoto_50cm_2025","Ostlandet"
"NINFP2310140403",0.679861286037392,0.0296900160610676,16079,4,"meta_highrescanopyheight_orthophoto",0.5,"orthophoto_50cm_2025","Ostlandet"
"NINFP2210110488",4.13485417577669,3.40478563308716,25360,4,"meta_highrescanopyheight_orthophoto",0.5,"orthophoto_50cm_2025","Ostlandet"
"NINFP1810006467",1.45902260133861,0.0810968205332756,49240,4,"meta_highrescanopyheight_orthophoto",0.5,"orthophoto_50cm_2025","Ostlandet"
"NINFP1810011040",0.403647265265534,0.0156012400984764,54734,6,"meta_highrescanopyheight_orthophoto",0.5,"orthophoto_50cm_2025","Ostlandet"
"NINFP1810020690",4.91301127949682,4.43940401077271,2409,2,"meta_highrescanopyheight_orthophoto",0.5,"orthophoto_50cm_2025","Ostlandet"
"NINFP2110012543",2.31737389713768,0.432475835084915,13983,2,"meta_highrescanopyheight_orthophoto",0.5,"orthophoto_50cm_2025","Ostlandet"
"NINFP2510215922",1.64653307436037,0.555233657360077,14512,4,"meta_highrescanopyheight_orthophoto",0.5,"orthophoto_50cm_2025","Ostlandet"
"NINFP1810018844",4.74442433292603,4.92832326889038,5441,2,"meta_highrescanopyheight_orthophoto",0.5,"orthophoto_50cm_2025","Ostlandet"
"NINFP1810037878",5.14223607645658,5.09691429138184,7216,3,"meta_highrescanopyheight_orthophoto",0.5,"orthophoto_50cm_2025","Ostlandet"
"NINFP2010034782",0.188969179104137,0.0100901890546083,139938,6,"meta_highrescanopyheight_orthophoto",0.5,"orthophoto_50cm_2025","Ostlandet"
"NINFP1910035330",3.94590532306737,3.52684211730957,30129,3,"meta_highrescanopyheight_orthophoto",0.5,"orthophoto_50cm_2025","Ostlandet"
"NINFP1910040957",0.291706966755556,0.0103927380405366,31622,4,"meta_highrescanopyheight_orthophoto",0.5,"orthophoto_50cm_2025","Ostlandet"
"NINFP2510210198",2.73317376027478,2.58607637882233,4640,1,"meta_highrescanopyheight_orthophoto",0.5,"orthophoto_50cm_2025","Ostlandet"
"NINFP2510206295",1.14432978505785,0.0297085605561733,2679,1,"meta_highrescanopyheight_orthophoto",0.5,"orthophoto_50cm_2025","Ostlandet"
"NINFP2210099438",3.45098810370241,2.25761461257935,3583,1,"meta_highrescanopyheight_orthophoto",0.5,"orthophoto_50cm_2025","Ostlandet"
"NINFP2210111043",2.10688266747217,0.839030832052231,7716,2,"meta_highrescanopyheight_orthophoto",0.5,"orthophoto_50cm_2025","Ostlandet"
"NINFP1910034447",0.770029844786467,0.0340542569756508,12020,3,"meta_highrescanopyheight_orthophoto",0.5,"orthophoto_50cm_2025","Ostlandet"
"NINFP2010030204",0.0348227348537336,0.0101318238303065,34536,3,"meta_highrescanopyheight_orthophoto",0.5,"orthophoto_50cm_2025","Ostlandet"
"NINFP2010042729",0.127774266336974,0.0103571619838476,15605,3,"meta_highrescanopyheight_orthophoto",0.5,"orthophoto_50cm_2025","Ostlandet"
"NINFP2510187448",0.0150242527679926,0.0114946863614023,1640,1,"meta_highrescanopyheight_orthophoto",0.5,"orthophoto_50cm_2025","Ostlandet"
"NINFP1810010511",0.251020899977291,0.0106136682443321,6688,2,"meta_highrescanopyheight_orthophoto",0.5,"orthophoto_50cm_2025","Ostlandet"
"NINFP2110014171",0.424969019597251,0.0103317191824317,20273,3,"meta_highrescanopyheight_orthophoto",0.5,"orthophoto_50cm_2025","Ostlandet"
"NINFP1910040948",4.63468580772893,2.87445640563965,23660,2,"meta_highrescanopyheight_orthophoto",0.5,"orthophoto_50cm_2025","Ostlandet"
"NINFP2510196191",0.69419283531569,0.0431301593780518,10516,2,"meta_highrescanopyheight_orthophoto",0.5,"orthophoto_50cm_2025","Ostlandet"
"NINFP1810020852",1.22392960551099,0.0111863678321242,26821,4,"meta_highrescanopyheight_orthophoto",0.5,"orthophoto_50cm_2025","Ostlandet"
"NINFP2010002103",7.71357369949671,8.45515823364258,1942,1,"meta_highrescanopyheight_orthophoto",0.5,"orthophoto_50cm_2025","Ostlandet"
"NINFP2310131456",0.438212144029388,0.0115406215190887,25659,3,"meta_highrescanopyheight_orthophoto",0.5,"orthophoto_50cm_2025","Ostlandet"
"NINFP2510201034",0.168927594886395,0.0103517272509634,18438,4,"meta_highrescanopyheight_orthophoto",0.5,"orthophoto_50cm_2025","Ostlandet"
"NINFP1810010389",8.52620390556172,8.34442853927612,8616,2,"meta_highrescanopyheight_orthophoto",0.5,"orthophoto_50cm_2025","Ostlandet"
"NINFP1910043976",5.11078876276454,5.44509673118591,34616,4,"meta_highrescanopyheight_orthophoto",0.5,"orthophoto_50cm_2025","Ostlandet"
"NINFP2110057019",2.34376611002237,1.41549402475357,16652,4,"meta_highrescanopyheight_orthophoto",0.5,"orthophoto_50cm_2025","Ostlandet"
"NINFP1810042324",3.67137314117464,2.72754621505737,21909,3,"meta_highrescanopyheight_orthophoto",0.5,"orthophoto_50cm_2025","Ostlandet"
"NINFP1810024990",1.55410916373381,0.0686452500522137,101768,5,"meta_highrescanopyheight_orthophoto",0.5,"orthophoto_50cm_2025","Ostlandet"
"NINFP2110016959",2.67592562378438,1.83178246021271,11637,3,"meta_highrescanopyheight_orthophoto",0.5,"orthophoto_50cm_2025","Ostlandet"
"NINFP2510196824",3.7140008026458,1.78584933280945,25821,4,"meta_highrescanopyheight_orthophoto",0.5,"orthophoto_50cm_2025","Ostlandet"
"NINFP2110064090",0.419654934992011,0.0346219167113304,42356,3,"meta_highrescanopyheight_orthophoto",0.5,"orthophoto_50cm_2025","Ostlandet"
"NINFP2210095801",0.756410891711537,0.126529023051262,25087,3,"meta_highrescanopyheight_orthophoto",0.5,"orthophoto_50cm_2025","Ostlandet"
"NINFP2410163983",1.14576829291353,0.106120627373457,15900,2,"meta_highrescanopyheight_orthophoto",0.5,"orthophoto_50cm_2025","Ostlandet"
"NINFP2510184301",0.27875091831955,0.0105079654604197,25741,5,"meta_highrescanopyheight_orthophoto",0.5,"orthophoto_50cm_2025","Ostlandet"
"NINFP2010036861",0.0188260119370693,0.0100401900708675,17007,2,"meta_highrescanopyheight_orthophoto",0.5,"orthophoto_50cm_2025","Ostlandet"
"NINFP1810031736",2.19708561663052,0.492369681596756,12115,1,"meta_highrescanopyheight_orthophoto",0.5,"orthophoto_50cm_2025","Ostlandet"
"NINFP2010013419",4.93787000190855,4.95577907562256,14690,2,"meta_highrescanopyheight_orthophoto",0.5,"orthophoto_50cm_2025","Ostlandet"
"NINFP2310142427",0.777036516893174,0.0281545110046864,101243,10,"meta_highrescanopyheight_orthophoto",0.5,"orthophoto_50cm_2025","Ostlandet"
"NINFP2510192014",0.230207051849651,0.0110757257789373,58028,7,"meta_highrescanopyheight_orthophoto",0.5,"orthophoto_50cm_2025","Ostlandet"
"NINFP1810039601",7.79918951406811,8.09105491638184,11081,2,"meta_highrescanopyheight_orthophoto",0.5,"orthophoto_50cm_2025","Ostlandet"
"NINFP2410161153",0.8990773496164,0.0522964373230934,314669,19,"meta_highrescanopyheight_orthophoto",0.5,"orthophoto_50cm_2025","Ostlandet"
"NINFP1810027667",0.732255008188817,0.0215689716860652,2202,2,"meta_highrescanopyheight_orthophoto",0.5,"orthophoto_50cm_2025","Ostlandet"
"NINFP1810030129",3.28402239628889,1.64388102293015,18266,2,"meta_highrescanopyheight_orthophoto",0.5,"orthophoto_50cm_2025","Ostlandet"
"NINFP2410169136",4.23641681571035,3.98407459259033,42123,5,"meta_highrescanopyheight_orthophoto",0.5,"orthophoto_50cm_2025","Ostlandet"
"NINFP1810026818",0.301234860091655,0.012648890260607,47988,4,"meta_highrescanopyheight_orthophoto",0.5,"orthophoto_50cm_2025","Ostlandet"
"NINFP2210081330",5.49916223475457,4.82350540161133,30835,4,"meta_highrescanopyheight_orthophoto",0.5,"orthophoto_50cm_2025","Ostlandet"
"NINFP2410170035",2.84400947642301,2.06205654144287,8387,2,"meta_highrescanopyheight_orthophoto",0.5,"orthophoto_50cm_2025","Ostlandet"
"NINFP2110030171",1.56323065419209,0.787527680397034,30082,2,"meta_highrescanopyheight_orthophoto",0.5,"orthophoto_50cm_2025","Ostlandet"
"NINFP2010016364",1.78955267160152,0.55665123462677,85869,6,"meta_highrescanopyheight_orthophoto",0.5,"orthophoto_50cm_2025","Ostlandet"
"NINFP2310136497",5.9061187220247,5.86608576774597,52138,5,"meta_highrescanopyheight_orthophoto",0.5,"orthophoto_50cm_2025","Ostlandet"
"NINFP2010039723",0.02494989830578,0.0101830824278295,5316,2,"meta_highrescanopyheight_orthophoto",0.5,"orthophoto_50cm_2025","Ostlandet"
"NINFP1810034414",0.617262652219346,0.0162136917933822,9312,2,"meta_highrescanopyheight_orthophoto",0.5,"orthophoto_50cm_2025","Ostlandet"
"NINFP2510195322",0.4861238447735,0.0648244023323059,5789,4,"meta_highrescanopyheight_orthophoto",0.5,"orthophoto_50cm_2025","Ostlandet"
"NINFP1810007910",6.33608057862331,6.46619892120361,4839,2,"meta_highrescanopyheight_orthophoto",0.5,"orthophoto_50cm_2025","Ostlandet"
"NINFP2410170195",1.9248688559784,0.467492833733559,6928,1,"meta_highrescanopyheight_orthophoto",0.5,"orthophoto_50cm_2025","Ostlandet"
"NINFP2510212773",0.933244334630291,0.0447006858885288,39915,2,"meta_highrescanopyheight_orthophoto",0.5,"orthophoto_50cm_2025","Ostlandet"
"NINFP1810037159",5.91175079154524,5.49442720413208,19102,7,"meta_highrescanopyheight_orthophoto",0.5,"orthophoto_50cm_2025","Ostlandet"
"NINFP1910019519",1.95718768362383,0.2012560069561,8731,3,"meta_highrescanopyheight_orthophoto",0.5,"orthophoto_50cm_2025","Ostlandet"
"NINFP2010053217",0.0113638179588072,0.010123023763299,15229,2,"meta_highrescanopyheight_orthophoto",0.5,"orthophoto_50cm_2025","Ostlandet"
"NINFP1810031748",5.01199625222268,5.10841941833496,6445,1,"meta_highrescanopyheight_orthophoto",0.5,"orthophoto_50cm_2025","Ostlandet"
"NINFP1810022113",3.2855882505649,1.7317510843277,4965,2,"meta_highrescanopyheight_orthophoto",0.5,"orthophoto_50cm_2025","Ostlandet"
"NINFP2010039387",6.48945211569899,6.69828844070435,4146,1,"meta_highrescanopyheight_orthophoto",0.5,"orthophoto_50cm_2025","Ostlandet"
"NINFP1910045542",0.368426771948771,0.0132224629633129,39110,5,"meta_highrescanopyheight_orthophoto",0.5,"orthophoto_50cm_2025","Ostlandet"
"NINFP1810037374",1.25574608466782,0.216730758547783,8128,2,"meta_highrescanopyheight_orthophoto",0.5,"orthophoto_50cm_2025","Ostlandet"
"NINFP1910030355",3.4472328111,1.51296317577362,11225,2,"meta_highrescanopyheight_orthophoto",0.5,"orthophoto_50cm_2025","Ostlandet"
"NINFP1810005040",4.06406030712135,3.81614303588867,4903,2,"meta_highrescanopyheight_orthophoto",0.5,"orthophoto_50cm_2025","Ostlandet"
"NINFP1810028925",7.28445888355139,7.54442477226257,16336,4,"meta_highrescanopyheight_orthophoto",0.5,"orthophoto_50cm_2025","Ostlandet"
"NINFP1910047333",6.41252467389614,6.59698390960693,14454,1,"meta_highrescanopyheight_orthophoto",0.5,"orthophoto_50cm_2025","Ostlandet"
"NINFP2410168935",0.0277275727926475,0.010240463539958,6786,2,"meta_highrescanopyheight_orthophoto",0.5,"orthophoto_50cm_2025","Ostlandet"
"NINFP1910035333",0.238285530218403,0.0103602148592472,57215,4,"meta_highrescanopyheight_orthophoto",0.5,"orthophoto_50cm_2025","Ostlandet"
"NINFP2210097519",2.25167976039081,0.811347424983978,26761,5,"meta_highrescanopyheight_orthophoto",0.5,"orthophoto_50cm_2025","Ostlandet"
"NINFP2310137732",3.205705372872,1.6140239238739,8910,2,"meta_highrescanopyheight_orthophoto",0.5,"orthophoto_50cm_2025","Ostlandet"
"NINFP1910014225",0.159254209649607,0.0121577857062221,2170,1,"meta_highrescanopyheight_orthophoto",0.5,"orthophoto_50cm_2025","Ostlandet"
"NINFP2410151776",1.10111372284386,0.227338463068008,8615,2,"meta_highrescanopyheight_orthophoto",0.5,"orthophoto_50cm_2025","Ostlandet"
"NINFP2510190699",6.00268517749738,5.25990056991577,15534,3,"meta_highrescanopyheight_orthophoto",0.5,"orthophoto_50cm_2025","Ostlandet"
"NINFP1910026604",4.69852955341348,3.60276007652283,12466,4,"meta_highrescanopyheight_orthophoto",0.5,"orthophoto_50cm_2025","Ostlandet"
"NINFP2310128830",4.75577267891514,4.78940916061401,4263,4,"meta_highrescanopyheight_orthophoto",0.5,"orthophoto_50cm_2025","Ostlandet"
"NINFP2110010676",1.71001208721782,0.100880280137062,575,2,"meta_highrescanopyheight_orthophoto",0.5,"orthophoto_50cm_2025","Ostlandet"
"NINFP1910018398",5.90501564637747,6.43268609046936,5830,1,"meta_highrescanopyheight_orthophoto",0.5,"orthophoto_50cm_2025","Ostlandet"
"NINFP2310147106",0.53898650315474,0.0188631862401962,5484,1,"meta_highrescanopyheight_orthophoto",0.5,"orthophoto_50cm_2025","Ostlandet"
"NINFP2510215426",1.21097342629816,0.151289522647858,37911,4,"meta_highrescanopyheight_orthophoto",0.5,"orthophoto_50cm_2025","Ostlandet"
"NINFP2510214444",3.09388806224664,1.27607852220535,57930,6,"meta_highrescanopyheight_orthophoto",0.5,"orthophoto_50cm_2025","Ostlandet"
"NINFP2110072098",0.319330151730675,0.0161117520183325,48586,5,"meta_highrescanopyheight_orthophoto",0.5,"orthophoto_50cm_2025","Ostlandet"
"NINFP1910019738",1.59194561521443,0.761593043804169,5822,2,"meta_highrescanopyheight_orthophoto",0.5,"orthophoto_50cm_2025","Ostlandet"
"NINFP2410169598",1.53821895822446,0.635159015655518,26509,4,"meta_highrescanopyheight_orthophoto",0.5,"orthophoto_50cm_2025","Ostlandet"
"NINFP2210113700",1.83185678971132,0.207980409264565,73491,5,"meta_highrescanopyheight_orthophoto",0.5,"orthophoto_50cm_2025","Ostlandet"
"NINFP2010030887",0.755281099931796,0.195137977600098,56329,4,"meta_highrescanopyheight_orthophoto",0.5,"orthophoto_50cm_2025","Ostlandet"
"NINFP2010053891",3.64522418680275,2.24577760696411,8649,2,"meta_highrescanopyheight_orthophoto",0.5,"orthophoto_50cm_2025","Ostlandet"
"NINFP2110038605",7.90304081568718,9.73733901977539,4818,2,"meta_highrescanopyheight_orthophoto",0.5,"orthophoto_50cm_2025","Ostlandet"
"NINFP1810044673",2.71369606289584,1.58642250299454,36134,2,"meta_highrescanopyheight_orthophoto",0.5,"orthophoto_50cm_2025","Ostlandet"
"NINFP1810042200",3.45178626109799,2.30921638011932,23456,4,"meta_highrescanopyheight_orthophoto",0.5,"orthophoto_50cm_2025","Ostlandet"
"NINFP1810010835",0.417502293074431,0.0148600493557751,1032,1,"meta_highrescanopyheight_orthophoto",0.5,"orthophoto_50cm_2025","Ostlandet"
"NINFP1810045075",11.1682364973197,11.603232383728,19985,2,"meta_highrescanopyheight_orthophoto",0.5,"orthophoto_50cm_2025","Ostlandet"
"NINFP1910047369",5.88109393508773,5.93743443489075,153604,8,"meta_highrescanopyheight_orthophoto",0.5,"orthophoto_50cm_2025","Ostlandet"
"NINFP2410176182",0.291697549366844,0.0109878033399582,2499,1,"meta_highrescanopyheight_orthophoto",0.5,"orthophoto_50cm_2025","Ostlandet"
"NINFP2410149689",0.90143134820299,0.0101820388808846,1895538,46,"meta_highrescanopyheight_orthophoto",0.5,"orthophoto_50cm_2025","Ostlandet"
"NINFP2310125855",1.37993022049169,0.0632597096264362,6244,4,"meta_highrescanopyheight_orthophoto",0.5,"orthophoto_50cm_2025","Ostlandet"
"NINFP1810043074",1.10192064681499,0.0175628429278731,5672,1,"meta_highrescanopyheight_orthophoto",0.5,"orthophoto_50cm_2025","Ostlandet"
"NINFP2110022525",0.929247974607269,0.0236677750945091,4431,2,"meta_highrescanopyheight_orthophoto",0.5,"orthophoto_50cm_2025","Ostlandet"
"NINFP2410163449",0.181271466642955,0.0109856314957142,16909,5,"meta_highrescanopyheight_orthophoto",0.5,"orthophoto_50cm_2025","Ostlandet"
"NINFP2010002167",10.9851353212639,12.3009376525879,81,1,"meta_highrescanopyheight_orthophoto",0.5,"orthophoto_50cm_2025","Ostlandet"
"NINFP2210111151",5.56716776315399,5.32555961608887,283,1,"meta_highrescanopyheight_orthophoto",0.5,"orthophoto_50cm_2025","Ostlandet"
"NINFP2110039397",0.107137644877628,0.0102644497528672,30839,3,"meta_highrescanopyheight_orthophoto",0.5,"orthophoto_50cm_2025","Ostlandet"
"NINFP1810038309",0.764386720784302,0.0579924434423447,16267,4,"meta_highrescanopyheight_orthophoto",0.5,"orthophoto_50cm_2025","Ostlandet"
"NINFP2310126679",1.23966096533441,0.171912372112274,6676,2,"meta_highrescanopyheight_orthophoto",0.5,"orthophoto_50cm_2025","Ostlandet"
"NINFP2210075860",2.25497656766232,0.314967706799507,14460,4,"meta_highrescanopyheight_orthophoto",0.5,"orthophoto_50cm_2025","Ostlandet"
"NINFP2110062384",0.0952614458434061,0.010202013887465,40963,6,"meta_highrescanopyheight_orthophoto",0.5,"orthophoto_50cm_2025","Ostlandet"
"NINFP2110038944",4.15193400961531,4.08332204818726,7765,1,"meta_highrescanopyheight_orthophoto",0.5,"orthophoto_50cm_2025","Ostlandet"
"NINFP2110018544",0.816525492107667,0.0164514007046819,23146,2,"meta_highrescanopyheight_orthophoto",0.5,"orthophoto_50cm_2025","Ostlandet"
"NINFP1910000235",3.71404932082066,3.07620787620544,10175,2,"meta_highrescanopyheight_orthophoto",0.5,"orthophoto_50cm_2025","Ostlandet"
"NINFP2210101017",1.56910590495188,0.12663658708334,21504,4,"meta_highrescanopyheight_orthophoto",0.5,"orthophoto_50cm_2025","Ostlandet"
"NINFP2110030451",6.91283044277349,7.81699728965759,1124,1,"meta_highrescanopyheight_orthophoto",0.5,"orthophoto_50cm_2025","Ostlandet"
"NINFP2210103976",2.26256187930644,1.27362728118896,17260,3,"meta_highrescanopyheight_orthophoto",0.5,"orthophoto_50cm_2025","Ostlandet"
"NINFP1810029119",0.0632813698163378,0.0108060762286186,50273,4,"meta_highrescanopyheight_orthophoto",0.5,"orthophoto_50cm_2025","Ostlandet"
"NINFP2110058600",1.07343505378093,0.231677442789078,21968,4,"meta_highrescanopyheight_orthophoto",0.5,"orthophoto_50cm_2025","Ostlandet"
"NINFP2110018532",0.195305284847585,0.0104075763374567,310988,13,"meta_highrescanopyheight_orthophoto",0.5,"orthophoto_50cm_2025","Ostlandet"
"NINFP2510190739",0.252903550989416,0.0107435211539268,101659,9,"meta_highrescanopyheight_orthophoto",0.5,"orthophoto_50cm_2025","Ostlandet"
"NINFP1810010042",4.25111092167089,3.86827003955841,244936,12,"meta_highrescanopyheight_orthophoto",0.5,"orthophoto_50cm_2025","Ostlandet"
"NINFP2510216542",1.08402377064855,0.322371900081635,10721,5,"meta_highrescanopyheight_orthophoto",0.5,"orthophoto_50cm_2025","Ostlandet"
"NINFP2110015119",1.06792752731154,0.107189759612083,1713,4,"meta_highrescanopyheight_orthophoto",0.5,"orthophoto_50cm_2025","Ostlandet"
"NINFP2510201022",0.255562894502348,0.0103615736588836,31029,4,"meta_highrescanopyheight_orthophoto",0.5,"orthophoto_50cm_2025","Ostlandet"
"NINFP1910048762",0.225112063039011,0.0189344407990575,4322,2,"meta_highrescanopyheight_orthophoto",0.5,"orthophoto_50cm_2025","Ostlandet"
"NINFP2410157058",0.0184180035498345,0.0102856922894716,5300,2,"meta_highrescanopyheight_orthophoto",0.5,"orthophoto_50cm_2025","Ostlandet"
"NINFP1810024575",0.176046264275353,0.0107421427965164,45092,4,"meta_highrescanopyheight_orthophoto",0.5,"orthophoto_50cm_2025","Ostlandet"
"NINFP2510215601",3.87716861381165,3.38094472885132,15663,4,"meta_highrescanopyheight_orthophoto",0.5,"orthophoto_50cm_2025","Ostlandet"
"NINFP2310142846",0.0427846796922359,0.0102421720512211,8252,2,"meta_highrescanopyheight_orthophoto",0.5,"orthophoto_50cm_2025","Ostlandet"
"NINFP2210099436",3.27720252992391,2.78755521774292,3493,2,"meta_highrescanopyheight_orthophoto",0.5,"orthophoto_50cm_2025","Ostlandet"
"NINFP2510208282",0.018355184096557,0.0101571884006262,19109,2,"meta_highrescanopyheight_orthophoto",0.5,"orthophoto_50cm_2025","Ostlandet"
"NINFP1810041469",8.00930952404052,8.6462345123291,57139,5,"meta_highrescanopyheight_orthophoto",0.5,"orthophoto_50cm_2025","Ostlandet"
"NINFP2010004025",1.21955881166605,0.325940370559692,81,1,"meta_highrescanopyheight_orthophoto",0.5,"orthophoto_50cm_2025","Ostlandet"
"NINFP2310135131",3.13919254144318,2.7570481300354,16023,2,"meta_highrescanopyheight_orthophoto",0.5,"orthophoto_50cm_2025","Ostlandet"
"NINFP1810011956",1.18338130633241,0.0227388944476843,57747,6,"meta_highrescanopyheight_orthophoto",0.5,"orthophoto_50cm_2025","Ostlandet"
"NINFP2510215184",4.05450688843435,2.83787107467651,19663,2,"meta_highrescanopyheight_orthophoto",0.5,"orthophoto_50cm_2025","Ostlandet"
"NINFP2410174972",1.51438567572118,0.337363600730896,78464,6,"meta_highrescanopyheight_orthophoto",0.5,"orthophoto_50cm_2025","Ostlandet"
"NINFP2010029240",0.0175818144842769,0.0101190027780831,31282,4,"meta_highrescanopyheight_orthophoto",0.5,"orthophoto_50cm_2025","Ostlandet"
"NINFP1810015308",3.37696659328223,2.78017282485962,7534,2,"meta_highrescanopyheight_orthophoto",0.5,"orthophoto_50cm_2025","Ostlandet"
"NINFP1810041653",6.41226984441307,6.31324338912964,10500,3,"meta_highrescanopyheight_orthophoto",0.5,"orthophoto_50cm_2025","Ostlandet"
"NINFP1810018154",3.61039299584063,2.48080611228943,10209,1,"meta_highrescanopyheight_orthophoto",0.5,"orthophoto_50cm_2025","Ostlandet"
"NINFP2510213838",3.14667286903277,2.45038139820099,5174,1,"meta_highrescanopyheight_orthophoto",0.5,"orthophoto_50cm_2025","Ostlandet"
"NINFP1810042205",4.96790964421504,4.36808109283447,38005,4,"meta_highrescanopyheight_orthophoto",0.5,"orthophoto_50cm_2025","Ostlandet"
"NINFP2210103958",4.71988294121315,3.62366533279419,15210,4,"meta_highrescanopyheight_orthophoto",0.5,"orthophoto_50cm_2025","Ostlandet"
"NINFP2410164154",0.0101257677520736,0.0100511452183127,63193,4,"meta_highrescanopyheight_orthophoto",0.5,"orthophoto_50cm_2025","Ostlandet"
"NINFP2410161734",2.2474490427553,0.255703166127205,8330,1,"meta_highrescanopyheight_orthophoto",0.5,"orthophoto_50cm_2025","Ostlandet"
"NINFP1910045229",4.43807376557784,4.51143980026245,734,1,"meta_highrescanopyheight_orthophoto",0.5,"orthophoto_50cm_2025","Ostlandet"
"NINFP2110064289",6.21757042008384,6.73311901092529,36701,9,"meta_highrescanopyheight_orthophoto",0.5,"orthophoto_50cm_2025","Ostlandet"
"NINFP2310142794",5.13230298054419,4.62590551376343,11571,3,"meta_highrescanopyheight_orthophoto",0.5,"orthophoto_50cm_2025","Ostlandet"
"NINFP1810013283",2.78161103128876,2.22154760360718,11589,2,"meta_highrescanopyheight_orthophoto",0.5,"orthophoto_50cm_2025","Ostlandet"
"NINFP2510187299",7.39835899977377,7.60801672935486,6776,2,"meta_highrescanopyheight_orthophoto",0.5,"orthophoto_50cm_2025","Ostlandet"
"NINFP1910004401",8.91914874494717,10.2609066963196,2790,1,"meta_highrescanopyheight_orthophoto",0.5,"orthophoto_50cm_2025","Ostlandet"
"NINFP2010031755",0.0156079852869514,0.0100422007963061,35795,4,"meta_highrescanopyheight_orthophoto",0.5,"orthophoto_50cm_2025","Ostlandet"
"NINFP2110069149",5.15199080052962,5.56878399848938,19176,3,"meta_highrescanopyheight_orthophoto",0.5,"orthophoto_50cm_2025","Ostlandet"
"NINFP2210098105",9.02801539681521,9.87665748596191,4301,1,"meta_highrescanopyheight_orthophoto",0.5,"orthophoto_50cm_2025","Ostlandet"
"NINFP2410170777",0.0100485103192788,0.0100372303277254,14829,5,"meta_highrescanopyheight_orthophoto",0.5,"orthophoto_50cm_2025","Ostlandet"
"NINFP1810042996",6.26341328289975,6.60975742340088,7484,1,"meta_highrescanopyheight_orthophoto",0.5,"orthophoto_50cm_2025","Ostlandet"
"NINFP2210095196",4.81425558108365,5.11966133117676,16685,3,"meta_highrescanopyheight_orthophoto",0.5,"orthophoto_50cm_2025","Ostlandet"
"NINFP2510217458",1.73593388541756,0.658530950546265,30401,3,"meta_highrescanopyheight_orthophoto",0.5,"orthophoto_50cm_2025","Ostlandet"
"NINFP1910019907",2.56926038811253,0.962788760662079,8639,3,"meta_highrescanopyheight_orthophoto",0.5,"orthophoto_50cm_2025","Ostlandet"
"NINFP1810011105",3.25366307725631,2.88864755630493,11585,1,"meta_highrescanopyheight_orthophoto",0.5,"orthophoto_50cm_2025","Ostlandet"
"NINFP1810023139",10.287110261646,10.7163610458374,6929,3,"meta_highrescanopyheight_orthophoto",0.5,"orthophoto_50cm_2025","Ostlandet"
"NINFP2210111045",3.8472293058157,2.57591390609741,5590,4,"meta_highrescanopyheight_orthophoto",0.5,"orthophoto_50cm_2025","Ostlandet"
"NINFP2310142805",0.688761474919657,0.011646288447082,6572,2,"meta_highrescanopyheight_orthophoto",0.5,"orthophoto_50cm_2025","Ostlandet"
"NINFP1810018691",2.93398017545953,1.74980539083481,7842,2,"meta_highrescanopyheight_orthophoto",0.5,"orthophoto_50cm_2025","Ostlandet"
"NINFP1810024574",3.67368322140163,2.94734048843384,16551,2,"meta_highrescanopyheight_orthophoto",0.5,"orthophoto_50cm_2025","Ostlandet"
"NINFP2210109490",3.70054272232229,2.03903865814209,12096,2,"meta_highrescanopyheight_orthophoto",0.5,"orthophoto_50cm_2025","Ostlandet"
"NINFP2110014315",4.77802748390408,4.51300311088562,40312,5,"meta_highrescanopyheight_orthophoto",0.5,"orthophoto_50cm_2025","Ostlandet"
"NINFP2410168416",0.828879821587435,0.116921566426754,3586,1,"meta_highrescanopyheight_orthophoto",0.5,"orthophoto_50cm_2025","Ostlandet"
"NINFP1810027875",3.65556598490404,3.35444498062134,37381,4,"meta_highrescanopyheight_orthophoto",0.5,"orthophoto_50cm_2025","Ostlandet"
"NINFP2510212395",4.82772793689903,4.92951893806458,11960,3,"meta_highrescanopyheight_orthophoto",0.5,"orthophoto_50cm_2025","Ostlandet"
"NINFP1810024148",0.624581211543001,0.028973076492548,32886,5,"meta_highrescanopyheight_orthophoto",0.5,"orthophoto_50cm_2025","Ostlandet"
"NINFP2010051179",0.223175055327249,0.013249833136797,14386,3,"meta_highrescanopyheight_orthophoto",0.5,"orthophoto_50cm_2025","Ostlandet"
"NINFP2110044064",0.1132756433881,0.0106310294941068,11362,2,"meta_highrescanopyheight_orthophoto",0.5,"orthophoto_50cm_2025","Ostlandet"
"NINFP2210098890",0.571704742165214,0.0359798558056355,8448,2,"meta_highrescanopyheight_orthophoto",0.5,"orthophoto_50cm_2025","Ostlandet"
"NINFP1910007677",0.0187808948467689,0.0114659704267979,5534,2,"meta_highrescanopyheight_orthophoto",0.5,"orthophoto_50cm_2025","Ostlandet"
"NINFP2410159354",0.0103603237968683,0.0100511256605387,46875,5,"meta_highrescanopyheight_orthophoto",0.5,"orthophoto_50cm_2025","Ostlandet"
"NINFP1910059841",0.0133425385212064,0.0100226886570454,21178,3,"meta_highrescanopyheight_orthophoto",0.5,"orthophoto_50cm_2025","Ostlandet"
"NINFP2110055060",1.91657243661178,0.597642362117767,5300,1,"meta_highrescanopyheight_orthophoto",0.5,"orthophoto_50cm_2025","Ostlandet"
"NINFP2510208615",0.481197452325818,0.0959433764219284,7229,2,"meta_highrescanopyheight_orthophoto",0.5,"orthophoto_50cm_2025","Ostlandet"
"NINFP2510206279",4.00816976991727,3.87000703811646,13035,2,"meta_highrescanopyheight_orthophoto",0.5,"orthophoto_50cm_2025","Ostlandet"
"NINFP2310136717",0.688911077922698,0.0380137078464031,138616,8,"meta_highrescanopyheight_orthophoto",0.5,"orthophoto_50cm_2025","Ostlandet"
"NINFP2010007911",0.317650057172749,0.0115139558911324,135552,8,"meta_highrescanopyheight_orthophoto",0.5,"orthophoto_50cm_2025","Ostlandet"
"NINFP1810037440",6.98033033679108,7.44409990310669,13383,2,"meta_highrescanopyheight_orthophoto",0.5,"orthophoto_50cm_2025","Ostlandet"
"NINFP1810015903",7.37276447047255,7.7992115020752,28629,5,"meta_highrescanopyheight_orthophoto",0.5,"orthophoto_50cm_2025","Ostlandet"
"NINFP1810027700",8.53491517420063,9.08087539672852,14733,4,"meta_highrescanopyheight_orthophoto",0.5,"orthophoto_50cm_2025","Ostlandet"
"NINFP1810031741",4.10165282491597,2.5612176656723,2778,3,"meta_highrescanopyheight_orthophoto",0.5,"orthophoto_50cm_2025","Ostlandet"
"NINFP1810035764",4.28042033808451,4.33934640884399,9335,4,"meta_highrescanopyheight_orthophoto",0.5,"orthophoto_50cm_2025","Ostlandet"
"NINFP2410183832",2.69976534626909,0.140660829842091,14362,3,"meta_highrescanopyheight_orthophoto",0.5,"orthophoto_50cm_2025","Ostlandet"
"NINFP1910032164",1.8394945814419,0.432197153568268,59461,5,"meta_highrescanopyheight_orthophoto",0.5,"orthophoto_50cm_2025","Ostlandet"
"NINFP2010038882",2.93632971400854,2.19808197021484,5903,2,"meta_highrescanopyheight_orthophoto",0.5,"orthophoto_50cm_2025","Ostlandet"
"NINFP2110069369",3.64351945991469,3.07913398742676,117615,8,"meta_highrescanopyheight_orthophoto",0.5,"orthophoto_50cm_2025","Ostlandet"
"NINFP2210108429",0.220956306309863,0.0103468727320433,43419,6,"meta_highrescanopyheight_orthophoto",0.5,"orthophoto_50cm_2025","Ostlandet"
"NINFP2510188160",1.8276446377226,0.871196746826172,6567,2,"meta_highrescanopyheight_orthophoto",0.5,"orthophoto_50cm_2025","Ostlandet"
"NINFP1910000273",0.485996348806952,0.397450268268585,79,2,"meta_highrescanopyheight_orthophoto",0.5,"orthophoto_50cm_2025","Ostlandet"
"NINFP2310127235",2.5929632884914,1.38237833976746,25637,3,"meta_highrescanopyheight_orthophoto",0.5,"orthophoto_50cm_2025","Ostlandet"
"NINFP2210111170",3.19360986554327,1.38946902751923,190339,8,"meta_highrescanopyheight_orthophoto",0.5,"orthophoto_50cm_2025","Ostlandet"
"NINFP1910061455",0.537068573826058,0.0126190399751067,102477,9,"meta_highrescanopyheight_orthophoto",0.5,"orthophoto_50cm_2025","Ostlandet"
"NINFP2110038268",0.307690322312272,0.010298156645149,4846,2,"meta_highrescanopyheight_orthophoto",0.5,"orthophoto_50cm_2025","Ostlandet"
"NINFP1810016579",0.339205306994258,0.0187810491770506,10519,1,"meta_highrescanopyheight_orthophoto",0.5,"orthophoto_50cm_2025","Ostlandet"
"NINFP2110008085",3.63696597219055,1.24799561500549,8420,2,"meta_highrescanopyheight_orthophoto",0.5,"orthophoto_50cm_2025","Ostlandet"
"NINFP1810023144",3.7473912377865,3.55078887939453,22256,2,"meta_highrescanopyheight_orthophoto",0.5,"orthophoto_50cm_2025","Ostlandet"
"NINFP1810040029",4.04760120678828,2.47788155078888,43330,4,"meta_highrescanopyheight_orthophoto",0.5,"orthophoto_50cm_2025","Ostlandet"
"NINFP2210094033",1.67981350800615,1.00265544652939,7806,3,"meta_highrescanopyheight_orthophoto",0.5,"orthophoto_50cm_2025","Ostlandet"
"NINFP2010052442",1.04929859161732,0.086088165640831,26902,2,"meta_highrescanopyheight_orthophoto",0.5,"orthophoto_50cm_2025","Ostlandet"
"NINFP2110064088",1.36141941402369,0.5061194896698,8270,3,"meta_highrescanopyheight_orthophoto",0.5,"orthophoto_50cm_2025","Ostlandet"
"NINFP2310126739",0.0318752582805907,0.0103266509249806,11372,4,"meta_highrescanopyheight_orthophoto",0.5,"orthophoto_50cm_2025","Ostlandet"
"NINFP1910059074",2.16236120627599,0.704166054725647,6339,2,"meta_highrescanopyheight_orthophoto",0.5,"orthophoto_50cm_2025","Ostlandet"
"NINFP2410179659",5.46507302035229,5.72575330734253,5227,3,"meta_highrescanopyheight_orthophoto",0.5,"orthophoto_50cm_2025","Ostlandet"
"NINFP1910019538",7.75473514287595,7.8320369720459,13967,4,"meta_highrescanopyheight_orthophoto",0.5,"orthophoto_50cm_2025","Ostlandet"
"NINFP2110008578",4.2192964267579,3.97853922843933,4084,2,"meta_highrescanopyheight_orthophoto",0.5,"orthophoto_50cm_2025","Ostlandet"
"NINFP2210099415",1.97000456297621,1.46397602558136,8853,4,"meta_highrescanopyheight_orthophoto",0.5,"orthophoto_50cm_2025","Ostlandet"
"NINFP2110054620",2.7917451504248,2.04004263877869,9819,4,"meta_highrescanopyheight_orthophoto",0.5,"orthophoto_50cm_2025","Ostlandet"
"NINFP2510214597",1.87365848160381,0.56592670083046,20002,3,"meta_highrescanopyheight_orthophoto",0.5,"orthophoto_50cm_2025","Ostlandet"
"NINFP2010028314",0.0110748086245054,0.0100350473076105,179526,11,"meta_highrescanopyheight_orthophoto",0.5,"orthophoto_50cm_2025","Ostlandet"
"NINFP2110058326",0.912799820666393,0.222299516201019,23643,5,"meta_highrescanopyheight_orthophoto",0.5,"orthophoto_50cm_2025","Ostlandet"
"NINFP1810021994",3.06585626432937,2.15066075325012,49127,6,"meta_highrescanopyheight_orthophoto",0.5,"orthophoto_50cm_2025","Ostlandet"
"NINFP1810041896",6.39457451803317,7.1204948425293,13469,1,"meta_highrescanopyheight_orthophoto",0.5,"orthophoto_50cm_2025","Ostlandet"
"NINFP2310142599",0.969808112829422,0.0647494122385979,14863,2,"meta_highrescanopyheight_orthophoto",0.5,"orthophoto_50cm_2025","Ostlandet"
"NINFP1810040379",6.94134322965828,7.21708059310913,137937,7,"meta_highrescanopyheight_orthophoto",0.5,"orthophoto_50cm_2025","Ostlandet"
"NINFP1810015598",3.52649099616451,1.75358557701111,31835,4,"meta_highrescanopyheight_orthophoto",0.5,"orthophoto_50cm_2025","Ostlandet"
"NINFP1910050643",1.06422180376786,0.117023453116417,6098,1,"meta_highrescanopyheight_orthophoto",0.5,"orthophoto_50cm_2025","Ostlandet"
"NINFP2310138924",3.12509758286972,2.67612791061401,9155,2,"meta_highrescanopyheight_orthophoto",0.5,"orthophoto_50cm_2025","Ostlandet"
"NINFP2210103920",5.33386731237452,5.54477119445801,12970,2,"meta_highrescanopyheight_orthophoto",0.5,"orthophoto_50cm_2025","Ostlandet"
"NINFP2210092739",0.181139419669594,0.0104327592998743,14570,2,"meta_highrescanopyheight_orthophoto",0.5,"orthophoto_50cm_2025","Ostlandet"
"NINFP2310144161",5.62262086049826,5.34413909912109,29491,3,"meta_highrescanopyheight_orthophoto",0.5,"orthophoto_50cm_2025","Ostlandet"
"NINFP2410174445",0.0101656221020271,0.0100803477689624,90163,8,"meta_highrescanopyheight_orthophoto",0.5,"orthophoto_50cm_2025","Ostlandet"
"NINFP1910022945",0.635392423116894,0.0149550847709179,23373,7,"meta_highrescanopyheight_orthophoto",0.5,"orthophoto_50cm_2025","Ostlandet"
"NINFP1810042196",7.1159972550756,7.08741092681885,4728,3,"meta_highrescanopyheight_orthophoto",0.5,"orthophoto_50cm_2025","Ostlandet"
"NINFP2010037380",0.677054068879621,0.0166280902922153,26595,4,"meta_highrescanopyheight_orthophoto",0.5,"orthophoto_50cm_2025","Ostlandet"
"NINFP2510187453",0.0716727141507417,0.0107788806781173,4181,3,"meta_highrescanopyheight_orthophoto",0.5,"orthophoto_50cm_2025","Ostlandet"
"NINFP1810041484",8.97327586012732,9.34527492523193,22509,4,"meta_highrescanopyheight_orthophoto",0.5,"orthophoto_50cm_2025","Ostlandet"
"NINFP2210077058",5.54374947951708,5.81737041473389,7856,2,"meta_highrescanopyheight_orthophoto",0.5,"orthophoto_50cm_2025","Ostlandet"
"NINFP2310128799",2.68733894828274,1.57132387161255,28770,4,"meta_highrescanopyheight_orthophoto",0.5,"orthophoto_50cm_2025","Ostlandet"
"NINFP2210082259",8.14130880157729,8.96305227279663,9820,4,"meta_highrescanopyheight_orthophoto",0.5,"orthophoto_50cm_2025","Ostlandet"
"NINFP2410182188",6.36120795121447,6.68286561965942,25399,4,"meta_highrescanopyheight_orthophoto",0.5,"orthophoto_50cm_2025","Ostlandet"
"NINFP2310139662",5.14158873651415,4.96732473373413,20715,3,"meta_highrescanopyheight_orthophoto",0.5,"orthophoto_50cm_2025","Ostlandet"
"NINFP2310143987",0.22429333427407,0.0165911037474871,40373,4,"meta_highrescanopyheight_orthophoto",0.5,"orthophoto_50cm_2025","Ostlandet"
"NINFP1810013150",4.86126655929003,4.27903819084167,11040,4,"meta_highrescanopyheight_orthophoto",0.5,"orthophoto_50cm_2025","Ostlandet"
"NINFP2110071337",1.48604446116797,0.0108234826475382,29879,4,"meta_highrescanopyheight_orthophoto",0.5,"orthophoto_50cm_2025","Ostlandet"
"NINFP1810042334",5.10557871289069,5.76581025123596,1452,2,"meta_highrescanopyheight_orthophoto",0.5,"orthophoto_50cm_2025","Ostlandet"
"NINFP1910052660",0.362745846006083,0.0102125247940421,63181,6,"meta_highrescanopyheight_orthophoto",0.5,"orthophoto_50cm_2025","Ostlandet"
"NINFP2410174997",2.01375960709786,0.939604699611664,35976,5,"meta_highrescanopyheight_orthophoto",0.5,"orthophoto_50cm_2025","Ostlandet"
"NINFP2110019085",0.0199225906162463,0.0100689204409719,105854,6,"meta_highrescanopyheight_orthophoto",0.5,"orthophoto_50cm_2025","Ostlandet"
"NINFP2310138736",5.21499646984959,3.74598264694214,9660,2,"meta_highrescanopyheight_orthophoto",0.5,"orthophoto_50cm_2025","Ostlandet"
"NINFP1810009179",5.69292292192397,5.75584840774536,7969,3,"meta_highrescanopyheight_orthophoto",0.5,"orthophoto_50cm_2025","Ostlandet"
"NINFP2310136362",5.22919542914584,5.62841129302979,9295,4,"meta_highrescanopyheight_orthophoto",0.5,"orthophoto_50cm_2025","Ostlandet"
"NINFP2410162834",0.0104111920712665,0.0102605558931828,6681,2,"meta_highrescanopyheight_orthophoto",0.5,"orthophoto_50cm_2025","Ostlandet"
"NINFP1810036947",5.20765249171584,4.79395580291748,53968,11,"meta_highrescanopyheight_orthophoto",0.5,"orthophoto_50cm_2025","Ostlandet"
"NINFP1910057673",2.93510661349056,0.0528345033526421,21459,2,"meta_highrescanopyheight_orthophoto",0.5,"orthophoto_50cm_2025","Ostlandet"
"NINFP1810031964",3.88732949576971,3.50969004631042,17054,4,"meta_highrescanopyheight_orthophoto",0.5,"orthophoto_50cm_2025","Ostlandet"
"NINFP2010047542",0.0496450820617376,0.0102179497480392,68110,4,"meta_highrescanopyheight_orthophoto",0.5,"orthophoto_50cm_2025","Ostlandet"
"NINFP2310130113",6.06606667134584,6.26398992538452,4784,2,"meta_highrescanopyheight_orthophoto",0.5,"orthophoto_50cm_2025","Ostlandet"
"NINFP1810033897",6.68818360917419,6.7114942073822,33658,3,"meta_highrescanopyheight_orthophoto",0.5,"orthophoto_50cm_2025","Ostlandet"
"NINFP1810035647",4.33396289269741,3.34470438957214,20458,2,"meta_highrescanopyheight_orthophoto",0.5,"orthophoto_50cm_2025","Ostlandet"
"NINFP2110011801",1.42638390047246,0.268135085701942,8838,2,"meta_highrescanopyheight_orthophoto",0.5,"orthophoto_50cm_2025","Ostlandet"
"NINFP2110040033",4.2642558240095,3.11612987518311,4052,1,"meta_highrescanopyheight_orthophoto",0.5,"orthophoto_50cm_2025","Ostlandet"
"NINFP2110012793",4.07694874759489,2.86817920207977,8954,3,"meta_highrescanopyheight_orthophoto",0.5,"orthophoto_50cm_2025","Ostlandet"
"NINFP1910025300",10.0504343071343,10.5464248657227,12245,2,"meta_highrescanopyheight_orthophoto",0.5,"orthophoto_50cm_2025","Ostlandet"
"NINFP1910033830",5.91081022722415,5.97962188720703,169142,10,"meta_highrescanopyheight_orthophoto",0.5,"orthophoto_50cm_2025","Ostlandet"
"NINFP1810017618",5.23530024247004,4.47385406494141,7121,3,"meta_highrescanopyheight_orthophoto",0.5,"orthophoto_50cm_2025","Ostlandet"
"NINFP2010033089",2.75198537591755,0.737497508525848,4062,2,"meta_highrescanopyheight_orthophoto",0.5,"orthophoto_50cm_2025","Ostlandet"
"NINFP2210103952",1.34913655995331,0.0819464176893234,137113,8,"meta_highrescanopyheight_orthophoto",0.5,"orthophoto_50cm_2025","Ostlandet"
"NINFP2110054014",2.3595502285505,1.35128724575043,6069,3,"meta_highrescanopyheight_orthophoto",0.5,"orthophoto_50cm_2025","Ostlandet"
"NINFP2010025483",0.0898444204016134,0.0103088617324829,121361,10,"meta_highrescanopyheight_orthophoto",0.5,"orthophoto_50cm_2025","Ostlandet"
"NINFP1810040590",0.176067479541984,0.0104097514413297,197552,8,"meta_highrescanopyheight_orthophoto",0.5,"orthophoto_50cm_2025","Ostlandet"
"NINFP1810013442",0.092680596077916,0.0110929976217449,3566,1,"meta_highrescanopyheight_orthophoto",0.5,"orthophoto_50cm_2025","Ostlandet"
"NINFP1910037933",3.19546027481924,2.88397336006165,18968,2,"meta_highrescanopyheight_orthophoto",0.5,"orthophoto_50cm_2025","Ostlandet"
"NINFP2110042520",7.58515038301559,7.81231284141541,16458,6,"meta_highrescanopyheight_orthophoto",0.5,"orthophoto_50cm_2025","Ostlandet"
"NINFP1910019316",2.17731799181429,0.568487644195557,6149,2,"meta_highrescanopyheight_orthophoto",0.5,"orthophoto_50cm_2025","Ostlandet"
"NINFP2210091150",8.05337834425068,9.07911396026611,23755,6,"meta_highrescanopyheight_orthophoto",0.5,"orthophoto_50cm_2025","Ostlandet"
"NINFP2110060254",2.70378137050812,0.872023284435272,4402,2,"meta_highrescanopyheight_orthophoto",0.5,"orthophoto_50cm_2025","Ostlandet"
"NINFP2210097959",4.19804858648079,3.42508244514465,15402,2,"meta_highrescanopyheight_orthophoto",0.5,"orthophoto_50cm_2025","Ostlandet"
"NINFP1810008901",0.290494124107418,0.0662778615951538,4399,2,"meta_highrescanopyheight_orthophoto",0.5,"orthophoto_50cm_2025","Ostlandet"
"NINFP2010032859",8.03193008816773,8.09426116943359,5032,4,"meta_highrescanopyheight_orthophoto",0.5,"orthophoto_50cm_2025","Ostlandet"
"NINFP2510187189",4.14263435688985,3.61906027793884,16012,3,"meta_highrescanopyheight_orthophoto",0.5,"orthophoto_50cm_2025","Ostlandet"
"NINFP2510188508",0.0950588043790604,0.0108756236732006,2436,2,"meta_highrescanopyheight_orthophoto",0.5,"orthophoto_50cm_2025","Ostlandet"
"NINFP2510217163",0.631988771077276,0.0166735230013728,18794,4,"meta_highrescanopyheight_orthophoto",0.5,"orthophoto_50cm_2025","Ostlandet"
"NINFP1910061099",0.123596753968332,0.0103749460540712,41132,5,"meta_highrescanopyheight_orthophoto",0.5,"orthophoto_50cm_2025","Ostlandet"
"NINFP2010031916",6.61491196194902,6.43298149108887,14985,3,"meta_highrescanopyheight_orthophoto",0.5,"orthophoto_50cm_2025","Ostlandet"
"NINFP2110060601",3.98964963510939,3.86527347564697,9428,1,"meta_highrescanopyheight_orthophoto",0.5,"orthophoto_50cm_2025","Ostlandet"
"NINFP1910010457",5.33046573394695,5.71367073059082,56557,8,"meta_highrescanopyheight_orthophoto",0.5,"orthophoto_50cm_2025","Ostlandet"
"NINFP2210096519",2.58941838090383,1.8079816699028,17714,4,"meta_highrescanopyheight_orthophoto",0.5,"orthophoto_50cm_2025","Ostlandet"
"NINFP2210098162",1.6593190348749,0.744247823953629,8134,4,"meta_highrescanopyheight_orthophoto",0.5,"orthophoto_50cm_2025","Ostlandet"
"NINFP2110060596",0.813172015185732,0.0288388859480619,53281,4,"meta_highrescanopyheight_orthophoto",0.5,"orthophoto_50cm_2025","Ostlandet"
"NINFP2510192838",5.06797247144039,5.617262840271,17838,3,"meta_highrescanopyheight_orthophoto",0.5,"orthophoto_50cm_2025","Ostlandet"
"NINFP2010040180",5.81881464259633,6.04677367210388,16374,3,"meta_highrescanopyheight_orthophoto",0.5,"orthophoto_50cm_2025","Ostlandet"
"NINFP1910000283",6.12145102265905,6.42965793609619,4224,3,"meta_highrescanopyheight_orthophoto",0.5,"orthophoto_50cm_2025","Ostlandet"
"NINFP1910059904",0.046618163749328,0.0105182500556111,8547,2,"meta_highrescanopyheight_orthophoto",0.5,"orthophoto_50cm_2025","Ostlandet"
"NINFP1810044439",3.24223704023015,1.54991567134857,64410,4,"meta_highrescanopyheight_orthophoto",0.5,"orthophoto_50cm_2025","Ostlandet"
"NINFP2210100784",2.30745047581372,1.15477228164673,25446,5,"meta_highrescanopyheight_orthophoto",0.5,"orthophoto_50cm_2025","Ostlandet"
"NINFP1810020865",3.9677120936015,3.79252624511719,47907,4,"meta_highrescanopyheight_orthophoto",0.5,"orthophoto_50cm_2025","Ostlandet"
"NINFP2510215472",2.48352864243785,0.2357297539711,6901,2,"meta_highrescanopyheight_orthophoto",0.5,"orthophoto_50cm_2025","Ostlandet"
"NINFP2110041202",2.07498059198184,0.0202037440612912,279938,11,"meta_highrescanopyheight_orthophoto",0.5,"orthophoto_50cm_2025","Ostlandet"
"NINFP2010052327",0.0486646689301715,0.0102113643661141,4310,1,"meta_highrescanopyheight_orthophoto",0.5,"orthophoto_50cm_2025","Ostlandet"
"NINFP1910053416",10.5802125787001,11.6173534393311,16754,3,"meta_highrescanopyheight_orthophoto",0.5,"orthophoto_50cm_2025","Ostlandet"
"NINFP2310134441",0.114515801739196,0.0111451372504234,4318,2,"meta_highrescanopyheight_orthophoto",0.5,"orthophoto_50cm_2025","Ostlandet"
"NINFP1810022542",4.41362229608751,3.80189061164856,22456,4,"meta_highrescanopyheight_orthophoto",0.5,"orthophoto_50cm_2025","Ostlandet"
"NINFP2110018531",0.940182757352033,0.0633927620947361,6638,3,"meta_highrescanopyheight_orthophoto",0.5,"orthophoto_50cm_2025","Ostlandet"
"NINFP2010034786",11.5974189495612,12.2683420181274,18665,3,"meta_highrescanopyheight_orthophoto",0.5,"orthophoto_50cm_2025","Ostlandet"
"NINFP2610220331",0.727325383909637,0.0395343452692032,28827,4,"meta_highrescanopyheight_orthophoto",0.5,"orthophoto_50cm_2025","Ostlandet"
"NINFP2010006028",7.58778463827756,8.18892860412598,11429,3,"meta_highrescanopyheight_orthophoto",0.5,"orthophoto_50cm_2025","Ostlandet"
"NINFP1810011380",3.9665450831723,3.72601652145386,8678,2,"meta_highrescanopyheight_orthophoto",0.5,"orthophoto_50cm_2025","Ostlandet"
"NINFP1810037636",1.23397299662691,0.0207000244408846,14679,3,"meta_highrescanopyheight_orthophoto",0.5,"orthophoto_50cm_2025","Ostlandet"
"NINFP2210103950",2.80627780453968,1.3580048084259,30363,3,"meta_highrescanopyheight_orthophoto",0.5,"orthophoto_50cm_2025","Ostlandet"
"NINFP2110025220",0.545520808802539,0.0350342039018869,9028,2,"meta_highrescanopyheight_orthophoto",0.5,"orthophoto_50cm_2025","Ostlandet"
"NINFP1810032063",6.31798674343706,6.05678296089172,5262,1,"meta_highrescanopyheight_orthophoto",0.5,"orthophoto_50cm_2025","Ostlandet"
"NINFP1810040506",0.660691429348296,0.0250694500282407,6866,3,"meta_highrescanopyheight_orthophoto",0.5,"orthophoto_50cm_2025","Ostlandet"
"NINFP2510204392",0.463024186566854,0.0177172459661961,11210,4,"meta_highrescanopyheight_orthophoto",0.5,"orthophoto_50cm_2025","Ostlandet"
"NINFP2010036693",2.29016428398584,1.11811208724976,5836,2,"meta_highrescanopyheight_orthophoto",0.5,"orthophoto_50cm_2025","Ostlandet"
"NINFP2110014841",0.611448589184468,0.0123542780056596,5670,3,"meta_highrescanopyheight_orthophoto",0.5,"orthophoto_50cm_2025","Ostlandet"
"NINFP1910000284",6.80898858478549,6.81147193908691,4159,2,"meta_highrescanopyheight_orthophoto",0.5,"orthophoto_50cm_2025","Ostlandet"
"NINFP2110068637",0.745442782736121,0.0109293907880783,53094,8,"meta_highrescanopyheight_orthophoto",0.5,"orthophoto_50cm_2025","Ostlandet"
"NINFP2010036014",0.30547887630099,0.022662840783596,1143,1,"meta_highrescanopyheight_orthophoto",0.5,"orthophoto_50cm_2025","Ostlandet"
"NINFP1810040033",7.78055812004748,8.15655326843262,5572,1,"meta_highrescanopyheight_orthophoto",0.5,"orthophoto_50cm_2025","Ostlandet"
"NINFP2010035792",5.00136061672069,4.41713881492615,14754,2,"meta_highrescanopyheight_orthophoto",0.5,"orthophoto_50cm_2025","Ostlandet"
"NINFP2510195677",7.33659258867255,7.85848617553711,6896,3,"meta_highrescanopyheight_orthophoto",0.5,"orthophoto_50cm_2025","Ostlandet"
"NINFP2010036784",0.0100311798654012,0.0100286398082972,9892,1,"meta_highrescanopyheight_orthophoto",0.5,"orthophoto_50cm_2025","Ostlandet"
"NINFP1810037199",2.81097632397758,1.79801470041275,7382,1,"meta_highrescanopyheight_orthophoto",0.5,"orthophoto_50cm_2025","Ostlandet"
"NINFP2010011709",0.563451776445459,0.0254280939698219,3528,1,"meta_highrescanopyheight_orthophoto",0.5,"orthophoto_50cm_2025","Ostlandet"
"NINFP2110014341",0.588205010784369,0.0135719869285822,3129,2,"meta_highrescanopyheight_orthophoto",0.5,"orthophoto_50cm_2025","Ostlandet"
"NINFP2410157785",0.255538526225283,0.0194498132914305,20429,3,"meta_highrescanopyheight_orthophoto",0.5,"orthophoto_50cm_2025","Ostlandet"
"NINFP2510211383",3.4540531496571,3.02076935768127,15667,2,"meta_highrescanopyheight_orthophoto",0.5,"orthophoto_50cm_2025","Ostlandet"
"NINFP2510196345",0.351795118666145,0.0173438116908073,34793,4,"meta_highrescanopyheight_orthophoto",0.5,"orthophoto_50cm_2025","Ostlandet"
"NINFP2110024629",2.14980582541037,0.050888903439045,11525,4,"meta_highrescanopyheight_orthophoto",0.5,"orthophoto_50cm_2025","Ostlandet"
"NINFP2310123631",0.779146203128541,0.0194826181977987,23713,3,"meta_highrescanopyheight_orthophoto",0.5,"orthophoto_50cm_2025","Ostlandet"
"NINFP2310137479",4.72656689218815,4.9395923614502,16869,2,"meta_highrescanopyheight_orthophoto",0.5,"orthophoto_50cm_2025","Ostlandet"
"NINFP1910015825",1.31342771554808,0.263052195310593,12785,2,"meta_highrescanopyheight_orthophoto",0.5,"orthophoto_50cm_2025","Ostlandet"
"NINFP2110040027",8.16798398657364,9.117919921875,5766,3,"meta_highrescanopyheight_orthophoto",0.5,"orthophoto_50cm_2025","Ostlandet"
"NINFP2210101016",4.63114533276868,4.67904329299927,11258,3,"meta_highrescanopyheight_orthophoto",0.5,"orthophoto_50cm_2025","Ostlandet"
"NINFP1810043056",0.642952943687754,0.0253664627671242,7201,2,"meta_highrescanopyheight_orthophoto",0.5,"orthophoto_50cm_2025","Ostlandet"
"NINFP1810024273",2.62336560280052,1.4318642616272,8262,2,"meta_highrescanopyheight_orthophoto",0.5,"orthophoto_50cm_2025","Ostlandet"
"NINFP2510190500",5.26425754439718,4.56330370903015,16002,3,"meta_highrescanopyheight_orthophoto",0.5,"orthophoto_50cm_2025","Ostlandet"
"NINFP2410169155",0.16010262569643,0.0116062974557281,19108,6,"meta_highrescanopyheight_orthophoto",0.5,"orthophoto_50cm_2025","Ostlandet"
"NINFP1910000340",9.32125519761245,10.1193695068359,56812,6,"meta_highrescanopyheight_orthophoto",0.5,"orthophoto_50cm_2025","Ostlandet"
"NINFP1910022603",0.116874706282873,0.0111094429157674,9350,1,"meta_highrescanopyheight_orthophoto",0.5,"orthophoto_50cm_2025","Ostlandet"
"NINFP1810009177",5.31295444083309,5.0850658416748,48769,5,"meta_highrescanopyheight_orthophoto",0.5,"orthophoto_50cm_2025","Ostlandet"
"NINFP1810028097",2.0630490570506,0.374421238899231,79,1,"meta_highrescanopyheight_orthophoto",0.5,"orthophoto_50cm_2025","Ostlandet"
"NINFP2110013460",0.0329027357056589,0.0101455710828304,52739,3,"meta_highrescanopyheight_orthophoto",0.5,"orthophoto_50cm_2025","Ostlandet"
"NINFP2210082180",0.526856352474219,0.0123786283656955,27717,2,"meta_highrescanopyheight_orthophoto",0.5,"orthophoto_50cm_2025","Ostlandet"
"NINFP1810024583",0.312633035853222,0.021020351909101,24960,3,"meta_highrescanopyheight_orthophoto",0.5,"orthophoto_50cm_2025","Ostlandet"
"NINFP1810032255",5.1035116620937,5.39833450317383,4391,2,"meta_highrescanopyheight_orthophoto",0.5,"orthophoto_50cm_2025","Ostlandet"
"NINFP1810018750",5.25751514472961,5.13151407241821,91853,4,"meta_highrescanopyheight_orthophoto",0.5,"orthophoto_50cm_2025","Ostlandet"
"NINFP2110015166",5.89511542378374,5.75692749023438,7191,4,"meta_highrescanopyheight_orthophoto",0.5,"orthophoto_50cm_2025","Ostlandet"
"NINFP2010030452",0.0150749247521605,0.0101696238853037,4204,1,"meta_highrescanopyheight_orthophoto",0.5,"orthophoto_50cm_2025","Ostlandet"
"NINFP1910000477",6.59466772054976,6.64827656745911,10988,4,"meta_highrescanopyheight_orthophoto",0.5,"orthophoto_50cm_2025","Ostlandet"
"NINFP2010027034",0.0105636213027812,0.0100693190470338,6323,2,"meta_highrescanopyheight_orthophoto",0.5,"orthophoto_50cm_2025","Ostlandet"
"NINFP1810037494",5.97853698759538,5.50101709365845,4347,2,"meta_highrescanopyheight_orthophoto",0.5,"orthophoto_50cm_2025","Ostlandet"
"NINFP1910061107",1.03959524237063,0.0833727195858955,94218,9,"meta_highrescanopyheight_orthophoto",0.5,"orthophoto_50cm_2025","Ostlandet"
"NINFP2210100796",4.19451017983978,1.87656378746033,16543,2,"meta_highrescanopyheight_orthophoto",0.5,"orthophoto_50cm_2025","Ostlandet"
"NINFP1810013173",3.6149226203171,3.75654220581055,10272,2,"meta_highrescanopyheight_orthophoto",0.5,"orthophoto_50cm_2025","Ostlandet"
"NINFP1910032107",2.19778884950107,0.96056991815567,19373,4,"meta_highrescanopyheight_orthophoto",0.5,"orthophoto_50cm_2025","Ostlandet"
"NINFP1810013958",1.46020271291703,0.101752534508705,33225,5,"meta_highrescanopyheight_orthophoto",0.5,"orthophoto_50cm_2025","Ostlandet"
"NINFP1910041500",5.9396678153783,5.79633164405823,6876,3,"meta_highrescanopyheight_orthophoto",0.5,"orthophoto_50cm_2025","Ostlandet"
"NINFP2310134586",3.42799902976958,2.3582181930542,3115,2,"meta_highrescanopyheight_orthophoto",0.5,"orthophoto_50cm_2025","Ostlandet"
"NINFP1810026597",2.83124533387375,0.659308969974518,22868,2,"meta_highrescanopyheight_orthophoto",0.5,"orthophoto_50cm_2025","Ostlandet"
"NINFP2110014360",2.635296485115,1.28973186016083,21129,4,"meta_highrescanopyheight_orthophoto",0.5,"orthophoto_50cm_2025","Ostlandet"
"NINFP2310142801",0.0158356015012923,0.0102919330820441,5641,2,"meta_highrescanopyheight_orthophoto",0.5,"orthophoto_50cm_2025","Ostlandet"
"NINFP2510213188",3.27544339133163,2.20844721794128,16818,2,"meta_highrescanopyheight_orthophoto",0.5,"orthophoto_50cm_2025","Ostlandet"
"NINFP1810012567",3.88812965784344,2.19992613792419,7206,4,"meta_highrescanopyheight_orthophoto",0.5,"orthophoto_50cm_2025","Ostlandet"
"NINFP2210094151",5.01437227015228,4.86428594589233,12843,4,"meta_highrescanopyheight_orthophoto",0.5,"orthophoto_50cm_2025","Ostlandet"
"NINFP2010014578",5.39851732864197,5.36116409301758,7195,2,"meta_highrescanopyheight_orthophoto",0.5,"orthophoto_50cm_2025","Ostlandet"
"NINFP2310127295",0.0437917672740446,0.0101761664263904,41570,5,"meta_highrescanopyheight_orthophoto",0.5,"orthophoto_50cm_2025","Ostlandet"
"NINFP2010006124",8.80394901425682,9.2470064163208,17415,2,"meta_highrescanopyheight_orthophoto",0.5,"orthophoto_50cm_2025","Ostlandet"
"NINFP1910017591",5.73374626448722,5.44451880455017,3018,1,"meta_highrescanopyheight_orthophoto",0.5,"orthophoto_50cm_2025","Ostlandet"
"NINFP1810010762",4.47626134404047,4.75337076187134,1779,3,"meta_highrescanopyheight_orthophoto",0.5,"orthophoto_50cm_2025","Ostlandet"
"NINFP2210102803",5.76479193149483,6.01527786254883,145644,8,"meta_highrescanopyheight_orthophoto",0.5,"orthophoto_50cm_2025","Ostlandet"
"NINFP2010031908",4.47921477733916,4.5283374786377,5468,1,"meta_highrescanopyheight_orthophoto",0.5,"orthophoto_50cm_2025","Ostlandet"
"NINFP2410160791",0.0231445983663033,0.0103389285504818,35955,4,"meta_highrescanopyheight_orthophoto",0.5,"orthophoto_50cm_2025","Ostlandet"
"NINFP1810012738",3.92101748449623,3.06645095348358,27902,6,"meta_highrescanopyheight_orthophoto",0.5,"orthophoto_50cm_2025","Ostlandet"
"NINFP1910029371",5.03241110305475,5.42700672149658,34775,3,"meta_highrescanopyheight_orthophoto",0.5,"orthophoto_50cm_2025","Ostlandet"
"NINFP2410161419",7.22514586272749,7.61773204803467,28791,4,"meta_highrescanopyheight_orthophoto",0.5,"orthophoto_50cm_2025","Ostlandet"
"NINFP1810013490",1.00849459900476,0.0200435603037477,10840,3,"meta_highrescanopyheight_orthophoto",0.5,"orthophoto_50cm_2025","Ostlandet"
"NINFP1810023284",0.0856981712521865,0.0107347234152257,12606,2,"meta_highrescanopyheight_orthophoto",0.5,"orthophoto_50cm_2025","Ostlandet"
"NINFP1910030654",0.145585626439602,0.010241312906146,161627,8,"meta_highrescanopyheight_orthophoto",0.5,"orthophoto_50cm_2025","Ostlandet"
"NINFP1910045334",0.0885308204702018,0.0102885812520981,18905,4,"meta_highrescanopyheight_orthophoto",0.5,"orthophoto_50cm_2025","Ostlandet"
"NINFP2110042191",5.01345903053522,5.27911376953125,31720,5,"meta_highrescanopyheight_orthophoto",0.5,"orthophoto_50cm_2025","Ostlandet"
"NINFP2510217064",6.13247864836947,6.83965420722961,13564,3,"meta_highrescanopyheight_orthophoto",0.5,"orthophoto_50cm_2025","Ostlandet"
"NINFP2010035307",11.1722316613737,11.2821426391602,6815,3,"meta_highrescanopyheight_orthophoto",0.5,"orthophoto_50cm_2025","Ostlandet"
"NINFP2010014636",11.0876090533607,12.4328579902649,4072,1,"meta_highrescanopyheight_orthophoto",0.5,"orthophoto_50cm_2025","Ostlandet"
"NINFP2010007749",7.7592313415772,8.22888660430908,4005,4,"meta_highrescanopyheight_orthophoto",0.5,"orthophoto_50cm_2025","Ostlandet"
"NINFP2410170775",0.0481734641350712,0.0100687881931663,35950,3,"meta_highrescanopyheight_orthophoto",0.5,"orthophoto_50cm_2025","Ostlandet"
"NINFP2410147567",0.737936373767928,0.0121939848177135,946606,26,"meta_highrescanopyheight_orthophoto",0.5,"orthophoto_50cm_2025","Ostlandet"
"NINFP2410179738",6.40783415655425,6.77990746498108,25354,3,"meta_highrescanopyheight_orthophoto",0.5,"orthophoto_50cm_2025","Ostlandet"
"NINFP2010005649",2.63733239668167,1.32789921760559,5528,3,"meta_highrescanopyheight_orthophoto",0.5,"orthophoto_50cm_2025","Ostlandet"
"NINFP2210075399",5.62858252356483,6.35927033424377,4470,1,"meta_highrescanopyheight_orthophoto",0.5,"orthophoto_50cm_2025","Ostlandet"
"NINFP1910016454",1.89140454175828,0.195877939462662,40382,5,"meta_highrescanopyheight_orthophoto",0.5,"orthophoto_50cm_2025","Ostlandet"
"NINFP1810037196",6.26820092288938,6.28470253944397,14718,2,"meta_highrescanopyheight_orthophoto",0.5,"orthophoto_50cm_2025","Ostlandet"
"NINFP2410147568",1.2596344810252,0.145519658923149,117147,9,"meta_highrescanopyheight_orthophoto",0.5,"orthophoto_50cm_2025","Ostlandet"
"NINFP2010015491",0.0523575447559463,0.0100994501262903,366159,17,"meta_highrescanopyheight_orthophoto",0.5,"orthophoto_50cm_2025","Ostlandet"
"NINFP1810010075",7.90701813110673,7.63434457778931,13345,4,"meta_highrescanopyheight_orthophoto",0.5,"orthophoto_50cm_2025","Ostlandet"
"NINFP2110062246",1.98071346564965,0.415303736925125,11815,2,"meta_highrescanopyheight_orthophoto",0.5,"orthophoto_50cm_2025","Ostlandet"
"NINFP1810038229",2.30817862996087,1.53172373771667,58303,3,"meta_highrescanopyheight_orthophoto",0.5,"orthophoto_50cm_2025","Ostlandet"
"NINFP2410164157",2.85686703424417,1.24422752857208,5331,2,"meta_highrescanopyheight_orthophoto",0.5,"orthophoto_50cm_2025","Ostlandet"
"NINFP2210094055",0.0115856926982119,0.0101502239704132,25274,4,"meta_highrescanopyheight_orthophoto",0.5,"orthophoto_50cm_2025","Ostlandet"
"NINFP2110019706",1.09376359335741,0.528826057910919,5529,3,"meta_highrescanopyheight_orthophoto",0.5,"orthophoto_50cm_2025","Ostlandet"
"NINFP2410164094",2.92193083306511,1.24533271789551,8389,2,"meta_highrescanopyheight_orthophoto",0.5,"orthophoto_50cm_2025","Ostlandet"
"NINFP2510186612",0.561056331117415,0.0558788906782866,4308,2,"meta_highrescanopyheight_orthophoto",0.5,"orthophoto_50cm_2025","Ostlandet"
"NINFP2110018396",0.902480439618509,0.198506623506546,20791,4,"meta_highrescanopyheight_orthophoto",0.5,"orthophoto_50cm_2025","Ostlandet"
"NINFP2510213183",2.51030539284146,1.20734822750092,15204,2,"meta_highrescanopyheight_orthophoto",0.5,"orthophoto_50cm_2025","Ostlandet"
"NINFP1810018474",4.06085828792902,3.94753217697144,81,1,"meta_highrescanopyheight_orthophoto",0.5,"orthophoto_50cm_2025","Ostlandet"
"NINFP2510184330",8.35577015300163,8.66006660461426,13637,2,"meta_highrescanopyheight_orthophoto",0.5,"orthophoto_50cm_2025","Ostlandet"
"NINFP2110058598",1.08402609350017,0.217885084450245,30750,3,"meta_highrescanopyheight_orthophoto",0.5,"orthophoto_50cm_2025","Ostlandet"
"NINFP2510202084",0.889967656191164,0.0298562273383141,30054,5,"meta_highrescanopyheight_orthophoto",0.5,"orthophoto_50cm_2025","Ostlandet"
"NINFP1810034408",3.330816165999,2.25874078273773,5716,2,"meta_highrescanopyheight_orthophoto",0.5,"orthophoto_50cm_2025","Ostlandet"
"NINFP2210085179",0.808762275195782,0.0200046114623547,12395,4,"meta_highrescanopyheight_orthophoto",0.5,"orthophoto_50cm_2025","Ostlandet"
"NINFP2410183156",1.32606404375333,0.351985931396484,83987,5,"meta_highrescanopyheight_orthophoto",0.5,"orthophoto_50cm_2025","Ostlandet"
"NINFP2210099189",2.6036059787927,1.23927891254425,36685,8,"meta_highrescanopyheight_orthophoto",0.5,"orthophoto_50cm_2025","Ostlandet"
"NINFP2210106285",4.28655736003856,4.23135948181152,10945,2,"meta_highrescanopyheight_orthophoto",0.5,"orthophoto_50cm_2025","Ostlandet"
"NINFP1810027055",9.09214798159116,9.32948350906372,8148,2,"meta_highrescanopyheight_orthophoto",0.5,"orthophoto_50cm_2025","Ostlandet"
"NINFP1810020859",0.308540670052444,0.0105322049930692,432411,17,"meta_highrescanopyheight_orthophoto",0.5,"orthophoto_50cm_2025","Ostlandet"
"NINFP1810039589",0.363954709456783,0.0341431200504303,7940,3,"meta_highrescanopyheight_orthophoto",0.5,"orthophoto_50cm_2025","Ostlandet"
"NINFP2010025881",0.168586520208283,0.0107785696163774,10278,2,"meta_highrescanopyheight_orthophoto",0.5,"orthophoto_50cm_2025","Ostlandet"
"NINFP1910014101",2.33586627382153,0.230975896120071,9856,2,"meta_highrescanopyheight_orthophoto",0.5,"orthophoto_50cm_2025","Ostlandet"
"NINFP2110059159",0.94888105171155,0.172925338149071,20876,5,"meta_highrescanopyheight_orthophoto",0.5,"orthophoto_50cm_2025","Ostlandet"
"NINFP2110057628",0.185507819425841,0.0222827941179276,21893,4,"meta_highrescanopyheight_orthophoto",0.5,"orthophoto_50cm_2025","Ostlandet"
"NINFP2210078735",2.22139372908528,1.34488046169281,8766,2,"meta_highrescanopyheight_orthophoto",0.5,"orthophoto_50cm_2025","Ostlandet"
"NINFP2110024336",0.0221243368057263,0.0102285351604223,8142,2,"meta_highrescanopyheight_orthophoto",0.5,"orthophoto_50cm_2025","Ostlandet"
"NINFP2210103984",2.03438565829868,0.207979753613472,4110,3,"meta_highrescanopyheight_orthophoto",0.5,"orthophoto_50cm_2025","Ostlandet"
"NINFP1810002107",7.83524158502807,7.81639623641968,48913,6,"meta_highrescanopyheight_orthophoto",0.5,"orthophoto_50cm_2025","Ostlandet"
"NINFP1810020866",4.32269730675235,4.09044313430786,19234,3,"meta_highrescanopyheight_orthophoto",0.5,"orthophoto_50cm_2025","Ostlandet"
"NINFP2210077352",2.37405589670828,0.815063625574112,40520,4,"meta_highrescanopyheight_orthophoto",0.5,"orthophoto_50cm_2025","Ostlandet"
"NINFP2310131261",6.65024684045494,7.27350807189941,9694,2,"meta_highrescanopyheight_orthophoto",0.5,"orthophoto_50cm_2025","Ostlandet"
"NINFP2310139854",2.91786672756385,1.69139623641968,68047,7,"meta_highrescanopyheight_orthophoto",0.5,"orthophoto_50cm_2025","Ostlandet"
"NINFP1810042142",1.2763112149129,0.246749386191368,13659,3,"meta_highrescanopyheight_orthophoto",0.5,"orthophoto_50cm_2025","Ostlandet"
"NINFP1910009866",7.2027380677321,7.70240044593811,28134,3,"meta_highrescanopyheight_orthophoto",0.5,"orthophoto_50cm_2025","Ostlandet"
"NINFP2210103887",0.908157746573029,0.0114913042634726,5620,2,"meta_highrescanopyheight_orthophoto",0.5,"orthophoto_50cm_2025","Ostlandet"
"NINFP2010036787",0.0222826381009162,0.0101032285019755,215481,10,"meta_highrescanopyheight_orthophoto",0.5,"orthophoto_50cm_2025","Ostlandet"
"NINFP2110039381",2.49421109646568,0.0416851937770844,7739,4,"meta_highrescanopyheight_orthophoto",0.5,"orthophoto_50cm_2025","Ostlandet"
"NINFP2010041780",3.44579218958368,3.06368863582611,8658,1,"meta_highrescanopyheight_orthophoto",0.5,"orthophoto_50cm_2025","Ostlandet"
"NINFP1910042273",1.04255389192295,0.0647285878658295,12356,2,"meta_highrescanopyheight_orthophoto",0.5,"orthophoto_50cm_2025","Ostlandet"
"NINFP1910043940",4.88405426627041,5.36457252502441,10411,4,"meta_highrescanopyheight_orthophoto",0.5,"orthophoto_50cm_2025","Ostlandet"
"NINFP1810013480",4.12911143982767,3.2742977142334,31506,6,"meta_highrescanopyheight_orthophoto",0.5,"orthophoto_50cm_2025","Ostlandet"
"NINFP2210107002",0.340149934849941,0.0101987002417445,3929,1,"meta_highrescanopyheight_orthophoto",0.5,"orthophoto_50cm_2025","Ostlandet"
"NINFP1810015311",7.31439379496595,7.79413270950317,3835,2,"meta_highrescanopyheight_orthophoto",0.5,"orthophoto_50cm_2025","Ostlandet"
"NINFP2110022507",0.0534084550670027,0.0104009229689837,9737,4,"meta_highrescanopyheight_orthophoto",0.5,"orthophoto_50cm_2025","Ostlandet"
"NINFP2310142344",1.30438040866864,0.0927625745534897,42807,4,"meta_highrescanopyheight_orthophoto",0.5,"orthophoto_50cm_2025","Ostlandet"
"NINFP2010005269",5.22878605258637,5.37653017044067,5241,2,"meta_highrescanopyheight_orthophoto",0.5,"orthophoto_50cm_2025","Ostlandet"
"NINFP2010014028",6.7818029225029,7.38925695419312,62293,4,"meta_highrescanopyheight_orthophoto",0.5,"orthophoto_50cm_2025","Ostlandet"
"NINFP2110019472",1.20415042510358,0.0882464200258255,5517,2,"meta_highrescanopyheight_orthophoto",0.5,"orthophoto_50cm_2025","Ostlandet"
"NINFP2010042706",0.1126956062645,0.0102648101747036,30393,3,"meta_highrescanopyheight_orthophoto",0.5,"orthophoto_50cm_2025","Ostlandet"
"NINFP2310126448",2.13787290228769,0.660892754793167,11604,2,"meta_highrescanopyheight_orthophoto",0.5,"orthophoto_50cm_2025","Ostlandet"
"NINFP2510208281",0.263228178752285,0.0102253220975399,11657,2,"meta_highrescanopyheight_orthophoto",0.5,"orthophoto_50cm_2025","Ostlandet"
"NINFP1810002894",0.19455779273444,0.0108811431564391,79458,7,"meta_highrescanopyheight_orthophoto",0.5,"orthophoto_50cm_2025","Ostlandet"
"NINFP1810039110",3.11709702988003,2.34510278701782,7563,4,"meta_highrescanopyheight_orthophoto",0.5,"orthophoto_50cm_2025","Ostlandet"
"NINFP2310134439",2.08079414370637,1.43015646934509,5151,2,"meta_highrescanopyheight_orthophoto",0.5,"orthophoto_50cm_2025","Ostlandet"
"NINFP2210077353",5.60335723489953,5.41914701461792,4298,1,"meta_highrescanopyheight_orthophoto",0.5,"orthophoto_50cm_2025","Ostlandet"
"NINFP1810023141",5.93331472067584,6.23170781135559,33240,4,"meta_highrescanopyheight_orthophoto",0.5,"orthophoto_50cm_2025","Ostlandet"
"NINFP1810015659",0.479308744494329,0.043318061158061,32542,4,"meta_highrescanopyheight_orthophoto",0.5,"orthophoto_50cm_2025","Ostlandet"
"NINFP2110055852",6.11413493474168,6.08847332000732,12957,2,"meta_highrescanopyheight_orthophoto",0.5,"orthophoto_50cm_2025","Ostlandet"
"NINFP2010026521",0.0102743165642082,0.0101198460906744,16387,2,"meta_highrescanopyheight_orthophoto",0.5,"orthophoto_50cm_2025","Ostlandet"
"NINFP2010040551",3.56351491431421,2.43069767951965,7389,3,"meta_highrescanopyheight_orthophoto",0.5,"orthophoto_50cm_2025","Ostlandet"
"NINFP1810043024",0.610321877174216,0.0124513944610953,12308,2,"meta_highrescanopyheight_orthophoto",0.5,"orthophoto_50cm_2025","Ostlandet"
"NINFP2510188575",0.0700137971000015,0.0104957823641598,24326,5,"meta_highrescanopyheight_orthophoto",0.5,"orthophoto_50cm_2025","Ostlandet"
"NINFP2010023452",0.160153873829357,0.0107625075615942,9840,2,"meta_highrescanopyheight_orthophoto",0.5,"orthophoto_50cm_2025","Ostlandet"
"NINFP2310141254",4.11115263713038,4.22469615936279,10601,2,"meta_highrescanopyheight_orthophoto",0.5,"orthophoto_50cm_2025","Ostlandet"
"NINFP2210109650",1.77833070139077,0.0247234497219324,1113,2,"meta_highrescanopyheight_orthophoto",0.5,"orthophoto_50cm_2025","Ostlandet"
"NINFP2210083804",0.230476281026394,0.0113235469907522,7251,2,"meta_highrescanopyheight_orthophoto",0.5,"orthophoto_50cm_2025","Ostlandet"
"NINFP1810037363",2.39040807261999,0.843328237533569,23248,5,"meta_highrescanopyheight_orthophoto",0.5,"orthophoto_50cm_2025","Ostlandet"
"NINFP2110040025",3.28142271150412,3.07089567184448,6179,3,"meta_highrescanopyheight_orthophoto",0.5,"orthophoto_50cm_2025","Ostlandet"
"NINFP2010019519",2.23450793687656,1.44132614135742,3717,1,"meta_highrescanopyheight_orthophoto",0.5,"orthophoto_50cm_2025","Ostlandet"
"NINFP1810022075",5.05890112763626,4.03929781913757,25074,3,"meta_highrescanopyheight_orthophoto",0.5,"orthophoto_50cm_2025","Ostlandet"
"NINFP1810010722",7.5880520942029,7.99514865875244,16080,4,"meta_highrescanopyheight_orthophoto",0.5,"orthophoto_50cm_2025","Ostlandet"
"NINFP1810012929",8.5831622438952,8.99648094177246,4007,2,"meta_highrescanopyheight_orthophoto",0.5,"orthophoto_50cm_2025","Ostlandet"
"NINFP2010034812",0.0111070080215459,0.0100247925147414,87313,10,"meta_highrescanopyheight_orthophoto",0.5,"orthophoto_50cm_2025","Ostlandet"
"NINFP2510196166",0.917133309279693,0.216180436313152,16624,2,"meta_highrescanopyheight_orthophoto",0.5,"orthophoto_50cm_2025","Ostlandet"
"NINFP2310130779",5.52473969637467,5.71356725692749,8751,2,"meta_highrescanopyheight_orthophoto",0.5,"orthophoto_50cm_2025","Ostlandet"
"NINFP2010003365",0.726973662752012,0.0307016000151634,994255,24,"meta_highrescanopyheight_orthophoto",0.5,"orthophoto_50cm_2025","Ostlandet"
"NINFP1910035327",2.7485550318837,1.82353663444519,36148,5,"meta_highrescanopyheight_orthophoto",0.5,"orthophoto_50cm_2025","Ostlandet"
"NINFP1810041502",0.383411451949504,0.0112671619281173,36692,4,"meta_highrescanopyheight_orthophoto",0.5,"orthophoto_50cm_2025","Ostlandet"
"NINFP2410156159",0.556169322041425,0.0121415741741657,6923,2,"meta_highrescanopyheight_orthophoto",0.5,"orthophoto_50cm_2025","Ostlandet"
"NINFP2110045005",3.10766964158383,2.45619440078735,6335,1,"meta_highrescanopyheight_orthophoto",0.5,"orthophoto_50cm_2025","Ostlandet"
"NINFP1810036222",1.73845454797507,0.0732504315674305,18242,3,"meta_highrescanopyheight_orthophoto",0.5,"orthophoto_50cm_2025","Ostlandet"
"NINFP2010047534",0.0167603257742124,0.0100604966282845,57677,4,"meta_highrescanopyheight_orthophoto",0.5,"orthophoto_50cm_2025","Ostlandet"
"NINFP2310122328",5.54025146173794,5.45200395584106,4960,2,"meta_highrescanopyheight_orthophoto",0.5,"orthophoto_50cm_2025","Ostlandet"
"NINFP1910000281",5.67920896920386,4.4471869468689,1974,1,"meta_highrescanopyheight_orthophoto",0.5,"orthophoto_50cm_2025","Ostlandet"
"NINFP2510217180",2.28499497514998,0.945384562015533,11419,2,"meta_highrescanopyheight_orthophoto",0.5,"orthophoto_50cm_2025","Ostlandet"
"NINFP1910035331",0.571334567831318,0.0223025744780898,52154,5,"meta_highrescanopyheight_orthophoto",0.5,"orthophoto_50cm_2025","Ostlandet"
"NINFP2510196332",5.45736663244575,5.26506876945496,73704,7,"meta_highrescanopyheight_orthophoto",0.5,"orthophoto_50cm_2025","Ostlandet"
"NINFP2610220190",1.40052565625875,0.213426113128662,11513,4,"meta_highrescanopyheight_orthophoto",0.5,"orthophoto_50cm_2025","Ostlandet"
"NINFP2310136052",0.175397508144471,0.0214722882956266,23752,4,"meta_highrescanopyheight_orthophoto",0.5,"orthophoto_50cm_2025","Ostlandet"
"NINFP1910000972",5.80113239968141,6.81372404098511,21879,2,"meta_highrescanopyheight_orthophoto",0.5,"orthophoto_50cm_2025","Ostlandet"
"NINFP1810027745",3.11163086038423,2.13120305538177,87822,6,"meta_highrescanopyheight_orthophoto",0.5,"orthophoto_50cm_2025","Ostlandet"
"NINFP2210076291",1.54195820427854,0.174549967050552,81933,8,"meta_highrescanopyheight_orthophoto",0.5,"orthophoto_50cm_2025","Ostlandet"
"NINFP2110065816",4.709383219361,4.98681855201721,2026,2,"meta_highrescanopyheight_orthophoto",0.5,"orthophoto_50cm_2025","Ostlandet"
"NINFP2110012707",0.0884269607871649,0.0100610768422484,25026,5,"meta_highrescanopyheight_orthophoto",0.5,"orthophoto_50cm_2025","Ostlandet"
"NINFP2010054007",0.559584086383515,0.0141183398663998,6819,4,"meta_highrescanopyheight_orthophoto",0.5,"orthophoto_50cm_2025","Ostlandet"
"NINFP2310117012",0.927415806130803,0.0239486834034324,104298,6,"meta_highrescanopyheight_orthophoto",0.5,"orthophoto_50cm_2025","Ostlandet"
"NINFP2410164195",0.622391508112123,0.0649787038564682,9069,2,"meta_highrescanopyheight_orthophoto",0.5,"orthophoto_50cm_2025","Ostlandet"
"NINFP1810040580",1.09675141655737,0.0345962382853031,76487,6,"meta_highrescanopyheight_orthophoto",0.5,"orthophoto_50cm_2025","Ostlandet"
"NINFP2510195944",2.18206706916285,1.26079213619232,29319,2,"meta_highrescanopyheight_orthophoto",0.5,"orthophoto_50cm_2025","Ostlandet"
"NINFP1810036968",6.8436361359675,7.55801439285278,6708,2,"meta_highrescanopyheight_orthophoto",0.5,"orthophoto_50cm_2025","Ostlandet"
"NINFP2510200981",0.194356520101827,0.0105089796707034,8411,3,"meta_highrescanopyheight_orthophoto",0.5,"orthophoto_50cm_2025","Ostlandet"
"NINFP2510188157",0.429306898604309,0.0125744147226214,8657,2,"meta_highrescanopyheight_orthophoto",0.5,"orthophoto_50cm_2025","Ostlandet"
"NINFP2110016574",1.37615086363019,0.350771963596344,15743,2,"meta_highrescanopyheight_orthophoto",0.5,"orthophoto_50cm_2025","Ostlandet"
"NINFP1810028589",3.0552863306384,1.27111905813217,5650,2,"meta_highrescanopyheight_orthophoto",0.5,"orthophoto_50cm_2025","Ostlandet"
"NINFP1810035705",0.0100655176723888,0.0100606987252831,4550,2,"meta_highrescanopyheight_orthophoto",0.5,"orthophoto_50cm_2025","Ostlandet"
"NINFP2210107431",11.8575305175814,12.2070159912109,4383,4,"meta_highrescanopyheight_orthophoto",0.5,"orthophoto_50cm_2025","Ostlandet"
"NINFP2110034431",6.85463868366835,7.31661939620972,4888,1,"meta_highrescanopyheight_orthophoto",0.5,"orthophoto_50cm_2025","Ostlandet"
"NINFP2010032564",6.25709704248902,5.93474960327148,6553,3,"meta_highrescanopyheight_orthophoto",0.5,"orthophoto_50cm_2025","Ostlandet"
"NINFP1810019554",4.61304310003018,3.89128732681274,6110,3,"meta_highrescanopyheight_orthophoto",0.5,"orthophoto_50cm_2025","Ostlandet"
"NINFP2410161016",0.0101732818671192,0.0101536284200847,5038,2,"meta_highrescanopyheight_orthophoto",0.5,"orthophoto_50cm_2025","Ostlandet"
"NINFP2110059431",0.781056375317676,0.128475941717625,24854,2,"meta_highrescanopyheight_orthophoto",0.5,"orthophoto_50cm_2025","Ostlandet"
"NINFP2210079399",3.00243786184195,2.06150305271149,5778,1,"meta_highrescanopyheight_orthophoto",0.5,"orthophoto_50cm_2025","Ostlandet"
"NINFP2410160789",0.0147583856257319,0.0101391561329365,25917,3,"meta_highrescanopyheight_orthophoto",0.5,"orthophoto_50cm_2025","Ostlandet"
"NINFP2510184249",3.96202168289244,1.77368485927582,2730,3,"meta_highrescanopyheight_orthophoto",0.5,"orthophoto_50cm_2025","Ostlandet"
"NINFP2310137466",3.12186646183629,2.07506418228149,11677,1,"meta_highrescanopyheight_orthophoto",0.5,"orthophoto_50cm_2025","Ostlandet"
"NINFP2510187294",1.43652217773887,0.279720783233643,7174,2,"meta_highrescanopyheight_orthophoto",0.5,"orthophoto_50cm_2025","Ostlandet"
"NINFP2010005420",1.93781690102572,0.614032387733459,7102,1,"meta_highrescanopyheight_orthophoto",0.5,"orthophoto_50cm_2025","Ostlandet"
"NINFP2510213190",1.85781382957952,0.227323085069656,43991,6,"meta_highrescanopyheight_orthophoto",0.5,"orthophoto_50cm_2025","Ostlandet"
"NINFP2410174595",2.8847759508126,0.409105479717255,14183,3,"meta_highrescanopyheight_orthophoto",0.5,"orthophoto_50cm_2025","Ostlandet"
"NINFP2510197789",0.109533310703834,0.0103005231358111,19386,4,"meta_highrescanopyheight_orthophoto",0.5,"orthophoto_50cm_2025","Ostlandet"
"NINFP2010034821",0.0197406308550015,0.010140067897737,72877,6,"meta_highrescanopyheight_orthophoto",0.5,"orthophoto_50cm_2025","Ostlandet"
"NINFP2210095798",0.364947979251087,0.0298138130456209,6331,2,"meta_highrescanopyheight_orthophoto",0.5,"orthophoto_50cm_2025","Ostlandet"
"NINFP2510200384",2.50316320467172,1.11252689361572,4451,1,"meta_highrescanopyheight_orthophoto",0.5,"orthophoto_50cm_2025","Ostlandet"
"NINFP2010009567",0.920098813134498,0.029293242841959,51255,5,"meta_highrescanopyheight_orthophoto",0.5,"orthophoto_50cm_2025","Ostlandet"
"NINFP2210098893",2.34789623730891,1.37481117248535,10959,2,"meta_highrescanopyheight_orthophoto",0.5,"orthophoto_50cm_2025","Ostlandet"
"NINFP1810038316",1.80302358059482,0.754358768463135,179385,9,"meta_highrescanopyheight_orthophoto",0.5,"orthophoto_50cm_2025","Ostlandet"
"NINFP2210107001",1.64246654128159,0.0275612436234951,4595,3,"meta_highrescanopyheight_orthophoto",0.5,"orthophoto_50cm_2025","Ostlandet"
"NINFP2410183021",6.38290883034435,6.68913602828979,9483,2,"meta_highrescanopyheight_orthophoto",0.5,"orthophoto_50cm_2025","Ostlandet"
"NINFP2510195947",7.55283033984576,8.26567554473877,5957,1,"meta_highrescanopyheight_orthophoto",0.5,"orthophoto_50cm_2025","Ostlandet"
"NINFP2410161183",7.52086411692503,7.94763565063477,29046,3,"meta_highrescanopyheight_orthophoto",0.5,"orthophoto_50cm_2025","Ostlandet"
"NINFP1810005909",2.90944870166489,1.59361934661865,9662,2,"meta_highrescanopyheight_orthophoto",0.5,"orthophoto_50cm_2025","Ostlandet"
"NINFP2410176971",1.72290978248516,0.725139677524567,22406,1,"meta_highrescanopyheight_orthophoto",0.5,"orthophoto_50cm_2025","Ostlandet"
"NINFP1810037390",5.05943414142827,4.55642509460449,11283,2,"meta_highrescanopyheight_orthophoto",0.5,"orthophoto_50cm_2025","Ostlandet"
"NINFP2210100787",2.86020358208291,1.66731911897659,18752,5,"meta_highrescanopyheight_orthophoto",0.5,"orthophoto_50cm_2025","Ostlandet"
"NINFP2310144158",7.96935442879796,7.94157981872559,5300,2,"meta_highrescanopyheight_orthophoto",0.5,"orthophoto_50cm_2025","Ostlandet"
"NINFP1810044340",5.64992800288781,5.62437152862549,10151,2,"meta_highrescanopyheight_orthophoto",0.5,"orthophoto_50cm_2025","Ostlandet"
"NINFP2310131021",0.0385537783168063,0.010723345912993,57219,6,"meta_highrescanopyheight_orthophoto",0.5,"orthophoto_50cm_2025","Ostlandet"
"NINFP2110016446",1.98240496790962,0.127368032932281,17027,2,"meta_highrescanopyheight_orthophoto",0.5,"orthophoto_50cm_2025","Ostlandet"
"NINFP2210101027",3.81929223825297,3.58763825893402,7662,1,"meta_highrescanopyheight_orthophoto",0.5,"orthophoto_50cm_2025","Ostlandet"
"NINFP2110024628",0.0535366095299164,0.0103623988106847,18691,7,"meta_highrescanopyheight_orthophoto",0.5,"orthophoto_50cm_2025","Ostlandet"
"NINFP2010009524",2.37901865662447,0.909629166126251,366,1,"meta_highrescanopyheight_orthophoto",0.5,"orthophoto_50cm_2025","Ostlandet"
"NINFP2410169635",0.507058211180392,0.0513851512223482,8232,4,"meta_highrescanopyheight_orthophoto",0.5,"orthophoto_50cm_2025","Ostlandet"
"NINFP2110015154",1.37052201913762,0.244691245257854,11634,2,"meta_highrescanopyheight_orthophoto",0.5,"orthophoto_50cm_2025","Ostlandet"
"NINFP2510215643",4.65708692042678,4.60331201553345,30327,4,"meta_highrescanopyheight_orthophoto",0.5,"orthophoto_50cm_2025","Ostlandet"
"NINFP2310144583",2.91328474479704,2.49859023094177,20465,3,"meta_highrescanopyheight_orthophoto",0.5,"orthophoto_50cm_2025","Ostlandet"
"NINFP1910018414",2.1282414434262,1.33848369121552,10121,2,"meta_highrescanopyheight_orthophoto",0.5,"orthophoto_50cm_2025","Ostlandet"
"NINFP2110043935",0.985552352117416,0.0284430049359798,7427,2,"meta_highrescanopyheight_orthophoto",0.5,"orthophoto_50cm_2025","Ostlandet"
"NINFP1810039262",1.99546413788537,0.619279980659485,19596,2,"meta_highrescanopyheight_orthophoto",0.5,"orthophoto_50cm_2025","Ostlandet"
"NINFP2210101344",2.17266218358164,0.262788653373718,10916,1,"meta_highrescanopyheight_orthophoto",0.5,"orthophoto_50cm_2025","Ostlandet"
"NINFP2510204385",0.624417524447652,0.01270801294595,8403,1,"meta_highrescanopyheight_orthophoto",0.5,"orthophoto_50cm_2025","Ostlandet"
"NINFP2510188981",1.14917494458827,0.0914135947823524,21057,4,"meta_highrescanopyheight_orthophoto",0.5,"orthophoto_50cm_2025","Ostlandet"
"NINFP1810023286",0.357094330928374,0.0110854846425354,150170,10,"meta_highrescanopyheight_orthophoto",0.5,"orthophoto_50cm_2025","Ostlandet"
"NINFP2410176298",3.34249612192625,3.24671077728271,6567,1,"meta_highrescanopyheight_orthophoto",0.5,"orthophoto_50cm_2025","Ostlandet"
"NINFP1810010905",3.66890428720885,3.57490682601929,2396,1,"meta_highrescanopyheight_orthophoto",0.5,"orthophoto_50cm_2025","Ostlandet"
"NINFP1910047323",2.87997689445427,0.289017304778099,20416,5,"meta_highrescanopyheight_orthophoto",0.5,"orthophoto_50cm_2025","Ostlandet"
"NINFP2110040903",5.03644259952654,3.5984354019165,5186,4,"meta_highrescanopyheight_orthophoto",0.5,"orthophoto_50cm_2025","Ostlandet"
"NINFP2210108422",0.130195724792882,0.0104452585801482,2669,2,"meta_highrescanopyheight_orthophoto",0.5,"orthophoto_50cm_2025","Ostlandet"
"NINFP2210107871",1.5263635022989,0.011368905659765,20750,2,"meta_highrescanopyheight_orthophoto",0.5,"orthophoto_50cm_2025","Ostlandet"
"NINFP1810042198",7.85855022350314,8.47525691986084,13363,2,"meta_highrescanopyheight_orthophoto",0.5,"orthophoto_50cm_2025","Ostlandet"
"NINFP2210114045",2.33487853986954,1.00591480731964,50739,8,"meta_highrescanopyheight_orthophoto",0.5,"orthophoto_50cm_2025","Ostlandet"
"NINFP2210084031",6.12710554357337,6.13081169128418,10742,2,"meta_highrescanopyheight_orthophoto",0.5,"orthophoto_50cm_2025","Ostlandet"
"NINFP2310131463",0.216128883536846,0.01173873571679,14218,3,"meta_highrescanopyheight_orthophoto",0.5,"orthophoto_50cm_2025","Ostlandet"
"NINFP2110029454",0.189998918756431,0.0102007007226348,2591,1,"meta_highrescanopyheight_orthophoto",0.5,"orthophoto_50cm_2025","Ostlandet"
"NINFP2010041782",4.21003565519732,3.86201739311218,9425,3,"meta_highrescanopyheight_orthophoto",0.5,"orthophoto_50cm_2025","Ostlandet"
"NINFP1810010783",4.74724417400312,4.75597405433655,15070,2,"meta_highrescanopyheight_orthophoto",0.5,"orthophoto_50cm_2025","Ostlandet"
"NINFP2310136050",4.57089860210459,4.53032732009888,19187,2,"meta_highrescanopyheight_orthophoto",0.5,"orthophoto_50cm_2025","Ostlandet"
"NINFP2310142602",0.25139877313847,0.0114864921197295,30376,7,"meta_highrescanopyheight_orthophoto",0.5,"orthophoto_50cm_2025","Ostlandet"
"NINFP1810044436",1.05835345229934,0.017930630594492,45063,5,"meta_highrescanopyheight_orthophoto",0.5,"orthophoto_50cm_2025","Ostlandet"
"NINFP1910041813",6.27720883013644,5.58395648002625,6584,2,"meta_highrescanopyheight_orthophoto",0.5,"orthophoto_50cm_2025","Ostlandet"
"NINFP2310123061",1.08641985064254,0.473593756556511,4104,2,"meta_highrescanopyheight_orthophoto",0.5,"orthophoto_50cm_2025","Ostlandet"
"NINFP2210103994",5.44120041022854,5.70931124687195,7594,2,"meta_highrescanopyheight_orthophoto",0.5,"orthophoto_50cm_2025","Ostlandet"
"NINFP2010052963",4.01460561413327,3.12075424194336,7153,5,"meta_highrescanopyheight_orthophoto",0.5,"orthophoto_50cm_2025","Ostlandet"
"NINFP2310131043",4.43283774231658,4.23351573944092,171175,13,"meta_highrescanopyheight_orthophoto",0.5,"orthophoto_50cm_2025","Ostlandet"
"NINFP1810014925",3.74905874956096,1.61761105060577,5089,1,"meta_highrescanopyheight_orthophoto",0.5,"orthophoto_50cm_2025","Ostlandet"
"NINFP2410174483",2.30129337251338,1.07332688570023,3440,3,"meta_highrescanopyheight_orthophoto",0.5,"orthophoto_50cm_2025","Ostlandet"
"NINFP2210098163",0.503093732079847,0.0311286747455597,4719,1,"meta_highrescanopyheight_orthophoto",0.5,"orthophoto_50cm_2025","Ostlandet"
"NINFP1910061225",0.553425516334024,0.0229400042444468,56200,7,"meta_highrescanopyheight_orthophoto",0.5,"orthophoto_50cm_2025","Ostlandet"
"NINFP2410170067",3.30194449110082,1.82144719362259,26568,3,"meta_highrescanopyheight_orthophoto",0.5,"orthophoto_50cm_2025","Ostlandet"
"NINFP2210101347",1.76411638933154,0.118962630629539,8289,4,"meta_highrescanopyheight_orthophoto",0.5,"orthophoto_50cm_2025","Ostlandet"
"NINFP2310121865",5.56250225154448,5.75232481956482,18896,2,"meta_highrescanopyheight_orthophoto",0.5,"orthophoto_50cm_2025","Ostlandet"
"NINFP1810032823",3.04817976944823,1.66384220123291,28947,4,"meta_highrescanopyheight_orthophoto",0.5,"orthophoto_50cm_2025","Ostlandet"
"NINFP1810041106",7.04556709010576,7.22936105728149,2569,2,"meta_highrescanopyheight_orthophoto",0.5,"orthophoto_50cm_2025","Ostlandet"
"NINFP2110037127",3.22338622188892,2.60701072216034,6832,3,"meta_highrescanopyheight_orthophoto",0.5,"orthophoto_50cm_2025","Ostlandet"
"NINFP1810034839",3.11963275429707,2.01900851726532,14650,2,"meta_highrescanopyheight_orthophoto",0.5,"orthophoto_50cm_2025","Ostlandet"
"NINFP2010043826",1.08142011331138,0.0318016689270735,24702,4,"meta_highrescanopyheight_orthophoto",0.5,"orthophoto_50cm_2025","Ostlandet"
"NINFP2510214604",5.24551018831387,4.99246454238892,11665,2,"meta_highrescanopyheight_orthophoto",0.5,"orthophoto_50cm_2025","Ostlandet"
"NINFP2210101203",3.80321437623338,3.41309595108032,4109,4,"meta_highrescanopyheight_orthophoto",0.5,"orthophoto_50cm_2025","Ostlandet"
"NINFP1910035284",5.42551586653488,5.19139575958252,4216,2,"meta_highrescanopyheight_orthophoto",0.5,"orthophoto_50cm_2025","Ostlandet"
"NINFP2510219474",0.980785929424218,0.0700799040496349,20214,3,"meta_highrescanopyheight_orthophoto",0.5,"orthophoto_50cm_2025","Ostlandet"
"NINFP2210095887",1.76248572879777,0.427079379558563,62105,6,"meta_highrescanopyheight_orthophoto",0.5,"orthophoto_50cm_2025","Ostlandet"
"NINFP2310140300",4.0731244212246,3.66412019729614,19016,4,"meta_highrescanopyheight_orthophoto",0.5,"orthophoto_50cm_2025","Ostlandet"
"NINFP1810027273",5.14558973015103,6.3014121055603,10384,3,"meta_highrescanopyheight_orthophoto",0.5,"orthophoto_50cm_2025","Ostlandet"
"NINFP2510207422",0.0428213300882931,0.0117366909980774,44801,5,"meta_highrescanopyheight_orthophoto",0.5,"orthophoto_50cm_2025","Ostlandet"
"NINFP1810018859",0.237377629633933,0.0103790676221251,116777,10,"meta_highrescanopyheight_orthophoto",0.5,"orthophoto_50cm_2025","Ostlandet"
"NINFP1810038917",5.51362234106197,5.47534418106079,8781,2,"meta_highrescanopyheight_orthophoto",0.5,"orthophoto_50cm_2025","Ostlandet"
"NINFP2210107617",0.206926135358015,0.0110188219696283,8581,2,"meta_highrescanopyheight_orthophoto",0.5,"orthophoto_50cm_2025","Ostlandet"
"NINFP2510190553",2.15222132176384,0.593445271253586,4556,1,"meta_highrescanopyheight_orthophoto",0.5,"orthophoto_50cm_2025","Ostlandet"
"NINFP2410183502",3.16184042147395,0.745874285697937,93887,8,"meta_highrescanopyheight_orthophoto",0.5,"orthophoto_50cm_2025","Ostlandet"
"NINFP1910059094",1.6004809001608,0.0600569657981396,52481,6,"meta_highrescanopyheight_orthophoto",0.5,"orthophoto_50cm_2025","Ostlandet"
"NINFP2510204396",0.1688428029991,0.0122533543035388,15681,4,"meta_highrescanopyheight_orthophoto",0.5,"orthophoto_50cm_2025","Ostlandet"
"NINFP2210099433",5.78959287251903,5.53612804412842,4071,3,"meta_highrescanopyheight_orthophoto",0.5,"orthophoto_50cm_2025","Ostlandet"
"NINFP1910034614",3.71761602662303,3.39451599121094,14554,3,"meta_highrescanopyheight_orthophoto",0.5,"orthophoto_50cm_2025","Ostlandet"
"NINFP2010011704",5.69746993350573,5.04053401947021,40555,5,"meta_highrescanopyheight_orthophoto",0.5,"orthophoto_50cm_2025","Ostlandet"
"NINFP2510188583",5.49759787575861,5.43846130371094,10381,2,"meta_highrescanopyheight_orthophoto",0.5,"orthophoto_50cm_2025","Ostlandet"
"NINFP2110038888",0.212158705511121,0.0104163931682706,41740,6,"meta_highrescanopyheight_orthophoto",0.5,"orthophoto_50cm_2025","Ostlandet"
"NINFP1810042582",0.645158034465042,0.0322641208767891,9769,2,"meta_highrescanopyheight_orthophoto",0.5,"orthophoto_50cm_2025","Ostlandet"
"NINFP2510196530",1.72981078560671,0.123553954064846,20913,2,"meta_highrescanopyheight_orthophoto",0.5,"orthophoto_50cm_2025","Ostlandet"
"NINFP2410173234",7.43947955488442,7.64411401748657,13149,6,"meta_highrescanopyheight_orthophoto",0.5,"orthophoto_50cm_2025","Ostlandet"
"NINFP2110026942",4.11802067594852,3.75420904159546,22785,2,"meta_highrescanopyheight_orthophoto",0.5,"orthophoto_50cm_2025","Ostlandet"
"NINFP2410183030",8.7697094455174,9.04484939575195,10338,4,"meta_highrescanopyheight_orthophoto",0.5,"orthophoto_50cm_2025","Ostlandet"
"NINFP2310124471",0.010302509188969,0.0101126013323665,4796,1,"meta_highrescanopyheight_orthophoto",0.5,"orthophoto_50cm_2025","Ostlandet"
"NINFP2010012092",1.38298547826532,0.0236248858273029,8521,1,"meta_highrescanopyheight_orthophoto",0.5,"orthophoto_50cm_2025","Ostlandet"
"NINFP2010035789",4.55817464213198,3.55933904647827,9113,2,"meta_highrescanopyheight_orthophoto",0.5,"orthophoto_50cm_2025","Ostlandet"
"NINFP1910015608",6.37951835769277,6.65188074111938,16813,5,"meta_highrescanopyheight_orthophoto",0.5,"orthophoto_50cm_2025","Ostlandet"
"NINFP1810011115",3.88007682914117,3.95599317550659,12441,3,"meta_highrescanopyheight_orthophoto",0.5,"orthophoto_50cm_2025","Ostlandet"
"NINFP1810042902",5.23911824896676,5.06939315795898,64074,7,"meta_highrescanopyheight_orthophoto",0.5,"orthophoto_50cm_2025","Ostlandet"
"NINFP1910032167",1.13600567114709,0.10453025996685,49471,5,"meta_highrescanopyheight_orthophoto",0.5,"orthophoto_50cm_2025","Ostlandet"
"NINFP1810042137",1.82299326476978,0.537914097309113,14163,2,"meta_highrescanopyheight_orthophoto",0.5,"orthophoto_50cm_2025","Ostlandet"
"NINFP1810040382",5.22514791747104,5.15276622772217,9806,1,"meta_highrescanopyheight_orthophoto",0.5,"orthophoto_50cm_2025","Ostlandet"
"NINFP2410174567",3.33379103662462,0.823819041252136,17444,2,"meta_highrescanopyheight_orthophoto",0.5,"orthophoto_50cm_2025","Ostlandet"
"NINFP1910032848",0.428578085787246,0.0104673309251666,7069,1,"meta_highrescanopyheight_orthophoto",0.5,"orthophoto_50cm_2025","Ostlandet"
"NINFP2110014016",0.0112081776623622,0.0105126304551959,1907,2,"meta_highrescanopyheight_orthophoto",0.5,"orthophoto_50cm_2025","Ostlandet"
"NINFP2210102229",6.68545288636819,7.54277205467224,23560,3,"meta_highrescanopyheight_orthophoto",0.5,"orthophoto_50cm_2025","Ostlandet"
"NINFP1810035411",2.3412636171071,0.925936698913574,62775,7,"meta_highrescanopyheight_orthophoto",0.5,"orthophoto_50cm_2025","Ostlandet"
"NINFP2110010596",4.55054881583481,4.54523015022278,35390,4,"meta_highrescanopyheight_orthophoto",0.5,"orthophoto_50cm_2025","Ostlandet"
"NINFP2310130998",0.164667705414369,0.0117046013474464,61165,6,"meta_highrescanopyheight_orthophoto",0.5,"orthophoto_50cm_2025","Ostlandet"
"NINFP2010030879",6.05500391640193,6.10496044158936,8472,3,"meta_highrescanopyheight_orthophoto",0.5,"orthophoto_50cm_2025","Ostlandet"
"NINFP2510185671",0.0731209503499497,0.0103517300449312,13446,3,"meta_highrescanopyheight_orthophoto",0.5,"orthophoto_50cm_2025","Ostlandet"
"NINFP1810041694",1.00946491956772,0.164170548319817,21177,2,"meta_highrescanopyheight_orthophoto",0.5,"orthophoto_50cm_2025","Ostlandet"
"NINFP2510212022",1.40239546967403,0.51593816280365,8615,2,"meta_highrescanopyheight_orthophoto",0.5,"orthophoto_50cm_2025","Ostlandet"
"NINFP1810026030",2.41997524576413,1.34839487075806,11503,2,"meta_highrescanopyheight_orthophoto",0.5,"orthophoto_50cm_2025","Ostlandet"
"NINFP1910015899",3.71754394629894,1.51208639144897,9215,4,"meta_highrescanopyheight_orthophoto",0.5,"orthophoto_50cm_2025","Ostlandet"
"NINFP2110059437",0.690901249898067,0.0288212290033698,44646,5,"meta_highrescanopyheight_orthophoto",0.5,"orthophoto_50cm_2025","Ostlandet"
"NINFP1910061077",0.244986233185381,0.0129686780273914,21165,3,"meta_highrescanopyheight_orthophoto",0.5,"orthophoto_50cm_2025","Ostlandet"
"NINFP2510217185",0.621976149764272,0.0129967429675162,18156,3,"meta_highrescanopyheight_orthophoto",0.5,"orthophoto_50cm_2025","Ostlandet"
"NINFP2510219234",0.705524966649817,0.0158978523686528,5344,2,"meta_highrescanopyheight_orthophoto",0.5,"orthophoto_50cm_2025","Ostlandet"
"NINFP2110057359",0.724226528231179,0.064811784774065,26620,6,"meta_highrescanopyheight_orthophoto",0.5,"orthophoto_50cm_2025","Ostlandet"
"NINFP2310120191",3.22345784378472,2.34015989303589,6519,2,"meta_highrescanopyheight_orthophoto",0.5,"orthophoto_50cm_2025","Ostlandet"
"NINFP1910035622",2.89735422160121,1.98825293779373,32222,4,"meta_highrescanopyheight_orthophoto",0.5,"orthophoto_50cm_2025","Ostlandet"
"NINFP2410183469",9.2015610151804,9.92802572250366,9736,2,"meta_highrescanopyheight_orthophoto",0.5,"orthophoto_50cm_2025","Ostlandet"
"NINFP2410156081",0.173606855283604,0.0111631033942103,11866,2,"meta_highrescanopyheight_orthophoto",0.5,"orthophoto_50cm_2025","Ostlandet"
"NINFP2010053978",3.75505612981742,3.03150081634521,8680,1,"meta_highrescanopyheight_orthophoto",0.5,"orthophoto_50cm_2025","Ostlandet"
"NINFP2510193489",0.156188972085986,0.0101982466876507,11211,3,"meta_highrescanopyheight_orthophoto",0.5,"orthophoto_50cm_2025","Ostlandet"
"NINFP2310128694",4.96880370220862,4.76536798477173,45613,5,"meta_highrescanopyheight_orthophoto",0.5,"orthophoto_50cm_2025","Ostlandet"
"NINFP2410173192",5.35502914037218,4.96630692481995,8160,3,"meta_highrescanopyheight_orthophoto",0.5,"orthophoto_50cm_2025","Ostlandet"
"NINFP2010033834",11.3959165901445,12.2016649246216,20466,2,"meta_highrescanopyheight_orthophoto",0.5,"orthophoto_50cm_2025","Ostlandet"
"NINFP2210090372",2.21581038549962,0.794289410114288,4367,1,"meta_highrescanopyheight_orthophoto",0.5,"orthophoto_50cm_2025","Ostlandet"
"NINFP2010026110",0.583265129926907,0.0175929358229041,8630,1,"meta_highrescanopyheight_orthophoto",0.5,"orthophoto_50cm_2025","Ostlandet"
"NINFP1810043254",1.89630408333614,0.926279932260513,80,1,"meta_highrescanopyheight_orthophoto",0.5,"orthophoto_50cm_2025","Ostlandet"
"NINFP1810018779",3.61938735791883,1.77354025840759,2604,1,"meta_highrescanopyheight_orthophoto",0.5,"orthophoto_50cm_2025","Ostlandet"
"NINFP1810006468",3.39637446654231,2.56607449054718,18172,4,"meta_highrescanopyheight_orthophoto",0.5,"orthophoto_50cm_2025","Ostlandet"
"NINFP2410182387",4.12253085351811,3.13524031639099,11910,2,"meta_highrescanopyheight_orthophoto",0.5,"orthophoto_50cm_2025","Ostlandet"
"NINFP2410184160",0.0233842674871868,0.0105808507651091,90259,5,"meta_highrescanopyheight_orthophoto",0.5,"orthophoto_50cm_2025","Ostlandet"
"NINFP1910015313",11.9121054243511,12.9610629081726,9898,2,"meta_highrescanopyheight_orthophoto",0.5,"orthophoto_50cm_2025","Ostlandet"
"NINFP2310133810",1.81304654129942,0.730397582054138,48513,8,"meta_highrescanopyheight_orthophoto",0.5,"orthophoto_50cm_2025","Ostlandet"
"NINFP2010030325",2.49474325550487,0.826530456542969,2800,2,"meta_highrescanopyheight_orthophoto",0.5,"orthophoto_50cm_2025","Ostlandet"
"NINFP2310126299",0.652446823028249,0.0617514029145241,17549,5,"meta_highrescanopyheight_orthophoto",0.5,"orthophoto_50cm_2025","Ostlandet"
"NINFP2410157633",0.010082682699097,0.0100814853794873,10674,2,"meta_highrescanopyheight_orthophoto",0.5,"orthophoto_50cm_2025","Ostlandet"
"NINFP1810039134",4.81888430445919,4.12687158584595,4291,2,"meta_highrescanopyheight_orthophoto",0.5,"orthophoto_50cm_2025","Ostlandet"
"NINFP1810040835",0.112752695146293,0.0102786291390657,1708991,52,"meta_highrescanopyheight_orthophoto",0.5,"orthophoto_50cm_2025","Ostlandet"
"NINFP1810038652",3.06942512800691,2.09432482719421,4093,1,"meta_highrescanopyheight_orthophoto",0.5,"orthophoto_50cm_2025","Ostlandet"
"NINFP2410179661",8.77058974760917,8.94129657745361,14078,2,"meta_highrescanopyheight_orthophoto",0.5,"orthophoto_50cm_2025","Ostlandet"
"NINFP1910010458",9.87595710951537,10.2750034332275,1161,1,"meta_highrescanopyheight_orthophoto",0.5,"orthophoto_50cm_2025","Ostlandet"
"NINFP1810032595",5.2528776235328,5.38263940811157,15438,1,"meta_highrescanopyheight_orthophoto",0.5,"orthophoto_50cm_2025","Ostlandet"
"NINFP1810045747",0.0379341806496983,0.010734201874584,8632,3,"meta_highrescanopyheight_orthophoto",0.5,"orthophoto_50cm_2025","Ostlandet"
"NINFP1910058335",1.06488147974328,0.0169807840138674,2551,2,"meta_highrescanopyheight_orthophoto",0.5,"orthophoto_50cm_2025","Ostlandet"
"NINFP2210103922",5.30553674872352,5.61963415145874,8714,2,"meta_highrescanopyheight_orthophoto",0.5,"orthophoto_50cm_2025","Ostlandet"
"NINFP1810039133",6.06767645389775,6.25614595413208,5878,1,"meta_highrescanopyheight_orthophoto",0.5,"orthophoto_50cm_2025","Ostlandet"
"NINFP2010013421",4.72711642530301,4.11799669265747,56340,4,"meta_highrescanopyheight_orthophoto",0.5,"orthophoto_50cm_2025","Ostlandet"
"NINFP2110043925",0.882162552793711,0.0108560398221016,25093,4,"meta_highrescanopyheight_orthophoto",0.5,"orthophoto_50cm_2025","Ostlandet"
"NINFP2110054617",1.40602950822877,0.60189962387085,9061,2,"meta_highrescanopyheight_orthophoto",0.5,"orthophoto_50cm_2025","Ostlandet"
"NINFP2410164126",0.0475497836365219,0.0105957202613354,7931,2,"meta_highrescanopyheight_orthophoto",0.5,"orthophoto_50cm_2025","Ostlandet"
"NINFP2210100799",0.12178518398474,0.0104626873508096,11785,2,"meta_highrescanopyheight_orthophoto",0.5,"orthophoto_50cm_2025","Ostlandet"
"NINFP2510198292",3.90865969678531,3.03762483596802,6044,2,"meta_highrescanopyheight_orthophoto",0.5,"orthophoto_50cm_2025","Ostlandet"
"NINFP2210098657",3.10384278926443,2.67344951629639,8877,4,"meta_highrescanopyheight_orthophoto",0.5,"orthophoto_50cm_2025","Ostlandet"
"NINFP2310136823",2.7027692010553,2.19509255886078,10738,3,"meta_highrescanopyheight_orthophoto",0.5,"orthophoto_50cm_2025","Ostlandet"
"NINFP2510197408",1.20104833327013,0.130954101681709,29629,5,"meta_highrescanopyheight_orthophoto",0.5,"orthophoto_50cm_2025","Ostlandet"
"NINFP1910061390",0.238089721698935,0.0142380865290761,8981,1,"meta_highrescanopyheight_orthophoto",0.5,"orthophoto_50cm_2025","Ostlandet"
"NINFP1810024184",5.75530493781078,4.87021255493164,10247,4,"meta_highrescanopyheight_orthophoto",0.5,"orthophoto_50cm_2025","Ostlandet"
"NINFP1810002105",8.81676665327954,9.20467090606689,24803,3,"meta_highrescanopyheight_orthophoto",0.5,"orthophoto_50cm_2025","Ostlandet"
"NINFP2410169980",6.91632348650046,7.65090680122375,21580,2,"meta_highrescanopyheight_orthophoto",0.5,"orthophoto_50cm_2025","Ostlandet"
"NINFP1810033218",3.31615060202111,0.607155054807663,17668,4,"meta_highrescanopyheight_orthophoto",0.5,"orthophoto_50cm_2025","Ostlandet"
"NINFP2110064736",0.959814974739772,0.13939119130373,9410,1,"meta_highrescanopyheight_orthophoto",0.5,"orthophoto_50cm_2025","Ostlandet"
"NINFP2110061992",0.406226059091662,0.0576969813555479,21628,2,"meta_highrescanopyheight_orthophoto",0.5,"orthophoto_50cm_2025","Ostlandet"
"NINFP2310125151",5.7940025331156,5.87488603591919,13653,4,"meta_highrescanopyheight_orthophoto",0.5,"orthophoto_50cm_2025","Ostlandet"
"NINFP2410182455",7.73494677156874,8.18994188308716,7086,1,"meta_highrescanopyheight_orthophoto",0.5,"orthophoto_50cm_2025","Ostlandet"
"NINFP2010025877",0.0100925782216331,0.0100184129551053,37196,6,"meta_highrescanopyheight_orthophoto",0.5,"orthophoto_50cm_2025","Ostlandet"
"NINFP2510192060",3.56070244681457,2.92461228370667,6156,2,"meta_highrescanopyheight_orthophoto",0.5,"orthophoto_50cm_2025","Ostlandet"
"NINFP2010025207",0.159702028420008,0.0105697428807616,13922,3,"meta_highrescanopyheight_orthophoto",0.5,"orthophoto_50cm_2025","Ostlandet"
"NINFP1910024997",0.0637752814211194,0.0116731701418757,11629,3,"meta_highrescanopyheight_orthophoto",0.5,"orthophoto_50cm_2025","Ostlandet"
"NINFP2310142597",1.0120139443148,0.0896748043596745,18898,4,"meta_highrescanopyheight_orthophoto",0.5,"orthophoto_50cm_2025","Ostlandet"
"NINFP1910032917",2.2966918466405,0.958365499973297,62432,4,"meta_highrescanopyheight_orthophoto",0.5,"orthophoto_50cm_2025","Ostlandet"
"NINFP1810037052",0.085664192037964,0.0101776360534132,265508,19,"meta_highrescanopyheight_orthophoto",0.5,"orthophoto_50cm_2025","Ostlandet"
"NINFP1810048367",2.01455205604624,0.114148452877998,78668,8,"meta_highrescanopyheight_orthophoto",0.5,"orthophoto_50cm_2025","Ostlandet"
"NINFP2110020304",1.91326452461417,1.13720989227295,17445,3,"meta_highrescanopyheight_orthophoto",0.5,"orthophoto_50cm_2025","Ostlandet"
"NINFP2210101245",0.154766703972548,0.0298307929188013,4735,3,"meta_highrescanopyheight_orthophoto",0.5,"orthophoto_50cm_2025","Ostlandet"
"NINFP2010054023",2.55657373459389,1.15830612182617,8850,4,"meta_highrescanopyheight_orthophoto",0.5,"orthophoto_50cm_2025","Ostlandet"
"NINFP2410174209",1.67307360823156,0.248112894594669,21792,4,"meta_highrescanopyheight_orthophoto",0.5,"orthophoto_50cm_2025","Ostlandet"
"NINFP2510208764",7.67432611606534,8.64890718460083,2882,2,"meta_highrescanopyheight_orthophoto",0.5,"orthophoto_50cm_2025","Ostlandet"
"NINFP1810040757",4.00061953526033,3.77982664108276,25759,2,"meta_highrescanopyheight_orthophoto",0.5,"orthophoto_50cm_2025","Ostlandet"
"NINFP2510184370",8.03971271119464,8.82170867919922,18243,3,"meta_highrescanopyheight_orthophoto",0.5,"orthophoto_50cm_2025","Ostlandet"
"NINFP2510187999",0.045940768251152,0.0125687280669808,18419,4,"meta_highrescanopyheight_orthophoto",0.5,"orthophoto_50cm_2025","Ostlandet"
"NINFP1810027359",4.06128402290444,2.99930381774902,8359,4,"meta_highrescanopyheight_orthophoto",0.5,"orthophoto_50cm_2025","Ostlandet"
"NINFP2010053977",3.88409101708468,2.8461480140686,44563,4,"meta_highrescanopyheight_orthophoto",0.5,"orthophoto_50cm_2025","Ostlandet"
"NINFP1910060293",2.32951833178529,0.0724478252232075,6218,2,"meta_highrescanopyheight_orthophoto",0.5,"orthophoto_50cm_2025","Ostlandet"
"NINFP2410162843",0.341431263061441,0.0232232268899679,15028,3,"meta_highrescanopyheight_orthophoto",0.5,"orthophoto_50cm_2025","Ostlandet"
"NINFP2110034513",3.19892417592655,1.98679041862488,26827,4,"meta_highrescanopyheight_orthophoto",0.5,"orthophoto_50cm_2025","Ostlandet"
"NINFP2410183893",2.54106575318159,0.80884462594986,94074,6,"meta_highrescanopyheight_orthophoto",0.5,"orthophoto_50cm_2025","Ostlandet"
"NINFP2210075475",1.39487392488718,0.285621583461761,4587,2,"meta_highrescanopyheight_orthophoto",0.5,"orthophoto_50cm_2025","Ostlandet"
"NINFP1810014017",0.96700748025712,0.0317941941320896,53859,3,"meta_highrescanopyheight_orthophoto",0.5,"orthophoto_50cm_2025","Ostlandet"
"NINFP2310137463",3.54844481094118,3.32013320922852,8358,2,"meta_highrescanopyheight_orthophoto",0.5,"orthophoto_50cm_2025","Ostlandet"
"NINFP2110057640",0.313298575912548,0.0353712886571884,7469,4,"meta_highrescanopyheight_orthophoto",0.5,"orthophoto_50cm_2025","Ostlandet"
"NINFP2310128795",2.01053560339691,0.557836681604385,43670,6,"meta_highrescanopyheight_orthophoto",0.5,"orthophoto_50cm_2025","Ostlandet"
"NINFP2010031911",4.01577976110915,3.13871622085571,24595,4,"meta_highrescanopyheight_orthophoto",0.5,"orthophoto_50cm_2025","Ostlandet"
"NINFP2110007656",5.91356583949625,5.85849666595459,15682,3,"meta_highrescanopyheight_orthophoto",0.5,"orthophoto_50cm_2025","Ostlandet"
"NINFP2110012690",2.83603340938242,0.927954524755478,18070,4,"meta_highrescanopyheight_orthophoto",0.5,"orthophoto_50cm_2025","Ostlandet"
"NINFP1910031229",6.8611369812235,7.09112215042114,150335,12,"meta_highrescanopyheight_orthophoto",0.5,"orthophoto_50cm_2025","Ostlandet"
"NINFP2110057632",0.676562556133179,0.141777627170086,18100,2,"meta_highrescanopyheight_orthophoto",0.5,"orthophoto_50cm_2025","Ostlandet"
"NINFP1810019772",4.60575762775697,4.22149467468262,20821,4,"meta_highrescanopyheight_orthophoto",0.5,"orthophoto_50cm_2025","Ostlandet"
"NINFP2410182448",10.6924173936861,10.8977589607239,5590,1,"meta_highrescanopyheight_orthophoto",0.5,"orthophoto_50cm_2025","Ostlandet"
"NINFP2310131260",0.39788489221023,0.0113357780501246,2101,1,"meta_highrescanopyheight_orthophoto",0.5,"orthophoto_50cm_2025","Ostlandet"
"NINFP2010031231",2.83475562724011,0.0496838483959436,5936,2,"meta_highrescanopyheight_orthophoto",0.5,"orthophoto_50cm_2025","Ostlandet"
"NINFP2010022486",0.0798285443262271,0.0112118115648627,26153,4,"meta_highrescanopyheight_orthophoto",0.5,"orthophoto_50cm_2025","Ostlandet"
"NINFP2110010652",3.05672809249051,1.76944148540497,12136,3,"meta_highrescanopyheight_orthophoto",0.5,"orthophoto_50cm_2025","Ostlandet"
"NINFP2410161417",0.13342154488932,0.0113070290535688,265321,13,"meta_highrescanopyheight_orthophoto",0.5,"orthophoto_50cm_2025","Ostlandet"
"NINFP2510196336",5.63777512120814,4.79994058609009,31713,3,"meta_highrescanopyheight_orthophoto",0.5,"orthophoto_50cm_2025","Ostlandet"
"NINFP1810041689",3.07154175058544,1.29464101791382,19869,4,"meta_highrescanopyheight_orthophoto",0.5,"orthophoto_50cm_2025","Ostlandet"
"NINFP2010037035",0.0111274147905714,0.0102461315691471,19999,2,"meta_highrescanopyheight_orthophoto",0.5,"orthophoto_50cm_2025","Ostlandet"
"NINFP2110056640",0.830242747034389,0.0568664744496346,27499,3,"meta_highrescanopyheight_orthophoto",0.5,"orthophoto_50cm_2025","Ostlandet"
"NINFP2010003447",1.02048657431948,0.223133504390717,6015,2,"meta_highrescanopyheight_orthophoto",0.5,"orthophoto_50cm_2025","Ostlandet"
"NINFP2110017935",1.27130488500541,0.515620440244675,5640,3,"meta_highrescanopyheight_orthophoto",0.5,"orthophoto_50cm_2025","Ostlandet"
"NINFP2410161705",6.29858199985365,6.74769639968872,19234,3,"meta_highrescanopyheight_orthophoto",0.5,"orthophoto_50cm_2025","Ostlandet"
"NINFP2510201468",0.162075612355518,0.0106356665492058,7610,3,"meta_highrescanopyheight_orthophoto",0.5,"orthophoto_50cm_2025","Ostlandet"
"NINFP2410174369",2.12881985804731,0.537937879562378,601297,20,"meta_highrescanopyheight_orthophoto",0.5,"orthophoto_50cm_2025","Ostlandet"
"NINFP2110048283",0.71783804879078,0.21092776209116,5724,3,"meta_highrescanopyheight_orthophoto",0.5,"orthophoto_50cm_2025","Ostlandet"
"NINFP1810023291",0.128829564778234,0.0104448366910219,267304,11,"meta_highrescanopyheight_orthophoto",0.5,"orthophoto_50cm_2025","Ostlandet"
"NINFP1810030641",3.67424060213632,2.96023607254028,86813,5,"meta_highrescanopyheight_orthophoto",0.5,"orthophoto_50cm_2025","Ostlandet"
"NINFP2510197157",0.0129868656854619,0.0102984476834536,8008,3,"meta_highrescanopyheight_orthophoto",0.5,"orthophoto_50cm_2025","Ostlandet"
"NINFP2310139961",0.989725973342332,0.0495599657297134,41930,4,"meta_highrescanopyheight_orthophoto",0.5,"orthophoto_50cm_2025","Ostlandet"
"NINFP2510196628",1.41753544791806,0.043757475912571,723831,40,"meta_highrescanopyheight_orthophoto",0.5,"orthophoto_50cm_2025","Ostlandet"
"NINFP1910009846",5.58639764878102,6.00294637680054,9701,2,"meta_highrescanopyheight_orthophoto",0.5,"orthophoto_50cm_2025","Ostlandet"
"NINFP1810042148",0.419137016246895,0.0105952094309032,32736,4,"meta_highrescanopyheight_orthophoto",0.5,"orthophoto_50cm_2025","Ostlandet"
"NINFP2310122134",0.442042080897412,0.0105378739535809,56631,3,"meta_highrescanopyheight_orthophoto",0.5,"orthophoto_50cm_2025","Ostlandet"
"NINFP2510190574",5.03876935687531,4.65968894958496,4432,2,"meta_highrescanopyheight_orthophoto",0.5,"orthophoto_50cm_2025","Ostlandet"
"NINFP1810028116",5.4445328783583,5.50270295143127,7316,2,"meta_highrescanopyheight_orthophoto",0.5,"orthophoto_50cm_2025","Ostlandet"
"NINFP2510210211",3.25271233595298,1.8330602645874,14153,4,"meta_highrescanopyheight_orthophoto",0.5,"orthophoto_50cm_2025","Ostlandet"
"NINFP2110052739",1.88219537856395,0.569019645452499,13022,3,"meta_highrescanopyheight_orthophoto",0.5,"orthophoto_50cm_2025","Ostlandet"
"NINFP2110050286",8.970142055088,9.58265972137451,5531,1,"meta_highrescanopyheight_orthophoto",0.5,"orthophoto_50cm_2025","Ostlandet"
"NINFP1810024561",1.52387108710126,0.953867554664612,9131,4,"meta_highrescanopyheight_orthophoto",0.5,"orthophoto_50cm_2025","Ostlandet"
"NINFP2010053884",7.38335452526688,7.89705801010132,6829,2,"meta_highrescanopyheight_orthophoto",0.5,"orthophoto_50cm_2025","Ostlandet"
"NINFP2310144281",5.32615418978511,5.21261119842529,22945,4,"meta_highrescanopyheight_orthophoto",0.5,"orthophoto_50cm_2025","Ostlandet"
"NINFP2410173235",8.18860179422823,8.28099918365479,8477,3,"meta_highrescanopyheight_orthophoto",0.5,"orthophoto_50cm_2025","Ostlandet"
"NINFP1810019590",1.62845021889461,0.101510241627693,30255,2,"meta_highrescanopyheight_orthophoto",0.5,"orthophoto_50cm_2025","Ostlandet"
"NINFP2510212768",2.94590318875268,1.9173641204834,49405,4,"meta_highrescanopyheight_orthophoto",0.5,"orthophoto_50cm_2025","Ostlandet"
"NINFP2510189390",4.48744059532012,4.03585267066956,4254,1,"meta_highrescanopyheight_orthophoto",0.5,"orthophoto_50cm_2025","Ostlandet"
"NINFP1910000671",6.2581556393358,4.78933525085449,5097,1,"meta_highrescanopyheight_orthophoto",0.5,"orthophoto_50cm_2025","Ostlandet"
"NINFP2110065432",0.1132756433881,0.0106310294941068,11362,2,"meta_highrescanopyheight_orthophoto",0.5,"orthophoto_50cm_2025","Ostlandet"
"NINFP2010011692",0.564718697010221,0.0144457258284092,34339,4,"meta_highrescanopyheight_orthophoto",0.5,"orthophoto_50cm_2025","Ostlandet"
"NINFP1910043962",6.07000295084494,6.28366661071777,7610,2,"meta_highrescanopyheight_orthophoto",0.5,"orthophoto_50cm_2025","Ostlandet"
"NINFP2510216865",3.12476567488788,2.03194355964661,90306,7,"meta_highrescanopyheight_orthophoto",0.5,"orthophoto_50cm_2025","Ostlandet"
"NINFP1910036971",3.58964303403284,1.98808944225311,90480,9,"meta_highrescanopyheight_orthophoto",0.5,"orthophoto_50cm_2025","Ostlandet"
"NINFP2210111030",5.12970177308715,4.94546318054199,11665,2,"meta_highrescanopyheight_orthophoto",0.5,"orthophoto_50cm_2025","Ostlandet"
"NINFP1810035021",0.362087255127858,0.022280334495008,18744,3,"meta_highrescanopyheight_orthophoto",0.5,"orthophoto_50cm_2025","Ostlandet"
"NINFP1810044167",2.04301964692287,0.669503271579742,13682,2,"meta_highrescanopyheight_orthophoto",0.5,"orthophoto_50cm_2025","Ostlandet"
"NINFP1810043761",2.15817823554785,0.500943422317505,28285,4,"meta_highrescanopyheight_orthophoto",0.5,"orthophoto_50cm_2025","Ostlandet"
"NINFP1810029110",4.31935079600571,4.34507393836975,26168,3,"meta_highrescanopyheight_orthophoto",0.5,"orthophoto_50cm_2025","Ostlandet"
"NINFP2010010637",4.5244483760724,4.0996470451355,5743,2,"meta_highrescanopyheight_orthophoto",0.5,"orthophoto_50cm_2025","Ostlandet"
"NINFP1810011770",4.60361936919257,4.84462928771973,35105,5,"meta_highrescanopyheight_orthophoto",0.5,"orthophoto_50cm_2025","Ostlandet"
"NINFP1910019309",4.62277361278451,3.98642981052399,8050,2,"meta_highrescanopyheight_orthophoto",0.5,"orthophoto_50cm_2025","Ostlandet"
"NINFP2210107867",0.571370382085206,0.0131212049163878,2048,1,"meta_highrescanopyheight_orthophoto",0.5,"orthophoto_50cm_2025","Ostlandet"
"NINFP1910017795",2.49987815771277,1.15279787778854,5146,1,"meta_highrescanopyheight_orthophoto",0.5,"orthophoto_50cm_2025","Ostlandet"
"NINFP2310140408",1.20200080016618,0.152868211269379,10092,4,"meta_highrescanopyheight_orthophoto",0.5,"orthophoto_50cm_2025","Ostlandet"
"NINFP1810022123",1.43959475950263,0.233138367533684,25459,3,"meta_highrescanopyheight_orthophoto",0.5,"orthophoto_50cm_2025","Ostlandet"
"NINFP2510197404",3.26419842767213,2.59441220760345,5442,2,"meta_highrescanopyheight_orthophoto",0.5,"orthophoto_50cm_2025","Ostlandet"
"NINFP2010042707",0.160942769532638,0.0111121716909111,7790,2,"meta_highrescanopyheight_orthophoto",0.5,"orthophoto_50cm_2025","Ostlandet"
"NINFP1810035700",4.89682056106306,4.72479248046875,11243,2,"meta_highrescanopyheight_orthophoto",0.5,"orthophoto_50cm_2025","Ostlandet"
"NINFP2510213589",2.61078519017585,0.788387328386307,14662,1,"meta_highrescanopyheight_orthophoto",0.5,"orthophoto_50cm_2025","Ostlandet"
"NINFP1810010040",4.99977521198032,5.58141040802002,36981,4,"meta_highrescanopyheight_orthophoto",0.5,"orthophoto_50cm_2025","Ostlandet"
"NINFP2110056634",1.18882048556023,0.215111896395683,92276,7,"meta_highrescanopyheight_orthophoto",0.5,"orthophoto_50cm_2025","Ostlandet"
"NINFP1910034795",0.346036623075181,0.0106852790340781,20326,6,"meta_highrescanopyheight_orthophoto",0.5,"orthophoto_50cm_2025","Ostlandet"
"NINFP2210087384",0.995865955203422,0.217557325959206,10124,2,"meta_highrescanopyheight_orthophoto",0.5,"orthophoto_50cm_2025","Ostlandet"
"NINFP2510219244",1.0590341763244,0.0129991201683879,11425,3,"meta_highrescanopyheight_orthophoto",0.5,"orthophoto_50cm_2025","Ostlandet"
"NINFP2010031531",6.9460415171269,7.66933012008667,21909,4,"meta_highrescanopyheight_orthophoto",0.5,"orthophoto_50cm_2025","Ostlandet"
"NINFP2010016374",0.14053242420031,0.0111075537279248,66415,7,"meta_highrescanopyheight_orthophoto",0.5,"orthophoto_50cm_2025","Ostlandet"
"NINFP2010051183",0.0128196592706549,0.0100418282672763,4465,1,"meta_highrescanopyheight_orthophoto",0.5,"orthophoto_50cm_2025","Ostlandet"
"NINFP1910016458",8.25667682088707,8.4799747467041,39815,4,"meta_highrescanopyheight_orthophoto",0.5,"orthophoto_50cm_2025","Ostlandet"
"NINFP2510197401",1.5140561116063,0.255709409713745,14737,3,"meta_highrescanopyheight_orthophoto",0.5,"orthophoto_50cm_2025","Ostlandet"
"NINFP1910000300",5.24218264593426,5.19031476974487,27457,4,"meta_highrescanopyheight_orthophoto",0.5,"orthophoto_50cm_2025","Ostlandet"
"NINFP1810010390",2.76320672792665,1.77503657341003,23137,2,"meta_highrescanopyheight_orthophoto",0.5,"orthophoto_50cm_2025","Ostlandet"
"NINFP1910026949",2.56606699638159,1.05801510810852,9887,4,"meta_highrescanopyheight_orthophoto",0.5,"orthophoto_50cm_2025","Ostlandet"
"NINFP1910043337",0.896107099647848,0.135182939469814,11288,2,"meta_highrescanopyheight_orthophoto",0.5,"orthophoto_50cm_2025","Ostlandet"
"NINFP1810024567",3.80653820169347,2.87218618392944,4740,1,"meta_highrescanopyheight_orthophoto",0.5,"orthophoto_50cm_2025","Ostlandet"
"NINFP1910022628",2.1719647825119,0.824467897415161,8438,2,"meta_highrescanopyheight_orthophoto",0.5,"orthophoto_50cm_2025","Ostlandet"
"NINFP2210093002",3.86291588997309,2.2726925611496,5806,1,"meta_highrescanopyheight_orthophoto",0.5,"orthophoto_50cm_2025","Ostlandet"
"NINFP1810024570",0.486114832867151,0.0201059645041823,31436,4,"meta_highrescanopyheight_orthophoto",0.5,"orthophoto_50cm_2025","Ostlandet"
"NINFP2310117021",0.19353300255844,0.010795914568007,53136,6,"meta_highrescanopyheight_orthophoto",0.5,"orthophoto_50cm_2025","Ostlandet"
"NINFP1810040922",0.298366340017099,0.0133578283712268,19179,3,"meta_highrescanopyheight_orthophoto",0.5,"orthophoto_50cm_2025","Ostlandet"
"NINFP2510200811",5.4896031996036,5.72421622276306,1374,2,"meta_highrescanopyheight_orthophoto",0.5,"orthophoto_50cm_2025","Ostlandet"
"NINFP1810047801",2.35555124225301,1.56937754154205,4474,1,"meta_highrescanopyheight_orthophoto",0.5,"orthophoto_50cm_2025","Ostlandet"
"NINFP2110015275",2.72761855531244,1.81164449453354,13002,1,"meta_highrescanopyheight_orthophoto",0.5,"orthophoto_50cm_2025","Ostlandet"
"NINFP1810020664",5.10092721186155,4.92196249961853,6366,1,"meta_highrescanopyheight_orthophoto",0.5,"orthophoto_50cm_2025","Ostlandet"
"NINFP1810025032",7.75148446316552,8.67008972167969,2171,2,"meta_highrescanopyheight_orthophoto",0.5,"orthophoto_50cm_2025","Ostlandet"
"NINFP2010005723",9.38381175770776,11.0441927909851,4752,1,"meta_highrescanopyheight_orthophoto",0.5,"orthophoto_50cm_2025","Ostlandet"
"NINFP1810040030",8.64526581109092,9.49237251281738,15901,4,"meta_highrescanopyheight_orthophoto",0.5,"orthophoto_50cm_2025","Ostlandet"
"NINFP2210101759",2.99517585444934,1.1628030538559,44791,3,"meta_highrescanopyheight_orthophoto",0.5,"orthophoto_50cm_2025","Ostlandet"
"NINFP1810028087",4.39972800869487,4.12872409820557,6491,2,"meta_highrescanopyheight_orthophoto",0.5,"orthophoto_50cm_2025","Ostlandet"
"NINFP2110039429",0.146990341505668,0.0105802472680807,17252,3,"meta_highrescanopyheight_orthophoto",0.5,"orthophoto_50cm_2025","Ostlandet"
"NINFP2310128702",2.30804581452737,1.33522117137909,11060,3,"meta_highrescanopyheight_orthophoto",0.5,"orthophoto_50cm_2025","Ostlandet"
"NINFP2510217428",1.23385453210993,0.370616853237152,7499,2,"meta_highrescanopyheight_orthophoto",0.5,"orthophoto_50cm_2025","Ostlandet"
"NINFP2110042879",5.47205797068652,5.98292899131775,40162,4,"meta_highrescanopyheight_orthophoto",0.5,"orthophoto_50cm_2025","Ostlandet"
"NINFP1810015135",0.961109250755104,0.0676790438592434,10116,3,"meta_highrescanopyheight_orthophoto",0.5,"orthophoto_50cm_2025","Ostlandet"
"NINFP1810011134",4.02165733325643,2.91482949256897,25194,2,"meta_highrescanopyheight_orthophoto",0.5,"orthophoto_50cm_2025","Ostlandet"
"NINFP2110029534",0.231926805545822,0.0119412722997367,23768,4,"meta_highrescanopyheight_orthophoto",0.5,"orthophoto_50cm_2025","Ostlandet"
"NINFP2210100320",5.81428357194168,5.45111131668091,28962,4,"meta_highrescanopyheight_orthophoto",0.5,"orthophoto_50cm_2025","Ostlandet"
"NINFP2410164137",0.43444992637488,0.0107911787927151,50187,4,"meta_highrescanopyheight_orthophoto",0.5,"orthophoto_50cm_2025","Ostlandet"
"NINFP1810037380",2.68619848886574,1.08226048946381,16578,3,"meta_highrescanopyheight_orthophoto",0.5,"orthophoto_50cm_2025","Ostlandet"
"NINFP2110061602",2.43130317968605,1.17664122581482,13111,2,"meta_highrescanopyheight_orthophoto",0.5,"orthophoto_50cm_2025","Ostlandet"
"NINFP2010005046",9.46669367265502,10.5340814590454,7939,1,"meta_highrescanopyheight_orthophoto",0.5,"orthophoto_50cm_2025","Ostlandet"
"NINFP2210081311",3.74629313320241,3.49251449108124,21360,4,"meta_highrescanopyheight_orthophoto",0.5,"orthophoto_50cm_2025","Ostlandet"
"NINFP1810012501",1.51945811559493,0.339434415102005,27440,5,"meta_highrescanopyheight_orthophoto",0.5,"orthophoto_50cm_2025","Ostlandet"
"NINFP1810024246",0.251070137658355,0.0118335913866758,68024,8,"meta_highrescanopyheight_orthophoto",0.5,"orthophoto_50cm_2025","Ostlandet"
"NINFP2010036022",2.17627721703009,1.54875326156616,5387,2,"meta_highrescanopyheight_orthophoto",0.5,"orthophoto_50cm_2025","Ostlandet"
"NINFP1810032976",5.87729308051273,6.2964174747467,39992,4,"meta_highrescanopyheight_orthophoto",0.5,"orthophoto_50cm_2025","Ostlandet"
"NINFP2010053286",3.20204325961671,0.794942617416382,104363,6,"meta_highrescanopyheight_orthophoto",0.5,"orthophoto_50cm_2025","Ostlandet"
"NINFP2510196817",1.12925324574557,0.0746733173727989,11074,3,"meta_highrescanopyheight_orthophoto",0.5,"orthophoto_50cm_2025","Ostlandet"
"NINFP2510216314",3.32397603575801,2.20525002479553,36985,5,"meta_highrescanopyheight_orthophoto",0.5,"orthophoto_50cm_2025","Ostlandet"
"NINFP2010041785",5.09889618740557,5.21056056022644,14330,3,"meta_highrescanopyheight_orthophoto",0.5,"orthophoto_50cm_2025","Ostlandet"
"NINFP1910041586",1.79118550319381,0.0293874144554138,18425,3,"meta_highrescanopyheight_orthophoto",0.5,"orthophoto_50cm_2025","Ostlandet"
"NINFP2010009413",0.360374625265161,0.0234475424513221,81090,8,"meta_highrescanopyheight_orthophoto",0.5,"orthophoto_50cm_2025","Ostlandet"
"NINFP2510219052",0.940375672685962,0.0418980289250612,89668,9,"meta_highrescanopyheight_orthophoto",0.5,"orthophoto_50cm_2025","Ostlandet"
"NINFP1910048558",8.67540595408888,9.0092191696167,10411,1,"meta_highrescanopyheight_orthophoto",0.5,"orthophoto_50cm_2025","Ostlandet"
"NINFP2010040844",0.0339160144129048,0.0101093500852585,444823,26,"meta_highrescanopyheight_orthophoto",0.5,"orthophoto_50cm_2025","Ostlandet"
"NINFP2410169143",1.0224108207264,0.293318331241608,8193,3,"meta_highrescanopyheight_orthophoto",0.5,"orthophoto_50cm_2025","Ostlandet"
"NINFP2210098654",0.731134055326781,0.0266425712034106,72794,10,"meta_highrescanopyheight_orthophoto",0.5,"orthophoto_50cm_2025","Ostlandet"
"NINFP2310144580",4.45879193704034,4.28228712081909,9857,1,"meta_highrescanopyheight_orthophoto",0.5,"orthophoto_50cm_2025","Ostlandet"
"NINFP2410174027",1.15169695196461,0.158352345228195,107698,8,"meta_highrescanopyheight_orthophoto",0.5,"orthophoto_50cm_2025","Ostlandet"
"NINFP1810010550",6.24522303239976,6.41896438598633,7145,2,"meta_highrescanopyheight_orthophoto",0.5,"orthophoto_50cm_2025","Ostlandet"
"NINFP1910034501",1.21773000353712,0.0731909573078156,36406,3,"meta_highrescanopyheight_orthophoto",0.5,"orthophoto_50cm_2025","Ostlandet"
"NINFP2310134744",0.0830575516341914,0.0120595563203096,199132,13,"meta_highrescanopyheight_orthophoto",0.5,"orthophoto_50cm_2025","Ostlandet"
"NINFP2110026143",1.41724792866044,0.434167206287384,61509,5,"meta_highrescanopyheight_orthophoto",0.5,"orthophoto_50cm_2025","Ostlandet"
"NINFP2510196005",7.72534799174651,8.53532886505127,4262,3,"meta_highrescanopyheight_orthophoto",0.5,"orthophoto_50cm_2025","Ostlandet"
"NINFP2010034303",9.49056378143031,10.4216408729553,28154,3,"meta_highrescanopyheight_orthophoto",0.5,"orthophoto_50cm_2025","Ostlandet"
"NINFP1910009871",5.83318869933498,5.75612783432007,4394,2,"meta_highrescanopyheight_orthophoto",0.5,"orthophoto_50cm_2025","Ostlandet"
"NINFP1810033878",7.17807856901192,6.9301962852478,81,1,"meta_highrescanopyheight_orthophoto",0.5,"orthophoto_50cm_2025","Ostlandet"
"NINFP1910019457",2.16056812765314,1.7725795507431,4205,3,"meta_highrescanopyheight_orthophoto",0.5,"orthophoto_50cm_2025","Ostlandet"
"NINFP1810006017",3.25036949826738,2.76250219345093,17023,3,"meta_highrescanopyheight_orthophoto",0.5,"orthophoto_50cm_2025","Ostlandet"
"NINFP2010001919",7.45381615314684,7.80698490142822,76006,7,"meta_highrescanopyheight_orthophoto",0.5,"orthophoto_50cm_2025","Ostlandet"
"NINFP1910002205",2.09079001338988,0.807262927293777,5714,4,"meta_highrescanopyheight_orthophoto",0.5,"orthophoto_50cm_2025","Ostlandet"
"NINFP2010004642",4.63357105611986,1.62999325990677,5948,2,"meta_highrescanopyheight_orthophoto",0.5,"orthophoto_50cm_2025","Ostlandet"
"NINFP2010036908",0.0433856021023502,0.0103414719924331,16832,2,"meta_highrescanopyheight_orthophoto",0.5,"orthophoto_50cm_2025","Ostlandet"
"NINFP2210098411",1.05575205341435,0.16296611726284,4805,2,"meta_highrescanopyheight_orthophoto",0.5,"orthophoto_50cm_2025","Ostlandet"
"NINFP1810042297",0.0688068915188628,0.0102628413587809,25975,5,"meta_highrescanopyheight_orthophoto",0.5,"orthophoto_50cm_2025","Ostlandet"
"NINFP2510191142",2.23117106454953,0.945782214403152,5884,1,"meta_highrescanopyheight_orthophoto",0.5,"orthophoto_50cm_2025","Ostlandet"
"NINFP2410170037",0.390455049359543,0.0188474841415882,106411,6,"meta_highrescanopyheight_orthophoto",0.5,"orthophoto_50cm_2025","Ostlandet"
"NINFP2310117032",7.7206870357047,7.92012882232666,18922,3,"meta_highrescanopyheight_orthophoto",0.5,"orthophoto_50cm_2025","Ostlandet"
"NINFP1810043240",6.37988611426712,4.7717342376709,6702,2,"meta_highrescanopyheight_orthophoto",0.5,"orthophoto_50cm_2025","Ostlandet"
"NINFP2010052903",0.744546065107222,0.0211959667503834,59669,6,"meta_highrescanopyheight_orthophoto",0.5,"orthophoto_50cm_2025","Ostlandet"
"NINFP2110061132",0.354357770284791,0.0300452057272196,19866,2,"meta_highrescanopyheight_orthophoto",0.5,"orthophoto_50cm_2025","Ostlandet"
"NINFP1910043941",2.59024528880812,0.45142862200737,26563,4,"meta_highrescanopyheight_orthophoto",0.5,"orthophoto_50cm_2025","Ostlandet"
"NINFP2110012527",6.07375735082027,6.27421188354492,5690,2,"meta_highrescanopyheight_orthophoto",0.5,"orthophoto_50cm_2025","Ostlandet"
"NINFP2410175195",0.278736807033235,0.0245716953650117,24188,5,"meta_highrescanopyheight_orthophoto",0.5,"orthophoto_50cm_2025","Ostlandet"
"NINFP2110015284",0.065521687667842,0.0103485267609358,31748,5,"meta_highrescanopyheight_orthophoto",0.5,"orthophoto_50cm_2025","Ostlandet"
"NINFP2210076583",1.41679813580593,0.203798875212669,64611,7,"meta_highrescanopyheight_orthophoto",0.5,"orthophoto_50cm_2025","Ostlandet"
"NINFP1810042141",1.02328132003484,0.118785567581654,5822,1,"meta_highrescanopyheight_orthophoto",0.5,"orthophoto_50cm_2025","Ostlandet"
"NINFP2110018048",0.213563834952599,0.0106554562225938,33921,5,"meta_highrescanopyheight_orthophoto",0.5,"orthophoto_50cm_2025","Ostlandet"
"NINFP1810010213",6.61521574059917,5.10394525527954,4347,1,"meta_highrescanopyheight_orthophoto",0.5,"orthophoto_50cm_2025","Ostlandet"
"NINFP1810037371",2.56812859746274,1.429039478302,2177,3,"meta_highrescanopyheight_orthophoto",0.5,"orthophoto_50cm_2025","Ostlandet"
"NINFP1810036809",1.90219095971488,0.892558872699738,14510,3,"meta_highrescanopyheight_orthophoto",0.5,"orthophoto_50cm_2025","Ostlandet"
"NINFP1810040910",0.389853452194146,0.0101633490994573,46070,2,"meta_highrescanopyheight_orthophoto",0.5,"orthophoto_50cm_2025","Ostlandet"
"NINFP1810042645",0.815907243368355,0.11913026124239,9596,2,"meta_highrescanopyheight_orthophoto",0.5,"orthophoto_50cm_2025","Ostlandet"
"NINFP2510216147",5.93196673593844,6.10804796218872,9928,3,"meta_highrescanopyheight_orthophoto",0.5,"orthophoto_50cm_2025","Ostlandet"
"NINFP2510205060",9.00162337385953,9.98831462860107,6805,2,"meta_highrescanopyheight_orthophoto",0.5,"orthophoto_50cm_2025","Ostlandet"
"NINFP1910033114",3.29425987245363,1.55405306816101,11824,4,"meta_highrescanopyheight_orthophoto",0.5,"orthophoto_50cm_2025","Ostlandet"
"NINFP1810022049",3.0500768603385,2.17456126213074,14320,3,"meta_highrescanopyheight_orthophoto",0.5,"orthophoto_50cm_2025","Ostlandet"
"NINFP2110030433",4.26731350177302,3.89419949054718,2802,1,"meta_highrescanopyheight_orthophoto",0.5,"orthophoto_50cm_2025","Ostlandet"
"NINFP2410176248",3.17960802245152,3.17700910568237,42520,6,"meta_highrescanopyheight_orthophoto",0.5,"orthophoto_50cm_2025","Ostlandet"
"NINFP2210084009",0.0100264276815922,0.010029292665422,6159,2,"meta_highrescanopyheight_orthophoto",0.5,"orthophoto_50cm_2025","Ostlandet"
"NINFP2210102114",0.467702237425447,0.0189792392775416,24032,2,"meta_highrescanopyheight_orthophoto",0.5,"orthophoto_50cm_2025","Ostlandet"
"NINFP1810033622",0.816186610271275,0.0694968551397324,1182,2,"meta_highrescanopyheight_orthophoto",0.5,"orthophoto_50cm_2025","Ostlandet"
"NINFP2110015281",0.0429007716795303,0.0107686780393124,13871,3,"meta_highrescanopyheight_orthophoto",0.5,"orthophoto_50cm_2025","Ostlandet"
"NINFP1910035291",2.29533431015718,0.569959044456482,10291,3,"meta_highrescanopyheight_orthophoto",0.5,"orthophoto_50cm_2025","Ostlandet"
"NINFP2410171829",5.57795692984914,5.98755168914795,6766,2,"meta_highrescanopyheight_orthophoto",0.5,"orthophoto_50cm_2025","Ostlandet"
"NINFP1810033931",6.91162496532968,6.77085781097412,24109,4,"meta_highrescanopyheight_orthophoto",0.5,"orthophoto_50cm_2025","Ostlandet"
"NINFP1810041688",2.4229139167643,1.14090132713318,4797,1,"meta_highrescanopyheight_orthophoto",0.5,"orthophoto_50cm_2025","Ostlandet"
"NINFP1810017643",1.51235238424703,0.33748123049736,4617,2,"meta_highrescanopyheight_orthophoto",0.5,"orthophoto_50cm_2025","Ostlandet"
"NINFP2310128421",0.0155641791042276,0.0101055847480893,96780,9,"meta_highrescanopyheight_orthophoto",0.5,"orthophoto_50cm_2025","Ostlandet"
"NINFP2210110685",8.65549961017021,9.41057586669922,7394,3,"meta_highrescanopyheight_orthophoto",0.5,"orthophoto_50cm_2025","Ostlandet"
"NINFP1810023087",3.58308467870248,1.97768378257751,20096,4,"meta_highrescanopyheight_orthophoto",0.5,"orthophoto_50cm_2025","Ostlandet"
"NINFP2010033797",0.0378401291417312,0.0125660290941596,11195,3,"meta_highrescanopyheight_orthophoto",0.5,"orthophoto_50cm_2025","Ostlandet"
"NINFP1910061084",2.47300762193211,1.06776261329651,38149,5,"meta_highrescanopyheight_orthophoto",0.5,"orthophoto_50cm_2025","Ostlandet"
"NINFP2010034537",6.19911518502804,6.33241653442383,4106,1,"meta_highrescanopyheight_orthophoto",0.5,"orthophoto_50cm_2025","Ostlandet"
"NINFP2210101183",0.974876239734899,0.0651548802852631,41577,6,"meta_highrescanopyheight_orthophoto",0.5,"orthophoto_50cm_2025","Ostlandet"
"NINFP2410169610",1.02698825395879,0.111817117780447,14588,2,"meta_highrescanopyheight_orthophoto",0.5,"orthophoto_50cm_2025","Ostlandet"
"NINFP1810006472",1.37135593542412,0.0785138532519341,6048,1,"meta_highrescanopyheight_orthophoto",0.5,"orthophoto_50cm_2025","Ostlandet"
"NINFP2010026693",0.859446381636253,0.0540823116898537,11927,4,"meta_highrescanopyheight_orthophoto",0.5,"orthophoto_50cm_2025","Ostlandet"
"NINFP2010004479",0.275397295684661,0.0111638410016894,8366,2,"meta_highrescanopyheight_orthophoto",0.5,"orthophoto_50cm_2025","Ostlandet"
"NINFP1810020853",5.99762467923055,6.63816928863525,25668,3,"meta_highrescanopyheight_orthophoto",0.5,"orthophoto_50cm_2025","Ostlandet"
"NINFP2110018539",1.04136695879529,0.140319034457207,12859,4,"meta_highrescanopyheight_orthophoto",0.5,"orthophoto_50cm_2025","Ostlandet"
"NINFP2210099186",1.5061030799747,0.0135675305500627,2303,2,"meta_highrescanopyheight_orthophoto",0.5,"orthophoto_50cm_2025","Ostlandet"
"NINFP2110057122",0.623585714996358,0.0256830658763647,51463,5,"meta_highrescanopyheight_orthophoto",0.5,"orthophoto_50cm_2025","Ostlandet"
"NINFP2110010481",3.71561519794785,3.32146179676056,18282,3,"meta_highrescanopyheight_orthophoto",0.5,"orthophoto_50cm_2025","Ostlandet"
"NINFP2410174970",0.56781272664065,0.0622811876237392,67051,6,"meta_highrescanopyheight_orthophoto",0.5,"orthophoto_50cm_2025","Ostlandet"
"NINFP1810018746",5.97522521790266,6.32512831687927,21982,3,"meta_highrescanopyheight_orthophoto",0.5,"orthophoto_50cm_2025","Ostlandet"
"NINFP2410184173",0.423799270331624,0.0215763915330172,39724,2,"meta_highrescanopyheight_orthophoto",0.5,"orthophoto_50cm_2025","Ostlandet"
"NINFP1810003673",2.11549206937103,1.17631316184998,33243,4,"meta_highrescanopyheight_orthophoto",0.5,"orthophoto_50cm_2025","Ostlandet"
"NINFP1810021941",2.31578761292185,0.453520894050598,2984,1,"meta_highrescanopyheight_orthophoto",0.5,"orthophoto_50cm_2025","Ostlandet"
"NINFP2310117015",0.157314774252489,0.0206616520881653,12975,2,"meta_highrescanopyheight_orthophoto",0.5,"orthophoto_50cm_2025","Ostlandet"
"NINFP2510215807",1.30593278938817,0.168017603456974,35712,4,"meta_highrescanopyheight_orthophoto",0.5,"orthophoto_50cm_2025","Ostlandet"
"NINFP2110010591",2.78411848008675,2.39614880084991,7168,2,"meta_highrescanopyheight_orthophoto",0.5,"orthophoto_50cm_2025","Ostlandet"
"NINFP2010038783",5.70265350066676,5.39099907875061,8930,3,"meta_highrescanopyheight_orthophoto",0.5,"orthophoto_50cm_2025","Ostlandet"
"NINFP1810010072",2.33339298197321,0.587095379829407,15093,2,"meta_highrescanopyheight_orthophoto",0.5,"orthophoto_50cm_2025","Ostlandet"
"NINFP1910019621",2.67666051099396,1.33022147417068,23548,5,"meta_highrescanopyheight_orthophoto",0.5,"orthophoto_50cm_2025","Ostlandet"
"NINFP1910045940",4.12332331206145,1.75025629997253,5002,1,"meta_highrescanopyheight_orthophoto",0.5,"orthophoto_50cm_2025","Ostlandet"
"NINFP2210082251",7.54093469934249,7.92683172225952,8430,3,"meta_highrescanopyheight_orthophoto",0.5,"orthophoto_50cm_2025","Ostlandet"
"NINFP2510187447",0.350018657821514,0.0108248223550618,11296,2,"meta_highrescanopyheight_orthophoto",0.5,"orthophoto_50cm_2025","Ostlandet"
"NINFP2010013411",2.94994678895925,2.32552862167358,12105,2,"meta_highrescanopyheight_orthophoto",0.5,"orthophoto_50cm_2025","Ostlandet"
"NINFP2410161410",8.45929142767341,8.55736064910889,103469,10,"meta_highrescanopyheight_orthophoto",0.5,"orthophoto_50cm_2025","Ostlandet"
"NINFP1910022654",5.34343643005784,5.42223024368286,12985,2,"meta_highrescanopyheight_orthophoto",0.5,"orthophoto_50cm_2025","Ostlandet"
"NINFP1810009475",6.99046427165267,8.17325592041016,14589,2,"meta_highrescanopyheight_orthophoto",0.5,"orthophoto_50cm_2025","Ostlandet"
"NINFP1810042151",2.14292435998106,0.933745265007019,132111,7,"meta_highrescanopyheight_orthophoto",0.5,"orthophoto_50cm_2025","Ostlandet"
"NINFP2410177103",0.536845221170925,0.0106622627936304,99386,5,"meta_highrescanopyheight_orthophoto",0.5,"orthophoto_50cm_2025","Ostlandet"
"NINFP2310142961",2.18863754821418,0.0269015673547983,16263,3,"meta_highrescanopyheight_orthophoto",0.5,"orthophoto_50cm_2025","Ostlandet"
"NINFP2110037132",0.661045714045301,0.0146801709197462,2074,2,"meta_highrescanopyheight_orthophoto",0.5,"orthophoto_50cm_2025","Ostlandet"
"NINFP2110034542",9.02504826103885,10.0702857971191,38717,4,"meta_highrescanopyheight_orthophoto",0.5,"orthophoto_50cm_2025","Ostlandet"
"NINFP2010032690",5.65884998210567,5.9044988155365,9892,4,"meta_highrescanopyheight_orthophoto",0.5,"orthophoto_50cm_2025","Ostlandet"
"NINFP1810047917",0.187741633218939,0.0168403815478086,15465,3,"meta_highrescanopyheight_orthophoto",0.5,"orthophoto_50cm_2025","Ostlandet"
"NINFP2110065535",2.82058466782708,1.27419829368591,4446,1,"meta_highrescanopyheight_orthophoto",0.5,"orthophoto_50cm_2025","Ostlandet"
"NINFP2010004440",2.27519217941062,0.802539676427841,12698,4,"meta_highrescanopyheight_orthophoto",0.5,"orthophoto_50cm_2025","Ostlandet"
"NINFP2210100884",3.79154997239639,2.53299725055695,9470,3,"meta_highrescanopyheight_orthophoto",0.5,"orthophoto_50cm_2025","Ostlandet"
"NINFP2510203912",4.78259756749996,4.14501190185547,58503,6,"meta_highrescanopyheight_orthophoto",0.5,"orthophoto_50cm_2025","Ostlandet"
"NINFP2210100052",2.9303593946267,2.12181568145752,44999,3,"meta_highrescanopyheight_orthophoto",0.5,"orthophoto_50cm_2025","Ostlandet"
"NINFP2410183896",5.75720950855217,5.66778945922852,55733,7,"meta_highrescanopyheight_orthophoto",0.5,"orthophoto_50cm_2025","Ostlandet"
"NINFP2110034433",5.58921059733467,5.73349952697754,4199,3,"meta_highrescanopyheight_orthophoto",0.5,"orthophoto_50cm_2025","Ostlandet"
"NINFP2010039118",5.31386679751342,5.59033918380737,19307,6,"meta_highrescanopyheight_orthophoto",0.5,"orthophoto_50cm_2025","Ostlandet"
"NINFP2210098413",2.09427693081048,0.772898823022842,5128,4,"meta_highrescanopyheight_orthophoto",0.5,"orthophoto_50cm_2025","Ostlandet"
"NINFP2510213170",2.61852927744096,1.36908406019211,13930,2,"meta_highrescanopyheight_orthophoto",0.5,"orthophoto_50cm_2025","Ostlandet"
"NINFP2210098653",3.90272475983964,3.53128516674042,11240,4,"meta_highrescanopyheight_orthophoto",0.5,"orthophoto_50cm_2025","Ostlandet"
"NINFP2210107874",2.58322037064029,0.0428256168961525,4888,2,"meta_highrescanopyheight_orthophoto",0.5,"orthophoto_50cm_2025","Ostlandet"
"NINFP2010054151",2.13888995063277,0.127108633518219,40015,7,"meta_highrescanopyheight_orthophoto",0.5,"orthophoto_50cm_2025","Ostlandet"
"NINFP2310122138",4.14179642871955,4.10247135162354,4391,2,"meta_highrescanopyheight_orthophoto",0.5,"orthophoto_50cm_2025","Ostlandet"
"NINFP2010036039",0.601857339033302,0.0114754433743656,4986,3,"meta_highrescanopyheight_orthophoto",0.5,"orthophoto_50cm_2025","Ostlandet"
"NINFP2010034525",1.71181088036951,0.318878918886185,7935,1,"meta_highrescanopyheight_orthophoto",0.5,"orthophoto_50cm_2025","Ostlandet"
"NINFP1810039596",1.69229652805113,0.0415866002440453,82185,11,"meta_highrescanopyheight_orthophoto",0.5,"orthophoto_50cm_2025","Ostlandet"
"NINFP1810035352",2.25656138604718,0.0532565973699093,34757,4,"meta_highrescanopyheight_orthophoto",0.5,"orthophoto_50cm_2025","Ostlandet"
"NINFP2210075869",4.38336986444985,3.34328937530518,18934,4,"meta_highrescanopyheight_orthophoto",0.5,"orthophoto_50cm_2025","Ostlandet"
"NINFP2210109645",9.58040206540802,9.91091632843018,12431,2,"meta_highrescanopyheight_orthophoto",0.5,"orthophoto_50cm_2025","Ostlandet"
"NINFP1810031732",4.26610209053051,3.87525916099548,21117,2,"meta_highrescanopyheight_orthophoto",0.5,"orthophoto_50cm_2025","Ostlandet"
"NINFP2510216548",0.979805770639513,0.0348508507013321,284118,15,"meta_highrescanopyheight_orthophoto",0.5,"orthophoto_50cm_2025","Ostlandet"
"NINFP1810040959",1.95761085751995,0.813566565513611,17709,3,"meta_highrescanopyheight_orthophoto",0.5,"orthophoto_50cm_2025","Ostlandet"
"NINFP1810037036",7.91651095569068,8.72682857513428,14261,2,"meta_highrescanopyheight_orthophoto",0.5,"orthophoto_50cm_2025","Ostlandet"
"NINFP2110044983",2.93692719741914,1.91314435005188,21850,1,"meta_highrescanopyheight_orthophoto",0.5,"orthophoto_50cm_2025","Ostlandet"
"NINFP2110011362",7.29820760012617,7.34720897674561,5680,2,"meta_highrescanopyheight_orthophoto",0.5,"orthophoto_50cm_2025","Ostlandet"
"NINFP2110038873",0.107401138195906,0.0102879018522799,41762,4,"meta_highrescanopyheight_orthophoto",0.5,"orthophoto_50cm_2025","Ostlandet"
"NINFP2010021212",5.99986609563181,6.55773448944092,4591,1,"meta_highrescanopyheight_orthophoto",0.5,"orthophoto_50cm_2025","Ostlandet"
"NINFP1810029113",1.35768865131174,0.0904283970594406,148685,14,"meta_highrescanopyheight_orthophoto",0.5,"orthophoto_50cm_2025","Ostlandet"
"NINFP2110012564",5.82928476264382,5.65512180328369,15331,3,"meta_highrescanopyheight_orthophoto",0.5,"orthophoto_50cm_2025","Ostlandet"
"NINFP1810011322",4.44220851011849,2.90780901908875,4149,2,"meta_highrescanopyheight_orthophoto",0.5,"orthophoto_50cm_2025","Ostlandet"
"NINFP1910045062",0.306764539498803,0.0133381844498217,5740,1,"meta_highrescanopyheight_orthophoto",0.5,"orthophoto_50cm_2025","Ostlandet"
"NINFP1810025884",0.0190521912248451,0.0149363838136196,79,1,"meta_highrescanopyheight_orthophoto",0.5,"orthophoto_50cm_2025","Ostlandet"
"NINFP2510198293",0.390627311139974,0.011678849812597,19290,3,"meta_highrescanopyheight_orthophoto",0.5,"orthophoto_50cm_2025","Ostlandet"
"NINFP1910060532",0.629427394066056,0.015951719135046,37550,6,"meta_highrescanopyheight_orthophoto",0.5,"orthophoto_50cm_2025","Ostlandet"
"NINFP2110013671",2.99090761393344,1.90844619274139,11752,2,"meta_highrescanopyheight_orthophoto",0.5,"orthophoto_50cm_2025","Ostlandet"
"NINFP2510219748",7.46239445050531,7.59824752807617,60351,5,"meta_highrescanopyheight_orthophoto",0.5,"orthophoto_50cm_2025","Ostlandet"
"NINFP2010053749",1.08034836206454,0.108576972037554,40840,4,"meta_highrescanopyheight_orthophoto",0.5,"orthophoto_50cm_2025","Ostlandet"
"NINFP1810040049",5.39238631230836,5.89146542549133,69798,7,"meta_highrescanopyheight_orthophoto",0.5,"orthophoto_50cm_2025","Ostlandet"
"NINFP1910051251",2.70698243699096,1.34739327430725,19989,3,"meta_highrescanopyheight_orthophoto",0.5,"orthophoto_50cm_2025","Ostlandet"
"NINFP2010008894",0.172479309237084,0.0114046856760979,18500,3,"meta_highrescanopyheight_orthophoto",0.5,"orthophoto_50cm_2025","Ostlandet"
"NINFP2010003423",8.56843718268503,8.63809776306152,17287,2,"meta_highrescanopyheight_orthophoto",0.5,"orthophoto_50cm_2025","Ostlandet"
"NINFP1910017778",3.36970949586054,2.75886416435242,12163,4,"meta_highrescanopyheight_orthophoto",0.5,"orthophoto_50cm_2025","Ostlandet"
"NINFP1810031972",0.667121245798469,0.0166962761431932,49047,5,"meta_highrescanopyheight_orthophoto",0.5,"orthophoto_50cm_2025","Ostlandet"
"NINFP2510215347",2.93200171325482,1.1989865899086,30950,3,"meta_highrescanopyheight_orthophoto",0.5,"orthophoto_50cm_2025","Ostlandet"
"NINFP2010011691",1.12525501789828,0.0941901728510857,64091,7,"meta_highrescanopyheight_orthophoto",0.5,"orthophoto_50cm_2025","Ostlandet"
"NINFP2310136244",4.08256897998264,4.08782863616943,51722,5,"meta_highrescanopyheight_orthophoto",0.5,"orthophoto_50cm_2025","Ostlandet"
"NINFP2410169149",0.205082558141926,0.0106832953169942,11283,2,"meta_highrescanopyheight_orthophoto",0.5,"orthophoto_50cm_2025","Ostlandet"
"NINFP2010005072",9.92107540183408,10.9302883148193,4961,1,"meta_highrescanopyheight_orthophoto",0.5,"orthophoto_50cm_2025","Ostlandet"
"NINFP2110017142",4.29091679533778,4.76152038574219,6379,2,"meta_highrescanopyheight_orthophoto",0.5,"orthophoto_50cm_2025","Ostlandet"
"NINFP2210098655",1.62997399196019,0.505974292755127,202623,10,"meta_highrescanopyheight_orthophoto",0.5,"orthophoto_50cm_2025","Ostlandet"
"NINFP1910026975",4.93977711738109,5.36485624313354,42259,3,"meta_highrescanopyheight_orthophoto",0.5,"orthophoto_50cm_2025","Ostlandet"
"NINFP2010003444",3.91648733641353,3.04025566577911,6536,2,"meta_highrescanopyheight_orthophoto",0.5,"orthophoto_50cm_2025","Ostlandet"
"NINFP2210103946",5.17630544408538,5.22084283828735,10047,2,"meta_highrescanopyheight_orthophoto",0.5,"orthophoto_50cm_2025","Ostlandet"
"NINFP1910026606",0.886493053986656,0.0445644818246365,2598,2,"meta_highrescanopyheight_orthophoto",0.5,"orthophoto_50cm_2025","Ostlandet"
"NINFP2210084022",8.01023933929271,8.94937610626221,8401,2,"meta_highrescanopyheight_orthophoto",0.5,"orthophoto_50cm_2025","Ostlandet"
"NINFP2310135081",0.168870427888701,0.0112217711284757,267753,17,"meta_highrescanopyheight_orthophoto",0.5,"orthophoto_50cm_2025","Ostlandet"
"NINFP1810043211",4.28923771116469,4.46253395080566,81,1,"meta_highrescanopyheight_orthophoto",0.5,"orthophoto_50cm_2025","Ostlandet"
"NINFP1810041084",4.31795105945431,3.93977522850037,6224,1,"meta_highrescanopyheight_orthophoto",0.5,"orthophoto_50cm_2025","Ostlandet"
"NINFP2110024606",0.0486533322379169,0.0101687163114548,5007,4,"meta_highrescanopyheight_orthophoto",0.5,"orthophoto_50cm_2025","Ostlandet"
"NINFP2110013405",3.81807574710749,3.33560752868652,8558,1,"meta_highrescanopyheight_orthophoto",0.5,"orthophoto_50cm_2025","Ostlandet"
"NINFP1910035300",1.31971020700216,0.359954342246056,4432,2,"meta_highrescanopyheight_orthophoto",0.5,"orthophoto_50cm_2025","Ostlandet"
"NINFP1810025879",0.693013190332551,0.0149944517761469,23072,2,"meta_highrescanopyheight_orthophoto",0.5,"orthophoto_50cm_2025","Ostlandet"
"NINFP1910060295",0.961702928154364,0.0111473957076669,11810,4,"meta_highrescanopyheight_orthophoto",0.5,"orthophoto_50cm_2025","Ostlandet"
"NINFP2210096516",0.129482981179612,0.0101608973927796,6580,1,"meta_highrescanopyheight_orthophoto",0.5,"orthophoto_50cm_2025","Ostlandet"
"NINFP1810035416",2.82559284112358,1.77932757139206,6830,2,"meta_highrescanopyheight_orthophoto",0.5,"orthophoto_50cm_2025","Ostlandet"
"NINFP2410164837",2.17733765189622,1.34018892049789,6352,3,"meta_highrescanopyheight_orthophoto",0.5,"orthophoto_50cm_2025","Ostlandet"
"NINFP1810012573",2.39869298863844,1.70557510852814,4628,1,"meta_highrescanopyheight_orthophoto",0.5,"orthophoto_50cm_2025","Ostlandet"
"NINFP1810010087",5.46451704609246,5.68761539459229,6187,2,"meta_highrescanopyheight_orthophoto",0.5,"orthophoto_50cm_2025","Ostlandet"
"NINFP2310144507",2.57145318819087,1.21629738807678,14880,4,"meta_highrescanopyheight_orthophoto",0.5,"orthophoto_50cm_2025","Ostlandet"
"NINFP2310126736",0.155838128179869,0.0101580852642655,6685,2,"meta_highrescanopyheight_orthophoto",0.5,"orthophoto_50cm_2025","Ostlandet"
"NINFP2510194382",0.874836946989582,0.0486270282417536,33318,6,"meta_highrescanopyheight_orthophoto",0.5,"orthophoto_50cm_2025","Ostlandet"
"NINFP1910019564",8.78601770441859,8.85844707489014,7119,2,"meta_highrescanopyheight_orthophoto",0.5,"orthophoto_50cm_2025","Ostlandet"
"NINFP2010048704",0.0100634591056082,0.0100568728521466,5421,1,"meta_highrescanopyheight_orthophoto",0.5,"orthophoto_50cm_2025","Ostlandet"
"NINFP1910000279",3.10156960803563,1.38508123159409,6954,2,"meta_highrescanopyheight_orthophoto",0.5,"orthophoto_50cm_2025","Ostlandet"
"NINFP1910012475",4.84309669246409,5.15121221542358,45506,4,"meta_highrescanopyheight_orthophoto",0.5,"orthophoto_50cm_2025","Ostlandet"
"NINFP1910029825",3.283913075866,1.07375705242157,7204,4,"meta_highrescanopyheight_orthophoto",0.5,"orthophoto_50cm_2025","Ostlandet"
"NINFP2010053542",0.0227888637596296,0.0100579033605754,535782,30,"meta_highrescanopyheight_orthophoto",0.5,"orthophoto_50cm_2025","Ostlandet"
"NINFP2310131027",0.0144471053524363,0.0102033698931336,94702,10,"meta_highrescanopyheight_orthophoto",0.5,"orthophoto_50cm_2025","Ostlandet"
"NINFP2110036895",0.0665647844323991,0.0105049656704068,31258,4,"meta_highrescanopyheight_orthophoto",0.5,"orthophoto_50cm_2025","Ostlandet"
"NINFP1810037157",7.10762430602694,4.41162395477295,8017,2,"meta_highrescanopyheight_orthophoto",0.5,"orthophoto_50cm_2025","Ostlandet"
"NINFP2310142039",5.5356493079279,5.67100524902344,62877,5,"meta_highrescanopyheight_orthophoto",0.5,"orthophoto_50cm_2025","Ostlandet"
"NINFP2510203244",6.32462815826146,6.3990306854248,7887,2,"meta_highrescanopyheight_orthophoto",0.5,"orthophoto_50cm_2025","Ostlandet"
"NINFP2010053876",2.65267237329448,0.665981560945511,43994,5,"meta_highrescanopyheight_orthophoto",0.5,"orthophoto_50cm_2025","Ostlandet"
"NINFP2110018273",0.815424522868334,0.0376966707408428,3900,2,"meta_highrescanopyheight_orthophoto",0.5,"orthophoto_50cm_2025","Ostlandet"
"NINFP1910016452",8.87272193498146,9.12328243255615,14368,2,"meta_highrescanopyheight_orthophoto",0.5,"orthophoto_50cm_2025","Ostlandet"
"NINFP1810011772",1.84386434040429,0.52882593870163,204556,9,"meta_highrescanopyheight_orthophoto",0.5,"orthophoto_50cm_2025","Ostlandet"
"NINFP2010052928",0.122446114286839,0.0103828692808747,17426,2,"meta_highrescanopyheight_orthophoto",0.5,"orthophoto_50cm_2025","Ostlandet"
"NINFP1810040830",3.33514361491771,2.09948039054871,13198,2,"meta_highrescanopyheight_orthophoto",0.5,"orthophoto_50cm_2025","Ostlandet"
"NINFP2110041032",7.12155750987841,7.27577257156372,5284,1,"meta_highrescanopyheight_orthophoto",0.5,"orthophoto_50cm_2025","Ostlandet"
"NINFP1910000238",5.66494584755571,3.71752035617828,4664,3,"meta_highrescanopyheight_orthophoto",0.5,"orthophoto_50cm_2025","Ostlandet"
"NINFP2510218426",0.0823060316140508,0.0111514171585441,30682,2,"meta_highrescanopyheight_orthophoto",0.5,"orthophoto_50cm_2025","Ostlandet"
"NINFP1810015314",3.67078537110396,3.83983278274536,4057,2,"meta_highrescanopyheight_orthophoto",0.5,"orthophoto_50cm_2025","Ostlandet"
"NINFP2110057124",0.97094992826078,0.0365288890898228,71504,6,"meta_highrescanopyheight_orthophoto",0.5,"orthophoto_50cm_2025","Ostlandet"
"NINFP1810029103",0.0929581358499761,0.01026142667979,118866,7,"meta_highrescanopyheight_orthophoto",0.5,"orthophoto_50cm_2025","Ostlandet"
"NINFP2310130963",1.83077494309246,1.24494516849518,13095,1,"meta_highrescanopyheight_orthophoto",0.5,"orthophoto_50cm_2025","Ostlandet"
"NINFP1810015310",6.06184201850351,5.11394357681274,9306,1,"meta_highrescanopyheight_orthophoto",0.5,"orthophoto_50cm_2025","Ostlandet"
"NINFP1910040944",4.2196723857802,3.80027139186859,26780,3,"meta_highrescanopyheight_orthophoto",0.5,"orthophoto_50cm_2025","Ostlandet"
"NINFP2010030626",4.17082673514222,1.77527368068695,12808,4,"meta_highrescanopyheight_orthophoto",0.5,"orthophoto_50cm_2025","Ostlandet"
"NINFP2210106282",3.42788907622234,2.29663217067719,38818,4,"meta_highrescanopyheight_orthophoto",0.5,"orthophoto_50cm_2025","Ostlandet"
"NINFP1810023134",6.78827558231867,6.99370908737183,22601,4,"meta_highrescanopyheight_orthophoto",0.5,"orthophoto_50cm_2025","Ostlandet"
"NINFP1810036234",0.801797081152143,0.0153132574632764,44764,6,"meta_highrescanopyheight_orthophoto",0.5,"orthophoto_50cm_2025","Ostlandet"
"NINFP2310142651",6.55385731816309,7.0531702041626,18139,3,"meta_highrescanopyheight_orthophoto",0.5,"orthophoto_50cm_2025","Ostlandet"
"NINFP2210107294",3.16109724069329,2.68157541751862,6090,2,"meta_highrescanopyheight_orthophoto",0.5,"orthophoto_50cm_2025","Ostlandet"
"NINFP1810045076",10.1350675864988,10.3384189605713,9790,2,"meta_highrescanopyheight_orthophoto",0.5,"orthophoto_50cm_2025","Ostlandet"
"NINFP2110018556",1.36624360782948,0.231431305408478,10786,4,"meta_highrescanopyheight_orthophoto",0.5,"orthophoto_50cm_2025","Ostlandet"
"NINFP2210102120",0.403867350451286,0.0393199827522039,4672,1,"meta_highrescanopyheight_orthophoto",0.5,"orthophoto_50cm_2025","Ostlandet"
"NINFP2510218276",5.99527725496062,5.92746782302856,5939,2,"meta_highrescanopyheight_orthophoto",0.5,"orthophoto_50cm_2025","Ostlandet"
"NINFP1810042048",4.55875619232401,4.59681940078735,13455,4,"meta_highrescanopyheight_orthophoto",0.5,"orthophoto_50cm_2025","Ostlandet"
"NINFP2010027030",0.0173448236583857,0.0100506516173482,22902,2,"meta_highrescanopyheight_orthophoto",0.5,"orthophoto_50cm_2025","Ostlandet"
"NINFP2110014308",0.177298540383887,0.0160315465182066,8910,5,"meta_highrescanopyheight_orthophoto",0.5,"orthophoto_50cm_2025","Ostlandet"
"NINFP1810036954",0.986946125866672,0.0133463386446238,30650,4,"meta_highrescanopyheight_orthophoto",0.5,"orthophoto_50cm_2025","Ostlandet"
"NINFP2010016363",0.107262918684382,0.01022366899997,75134,4,"meta_highrescanopyheight_orthophoto",0.5,"orthophoto_50cm_2025","Ostlandet"
"NINFP2510215792",0.670190760039487,0.113190371543169,6732,2,"meta_highrescanopyheight_orthophoto",0.5,"orthophoto_50cm_2025","Ostlandet"
"NINFP1910034377",0.0103497920578391,0.0101982839405537,6531,2,"meta_highrescanopyheight_orthophoto",0.5,"orthophoto_50cm_2025","Ostlandet"
"NINFP1910011981",3.67603784428447,3.11335754394531,11773,3,"meta_highrescanopyheight_orthophoto",0.5,"orthophoto_50cm_2025","Ostlandet"
"NINFP2510191139",2.98739646476904,1.34725272655487,10037,3,"meta_highrescanopyheight_orthophoto",0.5,"orthophoto_50cm_2025","Ostlandet"
"NINFP1910022566",0.25365581431679,0.010809070430696,242071,12,"meta_highrescanopyheight_orthophoto",0.5,"orthophoto_50cm_2025","Ostlandet"
"NINFP1910025019",8.65204919710033,8.67155647277832,4082,1,"meta_highrescanopyheight_orthophoto",0.5,"orthophoto_50cm_2025","Ostlandet"
"NINFP1810035771",4.05930277501291,4.07839703559875,4140,1,"meta_highrescanopyheight_orthophoto",0.5,"orthophoto_50cm_2025","Ostlandet"
"NINFP1810010671",9.9454945475004,10.9966368675232,43612,7,"meta_highrescanopyheight_orthophoto",0.5,"orthophoto_50cm_2025","Ostlandet"
"NINFP2110018120",1.70459903869266,0.591585636138916,19815,4,"meta_highrescanopyheight_orthophoto",0.5,"orthophoto_50cm_2025","Ostlandet"
"NINFP2010039858",2.68459259749809,0.93055272102356,6027,3,"meta_highrescanopyheight_orthophoto",0.5,"orthophoto_50cm_2025","Ostlandet"
"NINFP1910016069",4.14964101954098,3.43802452087402,35283,3,"meta_highrescanopyheight_orthophoto",0.5,"orthophoto_50cm_2025","Ostlandet"
"NINFP1910052669",0.842792546399308,0.021741084754467,6763,4,"meta_highrescanopyheight_orthophoto",0.5,"orthophoto_50cm_2025","Ostlandet"
"NINFP1810028778",7.39666309377032,7.56990528106689,13691,2,"meta_highrescanopyheight_orthophoto",0.5,"orthophoto_50cm_2025","Ostlandet"
"NINFP1910050249",3.66439977615223,2.79912543296814,39872,5,"meta_highrescanopyheight_orthophoto",0.5,"orthophoto_50cm_2025","Ostlandet"
"NINFP1910034055",2.5376028153392,1.47687745094299,8125,4,"meta_highrescanopyheight_orthophoto",0.5,"orthophoto_50cm_2025","Ostlandet"
"NINFP1910030650",2.19715485107307,0.648493051528931,76184,4,"meta_highrescanopyheight_orthophoto",0.5,"orthophoto_50cm_2025","Ostlandet"
"NINFP2410183501",0.779886978908766,0.02527991309762,127763,8,"meta_highrescanopyheight_orthophoto",0.5,"orthophoto_50cm_2025","Ostlandet"
"NINFP2010048713",0.0246238934027613,0.0100706531666219,75376,6,"meta_highrescanopyheight_orthophoto",0.5,"orthophoto_50cm_2025","Ostlandet"
"NINFP2310125192",1.36317380071703,0.378641217947006,2821,1,"meta_highrescanopyheight_orthophoto",0.5,"orthophoto_50cm_2025","Ostlandet"
"NINFP1910035282",2.83846298755695,0.999565482139587,9229,2,"meta_highrescanopyheight_orthophoto",0.5,"orthophoto_50cm_2025","Ostlandet"
"NINFP2010034976",3.04505027145371,1.94263124465942,19262,4,"meta_highrescanopyheight_orthophoto",0.5,"orthophoto_50cm_2025","Ostlandet"
"NINFP2210096521",1.41244320410218,0.128494247794151,96888,9,"meta_highrescanopyheight_orthophoto",0.5,"orthophoto_50cm_2025","Ostlandet"
"NINFP1910005432",0.0106997063550621,0.0106751932762563,78,1,"meta_highrescanopyheight_orthophoto",0.5,"orthophoto_50cm_2025","Ostlandet"
"NINFP2310120469",4.97165250510898,5.03702187538147,4142,1,"meta_highrescanopyheight_orthophoto",0.5,"orthophoto_50cm_2025","Ostlandet"
"NINFP2210095382",1.12035533535606,0.0505909323692322,18784,4,"meta_highrescanopyheight_orthophoto",0.5,"orthophoto_50cm_2025","Ostlandet"
"NINFP2410164141",2.22174335693805,0.709968328475952,19443,4,"meta_highrescanopyheight_orthophoto",0.5,"orthophoto_50cm_2025","Ostlandet"
"NINFP2110017919",0.244160256265806,0.0103785581886768,5155,1,"meta_highrescanopyheight_orthophoto",0.5,"orthophoto_50cm_2025","Ostlandet"
"NINFP2210081296",1.51254083016413,0.142316967248917,6017,2,"meta_highrescanopyheight_orthophoto",0.5,"orthophoto_50cm_2025","Ostlandet"
"NINFP1810022558",0.257682632852597,0.012090397067368,18745,3,"meta_highrescanopyheight_orthophoto",0.5,"orthophoto_50cm_2025","Ostlandet"
"NINFP2510212717",1.59846464729279,0.26727107167244,20579,2,"meta_highrescanopyheight_orthophoto",0.5,"orthophoto_50cm_2025","Ostlandet"
"NINFP2210076287",2.11714243874765,0.295545130968094,80895,6,"meta_highrescanopyheight_orthophoto",0.5,"orthophoto_50cm_2025","Ostlandet"
"NINFP2410164319",4.14024294145362,3.92409729957581,14060,4,"meta_highrescanopyheight_orthophoto",0.5,"orthophoto_50cm_2025","Ostlandet"
"NINFP2110013618",2.31791145867898,1.39991307258606,19000,4,"meta_highrescanopyheight_orthophoto",0.5,"orthophoto_50cm_2025","Ostlandet"
"NINFP2110050435",6.41924766454234,6.71280241012573,20580,2,"meta_highrescanopyheight_orthophoto",0.5,"orthophoto_50cm_2025","Ostlandet"
"NINFP1810005133",0.0104725744540868,0.0103653576225042,6607,1,"meta_highrescanopyheight_orthophoto",0.5,"orthophoto_50cm_2025","Ostlandet"
"NINFP1810025864",1.24403483251646,0.0503859110176563,1039,1,"meta_highrescanopyheight_orthophoto",0.5,"orthophoto_50cm_2025","Ostlandet"
"NINFP2010047543",0.0124408033070781,0.0100722047500312,9180,2,"meta_highrescanopyheight_orthophoto",0.5,"orthophoto_50cm_2025","Ostlandet"
"NINFP2310128786",2.09690007931925,0.960574805736542,6325,2,"meta_highrescanopyheight_orthophoto",0.5,"orthophoto_50cm_2025","Ostlandet"
"NINFP2310119635",0.403346434307208,0.0114711211062968,93438,8,"meta_highrescanopyheight_orthophoto",0.5,"orthophoto_50cm_2025","Ostlandet"
"NINFP2410162837",0.542594286696195,0.0268619321286678,5429,1,"meta_highrescanopyheight_orthophoto",0.5,"orthophoto_50cm_2025","Ostlandet"
"NINFP1810029691",8.01033136738808,8.2745246887207,25598,4,"meta_highrescanopyheight_orthophoto",0.5,"orthophoto_50cm_2025","Ostlandet"
"NINFP2010023561",4.72310447439979,5.18259286880493,5731,1,"meta_highrescanopyheight_orthophoto",0.5,"orthophoto_50cm_2025","Ostlandet"
"NINFP1810042970",5.01222594757895,4.56868720054626,8732,1,"meta_highrescanopyheight_orthophoto",0.5,"orthophoto_50cm_2025","Ostlandet"
"NINFP1810023290",0.335173503888685,0.0106588946655393,41355,4,"meta_highrescanopyheight_orthophoto",0.5,"orthophoto_50cm_2025","Ostlandet"
"NINFP1910025660",6.36985549019376,6.52210283279419,5625,4,"meta_highrescanopyheight_orthophoto",0.5,"orthophoto_50cm_2025","Ostlandet"
"NINFP2510218270",2.12403311630214,1.40375363826752,6217,1,"meta_highrescanopyheight_orthophoto",0.5,"orthophoto_50cm_2025","Ostlandet"
"NINFP2410181628",7.18820512755603,6.9849419593811,157787,20,"meta_highrescanopyheight_orthophoto",0.5,"orthophoto_50cm_2025","Ostlandet"
"NINFP1810028300",0.104346323109094,0.0105152991600335,304400,16,"meta_highrescanopyheight_orthophoto",0.5,"orthophoto_50cm_2025","Ostlandet"
"NINFP1810017203",5.44982002081166,5.03735113143921,20499,3,"meta_highrescanopyheight_orthophoto",0.5,"orthophoto_50cm_2025","Ostlandet"
"NINFP2210097015",1.25039191733406,0.0596791412681341,1992,2,"meta_highrescanopyheight_orthophoto",0.5,"orthophoto_50cm_2025","Ostlandet"
"NINFP2110060469",1.03992099145549,0.344094946980476,17308,2,"meta_highrescanopyheight_orthophoto",0.5,"orthophoto_50cm_2025","Ostlandet"
"NINFP2410169145",0.825716332379925,0.0285991840064526,41346,4,"meta_highrescanopyheight_orthophoto",0.5,"orthophoto_50cm_2025","Ostlandet"
"NINFP2510197785",0.421379190917118,0.0154905077069998,2726,1,"meta_highrescanopyheight_orthophoto",0.5,"orthophoto_50cm_2025","Ostlandet"
"NINFP2110014321",1.8392361618649,0.0136888478882611,9418,2,"meta_highrescanopyheight_orthophoto",0.5,"orthophoto_50cm_2025","Ostlandet"
"NINFP1810005041",3.58148582845243,2.17797291278839,6496,2,"meta_highrescanopyheight_orthophoto",0.5,"orthophoto_50cm_2025","Ostlandet"
"NINFP2410156576",4.20691674201491,3.35124826431274,4539,2,"meta_highrescanopyheight_orthophoto",0.5,"orthophoto_50cm_2025","Ostlandet"
"NINFP1910030354",1.22723484524845,0.0400944650173187,4067,2,"meta_highrescanopyheight_orthophoto",0.5,"orthophoto_50cm_2025","Ostlandet"
"NINFP2310143024",1.52206801214373,0.0112021351233125,1829,1,"meta_highrescanopyheight_orthophoto",0.5,"orthophoto_50cm_2025","Ostlandet"
"NINFP2110014165",2.84086305546484,0.752944022417068,7310,1,"meta_highrescanopyheight_orthophoto",0.5,"orthophoto_50cm_2025","Ostlandet"
"NINFP2210103433",4.12567247596855,4.08143734931946,8472,2,"meta_highrescanopyheight_orthophoto",0.5,"orthophoto_50cm_2025","Ostlandet"
"NINFP1810034843",4.27347801036723,3.73957300186157,27025,2,"meta_highrescanopyheight_orthophoto",0.5,"orthophoto_50cm_2025","Ostlandet"
"NINFP2110048870",3.36108950245125,2.16435742378235,52682,6,"meta_highrescanopyheight_orthophoto",0.5,"orthophoto_50cm_2025","Ostlandet"
"NINFP1810007406",7.8810651449077,8.71731233596802,15370,2,"meta_highrescanopyheight_orthophoto",0.5,"orthophoto_50cm_2025","Ostlandet"
"NINFP1910061101",1.23761538890714,0.0516098439693451,26227,4,"meta_highrescanopyheight_orthophoto",0.5,"orthophoto_50cm_2025","Ostlandet"
"NINFP2310136366",4.34931074663362,4.09312629699707,26010,6,"meta_highrescanopyheight_orthophoto",0.5,"orthophoto_50cm_2025","Ostlandet"
"NINFP1810012566",1.9872153000816,0.243089400231838,6200,2,"meta_highrescanopyheight_orthophoto",0.5,"orthophoto_50cm_2025","Ostlandet"
"NINFP1910000236",0.16642264368181,0.0110964626073837,16217,2,"meta_highrescanopyheight_orthophoto",0.5,"orthophoto_50cm_2025","Ostlandet"
"NINFP2410180002",6.24406106956913,6.62093377113342,28234,4,"meta_highrescanopyheight_orthophoto",0.5,"orthophoto_50cm_2025","Ostlandet"
"NINFP2210082252",7.11446665573188,7.64671564102173,15644,5,"meta_highrescanopyheight_orthophoto",0.5,"orthophoto_50cm_2025","Ostlandet"
"NINFP2310121797",5.90694991183574,6.42929768562317,10734,4,"meta_highrescanopyheight_orthophoto",0.5,"orthophoto_50cm_2025","Ostlandet"
"NINFP2210101103",7.18808003453696,7.37476110458374,36427,3,"meta_highrescanopyheight_orthophoto",0.5,"orthophoto_50cm_2025","Ostlandet"
"NINFP2310143721",1.23742417428287,0.739363044500351,7576,2,"meta_highrescanopyheight_orthophoto",0.5,"orthophoto_50cm_2025","Ostlandet"
"NINFP2310127243",0.651183222645503,0.11665628477931,4632,2,"meta_highrescanopyheight_orthophoto",0.5,"orthophoto_50cm_2025","Ostlandet"
"NINFP2110056639",1.63338820244167,0.793477356433868,13430,3,"meta_highrescanopyheight_orthophoto",0.5,"orthophoto_50cm_2025","Ostlandet"
"NINFP2110044790",9.07716619059193,10.5067386627197,28907,4,"meta_highrescanopyheight_orthophoto",0.5,"orthophoto_50cm_2025","Ostlandet"
"NINFP1810035600",0.566416246853319,0.0212926119565964,123238,8,"meta_highrescanopyheight_orthophoto",0.5,"orthophoto_50cm_2025","Ostlandet"
"NINFP2510201467",0.0201570127237876,0.010096306912601,55676,5,"meta_highrescanopyheight_orthophoto",0.5,"orthophoto_50cm_2025","Ostlandet"
"NINFP2510216160",3.11849057714107,1.40113353729248,77721,15,"meta_highrescanopyheight_orthophoto",0.5,"orthophoto_50cm_2025","Ostlandet"
"NINFP2310128632",1.38445585448343,0.164225116372108,10272,4,"meta_highrescanopyheight_orthophoto",0.5,"orthophoto_50cm_2025","Ostlandet"
"NINFP2410164102",1.50595205814958,0.109499663114548,9247,2,"meta_highrescanopyheight_orthophoto",0.5,"orthophoto_50cm_2025","Ostlandet"
"NINFP2510196320",1.94233629723459,0.354394972324371,245694,13,"meta_highrescanopyheight_orthophoto",0.5,"orthophoto_50cm_2025","Ostlandet"
"NINFP2110057353",0.311593258369419,0.0559278354048729,8103,4,"meta_highrescanopyheight_orthophoto",0.5,"orthophoto_50cm_2025","Ostlandet"
"NINFP2310124570",3.36126387569787,1.47640216350555,13533,3,"meta_highrescanopyheight_orthophoto",0.5,"orthophoto_50cm_2025","Ostlandet"
"NINFP2310139963",2.14474410446359,0.212490990757942,41413,4,"meta_highrescanopyheight_orthophoto",0.5,"orthophoto_50cm_2025","Ostlandet"
"NINFP1810024489",1.56789326771396,0.313161581754684,15777,2,"meta_highrescanopyheight_orthophoto",0.5,"orthophoto_50cm_2025","Ostlandet"
"NINFP1910025474",2.52345248501947,1.8309965133667,44287,4,"meta_highrescanopyheight_orthophoto",0.5,"orthophoto_50cm_2025","Ostlandet"
"NINFP1910008262",4.05411213525545,4.04697275161743,5208,2,"meta_highrescanopyheight_orthophoto",0.5,"orthophoto_50cm_2025","Ostlandet"
"NINFP2010037004",0.0260688935929387,0.0105136074125767,40902,6,"meta_highrescanopyheight_orthophoto",0.5,"orthophoto_50cm_2025","Ostlandet"
"NINFP2010012961",0.392776353388365,0.0184534005820751,16596,2,"meta_highrescanopyheight_orthophoto",0.5,"orthophoto_50cm_2025","Ostlandet"
"NINFP1810020954",2.75351609529376,0.286093667149544,13714,2,"meta_highrescanopyheight_orthophoto",0.5,"orthophoto_50cm_2025","Ostlandet"
"NINFP2510205375",6.44197770469396,6.9824321269989,7524,2,"meta_highrescanopyheight_orthophoto",0.5,"orthophoto_50cm_2025","Ostlandet"
"NINFP2310143989",5.29844242523816,5.22204780578613,36195,4,"meta_highrescanopyheight_orthophoto",0.5,"orthophoto_50cm_2025","Ostlandet"
"NINFP2510193559",0.0184448476899088,0.0101821646094322,23920,4,"meta_highrescanopyheight_orthophoto",0.5,"orthophoto_50cm_2025","Ostlandet"
"NINFP2210082232",3.24778251698129,2.56550276279449,11968,3,"meta_highrescanopyheight_orthophoto",0.5,"orthophoto_50cm_2025","Ostlandet"
"NINFP2410173636",0.115193110452652,0.0106523483991623,59213,4,"meta_highrescanopyheight_orthophoto",0.5,"orthophoto_50cm_2025","Ostlandet"
"NINFP2210109351",2.43958992539857,1.36166048049927,10527,1,"meta_highrescanopyheight_orthophoto",0.5,"orthophoto_50cm_2025","Ostlandet"
"NINFP2410183874",5.6116060337438,5.0807511806488,74150,10,"meta_highrescanopyheight_orthophoto",0.5,"orthophoto_50cm_2025","Ostlandet"
"NINFP2310128635",4.62273551775139,4.28073024749756,8929,1,"meta_highrescanopyheight_orthophoto",0.5,"orthophoto_50cm_2025","Ostlandet"
"NINFP1810031738",2.44176549748147,1.608882188797,8236,2,"meta_highrescanopyheight_orthophoto",0.5,"orthophoto_50cm_2025","Ostlandet"
"NINFP1810011108",1.35343890726061,0.49570569396019,11668,2,"meta_highrescanopyheight_orthophoto",0.5,"orthophoto_50cm_2025","Ostlandet"
"NINFP2210093535",4.82098003535888,4.58715581893921,9815,2,"meta_highrescanopyheight_orthophoto",0.5,"orthophoto_50cm_2025","Ostlandet"
"NINFP2510187296",2.49700364374063,0.750933885574341,24287,5,"meta_highrescanopyheight_orthophoto",0.5,"orthophoto_50cm_2025","Ostlandet"
"NINFP2310125545",0.0772217372989277,0.0108762611635029,25134,3,"meta_highrescanopyheight_orthophoto",0.5,"orthophoto_50cm_2025","Ostlandet"
"NINFP2310130114",3.74597265092743,3.52427816390991,17085,2,"meta_highrescanopyheight_orthophoto",0.5,"orthophoto_50cm_2025","Ostlandet"
"NINFP2010053836",3.40676155579377,2.61941170692444,33581,4,"meta_highrescanopyheight_orthophoto",0.5,"orthophoto_50cm_2025","Ostlandet"
"NINFP2210085663",1.43666194727636,0.32339271903038,34015,4,"meta_highrescanopyheight_orthophoto",0.5,"orthophoto_50cm_2025","Ostlandet"
"NINFP2110010477",7.04761261086562,6.95945286750793,4088,1,"meta_highrescanopyheight_orthophoto",0.5,"orthophoto_50cm_2025","Ostlandet"
"NINFP2010026631",5.55895769763755,6.19681644439697,6371,1,"meta_highrescanopyheight_orthophoto",0.5,"orthophoto_50cm_2025","Ostlandet"
"NINFP1910018971",4.98947068441658,5.26849007606506,4946,1,"meta_highrescanopyheight_orthophoto",0.5,"orthophoto_50cm_2025","Ostlandet"
"NINFP2410168965",0.0101850050024968,0.0101216267794371,8077,2,"meta_highrescanopyheight_orthophoto",0.5,"orthophoto_50cm_2025","Ostlandet"
"NINFP1810024469",4.79218542760563,3.40286016464233,29610,6,"meta_highrescanopyheight_orthophoto",0.5,"orthophoto_50cm_2025","Ostlandet"
"NINFP2210091836",11.7206431920936,12.0934143066406,6151,2,"meta_highrescanopyheight_orthophoto",0.5,"orthophoto_50cm_2025","Ostlandet"
"NINFP1810023731",4.19070970843804,2.75838828086853,4150,1,"meta_highrescanopyheight_orthophoto",0.5,"orthophoto_50cm_2025","Ostlandet"
"NINFP1810039160",4.3472221998895,4.44705677032471,11325,2,"meta_highrescanopyheight_orthophoto",0.5,"orthophoto_50cm_2025","Ostlandet"
"NINFP2510193429",1.54300582726479,0.234982401132584,4657,1,"meta_highrescanopyheight_orthophoto",0.5,"orthophoto_50cm_2025","Ostlandet"
"NINFP2510190503",6.48290819236752,6.73286485671997,13632,5,"meta_highrescanopyheight_orthophoto",0.5,"orthophoto_50cm_2025","Ostlandet"
"NINFP2010037029",0.0305001679641303,0.010121660772711,334854,25,"meta_highrescanopyheight_orthophoto",0.5,"orthophoto_50cm_2025","Ostlandet"
"NINFP2510215786",1.81089613221692,0.382681384682655,8060,3,"meta_highrescanopyheight_orthophoto",0.5,"orthophoto_50cm_2025","Ostlandet"
"NINFP2110054293",0.498993643617942,0.0450659655034542,29792,3,"meta_highrescanopyheight_orthophoto",0.5,"orthophoto_50cm_2025","Ostlandet"
"NINFP2110063381",2.34630272157195,1.10069799423218,8320,4,"meta_highrescanopyheight_orthophoto",0.5,"orthophoto_50cm_2025","Ostlandet"
"NINFP2310144159",5.96845908471294,6.06117057800293,14960,4,"meta_highrescanopyheight_orthophoto",0.5,"orthophoto_50cm_2025","Ostlandet"
"NINFP1910034698",1.47194758483639,0.138009577989578,18104,4,"meta_highrescanopyheight_orthophoto",0.5,"orthophoto_50cm_2025","Ostlandet"
"NINFP2210108886",0.592484942573916,0.0116681330837309,8100,2,"meta_highrescanopyheight_orthophoto",0.5,"orthophoto_50cm_2025","Ostlandet"
"NINFP2410170862",0.0134791255962559,0.0101892929524183,33544,3,"meta_highrescanopyheight_orthophoto",0.5,"orthophoto_50cm_2025","Ostlandet"
"NINFP2310131037",4.37739585628065,4.05861663818359,160825,15,"meta_highrescanopyheight_orthophoto",0.5,"orthophoto_50cm_2025","Ostlandet"
"NINFP2410163899",1.30150202996696,0.135066270828247,90544,7,"meta_highrescanopyheight_orthophoto",0.5,"orthophoto_50cm_2025","Ostlandet"
"NINFP1810010575",6.3389011626007,5.53621816635132,9809,2,"meta_highrescanopyheight_orthophoto",0.5,"orthophoto_50cm_2025","Ostlandet"
"NINFP2410176968",2.5835333106437,1.44883191585541,10232,1,"meta_highrescanopyheight_orthophoto",0.5,"orthophoto_50cm_2025","Ostlandet"
"NINFP1810040960",1.25239296865382,0.517128646373749,4553,2,"meta_highrescanopyheight_orthophoto",0.5,"orthophoto_50cm_2025","Ostlandet"
"NINFP1810020266",5.0120770135645,4.98954963684082,6057,3,"meta_highrescanopyheight_orthophoto",0.5,"orthophoto_50cm_2025","Ostlandet"
"NINFP1810040508",1.62724051733296,0.119479354470968,4744,1,"meta_highrescanopyheight_orthophoto",0.5,"orthophoto_50cm_2025","Ostlandet"
"NINFP2410172984",0.734247849358796,0.0204882230609655,64161,4,"meta_highrescanopyheight_orthophoto",0.5,"orthophoto_50cm_2025","Ostlandet"
"NINFP2210102118",0.615491135570236,0.0284042228013277,9918,2,"meta_highrescanopyheight_orthophoto",0.5,"orthophoto_50cm_2025","Ostlandet"
"NINFP2010038789",0.621907652496256,0.0166001869365573,265622,13,"meta_highrescanopyheight_orthophoto",0.5,"orthophoto_50cm_2025","Ostlandet"
"NINFP2510187714",5.5060424963297,5.52344250679016,14788,3,"meta_highrescanopyheight_orthophoto",0.5,"orthophoto_50cm_2025","Ostlandet"
"NINFP2410168398",2.15520870301312,0.767602801322937,3428,1,"meta_highrescanopyheight_orthophoto",0.5,"orthophoto_50cm_2025","Ostlandet"
"NINFP2010034235",3.20379051459591,2.08034896850586,5101,2,"meta_highrescanopyheight_orthophoto",0.5,"orthophoto_50cm_2025","Ostlandet"
"NINFP1810038224",1.85274562360031,0.52784937620163,10659,2,"meta_highrescanopyheight_orthophoto",0.5,"orthophoto_50cm_2025","Ostlandet"
"NINFP2210089203",0.851321398618413,0.0622110478579998,162631,12,"meta_highrescanopyheight_orthophoto",0.5,"orthophoto_50cm_2025","Ostlandet"
"NINFP2110032862",0.129680247919141,0.0117802638560534,55270,5,"meta_highrescanopyheight_orthophoto",0.5,"orthophoto_50cm_2025","Ostlandet"
"NINFP2010022124",0.283772623053041,0.0103061161935329,458536,24,"meta_highrescanopyheight_orthophoto",0.5,"orthophoto_50cm_2025","Ostlandet"
"NINFP2210112836",6.17005818703184,6.1446704864502,22903,2,"meta_highrescanopyheight_orthophoto",0.5,"orthophoto_50cm_2025","Ostlandet"
"NINFP1810024989",3.41823453749567,2.20349407196045,211958,10,"meta_highrescanopyheight_orthophoto",0.5,"orthophoto_50cm_2025","Ostlandet"
"NINFP1810047972",6.46653483592866,6.05325984954834,12628,3,"meta_highrescanopyheight_orthophoto",0.5,"orthophoto_50cm_2025","Ostlandet"
"NINFP1910043964",5.45834235177144,5.670414686203,25186,4,"meta_highrescanopyheight_orthophoto",0.5,"orthophoto_50cm_2025","Ostlandet"
"NINFP2010031736",0.0317807325599429,0.0100582167506218,50978,6,"meta_highrescanopyheight_orthophoto",0.5,"orthophoto_50cm_2025","Ostlandet"
"NINFP2110056958",0.283315182980185,0.0243554981425405,40372,5,"meta_highrescanopyheight_orthophoto",0.5,"orthophoto_50cm_2025","Ostlandet"
"NINFP1910024596",2.9262722460225,2.03724193572998,45399,4,"meta_highrescanopyheight_orthophoto",0.5,"orthophoto_50cm_2025","Ostlandet"
"NINFP2110030465",10.3588965437842,9.00617504119873,1427,2,"meta_highrescanopyheight_orthophoto",0.5,"orthophoto_50cm_2025","Ostlandet"
"NINFP1810040537",2.61161239763881,0.493486821651459,277702,13,"meta_highrescanopyheight_orthophoto",0.5,"orthophoto_50cm_2025","Ostlandet"
"NINFP2310136493",4.87616593560201,4.92201995849609,98639,7,"meta_highrescanopyheight_orthophoto",0.5,"orthophoto_50cm_2025","Ostlandet"
"NINFP2410164380",4.16797246639232,3.51745796203613,6872,2,"meta_highrescanopyheight_orthophoto",0.5,"orthophoto_50cm_2025","Ostlandet"
"NINFP2110014339",1.32987505890532,0.0142654553055763,2929,2,"meta_highrescanopyheight_orthophoto",0.5,"orthophoto_50cm_2025","Ostlandet"
"NINFP1910017982",8.22377186389307,8.99033164978027,10593,2,"meta_highrescanopyheight_orthophoto",0.5,"orthophoto_50cm_2025","Ostlandet"
"NINFP2010036958",5.48102580518007,5.1301589012146,5630,2,"meta_highrescanopyheight_orthophoto",0.5,"orthophoto_50cm_2025","Ostlandet"
"NINFP2110014663",1.82130860220829,0.0287236832082272,42625,5,"meta_highrescanopyheight_orthophoto",0.5,"orthophoto_50cm_2025","Ostlandet"
"NINFP2010012605",5.819915763597,5.16333341598511,15456,2,"meta_highrescanopyheight_orthophoto",0.5,"orthophoto_50cm_2025","Ostlandet"
"NINFP2010054199",3.76336976591236,1.55937600135803,62292,5,"meta_highrescanopyheight_orthophoto",0.5,"orthophoto_50cm_2025","Ostlandet"
"NINFP2210098202",1.45583988034097,0.633889317512512,7415,2,"meta_highrescanopyheight_orthophoto",0.5,"orthophoto_50cm_2025","Ostlandet"
"NINFP2110040021",1.86992345349746,0.896506786346436,5507,1,"meta_highrescanopyheight_orthophoto",0.5,"orthophoto_50cm_2025","Ostlandet"
"NINFP1810041643",6.62592541207641,7.01207256317139,16567,2,"meta_highrescanopyheight_orthophoto",0.5,"orthophoto_50cm_2025","Ostlandet"
"NINFP1810037055",1.8773170736601,0.981321781873703,339264,13,"meta_highrescanopyheight_orthophoto",0.5,"orthophoto_50cm_2025","Ostlandet"
"NINFP2410161702",8.22079488039968,8.85929298400879,6891,2,"meta_highrescanopyheight_orthophoto",0.5,"orthophoto_50cm_2025","Ostlandet"
"NINFP2110029443",0.277380926374137,0.0158879328519106,2189,2,"meta_highrescanopyheight_orthophoto",0.5,"orthophoto_50cm_2025","Ostlandet"
"NINFP2010034408",1.02072055894865,0.146126054227352,12120,3,"meta_highrescanopyheight_orthophoto",0.5,"orthophoto_50cm_2025","Ostlandet"
"NINFP2210097283",2.4942926424585,1.2683961391449,59197,4,"meta_highrescanopyheight_orthophoto",0.5,"orthophoto_50cm_2025","Ostlandet"
"NINFP2510196003",2.31939970348801,0.933164715766907,4811,2,"meta_highrescanopyheight_orthophoto",0.5,"orthophoto_50cm_2025","Ostlandet"
"NINFP2510196528",0.57306013023495,0.0118558472022414,13080,4,"meta_highrescanopyheight_orthophoto",0.5,"orthophoto_50cm_2025","Ostlandet"
"NINFP1810029096",1.51397491177829,0.137590751051903,53395,5,"meta_highrescanopyheight_orthophoto",0.5,"orthophoto_50cm_2025","Ostlandet"
"NINFP2210084040",7.0714424909642,7.49982142448425,5152,2,"meta_highrescanopyheight_orthophoto",0.5,"orthophoto_50cm_2025","Ostlandet"
"NINFP1810013495",3.58294889440043,2.05204033851624,24799,2,"meta_highrescanopyheight_orthophoto",0.5,"orthophoto_50cm_2025","Ostlandet"
"NINFP1910032903",0.468686633140245,0.0433571711182594,15643,4,"meta_highrescanopyheight_orthophoto",0.5,"orthophoto_50cm_2025","Ostlandet"
"NINFP2310134477",6.89363039773356,6.68637418746948,11974,3,"meta_highrescanopyheight_orthophoto",0.5,"orthophoto_50cm_2025","Ostlandet"
"NINFP2110022897",4.80169477727318,4.31044864654541,14490,2,"meta_highrescanopyheight_orthophoto",0.5,"orthophoto_50cm_2025","Ostlandet"
"NINFP2510213186",1.88855504606826,0.47697651386261,31877,4,"meta_highrescanopyheight_orthophoto",0.5,"orthophoto_50cm_2025","Ostlandet"
"NINFP2310136817",3.32755775602299,2.23891353607178,41852,4,"meta_highrescanopyheight_orthophoto",0.5,"orthophoto_50cm_2025","Ostlandet"
"NINFP1910043971",5.9446434973475,6.0704665184021,12091,3,"meta_highrescanopyheight_orthophoto",0.5,"orthophoto_50cm_2025","Ostlandet"
"NINFP1810017268",4.31522102505189,3.68417048454285,25273,3,"meta_highrescanopyheight_orthophoto",0.5,"orthophoto_50cm_2025","Ostlandet"
"NINFP2410176969",6.35265491902828,6.75514793395996,7108,1,"meta_highrescanopyheight_orthophoto",0.5,"orthophoto_50cm_2025","Ostlandet"
"NINFP2010031746",0.010276134278371,0.0100904321298003,13834,2,"meta_highrescanopyheight_orthophoto",0.5,"orthophoto_50cm_2025","Ostlandet"
"NINFP1810010352",0.313465749844909,0.208866156637669,80,1,"meta_highrescanopyheight_orthophoto",0.5,"orthophoto_50cm_2025","Ostlandet"
"NINFP2210095636",0.623522175489285,0.0424573943018913,17466,2,"meta_highrescanopyheight_orthophoto",0.5,"orthophoto_50cm_2025","Ostlandet"
"NINFP1810012590",4.38847338878,3.78026580810547,4331,2,"meta_highrescanopyheight_orthophoto",0.5,"orthophoto_50cm_2025","Ostlandet"
"NINFP2010036258",3.36814007714068,2.25845813751221,34219,3,"meta_highrescanopyheight_orthophoto",0.5,"orthophoto_50cm_2025","Ostlandet"
"NINFP1810043204",0.0823495121281824,0.0272995159029961,81,1,"meta_highrescanopyheight_orthophoto",0.5,"orthophoto_50cm_2025","Ostlandet"
"NINFP1810012579",6.11047518735452,6.01634740829468,29800,3,"meta_highrescanopyheight_orthophoto",0.5,"orthophoto_50cm_2025","Ostlandet"
"NINFP2410171150",0.0136337375773391,0.0104220490902662,4315,1,"meta_highrescanopyheight_orthophoto",0.5,"orthophoto_50cm_2025","Ostlandet"
"NINFP1810040646",0.601966073558145,0.0617965403944254,9762,2,"meta_highrescanopyheight_orthophoto",0.5,"orthophoto_50cm_2025","Ostlandet"
"NINFP2110059757",0.514366615892774,0.0633482336997986,49548,6,"meta_highrescanopyheight_orthophoto",0.5,"orthophoto_50cm_2025","Ostlandet"
"NINFP1810032555",10.5461921440412,11.3558125495911,3714,2,"meta_highrescanopyheight_orthophoto",0.5,"orthophoto_50cm_2025","Ostlandet"
"NINFP2410169154",2.18119119469765,1.3902850151062,8055,2,"meta_highrescanopyheight_orthophoto",0.5,"orthophoto_50cm_2025","Ostlandet"
"NINFP1810028132",0.455490715316598,0.0513033494353294,5433,1,"meta_highrescanopyheight_orthophoto",0.5,"orthophoto_50cm_2025","Ostlandet"
"NINFP2110023970",0.0113431514701182,0.0105269392952323,1499,4,"meta_highrescanopyheight_orthophoto",0.5,"orthophoto_50cm_2025","Ostlandet"
"NINFP2010008298",6.09520471515734,5.99651718139648,4111,1,"meta_highrescanopyheight_orthophoto",0.5,"orthophoto_50cm_2025","Ostlandet"
"NINFP2110042192",3.71399127862585,3.48737621307373,8205,4,"meta_highrescanopyheight_orthophoto",0.5,"orthophoto_50cm_2025","Ostlandet"
"NINFP1910029039",0.884364423107199,0.0308691915124655,7265,3,"meta_highrescanopyheight_orthophoto",0.5,"orthophoto_50cm_2025","Ostlandet"
"NINFP2010022681",0.0338839761710279,0.0100723714567721,41512,4,"meta_highrescanopyheight_orthophoto",0.5,"orthophoto_50cm_2025","Ostlandet"
"NINFP2010049602",1.43487138249425,0.42158380150795,9317,2,"meta_highrescanopyheight_orthophoto",0.5,"orthophoto_50cm_2025","Ostlandet"
"NINFP1810020815",1.51132812688247,0.0649442672729492,19347,4,"meta_highrescanopyheight_orthophoto",0.5,"orthophoto_50cm_2025","Ostlandet"
"NINFP2510202363",0.113433524626691,0.0102518540807068,14718,2,"meta_highrescanopyheight_orthophoto",0.5,"orthophoto_50cm_2025","Ostlandet"
"NINFP2410163663",0.0184798636225736,0.0101571856066585,94323,6,"meta_highrescanopyheight_orthophoto",0.5,"orthophoto_50cm_2025","Ostlandet"
"NINFP1810026786",2.19889272972954,0.641533017158508,50551,5,"meta_highrescanopyheight_orthophoto",0.5,"orthophoto_50cm_2025","Ostlandet"
"NINFP1910034062",3.02441980296419,2.42057764530182,11570,4,"meta_highrescanopyheight_orthophoto",0.5,"orthophoto_50cm_2025","Ostlandet"
"NINFP2510188278",0.278476175764814,0.0112186884507537,14401,4,"meta_highrescanopyheight_orthophoto",0.5,"orthophoto_50cm_2025","Ostlandet"
"NINFP1810028303",0.365209121736948,0.0151058286428452,57830,5,"meta_highrescanopyheight_orthophoto",0.5,"orthophoto_50cm_2025","Ostlandet"
"NINFP1810041685",4.42163796079641,3.53703272342682,17408,2,"meta_highrescanopyheight_orthophoto",0.5,"orthophoto_50cm_2025","Ostlandet"
"NINFP1810026713",0.0381471851692921,0.0104969423264265,192162,12,"meta_highrescanopyheight_orthophoto",0.5,"orthophoto_50cm_2025","Ostlandet"
"NINFP1910059911",0.313754351712491,0.0105792135000229,56735,5,"meta_highrescanopyheight_orthophoto",0.5,"orthophoto_50cm_2025","Ostlandet"
"NINFP2410170782",0.0116926514690956,0.0102198915556073,16002,4,"meta_highrescanopyheight_orthophoto",0.5,"orthophoto_50cm_2025","Ostlandet"
"NINFP1810042567",4.2724163051907,3.75795114040375,783394,21,"meta_highrescanopyheight_orthophoto",0.5,"orthophoto_50cm_2025","Ostlandet"
"NINFP2510196657",4.33690247280289,3.21470391750336,8426,2,"meta_highrescanopyheight_orthophoto",0.5,"orthophoto_50cm_2025","Ostlandet"
"NINFP1910007435",7.16738781613324,6.52906513214111,5254,1,"meta_highrescanopyheight_orthophoto",0.5,"orthophoto_50cm_2025","Ostlandet"
"NINFP2510218856",4.6924787094661,4.10467910766602,35757,4,"meta_highrescanopyheight_orthophoto",0.5,"orthophoto_50cm_2025","Ostlandet"
"NINFP2310136811",4.75059222872366,4.59466075897217,8571,3,"meta_highrescanopyheight_orthophoto",0.5,"orthophoto_50cm_2025","Ostlandet"
"NINFP2010028912",0.0605314915245718,0.0105940969660878,23111,3,"meta_highrescanopyheight_orthophoto",0.5,"orthophoto_50cm_2025","Ostlandet"
"NINFP2510190482",5.44112191463303,5.82323789596558,12079,1,"meta_highrescanopyheight_orthophoto",0.5,"orthophoto_50cm_2025","Ostlandet"
"NINFP2410162838",0.0789364614153615,0.0106855109333992,7039,1,"meta_highrescanopyheight_orthophoto",0.5,"orthophoto_50cm_2025","Ostlandet"
"NINFP2010040246",2.80175474879236,0.925218164920807,33545,4,"meta_highrescanopyheight_orthophoto",0.5,"orthophoto_50cm_2025","Ostlandet"
"NINFP2110059963",0.68863058881849,0.149414241313934,12522,2,"meta_highrescanopyheight_orthophoto",0.5,"orthophoto_50cm_2025","Ostlandet"
"NINFP1910061452",0.56863321190873,0.0102800419554114,219768,17,"meta_highrescanopyheight_orthophoto",0.5,"orthophoto_50cm_2025","Ostlandet"
"NINFP1810015169",5.68884231403115,5.78695249557495,9855,2,"meta_highrescanopyheight_orthophoto",0.5,"orthophoto_50cm_2025","Ostlandet"
"NINFP1910002076",0.961754201159456,0.0820567421615124,8452,1,"meta_highrescanopyheight_orthophoto",0.5,"orthophoto_50cm_2025","Ostlandet"
"NINFP1910048578",6.38417305742859,6.33346366882324,2195,1,"meta_highrescanopyheight_orthophoto",0.5,"orthophoto_50cm_2025","Ostlandet"
"NINFP2110048625",2.05969716989167,0.698695510625839,10606,4,"meta_highrescanopyheight_orthophoto",0.5,"orthophoto_50cm_2025","Ostlandet"
"NINFP2110051386",0.727782593487964,0.0166660286486149,329021,12,"meta_highrescanopyheight_orthophoto",0.5,"orthophoto_50cm_2025","Ostlandet"
"NINFP1810034303",1.44611404917711,0.063754104077816,5235,2,"meta_highrescanopyheight_orthophoto",0.5,"orthophoto_50cm_2025","Ostlandet"
"NINFP1910019877",10.2468197156743,11.00146484375,10401,2,"meta_highrescanopyheight_orthophoto",0.5,"orthophoto_50cm_2025","Ostlandet"
"NINFP2110054611",0.985212780669087,0.21287077665329,21741,2,"meta_highrescanopyheight_orthophoto",0.5,"orthophoto_50cm_2025","Ostlandet"
"NINFP2510215436",3.95218896129377,2.13625574111938,11904,3,"meta_highrescanopyheight_orthophoto",0.5,"orthophoto_50cm_2025","Ostlandet"
"NINFP2210111038",4.12234690497004,3.64641857147217,10309,4,"meta_highrescanopyheight_orthophoto",0.5,"orthophoto_50cm_2025","Ostlandet"
"NINFP2010036929",0.221859912788148,0.010573236271739,102291,7,"meta_highrescanopyheight_orthophoto",0.5,"orthophoto_50cm_2025","Ostlandet"
"NINFP1810012334",5.92302106939593,6.65441465377808,13707,3,"meta_highrescanopyheight_orthophoto",0.5,"orthophoto_50cm_2025","Ostlandet"
"NINFP2110041720",0.159057843404657,0.0103264106437564,176315,24,"meta_highrescanopyheight_orthophoto",0.5,"orthophoto_50cm_2025","Ostlandet"
"NINFP2010006798",0.505639213249441,0.0519889369606972,15825,4,"meta_highrescanopyheight_orthophoto",0.5,"orthophoto_50cm_2025","Ostlandet"
"NINFP2210084027",7.50651337184359,7.91268539428711,11817,2,"meta_highrescanopyheight_orthophoto",0.5,"orthophoto_50cm_2025","Ostlandet"
"NINFP2010006621",5.83405146647692,6.39625263214111,11118,3,"meta_highrescanopyheight_orthophoto",0.5,"orthophoto_50cm_2025","Ostlandet"
"NINFP1810020976",3.33745838532194,1.81968986988068,13825,2,"meta_highrescanopyheight_orthophoto",0.5,"orthophoto_50cm_2025","Ostlandet"
"NINFP2310136814",4.24572338257709,4.43694734573364,5271,1,"meta_highrescanopyheight_orthophoto",0.5,"orthophoto_50cm_2025","Ostlandet"
"NINFP2510188977",1.76555557460005,0.401961520314217,16454,4,"meta_highrescanopyheight_orthophoto",0.5,"orthophoto_50cm_2025","Ostlandet"
"NINFP2410162521",1.70108291764162,0.744817316532135,5761,2,"meta_highrescanopyheight_orthophoto",0.5,"orthophoto_50cm_2025","Ostlandet"
"NINFP1810035623",2.25930549728152,0.683574736118317,13795,2,"meta_highrescanopyheight_orthophoto",0.5,"orthophoto_50cm_2025","Ostlandet"
"NINFP2010004487",0.132746827341013,0.0105290575884283,12298,2,"meta_highrescanopyheight_orthophoto",0.5,"orthophoto_50cm_2025","Ostlandet"
"NINFP2110009739",4.28671323706579,3.54353785514832,30811,3,"meta_highrescanopyheight_orthophoto",0.5,"orthophoto_50cm_2025","Ostlandet"
"NINFP2110024366",0.0177154659127729,0.0101205972023308,33196,4,"meta_highrescanopyheight_orthophoto",0.5,"orthophoto_50cm_2025","Ostlandet"
"NINFP1810042157",2.50907645792888,1.12391936779022,13778,2,"meta_highrescanopyheight_orthophoto",0.5,"orthophoto_50cm_2025","Ostlandet"
"NINFP2110031616",0.0104397453509574,0.0100452527403831,56353,4,"meta_highrescanopyheight_orthophoto",0.5,"orthophoto_50cm_2025","Ostlandet"
"NINFP2310134874",3.41358102861802,2.55927705764771,8277,3,"meta_highrescanopyheight_orthophoto",0.5,"orthophoto_50cm_2025","Ostlandet"
"NINFP2410168410",1.05673967837437,0.148043766617775,1730,4,"meta_highrescanopyheight_orthophoto",0.5,"orthophoto_50cm_2025","Ostlandet"
"NINFP1910035285",2.17381951666555,0.405744552612305,7970,2,"meta_highrescanopyheight_orthophoto",0.5,"orthophoto_50cm_2025","Ostlandet"
"NINFP1810034339",6.21526072747089,6.93494033813477,4009,2,"meta_highrescanopyheight_orthophoto",0.5,"orthophoto_50cm_2025","Ostlandet"
"NINFP2510188813",1.92135710125016,1.05738031864166,12659,5,"meta_highrescanopyheight_orthophoto",0.5,"orthophoto_50cm_2025","Ostlandet"
"NINFP2210096523",3.1284626288133,1.59021759033203,14472,4,"meta_highrescanopyheight_orthophoto",0.5,"orthophoto_50cm_2025","Ostlandet"
"NINFP2010004022",0.948575593175557,0.0130228591151536,5592,2,"meta_highrescanopyheight_orthophoto",0.5,"orthophoto_50cm_2025","Ostlandet"
"NINFP2410184226",2.7216793056641,1.87311518192291,42905,4,"meta_highrescanopyheight_orthophoto",0.5,"orthophoto_50cm_2025","Ostlandet"
"NINFP2010009026",1.30143708700765,0.111002914607525,8399,1,"meta_highrescanopyheight_orthophoto",0.5,"orthophoto_50cm_2025","Ostlandet"
"NINFP2310126453",2.21647000363121,0.822349220514297,25386,6,"meta_highrescanopyheight_orthophoto",0.5,"orthophoto_50cm_2025","Ostlandet"
"NINFP1810013945",3.10067609924171,2.29573631286621,4321,2,"meta_highrescanopyheight_orthophoto",0.5,"orthophoto_50cm_2025","Ostlandet"
"NINFP2410183297",4.6964165264,4.810222864151,22148,3,"meta_highrescanopyheight_orthophoto",0.5,"orthophoto_50cm_2025","Ostlandet"
"NINFP1910046422",5.85424848195187,5.87910842895508,38844,4,"meta_highrescanopyheight_orthophoto",0.5,"orthophoto_50cm_2025","Ostlandet"
"NINFP1810018671",0.675662578264771,0.0147114023566246,2683,1,"meta_highrescanopyheight_orthophoto",0.5,"orthophoto_50cm_2025","Ostlandet"
"NINFP1810022468",6.63812887651115,7.14288711547852,32085,3,"meta_highrescanopyheight_orthophoto",0.5,"orthophoto_50cm_2025","Ostlandet"
"NINFP1810045064",0.445423467636017,0.018726009875536,17165,3,"meta_highrescanopyheight_orthophoto",0.5,"orthophoto_50cm_2025","Ostlandet"
"NINFP2510212571",1.43366367566925,0.0989399552345276,46783,5,"meta_highrescanopyheight_orthophoto",0.5,"orthophoto_50cm_2025","Ostlandet"
"NINFP2410179250",0.760813540576484,0.0136757092550397,2064193,46,"meta_highrescanopyheight_orthophoto",0.5,"orthophoto_50cm_2025","Ostlandet"
"NINFP1910016739",4.37372602577563,2.7678325176239,81,1,"meta_highrescanopyheight_orthophoto",0.5,"orthophoto_50cm_2025","Ostlandet"
"NINFP1810039268",1.64617226156834,0.687545657157898,25110,4,"meta_highrescanopyheight_orthophoto",0.5,"orthophoto_50cm_2025","Ostlandet"
"NINFP2310136243",1.96683491923967,0.825761318206787,6861,2,"meta_highrescanopyheight_orthophoto",0.5,"orthophoto_50cm_2025","Ostlandet"
"NINFP2510216868",1.53507563114693,0.385448276996613,29839,2,"meta_highrescanopyheight_orthophoto",0.5,"orthophoto_50cm_2025","Ostlandet"
"NINFP2410172235",3.43009663536639,2.46043980121613,38300,2,"meta_highrescanopyheight_orthophoto",0.5,"orthophoto_50cm_2025","Ostlandet"
"NINFP2010009519",0.489343418821724,0.0126405409537256,1170,1,"meta_highrescanopyheight_orthophoto",0.5,"orthophoto_50cm_2025","Ostlandet"
"NINFP2010034528",3.11908529630073,2.65084528923035,20484,3,"meta_highrescanopyheight_orthophoto",0.5,"orthophoto_50cm_2025","Ostlandet"
"NINFP2410182741",9.59077485916233,9.95251941680908,11777,1,"meta_highrescanopyheight_orthophoto",0.5,"orthophoto_50cm_2025","Ostlandet"
"NINFP2010012767",0.0152494133588631,0.0100353509187698,157781,10,"meta_highrescanopyheight_orthophoto",0.5,"orthophoto_50cm_2025","Ostlandet"
"NINFP2010004470",1.93831355077071,0.820475459098816,8838,2,"meta_highrescanopyheight_orthophoto",0.5,"orthophoto_50cm_2025","Ostlandet"
"NINFP2310146399",0.0147659443055483,0.0110161686316133,38581,4,"meta_highrescanopyheight_orthophoto",0.5,"orthophoto_50cm_2025","Ostlandet"
"NINFP2310141817",6.27579668919854,6.41310262680054,43409,3,"meta_highrescanopyheight_orthophoto",0.5,"orthophoto_50cm_2025","Ostlandet"
"NINFP1910050250",0.0741221238188852,0.0105741899460554,37620,4,"meta_highrescanopyheight_orthophoto",0.5,"orthophoto_50cm_2025","Ostlandet"
"NINFP2010057260",0.112312897594285,0.0148652587085962,16495,4,"meta_highrescanopyheight_orthophoto",0.5,"orthophoto_50cm_2025","Ostlandet"
"NINFP1810041280",4.5103650813418,3.77428126335144,7136,2,"meta_highrescanopyheight_orthophoto",0.5,"orthophoto_50cm_2025","Ostlandet"
"NINFP1910014018",3.94580302545981,1.89624416828156,4036,1,"meta_highrescanopyheight_orthophoto",0.5,"orthophoto_50cm_2025","Ostlandet"
"NINFP1810007407",7.8496691008654,8.24296379089355,4159,1,"meta_highrescanopyheight_orthophoto",0.5,"orthophoto_50cm_2025","Ostlandet"
"NINFP2510200788",0.507227042456016,0.0118786823004484,14545,3,"meta_highrescanopyheight_orthophoto",0.5,"orthophoto_50cm_2025","Ostlandet"
"NINFP2210082023",1.34226532158011,0.391711264848709,9281,2,"meta_highrescanopyheight_orthophoto",0.5,"orthophoto_50cm_2025","Ostlandet"
"NINFP2010013286",1.01737988714614,0.0705658048391342,31279,2,"meta_highrescanopyheight_orthophoto",0.5,"orthophoto_50cm_2025","Ostlandet"
"NINFP1810010355",5.48856260180473,5.38194489479065,80,1,"meta_highrescanopyheight_orthophoto",0.5,"orthophoto_50cm_2025","Ostlandet"
"NINFP2110025521",1.77906379073855,0.407311096787453,6818,2,"meta_highrescanopyheight_orthophoto",0.5,"orthophoto_50cm_2025","Ostlandet"
"NINFP2310136365",4.96573551872768,4.84375071525574,149670,9,"meta_highrescanopyheight_orthophoto",0.5,"orthophoto_50cm_2025","Ostlandet"
"NINFP1810006038",7.22032382890009,7.53806638717651,28645,4,"meta_highrescanopyheight_orthophoto",0.5,"orthophoto_50cm_2025","Ostlandet"
"NINFP2310135828",4.66806858060958,4.77077293395996,10385,4,"meta_highrescanopyheight_orthophoto",0.5,"orthophoto_50cm_2025","Ostlandet"
"NINFP1810024487",5.12878565705418,5.43415498733521,12713,4,"meta_highrescanopyheight_orthophoto",0.5,"orthophoto_50cm_2025","Ostlandet"
"NINFP2510217161",2.57976720982313,2.26302826404572,4484,2,"meta_highrescanopyheight_orthophoto",0.5,"orthophoto_50cm_2025","Ostlandet"
"NINFP2210103955",3.15645483264273,2.80961155891418,7794,2,"meta_highrescanopyheight_orthophoto",0.5,"orthophoto_50cm_2025","Ostlandet"
"NINFP2510201164",0.485935909545869,0.0211490178480744,4930,3,"meta_highrescanopyheight_orthophoto",0.5,"orthophoto_50cm_2025","Ostlandet"
"NINFP2010016223",2.22095683859841,0.0235909530892968,11502,1,"meta_highrescanopyheight_orthophoto",0.5,"orthophoto_50cm_2025","Ostlandet"
"NINFP2210113846",1.56513548940715,0.123423881828785,2402,1,"meta_highrescanopyheight_orthophoto",0.5,"orthophoto_50cm_2025","Ostlandet"
"NINFP2510212709",1.3876339571329,0.211641222238541,6055,2,"meta_highrescanopyheight_orthophoto",0.5,"orthophoto_50cm_2025","Ostlandet"
"NINFP1810021316",5.32824427511676,5.72979354858398,8739,2,"meta_highrescanopyheight_orthophoto",0.5,"orthophoto_50cm_2025","Ostlandet"
"NINFP2110030175",0.19076199168863,0.0109685435891151,68957,6,"meta_highrescanopyheight_orthophoto",0.5,"orthophoto_50cm_2025","Ostlandet"
"NINFP1810042617",1.87917747089831,0.0990068018436432,10655,3,"meta_highrescanopyheight_orthophoto",0.5,"orthophoto_50cm_2025","Ostlandet"
"NINFP1910015303",3.56627060122375,3.30618858337402,19842,4,"meta_highrescanopyheight_orthophoto",0.5,"orthophoto_50cm_2025","Ostlandet"
"NINFP2510189499",0.756628663010143,0.0134210363030434,39109,5,"meta_highrescanopyheight_orthophoto",0.5,"orthophoto_50cm_2025","Ostlandet"
"NINFP2310126452",0.343442521583816,0.0105696311220527,7806,2,"meta_highrescanopyheight_orthophoto",0.5,"orthophoto_50cm_2025","Ostlandet"
"NINFP2210095709",5.6588208125226,6.58983278274536,11013,1,"meta_highrescanopyheight_orthophoto",0.5,"orthophoto_50cm_2025","Ostlandet"
"NINFP2010051141",0.0476371953870956,0.0101318010129035,94992,9,"meta_highrescanopyheight_orthophoto",0.5,"orthophoto_50cm_2025","Ostlandet"
"NINFP1810028082",0.110167509566963,0.0108783273026347,193343,11,"meta_highrescanopyheight_orthophoto",0.5,"orthophoto_50cm_2025","Ostlandet"
"NINFP2010005165",3.5857415923114,2.68244075775146,4353,2,"meta_highrescanopyheight_orthophoto",0.5,"orthophoto_50cm_2025","Ostlandet"
"NINFP1810039591",1.03998271222759,0.0233683176338673,11585,2,"meta_highrescanopyheight_orthophoto",0.5,"orthophoto_50cm_2025","Ostlandet"
"NINFP2110056637",0.736627341943937,0.0737422183156013,6150,1,"meta_highrescanopyheight_orthophoto",0.5,"orthophoto_50cm_2025","Ostlandet"
"NINFP2510216869",1.66756053952136,0.393154889345169,8227,2,"meta_highrescanopyheight_orthophoto",0.5,"orthophoto_50cm_2025","Ostlandet"
"NINFP1810037377",1.50256962050849,0.0141175324097276,103354,7,"meta_highrescanopyheight_orthophoto",0.5,"orthophoto_50cm_2025","Ostlandet"
"NINFP2110055077",2.58032806243459,1.59501051902771,10260,2,"meta_highrescanopyheight_orthophoto",0.5,"orthophoto_50cm_2025","Ostlandet"
"NINFP1810036960",4.78755430105032,3.87645041942596,71426,4,"meta_highrescanopyheight_orthophoto",0.5,"orthophoto_50cm_2025","Ostlandet"
"NINFP2310128904",0.0323962949548967,0.0102753210812807,4833,2,"meta_highrescanopyheight_orthophoto",0.5,"orthophoto_50cm_2025","Ostlandet"
"NINFP2410182962",4.10359036898142,2.06170260906219,26270,3,"meta_highrescanopyheight_orthophoto",0.5,"orthophoto_50cm_2025","Ostlandet"
"NINFP2310141319",6.46792886487861,6.77071094512939,17001,4,"meta_highrescanopyheight_orthophoto",0.5,"orthophoto_50cm_2025","Ostlandet"
"NINFP2410169171",1.89146830857588,0.854745209217072,4115,1,"meta_highrescanopyheight_orthophoto",0.5,"orthophoto_50cm_2025","Ostlandet"
"NINFP2310136506",5.37966385671351,5.56815981864929,22858,2,"meta_highrescanopyheight_orthophoto",0.5,"orthophoto_50cm_2025","Ostlandet"
"NINFP2210101209",0.99173473246208,0.104436233639717,4070,2,"meta_highrescanopyheight_orthophoto",0.5,"orthophoto_50cm_2025","Ostlandet"
"NINFP2310130904",7.8770399009446,8.18821239471436,5671,2,"meta_highrescanopyheight_orthophoto",0.5,"orthophoto_50cm_2025","Ostlandet"
"NINFP2510210125",6.65615108381218,6.82852935791016,4139,4,"meta_highrescanopyheight_orthophoto",0.5,"orthophoto_50cm_2025","Ostlandet"
"NINFP1910047133",6.64409316613222,6.27549719810486,20280,3,"meta_highrescanopyheight_orthophoto",0.5,"orthophoto_50cm_2025","Ostlandet"
"NINFP2310116388",0.651456159554673,0.0137340952642262,2520,1,"meta_highrescanopyheight_orthophoto",0.5,"orthophoto_50cm_2025","Ostlandet"
"NINFP2010012796",0.375940581320619,0.0112994033843279,15240,2,"meta_highrescanopyheight_orthophoto",0.5,"orthophoto_50cm_2025","Ostlandet"
"NINFP2110015280",4.85807041933875,5.13140964508057,23947,4,"meta_highrescanopyheight_orthophoto",0.5,"orthophoto_50cm_2025","Ostlandet"
"NINFP2210096511",2.47216924386011,1.13061809539795,11535,2,"meta_highrescanopyheight_orthophoto",0.5,"orthophoto_50cm_2025","Ostlandet"
"NINFP2010035622",2.42729440826793,0.862967073917389,4391,3,"meta_highrescanopyheight_orthophoto",0.5,"orthophoto_50cm_2025","Ostlandet"
"NINFP2110018398",1.6092612561447,0.55439168214798,5467,2,"meta_highrescanopyheight_orthophoto",0.5,"orthophoto_50cm_2025","Ostlandet"
"NINFP1810028149",4.22329826591309,3.30780863761902,100977,8,"meta_highrescanopyheight_orthophoto",0.5,"orthophoto_50cm_2025","Ostlandet"
"NINFP1910059895",0.93195906209321,0.0106739760376513,86896,4,"meta_highrescanopyheight_orthophoto",0.5,"orthophoto_50cm_2025","Ostlandet"
"NINFP2510204390",0.40424840734777,0.0223139207810163,26974,3,"meta_highrescanopyheight_orthophoto",0.5,"orthophoto_50cm_2025","Ostlandet"
"NINFP2510215468",5.51868397305451,4.81710577011108,10068,2,"meta_highrescanopyheight_orthophoto",0.5,"orthophoto_50cm_2025","Ostlandet"
"NINFP1810012576",6.35520669844773,6.3875846862793,21042,4,"meta_highrescanopyheight_orthophoto",0.5,"orthophoto_50cm_2025","Ostlandet"
"NINFP2010031627",0.718001090368501,0.0185196865350008,2331,1,"meta_highrescanopyheight_orthophoto",0.5,"orthophoto_50cm_2025","Ostlandet"
"NINFP2410181756",5.83564283678004,5.58450031280518,5760,2,"meta_highrescanopyheight_orthophoto",0.5,"orthophoto_50cm_2025","Ostlandet"
"NINFP1810028296",2.10663603701742,0.104333501309156,94506,5,"meta_highrescanopyheight_orthophoto",0.5,"orthophoto_50cm_2025","Ostlandet"
"NINFP2510215439",3.29497467763714,1.7827285528183,68595,4,"meta_highrescanopyheight_orthophoto",0.5,"orthophoto_50cm_2025","Ostlandet"
"NINFP2210097880",1.00014370676609,0.0632730796933174,14633,2,"meta_highrescanopyheight_orthophoto",0.5,"orthophoto_50cm_2025","Ostlandet"
"NINFP2110018455",0.619106086708358,0.0170096904039383,55703,5,"meta_highrescanopyheight_orthophoto",0.5,"orthophoto_50cm_2025","Ostlandet"
"NINFP2410161411",0.445223755362958,0.0101304380223155,420650,15,"meta_highrescanopyheight_orthophoto",0.5,"orthophoto_50cm_2025","Ostlandet"
"NINFP2410147570",0.97286793681807,0.0385164171457291,48739,4,"meta_highrescanopyheight_orthophoto",0.5,"orthophoto_50cm_2025","Ostlandet"
"NINFP1810018509",6.72978799183102,7.32727861404419,8524,1,"meta_highrescanopyheight_orthophoto",0.5,"orthophoto_50cm_2025","Ostlandet"
"NINFP1810027707",0.0436231250744114,0.0102595710195601,215942,11,"meta_highrescanopyheight_orthophoto",0.5,"orthophoto_50cm_2025","Ostlandet"
"NINFP2010001146",2.11437814015615,0.0697086229920387,1779,1,"meta_highrescanopyheight_orthophoto",0.5,"orthophoto_50cm_2025","Ostlandet"
"NINFP2010034748",0.0155769385086458,0.0100503880530596,68438,6,"meta_highrescanopyheight_orthophoto",0.5,"orthophoto_50cm_2025","Ostlandet"
"NINFP1910047175",2.30940907350482,1.52373743057251,4717,1,"meta_highrescanopyheight_orthophoto",0.5,"orthophoto_50cm_2025","Ostlandet"
"NINFP1810034517",1.89076834388827,0.619424253702164,7200,1,"meta_highrescanopyheight_orthophoto",0.5,"orthophoto_50cm_2025","Ostlandet"
"NINFP2110008726",5.26368450069051,5.55098176002502,4738,2,"meta_highrescanopyheight_orthophoto",0.5,"orthophoto_50cm_2025","Ostlandet"
"NINFP2010038926",5.782993375057,5.86711072921753,18570,3,"meta_highrescanopyheight_orthophoto",0.5,"orthophoto_50cm_2025","Ostlandet"
"NINFP1910014714",5.18158834371124,5.12883234024048,9859,2,"meta_highrescanopyheight_orthophoto",0.5,"orthophoto_50cm_2025","Ostlandet"
"NINFP2410182543",0.0421162587750983,0.0101889241486788,27481,4,"meta_highrescanopyheight_orthophoto",0.5,"orthophoto_50cm_2025","Ostlandet"
"NINFP2410169622",1.95891931845717,0.541444599628448,21320,2,"meta_highrescanopyheight_orthophoto",0.5,"orthophoto_50cm_2025","Ostlandet"
"NINFP2110016770",0.0407010126698288,0.0100709199905396,294722,14,"meta_highrescanopyheight_orthophoto",0.5,"orthophoto_50cm_2025","Ostlandet"
"NINFP1810031744",5.20827662000148,5.36469149589539,11520,4,"meta_highrescanopyheight_orthophoto",0.5,"orthophoto_50cm_2025","Ostlandet"
"NINFP1910061105",0.894003821499304,0.0639602318406105,14591,4,"meta_highrescanopyheight_orthophoto",0.5,"orthophoto_50cm_2025","Ostlandet"
"NINFP2210106993",2.24572253249594,0.0234908070415258,27311,6,"meta_highrescanopyheight_orthophoto",0.5,"orthophoto_50cm_2025","Ostlandet"
"NINFP1810010076",3.89672034619709,3.21492671966553,8121,2,"meta_highrescanopyheight_orthophoto",0.5,"orthophoto_50cm_2025","Ostlandet"
"NINFP1810032079",0.57549722733297,0.0855522453784943,40667,5,"meta_highrescanopyheight_orthophoto",0.5,"orthophoto_50cm_2025","Ostlandet"
"NINFP2510184307",7.55393061342572,7.70494699478149,3181,2,"meta_highrescanopyheight_orthophoto",0.5,"orthophoto_50cm_2025","Ostlandet"
"NINFP2110016452",7.08894800760866,7.35480570793152,19390,4,"meta_highrescanopyheight_orthophoto",0.5,"orthophoto_50cm_2025","Ostlandet"
"NINFP1810040502",4.09372284697085,2.50233221054077,6655,3,"meta_highrescanopyheight_orthophoto",0.5,"orthophoto_50cm_2025","Ostlandet"
"NINFP2410164324",2.12688310304535,1.45465159416199,4576,1,"meta_highrescanopyheight_orthophoto",0.5,"orthophoto_50cm_2025","Ostlandet"
"NINFP2110013402",1.79673516521379,0.669601321220398,13187,2,"meta_highrescanopyheight_orthophoto",0.5,"orthophoto_50cm_2025","Ostlandet"
"NINFP2010026681",0.0317351621454448,0.0101379724219441,138832,7,"meta_highrescanopyheight_orthophoto",0.5,"orthophoto_50cm_2025","Ostlandet"
"NINFP1810040081",3.82237795583069,3.47918272018433,27482,4,"meta_highrescanopyheight_orthophoto",0.5,"orthophoto_50cm_2025","Ostlandet"
"NINFP2110015121",1.68339820467285,0.0892812609672546,1121,2,"meta_highrescanopyheight_orthophoto",0.5,"orthophoto_50cm_2025","Ostlandet"
"NINFP2010025209",0.121203271290675,0.0103818578645587,57888,7,"meta_highrescanopyheight_orthophoto",0.5,"orthophoto_50cm_2025","Ostlandet"
"NINFP1810042628",4.8849840282198,5.26392984390259,167097,12,"meta_highrescanopyheight_orthophoto",0.5,"orthophoto_50cm_2025","Ostlandet"
"NINFP1810028328",0.157466044904625,0.0106204794719815,256934,14,"meta_highrescanopyheight_orthophoto",0.5,"orthophoto_50cm_2025","Ostlandet"
"NINFP1810018308",1.39170003243124,0.0352066457271576,6009,1,"meta_highrescanopyheight_orthophoto",0.5,"orthophoto_50cm_2025","Ostlandet"
"NINFP1810017282",10.1679869039159,10.8838529586792,12412,1,"meta_highrescanopyheight_orthophoto",0.5,"orthophoto_50cm_2025","Ostlandet"
"NINFP2510211384",1.66083266364023,0.380266577005386,57294,8,"meta_highrescanopyheight_orthophoto",0.5,"orthophoto_50cm_2025","Ostlandet"
"NINFP1910023191",3.22782092976141,2.08392429351807,5493,3,"meta_highrescanopyheight_orthophoto",0.5,"orthophoto_50cm_2025","Ostlandet"
"NINFP1810011117",2.01653808988771,0.952847272157669,7970,2,"meta_highrescanopyheight_orthophoto",0.5,"orthophoto_50cm_2025","Ostlandet"
"NINFP2410174698",0.040932958612464,0.0100838379003108,48136,5,"meta_highrescanopyheight_orthophoto",0.5,"orthophoto_50cm_2025","Ostlandet"
"NINFP1910025381",5.38910886768222,3.82698774337769,13529,4,"meta_highrescanopyheight_orthophoto",0.5,"orthophoto_50cm_2025","Ostlandet"
"NINFP2210084091",0.223570694757374,0.010125526227057,32962,3,"meta_highrescanopyheight_orthophoto",0.5,"orthophoto_50cm_2025","Ostlandet"
"NINFP2210100764",1.1533316079858,0.0414759404957294,65116,4,"meta_highrescanopyheight_orthophoto",0.5,"orthophoto_50cm_2025","Ostlandet"
"NINFP1810022251",6.12342388182878,6.66731929779053,80,2,"meta_highrescanopyheight_orthophoto",0.5,"orthophoto_50cm_2025","Ostlandet"
"NINFP2110018217",0.705697684333476,0.024291018024087,14918,3,"meta_highrescanopyheight_orthophoto",0.5,"orthophoto_50cm_2025","Ostlandet"
"NINFP1810043220",0.265323065000294,0.0133705772459507,5301,2,"meta_highrescanopyheight_orthophoto",0.5,"orthophoto_50cm_2025","Ostlandet"
"NINFP2010034794",0.0149123891223711,0.0100233787670732,212627,10,"meta_highrescanopyheight_orthophoto",0.5,"orthophoto_50cm_2025","Ostlandet"
"NINFP1910033641",0.010203393238021,0.0101281814277172,13347,2,"meta_highrescanopyheight_orthophoto",0.5,"orthophoto_50cm_2025","Ostlandet"
"NINFP1910002078",0.828374636638698,0.0406599715352058,23341,4,"meta_highrescanopyheight_orthophoto",0.5,"orthophoto_50cm_2025","Ostlandet"
"NINFP2510189848",4.09724658685255,3.56607401371002,9502,2,"meta_highrescanopyheight_orthophoto",0.5,"orthophoto_50cm_2025","Ostlandet"
"NINFP2110058334",1.33889353068956,0.489062517881393,75829,5,"meta_highrescanopyheight_orthophoto",0.5,"orthophoto_50cm_2025","Ostlandet"
"NINFP2110039367",0.440085206200837,0.010254317894578,52504,10,"meta_highrescanopyheight_orthophoto",0.5,"orthophoto_50cm_2025","Ostlandet"
"NINFP1810033229",6.6791889269523,7.10104846954346,9945,2,"meta_highrescanopyheight_orthophoto",0.5,"orthophoto_50cm_2025","Ostlandet"
"NINFP1910044861",3.00001990583045,0.922775328159332,2719,1,"meta_highrescanopyheight_orthophoto",0.5,"orthophoto_50cm_2025","Ostlandet"
"NINFP2110041949",9.65440591623841,10.3948192596436,6005,1,"meta_highrescanopyheight_orthophoto",0.5,"orthophoto_50cm_2025","Ostlandet"
"NINFP1810018162",6.18296405888826,6.4563102722168,9914,2,"meta_highrescanopyheight_orthophoto",0.5,"orthophoto_50cm_2025","Ostlandet"
"NINFP2510207945",0.192135803123826,0.0287721212953329,16849,4,"meta_highrescanopyheight_orthophoto",0.5,"orthophoto_50cm_2025","Ostlandet"
"NINFP2110016986",3.35050575336591,1.08812469244003,4110,2,"meta_highrescanopyheight_orthophoto",0.5,"orthophoto_50cm_2025","Ostlandet"
"NINFP1810037389",3.75475702152797,1.68928325176239,76182,10,"meta_highrescanopyheight_orthophoto",0.5,"orthophoto_50cm_2025","Ostlandet"
"NINFP2210094040",0.511808456270529,0.0111911073327065,23490,4,"meta_highrescanopyheight_orthophoto",0.5,"orthophoto_50cm_2025","Ostlandet"
"NINFP1810034512",2.75346158444881,1.39672935009003,10598,3,"meta_highrescanopyheight_orthophoto",0.5,"orthophoto_50cm_2025","Ostlandet"
"NINFP2310125153",2.8054289391643,1.4731417298317,236338,10,"meta_highrescanopyheight_orthophoto",0.5,"orthophoto_50cm_2025","Ostlandet"
"NINFP1810034509",2.49656639160317,0.34463720023632,23230,4,"meta_highrescanopyheight_orthophoto",0.5,"orthophoto_50cm_2025","Ostlandet"
"NINFP2510212714",3.22652633589786,1.94238996505737,5769,2,"meta_highrescanopyheight_orthophoto",0.5,"orthophoto_50cm_2025","Ostlandet"
"NINFP2310136110",0.766554892944675,0.0586552210152149,6416,2,"meta_highrescanopyheight_orthophoto",0.5,"orthophoto_50cm_2025","Ostlandet"
"NINFP2010052311",4.63568298972612,4.5677695274353,5163,1,"meta_highrescanopyheight_orthophoto",0.5,"orthophoto_50cm_2025","Ostlandet"
"NINFP1910033640",0.0107579074273736,0.010343361645937,23653,3,"meta_highrescanopyheight_orthophoto",0.5,"orthophoto_50cm_2025","Ostlandet"
"NINFP2510186619",2.7634058449845,1.62287878990173,20181,4,"meta_highrescanopyheight_orthophoto",0.5,"orthophoto_50cm_2025","Ostlandet"
"NINFP2510206831",7.75974013534922,8.21076965332031,7165,2,"meta_highrescanopyheight_orthophoto",0.5,"orthophoto_50cm_2025","Ostlandet"
"NINFP2410183885",0.875440524198899,0.0173302572220564,105855,7,"meta_highrescanopyheight_orthophoto",0.5,"orthophoto_50cm_2025","Ostlandet"
"NINFP2210111863",3.66307604404895,3.13446998596191,13136,3,"meta_highrescanopyheight_orthophoto",0.5,"orthophoto_50cm_2025","Ostlandet"
"NINFP1810045063",3.61855123478329,2.7900562286377,60153,5,"meta_highrescanopyheight_orthophoto",0.5,"orthophoto_50cm_2025","Ostlandet"
"NINFP2310121795",2.94820292087025,2.59334337711334,13438,2,"meta_highrescanopyheight_orthophoto",0.5,"orthophoto_50cm_2025","Ostlandet"
"NINFP2410166950",2.39646251846712,0.245841473340988,65079,6,"meta_highrescanopyheight_orthophoto",0.5,"orthophoto_50cm_2025","Ostlandet"
"NINFP1810038821",4.67843271431932,4.38287925720215,22655,3,"meta_highrescanopyheight_orthophoto",0.5,"orthophoto_50cm_2025","Ostlandet"
"NINFP1810040517",2.9001644866872,1.36895024776459,78110,6,"meta_highrescanopyheight_orthophoto",0.5,"orthophoto_50cm_2025","Ostlandet"
"NINFP2010024777",1.53394801874996,0.27302673459053,10140,2,"meta_highrescanopyheight_orthophoto",0.5,"orthophoto_50cm_2025","Ostlandet"
"NINFP2510200399",3.11985239070002,1.92062169313431,29692,3,"meta_highrescanopyheight_orthophoto",0.5,"orthophoto_50cm_2025","Ostlandet"
"NINFP1810034841",2.81827273638086,1.89423328638077,6932,1,"meta_highrescanopyheight_orthophoto",0.5,"orthophoto_50cm_2025","Ostlandet"
"NINFP1810040385",4.31861441672077,1.05772829055786,4635,1,"meta_highrescanopyheight_orthophoto",0.5,"orthophoto_50cm_2025","Ostlandet"
"NINFP1810034686",5.11864085728379,4.29545593261719,18957,2,"meta_highrescanopyheight_orthophoto",0.5,"orthophoto_50cm_2025","Ostlandet"
"NINFP1810032082",5.33106646463547,5.04898595809937,49912,6,"meta_highrescanopyheight_orthophoto",0.5,"orthophoto_50cm_2025","Ostlandet"
"NINFP1810042776",2.61480338163799,0.970899790525436,29284,4,"meta_highrescanopyheight_orthophoto",0.5,"orthophoto_50cm_2025","Ostlandet"
"NINFP1810002108",5.47658084287126,5.58668088912964,17278,3,"meta_highrescanopyheight_orthophoto",0.5,"orthophoto_50cm_2025","Ostlandet"
"NINFP1910020152",4.18924956857904,3.76443028450012,9197,2,"meta_highrescanopyheight_orthophoto",0.5,"orthophoto_50cm_2025","Ostlandet"
"NINFP2010053989",0.486418000823148,0.0102368630468845,5601,4,"meta_highrescanopyheight_orthophoto",0.5,"orthophoto_50cm_2025","Ostlandet"
"NINFP1810021152",3.09631477871352,1.6459379196167,14436,4,"meta_highrescanopyheight_orthophoto",0.5,"orthophoto_50cm_2025","Ostlandet"
"NINFP1810006945",2.81559607752909,1.6096351146698,104327,8,"meta_highrescanopyheight_orthophoto",0.5,"orthophoto_50cm_2025","Ostlandet"
"NINFP2110018054",0.0119135590710216,0.0101976143196225,2455,2,"meta_highrescanopyheight_orthophoto",0.5,"orthophoto_50cm_2025","Ostlandet"
"NINFP2610220287",1.079387172705,0.128337204456329,2670,2,"meta_highrescanopyheight_orthophoto",0.5,"orthophoto_50cm_2025","Ostlandet"
"NINFP2010003304",9.89926310203615,10.3907108306885,43334,4,"meta_highrescanopyheight_orthophoto",0.5,"orthophoto_50cm_2025","Ostlandet"
"NINFP1810042388",12.4062983422229,12.9464015960693,6865,2,"meta_highrescanopyheight_orthophoto",0.5,"orthophoto_50cm_2025","Ostlandet"
"NINFP1810011955",3.82431060334675,3.72336530685425,41483,3,"meta_highrescanopyheight_orthophoto",0.5,"orthophoto_50cm_2025","Ostlandet"
"NINFP1810037388",8.84227788246318,9.63990497589111,46611,4,"meta_highrescanopyheight_orthophoto",0.5,"orthophoto_50cm_2025","Ostlandet"
"NINFP2210076576",1.28080745536919,0.279325500130653,4026,2,"meta_highrescanopyheight_orthophoto",0.5,"orthophoto_50cm_2025","Ostlandet"
"NINFP2410174534",10.140664154492,11.213716506958,63732,6,"meta_highrescanopyheight_orthophoto",0.5,"orthophoto_50cm_2025","Ostlandet"
"NINFP2210076571",1.3691678514073,0.147196695208549,108797,10,"meta_highrescanopyheight_orthophoto",0.5,"orthophoto_50cm_2025","Ostlandet"
"NINFP1910018408",6.18192277798958,6.37849235534668,21433,4,"meta_highrescanopyheight_orthophoto",0.5,"orthophoto_50cm_2025","Ostlandet"
"NINFP2410171986",1.55673750007051,0.0109634501859546,15544,3,"meta_highrescanopyheight_orthophoto",0.5,"orthophoto_50cm_2025","Ostlandet"
"NINFP2410178344",3.34067012521018,2.65506565570831,22728,1,"meta_highrescanopyheight_orthophoto",0.5,"orthophoto_50cm_2025","Ostlandet"
"NINFP1810026979",0.788453758680917,0.0259607825428247,120870,9,"meta_highrescanopyheight_orthophoto",0.5,"orthophoto_50cm_2025","Ostlandet"
"NINFP2410160788",0.148597559472578,0.0118999220430851,24953,3,"meta_highrescanopyheight_orthophoto",0.5,"orthophoto_50cm_2025","Ostlandet"
"NINFP2310125857",2.05096467582265,0.730245053768158,7073,3,"meta_highrescanopyheight_orthophoto",0.5,"orthophoto_50cm_2025","Ostlandet"
"NINFP2410184161",4.78405805941126,4.62617158889771,15411,3,"meta_highrescanopyheight_orthophoto",0.5,"orthophoto_50cm_2025","Ostlandet"
"NINFP1810033214",1.29026329214492,0.213411264121532,37530,4,"meta_highrescanopyheight_orthophoto",0.5,"orthophoto_50cm_2025","Ostlandet"
"NINFP2210103991",0.0260376780369181,0.0103513654321432,137932,10,"meta_highrescanopyheight_orthophoto",0.5,"orthophoto_50cm_2025","Ostlandet"
"NINFP2310139528",0.302300899552114,0.0120585490949452,157980,12,"meta_highrescanopyheight_orthophoto",0.5,"orthophoto_50cm_2025","Ostlandet"
"NINFP1910016054",4.87784629128904,3.77758932113647,5985,2,"meta_highrescanopyheight_orthophoto",0.5,"orthophoto_50cm_2025","Ostlandet"
"NINFP2110055970",1.99387439972928,0.991308927536011,5583,1,"meta_highrescanopyheight_orthophoto",0.5,"orthophoto_50cm_2025","Ostlandet"
"NINFP2210098169",1.48093358953037,0.499282598495483,8949,1,"meta_highrescanopyheight_orthophoto",0.5,"orthophoto_50cm_2025","Ostlandet"
"NINFP2510187379",5.97853298699402,5.48721146583557,6168,2,"meta_highrescanopyheight_orthophoto",0.5,"orthophoto_50cm_2025","Ostlandet"
"NINFP1810016357",4.37367105746506,2.84699940681458,344685,39,"meta_highrescanopyheight_orthophoto",0.5,"orthophoto_50cm_2025","Ostlandet"
"NINFP1910000779",1.54780489700438,0.712114155292511,3992,2,"meta_highrescanopyheight_orthophoto",0.5,"orthophoto_50cm_2025","Ostlandet"
"NINFP2110019023",1.86396127403347,0.312909469008446,4576,3,"meta_highrescanopyheight_orthophoto",0.5,"orthophoto_50cm_2025","Ostlandet"
"NINFP1810028335",0.920622503350899,0.0131134339608252,130498,8,"meta_highrescanopyheight_orthophoto",0.5,"orthophoto_50cm_2025","Ostlandet"
"NINFP2510185156",5.22272823613511,5.44286632537842,1832,2,"meta_highrescanopyheight_orthophoto",0.5,"orthophoto_50cm_2025","Ostlandet"
"NINFP2510195314",0.12559339635738,0.0110494298860431,21520,2,"meta_highrescanopyheight_orthophoto",0.5,"orthophoto_50cm_2025","Ostlandet"
"NINFP2610220137",0.0571052691099204,0.0103553468361497,67675,6,"meta_highrescanopyheight_orthophoto",0.5,"orthophoto_50cm_2025","Ostlandet"
"NINFP2310144578",6.33353179868354,6.75475358963013,6592,2,"meta_highrescanopyheight_orthophoto",0.5,"orthophoto_50cm_2025","Ostlandet"
"NINFP1810043226",0.890507327413306,0.100175093859434,11840,3,"meta_highrescanopyheight_orthophoto",0.5,"orthophoto_50cm_2025","Ostlandet"
"NINFP2010005067",0.659618350677018,0.056707926094532,5349,2,"meta_highrescanopyheight_orthophoto",0.5,"orthophoto_50cm_2025","Ostlandet"
"NINFP1810015601",6.87681063046174,7.21970510482788,45452,5,"meta_highrescanopyheight_orthophoto",0.5,"orthophoto_50cm_2025","Ostlandet"
"NINFP2310136368",3.27233437784515,2.65844452381134,16288,2,"meta_highrescanopyheight_orthophoto",0.5,"orthophoto_50cm_2025","Ostlandet"
"NINFP2510196983",1.38548378137361,0.594790071249008,5272,1,"meta_highrescanopyheight_orthophoto",0.5,"orthophoto_50cm_2025","Ostlandet"
"NINFP2410168855",1.86071682347252,0.0138839241117239,10335,4,"meta_highrescanopyheight_orthophoto",0.5,"orthophoto_50cm_2025","Ostlandet"
"NINFP1810033934",6.04388730471194,6.0079665184021,285320,12,"meta_highrescanopyheight_orthophoto",0.5,"orthophoto_50cm_2025","Ostlandet"
"NINFP2010037432",0.049175669316836,0.0100869964808226,32379,3,"meta_highrescanopyheight_orthophoto",0.5,"orthophoto_50cm_2025","Ostlandet"
"NINFP2210101208",1.45467218748138,0.115358401089907,13810,2,"meta_highrescanopyheight_orthophoto",0.5,"orthophoto_50cm_2025","Ostlandet"
"NINFP2410181958",1.38433059893559,0.200375527143478,22373,4,"meta_highrescanopyheight_orthophoto",0.5,"orthophoto_50cm_2025","Ostlandet"
"NINFP2110012507",0.113522745415028,0.0106698013842106,16718,2,"meta_highrescanopyheight_orthophoto",0.5,"orthophoto_50cm_2025","Ostlandet"
"NINFP2110047846",3.01504926873388,2.63707590103149,4543,4,"meta_highrescanopyheight_orthophoto",0.5,"orthophoto_50cm_2025","Ostlandet"
"NINFP2510196892",0.547501662557975,0.0104366522282362,22667,2,"meta_highrescanopyheight_orthophoto",0.5,"orthophoto_50cm_2025","Ostlandet"
"NINFP2210093015",5.08719942376706,4.96771812438965,4374,2,"meta_highrescanopyheight_orthophoto",0.5,"orthophoto_50cm_2025","Ostlandet"
"NINFP2310127237",2.05403872525548,0.538052618503571,6822,4,"meta_highrescanopyheight_orthophoto",0.5,"orthophoto_50cm_2025","Ostlandet"
"NINFP2510197857",1.0158931390578,0.136909052729607,5892,1,"meta_highrescanopyheight_orthophoto",0.5,"orthophoto_50cm_2025","Ostlandet"
"NINFP1810022105",3.8671194008149,3.40259253978729,21630,4,"meta_highrescanopyheight_orthophoto",0.5,"orthophoto_50cm_2025","Ostlandet"
"NINFP1910031215",0.014915433358239,0.0102771650999784,4711,2,"meta_highrescanopyheight_orthophoto",0.5,"orthophoto_50cm_2025","Ostlandet"
"NINFP2110010321",6.16514236598588,6.06510043144226,25110,3,"meta_highrescanopyheight_orthophoto",0.5,"orthophoto_50cm_2025","Ostlandet"
"NINFP2410181155",3.18541512588195,2.45494222640991,12041,3,"meta_highrescanopyheight_orthophoto",0.5,"orthophoto_50cm_2025","Ostlandet"
"NINFP1810009180",5.61522642184349,5.41828060150146,204815,8,"meta_highrescanopyheight_orthophoto",0.5,"orthophoto_50cm_2025","Ostlandet"
"NINFP2410149767",2.69047964064512,1.56555283069611,9637,3,"meta_highrescanopyheight_orthophoto",0.5,"orthophoto_50cm_2025","Ostlandet"
"NINFP1810012575",5.64534306692926,5.84966897964478,5925,2,"meta_highrescanopyheight_orthophoto",0.5,"orthophoto_50cm_2025","Ostlandet"
"NINFP2510190581",0.342051628051255,0.0126421423628926,49630,3,"meta_highrescanopyheight_orthophoto",0.5,"orthophoto_50cm_2025","Ostlandet"
"NINFP2410166939",0.242722906900063,0.0111046331003308,4411,2,"meta_highrescanopyheight_orthophoto",0.5,"orthophoto_50cm_2025","Ostlandet"
"NINFP2410164350",2.45012701334936,0.88247749209404,6844,2,"meta_highrescanopyheight_orthophoto",0.5,"orthophoto_50cm_2025","Ostlandet"
"NINFP2110008733",1.58547858562613,0.021227678284049,7756,2,"meta_highrescanopyheight_orthophoto",0.5,"orthophoto_50cm_2025","Ostlandet"
"NINFP2010039972",6.09554345306608,6.17041492462158,13345,2,"meta_highrescanopyheight_orthophoto",0.5,"orthophoto_50cm_2025","Ostlandet"
"NINFP2210076131",1.94241025075853,0.340413182973862,252919,16,"meta_highrescanopyheight_orthophoto",0.5,"orthophoto_50cm_2025","Ostlandet"
"NINFP2310120467",1.25856673533423,0.08080043643713,10255,1,"meta_highrescanopyheight_orthophoto",0.5,"orthophoto_50cm_2025","Ostlandet"
"NINFP2210083184",3.21875286662474,1.84721708297729,13779,1,"meta_highrescanopyheight_orthophoto",0.5,"orthophoto_50cm_2025","Ostlandet"
"NINFP2410171229",0.0102894705680108,0.0101685300469398,50676,4,"meta_highrescanopyheight_orthophoto",0.5,"orthophoto_50cm_2025","Ostlandet"
"NINFP2010002548",1.35069234692579,0.0373180489987135,66088,4,"meta_highrescanopyheight_orthophoto",0.5,"orthophoto_50cm_2025","Ostlandet"
"NINFP1810039567",0.482992384788785,0.0133186150342226,29595,4,"meta_highrescanopyheight_orthophoto",0.5,"orthophoto_50cm_2025","Ostlandet"
"NINFP2210081989",3.5056177331524,1.59100985527039,11841,2,"meta_highrescanopyheight_orthophoto",0.5,"orthophoto_50cm_2025","Ostlandet"
"NINFP1810034842",1.61555623095075,0.512236982584,16956,4,"meta_highrescanopyheight_orthophoto",0.5,"orthophoto_50cm_2025","Ostlandet"
"NINFP2010034806",0.0100679708445895,0.0100285704247653,21722,3,"meta_highrescanopyheight_orthophoto",0.5,"orthophoto_50cm_2025","Ostlandet"
"NINFP1910025247",0.626643518001419,0.0180400982499123,30866,4,"meta_highrescanopyheight_orthophoto",0.5,"orthophoto_50cm_2025","Ostlandet"
"NINFP1810027005",4.22855260136787,3.20885920524597,5311,1,"meta_highrescanopyheight_orthophoto",0.5,"orthophoto_50cm_2025","Ostlandet"
"NINFP1810031747",4.17777591635813,3.42986965179443,10697,2,"meta_highrescanopyheight_orthophoto",0.5,"orthophoto_50cm_2025","Ostlandet"
"NINFP1810024896",6.49463983292453,6.81376934051514,6195,2,"meta_highrescanopyheight_orthophoto",0.5,"orthophoto_50cm_2025","Ostlandet"
"NINFP2210102804",0.379753376352351,0.0103136994875968,13666,1,"meta_highrescanopyheight_orthophoto",0.5,"orthophoto_50cm_2025","Ostlandet"
"NINFP2410149397",3.58708524203404,3.46775937080383,121858,8,"meta_highrescanopyheight_orthophoto",0.5,"orthophoto_50cm_2025","Ostlandet"
"NINFP2310131464",0.0200824483049635,0.01104302611202,4185,3,"meta_highrescanopyheight_orthophoto",0.5,"orthophoto_50cm_2025","Ostlandet"
"NINFP1810026785",0.0784756982273781,0.0104886963963509,89121,6,"meta_highrescanopyheight_orthophoto",0.5,"orthophoto_50cm_2025","Ostlandet"
"NINFP1810048304",3.53246502864293,2.73538303375244,10818,2,"meta_highrescanopyheight_orthophoto",0.5,"orthophoto_50cm_2025","Ostlandet"
"NINFP2110059841",0.896304861291506,0.152237787842751,11022,2,"meta_highrescanopyheight_orthophoto",0.5,"orthophoto_50cm_2025","Ostlandet"
"NINFP2110010489",0.394124248744892,0.011337136849761,11832,1,"meta_highrescanopyheight_orthophoto",0.5,"orthophoto_50cm_2025","Ostlandet"
"NINFP2410168781",2.08333324036304,0.0563612654805183,9258,4,"meta_highrescanopyheight_orthophoto",0.5,"orthophoto_50cm_2025","Ostlandet"
"NINFP2210096503",3.25123704714787,2.41176855564117,11390,4,"meta_highrescanopyheight_orthophoto",0.5,"orthophoto_50cm_2025","Ostlandet"
"NINFP2510189126",2.57483648531697,0.852077603340149,4183,4,"meta_highrescanopyheight_orthophoto",0.5,"orthophoto_50cm_2025","Ostlandet"
"NINFP2510188812",0.675021987777499,0.0553775113075972,54532,7,"meta_highrescanopyheight_orthophoto",0.5,"orthophoto_50cm_2025","Ostlandet"
"NINFP2010036170",2.38339690748126,1.27471816539764,4855,1,"meta_highrescanopyheight_orthophoto",0.5,"orthophoto_50cm_2025","Ostlandet"
"NINFP2010036024",1.54661250226487,0.469591021537781,1753,1,"meta_highrescanopyheight_orthophoto",0.5,"orthophoto_50cm_2025","Ostlandet"
"NINFP2210099156",7.78179976226504,7.73114109039307,4346,1,"meta_highrescanopyheight_orthophoto",0.5,"orthophoto_50cm_2025","Ostlandet"
"NINFP2210108427",5.53526020761169,3.70254957675934,3444,2,"meta_highrescanopyheight_orthophoto",0.5,"orthophoto_50cm_2025","Ostlandet"
"NINFP2110019091",1.01422787581898,0.0251206159591675,38721,4,"meta_highrescanopyheight_orthophoto",0.5,"orthophoto_50cm_2025","Ostlandet"
"NINFP2210076293",1.84679450486459,0.619404852390289,28380,4,"meta_highrescanopyheight_orthophoto",0.5,"orthophoto_50cm_2025","Ostlandet"
"NINFP2010004054",8.39541222756473,9.31852626800537,4387,1,"meta_highrescanopyheight_orthophoto",0.5,"orthophoto_50cm_2025","Ostlandet"
"NINFP2210084025",8.50377748101378,9.00773477554321,14356,2,"meta_highrescanopyheight_orthophoto",0.5,"orthophoto_50cm_2025","Ostlandet"
"NINFP2510212777",2.04624546447793,0.476105272769928,19981,4,"meta_highrescanopyheight_orthophoto",0.5,"orthophoto_50cm_2025","Ostlandet"
"NINFP1810042625",2.06432337533747,0.120689906179905,11209,3,"meta_highrescanopyheight_orthophoto",0.5,"orthophoto_50cm_2025","Ostlandet"
"NINFP2510196164",1.23521523919404,0.118649363517761,35256,7,"meta_highrescanopyheight_orthophoto",0.5,"orthophoto_50cm_2025","Ostlandet"
"NINFP2110039412",3.9153328774332,3.48056101799011,5624,2,"meta_highrescanopyheight_orthophoto",0.5,"orthophoto_50cm_2025","Ostlandet"
"NINFP2110063354",8.84401536324751,9.38003826141357,9399,2,"meta_highrescanopyheight_orthophoto",0.5,"orthophoto_50cm_2025","Ostlandet"
"NINFP2310144614",3.98494716977815,3.66131162643433,16981,2,"meta_highrescanopyheight_orthophoto",0.5,"orthophoto_50cm_2025","Ostlandet"
"NINFP1810038220",0.480908988461956,0.0112706115469337,17242,3,"meta_highrescanopyheight_orthophoto",0.5,"orthophoto_50cm_2025","Ostlandet"
"NINFP2510195678",6.6074942786906,6.57842826843262,8406,2,"meta_highrescanopyheight_orthophoto",0.5,"orthophoto_50cm_2025","Ostlandet"
"NINFP2110007788",8.47476059883524,8.55192852020264,30472,3,"meta_highrescanopyheight_orthophoto",0.5,"orthophoto_50cm_2025","Ostlandet"
"NINFP2210095056",0.818943407815945,0.0556094814091921,12124,2,"meta_highrescanopyheight_orthophoto",0.5,"orthophoto_50cm_2025","Ostlandet"
"NINFP1810033428",2.7727805329256,1.67741680145264,5892,2,"meta_highrescanopyheight_orthophoto",0.5,"orthophoto_50cm_2025","Ostlandet"
"NINFP2010049597",0.0905780408204887,0.0117004686035216,8870,2,"meta_highrescanopyheight_orthophoto",0.5,"orthophoto_50cm_2025","Ostlandet"
"NINFP2510196825",4.79890857023141,4.890221118927,4459,2,"meta_highrescanopyheight_orthophoto",0.5,"orthophoto_50cm_2025","Ostlandet"
"NINFP2410176249",3.27536101263859,2.35420918464661,54917,4,"meta_highrescanopyheight_orthophoto",0.5,"orthophoto_50cm_2025","Ostlandet"
"NINFP2010039854",0.642942670716579,0.0126018016599119,12508,2,"meta_highrescanopyheight_orthophoto",0.5,"orthophoto_50cm_2025","Ostlandet"
"NINFP2110015167",3.67907243484869,1.68954038619995,10702,3,"meta_highrescanopyheight_orthophoto",0.5,"orthophoto_50cm_2025","Ostlandet"
"NINFP1810037291",4.13853769875713,3.71381664276123,31574,3,"meta_highrescanopyheight_orthophoto",0.5,"orthophoto_50cm_2025","Ostlandet"
"NINFP2510215728",2.2029426428136,0.863399863243103,64428,10,"meta_highrescanopyheight_orthophoto",0.5,"orthophoto_50cm_2025","Ostlandet"
"NINFP2110019696",1.05849501921108,0.223040141165257,4298,1,"meta_highrescanopyheight_orthophoto",0.5,"orthophoto_50cm_2025","Ostlandet"
"NINFP2510189110",3.26362995116492,1.69684457778931,6872,2,"meta_highrescanopyheight_orthophoto",0.5,"orthophoto_50cm_2025","Ostlandet"
"NINFP1810025468",4.87055398301267,3.98468375205994,12870,2,"meta_highrescanopyheight_orthophoto",0.5,"orthophoto_50cm_2025","Ostlandet"
"NINFP1810036756",3.00128154163328,2.83930838108063,8582,2,"meta_highrescanopyheight_orthophoto",0.5,"orthophoto_50cm_2025","Ostlandet"
"NINFP2510196658",4.85822985225726,4.09855508804321,4877,1,"meta_highrescanopyheight_orthophoto",0.5,"orthophoto_50cm_2025","Ostlandet"
"NINFP2010038921",6.25469754686146,6.47804069519043,13509,2,"meta_highrescanopyheight_orthophoto",0.5,"orthophoto_50cm_2025","Ostlandet"
"NINFP2410149608",3.29205157237184,1.15354496240616,27510,3,"meta_highrescanopyheight_orthophoto",0.5,"orthophoto_50cm_2025","Ostlandet"
"NINFP1810027013",2.07220936030398,0.727439045906067,64655,5,"meta_highrescanopyheight_orthophoto",0.5,"orthophoto_50cm_2025","Ostlandet"
"NINFP2410169118",1.19573440164687,0.402135357260704,9762,3,"meta_highrescanopyheight_orthophoto",0.5,"orthophoto_50cm_2025","Ostlandet"
"NINFP2110010143",0.674522098120039,0.0129979364573956,16041,2,"meta_highrescanopyheight_orthophoto",0.5,"orthophoto_50cm_2025","Ostlandet"
"NINFP2310146398",0.13035101338394,0.0103991534560919,53422,7,"meta_highrescanopyheight_orthophoto",0.5,"orthophoto_50cm_2025","Ostlandet"
"NINFP1910031224",1.10627342196452,0.0559001248329878,9774,3,"meta_highrescanopyheight_orthophoto",0.5,"orthophoto_50cm_2025","Ostlandet"
"NINFP1810005043",5.6774004940318,6.24443578720093,7411,4,"meta_highrescanopyheight_orthophoto",0.5,"orthophoto_50cm_2025","Ostlandet"
"NINFP2110021195",0.0115222493646939,0.0103114629164338,9286,3,"meta_highrescanopyheight_orthophoto",0.5,"orthophoto_50cm_2025","Ostlandet"
"NINFP2310136502",4.81426299922339,4.64949560165405,12001,4,"meta_highrescanopyheight_orthophoto",0.5,"orthophoto_50cm_2025","Ostlandet"
"NINFP2310136496",1.54979297008698,0.0439698621630669,69443,5,"meta_highrescanopyheight_orthophoto",0.5,"orthophoto_50cm_2025","Ostlandet"
"NINFP1810038387",3.46285112854101,0.700522661209106,11588,2,"meta_highrescanopyheight_orthophoto",0.5,"orthophoto_50cm_2025","Ostlandet"
"NINFP1810015159",4.00642653735013,3.81890654563904,15613,2,"meta_highrescanopyheight_orthophoto",0.5,"orthophoto_50cm_2025","Ostlandet"
"NINFP1810039177",5.90531122120059,5.83475685119629,32079,4,"meta_highrescanopyheight_orthophoto",0.5,"orthophoto_50cm_2025","Ostlandet"
"NINFP2010028342",0.0195991261008239,0.0101585108786821,16882,3,"meta_highrescanopyheight_orthophoto",0.5,"orthophoto_50cm_2025","Ostlandet"
"NINFP1810045743",2.65731379721151,1.3150572180748,272948,14,"meta_highrescanopyheight_orthophoto",0.5,"orthophoto_50cm_2025","Ostlandet"
"NINFP2110064081",1.86787300137077,0.467406809329987,10719,2,"meta_highrescanopyheight_orthophoto",0.5,"orthophoto_50cm_2025","Ostlandet"
"NINFP1810028774",9.05606230047925,9.41129493713379,13407,2,"meta_highrescanopyheight_orthophoto",0.5,"orthophoto_50cm_2025","Ostlandet"
"NINFP2110018552",0.817442950795209,0.05464181676507,6809,1,"meta_highrescanopyheight_orthophoto",0.5,"orthophoto_50cm_2025","Ostlandet"
"NINFP2410156014",0.88302422982813,0.0212146257981658,14658,4,"meta_highrescanopyheight_orthophoto",0.5,"orthophoto_50cm_2025","Ostlandet"
"NINFP2210110694",1.09168460990825,0.222565546631813,8120,2,"meta_highrescanopyheight_orthophoto",0.5,"orthophoto_50cm_2025","Ostlandet"
"NINFP1810033898",2.86957861199529,0.0333566814661026,9423,3,"meta_highrescanopyheight_orthophoto",0.5,"orthophoto_50cm_2025","Ostlandet"
"NINFP2210101417",6.97696312533901,7.45288991928101,23188,5,"meta_highrescanopyheight_orthophoto",0.5,"orthophoto_50cm_2025","Ostlandet"
"NINFP1810012585",4.9071246716876,4.62909936904907,69448,8,"meta_highrescanopyheight_orthophoto",0.5,"orthophoto_50cm_2025","Ostlandet"
"NINFP1810037373",1.18313461064042,0.147272050380707,43319,5,"meta_highrescanopyheight_orthophoto",0.5,"orthophoto_50cm_2025","Ostlandet"
"NINFP1910033637",0.957095140503806,0.0113692404702306,6975,1,"meta_highrescanopyheight_orthophoto",0.5,"orthophoto_50cm_2025","Ostlandet"
"NINFP1810029094",0.169704211741166,0.0102200261317194,1008992,35,"meta_highrescanopyheight_orthophoto",0.5,"orthophoto_50cm_2025","Ostlandet"
"NINFP2310128660",1.54879824357573,0.744917392730713,12169,2,"meta_highrescanopyheight_orthophoto",0.5,"orthophoto_50cm_2025","Ostlandet"
"NINFP2110030452",5.71596894646063,5.60996103286743,640,2,"meta_highrescanopyheight_orthophoto",0.5,"orthophoto_50cm_2025","Ostlandet"
"NINFP1810008402",7.25723914238874,7.39082551002502,33176,4,"meta_highrescanopyheight_orthophoto",0.5,"orthophoto_50cm_2025","Ostlandet"
"NINFP1810042894",5.95848111912739,4.9546332359314,23162,2,"meta_highrescanopyheight_orthophoto",0.5,"orthophoto_50cm_2025","Ostlandet"
"NINFP2510188515",3.83883495536039,3.82416939735413,1933,1,"meta_highrescanopyheight_orthophoto",0.5,"orthophoto_50cm_2025","Ostlandet"
"NINFP1810033219",4.12627751742009,3.62187671661377,6773,4,"meta_highrescanopyheight_orthophoto",0.5,"orthophoto_50cm_2025","Ostlandet"
"NINFP2310136367",5.85091013717157,5.92770910263062,11030,2,"meta_highrescanopyheight_orthophoto",0.5,"orthophoto_50cm_2025","Ostlandet"
"NINFP1810042652",0.99028398135419,0.0403161458671093,23680,3,"meta_highrescanopyheight_orthophoto",0.5,"orthophoto_50cm_2025","Ostlandet"
"NINFP2510210334",2.8501940542302,1.62784600257874,8065,2,"meta_highrescanopyheight_orthophoto",0.5,"orthophoto_50cm_2025","Ostlandet"
"NINFP2110018860",0.0183961209286457,0.010103358887136,37094,4,"meta_highrescanopyheight_orthophoto",0.5,"orthophoto_50cm_2025","Ostlandet"
"NINFP2310139664",5.45548900287074,5.48288631439209,19529,1,"meta_highrescanopyheight_orthophoto",0.5,"orthophoto_50cm_2025","Ostlandet"
"NINFP1810045760",1.55109804011072,0.0663072839379311,517995,18,"meta_highrescanopyheight_orthophoto",0.5,"orthophoto_50cm_2025","Ostlandet"
"NINFP2210084032",8.1695823553514,9.14872407913208,4584,2,"meta_highrescanopyheight_orthophoto",0.5,"orthophoto_50cm_2025","Ostlandet"
"NINFP1910002074",0.852441016966475,0.0593241453170776,23144,4,"meta_highrescanopyheight_orthophoto",0.5,"orthophoto_50cm_2025","Ostlandet"
"NINFP2110040061",11.2195543056924,12.0528230667114,3920,4,"meta_highrescanopyheight_orthophoto",0.5,"orthophoto_50cm_2025","Ostlandet"
"NINFP2110019092",0.749047305609312,0.017609354108572,11964,2,"meta_highrescanopyheight_orthophoto",0.5,"orthophoto_50cm_2025","Ostlandet"
"NINFP1910032024",0.0101099886900132,0.0100509272888303,13637,2,"meta_highrescanopyheight_orthophoto",0.5,"orthophoto_50cm_2025","Ostlandet"
"NINFP2010031744",0.0119132166077701,0.0100963274016976,9690,2,"meta_highrescanopyheight_orthophoto",0.5,"orthophoto_50cm_2025","Ostlandet"
"NINFP2210095171",1.17779271444356,0.0777115672826767,4681,1,"meta_highrescanopyheight_orthophoto",0.5,"orthophoto_50cm_2025","Ostlandet"
"NINFP2510219066",1.17883147960683,0.0191516559571028,248070,11,"meta_highrescanopyheight_orthophoto",0.5,"orthophoto_50cm_2025","Ostlandet"
"NINFP1810020812",4.29563712578181,4.1462459564209,6659,2,"meta_highrescanopyheight_orthophoto",0.5,"orthophoto_50cm_2025","Ostlandet"
"NINFP2210111031",1.84506076022114,0.234336569905281,55053,3,"meta_highrescanopyheight_orthophoto",0.5,"orthophoto_50cm_2025","Ostlandet"
"NINFP2010031495",8.15161168621093,7.50425434112549,6313,1,"meta_highrescanopyheight_orthophoto",0.5,"orthophoto_50cm_2025","Ostlandet"
"NINFP2110069829",4.96456012891792,4.02364945411682,22428,4,"meta_highrescanopyheight_orthophoto",0.5,"orthophoto_50cm_2025","Ostlandet"
"NINFP2410164146",2.45574612229927,1.18963742256165,13053,3,"meta_highrescanopyheight_orthophoto",0.5,"orthophoto_50cm_2025","Ostlandet"
"NINFP1810035149",2.96718865406318,1.65173202753067,1654,1,"meta_highrescanopyheight_orthophoto",0.5,"orthophoto_50cm_2025","Ostlandet"
"NINFP2510217300",0.0997171504383559,0.0107056233100593,1888,1,"meta_highrescanopyheight_orthophoto",0.5,"orthophoto_50cm_2025","Ostlandet"
"NINFP2110059168",2.7761432494874,2.09367275238037,23704,3,"meta_highrescanopyheight_orthophoto",0.5,"orthophoto_50cm_2025","Ostlandet"
"NINFP2210090538",1.56219205216972,0.24539951980114,3998,2,"meta_highrescanopyheight_orthophoto",0.5,"orthophoto_50cm_2025","Ostlandet"
"NINFP1810039260",1.77759713931306,0.226623386144638,24241,4,"meta_highrescanopyheight_orthophoto",0.5,"orthophoto_50cm_2025","Ostlandet"
"NINFP1810024559",2.57865666636345,0.919080942869186,12384,1,"meta_highrescanopyheight_orthophoto",0.5,"orthophoto_50cm_2025","Ostlandet"
"NINFP2510190932",5.38348982087193,4.31186580657959,28584,4,"meta_highrescanopyheight_orthophoto",0.5,"orthophoto_50cm_2025","Ostlandet"
"NINFP2310130873",3.66648709585137,3.23526763916016,7547,5,"meta_highrescanopyheight_orthophoto",0.5,"orthophoto_50cm_2025","Ostlandet"
"NINFP1910025320",7.53759578055345,8.14740180969238,32601,5,"meta_highrescanopyheight_orthophoto",0.5,"orthophoto_50cm_2025","Ostlandet"
"NINFP2010029852",0.225393039704922,0.012047459371388,23031,2,"meta_highrescanopyheight_orthophoto",0.5,"orthophoto_50cm_2025","Ostlandet"
"NINFP1810039216",1.38055610607316,0.142422020435333,20280,3,"meta_highrescanopyheight_orthophoto",0.5,"orthophoto_50cm_2025","Ostlandet"
"NINFP2010053655",0.159565641226386,0.0103676971048117,37961,4,"meta_highrescanopyheight_orthophoto",0.5,"orthophoto_50cm_2025","Ostlandet"
"NINFP2010037382",0.67860565751202,0.0154985673725605,11662,2,"meta_highrescanopyheight_orthophoto",0.5,"orthophoto_50cm_2025","Ostlandet"
"NINFP1810042311",3.43577884147652,2.29132866859436,27963,4,"meta_highrescanopyheight_orthophoto",0.5,"orthophoto_50cm_2025","Ostlandet"
"NINFP2310122137",1.244922538349,0.0636812299489975,60018,6,"meta_highrescanopyheight_orthophoto",0.5,"orthophoto_50cm_2025","Ostlandet"
"NINFP2310144504",0.242639736259463,0.0114201381802559,11955,4,"meta_highrescanopyheight_orthophoto",0.5,"orthophoto_50cm_2025","Ostlandet"
"NINFP2510202358",2.86896330457967,2.21174395084381,7188,2,"meta_highrescanopyheight_orthophoto",0.5,"orthophoto_50cm_2025","Ostlandet"
"NINFP1810039598",6.23903490225022,6.26845169067383,16859,4,"meta_highrescanopyheight_orthophoto",0.5,"orthophoto_50cm_2025","Ostlandet"
"NINFP2010011094",4.39670927909155,3.71202313899994,17018,4,"meta_highrescanopyheight_orthophoto",0.5,"orthophoto_50cm_2025","Ostlandet"
"NINFP2210106286",3.11066642167223,2.34333848953247,23945,4,"meta_highrescanopyheight_orthophoto",0.5,"orthophoto_50cm_2025","Ostlandet"
"NINFP1810040612",0.133819691065533,0.010442323051393,1508632,54,"meta_highrescanopyheight_orthophoto",0.5,"orthophoto_50cm_2025","Ostlandet"
"NINFP1810012377",6.05120975767163,6.79955196380615,12241,3,"meta_highrescanopyheight_orthophoto",0.5,"orthophoto_50cm_2025","Ostlandet"
"NINFP2510209108",0.924630717403455,0.014138669706881,14961,3,"meta_highrescanopyheight_orthophoto",0.5,"orthophoto_50cm_2025","Ostlandet"
"NINFP1810037015",1.96922215701242,0.134038165211678,22485,3,"meta_highrescanopyheight_orthophoto",0.5,"orthophoto_50cm_2025","Ostlandet"
"NINFP2310141323",2.31303650895631,1.77773261070251,21795,4,"meta_highrescanopyheight_orthophoto",0.5,"orthophoto_50cm_2025","Ostlandet"
"NINFP1810030599",1.88517637747264,0.599399864673615,30636,4,"meta_highrescanopyheight_orthophoto",0.5,"orthophoto_50cm_2025","Ostlandet"
"NINFP2210097008",0.677150630721028,0.0130008487030864,20878,5,"meta_highrescanopyheight_orthophoto",0.5,"orthophoto_50cm_2025","Ostlandet"
"NINFP1810034438",4.02281167565158,3.65604555606842,5736,2,"meta_highrescanopyheight_orthophoto",0.5,"orthophoto_50cm_2025","Ostlandet"
"NINFP2210094110",0.622477732477345,0.0103872213512659,14027,4,"meta_highrescanopyheight_orthophoto",0.5,"orthophoto_50cm_2025","Ostlandet"
"NINFP2110020299",6.77711616655074,6.89765024185181,4255,2,"meta_highrescanopyheight_orthophoto",0.5,"orthophoto_50cm_2025","Ostlandet"
"NINFP1810036958",5.94125166019772,6.00511503219604,46182,4,"meta_highrescanopyheight_orthophoto",0.5,"orthophoto_50cm_2025","Ostlandet"
"NINFP2010011840",2.79843430764267,0.321773901581764,60482,7,"meta_highrescanopyheight_orthophoto",0.5,"orthophoto_50cm_2025","Ostlandet"
"NINFP1810038210",2.37723999591933,1.91757529973984,5122,1,"meta_highrescanopyheight_orthophoto",0.5,"orthophoto_50cm_2025","Ostlandet"
"NINFP2010028329",0.01541509167274,0.0100467205047607,32717,5,"meta_highrescanopyheight_orthophoto",0.5,"orthophoto_50cm_2025","Ostlandet"
"NINFP1810016607",3.57562857608426,2.38128089904785,8541,1,"meta_highrescanopyheight_orthophoto",0.5,"orthophoto_50cm_2025","Ostlandet"
"NINFP1810026724",2.52056517001784,0.300934731960297,7502,4,"meta_highrescanopyheight_orthophoto",0.5,"orthophoto_50cm_2025","Ostlandet"
"NINFP2010037366",0.0117438716715985,0.0100786238908768,5040,2,"meta_highrescanopyheight_orthophoto",0.5,"orthophoto_50cm_2025","Ostlandet"
"NINFP2410161180",4.26063583665778,3.05213177204132,11474,4,"meta_highrescanopyheight_orthophoto",0.5,"orthophoto_50cm_2025","Ostlandet"
"NINFP2110010985",0.184695412482445,0.0113755199126899,1008,1,"meta_highrescanopyheight_orthophoto",0.5,"orthophoto_50cm_2025","Ostlandet"
"NINFP2210100792",2.42147275267005,0.918136596679688,5077,2,"meta_highrescanopyheight_orthophoto",0.5,"orthophoto_50cm_2025","Ostlandet"
"NINFP2010053732",1.7936304353425,0.135967418551445,38774,3,"meta_highrescanopyheight_orthophoto",0.5,"orthophoto_50cm_2025","Ostlandet"
"NINFP2310142659",2.81311832383048,1.13031560182571,56764,5,"meta_highrescanopyheight_orthophoto",0.5,"orthophoto_50cm_2025","Ostlandet"
"NINFP2210079046",5.56912180148377,6.11782646179199,5857,4,"meta_highrescanopyheight_orthophoto",0.5,"orthophoto_50cm_2025","Ostlandet"
"NINFP1810014272",7.29381155787885,7.7101731300354,12761,3,"meta_highrescanopyheight_orthophoto",0.5,"orthophoto_50cm_2025","Ostlandet"
"NINFP2210097153",6.97664174008985,7.10923719406128,79725,8,"meta_highrescanopyheight_orthophoto",0.5,"orthophoto_50cm_2025","Ostlandet"
"NINFP2510211742",2.08480900452452,0.882280826568604,21313,3,"meta_highrescanopyheight_orthophoto",0.5,"orthophoto_50cm_2025","Ostlandet"
"NINFP2510193923",6.85285713472005,6.8698456287384,55084,6,"meta_highrescanopyheight_orthophoto",0.5,"orthophoto_50cm_2025","Ostlandet"
"NINFP2010027026",0.0193927962131086,0.0100664561614394,41861,5,"meta_highrescanopyheight_orthophoto",0.5,"orthophoto_50cm_2025","Ostlandet"
"NINFP2010053887",0.817786744899523,0.0433105677366257,30753,2,"meta_highrescanopyheight_orthophoto",0.5,"orthophoto_50cm_2025","Ostlandet"
"NINFP2110065812",4.13591133226146,3.45844864845276,21085,5,"meta_highrescanopyheight_orthophoto",0.5,"orthophoto_50cm_2025","Ostlandet"
"NINFP2510184359",8.49820166599221,8.76160049438477,4437,2,"meta_highrescanopyheight_orthophoto",0.5,"orthophoto_50cm_2025","Ostlandet"
"NINFP2210083182",2.88844423271986,1.7360018491745,13425,4,"meta_highrescanopyheight_orthophoto",0.5,"orthophoto_50cm_2025","Ostlandet"
"NINFP1810037153",5.53019234012606,4.52360105514526,8167,5,"meta_highrescanopyheight_orthophoto",0.5,"orthophoto_50cm_2025","Ostlandet"
"NINFP2510200113",0.160750011049731,0.010161112062633,12390,3,"meta_highrescanopyheight_orthophoto",0.5,"orthophoto_50cm_2025","Ostlandet"
"NINFP2010044512",0.482338803590175,0.0158836785703897,18927,3,"meta_highrescanopyheight_orthophoto",0.5,"orthophoto_50cm_2025","Ostlandet"
"NINFP2010035390",6.22197111713911,6.5111665725708,28326,5,"meta_highrescanopyheight_orthophoto",0.5,"orthophoto_50cm_2025","Ostlandet"
"NINFP1810015660",5.56844402776752,5.94405221939087,10447,4,"meta_highrescanopyheight_orthophoto",0.5,"orthophoto_50cm_2025","Ostlandet"
"NINFP2510201428",0.0925604159028659,0.0102152181789279,5856,2,"meta_highrescanopyheight_orthophoto",0.5,"orthophoto_50cm_2025","Ostlandet"
"NINFP1810043015",5.37728241849776,4.75800323486328,14693,4,"meta_highrescanopyheight_orthophoto",0.5,"orthophoto_50cm_2025","Ostlandet"
"NINFP1910043957",1.53021561293384,0.35181450843811,5179,2,"meta_highrescanopyheight_orthophoto",0.5,"orthophoto_50cm_2025","Ostlandet"
"NINFP1810008646",0.418997385162517,0.011847319547087,18132,2,"meta_highrescanopyheight_orthophoto",0.5,"orthophoto_50cm_2025","Ostlandet"
"NINFP2010004052",10.3065735181202,12.6875028610229,4013,1,"meta_highrescanopyheight_orthophoto",0.5,"orthophoto_50cm_2025","Ostlandet"
"NINFP2310139962",6.76243022609709,6.81206703186035,5931,1,"meta_highrescanopyheight_orthophoto",0.5,"orthophoto_50cm_2025","Ostlandet"
"NINFP2010053980",2.70295416369217,1.40721487998962,14508,2,"meta_highrescanopyheight_orthophoto",0.5,"orthophoto_50cm_2025","Ostlandet"
"NINFP2310129778",4.33717904822007,4.22973108291626,32899,5,"meta_highrescanopyheight_orthophoto",0.5,"orthophoto_50cm_2025","Ostlandet"
"NINFP1810031753",5.74810302793413,6.00253677368164,10801,3,"meta_highrescanopyheight_orthophoto",0.5,"orthophoto_50cm_2025","Ostlandet"
"NINFP2310121505",4.14922893442129,3.94366884231567,74445,5,"meta_highrescanopyheight_orthophoto",0.5,"orthophoto_50cm_2025","Ostlandet"
"NINFP2410164295",0.557994164268088,0.0125702572986484,8723,2,"meta_highrescanopyheight_orthophoto",0.5,"orthophoto_50cm_2025","Ostlandet"
"NINFP2410173890",1.506534974648,0.148725897073746,4810,2,"meta_highrescanopyheight_orthophoto",0.5,"orthophoto_50cm_2025","Ostlandet"
"NINFP1810032980",5.60627450524634,4.65575408935547,4578,1,"meta_highrescanopyheight_orthophoto",0.5,"orthophoto_50cm_2025","Ostlandet"
"NINFP2210111052",5.39305213383559,5.44300270080566,11001,1,"meta_highrescanopyheight_orthophoto",0.5,"orthophoto_50cm_2025","Ostlandet"
"NINFP1810032062",5.02371068077605,4.39408826828003,29117,4,"meta_highrescanopyheight_orthophoto",0.5,"orthophoto_50cm_2025","Ostlandet"
"NINFP2110019095",0.0711872786236396,0.010236301459372,136050,8,"meta_highrescanopyheight_orthophoto",0.5,"orthophoto_50cm_2025","Ostlandet"
"NINFP1810018855",0.200180651034764,0.0108391428366303,61487,5,"meta_highrescanopyheight_orthophoto",0.5,"orthophoto_50cm_2025","Ostlandet"
"NINFP2210110039",8.30924593395935,8.64405536651611,4673,2,"meta_highrescanopyheight_orthophoto",0.5,"orthophoto_50cm_2025","Ostlandet"
"NINFP2310125432",3.45716336984363,2.7242865562439,26867,4,"meta_highrescanopyheight_orthophoto",0.5,"orthophoto_50cm_2025","Ostlandet"
"NINFP2110032635",2.67007334318053,1.38653230667114,119270,9,"meta_highrescanopyheight_orthophoto",0.5,"orthophoto_50cm_2025","Ostlandet"
"NINFP2310120930",2.02284082393969,0.316698908805847,383463,13,"meta_highrescanopyheight_orthophoto",0.5,"orthophoto_50cm_2025","Ostlandet"
"NINFP1810042982",5.60571725903779,6.05348825454712,181783,9,"meta_highrescanopyheight_orthophoto",0.5,"orthophoto_50cm_2025","Ostlandet"
"NINFP2510196315",0.333426576566577,0.0144052654504776,97911,6,"meta_highrescanopyheight_orthophoto",0.5,"orthophoto_50cm_2025","Ostlandet"
"NINFP2410172321",0.114465702297127,0.0105770155787468,44771,3,"meta_highrescanopyheight_orthophoto",0.5,"orthophoto_50cm_2025","Ostlandet"
"NINFP2010005998",7.93108083477508,8.52985668182373,14348,2,"meta_highrescanopyheight_orthophoto",0.5,"orthophoto_50cm_2025","Ostlandet"
"NINFP2010022682",0.0204986206683987,0.0100518423132598,14270,3,"meta_highrescanopyheight_orthophoto",0.5,"orthophoto_50cm_2025","Ostlandet"
"NINFP1810028305",0.622232760867547,0.0144504709169269,34158,5,"meta_highrescanopyheight_orthophoto",0.5,"orthophoto_50cm_2025","Ostlandet"
"NINFP2610220135",0.303879095589096,0.0174981188029051,14535,2,"meta_highrescanopyheight_orthophoto",0.5,"orthophoto_50cm_2025","Ostlandet"
"NINFP1810028330",2.16142769099674,0.308062642812729,182567,10,"meta_highrescanopyheight_orthophoto",0.5,"orthophoto_50cm_2025","Ostlandet"
"NINFP1810040499",1.18762035779943,0.0258036106824875,23605,6,"meta_highrescanopyheight_orthophoto",0.5,"orthophoto_50cm_2025","Ostlandet"
"NINFP1810037192",4.5941473958335,4.67143940925598,9922,4,"meta_highrescanopyheight_orthophoto",0.5,"orthophoto_50cm_2025","Ostlandet"
"NINFP2310143980",2.32688590640593,0.958014845848083,54149,8,"meta_highrescanopyheight_orthophoto",0.5,"orthophoto_50cm_2025","Ostlandet"
"NINFP2210110691",7.25488003123628,7.65523624420166,25717,5,"meta_highrescanopyheight_orthophoto",0.5,"orthophoto_50cm_2025","Ostlandet"
"NINFP2410183310",5.96104194595185,5.76493310928345,3651,2,"meta_highrescanopyheight_orthophoto",0.5,"orthophoto_50cm_2025","Ostlandet"
"NINFP2410165811",6.07719602958598,6.12003517150879,24331,4,"meta_highrescanopyheight_orthophoto",0.5,"orthophoto_50cm_2025","Ostlandet"
"NINFP1810042548",7.0867645373762,6.73297691345215,12132,2,"meta_highrescanopyheight_orthophoto",0.5,"orthophoto_50cm_2025","Ostlandet"
"NINFP2410164352",2.59245454760245,0.999197840690613,6370,2,"meta_highrescanopyheight_orthophoto",0.5,"orthophoto_50cm_2025","Ostlandet"
"NINFP2310144280",6.4873658029267,6.57401943206787,18773,3,"meta_highrescanopyheight_orthophoto",0.5,"orthophoto_50cm_2025","Ostlandet"
"NINFP2410164179",1.25490336374454,0.0276573449373245,6055,3,"meta_highrescanopyheight_orthophoto",0.5,"orthophoto_50cm_2025","Ostlandet"
"NINFP1810026830",0.157038840111139,0.010543302167207,920674,29,"meta_highrescanopyheight_orthophoto",0.5,"orthophoto_50cm_2025","Ostlandet"
"NINFP2310133771",7.39845946806373,7.56030511856079,26785,2,"meta_highrescanopyheight_orthophoto",0.5,"orthophoto_50cm_2025","Ostlandet"
"NINFP2010053288",4.22350095448531,2.92659950256348,11982,3,"meta_highrescanopyheight_orthophoto",0.5,"orthophoto_50cm_2025","Ostlandet"
"NINFP2310130825",5.60603476083324,5.49721336364746,71134,7,"meta_highrescanopyheight_orthophoto",0.5,"orthophoto_50cm_2025","Ostlandet"
"NINFP2210107293",0.113517564368419,0.0100869769230485,17709,2,"meta_highrescanopyheight_orthophoto",0.5,"orthophoto_50cm_2025","Ostlandet"
"NINFP1810018150",4.67750126997899,4.25372409820557,6949,1,"meta_highrescanopyheight_orthophoto",0.5,"orthophoto_50cm_2025","Ostlandet"
"NINFP1810034685",4.97654168589597,3.93523645401001,40187,3,"meta_highrescanopyheight_orthophoto",0.5,"orthophoto_50cm_2025","Ostlandet"
"NINFP2610220072",0.608981009893744,0.0104425773024559,2411,1,"meta_highrescanopyheight_orthophoto",0.5,"orthophoto_50cm_2025","Ostlandet"
"NINFP1810002896",1.18738208266728,0.0425219610333443,101791,6,"meta_highrescanopyheight_orthophoto",0.5,"orthophoto_50cm_2025","Ostlandet"
"NINFP2010012437",0.621626601378577,0.0529912486672401,4088,1,"meta_highrescanopyheight_orthophoto",0.5,"orthophoto_50cm_2025","Ostlandet"
"NINFP2310125435",5.89736635481912,5.74557971954346,17721,5,"meta_highrescanopyheight_orthophoto",0.5,"orthophoto_50cm_2025","Ostlandet"
"NINFP1810028510",2.31087744316144,0.0103058246895671,2877,1,"meta_highrescanopyheight_orthophoto",0.5,"orthophoto_50cm_2025","Ostlandet"
"NINFP1910016438",5.8277034825147,5.64663505554199,14586,2,"meta_highrescanopyheight_orthophoto",0.5,"orthophoto_50cm_2025","Ostlandet"
"NINFP2210095194",1.32310118926869,0.055868586525321,1762,1,"meta_highrescanopyheight_orthophoto",0.5,"orthophoto_50cm_2025","Ostlandet"
"NINFP2110051400",0.656970416523919,0.0181295098736882,27662,3,"meta_highrescanopyheight_orthophoto",0.5,"orthophoto_50cm_2025","Ostlandet"
"NINFP2310144442",4.4819542237502,4.05025386810303,11097,2,"meta_highrescanopyheight_orthophoto",0.5,"orthophoto_50cm_2025","Ostlandet"
"NINFP2310123628",4.92522757998931,5.27004766464233,4943,2,"meta_highrescanopyheight_orthophoto",0.5,"orthophoto_50cm_2025","Ostlandet"
"NINFP2010008879",0.701017042606149,0.0151604348793626,16836,3,"meta_highrescanopyheight_orthophoto",0.5,"orthophoto_50cm_2025","Ostlandet"
"NINFP1810024562",0.219868845050626,0.0109204798936844,795305,31,"meta_highrescanopyheight_orthophoto",0.5,"orthophoto_50cm_2025","Ostlandet"
"NINFP2510207293",5.36402198223787,4.38078880310059,7764,1,"meta_highrescanopyheight_orthophoto",0.5,"orthophoto_50cm_2025","Ostlandet"
"NINFP1810018470",5.79763120561909,5.74769830703735,35916,4,"meta_highrescanopyheight_orthophoto",0.5,"orthophoto_50cm_2025","Ostlandet"
"NINFP1810023536",0.339711442739361,0.0110263135284185,783256,30,"meta_highrescanopyheight_orthophoto",0.5,"orthophoto_50cm_2025","Ostlandet"
"NINFP2210084156",4.64703178245862,4.57921743392944,8068,4,"meta_highrescanopyheight_orthophoto",0.5,"orthophoto_50cm_2025","Ostlandet"
"NINFP1810045759",3.90726081037616,2.57101202011108,44547,3,"meta_highrescanopyheight_orthophoto",0.5,"orthophoto_50cm_2025","Ostlandet"
"NINFP2110016576",3.46051551305084,2.87160766124725,5700,2,"meta_highrescanopyheight_orthophoto",0.5,"orthophoto_50cm_2025","Ostlandet"
"NINFP2310128451",1.2219756896635,0.0221613757312298,3060,2,"meta_highrescanopyheight_orthophoto",0.5,"orthophoto_50cm_2025","Ostlandet"
"NINFP1910061079",0.672964741187808,0.0720450170338154,7536,3,"meta_highrescanopyheight_orthophoto",0.5,"orthophoto_50cm_2025","Ostlandet"
"NINFP1910059896",0.823625872825694,0.0266466774046421,8249,2,"meta_highrescanopyheight_orthophoto",0.5,"orthophoto_50cm_2025","Ostlandet"
"NINFP1910016413",7.98746224535255,8.47670364379883,10904,2,"meta_highrescanopyheight_orthophoto",0.5,"orthophoto_50cm_2025","Ostlandet"
"NINFP2510193748",0.486529620192993,0.0118590341880918,52819,4,"meta_highrescanopyheight_orthophoto",0.5,"orthophoto_50cm_2025","Ostlandet"
"NINFP1910016461",6.35074497148146,6.6826639175415,31855,3,"meta_highrescanopyheight_orthophoto",0.5,"orthophoto_50cm_2025","Ostlandet"
"NINFP2210084030",2.7197548632307,1.34211564064026,11243,2,"meta_highrescanopyheight_orthophoto",0.5,"orthophoto_50cm_2025","Ostlandet"
"NINFP2110036590",2.20166610324539,0.614401549100876,42392,6,"meta_highrescanopyheight_orthophoto",0.5,"orthophoto_50cm_2025","Ostlandet"
"NINFP2210076584",4.16486907338962,4.51673650741577,55956,3,"meta_highrescanopyheight_orthophoto",0.5,"orthophoto_50cm_2025","Ostlandet"
"NINFP2610220154",1.57922437398598,0.300717175006866,7583,1,"meta_highrescanopyheight_orthophoto",0.5,"orthophoto_50cm_2025","Ostlandet"
"NINFP1810012708",6.95119453988735,7.50740146636963,8371,3,"meta_highrescanopyheight_orthophoto",0.5,"orthophoto_50cm_2025","Ostlandet"
"NINFP2210074826",2.49840777564438,1.17710936069489,56208,5,"meta_highrescanopyheight_orthophoto",0.5,"orthophoto_50cm_2025","Ostlandet"
"NINFP2510214835",0.121651269999754,0.0101565434597433,205416,10,"meta_highrescanopyheight_orthophoto",0.5,"orthophoto_50cm_2025","Ostlandet"
"NINFP2410183833",0.936773731550965,0.0177277401089668,47186,4,"meta_highrescanopyheight_orthophoto",0.5,"orthophoto_50cm_2025","Ostlandet"
"NINFP2510196627",3.36547334955373,1.74417340755463,64128,5,"meta_highrescanopyheight_orthophoto",0.5,"orthophoto_50cm_2025","Ostlandet"
"NINFP2110065543",7.17075176189627,7.33320355415344,3500,4,"meta_highrescanopyheight_orthophoto",0.5,"orthophoto_50cm_2025","Ostlandet"
"NINFP2410161415",8.2172013083466,9.02398490905762,62813,6,"meta_highrescanopyheight_orthophoto",0.5,"orthophoto_50cm_2025","Ostlandet"
"NINFP2110016262",6.04747149930089,5.78528237342834,4528,2,"meta_highrescanopyheight_orthophoto",0.5,"orthophoto_50cm_2025","Ostlandet"
"NINFP2010036356",2.0254179007843,0.303866535425186,9562,1,"meta_highrescanopyheight_orthophoto",0.5,"orthophoto_50cm_2025","Ostlandet"
"NINFP1810011453",4.70170974965578,3.7870888710022,20740,3,"meta_highrescanopyheight_orthophoto",0.5,"orthophoto_50cm_2025","Ostlandet"
"NINFP2410179442",0.255907424288413,0.0124413724988699,360268,14,"meta_highrescanopyheight_orthophoto",0.5,"orthophoto_50cm_2025","Ostlandet"
"NINFP2210113682",0.453981695516242,0.042603924870491,52003,6,"meta_highrescanopyheight_orthophoto",0.5,"orthophoto_50cm_2025","Ostlandet"
"NINFP2510216871",0.853894929909813,0.0761086121201515,8378,2,"meta_highrescanopyheight_orthophoto",0.5,"orthophoto_50cm_2025","Ostlandet"
"NINFP1910031216",0.850960350274789,0.0125780687667429,67668,5,"meta_highrescanopyheight_orthophoto",0.5,"orthophoto_50cm_2025","Ostlandet"
"NINFP2510213672",0.137849510147774,0.0108474669978023,154671,13,"meta_highrescanopyheight_orthophoto",0.5,"orthophoto_50cm_2025","Ostlandet"
"NINFP2310142733",0.675620424558648,0.0148422587662935,30995,3,"meta_highrescanopyheight_orthophoto",0.5,"orthophoto_50cm_2025","Ostlandet"
"NINFP2210103986",0.180597103167733,0.010065671056509,153954,17,"meta_highrescanopyheight_orthophoto",0.5,"orthophoto_50cm_2025","Ostlandet"
"NINFP1810037430",2.24675687453515,0.28526708483696,64825,5,"meta_highrescanopyheight_orthophoto",0.5,"orthophoto_50cm_2025","Ostlandet"
"NINFP2010036257",2.2850673583406,0.528423309326172,9057,4,"meta_highrescanopyheight_orthophoto",0.5,"orthophoto_50cm_2025","Ostlandet"
"NINFP2210095200",1.01804360331686,0.0188962733373046,15846,4,"meta_highrescanopyheight_orthophoto",0.5,"orthophoto_50cm_2025","Ostlandet"
"NINFP2210076368",1.20797682348383,0.267182633280754,12326,4,"meta_highrescanopyheight_orthophoto",0.5,"orthophoto_50cm_2025","Ostlandet"
"NINFP1810028095",2.99021675692753,1.31321907043457,7919,2,"meta_highrescanopyheight_orthophoto",0.5,"orthophoto_50cm_2025","Ostlandet"
"NINFP1910045845",4.22908314690384,3.9199492931366,55397,8,"meta_highrescanopyheight_orthophoto",0.5,"orthophoto_50cm_2025","Ostlandet"
"NINFP2310134911",8.87800165536947,9.52166938781738,4031,1,"meta_highrescanopyheight_orthophoto",0.5,"orthophoto_50cm_2025","Ostlandet"
"NINFP2010027032",0.0195837210637623,0.0101623041555285,10367,1,"meta_highrescanopyheight_orthophoto",0.5,"orthophoto_50cm_2025","Ostlandet"
"NINFP2210076581",1.64603756142827,0.452235460281372,116634,6,"meta_highrescanopyheight_orthophoto",0.5,"orthophoto_50cm_2025","Ostlandet"
"NINFP2110022899",5.55794030044373,5.57505559921265,49863,3,"meta_highrescanopyheight_orthophoto",0.5,"orthophoto_50cm_2025","Ostlandet"
"NINFP2210084153",3.48698080233693,2.84907221794128,6927,2,"meta_highrescanopyheight_orthophoto",0.5,"orthophoto_50cm_2025","Ostlandet"
"NINFP2310140389",0.921252015071546,0.038518413901329,53501,8,"meta_highrescanopyheight_orthophoto",0.5,"orthophoto_50cm_2025","Ostlandet"
"NINFP1810005756",4.70813579626122,4.55949878692627,9905,1,"meta_highrescanopyheight_orthophoto",0.5,"orthophoto_50cm_2025","Ostlandet"
"NINFP1810018695",2.26824145624067,1.16109681129456,20956,3,"meta_highrescanopyheight_orthophoto",0.5,"orthophoto_50cm_2025","Ostlandet"
"NINFP2510188206",7.98861517697842,8.48708343505859,9135,2,"meta_highrescanopyheight_orthophoto",0.5,"orthophoto_50cm_2025","Ostlandet"
"NINFP2510213425",0.842892211617173,0.0556232705712318,20770,4,"meta_highrescanopyheight_orthophoto",0.5,"orthophoto_50cm_2025","Ostlandet"
"NINFP2410161790",3.63029473026669,2.38432562351227,5758,2,"meta_highrescanopyheight_orthophoto",0.5,"orthophoto_50cm_2025","Ostlandet"
"NINFP2410164286",0.274276320269502,0.0109365629032254,11160,2,"meta_highrescanopyheight_orthophoto",0.5,"orthophoto_50cm_2025","Ostlandet"
"NINFP1810006469",4.87683670081128,5.18243074417114,7059,2,"meta_highrescanopyheight_orthophoto",0.5,"orthophoto_50cm_2025","Ostlandet"
"NINFP1910017779",1.41963855358299,0.133918553590775,12565,4,"meta_highrescanopyheight_orthophoto",0.5,"orthophoto_50cm_2025","Ostlandet"
"NINFP2110023762",0.0162639947111391,0.0100765367969871,36805,4,"meta_highrescanopyheight_orthophoto",0.5,"orthophoto_50cm_2025","Ostlandet"
"NINFP1810026093",0.570965019834808,0.0149019779637456,40098,3,"meta_highrescanopyheight_orthophoto",0.5,"orthophoto_50cm_2025","Ostlandet"
"NINFP1810018165",0.334325526766737,0.0134246675297618,5494,2,"meta_highrescanopyheight_orthophoto",0.5,"orthophoto_50cm_2025","Ostlandet"
"NINFP2110043924",2.98162843152435,2.46714806556702,38931,6,"meta_highrescanopyheight_orthophoto",0.5,"orthophoto_50cm_2025","Ostlandet"
"NINFP2510189887",0.0143627258119733,0.0100920479744673,91021,6,"meta_highrescanopyheight_orthophoto",0.5,"orthophoto_50cm_2025","Ostlandet"
"NINFP2110018855",0.810969393172711,0.0302687454968691,77787,7,"meta_highrescanopyheight_orthophoto",0.5,"orthophoto_50cm_2025","Ostlandet"
"NINFP2110055187",0.97844210984843,0.107411481440067,39097,5,"meta_highrescanopyheight_orthophoto",0.5,"orthophoto_50cm_2025","Ostlandet"
"NINFP2210098167",1.77384326031582,0.492880344390869,23007,3,"meta_highrescanopyheight_orthophoto",0.5,"orthophoto_50cm_2025","Ostlandet"
"NINFP2210107295",2.10469738157758,0.129486188292503,11435,5,"meta_highrescanopyheight_orthophoto",0.5,"orthophoto_50cm_2025","Ostlandet"
"NINFP2010049598",1.41122105700308,0.476550400257111,19833,3,"meta_highrescanopyheight_orthophoto",0.5,"orthophoto_50cm_2025","Ostlandet"
"NINFP1810014274",1.36842354120375,0.0406868457794189,35879,4,"meta_highrescanopyheight_orthophoto",0.5,"orthophoto_50cm_2025","Ostlandet"
"NINFP2110059206",0.996822843261897,0.132648885250092,52542,10,"meta_highrescanopyheight_orthophoto",0.5,"orthophoto_50cm_2025","Ostlandet"
"NINFP2010036020",2.17985931864674,0.752153038978577,77057,7,"meta_highrescanopyheight_orthophoto",0.5,"orthophoto_50cm_2025","Ostlandet"
"NINFP2510219235",0.58511904005666,0.0150121618062258,10175,5,"meta_highrescanopyheight_orthophoto",0.5,"orthophoto_50cm_2025","Ostlandet"
"NINFP1810017905",7.17334338155757,6.41483044624329,6012,1,"meta_highrescanopyheight_orthophoto",0.5,"orthophoto_50cm_2025","Ostlandet"
"NINFP2410175003",1.05767653424049,0.0781920626759529,121250,9,"meta_highrescanopyheight_orthophoto",0.5,"orthophoto_50cm_2025","Ostlandet"
"NINFP2310134928",0.0102017982875156,0.0101507278159261,4935,1,"meta_highrescanopyheight_orthophoto",0.5,"orthophoto_50cm_2025","Ostlandet"
"NINFP2010002374",2.61203771890852,0.142253458499908,2731,2,"meta_highrescanopyheight_orthophoto",0.5,"orthophoto_50cm_2025","Ostlandet"
"NINFP1810016142",0.706557711614573,0.010481359437108,43568,5,"meta_highrescanopyheight_orthophoto",0.5,"orthophoto_50cm_2025","Ostlandet"
"NINFP1910048499",9.2907021111618,9.64382362365723,16083,4,"meta_highrescanopyheight_orthophoto",0.5,"orthophoto_50cm_2025","Ostlandet"
"NINFP2410156574",7.35973532531847,7.79965925216675,16924,5,"meta_highrescanopyheight_orthophoto",0.5,"orthophoto_50cm_2025","Ostlandet"
"NINFP1910002594",0.017522022892084,0.0104594938457012,32841,4,"meta_highrescanopyheight_orthophoto",0.5,"orthophoto_50cm_2025","Ostlandet"
"NINFP2010012604",0.28171489522115,0.0182403717190027,6792,1,"meta_highrescanopyheight_orthophoto",0.5,"orthophoto_50cm_2025","Ostlandet"
"NINFP2510196631",2.79956110874476,1.19002443552017,23368,3,"meta_highrescanopyheight_orthophoto",0.5,"orthophoto_50cm_2025","Ostlandet"
"NINFP2010004477",2.49395539644304,1.85676467418671,4078,2,"meta_highrescanopyheight_orthophoto",0.5,"orthophoto_50cm_2025","Ostlandet"
"NINFP1810009829",1.77963951762435,0.0200085658580065,62902,6,"meta_highrescanopyheight_orthophoto",0.5,"orthophoto_50cm_2025","Ostlandet"
"NINFP2010013409",3.19601390717067,2.42207932472229,18147,6,"meta_highrescanopyheight_orthophoto",0.5,"orthophoto_50cm_2025","Ostlandet"
"NINFP2510196520",2.20812974600372,0.271500080823898,4353,2,"meta_highrescanopyheight_orthophoto",0.5,"orthophoto_50cm_2025","Ostlandet"
"NINFP2210091383",1.61523065356078,0.436934292316437,11565,1,"meta_highrescanopyheight_orthophoto",0.5,"orthophoto_50cm_2025","Ostlandet"
"NINFP2110048859",4.60048141113029,4.09984970092773,6280,2,"meta_highrescanopyheight_orthophoto",0.5,"orthophoto_50cm_2025","Ostlandet"
"NINFP2310123056",0.0126795530549138,0.0103204865008593,10815,2,"meta_highrescanopyheight_orthophoto",0.5,"orthophoto_50cm_2025","Ostlandet"
"NINFP2510186621",2.74309492578792,1.89438253641129,4840,1,"meta_highrescanopyheight_orthophoto",0.5,"orthophoto_50cm_2025","Ostlandet"
"NINFP1810015386",4.24798247501782,3.32291746139526,11693,4,"meta_highrescanopyheight_orthophoto",0.5,"orthophoto_50cm_2025","Ostlandet"
"NINFP1810005052",4.53189743043843,4.58490610122681,5927,1,"meta_highrescanopyheight_orthophoto",0.5,"orthophoto_50cm_2025","Ostlandet"
"NINFP2110063624",0.550623796794056,0.0114957457408309,1556,1,"meta_highrescanopyheight_orthophoto",0.5,"orthophoto_50cm_2025","Ostlandet"
"NINFP1810042336",8.71906815963666,9.42117643356323,24084,4,"meta_highrescanopyheight_orthophoto",0.5,"orthophoto_50cm_2025","Ostlandet"
"NINFP2010007530",1.55294419220698,0.462866306304932,5935,4,"meta_highrescanopyheight_orthophoto",0.5,"orthophoto_50cm_2025","Ostlandet"
"NINFP1810013956",2.43612052364475,0.598974049091339,26109,3,"meta_highrescanopyheight_orthophoto",0.5,"orthophoto_50cm_2025","Ostlandet"
"NINFP1810040042",5.50987611324303,5.91621065139771,160542,7,"meta_highrescanopyheight_orthophoto",0.5,"orthophoto_50cm_2025","Ostlandet"
"NINFP2110014170",0.103881493032046,0.0109776617027819,2428,1,"meta_highrescanopyheight_orthophoto",0.5,"orthophoto_50cm_2025","Ostlandet"
"NINFP2410162855",0.275701453536899,0.0115099744871259,6215,1,"meta_highrescanopyheight_orthophoto",0.5,"orthophoto_50cm_2025","Ostlandet"
"NINFP2210101246",5.26851385951356,5.28466463088989,5551,1,"meta_highrescanopyheight_orthophoto",0.5,"orthophoto_50cm_2025","Ostlandet"
"NINFP1910033068",5.37419605973503,5.60817289352417,36245,6,"meta_highrescanopyheight_orthophoto",0.5,"orthophoto_50cm_2025","Ostlandet"
"NINFP2110059173",1.88154221996931,0.72466379404068,57090,6,"meta_highrescanopyheight_orthophoto",0.5,"orthophoto_50cm_2025","Ostlandet"
"NINFP2610220136",1.8969661478466,0.652487426996231,20282,5,"meta_highrescanopyheight_orthophoto",0.5,"orthophoto_50cm_2025","Ostlandet"
"NINFP2010053959",0.0219014559419105,0.0102152852341533,18713,2,"meta_highrescanopyheight_orthophoto",0.5,"orthophoto_50cm_2025","Ostlandet"
"NINFP1810042903",3.72762476571985,3.44714879989624,15402,2,"meta_highrescanopyheight_orthophoto",0.5,"orthophoto_50cm_2025","Ostlandet"
"NINFP1810023756",2.41805980873709,0.738361775875092,80043,6,"meta_highrescanopyheight_orthophoto",0.5,"orthophoto_50cm_2025","Ostlandet"
"NINFP1910019510",4.61737927326946,4.71950101852417,3778,1,"meta_highrescanopyheight_orthophoto",0.5,"orthophoto_50cm_2025","Ostlandet"
"NINFP2410171541",0.0525217823557049,0.0103576299734414,88294,8,"meta_highrescanopyheight_orthophoto",0.5,"orthophoto_50cm_2025","Ostlandet"
"NINFP2110061133",0.302393598070526,0.0266454145312309,21171,5,"meta_highrescanopyheight_orthophoto",0.5,"orthophoto_50cm_2025","Ostlandet"
"NINFP1810030243",1.38966802785074,0.242203578352928,6504,2,"meta_highrescanopyheight_orthophoto",0.5,"orthophoto_50cm_2025","Ostlandet"
"NINFP2110007533",10.7979664429364,11.5479297637939,12289,3,"meta_highrescanopyheight_orthophoto",0.5,"orthophoto_50cm_2025","Ostlandet"
"NINFP2010032621",1.67364881527417,0.327082544565201,5104,2,"meta_highrescanopyheight_orthophoto",0.5,"orthophoto_50cm_2025","Ostlandet"
"NINFP2510187420",2.13221669532377,0.425714880228043,9227,2,"meta_highrescanopyheight_orthophoto",0.5,"orthophoto_50cm_2025","Ostlandet"
"NINFP1910044290",0.229093045397982,0.0109421750530601,5513,1,"meta_highrescanopyheight_orthophoto",0.5,"orthophoto_50cm_2025","Ostlandet"
"NINFP1810006651",4.01883486958357,2.96750974655151,7947,1,"meta_highrescanopyheight_orthophoto",0.5,"orthophoto_50cm_2025","Ostlandet"
"NINFP1810034855",2.18575503823766,0.974438309669495,19645,3,"meta_highrescanopyheight_orthophoto",0.5,"orthophoto_50cm_2025","Ostlandet"
"NINFP2410169719",3.38643433154395,2.86150121688843,21421,2,"meta_highrescanopyheight_orthophoto",0.5,"orthophoto_50cm_2025","Ostlandet"
"NINFP2010028304",0.0170781473431341,0.0105039784684777,11783,2,"meta_highrescanopyheight_orthophoto",0.5,"orthophoto_50cm_2025","Ostlandet"
"NINFP1910038437",5.67898095619497,5.71797943115234,14561,3,"meta_highrescanopyheight_orthophoto",0.5,"orthophoto_50cm_2025","Ostlandet"
"NINFP1810010387",0.801912293979631,0.0110429972410202,10345,1,"meta_highrescanopyheight_orthophoto",0.5,"orthophoto_50cm_2025","Ostlandet"
"NINFP1810042857",1.57883022667902,0.17042800039053,27468,2,"meta_highrescanopyheight_orthophoto",0.5,"orthophoto_50cm_2025","Ostlandet"
"NINFP1810035875",4.74468425436858,3.97088074684143,27884,4,"meta_highrescanopyheight_orthophoto",0.5,"orthophoto_50cm_2025","Ostlandet"
"NINFP1810015780",5.86381106090011,5.64434242248535,4188,1,"meta_highrescanopyheight_orthophoto",0.5,"orthophoto_50cm_2025","Ostlandet"
"NINFP2210106988",2.64206017757691,0.606429278850555,4535,3,"meta_highrescanopyheight_orthophoto",0.5,"orthophoto_50cm_2025","Ostlandet"
"NINFP1810035698",4.92222822293309,4.81082916259766,5278,2,"meta_highrescanopyheight_orthophoto",0.5,"orthophoto_50cm_2025","Ostlandet"
"NINFP2010053290",0.0643668635531519,0.0102178510278463,5391,2,"meta_highrescanopyheight_orthophoto",0.5,"orthophoto_50cm_2025","Ostlandet"
"NINFP1810031745",2.69926858961689,1.0790992975235,9979,2,"meta_highrescanopyheight_orthophoto",0.5,"orthophoto_50cm_2025","Ostlandet"
"NINFP2110023948",0.0104966631540891,0.0100581077858806,101056,5,"meta_highrescanopyheight_orthophoto",0.5,"orthophoto_50cm_2025","Ostlandet"
"NINFP1810017645",5.04925597159788,4.90720462799072,4471,2,"meta_highrescanopyheight_orthophoto",0.5,"orthophoto_50cm_2025","Ostlandet"
"NINFP2010022982",0.171560603065549,0.0102028963156044,12716,1,"meta_highrescanopyheight_orthophoto",0.5,"orthophoto_50cm_2025","Ostlandet"
"NINFP1810047720",1.53833417706664,0.0264123808592558,418443,16,"meta_highrescanopyheight_orthophoto",0.5,"orthophoto_50cm_2025","Ostlandet"
"NINFP2110012685",4.48276880731551,4.53715753555298,5473,4,"meta_highrescanopyheight_orthophoto",0.5,"orthophoto_50cm_2025","Ostlandet"
"NINFP2210103970",0.643404860512278,0.0208128122612834,53876,5,"meta_highrescanopyheight_orthophoto",0.5,"orthophoto_50cm_2025","Ostlandet"
"NINFP2510219232",1.04844329920036,0.0626841336488724,6336,2,"meta_highrescanopyheight_orthophoto",0.5,"orthophoto_50cm_2025","Ostlandet"
"NINFP2210109651",1.38227947410455,0.0265938583761454,9776,4,"meta_highrescanopyheight_orthophoto",0.5,"orthophoto_50cm_2025","Ostlandet"
"NINFP2010036256",1.0726343808262,0.0683282278478146,19350,5,"meta_highrescanopyheight_orthophoto",0.5,"orthophoto_50cm_2025","Ostlandet"
"NINFP1810020042",5.93965403587649,5.45837593078613,6229,2,"meta_highrescanopyheight_orthophoto",0.5,"orthophoto_50cm_2025","Ostlandet"
"NINFP2510203723",1.26871039294629,0.0114257181994617,2427322,57,"meta_highrescanopyheight_orthophoto",0.5,"orthophoto_50cm_2025","Ostlandet"
"NINFP1810041684",3.29414339747103,1.66653263568878,59363,6,"meta_highrescanopyheight_orthophoto",0.5,"orthophoto_50cm_2025","Ostlandet"
"NINFP1810018862",3.06040498764798,2.10023391246796,16428,4,"meta_highrescanopyheight_orthophoto",0.5,"orthophoto_50cm_2025","Ostlandet"
"NINFP2410182315",8.2272514879626,8.63611698150635,35154,2,"meta_highrescanopyheight_orthophoto",0.5,"orthophoto_50cm_2025","Ostlandet"
"NINFP2310138923",6.03798021866105,6.84855914115906,8198,4,"meta_highrescanopyheight_orthophoto",0.5,"orthophoto_50cm_2025","Ostlandet"
"NINFP2010038811",0.219628260245969,0.0103746308013797,10499,2,"meta_highrescanopyheight_orthophoto",0.5,"orthophoto_50cm_2025","Ostlandet"
"NINFP2010012892",4.65517504984952,4.83200550079346,61853,5,"meta_highrescanopyheight_orthophoto",0.5,"orthophoto_50cm_2025","Ostlandet"
"NINFP2510188975",0.313740916678478,0.0106906611472368,69857,7,"meta_highrescanopyheight_orthophoto",0.5,"orthophoto_50cm_2025","Ostlandet"
"NINFP2510202624",0.0248590467768455,0.0100931483320892,152996,11,"meta_highrescanopyheight_orthophoto",0.5,"orthophoto_50cm_2025","Ostlandet"
"NINFP1810040532",5.75870639757581,6.41735649108887,142521,9,"meta_highrescanopyheight_orthophoto",0.5,"orthophoto_50cm_2025","Ostlandet"
"NINFP2210092997",1.1653462636546,0.166960015892982,100692,10,"meta_highrescanopyheight_orthophoto",0.5,"orthophoto_50cm_2025","Ostlandet"
"NINFP2110013613",5.564817467861,6.33348774909973,2950,2,"meta_highrescanopyheight_orthophoto",0.5,"orthophoto_50cm_2025","Ostlandet"
"NINFP2410162522",0.0138478622040518,0.0102903041988611,6341,2,"meta_highrescanopyheight_orthophoto",0.5,"orthophoto_50cm_2025","Ostlandet"
"NINFP2510196424",0.635803799030662,0.0179776726290584,27134,4,"meta_highrescanopyheight_orthophoto",0.5,"orthophoto_50cm_2025","Ostlandet"
"NINFP1810036820",3.46552764831481,2.03636646270752,5072,1,"meta_highrescanopyheight_orthophoto",0.5,"orthophoto_50cm_2025","Ostlandet"
"NINFP1810016639",4.21156412700691,4.1810827255249,18816,4,"meta_highrescanopyheight_orthophoto",0.5,"orthophoto_50cm_2025","Ostlandet"
"NINFP2510195675",5.72553054241654,6.25751304626465,4010,2,"meta_highrescanopyheight_orthophoto",0.5,"orthophoto_50cm_2025","Ostlandet"
"NINFP1910041485",3.95907097074724,3.58752250671387,6022,4,"meta_highrescanopyheight_orthophoto",0.5,"orthophoto_50cm_2025","Ostlandet"
"NINFP2510196162",7.13437455412556,7.15474104881287,27702,3,"meta_highrescanopyheight_orthophoto",0.5,"orthophoto_50cm_2025","Ostlandet"
"NINFP2010007592",4.79233489494501,4.26085090637207,6099,3,"meta_highrescanopyheight_orthophoto",0.5,"orthophoto_50cm_2025","Ostlandet"
"NINFP2410160792",0.108276649063457,0.0106009263545275,104389,7,"meta_highrescanopyheight_orthophoto",0.5,"orthophoto_50cm_2025","Ostlandet"
"NINFP2310146285",10.7696354091164,11.7709531784058,8329,2,"meta_highrescanopyheight_orthophoto",0.5,"orthophoto_50cm_2025","Ostlandet"
"NINFP2410171230",0.0102989297088735,0.0102523947134614,13168,2,"meta_highrescanopyheight_orthophoto",0.5,"orthophoto_50cm_2025","Ostlandet"
"NINFP1910048767",0.515374660765766,0.0313351415097713,16057,4,"meta_highrescanopyheight_orthophoto",0.5,"orthophoto_50cm_2025","Ostlandet"
"NINFP2410172231",5.30724296064824,5.44380259513855,13216,3,"meta_highrescanopyheight_orthophoto",0.5,"orthophoto_50cm_2025","Ostlandet"
"NINFP2510213270",1.93953634685403,0.516680717468262,9881,1,"meta_highrescanopyheight_orthophoto",0.5,"orthophoto_50cm_2025","Ostlandet"
"NINFP1810015538",5.60292243440776,5.137366771698,19167,3,"meta_highrescanopyheight_orthophoto",0.5,"orthophoto_50cm_2025","Ostlandet"
"NINFP1910019562",6.86513311032029,6.72605681419373,5316,1,"meta_highrescanopyheight_orthophoto",0.5,"orthophoto_50cm_2025","Ostlandet"
"NINFP2510212769",2.18952502933215,0.856586456298828,12871,4,"meta_highrescanopyheight_orthophoto",0.5,"orthophoto_50cm_2025","Ostlandet"
"NINFP1810045182",2.39163631667258,1.27370995283127,6122,2,"meta_highrescanopyheight_orthophoto",0.5,"orthophoto_50cm_2025","Ostlandet"
"NINFP1810042291",4.46019261161297,4.4475736618042,40621,4,"meta_highrescanopyheight_orthophoto",0.5,"orthophoto_50cm_2025","Ostlandet"
"NINFP2010018219",3.36466072387808,3.09603881835938,21159,2,"meta_highrescanopyheight_orthophoto",0.5,"orthophoto_50cm_2025","Ostlandet"
"NINFP1810032313",6.51151766962005,6.80203819274902,11463,2,"meta_highrescanopyheight_orthophoto",0.5,"orthophoto_50cm_2025","Ostlandet"
"NINFP2110038247",1.45755075255315,0.428524821996689,7034,2,"meta_highrescanopyheight_orthophoto",0.5,"orthophoto_50cm_2025","Ostlandet"
"NINFP2310141311",0.791569143225949,0.0598158519715071,10298,3,"meta_highrescanopyheight_orthophoto",0.5,"orthophoto_50cm_2025","Ostlandet"
"NINFP2110048896",6.24000677553755,6.30680990219116,6311,4,"meta_highrescanopyheight_orthophoto",0.5,"orthophoto_50cm_2025","Ostlandet"
"NINFP2410181538",0.366845294505839,0.0104742143303156,140991,8,"meta_highrescanopyheight_orthophoto",0.5,"orthophoto_50cm_2025","Ostlandet"
"NINFP2110039366",0.203059501598764,0.0100755956955254,7886,2,"meta_highrescanopyheight_orthophoto",0.5,"orthophoto_50cm_2025","Ostlandet"
"NINFP1810039224",0.789694073686015,0.0258757937699556,93417,11,"meta_highrescanopyheight_orthophoto",0.5,"orthophoto_50cm_2025","Ostlandet"
"NINFP2410179495",0.540553431680989,0.0247205514460802,141579,7,"meta_highrescanopyheight_orthophoto",0.5,"orthophoto_50cm_2025","Ostlandet"
"NINFP1910061081",1.59083032456236,0.304903954267502,11070,3,"meta_highrescanopyheight_orthophoto",0.5,"orthophoto_50cm_2025","Ostlandet"
"NINFP1910016430",5.28822021803668,5.26655721664429,9962,2,"meta_highrescanopyheight_orthophoto",0.5,"orthophoto_50cm_2025","Ostlandet"
"NINFP1810028235",6.14227367491982,5.60244274139404,4309,2,"meta_highrescanopyheight_orthophoto",0.5,"orthophoto_50cm_2025","Ostlandet"
"NINFP2210075645",5.61000371826485,5.68906283378601,8748,3,"meta_highrescanopyheight_orthophoto",0.5,"orthophoto_50cm_2025","Ostlandet"
"NINFP1810035025",6.83713602046906,6.31704783439636,2438,1,"meta_highrescanopyheight_orthophoto",0.5,"orthophoto_50cm_2025","Ostlandet"
"NINFP1910031221",1.09993175863471,0.0938959494233131,42645,5,"meta_highrescanopyheight_orthophoto",0.5,"orthophoto_50cm_2025","Ostlandet"
"NINFP2110025524",1.56724394127762,0.305539608001709,5007,4,"meta_highrescanopyheight_orthophoto",0.5,"orthophoto_50cm_2025","Ostlandet"
"NINFP1810028949",1.04933497700258,0.0360732674598694,654537,21,"meta_highrescanopyheight_orthophoto",0.5,"orthophoto_50cm_2025","Ostlandet"
"NINFP1810040046",0.176196085904743,0.0109335463494062,25969,3,"meta_highrescanopyheight_orthophoto",0.5,"orthophoto_50cm_2025","Ostlandet"
"NINFP2110016429",0.01099245548751,0.0100476937368512,84071,5,"meta_highrescanopyheight_orthophoto",0.5,"orthophoto_50cm_2025","Ostlandet"
"NINFP2010005158",0.891225882816148,0.0103355338796973,165587,6,"meta_highrescanopyheight_orthophoto",0.5,"orthophoto_50cm_2025","Ostlandet"
"NINFP1810042553",7.95660538036699,8.57208442687988,60444,4,"meta_highrescanopyheight_orthophoto",0.5,"orthophoto_50cm_2025","Ostlandet"
"NINFP1910043984",4.49651098949315,4.3440580368042,51381,5,"meta_highrescanopyheight_orthophoto",0.5,"orthophoto_50cm_2025","Ostlandet"
"NINFP2010009559",0.512541339250057,0.0173109639436007,54683,5,"meta_highrescanopyheight_orthophoto",0.5,"orthophoto_50cm_2025","Ostlandet"
"NINFP2110036009",2.75117148048744,1.97520160675049,23599,3,"meta_highrescanopyheight_orthophoto",0.5,"orthophoto_50cm_2025","Ostlandet"
"NINFP2510209084",1.24268608517566,0.125612303614616,9604,2,"meta_highrescanopyheight_orthophoto",0.5,"orthophoto_50cm_2025","Ostlandet"
"NINFP1810014295",1.9796295250632,0.125182837247849,55611,7,"meta_highrescanopyheight_orthophoto",0.5,"orthophoto_50cm_2025","Ostlandet"
"NINFP2210081872",4.95768516949169,4.2597074508667,7990,2,"meta_highrescanopyheight_orthophoto",0.5,"orthophoto_50cm_2025","Ostlandet"
"NINFP2510198369",0.171498215279971,0.011608675122261,20057,4,"meta_highrescanopyheight_orthophoto",0.5,"orthophoto_50cm_2025","Ostlandet"
"NINFP2010031708",0.0368358698992125,0.0102828666567802,11445,2,"meta_highrescanopyheight_orthophoto",0.5,"orthophoto_50cm_2025","Ostlandet"
"NINFP2510204391",0.0336119303408332,0.0101251387968659,161870,7,"meta_highrescanopyheight_orthophoto",0.5,"orthophoto_50cm_2025","Ostlandet"
"NINFP2210077061",4.99251167180032,4.92099928855896,23494,4,"meta_highrescanopyheight_orthophoto",0.5,"orthophoto_50cm_2025","Ostlandet"
"NINFP1810038240",1.13265973987109,0.0634536407887936,9826,2,"meta_highrescanopyheight_orthophoto",0.5,"orthophoto_50cm_2025","Ostlandet"
"NINFP2410183113",5.90087642098944,6.20312023162842,7357,1,"meta_highrescanopyheight_orthophoto",0.5,"orthophoto_50cm_2025","Ostlandet"
"NINFP2110040043",6.5594258903743,7.26285076141357,8021,1,"meta_highrescanopyheight_orthophoto",0.5,"orthophoto_50cm_2025","Ostlandet"
"NINFP2110022530",0.146764214202598,0.0101750241592526,137665,9,"meta_highrescanopyheight_orthophoto",0.5,"orthophoto_50cm_2025","Ostlandet"
"NINFP2310123112",4.51249013931345,4.0004734992981,36401,4,"meta_highrescanopyheight_orthophoto",0.5,"orthophoto_50cm_2025","Ostlandet"
"NINFP1910034834",1.93688160467366,0.840272426605225,9376,4,"meta_highrescanopyheight_orthophoto",0.5,"orthophoto_50cm_2025","Ostlandet"
"NINFP1810020823",1.8835542032494,0.795967578887939,21807,3,"meta_highrescanopyheight_orthophoto",0.5,"orthophoto_50cm_2025","Ostlandet"
"NINFP1810039243",2.47108556337919,0.701508283615112,22587,4,"meta_highrescanopyheight_orthophoto",0.5,"orthophoto_50cm_2025","Ostlandet"
"NINFP2310144572",3.42603199176534,2.72350597381592,64557,6,"meta_highrescanopyheight_orthophoto",0.5,"orthophoto_50cm_2025","Ostlandet"
"NINFP2510215840",0.942576024203114,0.0416490621864796,13983,2,"meta_highrescanopyheight_orthophoto",0.5,"orthophoto_50cm_2025","Ostlandet"
"NINFP2410169793",3.57222547736221,3.50343799591064,4241,1,"meta_highrescanopyheight_orthophoto",0.5,"orthophoto_50cm_2025","Ostlandet"
"NINFP2010036818",0.0105491225010419,0.0102669978514314,9981,2,"meta_highrescanopyheight_orthophoto",0.5,"orthophoto_50cm_2025","Ostlandet"
"NINFP1810041093",2.72835536324523,1.33352541923523,13723,4,"meta_highrescanopyheight_orthophoto",0.5,"orthophoto_50cm_2025","Ostlandet"
"NINFP2110023952",0.0229044029597844,0.0100470231845975,44679,3,"meta_highrescanopyheight_orthophoto",0.5,"orthophoto_50cm_2025","Ostlandet"
"NINFP1810039242",2.87701339453092,1.80297839641571,8256,2,"meta_highrescanopyheight_orthophoto",0.5,"orthophoto_50cm_2025","Ostlandet"
"NINFP2010012133",3.01158035696811,2.42029869556427,20924,2,"meta_highrescanopyheight_orthophoto",0.5,"orthophoto_50cm_2025","Ostlandet"
"NINFP2410164178",0.0169787933992686,0.0101629407145083,12520,1,"meta_highrescanopyheight_orthophoto",0.5,"orthophoto_50cm_2025","Ostlandet"
"NINFP1810013959",0.516328304015872,0.0116270682774484,110826,9,"meta_highrescanopyheight_orthophoto",0.5,"orthophoto_50cm_2025","Ostlandet"
"NINFP2510185681",2.95606299602147,1.38663953542709,34372,2,"meta_highrescanopyheight_orthophoto",0.5,"orthophoto_50cm_2025","Ostlandet"
"NINFP1810014256",0.994591570968329,0.0190864708274603,28641,4,"meta_highrescanopyheight_orthophoto",0.5,"orthophoto_50cm_2025","Ostlandet"
"NINFP2210090377",2.94878893768458,2.29464030265808,5103,1,"meta_highrescanopyheight_orthophoto",0.5,"orthophoto_50cm_2025","Ostlandet"
"NINFP1810042915",8.56757842962719,8.82581329345703,8283,2,"meta_highrescanopyheight_orthophoto",0.5,"orthophoto_50cm_2025","Ostlandet"
"NINFP2310130111",4.8263844633321,4.64458513259888,4417,2,"meta_highrescanopyheight_orthophoto",0.5,"orthophoto_50cm_2025","Ostlandet"
"NINFP2210076459",3.65141599030095,3.20152699947357,29666,4,"meta_highrescanopyheight_orthophoto",0.5,"orthophoto_50cm_2025","Ostlandet"
"NINFP2510195927",7.32701250308981,7.49291658401489,8450,2,"meta_highrescanopyheight_orthophoto",0.5,"orthophoto_50cm_2025","Ostlandet"
"NINFP2310120939",5.68723535438318,5.72041535377502,50746,5,"meta_highrescanopyheight_orthophoto",0.5,"orthophoto_50cm_2025","Ostlandet"
"NINFP1810043255",3.81594364890335,1.51489454507828,4040,3,"meta_highrescanopyheight_orthophoto",0.5,"orthophoto_50cm_2025","Ostlandet"
"NINFP2110013673",0.079821268989573,0.0102462447248399,121800,10,"meta_highrescanopyheight_orthophoto",0.5,"orthophoto_50cm_2025","Ostlandet"
"NINFP1810035758",3.10797264625249,1.43854832649231,4549,2,"meta_highrescanopyheight_orthophoto",0.5,"orthophoto_50cm_2025","Ostlandet"
"NINFP2110045175",0.0321845688662779,0.0103659913875163,14174,2,"meta_highrescanopyheight_orthophoto",0.5,"orthophoto_50cm_2025","Ostlandet"
"NINFP2010056297",4.54091872867955,4.50800466537476,26919,5,"meta_highrescanopyheight_orthophoto",0.5,"orthophoto_50cm_2025","Ostlandet"
"NINFP1810024449",9.61603323185099,9.89560270309448,8782,2,"meta_highrescanopyheight_orthophoto",0.5,"orthophoto_50cm_2025","Ostlandet"
"NINFP2510193208",5.68654662427512,5.64478921890259,45409,5,"meta_highrescanopyheight_orthophoto",0.5,"orthophoto_50cm_2025","Ostlandet"
"NINFP1810023740",3.13648790645779,1.91155445575714,54949,5,"meta_highrescanopyheight_orthophoto",0.5,"orthophoto_50cm_2025","Ostlandet"
"NINFP2510194693",1.82632717804363,0.168809294700623,3083,1,"meta_highrescanopyheight_orthophoto",0.5,"orthophoto_50cm_2025","Ostlandet"
"NINFP2010053499",0.440905974847931,0.0125858271494508,83927,5,"meta_highrescanopyheight_orthophoto",0.5,"orthophoto_50cm_2025","Ostlandet"
"NINFP2010008888",0.190746820857626,0.0135430749505758,33081,4,"meta_highrescanopyheight_orthophoto",0.5,"orthophoto_50cm_2025","Ostlandet"
"NINFP1810010508",3.54811366891586,2.19777035713196,15572,3,"meta_highrescanopyheight_orthophoto",0.5,"orthophoto_50cm_2025","Ostlandet"
"NINFP2310121507",5.62059807223479,5.76102638244629,15995,4,"meta_highrescanopyheight_orthophoto",0.5,"orthophoto_50cm_2025","Ostlandet"
"NINFP2410184172",0.788321961828041,0.0572309419512749,103751,9,"meta_highrescanopyheight_orthophoto",0.5,"orthophoto_50cm_2025","Ostlandet"
"NINFP1910012891",0.499753333280261,0.0104926014319062,23915,4,"meta_highrescanopyheight_orthophoto",0.5,"orthophoto_50cm_2025","Ostlandet"
"NINFP2010041789",2.48281656045963,1.85943782329559,4465,1,"meta_highrescanopyheight_orthophoto",0.5,"orthophoto_50cm_2025","Ostlandet"
"NINFP2510200391",10.1889198533926,10.7709755897522,104780,4,"meta_highrescanopyheight_orthophoto",0.5,"orthophoto_50cm_2025","Ostlandet"
"NINFP2010031913",1.37131434200294,0.0738020911812782,8668,2,"meta_highrescanopyheight_orthophoto",0.5,"orthophoto_50cm_2025","Ostlandet"
"NINFP2110030309",0.670871749532364,0.0164838777855039,6872,2,"meta_highrescanopyheight_orthophoto",0.5,"orthophoto_50cm_2025","Ostlandet"
"NINFP2010009560",0.367705209961026,0.0211048163473606,67045,6,"meta_highrescanopyheight_orthophoto",0.5,"orthophoto_50cm_2025","Ostlandet"
"NINFP1910015661",4.61388374037623,3.38790559768677,6865,2,"meta_highrescanopyheight_orthophoto",0.5,"orthophoto_50cm_2025","Ostlandet"
"NINFP2110014312",2.62032167797145,1.7396388053894,7733,2,"meta_highrescanopyheight_orthophoto",0.5,"orthophoto_50cm_2025","Ostlandet"
"NINFP1910044920",5.00701119923001,5.25958561897278,8288,1,"meta_highrescanopyheight_orthophoto",0.5,"orthophoto_50cm_2025","Ostlandet"
"NINFP2010018882",1.7552103094509,0.0899149551987648,4815,1,"meta_highrescanopyheight_orthophoto",0.5,"orthophoto_50cm_2025","Ostlandet"
"NINFP2110065813",0.571382252278573,0.0101557001471519,26183,8,"meta_highrescanopyheight_orthophoto",0.5,"orthophoto_50cm_2025","Ostlandet"
"NINFP1810035702",7.60133226498798,8.04104948043823,8680,2,"meta_highrescanopyheight_orthophoto",0.5,"orthophoto_50cm_2025","Ostlandet"
"NINFP2410153169",0.718334429836975,0.0108462935313582,459957,17,"meta_highrescanopyheight_orthophoto",0.5,"orthophoto_50cm_2025","Ostlandet"
"NINFP2110011360",2.834988973927,1.7313437461853,27685,2,"meta_highrescanopyheight_orthophoto",0.5,"orthophoto_50cm_2025","Ostlandet"
"NINFP2110051401",8.53472429591214,8.86073684692383,63565,6,"meta_highrescanopyheight_orthophoto",0.5,"orthophoto_50cm_2025","Ostlandet"
"NINFP2010038917",4.13202415908285,3.88975405693054,26107,2,"meta_highrescanopyheight_orthophoto",0.5,"orthophoto_50cm_2025","Ostlandet"
"NINFP2510217660",1.14858357951005,0.160000592470169,6485,1,"meta_highrescanopyheight_orthophoto",0.5,"orthophoto_50cm_2025","Ostlandet"
"NINFP2310141258",4.38684484683478,4.46019124984741,4760,2,"meta_highrescanopyheight_orthophoto",0.5,"orthophoto_50cm_2025","Ostlandet"
"NINFP2110048289",0.119894470621798,0.0149250724352896,4002,1,"meta_highrescanopyheight_orthophoto",0.5,"orthophoto_50cm_2025","Ostlandet"
"NINFP1810030605",2.10457838833185,0.21183930337429,19739,4,"meta_highrescanopyheight_orthophoto",0.5,"orthophoto_50cm_2025","Ostlandet"
"NINFP1810001796",6.0443081154841,6.85818195343018,7665,1,"meta_highrescanopyheight_orthophoto",0.5,"orthophoto_50cm_2025","Ostlandet"
"NINFP2410183565",0.401767402630194,0.0276692118495703,6606,1,"meta_highrescanopyheight_orthophoto",0.5,"orthophoto_50cm_2025","Ostlandet"
"NINFP2510202359",0.143027293105488,0.0106531428173184,6053,1,"meta_highrescanopyheight_orthophoto",0.5,"orthophoto_50cm_2025","Ostlandet"
"NINFP1910043975",3.83400089570202,3.64153373241425,7066,2,"meta_highrescanopyheight_orthophoto",0.5,"orthophoto_50cm_2025","Ostlandet"
"NINFP2210081293",4.68154973836829,4.48315834999084,12848,3,"meta_highrescanopyheight_orthophoto",0.5,"orthophoto_50cm_2025","Ostlandet"
"NINFP2110060479",5.69200457356536,5.2260947227478,5465,2,"meta_highrescanopyheight_orthophoto",0.5,"orthophoto_50cm_2025","Ostlandet"
"NINFP2310142436",0.821177886051405,0.0277810264378786,23477,2,"meta_highrescanopyheight_orthophoto",0.5,"orthophoto_50cm_2025","Ostlandet"
"NINFP1810035649",3.35390311369668,1.81832194328308,4571,2,"meta_highrescanopyheight_orthophoto",0.5,"orthophoto_50cm_2025","Ostlandet"
"NINFP2510190936",3.1071692179228,1.92720890045166,10248,4,"meta_highrescanopyheight_orthophoto",0.5,"orthophoto_50cm_2025","Ostlandet"
"NINFP2410182837",10.3496128637864,11.204167842865,4296,1,"meta_highrescanopyheight_orthophoto",0.5,"orthophoto_50cm_2025","Ostlandet"
"NINFP2010036934",0.160365292559888,0.0102877323515713,443952,26,"meta_highrescanopyheight_orthophoto",0.5,"orthophoto_50cm_2025","Ostlandet"
"NINFP1910023964",5.67054653072419,5.04273843765259,2357,2,"meta_highrescanopyheight_orthophoto",0.5,"orthophoto_50cm_2025","Ostlandet"
"NINFP1810039169",2.32807681207716,0.835623204708099,18309,4,"meta_highrescanopyheight_orthophoto",0.5,"orthophoto_50cm_2025","Ostlandet"
"NINFP2110012124",5.08478559215106,5.41884422302246,10000,2,"meta_highrescanopyheight_orthophoto",0.5,"orthophoto_50cm_2025","Ostlandet"
"NINFP1910034607",1.47039459705139,0.344278454780579,8010,1,"meta_highrescanopyheight_orthophoto",0.5,"orthophoto_50cm_2025","Ostlandet"
"NINFP2510215418",2.08075414977693,0.562473148107529,24762,5,"meta_highrescanopyheight_orthophoto",0.5,"orthophoto_50cm_2025","Ostlandet"
"NINFP1910022564",8.8028816488071,9.31591892242432,10245,4,"meta_highrescanopyheight_orthophoto",0.5,"orthophoto_50cm_2025","Ostlandet"
"NINFP1810038235",3.95958608216136,1.71296095848083,29376,4,"meta_highrescanopyheight_orthophoto",0.5,"orthophoto_50cm_2025","Ostlandet"
"NINFP1810026087",1.33396969642744,0.0494159702211618,13186,4,"meta_highrescanopyheight_orthophoto",0.5,"orthophoto_50cm_2025","Ostlandet"
"NINFP2310127348",0.0451384773842462,0.0114044416695833,1354,1,"meta_highrescanopyheight_orthophoto",0.5,"orthophoto_50cm_2025","Ostlandet"
"NINFP1810034845",4.19702571287746,3.93484258651733,8914,1,"meta_highrescanopyheight_orthophoto",0.5,"orthophoto_50cm_2025","Ostlandet"
"NINFP1910019608",2.81750106327403,1.21102768182755,15600,3,"meta_highrescanopyheight_orthophoto",0.5,"orthophoto_50cm_2025","Ostlandet"
"NINFP1910053386",0.0200266884188038,0.010204341262579,7503,3,"meta_highrescanopyheight_orthophoto",0.5,"orthophoto_50cm_2025","Ostlandet"
"NINFP1810043076",0.910382518501225,0.10447046905756,23001,4,"meta_highrescanopyheight_orthophoto",0.5,"orthophoto_50cm_2025","Ostlandet"
"NINFP2210095885",0.258699534672627,0.0157015649601817,20850,3,"meta_highrescanopyheight_orthophoto",0.5,"orthophoto_50cm_2025","Ostlandet"
"NINFP2210097921",0.289279111581473,0.0113957240246236,64372,6,"meta_highrescanopyheight_orthophoto",0.5,"orthophoto_50cm_2025","Ostlandet"
"NINFP1810012625",5.01590024576827,4.48437571525574,10944,3,"meta_highrescanopyheight_orthophoto",0.5,"orthophoto_50cm_2025","Ostlandet"
"NINFP2110029445",0.338318209945787,0.0106823155656457,4040,2,"meta_highrescanopyheight_orthophoto",0.5,"orthophoto_50cm_2025","Ostlandet"
"NINFP2510217563",6.47276192027063,6.91726112365723,26612,4,"meta_highrescanopyheight_orthophoto",0.5,"orthophoto_50cm_2025","Ostlandet"
"NINFP2110029107",0.212268773877681,0.0103210229426622,61927,11,"meta_highrescanopyheight_orthophoto",0.5,"orthophoto_50cm_2025","Ostlandet"
"NINFP2010002600",1.83916328835071,0.160084441304207,11784,2,"meta_highrescanopyheight_orthophoto",0.5,"orthophoto_50cm_2025","Ostlandet"
"NINFP2110041108",1.88841673255508,0.699180632829666,6454,1,"meta_highrescanopyheight_orthophoto",0.5,"orthophoto_50cm_2025","Ostlandet"
"NINFP2510219329",0.739960597524147,0.0482244268059731,25848,4,"meta_highrescanopyheight_orthophoto",0.5,"orthophoto_50cm_2025","Ostlandet"
"NINFP1810024601",3.79291050756621,2.03017568588257,35783,4,"meta_highrescanopyheight_orthophoto",0.5,"orthophoto_50cm_2025","Ostlandet"
"NINFP2410183155",0.943684730579125,0.179003119468689,55503,4,"meta_highrescanopyheight_orthophoto",0.5,"orthophoto_50cm_2025","Ostlandet"
"NINFP2510215488",5.16878210036166,5.3804087638855,34352,4,"meta_highrescanopyheight_orthophoto",0.5,"orthophoto_50cm_2025","Ostlandet"
"NINFP2510191143",3.14204190690536,2.15360820293427,48004,7,"meta_highrescanopyheight_orthophoto",0.5,"orthophoto_50cm_2025","Ostlandet"
"NINFP2010053230",6.22901429958095,7.46757507324219,6959,1,"meta_highrescanopyheight_orthophoto",0.5,"orthophoto_50cm_2025","Ostlandet"
"NINFP2110032644",0.0120838944481219,0.0100344410166144,525020,21,"meta_highrescanopyheight_orthophoto",0.5,"orthophoto_50cm_2025","Ostlandet"
"NINFP1810021466",2.74493193442881,2.15542900562286,20246,4,"meta_highrescanopyheight_orthophoto",0.5,"orthophoto_50cm_2025","Ostlandet"
"NINFP2510211381",3.24882075759603,2.4704874753952,8102,2,"meta_highrescanopyheight_orthophoto",0.5,"orthophoto_50cm_2025","Ostlandet"
"NINFP1810042199",6.6781774898781,7.43990802764893,20886,4,"meta_highrescanopyheight_orthophoto",0.5,"orthophoto_50cm_2025","Ostlandet"
"NINFP2010007532",3.58144046809855,3.05967128276825,7490,3,"meta_highrescanopyheight_orthophoto",0.5,"orthophoto_50cm_2025","Ostlandet"
"NINFP2110015741",3.97706272028875,3.79578590393066,34898,3,"meta_highrescanopyheight_orthophoto",0.5,"orthophoto_50cm_2025","Ostlandet"
"NINFP2510187497",3.75821934060694,3.01548266410828,19517,1,"meta_highrescanopyheight_orthophoto",0.5,"orthophoto_50cm_2025","Ostlandet"
"NINFP2510188154",0.911210646770757,0.0135642732493579,6716,2,"meta_highrescanopyheight_orthophoto",0.5,"orthophoto_50cm_2025","Ostlandet"
"NINFP2210076135",3.89172563250513,2.19379949569702,8743,2,"meta_highrescanopyheight_orthophoto",0.5,"orthophoto_50cm_2025","Ostlandet"
"NINFP2310141257",4.70115579641775,4.11892604827881,23888,4,"meta_highrescanopyheight_orthophoto",0.5,"orthophoto_50cm_2025","Ostlandet"
"NINFP2510212766",4.90674921837002,3.58494520187378,4431,2,"meta_highrescanopyheight_orthophoto",0.5,"orthophoto_50cm_2025","Ostlandet"
"NINFP1910035094",0.33235035688372,0.0133209377527237,19007,4,"meta_highrescanopyheight_orthophoto",0.5,"orthophoto_50cm_2025","Ostlandet"
"NINFP2110011156",6.30553717731056,6.6526083946228,8061,2,"meta_highrescanopyheight_orthophoto",0.5,"orthophoto_50cm_2025","Ostlandet"
"NINFP2110017928",1.78816737386027,0.420612141489983,1976,2,"meta_highrescanopyheight_orthophoto",0.5,"orthophoto_50cm_2025","Ostlandet"
"NINFP1810038239",2.73985630106311,1.76909184455872,21003,4,"meta_highrescanopyheight_orthophoto",0.5,"orthophoto_50cm_2025","Ostlandet"
"NINFP1810011102",2.60385786601496,0.246594429016113,10715,2,"meta_highrescanopyheight_orthophoto",0.5,"orthophoto_50cm_2025","Ostlandet"
"NINFP2310138919",6.75475357578639,7.08213257789612,32644,3,"meta_highrescanopyheight_orthophoto",0.5,"orthophoto_50cm_2025","Ostlandet"
"NINFP2110039430",4.60826112859135,4.61798882484436,8600,2,"meta_highrescanopyheight_orthophoto",0.5,"orthophoto_50cm_2025","Ostlandet"
"NINFP2410169765",1.26621862512778,0.473582729697227,4150,1,"meta_highrescanopyheight_orthophoto",0.5,"orthophoto_50cm_2025","Ostlandet"
"NINFP1910018042",0.758323651295043,0.106411084532738,17170,4,"meta_highrescanopyheight_orthophoto",0.5,"orthophoto_50cm_2025","Ostlandet"
"NINFP1810023145",6.89048122735336,7.04654669761658,5308,2,"meta_highrescanopyheight_orthophoto",0.5,"orthophoto_50cm_2025","Ostlandet"
"NINFP2010027024",0.0104942694119722,0.0100888144224882,22603,4,"meta_highrescanopyheight_orthophoto",0.5,"orthophoto_50cm_2025","Ostlandet"
"NINFP1810045060",0.708992364037924,0.0205854149535298,19360,4,"meta_highrescanopyheight_orthophoto",0.5,"orthophoto_50cm_2025","Ostlandet"
"NINFP1910053404",4.18095004324897,0.748008251190186,7967,1,"meta_highrescanopyheight_orthophoto",0.5,"orthophoto_50cm_2025","Ostlandet"
"NINFP2510188046",5.75942513753515,4.5113844871521,10623,2,"meta_highrescanopyheight_orthophoto",0.5,"orthophoto_50cm_2025","Ostlandet"
"NINFP2210098400",1.31308654130441,0.423837184906006,4289,2,"meta_highrescanopyheight_orthophoto",0.5,"orthophoto_50cm_2025","Ostlandet"
"NINFP2310121853",4.84710910932778,5.1244170665741,9670,2,"meta_highrescanopyheight_orthophoto",0.5,"orthophoto_50cm_2025","Ostlandet"
"NINFP1910030649",1.28135816970083,0.227862015366554,13445,4,"meta_highrescanopyheight_orthophoto",0.5,"orthophoto_50cm_2025","Ostlandet"
"NINFP1810046345",4.18511371343798,2.96224057674408,32570,4,"meta_highrescanopyheight_orthophoto",0.5,"orthophoto_50cm_2025","Ostlandet"
"NINFP2010034118",9.038284300243,9.3360652923584,4043,1,"meta_highrescanopyheight_orthophoto",0.5,"orthophoto_50cm_2025","Ostlandet"
"NINFP1910031943",3.60556532861781,1.18753719329834,5213,3,"meta_highrescanopyheight_orthophoto",0.5,"orthophoto_50cm_2025","Ostlandet"
"NINFP2510208602",10.1707258744747,10.383207321167,4304,2,"meta_highrescanopyheight_orthophoto",0.5,"orthophoto_50cm_2025","Ostlandet"
"NINFP2110050278",7.56209081575833,7.10548710823059,11470,1,"meta_highrescanopyheight_orthophoto",0.5,"orthophoto_50cm_2025","Ostlandet"
"NINFP2110047842",1.51645996140795,0.39118829369545,8348,2,"meta_highrescanopyheight_orthophoto",0.5,"orthophoto_50cm_2025","Ostlandet"
"NINFP2010036786",0.0116499797022487,0.0100402892567217,51686,6,"meta_highrescanopyheight_orthophoto",0.5,"orthophoto_50cm_2025","Ostlandet"
"NINFP2310122124",4.99078721028375,5.14119029045105,4088,2,"meta_highrescanopyheight_orthophoto",0.5,"orthophoto_50cm_2025","Ostlandet"
"NINFP2510196348",0.674683668108769,0.022586639970541,128719,6,"meta_highrescanopyheight_orthophoto",0.5,"orthophoto_50cm_2025","Ostlandet"
"NINFP2410183587",0.568576830344369,0.0126259019598365,5741,1,"meta_highrescanopyheight_orthophoto",0.5,"orthophoto_50cm_2025","Ostlandet"
"NINFP2510212719",3.5932735920456,2.71819806098938,31291,3,"meta_highrescanopyheight_orthophoto",0.5,"orthophoto_50cm_2025","Ostlandet"
"NINFP2410182719",4.25840531943361,3.90131735801697,17342,3,"meta_highrescanopyheight_orthophoto",0.5,"orthophoto_50cm_2025","Ostlandet"
"NINFP2210105627",4.55027353691468,4.13177943229675,59818,4,"meta_highrescanopyheight_orthophoto",0.5,"orthophoto_50cm_2025","Ostlandet"
"NINFP2510204384",0.666586640187169,0.0210675578564405,27559,2,"meta_highrescanopyheight_orthophoto",0.5,"orthophoto_50cm_2025","Ostlandet"
"NINFP1810023282",0.062522616972893,0.0101891923695803,179177,9,"meta_highrescanopyheight_orthophoto",0.5,"orthophoto_50cm_2025","Ostlandet"
"NINFP2110015285",0.0322024641678349,0.0108368312940001,18048,3,"meta_highrescanopyheight_orthophoto",0.5,"orthophoto_50cm_2025","Ostlandet"
"NINFP1810042983",4.32540880981021,4.2973518371582,15598,3,"meta_highrescanopyheight_orthophoto",0.5,"orthophoto_50cm_2025","Ostlandet"
"NINFP1810019529",4.05621365949421,3.48170495033264,6838,2,"meta_highrescanopyheight_orthophoto",0.5,"orthophoto_50cm_2025","Ostlandet"
"NINFP2410179736",5.73516345028719,5.68629360198975,29049,3,"meta_highrescanopyheight_orthophoto",0.5,"orthophoto_50cm_2025","Ostlandet"
"NINFP2310127250",0.612428645906606,0.0133920470252633,28826,4,"meta_highrescanopyheight_orthophoto",0.5,"orthophoto_50cm_2025","Ostlandet"
"NINFP2010006728",3.70161434764276,3.43954336643219,13082,3,"meta_highrescanopyheight_orthophoto",0.5,"orthophoto_50cm_2025","Ostlandet"
"NINFP2110037128",5.69981612346131,6.12009048461914,7159,2,"meta_highrescanopyheight_orthophoto",0.5,"orthophoto_50cm_2025","Ostlandet"
"NINFP2310128667",0.577831205977533,0.0109491492621601,5324,1,"meta_highrescanopyheight_orthophoto",0.5,"orthophoto_50cm_2025","Ostlandet"
"NINFP2510188588",0.733065738698075,0.0325266811996698,22876,2,"meta_highrescanopyheight_orthophoto",0.5,"orthophoto_50cm_2025","Ostlandet"
"NINFP2210097264",1.85460436899299,0.689560174942017,35453,4,"meta_highrescanopyheight_orthophoto",0.5,"orthophoto_50cm_2025","Ostlandet"
"NINFP1810029126",0.0366033872870139,0.010229573585093,1154665,41,"meta_highrescanopyheight_orthophoto",0.5,"orthophoto_50cm_2025","Ostlandet"
"NINFP1910015666",10.3940376879875,10.8859081268311,50334,7,"meta_highrescanopyheight_orthophoto",0.5,"orthophoto_50cm_2025","Ostlandet"
"NINFP2410171382",0.0115776699179248,0.0104754753410816,1825,3,"meta_highrescanopyheight_orthophoto",0.5,"orthophoto_50cm_2025","Ostlandet"
"NINFP2110023950",0.0977717515163451,0.0101950401440263,1729519,52,"meta_highrescanopyheight_orthophoto",0.5,"orthophoto_50cm_2025","Ostlandet"
"NINFP2510215857",2.65146672103553,1.7839287519455,8266,2,"meta_highrescanopyheight_orthophoto",0.5,"orthophoto_50cm_2025","Ostlandet"
"NINFP2410169604",1.19903195155071,0.165014833211899,20181,2,"meta_highrescanopyheight_orthophoto",0.5,"orthophoto_50cm_2025","Ostlandet"
"NINFP2110059761",1.02108362986273,0.228877633810043,48389,5,"meta_highrescanopyheight_orthophoto",0.5,"orthophoto_50cm_2025","Ostlandet"
"NINFP2110024522",0.0702257739305484,0.0102293500676751,93610,6,"meta_highrescanopyheight_orthophoto",0.5,"orthophoto_50cm_2025","Ostlandet"
"NINFP1810032561",6.67290640510425,7.2065749168396,7784,4,"meta_highrescanopyheight_orthophoto",0.5,"orthophoto_50cm_2025","Ostlandet"
"NINFP2510208419",4.77554133673565,5.16947793960571,61063,5,"meta_highrescanopyheight_orthophoto",0.5,"orthophoto_50cm_2025","Ostlandet"
"NINFP2110057354",0.580835282247965,0.12151974439621,14495,4,"meta_highrescanopyheight_orthophoto",0.5,"orthophoto_50cm_2025","Ostlandet"
"NINFP2010038024",2.6739502367056,1.77860271930695,4009,3,"meta_highrescanopyheight_orthophoto",0.5,"orthophoto_50cm_2025","Ostlandet"
"NINFP2210108464",0.403904557227376,0.0104757128283381,9148,4,"meta_highrescanopyheight_orthophoto",0.5,"orthophoto_50cm_2025","Ostlandet"
"NINFP2410151175",0.981327744369252,0.0519426204264164,35461,3,"meta_highrescanopyheight_orthophoto",0.5,"orthophoto_50cm_2025","Ostlandet"
"NINFP2110023377",0.0280776928489596,0.0101688150316477,9861,1,"meta_highrescanopyheight_orthophoto",0.5,"orthophoto_50cm_2025","Ostlandet"
"NINFP1810021314",7.39749522317308,7.5507984161377,5148,1,"meta_highrescanopyheight_orthophoto",0.5,"orthophoto_50cm_2025","Ostlandet"
"NINFP1810040036",3.09258441436156,1.21315968036652,27442,4,"meta_highrescanopyheight_orthophoto",0.5,"orthophoto_50cm_2025","Ostlandet"
"NINFP1810029117",0.15096848911141,0.010360992513597,78465,4,"meta_highrescanopyheight_orthophoto",0.5,"orthophoto_50cm_2025","Ostlandet"
"NINFP2010003371",3.00530474707197,0.247740603983402,5894,2,"meta_highrescanopyheight_orthophoto",0.5,"orthophoto_50cm_2025","Ostlandet"
"NINFP2410170895",1.48749107173826,0.0150172500871122,20248,3,"meta_highrescanopyheight_orthophoto",0.5,"orthophoto_50cm_2025","Ostlandet"
"NINFP2210078940",7.08042079367271,7.22820019721985,14252,2,"meta_highrescanopyheight_orthophoto",0.5,"orthophoto_50cm_2025","Ostlandet"
"NINFP1910001362",8.64704953432083,8.71200323104858,80,1,"meta_highrescanopyheight_orthophoto",0.5,"orthophoto_50cm_2025","Ostlandet"
"NINFP1910045311",5.29556974314945,4.93438053131104,9035,3,"meta_highrescanopyheight_orthophoto",0.5,"orthophoto_50cm_2025","Ostlandet"
"NINFP2310125418",2.24081033011225,0.650519609451294,16277,2,"meta_highrescanopyheight_orthophoto",0.5,"orthophoto_50cm_2025","Ostlandet"
"NINFP2110011005",3.8653200645375,3.18859195709229,14522,2,"meta_highrescanopyheight_orthophoto",0.5,"orthophoto_50cm_2025","Ostlandet"
"NINFP2510210135",0.458939039922722,0.0195139748975635,33660,2,"meta_highrescanopyheight_orthophoto",0.5,"orthophoto_50cm_2025","Ostlandet"
"NINFP2510185113",3.43142182501408,2.45971059799194,9374,2,"meta_highrescanopyheight_orthophoto",0.5,"orthophoto_50cm_2025","Ostlandet"
"NINFP2010002553",2.35242671965273,0.3742635846138,77307,7,"meta_highrescanopyheight_orthophoto",0.5,"orthophoto_50cm_2025","Ostlandet"
"NINFP2210097764",0.146356671263348,0.0119286915287375,1549,4,"meta_highrescanopyheight_orthophoto",0.5,"orthophoto_50cm_2025","Ostlandet"
"NINFP1810015534",5.22841556302141,5.38172817230225,4799,2,"meta_highrescanopyheight_orthophoto",0.5,"orthophoto_50cm_2025","Ostlandet"
"NINFP1810042551",0.447585502096118,0.0124192032963037,10047,2,"meta_highrescanopyheight_orthophoto",0.5,"orthophoto_50cm_2025","Ostlandet"
"NINFP2210100803",0.0672183813747323,0.0111636887304485,8996,4,"meta_highrescanopyheight_orthophoto",0.5,"orthophoto_50cm_2025","Ostlandet"
"NINFP1810025870",1.23439239661875,0.135484918951988,11751,2,"meta_highrescanopyheight_orthophoto",0.5,"orthophoto_50cm_2025","Ostlandet"
"NINFP2210102797",6.40316635149096,6.53024339675903,10612,2,"meta_highrescanopyheight_orthophoto",0.5,"orthophoto_50cm_2025","Ostlandet"
"NINFP1810033900",6.90966662600889,7.05908870697021,38350,4,"meta_highrescanopyheight_orthophoto",0.5,"orthophoto_50cm_2025","Ostlandet"
"NINFP1810006034",9.670346041739,10.0612297058105,51655,5,"meta_highrescanopyheight_orthophoto",0.5,"orthophoto_50cm_2025","Ostlandet"
"NINFP1810031740",3.14395489307336,1.95899111032486,91420,7,"meta_highrescanopyheight_orthophoto",0.5,"orthophoto_50cm_2025","Ostlandet"
"NINFP2110015934",3.68178440854354,3.37209796905518,10549,2,"meta_highrescanopyheight_orthophoto",0.5,"orthophoto_50cm_2025","Ostlandet"
"NINFP2510208275",0.0122300870502079,0.0100973304361105,34128,5,"meta_highrescanopyheight_orthophoto",0.5,"orthophoto_50cm_2025","Ostlandet"
"NINFP2410149483",6.18445173374518,6.06827878952026,5902,4,"meta_highrescanopyheight_orthophoto",0.5,"orthophoto_50cm_2025","Ostlandet"
"NINFP2010019538",0.358563288698323,0.0193564426153898,24447,6,"meta_highrescanopyheight_orthophoto",0.5,"orthophoto_50cm_2025","Ostlandet"
"NINFP2410178341",6.74502949712015,7.57085990905762,8788,2,"meta_highrescanopyheight_orthophoto",0.5,"orthophoto_50cm_2025","Ostlandet"
"NINFP2010005965",1.12071248758363,0.104960005730391,84074,5,"meta_highrescanopyheight_orthophoto",0.5,"orthophoto_50cm_2025","Ostlandet"
"NINFP2310135345",0.0955442555078512,0.0108985546976328,35989,4,"meta_highrescanopyheight_orthophoto",0.5,"orthophoto_50cm_2025","Ostlandet"
"NINFP2410183528",4.97835591600201,5.38261699676514,11100,1,"meta_highrescanopyheight_orthophoto",0.5,"orthophoto_50cm_2025","Ostlandet"
"NINFP1910012502",0.0244679545014628,0.0101617490872741,5086,1,"meta_highrescanopyheight_orthophoto",0.5,"orthophoto_50cm_2025","Ostlandet"
"NINFP1810025873",1.10723356779261,0.20211137086153,2852,4,"meta_highrescanopyheight_orthophoto",0.5,"orthophoto_50cm_2025","Ostlandet"
"NINFP2010036644",2.85641750667541,1.56538009643555,15140,3,"meta_highrescanopyheight_orthophoto",0.5,"orthophoto_50cm_2025","Ostlandet"
"NINFP2510189132",2.34767387753842,0.931297659873962,11085,1,"meta_highrescanopyheight_orthophoto",0.5,"orthophoto_50cm_2025","Ostlandet"
"NINFP1910016436",7.11878823283376,7.5173544883728,14874,2,"meta_highrescanopyheight_orthophoto",0.5,"orthophoto_50cm_2025","Ostlandet"
"NINFP2510196643",0.527375871763464,0.0145989041775465,140670,9,"meta_highrescanopyheight_orthophoto",0.5,"orthophoto_50cm_2025","Ostlandet"
"NINFP1910012691",4.43607236346082,2.69516348838806,18169,3,"meta_highrescanopyheight_orthophoto",0.5,"orthophoto_50cm_2025","Ostlandet"
"NINFP2210075400",5.76551559876192,5.98420643806458,9204,4,"meta_highrescanopyheight_orthophoto",0.5,"orthophoto_50cm_2025","Ostlandet"
"NINFP2310140301",4.69505578989032,4.8312873840332,13508,3,"meta_highrescanopyheight_orthophoto",0.5,"orthophoto_50cm_2025","Ostlandet"
"NINFP2110024518",0.050418727465813,0.0101021090522408,43978,4,"meta_highrescanopyheight_orthophoto",0.5,"orthophoto_50cm_2025","Ostlandet"
"NINFP2410183589",4.84755142835551,4.89380717277527,67172,6,"meta_highrescanopyheight_orthophoto",0.5,"orthophoto_50cm_2025","Ostlandet"
"NINFP2410162939",4.04806091961899,2.77188444137573,8773,2,"meta_highrescanopyheight_orthophoto",0.5,"orthophoto_50cm_2025","Ostlandet"
"NINFP2510214803",4.33587901297091,4.16891050338745,20224,2,"meta_highrescanopyheight_orthophoto",0.5,"orthophoto_50cm_2025","Ostlandet"
"NINFP1810027500",0.241625060719402,0.0113287502899766,84668,7,"meta_highrescanopyheight_orthophoto",0.5,"orthophoto_50cm_2025","Ostlandet"
"NINFP1910035624",3.39086913463232,2.74128746986389,8348,2,"meta_highrescanopyheight_orthophoto",0.5,"orthophoto_50cm_2025","Ostlandet"
"NINFP1910061392",0.303841021350762,0.0110887922346592,11437,3,"meta_highrescanopyheight_orthophoto",0.5,"orthophoto_50cm_2025","Ostlandet"
"NINFP1910040084",6.61703596978877,7.14947772026062,19204,5,"meta_highrescanopyheight_orthophoto",0.5,"orthophoto_50cm_2025","Ostlandet"
"NINFP2110048867",3.66414001507015,1.99906241893768,46085,5,"meta_highrescanopyheight_orthophoto",0.5,"orthophoto_50cm_2025","Ostlandet"
"NINFP2110038884",0.0335882494528075,0.0101981358602643,48889,4,"meta_highrescanopyheight_orthophoto",0.5,"orthophoto_50cm_2025","Ostlandet"
"NINFP2010012307",11.0153191505045,11.5659241676331,27690,3,"meta_highrescanopyheight_orthophoto",0.5,"orthophoto_50cm_2025","Ostlandet"
"NINFP2510196637",3.9423117988775,2.92773747444153,43925,4,"meta_highrescanopyheight_orthophoto",0.5,"orthophoto_50cm_2025","Ostlandet"
"NINFP1810042773",1.62784699833016,0.130422711372375,69762,5,"meta_highrescanopyheight_orthophoto",0.5,"orthophoto_50cm_2025","Ostlandet"
"NINFP2210085660",3.42883779864544,2.76992964744568,17536,4,"meta_highrescanopyheight_orthophoto",0.5,"orthophoto_50cm_2025","Ostlandet"
"NINFP2510213584",0.162132480647707,0.0118569978512824,25500,2,"meta_highrescanopyheight_orthophoto",0.5,"orthophoto_50cm_2025","Ostlandet"
"NINFP2010027258",0.031977437638847,0.0101428739726543,24491,4,"meta_highrescanopyheight_orthophoto",0.5,"orthophoto_50cm_2025","Ostlandet"
"NINFP2310126306",0.267837957002336,0.0109898117370903,1768,1,"meta_highrescanopyheight_orthophoto",0.5,"orthophoto_50cm_2025","Ostlandet"
"NINFP1910029366",2.41495373311377,1.53585648536682,28805,4,"meta_highrescanopyheight_orthophoto",0.5,"orthophoto_50cm_2025","Ostlandet"
"NINFP1810029104",1.86499334150178,0.214483678340912,39782,3,"meta_highrescanopyheight_orthophoto",0.5,"orthophoto_50cm_2025","Ostlandet"
"NINFP2510212126",3.24941893980637,2.58269274234772,55062,2,"meta_highrescanopyheight_orthophoto",0.5,"orthophoto_50cm_2025","Ostlandet"
"NINFP2310133769",6.61164289884778,7.23535919189453,7959,2,"meta_highrescanopyheight_orthophoto",0.5,"orthophoto_50cm_2025","Ostlandet"
"NINFP2510219516",0.0192139217658825,0.0103644598275423,23739,3,"meta_highrescanopyheight_orthophoto",0.5,"orthophoto_50cm_2025","Ostlandet"
"NINFP2010022974",0.420196933538829,0.010773004963994,9236,3,"meta_highrescanopyheight_orthophoto",0.5,"orthophoto_50cm_2025","Ostlandet"
"NINFP2210078792",4.88498025368421,5.10154151916504,78,1,"meta_highrescanopyheight_orthophoto",0.5,"orthophoto_50cm_2025","Ostlandet"
"NINFP2110045060",0.471715853640062,0.0342393312603235,18622,4,"meta_highrescanopyheight_orthophoto",0.5,"orthophoto_50cm_2025","Ostlandet"
"NINFP1810013409",3.13468221167518,1.53495740890503,9919,2,"meta_highrescanopyheight_orthophoto",0.5,"orthophoto_50cm_2025","Ostlandet"
"NINFP1910000342",7.8880979713272,8.58724212646484,27285,4,"meta_highrescanopyheight_orthophoto",0.5,"orthophoto_50cm_2025","Ostlandet"
"NINFP2110039576",1.62541425123785,0.295671552419662,7907,2,"meta_highrescanopyheight_orthophoto",0.5,"orthophoto_50cm_2025","Ostlandet"
"NINFP2510196891",0.475281729185062,0.0175979919731617,26189,3,"meta_highrescanopyheight_orthophoto",0.5,"orthophoto_50cm_2025","Ostlandet"
"NINFP2310139967",2.7561133139264,0.948832988739014,17041,3,"meta_highrescanopyheight_orthophoto",0.5,"orthophoto_50cm_2025","Ostlandet"
"NINFP1810023844",0.11435607086565,0.0106218969449401,120053,7,"meta_highrescanopyheight_orthophoto",0.5,"orthophoto_50cm_2025","Ostlandet"
"NINFP1810030064",3.63284484382856,2.85859823226929,34675,5,"meta_highrescanopyheight_orthophoto",0.5,"orthophoto_50cm_2025","Ostlandet"
"NINFP2110017979",1.06502576131158,0.116089969873428,10436,2,"meta_highrescanopyheight_orthophoto",0.5,"orthophoto_50cm_2025","Ostlandet"
"NINFP2110011490",0.065708864015896,0.0127099687233567,5014,2,"meta_highrescanopyheight_orthophoto",0.5,"orthophoto_50cm_2025","Ostlandet"
"NINFP2410161416",0.940021205763301,0.0829039514064789,99031,6,"meta_highrescanopyheight_orthophoto",0.5,"orthophoto_50cm_2025","Ostlandet"
"NINFP1810028090",0.14764573486925,0.0109475338831544,122081,12,"meta_highrescanopyheight_orthophoto",0.5,"orthophoto_50cm_2025","Ostlandet"
"NINFP2510193499",0.231028817612843,0.0119202611967921,2478,2,"meta_highrescanopyheight_orthophoto",0.5,"orthophoto_50cm_2025","Ostlandet"
"NINFP1810046508",3.75747823558697,2.12215781211853,5910,4,"meta_highrescanopyheight_orthophoto",0.5,"orthophoto_50cm_2025","Ostlandet"
"NINFP2010005074",0.587556440641519,0.196727380156517,5480,1,"meta_highrescanopyheight_orthophoto",0.5,"orthophoto_50cm_2025","Ostlandet"
"NINFP2110055068",3.28691263614435,2.31171369552612,32629,5,"meta_highrescanopyheight_orthophoto",0.5,"orthophoto_50cm_2025","Ostlandet"
"NINFP2010040123",1.6366161327513,0.0343880597501993,17008,4,"meta_highrescanopyheight_orthophoto",0.5,"orthophoto_50cm_2025","Ostlandet"
"NINFP2510198368",0.514172329366894,0.0168162677437067,12436,1,"meta_highrescanopyheight_orthophoto",0.5,"orthophoto_50cm_2025","Ostlandet"
"NINFP2010053012",3.46123787473358,1.68478840589523,171346,6,"meta_highrescanopyheight_orthophoto",0.5,"orthophoto_50cm_2025","Ostlandet"
"NINFP1810045199",2.1874287839307,0.830756932497025,15440,2,"meta_highrescanopyheight_orthophoto",0.5,"orthophoto_50cm_2025","Ostlandet"
"NINFP2010048701",0.0765207879031057,0.0106153078377247,6069,2,"meta_highrescanopyheight_orthophoto",0.5,"orthophoto_50cm_2025","Ostlandet"
"NINFP2010052947",2.25257319286794,0.410251975059509,26879,4,"meta_highrescanopyheight_orthophoto",0.5,"orthophoto_50cm_2025","Ostlandet"
"NINFP2410182297",5.16659119247309,4.83151245117188,8077,2,"meta_highrescanopyheight_orthophoto",0.5,"orthophoto_50cm_2025","Ostlandet"
"NINFP1910008975",3.55138811832713,2.09519505500793,4021,3,"meta_highrescanopyheight_orthophoto",0.5,"orthophoto_50cm_2025","Ostlandet"
"NINFP2010012441",3.30358840779353,1.8203547000885,74400,7,"meta_highrescanopyheight_orthophoto",0.5,"orthophoto_50cm_2025","Ostlandet"
"NINFP1810042138",2.58258708580475,1.8943949341774,14108,4,"meta_highrescanopyheight_orthophoto",0.5,"orthophoto_50cm_2025","Ostlandet"
"NINFP2510208267",0.0171463971987813,0.0100747812539339,41565,2,"meta_highrescanopyheight_orthophoto",0.5,"orthophoto_50cm_2025","Ostlandet"
"NINFP1810026722",3.21456446391266,1.39078617095947,6615,2,"meta_highrescanopyheight_orthophoto",0.5,"orthophoto_50cm_2025","Ostlandet"
"NINFP2110037125",0.552684870206603,0.0102438516914845,3794,1,"meta_highrescanopyheight_orthophoto",0.5,"orthophoto_50cm_2025","Ostlandet"
"NINFP2210091565",0.171737885676138,0.0121008930727839,14456,4,"meta_highrescanopyheight_orthophoto",0.5,"orthophoto_50cm_2025","Ostlandet"
"NINFP2310119007",1.90657711377372,0.881452739238739,8140,2,"meta_highrescanopyheight_orthophoto",0.5,"orthophoto_50cm_2025","Ostlandet"
"NINFP2510195931",8.13201982624936,8.45191669464111,11518,2,"meta_highrescanopyheight_orthophoto",0.5,"orthophoto_50cm_2025","Ostlandet"
"NINFP2210076569",2.58582038017284,1.76940810680389,36787,3,"meta_highrescanopyheight_orthophoto",0.5,"orthophoto_50cm_2025","Ostlandet"
"NINFP2110056636",0.16688893554271,0.0134142604656518,9192,2,"meta_highrescanopyheight_orthophoto",0.5,"orthophoto_50cm_2025","Ostlandet"
"NINFP2510216540",6.31775367353664,6.70687460899353,52604,3,"meta_highrescanopyheight_orthophoto",0.5,"orthophoto_50cm_2025","Ostlandet"
"NINFP1910007542",2.55137820336976,0.787681698799133,6488,2,"meta_highrescanopyheight_orthophoto",0.5,"orthophoto_50cm_2025","Ostlandet"
"NINFP2110014316",4.30928668340125,3.64773869514465,6512,2,"meta_highrescanopyheight_orthophoto",0.5,"orthophoto_50cm_2025","Ostlandet"
"NINFP1910031183",1.50037961153125,0.0142365042120218,9909,3,"meta_highrescanopyheight_orthophoto",0.5,"orthophoto_50cm_2025","Ostlandet"
"NINFP2410164346",3.20985821661192,2.09835636615753,4328,2,"meta_highrescanopyheight_orthophoto",0.5,"orthophoto_50cm_2025","Ostlandet"
"NINFP1910022567",0.561107480447185,0.016126774251461,57221,4,"meta_highrescanopyheight_orthophoto",0.5,"orthophoto_50cm_2025","Ostlandet"
"NINFP2110043291",4.04964805214827,2.43612110614777,33722,4,"meta_highrescanopyheight_orthophoto",0.5,"orthophoto_50cm_2025","Ostlandet"
"NINFP1810009178",4.93027828447814,3.17552244663239,33614,4,"meta_highrescanopyheight_orthophoto",0.5,"orthophoto_50cm_2025","Ostlandet"
"NINFP1910033230",6.73038061696677,7.34698295593262,12821,2,"meta_highrescanopyheight_orthophoto",0.5,"orthophoto_50cm_2025","Ostlandet"
"NINFP2310136510",6.91710834699065,6.94896507263184,30383,4,"meta_highrescanopyheight_orthophoto",0.5,"orthophoto_50cm_2025","Ostlandet"
"NINFP2210096003",1.44665683335318,0.279366180300713,15104,4,"meta_highrescanopyheight_orthophoto",0.5,"orthophoto_50cm_2025","Ostlandet"
"NINFP2210083587",0.0100769885699125,0.0100656161084771,8310,1,"meta_highrescanopyheight_orthophoto",0.5,"orthophoto_50cm_2025","Ostlandet"
"NINFP2510196531",0.0107675528105469,0.0100330021232367,204935,12,"meta_highrescanopyheight_orthophoto",0.5,"orthophoto_50cm_2025","Ostlandet"
"NINFP2210111862",4.77659563997919,4.7979531288147,35861,6,"meta_highrescanopyheight_orthophoto",0.5,"orthophoto_50cm_2025","Ostlandet"
"NINFP2410154543",6.11667866136659,5.67429733276367,8137,2,"meta_highrescanopyheight_orthophoto",0.5,"orthophoto_50cm_2025","Ostlandet"
"NINFP2410163176",7.48398317062094,7.45106911659241,28894,5,"meta_highrescanopyheight_orthophoto",0.5,"orthophoto_50cm_2025","Ostlandet"
"NINFP2410157873",3.10096434338855,2.58177900314331,48956,8,"meta_highrescanopyheight_orthophoto",0.5,"orthophoto_50cm_2025","Ostlandet"
"NINFP2010036966",2.23341000082961,1.27134609222412,4636,4,"meta_highrescanopyheight_orthophoto",0.5,"orthophoto_50cm_2025","Ostlandet"
"NINFP2110050437",6.15846545590114,5.52510523796082,75838,7,"meta_highrescanopyheight_orthophoto",0.5,"orthophoto_50cm_2025","Ostlandet"
"NINFP2010032728",1.03671293289794,0.400818854570389,8721,1,"meta_highrescanopyheight_orthophoto",0.5,"orthophoto_50cm_2025","Ostlandet"
"NINFP2210103987",1.17650679938229,0.125743389129639,18582,2,"meta_highrescanopyheight_orthophoto",0.5,"orthophoto_50cm_2025","Ostlandet"
"NINFP1810032257",4.12064030723362,3.91768264770508,52467,6,"meta_highrescanopyheight_orthophoto",0.5,"orthophoto_50cm_2025","Ostlandet"
"NINFP2510207495",8.99863371218785,9.5594539642334,7760,2,"meta_highrescanopyheight_orthophoto",0.5,"orthophoto_50cm_2025","Ostlandet"
"NINFP2310141260",1.94896628233644,1.32648473978043,8440,2,"meta_highrescanopyheight_orthophoto",0.5,"orthophoto_50cm_2025","Ostlandet"
"NINFP2010054098",6.79201511175609,7.25203156471252,25896,4,"meta_highrescanopyheight_orthophoto",0.5,"orthophoto_50cm_2025","Ostlandet"
"NINFP1910048046",3.60158687382367,2.20194315910339,34577,3,"meta_highrescanopyheight_orthophoto",0.5,"orthophoto_50cm_2025","Ostlandet"
"NINFP2210079566",8.43709581903338,8.73293256759644,7210,3,"meta_highrescanopyheight_orthophoto",0.5,"orthophoto_50cm_2025","Ostlandet"
"NINFP2110012794",2.54536258190407,0.523524820804596,1947,1,"meta_highrescanopyheight_orthophoto",0.5,"orthophoto_50cm_2025","Ostlandet"
"NINFP1810012340",4.58105257054915,4.17059135437012,16209,2,"meta_highrescanopyheight_orthophoto",0.5,"orthophoto_50cm_2025","Ostlandet"
"NINFP2210101025",0.824153942262367,0.0244558732956648,12370,6,"meta_highrescanopyheight_orthophoto",0.5,"orthophoto_50cm_2025","Ostlandet"
"NINFP1910019612",0.626451323790238,0.0526765789836645,6196,4,"meta_highrescanopyheight_orthophoto",0.5,"orthophoto_50cm_2025","Ostlandet"
"NINFP2410149965",9.4391603036666,9.96828460693359,22878,6,"meta_highrescanopyheight_orthophoto",0.5,"orthophoto_50cm_2025","Ostlandet"
"NINFP2310143986",2.72986139356245,1.29151272773743,47274,6,"meta_highrescanopyheight_orthophoto",0.5,"orthophoto_50cm_2025","Ostlandet"
"NINFP2410153171",1.23612940786973,0.0557993818074465,93152,6,"meta_highrescanopyheight_orthophoto",0.5,"orthophoto_50cm_2025","Ostlandet"
"NINFP2410169794",3.43859096096435,3.00817179679871,2790,1,"meta_highrescanopyheight_orthophoto",0.5,"orthophoto_50cm_2025","Ostlandet"
"NINFP2110055061",2.02025260088417,0.890362083911896,160114,7,"meta_highrescanopyheight_orthophoto",0.5,"orthophoto_50cm_2025","Ostlandet"
"NINFP2310136809",0.225706706515187,0.0103421229869127,103839,8,"meta_highrescanopyheight_orthophoto",0.5,"orthophoto_50cm_2025","Ostlandet"
"NINFP2110057361",1.47611494536915,0.449169099330902,12032,4,"meta_highrescanopyheight_orthophoto",0.5,"orthophoto_50cm_2025","Ostlandet"
"NINFP2410178853",0.0124821206112281,0.0100389327853918,90693,8,"meta_highrescanopyheight_orthophoto",0.5,"orthophoto_50cm_2025","Ostlandet"
"NINFP2410161186",1.87736415779356,0.0553222820162773,136751,7,"meta_highrescanopyheight_orthophoto",0.5,"orthophoto_50cm_2025","Ostlandet"
"NINFP1810042997",5.01600279159259,5.05903792381287,20902,3,"meta_highrescanopyheight_orthophoto",0.5,"orthophoto_50cm_2025","Ostlandet"
"NINFP1810010376",5.28792974980158,4.74862909317017,1832,2,"meta_highrescanopyheight_orthophoto",0.5,"orthophoto_50cm_2025","Ostlandet"
"NINFP1910048760",3.77920236456708,2.89319694042206,164824,7,"meta_highrescanopyheight_orthophoto",0.5,"orthophoto_50cm_2025","Ostlandet"
"NINFP1910053433",0.157343203354406,0.0112373139709234,2583,1,"meta_highrescanopyheight_orthophoto",0.5,"orthophoto_50cm_2025","Ostlandet"
"NINFP2510189846",6.57991108585523,6.31552696228027,3297,3,"meta_highrescanopyheight_orthophoto",0.5,"orthophoto_50cm_2025","Ostlandet"
"NINFP2310141318",5.27221756098066,5.51562404632568,13967,4,"meta_highrescanopyheight_orthophoto",0.5,"orthophoto_50cm_2025","Ostlandet"
"NINFP1810045755",4.53660053974706,4.3731517791748,62896,7,"meta_highrescanopyheight_orthophoto",0.5,"orthophoto_50cm_2025","Ostlandet"
"NINFP2110059885",1.40146814312243,0.131695449352264,16599,2,"meta_highrescanopyheight_orthophoto",0.5,"orthophoto_50cm_2025","Ostlandet"
"NINFP2510208280",0.112794212919216,0.0103841675445437,6397,2,"meta_highrescanopyheight_orthophoto",0.5,"orthophoto_50cm_2025","Ostlandet"
"NINFP1810041501",1.33972003681889,0.2106574177742,5017,2,"meta_highrescanopyheight_orthophoto",0.5,"orthophoto_50cm_2025","Ostlandet"
"NINFP1810028288",0.941477779645761,0.0358168315142393,45712,4,"meta_highrescanopyheight_orthophoto",0.5,"orthophoto_50cm_2025","Ostlandet"
"NINFP2110043316",8.52195231170893,8.52385902404785,6561,1,"meta_highrescanopyheight_orthophoto",0.5,"orthophoto_50cm_2025","Ostlandet"
"NINFP2510187239",0.476530972734419,0.0111724208109081,2520,2,"meta_highrescanopyheight_orthophoto",0.5,"orthophoto_50cm_2025","Ostlandet"
"NINFP1910022745",0.433488357727147,0.011550101917237,116772,8,"meta_highrescanopyheight_orthophoto",0.5,"orthophoto_50cm_2025","Ostlandet"
"NINFP2510185302",3.33649371256159,2.91724348068237,3692,2,"meta_highrescanopyheight_orthophoto",0.5,"orthophoto_50cm_2025","Ostlandet"
"NINFP1810040965",2.60514459630114,1.38214522600174,6088,2,"meta_highrescanopyheight_orthophoto",0.5,"orthophoto_50cm_2025","Ostlandet"
"NINFP2510201424",0.0324527628448053,0.0100846784189343,29562,3,"meta_highrescanopyheight_orthophoto",0.5,"orthophoto_50cm_2025","Ostlandet"
"NINFP1810017883",8.5823490153685,9.38896608352661,5592,1,"meta_highrescanopyheight_orthophoto",0.5,"orthophoto_50cm_2025","Ostlandet"
"NINFP2010016379",0.0103826812364857,0.0101453308016062,1564,1,"meta_highrescanopyheight_orthophoto",0.5,"orthophoto_50cm_2025","Ostlandet"
"NINFP2410163198",0.79169261276187,0.0531198997050524,12632,3,"meta_highrescanopyheight_orthophoto",0.5,"orthophoto_50cm_2025","Ostlandet"
"NINFP1810010088",6.02290709233233,5.96449279785156,23189,3,"meta_highrescanopyheight_orthophoto",0.5,"orthophoto_50cm_2025","Ostlandet"
"NINFP2410161413",0.639342119420982,0.0114027243107557,947950,29,"meta_highrescanopyheight_orthophoto",0.5,"orthophoto_50cm_2025","Ostlandet"
"NINFP2310118990",5.1273530637751,5.06022095680237,8092,1,"meta_highrescanopyheight_orthophoto",0.5,"orthophoto_50cm_2025","Ostlandet"
"NINFP1910030644",0.0939127683324971,0.0105733685195446,60743,5,"meta_highrescanopyheight_orthophoto",0.5,"orthophoto_50cm_2025","Ostlandet"
"NINFP1910017592",1.37769523654907,0.18473619222641,4090,1,"meta_highrescanopyheight_orthophoto",0.5,"orthophoto_50cm_2025","Ostlandet"
"NINFP1810037890",4.67634203539886,4.11030149459839,4168,2,"meta_highrescanopyheight_orthophoto",0.5,"orthophoto_50cm_2025","Ostlandet"
"NINFP2310136820",0.426399038401992,0.0135510228574276,283383,14,"meta_highrescanopyheight_orthophoto",0.5,"orthophoto_50cm_2025","Ostlandet"
"NINFP1810029116",1.50995519865521,0.107854276895523,45439,5,"meta_highrescanopyheight_orthophoto",0.5,"orthophoto_50cm_2025","Ostlandet"
"NINFP1810042298",1.04608682934991,0.0125286681577563,4541,2,"meta_highrescanopyheight_orthophoto",0.5,"orthophoto_50cm_2025","Ostlandet"
"NINFP2510193099",2.65399548353506,0.496885567903519,3718,2,"meta_highrescanopyheight_orthophoto",0.5,"orthophoto_50cm_2025","Ostlandet"
"NINFP2310141269",2.21685276963755,0.347048819065094,62183,4,"meta_highrescanopyheight_orthophoto",0.5,"orthophoto_50cm_2025","Ostlandet"
"NINFP1810033618",0.533362428495255,0.0187469096854329,5492,1,"meta_highrescanopyheight_orthophoto",0.5,"orthophoto_50cm_2025","Ostlandet"
"NINFP2310130962",2.2138902994896,1.31097829341888,10824,2,"meta_highrescanopyheight_orthophoto",0.5,"orthophoto_50cm_2025","Ostlandet"
"NINFP1810023728",1.42739470309937,0.0359227769076824,19253,5,"meta_highrescanopyheight_orthophoto",0.5,"orthophoto_50cm_2025","Ostlandet"
"NINFP2210093902",3.2745108859341,2.36624038219452,4100,2,"meta_highrescanopyheight_orthophoto",0.5,"orthophoto_50cm_2025","Ostlandet"
"NINFP2010001484",0.0124316354677638,0.0103527409955859,4171,2,"meta_highrescanopyheight_orthophoto",0.5,"orthophoto_50cm_2025","Ostlandet"
"NINFP2510200374",4.04792958971152,3.82714319229126,19684,3,"meta_highrescanopyheight_orthophoto",0.5,"orthophoto_50cm_2025","Ostlandet"
"NINFP1810020857",2.80814006006774,1.84173029661179,11950,2,"meta_highrescanopyheight_orthophoto",0.5,"orthophoto_50cm_2025","Ostlandet"
"NINFP2110011484",0.017615034046403,0.0108336582779884,1046,1,"meta_highrescanopyheight_orthophoto",0.5,"orthophoto_50cm_2025","Ostlandet"
"NINFP1810040966",2.64000931296288,1.78370904922485,14456,3,"meta_highrescanopyheight_orthophoto",0.5,"orthophoto_50cm_2025","Ostlandet"
"NINFP1910024143",0.115945573183013,0.0107341115362942,4636,2,"meta_highrescanopyheight_orthophoto",0.5,"orthophoto_50cm_2025","Ostlandet"
"NINFP2510197546",0.78832082437404,0.12283343821764,4174,1,"meta_highrescanopyheight_orthophoto",0.5,"orthophoto_50cm_2025","Ostlandet"
"NINFP2110011493",1.87750520127393,0.622879505157471,10777,1,"meta_highrescanopyheight_orthophoto",0.5,"orthophoto_50cm_2025","Ostlandet"
"NINFP1810010784",3.67950080411763,3.12871408462524,16608,2,"meta_highrescanopyheight_orthophoto",0.5,"orthophoto_50cm_2025","Ostlandet"
"NINFP2510197793",0.482794717870963,0.0127119887620211,95234,8,"meta_highrescanopyheight_orthophoto",0.5,"orthophoto_50cm_2025","Ostlandet"
"NINFP2010045219",7.09011662578326,7.36679553985596,9572,2,"meta_highrescanopyheight_orthophoto",0.5,"orthophoto_50cm_2025","Ostlandet"
"NINFP2110007522",0.537813645151334,0.020624527707696,201567,12,"meta_highrescanopyheight_orthophoto",0.5,"orthophoto_50cm_2025","Ostlandet"
"NINFP1810042635",6.19248185921374,6.78341865539551,2367,3,"meta_highrescanopyheight_orthophoto",0.5,"orthophoto_50cm_2025","Ostlandet"
"NINFP2110015954",5.89920008062221,6.3402271270752,35080,8,"meta_highrescanopyheight_orthophoto",0.5,"orthophoto_50cm_2025","Ostlandet"
"NINFP2310141246",3.70503881345667,3.25029528141022,5854,2,"meta_highrescanopyheight_orthophoto",0.5,"orthophoto_50cm_2025","Ostlandet"
"NINFP2410169541",0.641525013481297,0.0201720846816897,4016,3,"meta_highrescanopyheight_orthophoto",0.5,"orthophoto_50cm_2025","Ostlandet"
"NINFP2010012130",5.76592923068725,6.27908277511597,7576,2,"meta_highrescanopyheight_orthophoto",0.5,"orthophoto_50cm_2025","Ostlandet"
"NINFP2110014260",5.71710915555129,5.88851642608643,22489,5,"meta_highrescanopyheight_orthophoto",0.5,"orthophoto_50cm_2025","Ostlandet"
"NINFP2510219106",0.742162528721217,0.0103026293218136,317665,10,"meta_highrescanopyheight_orthophoto",0.5,"orthophoto_50cm_2025","Ostlandet"
"NINFP2210095787",2.9159715557875,1.35050719976425,4126,1,"meta_highrescanopyheight_orthophoto",0.5,"orthophoto_50cm_2025","Ostlandet"
"NINFP2310121857",5.92486138010281,6.3387176990509,15872,4,"meta_highrescanopyheight_orthophoto",0.5,"orthophoto_50cm_2025","Ostlandet"
"NINFP1910019590",6.37671882058687,7.29832124710083,13471,2,"meta_highrescanopyheight_orthophoto",0.5,"orthophoto_50cm_2025","Ostlandet"
"NINFP2210086232",0.525429527781358,0.0363710671663284,13452,4,"meta_highrescanopyheight_orthophoto",0.5,"orthophoto_50cm_2025","Ostlandet"
"NINFP1910042260",2.73101947658068,0.959781169891357,21983,4,"meta_highrescanopyheight_orthophoto",0.5,"orthophoto_50cm_2025","Ostlandet"
"NINFP2310122097",3.98338264125222,3.68261933326721,8085,2,"meta_highrescanopyheight_orthophoto",0.5,"orthophoto_50cm_2025","Ostlandet"
"NINFP2310139512",2.51115310718779,0.874632298946381,52897,6,"meta_highrescanopyheight_orthophoto",0.5,"orthophoto_50cm_2025","Ostlandet"
"NINFP2210102601",3.33593243846025,2.64636135101318,27549,3,"meta_highrescanopyheight_orthophoto",0.5,"orthophoto_50cm_2025","Ostlandet"
"NINFP2510215478",1.08899491411788,0.0210772939026356,242651,11,"meta_highrescanopyheight_orthophoto",0.5,"orthophoto_50cm_2025","Ostlandet"
"NINFP2410164693",0.540388138164449,0.0119009334594011,268016,12,"meta_highrescanopyheight_orthophoto",0.5,"orthophoto_50cm_2025","Ostlandet"
"NINFP1910041591",3.42611084794299,0.385689839720726,3420,2,"meta_highrescanopyheight_orthophoto",0.5,"orthophoto_50cm_2025","Ostlandet"
"NINFP2210082129",3.57674388335917,2.79627227783203,14295,4,"meta_highrescanopyheight_orthophoto",0.5,"orthophoto_50cm_2025","Ostlandet"
"NINFP2510184279",0.167519472629913,0.0106541616842151,7431,1,"meta_highrescanopyheight_orthophoto",0.5,"orthophoto_50cm_2025","Ostlandet"
"NINFP1810027211",5.17363649310413,5.27381420135498,14669,3,"meta_highrescanopyheight_orthophoto",0.5,"orthophoto_50cm_2025","Ostlandet"
"NINFP2010036432",1.75999846374901,0.119658961892128,5449,4,"meta_highrescanopyheight_orthophoto",0.5,"orthophoto_50cm_2025","Ostlandet"
"NINFP2010019540",6.11148621095344,6.44730567932129,4496,2,"meta_highrescanopyheight_orthophoto",0.5,"orthophoto_50cm_2025","Ostlandet"
"NINFP1810036970",7.15066176752261,7.07003498077393,21350,3,"meta_highrescanopyheight_orthophoto",0.5,"orthophoto_50cm_2025","Ostlandet"
"NINFP1810011594",5.78150828984299,5.93691730499268,15845,3,"meta_highrescanopyheight_orthophoto",0.5,"orthophoto_50cm_2025","Ostlandet"
"NINFP1810042637",6.15181348678323,6.63755297660828,16490,3,"meta_highrescanopyheight_orthophoto",0.5,"orthophoto_50cm_2025","Ostlandet"
"NINFP2210113845",1.55746127443927,0.0203062146902084,6368,1,"meta_highrescanopyheight_orthophoto",0.5,"orthophoto_50cm_2025","Ostlandet"
"NINFP2310139534",0.967810667255437,0.0163664147257805,89245,8,"meta_highrescanopyheight_orthophoto",0.5,"orthophoto_50cm_2025","Ostlandet"
"NINFP2510186236",2.18061027794574,0.792026221752167,6147,1,"meta_highrescanopyheight_orthophoto",0.5,"orthophoto_50cm_2025","Ostlandet"
"NINFP2110025229",0.603708730560101,0.0139865204691887,56410,3,"meta_highrescanopyheight_orthophoto",0.5,"orthophoto_50cm_2025","Ostlandet"
"NINFP2510200147",1.15186841228137,0.0122358649969101,32675,3,"meta_highrescanopyheight_orthophoto",0.5,"orthophoto_50cm_2025","Ostlandet"
"NINFP1810041110",8.34045663833574,8.64738845825195,5459,1,"meta_highrescanopyheight_orthophoto",0.5,"orthophoto_50cm_2025","Ostlandet"
"NINFP2110019718",0.899511236434716,0.150724649429321,9270,4,"meta_highrescanopyheight_orthophoto",0.5,"orthophoto_50cm_2025","Ostlandet"
"NINFP2010054011",3.05699058720804,1.90717166662216,2282,3,"meta_highrescanopyheight_orthophoto",0.5,"orthophoto_50cm_2025","Ostlandet"
"NINFP2010014158",1.5101234486948,0.434616446495056,11090,1,"meta_highrescanopyheight_orthophoto",0.5,"orthophoto_50cm_2025","Ostlandet"
"NINFP2210085653",1.90767352269029,0.400376617908478,118358,10,"meta_highrescanopyheight_orthophoto",0.5,"orthophoto_50cm_2025","Ostlandet"
"NINFP2010032547",11.0512436653768,11.5720300674438,6344,3,"meta_highrescanopyheight_orthophoto",0.5,"orthophoto_50cm_2025","Ostlandet"
"NINFP2110061077",6.67556924729532,6.37650108337402,6018,4,"meta_highrescanopyheight_orthophoto",0.5,"orthophoto_50cm_2025","Ostlandet"
"NINFP2210107004",9.94792428835581,10.3329105377197,4961,1,"meta_highrescanopyheight_orthophoto",0.5,"orthophoto_50cm_2025","Ostlandet"
"NINFP2210101180",2.1529512590113,0.831260561943054,18072,2,"meta_highrescanopyheight_orthophoto",0.5,"orthophoto_50cm_2025","Ostlandet"
"NINFP1810036229",2.88581243360928,2.15835225582123,43336,6,"meta_highrescanopyheight_orthophoto",0.5,"orthophoto_50cm_2025","Ostlandet"
"NINFP2010036780",0.010188834664128,0.010028020478785,23324,3,"meta_highrescanopyheight_orthophoto",0.5,"orthophoto_50cm_2025","Ostlandet"
"NINFP2510201730",0.600279534605165,0.0281454771757126,3775,2,"meta_highrescanopyheight_orthophoto",0.5,"orthophoto_50cm_2025","Ostlandet"
"NINFP2510215859",1.9484572239273,0.595003575086594,44720,6,"meta_highrescanopyheight_orthophoto",0.5,"orthophoto_50cm_2025","Ostlandet"
"NINFP2210108382",2.75907402712221,0.0208842670544982,91170,6,"meta_highrescanopyheight_orthophoto",0.5,"orthophoto_50cm_2025","Ostlandet"
"NINFP2110048894",2.11027134498111,0.469853639602661,24760,4,"meta_highrescanopyheight_orthophoto",0.5,"orthophoto_50cm_2025","Ostlandet"
"NINFP2310127081",1.89328480644674,0.871546894311905,46890,2,"meta_highrescanopyheight_orthophoto",0.5,"orthophoto_50cm_2025","Ostlandet"
"NINFP2310142630",0.233529047471334,0.0111348577775061,12326,2,"meta_highrescanopyheight_orthophoto",0.5,"orthophoto_50cm_2025","Ostlandet"
"NINFP1810040497",2.25676549008363,0.885199844837189,8724,4,"meta_highrescanopyheight_orthophoto",0.5,"orthophoto_50cm_2025","Ostlandet"
"NINFP1810037564",2.36344769292368,0.722584992647171,23746,3,"meta_highrescanopyheight_orthophoto",0.5,"orthophoto_50cm_2025","Ostlandet"
"NINFP2310122120",0.248322579080255,0.0196151342242956,103083,6,"meta_highrescanopyheight_orthophoto",0.5,"orthophoto_50cm_2025","Ostlandet"
"NINFP2010053877",3.67036899385985,2.02154278755188,85522,6,"meta_highrescanopyheight_orthophoto",0.5,"orthophoto_50cm_2025","Ostlandet"
"NINFP2210103928",6.34306764070072,6.56955003738403,16413,3,"meta_highrescanopyheight_orthophoto",0.5,"orthophoto_50cm_2025","Ostlandet"
"NINFP2010012612",4.3690390400372,4.38037872314453,7572,2,"meta_highrescanopyheight_orthophoto",0.5,"orthophoto_50cm_2025","Ostlandet"
"NINFP2410174597",2.89123439887618,0.706386059522629,25210,3,"meta_highrescanopyheight_orthophoto",0.5,"orthophoto_50cm_2025","Ostlandet"
"NINFP2210087386",2.62952117004986,1.20750904083252,31246,4,"meta_highrescanopyheight_orthophoto",0.5,"orthophoto_50cm_2025","Ostlandet"
"NINFP2210103882",5.28096696476434,5.24284839630127,6562,2,"meta_highrescanopyheight_orthophoto",0.5,"orthophoto_50cm_2025","Ostlandet"
"NINFP2010022679",0.0234378491476871,0.0100494008511305,550606,22,"meta_highrescanopyheight_orthophoto",0.5,"orthophoto_50cm_2025","Ostlandet"
"NINFP2510213447",0.653488516400368,0.0137284235097468,21518,2,"meta_highrescanopyheight_orthophoto",0.5,"orthophoto_50cm_2025","Ostlandet"
"NINFP2410164159",5.86143287925613,6.18078136444092,5528,1,"meta_highrescanopyheight_orthophoto",0.5,"orthophoto_50cm_2025","Ostlandet"
"NINFP2310143979",6.63547917599892,6.44677448272705,5431,2,"meta_highrescanopyheight_orthophoto",0.5,"orthophoto_50cm_2025","Ostlandet"
"NINFP1810010396",1.61589813646059,0.10472920909524,7064,1,"meta_highrescanopyheight_orthophoto",0.5,"orthophoto_50cm_2025","Ostlandet"
"NINFP2410172487",0.0206804262764099,0.0101710353046656,48757,4,"meta_highrescanopyheight_orthophoto",0.5,"orthophoto_50cm_2025","Ostlandet"
"NINFP2310146338",3.4028862267622,3.2863883972168,4041,3,"meta_highrescanopyheight_orthophoto",0.5,"orthophoto_50cm_2025","Ostlandet"
"NINFP1810020667",9.24971902839226,9.78477191925049,7362,2,"meta_highrescanopyheight_orthophoto",0.5,"orthophoto_50cm_2025","Ostlandet"
"NINFP1910033129",0.189822169528601,0.0109246773645282,20054,2,"meta_highrescanopyheight_orthophoto",0.5,"orthophoto_50cm_2025","Ostlandet"
"NINFP1910043977",2.68825330328447,2.08697235584259,4928,1,"meta_highrescanopyheight_orthophoto",0.5,"orthophoto_50cm_2025","Ostlandet"
"NINFP2310125416",0.834420493327624,0.0114469714462757,11562,4,"meta_highrescanopyheight_orthophoto",0.5,"orthophoto_50cm_2025","Ostlandet"
"NINFP2010038924",4.8373717170488,4.5500750541687,23293,3,"meta_highrescanopyheight_orthophoto",0.5,"orthophoto_50cm_2025","Ostlandet"
"NINFP1810012588",6.75252752039847,6.52353191375732,11349,2,"meta_highrescanopyheight_orthophoto",0.5,"orthophoto_50cm_2025","Ostlandet"
"NINFP2210098409",1.67530869108367,0.606372445821762,4370,1,"meta_highrescanopyheight_orthophoto",0.5,"orthophoto_50cm_2025","Ostlandet"
"NINFP2010039540",4.49634891636663,4.11328029632568,125900,8,"meta_highrescanopyheight_orthophoto",0.5,"orthophoto_50cm_2025","Ostlandet"
"NINFP1910019609",7.62551045851339,8.01273488998413,13778,4,"meta_highrescanopyheight_orthophoto",0.5,"orthophoto_50cm_2025","Ostlandet"
"NINFP2510199194",0.573847857307407,0.0109120775014162,64315,5,"meta_highrescanopyheight_orthophoto",0.5,"orthophoto_50cm_2025","Ostlandet"
"NINFP2110057365",0.913776950638976,0.117736216634512,22708,2,"meta_highrescanopyheight_orthophoto",0.5,"orthophoto_50cm_2025","Ostlandet"
"NINFP1910025564",4.43859473127887,3.10676598548889,4328,1,"meta_highrescanopyheight_orthophoto",0.5,"orthophoto_50cm_2025","Ostlandet"
"NINFP1810043063",1.49799632429382,0.164262175559998,21055,3,"meta_highrescanopyheight_orthophoto",0.5,"orthophoto_50cm_2025","Ostlandet"
"NINFP2010036622",0.125374281013424,0.0109312972053885,11413,2,"meta_highrescanopyheight_orthophoto",0.5,"orthophoto_50cm_2025","Ostlandet"
"NINFP2210107716",1.02015049085973,0.181643433868885,4052,2,"meta_highrescanopyheight_orthophoto",0.5,"orthophoto_50cm_2025","Ostlandet"
"NINFP2110040996",6.67402655791199,6.62304830551147,127513,8,"meta_highrescanopyheight_orthophoto",0.5,"orthophoto_50cm_2025","Ostlandet"
"NINFP1810035026",4.68440338757737,2.94557237625122,12540,1,"meta_highrescanopyheight_orthophoto",0.5,"orthophoto_50cm_2025","Ostlandet"
"NINFP2010039282",2.48683591264691,1.87061578035355,18884,5,"meta_highrescanopyheight_orthophoto",0.5,"orthophoto_50cm_2025","Ostlandet"
"NINFP2510213585",5.39098043915228,5.13749837875366,5769,2,"meta_highrescanopyheight_orthophoto",0.5,"orthophoto_50cm_2025","Ostlandet"
"NINFP2310131039",0.345757789629499,0.0406156294047832,34241,5,"meta_highrescanopyheight_orthophoto",0.5,"orthophoto_50cm_2025","Ostlandet"
"NINFP2210078738",1.90250109691605,1.07554686069489,6391,3,"meta_highrescanopyheight_orthophoto",0.5,"orthophoto_50cm_2025","Ostlandet"
"NINFP1810018852",2.28753156954776,1.11238294839859,11992,2,"meta_highrescanopyheight_orthophoto",0.5,"orthophoto_50cm_2025","Ostlandet"
"NINFP2110022443",0.0100621033686444,0.0100245494395494,44761,4,"meta_highrescanopyheight_orthophoto",0.5,"orthophoto_50cm_2025","Ostlandet"
"NINFP1910014020",7.97076155428666,8.85371112823486,4235,2,"meta_highrescanopyheight_orthophoto",0.5,"orthophoto_50cm_2025","Ostlandet"
"NINFP2410182294",7.99603181686129,8.56756019592285,7689,3,"meta_highrescanopyheight_orthophoto",0.5,"orthophoto_50cm_2025","Ostlandet"
"NINFP1810033709",7.51704347200758,7.98462104797363,13531,1,"meta_highrescanopyheight_orthophoto",0.5,"orthophoto_50cm_2025","Ostlandet"
"NINFP2410173984",3.12132185911619,2.40700697898865,8513,1,"meta_highrescanopyheight_orthophoto",0.5,"orthophoto_50cm_2025","Ostlandet"
"NINFP2410166941",3.38288899655531,1.82254761457443,10368,2,"meta_highrescanopyheight_orthophoto",0.5,"orthophoto_50cm_2025","Ostlandet"
"NINFP2310142604",0.614742194440259,0.0243573598563671,25931,4,"meta_highrescanopyheight_orthophoto",0.5,"orthophoto_50cm_2025","Ostlandet"
"NINFP2110030457",3.1057794156605,0.326967388391495,972,1,"meta_highrescanopyheight_orthophoto",0.5,"orthophoto_50cm_2025","Ostlandet"
"NINFP2210093017",4.61100873044573,4.44318270683289,9400,1,"meta_highrescanopyheight_orthophoto",0.5,"orthophoto_50cm_2025","Ostlandet"
"NINFP2310117336",0.48073327544636,0.130119904875755,8421,4,"meta_highrescanopyheight_orthophoto",0.5,"orthophoto_50cm_2025","Ostlandet"
"NINFP1910059098",2.52560828482194,1.70695245265961,3703,2,"meta_highrescanopyheight_orthophoto",0.5,"orthophoto_50cm_2025","Ostlandet"
"NINFP1810024597",0.357979554666298,0.0128137082792819,90944,8,"meta_highrescanopyheight_orthophoto",0.5,"orthophoto_50cm_2025","Ostlandet"
"NINFP2010007529",4.31999025057827,4.27596712112427,6224,2,"meta_highrescanopyheight_orthophoto",0.5,"orthophoto_50cm_2025","Ostlandet"
"NINFP2210083181",1.10423753298066,0.0162793761119246,62180,6,"meta_highrescanopyheight_orthophoto",0.5,"orthophoto_50cm_2025","Ostlandet"
"NINFP2510189850",2.84954228606946,2.0789235830307,4170,1,"meta_highrescanopyheight_orthophoto",0.5,"orthophoto_50cm_2025","Ostlandet"
"NINFP2210091793",1.27693768765892,0.513515502214432,5018,2,"meta_highrescanopyheight_orthophoto",0.5,"orthophoto_50cm_2025","Ostlandet"
"NINFP2410183301",2.92081782525163,0.681652963161469,25548,4,"meta_highrescanopyheight_orthophoto",0.5,"orthophoto_50cm_2025","Ostlandet"
"NINFP1810019582",6.69765179828343,6.93722176551819,7256,2,"meta_highrescanopyheight_orthophoto",0.5,"orthophoto_50cm_2025","Ostlandet"
"NINFP2210099430",3.85582881436996,2.8686203956604,18603,2,"meta_highrescanopyheight_orthophoto",0.5,"orthophoto_50cm_2025","Ostlandet"
"NINFP1810031743",4.71390451552287,4.51273059844971,10809,2,"meta_highrescanopyheight_orthophoto",0.5,"orthophoto_50cm_2025","Ostlandet"
"NINFP2510200939",0.0320601885996222,0.0100637190043926,2364967,76,"meta_highrescanopyheight_orthophoto",0.5,"orthophoto_50cm_2025","Ostlandet"
"NINFP1810027278",9.33281815360987,10.0983982086182,5889,1,"meta_highrescanopyheight_orthophoto",0.5,"orthophoto_50cm_2025","Ostlandet"
"NINFP1810034507",3.03748199694393,0.0120177022181451,5878,1,"meta_highrescanopyheight_orthophoto",0.5,"orthophoto_50cm_2025","Ostlandet"
"NINFP2010012770",0.0272086071414706,0.0100326770916581,316810,15,"meta_highrescanopyheight_orthophoto",0.5,"orthophoto_50cm_2025","Ostlandet"
"NINFP2310127343",0.261027245639827,0.0168331852182746,4706,1,"meta_highrescanopyheight_orthophoto",0.5,"orthophoto_50cm_2025","Ostlandet"
"NINFP2210095385",0.665116387505201,0.052912961691618,18095,2,"meta_highrescanopyheight_orthophoto",0.5,"orthophoto_50cm_2025","Ostlandet"
"NINFP1810040386",6.09797631220404,6.34641361236572,12085,2,"meta_highrescanopyheight_orthophoto",0.5,"orthophoto_50cm_2025","Ostlandet"
"NINFP1810021837",3.77485943904443,3.51067888736725,6704,4,"meta_highrescanopyheight_orthophoto",0.5,"orthophoto_50cm_2025","Ostlandet"
"NINFP2010041790",1.74740661747633,0.152531027793884,65589,8,"meta_highrescanopyheight_orthophoto",0.5,"orthophoto_50cm_2025","Ostlandet"
"NINFP2410174256",10.2665943898438,11.3127098083496,7408,1,"meta_highrescanopyheight_orthophoto",0.5,"orthophoto_50cm_2025","Ostlandet"
"NINFP2010028961",5.34714852464137,5.00164556503296,97161,7,"meta_highrescanopyheight_orthophoto",0.5,"orthophoto_50cm_2025","Ostlandet"
"NINFP2110013619",0.0315327999039288,0.010238260962069,4795,2,"meta_highrescanopyheight_orthophoto",0.5,"orthophoto_50cm_2025","Ostlandet"
"NINFP2010006589",6.81247224514317,6.04284358024597,9072,2,"meta_highrescanopyheight_orthophoto",0.5,"orthophoto_50cm_2025","Ostlandet"
"NINFP2310141264",6.92517307283323,7.09452724456787,40379,3,"meta_highrescanopyheight_orthophoto",0.5,"orthophoto_50cm_2025","Ostlandet"
"NINFP1810016771",8.14905536321946,7.65847873687744,81,1,"meta_highrescanopyheight_orthophoto",0.5,"orthophoto_50cm_2025","Ostlandet"
"NINFP1810011458",5.2744960166249,5.40048861503601,21144,4,"meta_highrescanopyheight_orthophoto",0.5,"orthophoto_50cm_2025","Ostlandet"
"NINFP2010040224",3.75000221647979,3.09719085693359,66531,3,"meta_highrescanopyheight_orthophoto",0.5,"orthophoto_50cm_2025","Ostlandet"
"NINFP2010040132",13.3951363649817,14.2957010269165,16235,4,"meta_highrescanopyheight_orthophoto",0.5,"orthophoto_50cm_2025","Ostlandet"
"NINFP2510212718",3.4549016506849,1.68710458278656,13529,2,"meta_highrescanopyheight_orthophoto",0.5,"orthophoto_50cm_2025","Ostlandet"
"NINFP1910033652",3.2199245725798,1.92982888221741,19625,4,"meta_highrescanopyheight_orthophoto",0.5,"orthophoto_50cm_2025","Ostlandet"
"NINFP2210093818",0.522290006745039,0.0171220637857914,84441,6,"meta_highrescanopyheight_orthophoto",0.5,"orthophoto_50cm_2025","Ostlandet"
"NINFP2110069146",3.36406997451767,2.29689657688141,9400,2,"meta_highrescanopyheight_orthophoto",0.5,"orthophoto_50cm_2025","Ostlandet"
"NINFP2210100797",0.579606485205599,0.0110450983047485,7743,3,"meta_highrescanopyheight_orthophoto",0.5,"orthophoto_50cm_2025","Ostlandet"
"NINFP2110025532",2.41520816017316,1.41689568758011,4758,2,"meta_highrescanopyheight_orthophoto",0.5,"orthophoto_50cm_2025","Ostlandet"
"NINFP2510213591",0.377538350035415,0.0266111688688397,11116,2,"meta_highrescanopyheight_orthophoto",0.5,"orthophoto_50cm_2025","Ostlandet"
"NINFP2010040544",3.99782506669757,3.70130062103271,7293,2,"meta_highrescanopyheight_orthophoto",0.5,"orthophoto_50cm_2025","Ostlandet"
"NINFP2010008889",0.137045771750774,0.0152832828462124,9065,2,"meta_highrescanopyheight_orthophoto",0.5,"orthophoto_50cm_2025","Ostlandet"
"NINFP2010011091",10.5983620926954,11.7864780426025,35263,4,"meta_highrescanopyheight_orthophoto",0.5,"orthophoto_50cm_2025","Ostlandet"
"NINFP2510213184",3.9863078094019,2.60824418067932,40254,6,"meta_highrescanopyheight_orthophoto",0.5,"orthophoto_50cm_2025","Ostlandet"
"NINFP1810042329",5.67009122276828,6.18212938308716,12491,2,"meta_highrescanopyheight_orthophoto",0.5,"orthophoto_50cm_2025","Ostlandet"
"NINFP2210097604",0.742391127155975,0.0749556496739388,4733,4,"meta_highrescanopyheight_orthophoto",0.5,"orthophoto_50cm_2025","Ostlandet"
"NINFP2010037133",0.195085789212698,0.0115120830014348,51763,5,"meta_highrescanopyheight_orthophoto",0.5,"orthophoto_50cm_2025","Ostlandet"
"NINFP2410168411",0.295944044313695,0.0138392988592386,15809,3,"meta_highrescanopyheight_orthophoto",0.5,"orthophoto_50cm_2025","Ostlandet"
"NINFP1910043974",4.08086365451644,4.18667125701904,4491,1,"meta_highrescanopyheight_orthophoto",0.5,"orthophoto_50cm_2025","Ostlandet"
"NINFP2410171591",3.9223394592092,3.47258365154266,55296,5,"meta_highrescanopyheight_orthophoto",0.5,"orthophoto_50cm_2025","Ostlandet"
"NINFP2010034410",1.87217205760765,0.612736999988556,16869,2,"meta_highrescanopyheight_orthophoto",0.5,"orthophoto_50cm_2025","Ostlandet"
"NINFP2010047539",0.0101312581267917,0.0100489021278918,14700,4,"meta_highrescanopyheight_orthophoto",0.5,"orthophoto_50cm_2025","Ostlandet"
"NINFP2410183481",8.33663758279365,8.77971267700195,13629,4,"meta_highrescanopyheight_orthophoto",0.5,"orthophoto_50cm_2025","Ostlandet"
"NINFP2110010657",6.15707776286458,6.61542749404907,6312,1,"meta_highrescanopyheight_orthophoto",0.5,"orthophoto_50cm_2025","Ostlandet"
"NINFP1910032055",4.4528211676002,4.24544167518616,5294,2,"meta_highrescanopyheight_orthophoto",0.5,"orthophoto_50cm_2025","Ostlandet"
"NINFP2410184115",0.231730170158554,0.0105684441514313,1715448,44,"meta_highrescanopyheight_orthophoto",0.5,"orthophoto_50cm_2025","Ostlandet"
"NINFP2410182321",8.70861247046871,8.88583421707153,8862,1,"meta_highrescanopyheight_orthophoto",0.5,"orthophoto_50cm_2025","Ostlandet"
"NINFP1810035679",2.97486745130728,0.218091011047363,26321,5,"meta_highrescanopyheight_orthophoto",0.5,"orthophoto_50cm_2025","Ostlandet"
"NINFP2310147107",0.760847715129985,0.018593936227262,45080,4,"meta_highrescanopyheight_orthophoto",0.5,"orthophoto_50cm_2025","Ostlandet"
"NINFP1810036243",1.382748627893,0.400483042001724,262143,10,"meta_highrescanopyheight_orthophoto",0.5,"orthophoto_50cm_2025","Ostlandet"
"NINFP2210104763",6.04522198185807,6.38302993774414,13707,2,"meta_highrescanopyheight_orthophoto",0.5,"orthophoto_50cm_2025","Ostlandet"
"NINFP1810043021",5.42318250220508,4.81760406494141,15225,2,"meta_highrescanopyheight_orthophoto",0.5,"orthophoto_50cm_2025","Ostlandet"
"NINFP1910008748",0.212825020207624,0.0109914215281606,2015,1,"meta_highrescanopyheight_orthophoto",0.5,"orthophoto_50cm_2025","Ostlandet"
"NINFP2110011805",4.13662733399087,3.81393718719482,6253,1,"meta_highrescanopyheight_orthophoto",0.5,"orthophoto_50cm_2025","Ostlandet"
"NINFP1810038643",2.87616651684646,1.8764728307724,17524,2,"meta_highrescanopyheight_orthophoto",0.5,"orthophoto_50cm_2025","Ostlandet"
"NINFP2210098182",1.38855619728817,0.182500496506691,10340,2,"meta_highrescanopyheight_orthophoto",0.5,"orthophoto_50cm_2025","Ostlandet"
"NINFP1810028236",8.55377244739454,9.4552149772644,6580,1,"meta_highrescanopyheight_orthophoto",0.5,"orthophoto_50cm_2025","Ostlandet"
"NINFP2110008568",4.39829529446941,4.63354063034058,11009,2,"meta_highrescanopyheight_orthophoto",0.5,"orthophoto_50cm_2025","Ostlandet"
"NINFP2010012962",4.51921160614407,3.434654712677,8482,4,"meta_highrescanopyheight_orthophoto",0.5,"orthophoto_50cm_2025","Ostlandet"
"NINFP2410164100",0.131044526329703,0.0103353778831661,7374,4,"meta_highrescanopyheight_orthophoto",0.5,"orthophoto_50cm_2025","Ostlandet"
"NINFP2210077978",0.281630705990405,0.0164774768054485,53611,4,"meta_highrescanopyheight_orthophoto",0.5,"orthophoto_50cm_2025","Ostlandet"
"NINFP1810041486",7.21736912942633,7.51535129547119,20306,4,"meta_highrescanopyheight_orthophoto",0.5,"orthophoto_50cm_2025","Ostlandet"
"NINFP1910001432",4.29566136073524,3.76460540294647,4188,3,"meta_highrescanopyheight_orthophoto",0.5,"orthophoto_50cm_2025","Ostlandet"
"NINFP2010034515",1.75354770390482,0.803333818912506,4047,1,"meta_highrescanopyheight_orthophoto",0.5,"orthophoto_50cm_2025","Ostlandet"
"NINFP2110009134",1.17526463645011,0.165115877985954,76017,8,"meta_highrescanopyheight_orthophoto",0.5,"orthophoto_50cm_2025","Ostlandet"
"NINFP1910034372",1.24199460647061,0.201170273125172,7124,3,"meta_highrescanopyheight_orthophoto",0.5,"orthophoto_50cm_2025","Ostlandet"
"NINFP1810030233",5.43732907185064,5.62294912338257,22946,2,"meta_highrescanopyheight_orthophoto",0.5,"orthophoto_50cm_2025","Ostlandet"
"NINFP2110016455",0.192462200625614,0.0127220107242465,2309,1,"meta_highrescanopyheight_orthophoto",0.5,"orthophoto_50cm_2025","Ostlandet"
"NINFP1810010092",5.01384144461995,5.43480014801025,5161,4,"meta_highrescanopyheight_orthophoto",0.5,"orthophoto_50cm_2025","Ostlandet"
"NINFP2410161496",3.20952646673421,0.276303678750992,101654,22,"meta_highrescanopyheight_orthophoto",0.5,"orthophoto_50cm_2025","Ostlandet"
"NINFP1910041864",0.824973772002983,0.0174479791894555,16724,4,"meta_highrescanopyheight_orthophoto",0.5,"orthophoto_50cm_2025","Ostlandet"
"NINFP2210078942",4.86135878527163,4.26485252380371,8931,3,"meta_highrescanopyheight_orthophoto",0.5,"orthophoto_50cm_2025","Ostlandet"
"NINFP2410169147",0.264736889664108,0.0109455464407802,7015,3,"meta_highrescanopyheight_orthophoto",0.5,"orthophoto_50cm_2025","Ostlandet"
"NINFP2110050202",3.43309877897703,2.84314966201782,4841,2,"meta_highrescanopyheight_orthophoto",0.5,"orthophoto_50cm_2025","Ostlandet"
"NINFP2410160070",2.90188455047762,1.62584245204926,7996,2,"meta_highrescanopyheight_orthophoto",0.5,"orthophoto_50cm_2025","Ostlandet"
"NINFP2110012538",1.05087294740058,0.0494272075593472,30115,3,"meta_highrescanopyheight_orthophoto",0.5,"orthophoto_50cm_2025","Ostlandet"
"NINFP1910032929",6.35635037381364,6.83738660812378,17084,3,"meta_highrescanopyheight_orthophoto",0.5,"orthophoto_50cm_2025","Ostlandet"
"NINFP2010043411",0.185969816350242,0.0106054870411754,64260,4,"meta_highrescanopyheight_orthophoto",0.5,"orthophoto_50cm_2025","Ostlandet"
"NINFP1910051937",0.210126725325049,0.0118214413523674,9227,2,"meta_highrescanopyheight_orthophoto",0.5,"orthophoto_50cm_2025","Ostlandet"
"NINFP2010054232",2.00689437237278,0.201338306069374,4227,2,"meta_highrescanopyheight_orthophoto",0.5,"orthophoto_50cm_2025","Ostlandet"
"NINFP1810034856",2.49034218730469,1.46270960569382,7002,1,"meta_highrescanopyheight_orthophoto",0.5,"orthophoto_50cm_2025","Ostlandet"
"NINFP2510195937",3.30094087719885,2.61985242366791,6936,3,"meta_highrescanopyheight_orthophoto",0.5,"orthophoto_50cm_2025","Ostlandet"
"NINFP2510196344",4.1294376634946,3.39329493045807,7580,4,"meta_highrescanopyheight_orthophoto",0.5,"orthophoto_50cm_2025","Ostlandet"
"NINFP2210076379",3.68759591766569,3.68202018737793,4961,2,"meta_highrescanopyheight_orthophoto",0.5,"orthophoto_50cm_2025","Ostlandet"
"NINFP2010031644",0.0115907869459899,0.0102355629205704,13031,1,"meta_highrescanopyheight_orthophoto",0.5,"orthophoto_50cm_2025","Ostlandet"
"NINFP1910033233",5.69554512732222,5.99963545799255,17974,2,"meta_highrescanopyheight_orthophoto",0.5,"orthophoto_50cm_2025","Ostlandet"
"NINFP2010053525",0.710927243636581,0.0227493308484554,33319,4,"meta_highrescanopyheight_orthophoto",0.5,"orthophoto_50cm_2025","Ostlandet"
"NINFP2310136813",0.690382332784271,0.011139745824039,134424,8,"meta_highrescanopyheight_orthophoto",0.5,"orthophoto_50cm_2025","Ostlandet"
"NINFP1810023128",8.57893008005683,8.72449970245361,16971,4,"meta_highrescanopyheight_orthophoto",0.5,"orthophoto_50cm_2025","Ostlandet"
"NINFP2510208765",6.65647686909353,7.18829679489136,5353,1,"meta_highrescanopyheight_orthophoto",0.5,"orthophoto_50cm_2025","Ostlandet"
"NINFP2510210524",1.49410383741413,0.406682252883911,13611,2,"meta_highrescanopyheight_orthophoto",0.5,"orthophoto_50cm_2025","Ostlandet"
"NINFP2310126579",0.649741651785356,0.0196708561852574,1752,2,"meta_highrescanopyheight_orthophoto",0.5,"orthophoto_50cm_2025","Ostlandet"
"NINFP2010001373",1.10063492913049,0.0103442640975118,8440,2,"meta_highrescanopyheight_orthophoto",0.5,"orthophoto_50cm_2025","Ostlandet"
"NINFP2410179740",5.76427445178927,5.97497081756592,5525,2,"meta_highrescanopyheight_orthophoto",0.5,"orthophoto_50cm_2025","Ostlandet"
"NINFP2210085654",1.22272947465124,0.035021785646677,168879,14,"meta_highrescanopyheight_orthophoto",0.5,"orthophoto_50cm_2025","Ostlandet"
"NINFP2210093404",3.88362832208425,3.0882351398468,11120,2,"meta_highrescanopyheight_orthophoto",0.5,"orthophoto_50cm_2025","Ostlandet"
"NINFP1810024490",2.88079282071122,1.18687379360199,36905,4,"meta_highrescanopyheight_orthophoto",0.5,"orthophoto_50cm_2025","Ostlandet"
"NINFP2310136714",1.39203189521609,0.0824398696422577,31703,4,"meta_highrescanopyheight_orthophoto",0.5,"orthophoto_50cm_2025","Ostlandet"
"NINFP2510206848",9.95386155427742,11.6553201675415,11852,2,"meta_highrescanopyheight_orthophoto",0.5,"orthophoto_50cm_2025","Ostlandet"
"NINFP2010014553",2.56640923908309,1.17918348312378,9485,2,"meta_highrescanopyheight_orthophoto",0.5,"orthophoto_50cm_2025","Ostlandet"
"NINFP2410168399",1.09147541404249,0.0464993938803673,27304,3,"meta_highrescanopyheight_orthophoto",0.5,"orthophoto_50cm_2025","Ostlandet"
"NINFP2410162841",0.248711295115763,0.0107936095446348,14940,2,"meta_highrescanopyheight_orthophoto",0.5,"orthophoto_50cm_2025","Ostlandet"
"NINFP2310139535",5.2127154301527,5.65463280677795,24326,4,"meta_highrescanopyheight_orthophoto",0.5,"orthophoto_50cm_2025","Ostlandet"
"NINFP1910019192",3.05915822154812,2.01393628120422,6851,2,"meta_highrescanopyheight_orthophoto",0.5,"orthophoto_50cm_2025","Ostlandet"
"NINFP2410157870",2.24274835737523,1.40757411718369,5076,2,"meta_highrescanopyheight_orthophoto",0.5,"orthophoto_50cm_2025","Ostlandet"
"NINFP1810015837",3.2558784630184,2.51602530479431,6273,2,"meta_highrescanopyheight_orthophoto",0.5,"orthophoto_50cm_2025","Ostlandet"
"NINFP2110029450",0.478762205297502,0.0508196949958801,11390,4,"meta_highrescanopyheight_orthophoto",0.5,"orthophoto_50cm_2025","Ostlandet"
"NINFP2210076589",3.44330872664916,3.50992047786713,9366,1,"meta_highrescanopyheight_orthophoto",0.5,"orthophoto_50cm_2025","Ostlandet"
"NINFP1810028076",2.96440818036899,1.39284932613373,7574,2,"meta_highrescanopyheight_orthophoto",0.5,"orthophoto_50cm_2025","Ostlandet"
"NINFP2410174481",1.33022626105358,0.0489771589636803,100974,8,"meta_highrescanopyheight_orthophoto",0.5,"orthophoto_50cm_2025","Ostlandet"
"NINFP2510196621",0.158973571875965,0.013295297510922,11890,2,"meta_highrescanopyheight_orthophoto",0.5,"orthophoto_50cm_2025","Ostlandet"
"NINFP2410168407",0.659006688314953,0.0280824461951852,4532,2,"meta_highrescanopyheight_orthophoto",0.5,"orthophoto_50cm_2025","Ostlandet"
"NINFP1810010415",1.77930167029841,0.0845698937773705,5038,1,"meta_highrescanopyheight_orthophoto",0.5,"orthophoto_50cm_2025","Ostlandet"
"NINFP1810041137",3.62733054600444,2.97906374931335,16427,3,"meta_highrescanopyheight_orthophoto",0.5,"orthophoto_50cm_2025","Ostlandet"
"NINFP1810033903",6.79378159542576,6.80405163764954,39612,4,"meta_highrescanopyheight_orthophoto",0.5,"orthophoto_50cm_2025","Ostlandet"
"NINFP1910023274",0.401450839052175,0.010794872418046,3807,1,"meta_highrescanopyheight_orthophoto",0.5,"orthophoto_50cm_2025","Ostlandet"
"NINFP1810032075",3.29919346099632,0.754700601100922,69916,7,"meta_highrescanopyheight_orthophoto",0.5,"orthophoto_50cm_2025","Ostlandet"
"NINFP1910033779",1.21716392761635,0.283855378627777,11671,2,"meta_highrescanopyheight_orthophoto",0.5,"orthophoto_50cm_2025","Ostlandet"
"NINFP2310121852",5.52036452871228,5.99849009513855,8766,1,"meta_highrescanopyheight_orthophoto",0.5,"orthophoto_50cm_2025","Ostlandet"
"NINFP2310140299",0.913335088291021,0.0453817788511515,55536,4,"meta_highrescanopyheight_orthophoto",0.5,"orthophoto_50cm_2025","Ostlandet"
"NINFP1910051430",4.62254896274084,4.32265758514404,440418,18,"meta_highrescanopyheight_orthophoto",0.5,"orthophoto_50cm_2025","Ostlandet"
"NINFP1810009175",2.45363846139965,0.170038141310215,26950,4,"meta_highrescanopyheight_orthophoto",0.5,"orthophoto_50cm_2025","Ostlandet"
"NINFP2510196890",0.573316849627001,0.0107464147731662,13822,2,"meta_highrescanopyheight_orthophoto",0.5,"orthophoto_50cm_2025","Ostlandet"
"NINFP2510219036",0.481544652029911,0.0116291847079992,195853,9,"meta_highrescanopyheight_orthophoto",0.5,"orthophoto_50cm_2025","Ostlandet"
"NINFP2110047476",0.0540209440252946,0.011362818069756,266576,11,"meta_highrescanopyheight_orthophoto",0.5,"orthophoto_50cm_2025","Ostlandet"
"NINFP2410168392",7.82011457941731,7.88912463188171,11576,3,"meta_highrescanopyheight_orthophoto",0.5,"orthophoto_50cm_2025","Ostlandet"
"NINFP1810043184",7.36767004251935,7.82287073135376,6244,1,"meta_highrescanopyheight_orthophoto",0.5,"orthophoto_50cm_2025","Ostlandet"
"NINFP2310121856",6.31818620449969,6.47104072570801,8570,1,"meta_highrescanopyheight_orthophoto",0.5,"orthophoto_50cm_2025","Ostlandet"
"NINFP2310141470",5.52446199628386,5.6329939365387,15748,2,"meta_highrescanopyheight_orthophoto",0.5,"orthophoto_50cm_2025","Ostlandet"
"NINFP2210094788",1.22959847966854,0.432003557682037,21829,4,"meta_highrescanopyheight_orthophoto",0.5,"orthophoto_50cm_2025","Ostlandet"
"NINFP2510214932",2.59376217590977,0.935513257980347,112057,11,"meta_highrescanopyheight_orthophoto",0.5,"orthophoto_50cm_2025","Ostlandet"
"NINFP2510196629",1.67001922008701,0.108591578900814,31768,3,"meta_highrescanopyheight_orthophoto",0.5,"orthophoto_50cm_2025","Ostlandet"
"NINFP2110018534",1.02999443044377,0.0521184727549553,7918,3,"meta_highrescanopyheight_orthophoto",0.5,"orthophoto_50cm_2025","Ostlandet"
"NINFP1810040510",3.20442165414324,1.69158959388733,4611,2,"meta_highrescanopyheight_orthophoto",0.5,"orthophoto_50cm_2025","Ostlandet"
"NINFP2310142828",0.616540193204967,0.0568024720996618,14858,2,"meta_highrescanopyheight_orthophoto",0.5,"orthophoto_50cm_2025","Ostlandet"
"NINFP2510210137",1.28095880058589,0.280318528413773,22213,2,"meta_highrescanopyheight_orthophoto",0.5,"orthophoto_50cm_2025","Ostlandet"
"NINFP2010004767",0.0142147604259662,0.0140076759271324,80,1,"meta_highrescanopyheight_orthophoto",0.5,"orthophoto_50cm_2025","Ostlandet"
"NINFP2210100762",4.27558892164126,3.31102013587952,5374,3,"meta_highrescanopyheight_orthophoto",0.5,"orthophoto_50cm_2025","Ostlandet"
"NINFP1910001258",3.06235525640057,2.37234950065613,12575,1,"meta_highrescanopyheight_orthophoto",0.5,"orthophoto_50cm_2025","Ostlandet"
"NINFP2310127241",0.152114058069963,0.0120175397023559,144416,10,"meta_highrescanopyheight_orthophoto",0.5,"orthophoto_50cm_2025","Ostlandet"
"NINFP1910048864",0.563797224121515,0.0215537492185831,32943,3,"meta_highrescanopyheight_orthophoto",0.5,"orthophoto_50cm_2025","Ostlandet"
"NINFP2210091386",1.63858549609506,0.258217170834541,6128,1,"meta_highrescanopyheight_orthophoto",0.5,"orthophoto_50cm_2025","Ostlandet"
"NINFP2210113423",5.14363662765126,4.86430692672729,69593,5,"meta_highrescanopyheight_orthophoto",0.5,"orthophoto_50cm_2025","Ostlandet"
"NINFP2510187347",0.163161177553033,0.0108259115368128,4283,1,"meta_highrescanopyheight_orthophoto",0.5,"orthophoto_50cm_2025","Ostlandet"
"NINFP1810042202",7.50501419421021,8.03168201446533,14964,2,"meta_highrescanopyheight_orthophoto",0.5,"orthophoto_50cm_2025","Ostlandet"
"NINFP1810021038",4.7485133994822,3.73278570175171,21757,3,"meta_highrescanopyheight_orthophoto",0.5,"orthophoto_50cm_2025","Ostlandet"
"NINFP1910033651",0.287573029838941,0.0112990462221205,26830,4,"meta_highrescanopyheight_orthophoto",0.5,"orthophoto_50cm_2025","Ostlandet"
"NINFP2410178433",4.87157585265832,3.77538919448853,7433,2,"meta_highrescanopyheight_orthophoto",0.5,"orthophoto_50cm_2025","Ostlandet"
"NINFP2010012599",1.93816681357861,0.341187119483948,24866,4,"meta_highrescanopyheight_orthophoto",0.5,"orthophoto_50cm_2025","Ostlandet"
"NINFP1810018304",4.13372879458873,2.75123596191406,6916,1,"meta_highrescanopyheight_orthophoto",0.5,"orthophoto_50cm_2025","Ostlandet"
"NINFP2010052898",1.92462204589871,0.453644037246704,9351,2,"meta_highrescanopyheight_orthophoto",0.5,"orthophoto_50cm_2025","Ostlandet"
"NINFP2210084041",5.83333304596535,5.70491671562195,23298,5,"meta_highrescanopyheight_orthophoto",0.5,"orthophoto_50cm_2025","Ostlandet"
"NINFP2110050432",6.1514820335623,5.92509961128235,20968,2,"meta_highrescanopyheight_orthophoto",0.5,"orthophoto_50cm_2025","Ostlandet"
"NINFP2210101472",7.66615370936059,8.23874378204346,9467,2,"meta_highrescanopyheight_orthophoto",0.5,"orthophoto_50cm_2025","Ostlandet"
"NINFP1810018624",2.75895981255001,0.739150077104568,34636,5,"meta_highrescanopyheight_orthophoto",0.5,"orthophoto_50cm_2025","Ostlandet"
"NINFP1810042650",0.812274697908071,0.0326568819582462,4693,2,"meta_highrescanopyheight_orthophoto",0.5,"orthophoto_50cm_2025","Ostlandet"
"NINFP1810011111",1.65737441584059,0.506158590316772,14201,4,"meta_highrescanopyheight_orthophoto",0.5,"orthophoto_50cm_2025","Ostlandet"
"NINFP1810017616",0.0135875362660356,0.0107580991461873,5645,3,"meta_highrescanopyheight_orthophoto",0.5,"orthophoto_50cm_2025","Ostlandet"
"NINFP2310130456",0.150477964655753,0.0227727005258203,7680,4,"meta_highrescanopyheight_orthophoto",0.5,"orthophoto_50cm_2025","Ostlandet"
"NINFP2310130996",0.0231956992898826,0.0106822177767754,24841,4,"meta_highrescanopyheight_orthophoto",0.5,"orthophoto_50cm_2025","Ostlandet"
"NINFP1810039161",6.31424996900647,6.35716724395752,6686,2,"meta_highrescanopyheight_orthophoto",0.5,"orthophoto_50cm_2025","Ostlandet"
"NINFP2510210134",1.06086646489558,0.149383567273617,26756,4,"meta_highrescanopyheight_orthophoto",0.5,"orthophoto_50cm_2025","Ostlandet"
"NINFP2510206836",10.5200845572281,10.8849391937256,36777,4,"meta_highrescanopyheight_orthophoto",0.5,"orthophoto_50cm_2025","Ostlandet"
"NINFP2410167402",9.19660977408205,9.1777515411377,44681,4,"meta_highrescanopyheight_orthophoto",0.5,"orthophoto_50cm_2025","Ostlandet"
"NINFP2310140294",6.0054628087283,6.04023337364197,19780,2,"meta_highrescanopyheight_orthophoto",0.5,"orthophoto_50cm_2025","Ostlandet"
"NINFP2310121502",4.84885858396731,5.02816891670227,22556,4,"meta_highrescanopyheight_orthophoto",0.5,"orthophoto_50cm_2025","Ostlandet"
"NINFP2510218880",0.0159514915913234,0.0102154593914747,56941,6,"meta_highrescanopyheight_orthophoto",0.5,"orthophoto_50cm_2025","Ostlandet"
"NINFP2210094121",1.197781608366,0.353633791208267,47585,6,"meta_highrescanopyheight_orthophoto",0.5,"orthophoto_50cm_2025","Ostlandet"
"NINFP1810033626",1.85376627760449,0.234479889273643,13381,4,"meta_highrescanopyheight_orthophoto",0.5,"orthophoto_50cm_2025","Ostlandet"
"NINFP2310123064",0.0977456699401159,0.0106351347640157,10881,1,"meta_highrescanopyheight_orthophoto",0.5,"orthophoto_50cm_2025","Ostlandet"
"NINFP1810024563",0.111080512435516,0.0105901113711298,47084,4,"meta_highrescanopyheight_orthophoto",0.5,"orthophoto_50cm_2025","Ostlandet"
"NINFP1810005054",5.69033656661142,5.32114124298096,10577,1,"meta_highrescanopyheight_orthophoto",0.5,"orthophoto_50cm_2025","Ostlandet"
"NINFP2410177101",0.0847748460104484,0.010450363624841,4526,1,"meta_highrescanopyheight_orthophoto",0.5,"orthophoto_50cm_2025","Ostlandet"
"NINFP2010004490",0.0160114249066693,0.0100221009925008,37105,5,"meta_highrescanopyheight_orthophoto",0.5,"orthophoto_50cm_2025","Ostlandet"
"NINFP2110017950",5.70500628908957,5.28890657424927,21441,4,"meta_highrescanopyheight_orthophoto",0.5,"orthophoto_50cm_2025","Ostlandet"
"NINFP1810035772",5.83942946017864,5.64465045928955,5505,1,"meta_highrescanopyheight_orthophoto",0.5,"orthophoto_50cm_2025","Ostlandet"
"NINFP1810014528",7.03098165548207,7.34676265716553,48045,5,"meta_highrescanopyheight_orthophoto",0.5,"orthophoto_50cm_2025","Ostlandet"
"NINFP2210103971",5.84670846466579,5.73898220062256,10163,4,"meta_highrescanopyheight_orthophoto",0.5,"orthophoto_50cm_2025","Ostlandet"
"NINFP2010039121",12.6770603099852,15.2578582763672,5373,2,"meta_highrescanopyheight_orthophoto",0.5,"orthophoto_50cm_2025","Ostlandet"
"NINFP1810027214",3.92713638812173,3.33209502696991,10326,3,"meta_highrescanopyheight_orthophoto",0.5,"orthophoto_50cm_2025","Ostlandet"
"NINFP2410180003",7.28394582205085,7.50785446166992,16017,2,"meta_highrescanopyheight_orthophoto",0.5,"orthophoto_50cm_2025","Ostlandet"
"NINFP2010004495",3.58185919822113,3.4997615814209,6549,2,"meta_highrescanopyheight_orthophoto",0.5,"orthophoto_50cm_2025","Ostlandet"
"NINFP2010041783",7.39751624311588,7.48259878158569,10864,2,"meta_highrescanopyheight_orthophoto",0.5,"orthophoto_50cm_2025","Ostlandet"
"NINFP2510190578",3.46769811008877,2.76930952072144,6992,2,"meta_highrescanopyheight_orthophoto",0.5,"orthophoto_50cm_2025","Ostlandet"
"NINFP2010030690",6.33704966178596,6.77043747901917,8440,1,"meta_highrescanopyheight_orthophoto",0.5,"orthophoto_50cm_2025","Ostlandet"
"NINFP1810022104",3.26709845011727,1.43829488754272,1577,1,"meta_highrescanopyheight_orthophoto",0.5,"orthophoto_50cm_2025","Ostlandet"
"NINFP2310144506",5.34347789741908,6.2299747467041,4895,1,"meta_highrescanopyheight_orthophoto",0.5,"orthophoto_50cm_2025","Ostlandet"
"NINFP2410176246",5.40190153103431,5.76086282730103,16167,3,"meta_highrescanopyheight_orthophoto",0.5,"orthophoto_50cm_2025","Ostlandet"
"NINFP2610220251",0.183814747996062,0.0106820315122604,47860,5,"meta_highrescanopyheight_orthophoto",0.5,"orthophoto_50cm_2025","Ostlandet"
"NINFP2010036138",2.46246060741589,1.25795793533325,8103,2,"meta_highrescanopyheight_orthophoto",0.5,"orthophoto_50cm_2025","Ostlandet"
"NINFP2310117022",0.556504311470802,0.021250206977129,11407,4,"meta_highrescanopyheight_orthophoto",0.5,"orthophoto_50cm_2025","Ostlandet"
"NINFP2510208678",5.06077368330364,4.6913685798645,20066,2,"meta_highrescanopyheight_orthophoto",0.5,"orthophoto_50cm_2025","Ostlandet"
"NINFP2110065537",4.28442655050652,4.17072439193726,2802,1,"meta_highrescanopyheight_orthophoto",0.5,"orthophoto_50cm_2025","Ostlandet"
"NINFP1910038439",7.33409697609049,7.8225417137146,12017,2,"meta_highrescanopyheight_orthophoto",0.5,"orthophoto_50cm_2025","Ostlandet"
"NINFP1910010460",7.31878441239602,8.03117084503174,42866,4,"meta_highrescanopyheight_orthophoto",0.5,"orthophoto_50cm_2025","Ostlandet"
"NINFP2110014313",2.33097207145349,1.6442619562149,6825,3,"meta_highrescanopyheight_orthophoto",0.5,"orthophoto_50cm_2025","Ostlandet"
"NINFP2510193956",5.17236444184134,4.76583576202393,47023,3,"meta_highrescanopyheight_orthophoto",0.5,"orthophoto_50cm_2025","Ostlandet"
"NINFP2110045825",6.39647119617111,6.93236112594604,11892,3,"meta_highrescanopyheight_orthophoto",0.5,"orthophoto_50cm_2025","Ostlandet"
"NINFP2410169172",1.37486902726788,0.450771600008011,28471,5,"meta_highrescanopyheight_orthophoto",0.5,"orthophoto_50cm_2025","Ostlandet"
"NINFP1910061103",1.73570699220802,0.744152843952179,22536,2,"meta_highrescanopyheight_orthophoto",0.5,"orthophoto_50cm_2025","Ostlandet"
"NINFP1810028070",3.5457674805929,2.85141324996948,4013,2,"meta_highrescanopyheight_orthophoto",0.5,"orthophoto_50cm_2025","Ostlandet"
"NINFP1810037392",3.51083192415982,1.61019212007523,110728,6,"meta_highrescanopyheight_orthophoto",0.5,"orthophoto_50cm_2025","Ostlandet"
"NINFP2110023346",0.0137430214324847,0.0100999716669321,56626,6,"meta_highrescanopyheight_orthophoto",0.5,"orthophoto_50cm_2025","Ostlandet"
"NINFP1810044177",4.33521560611968,4.16615438461304,8831,4,"meta_highrescanopyheight_orthophoto",0.5,"orthophoto_50cm_2025","Ostlandet"
"NINFP1810038824",2.89546863105415,2.40183806419373,4097,1,"meta_highrescanopyheight_orthophoto",0.5,"orthophoto_50cm_2025","Ostlandet"
"NINFP2010012224",0.478537807015496,0.0212022997438908,16679,2,"meta_highrescanopyheight_orthophoto",0.5,"orthophoto_50cm_2025","Ostlandet"
"NINFP1810026941",3.96745013060115,3.09665155410767,19995,5,"meta_highrescanopyheight_orthophoto",0.5,"orthophoto_50cm_2025","Ostlandet"
"NINFP2310127244",0.257457393207328,0.0112898540683091,14334,4,"meta_highrescanopyheight_orthophoto",0.5,"orthophoto_50cm_2025","Ostlandet"
"NINFP2010033318",4.72360283242527,4.26862478256226,16100,3,"meta_highrescanopyheight_orthophoto",0.5,"orthophoto_50cm_2025","Ostlandet"
"NINFP2010056962",5.3153932424809,5.43643379211426,4966,2,"meta_highrescanopyheight_orthophoto",0.5,"orthophoto_50cm_2025","Ostlandet"
"NINFP1810042586",5.11682609237649,4.87339925765991,37573,5,"meta_highrescanopyheight_orthophoto",0.5,"orthophoto_50cm_2025","Ostlandet"
"NINFP1910016145",7.01948705941882,7.53812456130981,7982,1,"meta_highrescanopyheight_orthophoto",0.5,"orthophoto_50cm_2025","Ostlandet"
"NINFP1810011114",2.00487454299173,1.6644572019577,12979,1,"meta_highrescanopyheight_orthophoto",0.5,"orthophoto_50cm_2025","Ostlandet"
"NINFP2410162001",1.00071005857362,0.0536206029355526,4080,1,"meta_highrescanopyheight_orthophoto",0.5,"orthophoto_50cm_2025","Ostlandet"
"NINFP1910034721",2.14246853578846,0.73609071969986,21816,4,"meta_highrescanopyheight_orthophoto",0.5,"orthophoto_50cm_2025","Ostlandet"
"NINFP2510196346",0.436719728328209,0.0177601082250476,315386,14,"meta_highrescanopyheight_orthophoto",0.5,"orthophoto_50cm_2025","Ostlandet"
"NINFP2110030450",4.84837780169274,5.57566356658936,7465,2,"meta_highrescanopyheight_orthophoto",0.5,"orthophoto_50cm_2025","Ostlandet"
"NINFP2510201245",0.186938428520735,0.0105574252083898,89493,6,"meta_highrescanopyheight_orthophoto",0.5,"orthophoto_50cm_2025","Ostlandet"
"NINFP2010035623",0.712322423687835,0.0351477712392807,35013,4,"meta_highrescanopyheight_orthophoto",0.5,"orthophoto_50cm_2025","Ostlandet"
"NINFP2110022839",0.0570555537319727,0.0102221053093672,28279,3,"meta_highrescanopyheight_orthophoto",0.5,"orthophoto_50cm_2025","Ostlandet"
"NINFP1810023840",0.122823212818127,0.0113014872185886,98758,6,"meta_highrescanopyheight_orthophoto",0.5,"orthophoto_50cm_2025","Ostlandet"
"NINFP1910047075",5.81999726421466,6.41458225250244,4612,2,"meta_highrescanopyheight_orthophoto",0.5,"orthophoto_50cm_2025","Ostlandet"
"NINFP1810035656",0.837285088873662,0.0218345616012812,19740,4,"meta_highrescanopyheight_orthophoto",0.5,"orthophoto_50cm_2025","Ostlandet"
"NINFP1810042562",7.48519813463008,8.18974685668945,8015,4,"meta_highrescanopyheight_orthophoto",0.5,"orthophoto_50cm_2025","Ostlandet"
"NINFP1810038924",2.43838475575664,1.36414277553558,30489,4,"meta_highrescanopyheight_orthophoto",0.5,"orthophoto_50cm_2025","Ostlandet"
"NINFP1910031222",1.79704620047019,0.605248153209686,26082,2,"meta_highrescanopyheight_orthophoto",0.5,"orthophoto_50cm_2025","Ostlandet"
"NINFP2210096061",5.19418747302495,4.99637937545776,6404,2,"meta_highrescanopyheight_orthophoto",0.5,"orthophoto_50cm_2025","Ostlandet"
"NINFP1910000233",5.51776541174743,5.31591200828552,10202,2,"meta_highrescanopyheight_orthophoto",0.5,"orthophoto_50cm_2025","Ostlandet"
"NINFP2510188972",0.884716429393494,0.175109550356865,14348,4,"meta_highrescanopyheight_orthophoto",0.5,"orthophoto_50cm_2025","Ostlandet"
"NINFP1910030948",0.542334051302965,0.0102810813114047,1228,1,"meta_highrescanopyheight_orthophoto",0.5,"orthophoto_50cm_2025","Ostlandet"
"NINFP2510204398",0.119101373342757,0.0106669822707772,6457,2,"meta_highrescanopyheight_orthophoto",0.5,"orthophoto_50cm_2025","Ostlandet"
"NINFP1810044527",6.79511640437378,7.26719808578491,45757,4,"meta_highrescanopyheight_orthophoto",0.5,"orthophoto_50cm_2025","Ostlandet"
"NINFP2510190241",7.47579413725512,7.70755815505981,2635,2,"meta_highrescanopyheight_orthophoto",0.5,"orthophoto_50cm_2025","Ostlandet"
"NINFP2410174951",0.899301403459935,0.118539102375507,80197,5,"meta_highrescanopyheight_orthophoto",0.5,"orthophoto_50cm_2025","Ostlandet"
"NINFP2210094868",1.22031263944596,0.0152104329317808,2517,2,"meta_highrescanopyheight_orthophoto",0.5,"orthophoto_50cm_2025","Ostlandet"
"NINFP2310139357",2.04518500572419,0.101524442434311,98079,6,"meta_highrescanopyheight_orthophoto",0.5,"orthophoto_50cm_2025","Ostlandet"
"NINFP2010032702",1.78143233394942,0.193250894546509,12645,4,"meta_highrescanopyheight_orthophoto",0.5,"orthophoto_50cm_2025","Ostlandet"
"NINFP2410151173",1.23544523983153,0.073958944529295,10732,2,"meta_highrescanopyheight_orthophoto",0.5,"orthophoto_50cm_2025","Ostlandet"
"NINFP2010053984",1.05711161644872,0.38966777920723,4769,3,"meta_highrescanopyheight_orthophoto",0.5,"orthophoto_50cm_2025","Ostlandet"
"NINFP1810031733",4.85528708930288,4.38020753860474,14468,4,"meta_highrescanopyheight_orthophoto",0.5,"orthophoto_50cm_2025","Ostlandet"
"NINFP2310139853",3.48252516444705,3.41193664073944,43930,3,"meta_highrescanopyheight_orthophoto",0.5,"orthophoto_50cm_2025","Ostlandet"
"NINFP2410164202",1.31887061798895,0.133709818124771,7693,4,"meta_highrescanopyheight_orthophoto",0.5,"orthophoto_50cm_2025","Ostlandet"
"NINFP2510186820",9.66595968525586,9.86412858963013,14768,3,"meta_highrescanopyheight_orthophoto",0.5,"orthophoto_50cm_2025","Ostlandet"
"NINFP2410175005",0.308627139000802,0.0191835407167673,243064,8,"meta_highrescanopyheight_orthophoto",0.5,"orthophoto_50cm_2025","Ostlandet"
"NINFP2010044323",7.14249462377132,7.26292276382446,6602,2,"meta_highrescanopyheight_orthophoto",0.5,"orthophoto_50cm_2025","Ostlandet"
"NINFP2310144053",6.27580729909957,6.26758670806885,23665,3,"meta_highrescanopyheight_orthophoto",0.5,"orthophoto_50cm_2025","Ostlandet"
"NINFP2010003784",3.9076275659342,2.30256032943726,19098,4,"meta_highrescanopyheight_orthophoto",0.5,"orthophoto_50cm_2025","Ostlandet"
"NINFP1810039153",3.21340882593443,2.70053672790527,50014,5,"meta_highrescanopyheight_orthophoto",0.5,"orthophoto_50cm_2025","Ostlandet"
"NINFP1910021572",5.28656743591036,3.93616616725922,10486,4,"meta_highrescanopyheight_orthophoto",0.5,"orthophoto_50cm_2025","Ostlandet"
"NINFP2110057352",0.367947903112042,0.039624311029911,21723,4,"meta_highrescanopyheight_orthophoto",0.5,"orthophoto_50cm_2025","Ostlandet"
"NINFP1910035861",0.32173076983937,0.0213413797318935,11851,2,"meta_highrescanopyheight_orthophoto",0.5,"orthophoto_50cm_2025","Ostlandet"
"NINFP2410164313",0.0674756944970248,0.0101651162840426,45384,5,"meta_highrescanopyheight_orthophoto",0.5,"orthophoto_50cm_2025","Ostlandet"
"NINFP2110025209",0.762085187893041,0.0173851903527975,9924,2,"meta_highrescanopyheight_orthophoto",0.5,"orthophoto_50cm_2025","Ostlandet"
"NINFP2410182867",9.6160104607073,9.95770454406738,17195,3,"meta_highrescanopyheight_orthophoto",0.5,"orthophoto_50cm_2025","Ostlandet"
"NINFP2110017948",0.373056901578287,0.0111824576742947,22094,6,"meta_highrescanopyheight_orthophoto",0.5,"orthophoto_50cm_2025","Ostlandet"
"NINFP2410182317",7.70285165269728,8.17392683029175,4228,3,"meta_highrescanopyheight_orthophoto",0.5,"orthophoto_50cm_2025","Ostlandet"
"NINFP1810013122",7.04041553415547,7.46371293067932,58172,5,"meta_highrescanopyheight_orthophoto",0.5,"orthophoto_50cm_2025","Ostlandet"
"NINFP1810035873",5.46665325434985,4.93157911300659,27637,5,"meta_highrescanopyheight_orthophoto",0.5,"orthophoto_50cm_2025","Ostlandet"
"NINFP2010047524",0.21473197419937,0.0109938345849514,12237,3,"meta_highrescanopyheight_orthophoto",0.5,"orthophoto_50cm_2025","Ostlandet"
"NINFP2010003421",6.27487177800166,5.95438957214355,7629,2,"meta_highrescanopyheight_orthophoto",0.5,"orthophoto_50cm_2025","Ostlandet"
"NINFP1910031370",1.72083740243285,0.0309322141110897,6470,4,"meta_highrescanopyheight_orthophoto",0.5,"orthophoto_50cm_2025","Ostlandet"
"NINFP1810020761",2.78114014979397,1.91457438468933,11470,2,"meta_highrescanopyheight_orthophoto",0.5,"orthophoto_50cm_2025","Ostlandet"
"NINFP2410169627",2.27203301362173,1.11625295877457,71868,5,"meta_highrescanopyheight_orthophoto",0.5,"orthophoto_50cm_2025","Ostlandet"
"NINFP2110038228",0.139704944697187,0.0102072544395924,353945,39,"meta_highrescanopyheight_orthophoto",0.5,"orthophoto_50cm_2025","Ostlandet"
"NINFP2510213181",0.833456857386298,0.0712470933794975,13721,2,"meta_highrescanopyheight_orthophoto",0.5,"orthophoto_50cm_2025","Ostlandet"
"NINFP1910044869",1.16989670094366,0.170536480844021,6144,1,"meta_highrescanopyheight_orthophoto",0.5,"orthophoto_50cm_2025","Ostlandet"
"NINFP2210103884",4.06472005802003,3.16592872142792,18550,2,"meta_highrescanopyheight_orthophoto",0.5,"orthophoto_50cm_2025","Ostlandet"
"NINFP2410161065",4.18133537962038,3.22051739692688,6457,2,"meta_highrescanopyheight_orthophoto",0.5,"orthophoto_50cm_2025","Ostlandet"
"NINFP2110049019",4.66191191506477,4.44001889228821,294318,13,"meta_highrescanopyheight_orthophoto",0.5,"orthophoto_50cm_2025","Ostlandet"
"NINFP2310140378",1.1774607711077,0.114549089223146,33076,4,"meta_highrescanopyheight_orthophoto",0.5,"orthophoto_50cm_2025","Ostlandet"
"NINFP2510185295",10.225908883105,10.1745357513428,3745,2,"meta_highrescanopyheight_orthophoto",0.5,"orthophoto_50cm_2025","Ostlandet"
"NINFP1810043235",1.61578447134344,0.528864741325378,14985,3,"meta_highrescanopyheight_orthophoto",0.5,"orthophoto_50cm_2025","Ostlandet"
"NINFP1810025435",4.95645443886623,4.38148093223572,53698,7,"meta_highrescanopyheight_orthophoto",0.5,"orthophoto_50cm_2025","Ostlandet"
"NINFP2110021527",0.520708707567055,0.0328691489994526,6224,1,"meta_highrescanopyheight_orthophoto",0.5,"orthophoto_50cm_2025","Ostlandet"
"NINFP2210075861",2.33401078390566,0.812367588281631,20362,4,"meta_highrescanopyheight_orthophoto",0.5,"orthophoto_50cm_2025","Ostlandet"
"NINFP1910043327",4.87833160732376,4.67928647994995,7195,1,"meta_highrescanopyheight_orthophoto",0.5,"orthophoto_50cm_2025","Ostlandet"
"NINFP2410175369",1.64902989134903,0.449802994728088,143465,11,"meta_highrescanopyheight_orthophoto",0.5,"orthophoto_50cm_2025","Ostlandet"
"NINFP2010035313",12.8483375273886,13.4726114273071,4022,2,"meta_highrescanopyheight_orthophoto",0.5,"orthophoto_50cm_2025","Ostlandet"
"NINFP2310136808",6.9458763421772,7.06426811218262,24555,3,"meta_highrescanopyheight_orthophoto",0.5,"orthophoto_50cm_2025","Ostlandet"
"NINFP1810010551",3.04529275121497,1.35435819625854,4922,2,"meta_highrescanopyheight_orthophoto",0.5,"orthophoto_50cm_2025","Ostlandet"
"NINFP2110070408",0.795701950854844,0.0289562232792377,1041631,59,"meta_highrescanopyheight_orthophoto",0.5,"orthophoto_50cm_2025","Ostlandet"
"NINFP1810035766",6.04829760953477,6.28829598426819,8758,1,"meta_highrescanopyheight_orthophoto",0.5,"orthophoto_50cm_2025","Ostlandet"
"NINFP2110058499",0.249977200415936,0.0206388607621193,5112,3,"meta_highrescanopyheight_orthophoto",0.5,"orthophoto_50cm_2025","Ostlandet"
"NINFP2210103979",1.60728412904135,0.491229265928268,9397,2,"meta_highrescanopyheight_orthophoto",0.5,"orthophoto_50cm_2025","Ostlandet"
"NINFP2110059177",2.29567118210672,1.37604999542236,10208,3,"meta_highrescanopyheight_orthophoto",0.5,"orthophoto_50cm_2025","Ostlandet"
"NINFP1910001930",5.82666333027061,6.03724384307861,13955,2,"meta_highrescanopyheight_orthophoto",0.5,"orthophoto_50cm_2025","Ostlandet"
"NINFP2410163196",2.77320497702178,1.26025664806366,4269,2,"meta_highrescanopyheight_orthophoto",0.5,"orthophoto_50cm_2025","Ostlandet"
"NINFP1810033624",2.51613707042464,0.88331013917923,12611,3,"meta_highrescanopyheight_orthophoto",0.5,"orthophoto_50cm_2025","Ostlandet"
"NINFP1910033642",0.660615815035792,0.0237457444891334,11708,2,"meta_highrescanopyheight_orthophoto",0.5,"orthophoto_50cm_2025","Ostlandet"
"NINFP1810018846",3.24176877608401,1.76067310571671,8198,1,"meta_highrescanopyheight_orthophoto",0.5,"orthophoto_50cm_2025","Ostlandet"
"NINFP2410163985",0.747093375240435,0.0891093835234642,6625,2,"meta_highrescanopyheight_orthophoto",0.5,"orthophoto_50cm_2025","Ostlandet"
"NINFP2010008880",0.149047860134689,0.0117465350776911,13293,3,"meta_highrescanopyheight_orthophoto",0.5,"orthophoto_50cm_2025","Ostlandet"
"NINFP2410149798",8.17771105085176,8.03514766693115,7579,3,"meta_highrescanopyheight_orthophoto",0.5,"orthophoto_50cm_2025","Ostlandet"
"NINFP2110018853",0.659539086863464,0.0279602389782667,15023,2,"meta_highrescanopyheight_orthophoto",0.5,"orthophoto_50cm_2025","Ostlandet"
"NINFP2310117018",0.316053780952144,0.0214647650718689,79445,6,"meta_highrescanopyheight_orthophoto",0.5,"orthophoto_50cm_2025","Ostlandet"
"NINFP2510201732",0.0135630828868506,0.0100626070052385,26470,3,"meta_highrescanopyheight_orthophoto",0.5,"orthophoto_50cm_2025","Ostlandet"
"NINFP2010052216",0.0990934849805151,0.0108515713363886,5761,2,"meta_highrescanopyheight_orthophoto",0.5,"orthophoto_50cm_2025","Ostlandet"
"NINFP2310124469",0.0101342986252404,0.0101276217028499,1537,2,"meta_highrescanopyheight_orthophoto",0.5,"orthophoto_50cm_2025","Ostlandet"
"NINFP2510187244",5.18474318641705,4.28550815582275,51678,6,"meta_highrescanopyheight_orthophoto",0.5,"orthophoto_50cm_2025","Ostlandet"
"NINFP1810035773",6.73615621599041,6.87515830993652,9899,3,"meta_highrescanopyheight_orthophoto",0.5,"orthophoto_50cm_2025","Ostlandet"
"NINFP2310131003",0.0563975723996411,0.0109552703797817,21983,5,"meta_highrescanopyheight_orthophoto",0.5,"orthophoto_50cm_2025","Ostlandet"
"NINFP2110014839",0.271373652316474,0.011314787901938,10943,3,"meta_highrescanopyheight_orthophoto",0.5,"orthophoto_50cm_2025","Ostlandet"
"NINFP2110057833",0.796316372054884,0.0289920419454575,1042065,59,"meta_highrescanopyheight_orthophoto",0.5,"orthophoto_50cm_2025","Ostlandet"
"NINFP1810039257",0.423346593765439,0.0193505417555571,28893,6,"meta_highrescanopyheight_orthophoto",0.5,"orthophoto_50cm_2025","Ostlandet"
"NINFP2110044812",0.0293236182408093,0.0101739475503564,12708,1,"meta_highrescanopyheight_orthophoto",0.5,"orthophoto_50cm_2025","Ostlandet"
"NINFP2510187356",4.49559876326515,3.27286577224731,7216,4,"meta_highrescanopyheight_orthophoto",0.5,"orthophoto_50cm_2025","Ostlandet"
"NINFP2510196972",1.24737904576134,0.0284234462305903,9500,1,"meta_highrescanopyheight_orthophoto",0.5,"orthophoto_50cm_2025","Ostlandet"
"NINFP2310120927",7.09467481303684,7.18162035942078,14960,2,"meta_highrescanopyheight_orthophoto",0.5,"orthophoto_50cm_2025","Ostlandet"
"NINFP1810038185",3.55046446609102,2.64013314247131,15577,3,"meta_highrescanopyheight_orthophoto",0.5,"orthophoto_50cm_2025","Ostlandet"
"NINFP2110014475",1.98872106654986,1.10891366004944,11367,2,"meta_highrescanopyheight_orthophoto",0.5,"orthophoto_50cm_2025","Ostlandet"
