"id","meta_chm_mean","meta_chm_median","meta_chm_n","n_tiles","chm_source","model_input_res_m","ortho_source","region_filter"
"NINFP1810035554",1.11592564740984,0.293310552835464,8471,2,"meta_highrescanopyheight_orthophoto",0.5,"orthophoto_50cm_2025","Nord-Norge"
"NINFP2110050629",0.0105815965625712,0.0101175345480442,4018,2,"meta_highrescanopyheight_orthophoto",0.5,"orthophoto_50cm_2025","Nord-Norge"
"NINFP2010039127",1.99414453063035,0.323316141963005,1904,1,"meta_highrescanopyheight_orthophoto",0.5,"orthophoto_50cm_2025","Nord-Norge"
"NINFP2010006882",0.458022119739163,0.0109520200639963,40338,5,"meta_highrescanopyheight_orthophoto",0.5,"orthophoto_50cm_2025","Nord-Norge"
"NINFP2310116309",0.345036151528966,0.0105012794956565,17132,2,"meta_highrescanopyheight_orthophoto",0.5,"orthophoto_50cm_2025","Nord-Norge"
"NINFP1810018589",1.18668714215071,0.294959366321564,909,1,"meta_highrescanopyheight_orthophoto",0.5,"orthophoto_50cm_2025","Nord-Norge"
"NINFP2210082739",1.21646771450186,0.0459022633731365,3470,2,"meta_highrescanopyheight_orthophoto",0.5,"orthophoto_50cm_2025","Nord-Norge"
"NINFP2410156101",0.0332110564004927,0.0102170165628195,11558,4,"meta_highrescanopyheight_orthophoto",0.5,"orthophoto_50cm_2025","Nord-Norge"
"NINFP2210107537",0.0112531261226841,0.0100362994708121,33064,2,"meta_highrescanopyheight_orthophoto",0.5,"orthophoto_50cm_2025","Nord-Norge"
"NINFP1810033395",0.0367302431136971,0.0105091244913638,4682,2,"meta_highrescanopyheight_orthophoto",0.5,"orthophoto_50cm_2025","Nord-Norge"
"NINFP2510186474",0.0109806506990415,0.0101173748262227,34558,3,"meta_highrescanopyheight_orthophoto",0.5,"orthophoto_50cm_2025","Nord-Norge"
"NINFP2010021275",2.11719797731578,0.723573565483093,8799,1,"meta_highrescanopyheight_orthophoto",0.5,"orthophoto_50cm_2025","Nord-Norge"
"NINFP2110036303",0.0153902672425811,0.0100604547187686,331031,22,"meta_highrescanopyheight_orthophoto",0.5,"orthophoto_50cm_2025","Nord-Norge"
"NINFP1810032733",0.294077717566787,0.0104337632656097,733719,35,"meta_highrescanopyheight_orthophoto",0.5,"orthophoto_50cm_2025","Nord-Norge"
"NINFP1810016192",0.0267504759169732,0.0133866667747498,6315,2,"meta_highrescanopyheight_orthophoto",0.5,"orthophoto_50cm_2025","Nord-Norge"
"NINFP1810034454",0.034183732848759,0.0100707812234759,6410683,183,"meta_highrescanopyheight_orthophoto",0.5,"orthophoto_50cm_2025","Nord-Norge"
"NINFP2410150327",0.0175129617291031,0.0100754909217358,1858679,79,"meta_highrescanopyheight_orthophoto",0.5,"orthophoto_50cm_2025","Nord-Norge"
"NINFP1910019892",0.291925495566068,0.0106285531073809,4285,2,"meta_highrescanopyheight_orthophoto",0.5,"orthophoto_50cm_2025","Nord-Norge"
"NINFP2510215301",2.8438009076823,1.71136766672134,23732,4,"meta_highrescanopyheight_orthophoto",0.5,"orthophoto_50cm_2025","Nord-Norge"
"NINFP1910018235",4.62774941126181,2.8415904045105,4327,4,"meta_highrescanopyheight_orthophoto",0.5,"orthophoto_50cm_2025","Nord-Norge"
"NINFP1810038474",0.0246299428632014,0.0100860893726349,8713093,266,"meta_highrescanopyheight_orthophoto",0.5,"orthophoto_50cm_2025","Nord-Norge"
"NINFP2110021574",0.402063446370212,0.0163179151713848,6614,2,"meta_highrescanopyheight_orthophoto",0.5,"orthophoto_50cm_2025","Nord-Norge"
"NINFP2510185220",0.0378029717291438,0.0100759789347649,7815085,166,"meta_highrescanopyheight_orthophoto",0.5,"orthophoto_50cm_2025","Nord-Norge"
"NINFP2010024604",0.15352450641134,0.0103477039374411,81800,7,"meta_highrescanopyheight_orthophoto",0.5,"orthophoto_50cm_2025","Nord-Norge"
"NINFP1810012104",0.0260925904466895,0.010075930505991,1538573,60,"meta_highrescanopyheight_orthophoto",0.5,"orthophoto_50cm_2025","Nord-Norge"
"NINFP2010006886",0.281137861299967,0.0104885445907712,46937,4,"meta_highrescanopyheight_orthophoto",0.5,"orthophoto_50cm_2025","Nord-Norge"
"NINFP2010014481",5.01685388107535,4.49235248565674,183408,22,"meta_highrescanopyheight_orthophoto",0.5,"orthophoto_50cm_2025","Nord-Norge"
"NINFP2010023946",5.30329334287836,5.14366173744202,5516,1,"meta_highrescanopyheight_orthophoto",0.5,"orthophoto_50cm_2025","Nord-Norge"
"NINFP2510188685",0.0616692697590946,0.0100792180746794,1409585,39,"meta_highrescanopyheight_orthophoto",0.5,"orthophoto_50cm_2025","Nord-Norge"
"NINFP1910023808",0.0101510605592377,0.0100406371057034,27096,2,"meta_highrescanopyheight_orthophoto",0.5,"orthophoto_50cm_2025","Nord-Norge"
"NINFP2010024599",0.0273935517117051,0.0101280268281698,45645,4,"meta_highrescanopyheight_orthophoto",0.5,"orthophoto_50cm_2025","Nord-Norge"
"NINFP2210104079",0.0935478626198955,0.0107962638139725,73149,6,"meta_highrescanopyheight_orthophoto",0.5,"orthophoto_50cm_2025","Nord-Norge"
"NINFP2010044041",4.78406100338823,5.08567333221436,8220,4,"meta_highrescanopyheight_orthophoto",0.5,"orthophoto_50cm_2025","Nord-Norge"
"NINFP2410172818",0.0742776788377358,0.0100958729162812,8396948,173,"meta_highrescanopyheight_orthophoto",0.5,"orthophoto_50cm_2025","Nord-Norge"
"NINFP2010021917",0.0106776016338948,0.0102708525955677,53682,4,"meta_highrescanopyheight_orthophoto",0.5,"orthophoto_50cm_2025","Nord-Norge"
"NINFP2010025016",0.0101383421767664,0.0100742662325501,60658,4,"meta_highrescanopyheight_orthophoto",0.5,"orthophoto_50cm_2025","Nord-Norge"
"NINFP1810025830",0.0692261470479324,0.0102712539955974,14567,4,"meta_highrescanopyheight_orthophoto",0.5,"orthophoto_50cm_2025","Nord-Norge"
"NINFP2010023498",0.0411032801527179,0.0104081244207919,11790,1,"meta_highrescanopyheight_orthophoto",0.5,"orthophoto_50cm_2025","Nord-Norge"
"NINFP2310132409",0.102540956395448,0.0101285632699728,441842,27,"meta_highrescanopyheight_orthophoto",0.5,"orthophoto_50cm_2025","Nord-Norge"
"NINFP2010024600",0.0227969153412367,0.0100511610507965,489470,18,"meta_highrescanopyheight_orthophoto",0.5,"orthophoto_50cm_2025","Nord-Norge"
"NINFP1910019261",1.87150255785118,0.18173161149025,36770,4,"meta_highrescanopyheight_orthophoto",0.5,"orthophoto_50cm_2025","Nord-Norge"
"NINFP1910026911",0.347037732751637,0.0186845194548368,10621,2,"meta_highrescanopyheight_orthophoto",0.5,"orthophoto_50cm_2025","Nord-Norge"
"NINFP1810036306",0.0710909560310838,0.0100915608927608,2933959,73,"meta_highrescanopyheight_orthophoto",0.5,"orthophoto_50cm_2025","Nord-Norge"
"NINFP1810035338",0.224821299408091,0.0104730557650328,1151253,43,"meta_highrescanopyheight_orthophoto",0.5,"orthophoto_50cm_2025","Nord-Norge"
"NINFP2210097835",0.213051757127246,0.033947667106986,4556,2,"meta_highrescanopyheight_orthophoto",0.5,"orthophoto_50cm_2025","Nord-Norge"
"NINFP2110035213",0.0235120939729255,0.0104362270794809,29760,4,"meta_highrescanopyheight_orthophoto",0.5,"orthophoto_50cm_2025","Nord-Norge"
"NINFP1810031197",0.647406509383337,0.0273179933428764,6913,1,"meta_highrescanopyheight_orthophoto",0.5,"orthophoto_50cm_2025","Nord-Norge"
"NINFP2510204812",0.197982026838288,0.0180465001612902,10072,2,"meta_highrescanopyheight_orthophoto",0.5,"orthophoto_50cm_2025","Nord-Norge"
"NINFP2010039084",2.96491483662947,1.14107656478882,13951,3,"meta_highrescanopyheight_orthophoto",0.5,"orthophoto_50cm_2025","Nord-Norge"
"NINFP2010014477",0.0605671192242706,0.0105752423405647,15862,2,"meta_highrescanopyheight_orthophoto",0.5,"orthophoto_50cm_2025","Nord-Norge"
"NINFP2210090069",0.0100603372214623,0.0100577101111412,10181,2,"meta_highrescanopyheight_orthophoto",0.5,"orthophoto_50cm_2025","Nord-Norge"
"NINFP2010040666",1.57618857744687,0.598284661769867,23305,3,"meta_highrescanopyheight_orthophoto",0.5,"orthophoto_50cm_2025","Nord-Norge"
"NINFP1810034902",0.0853513879426456,0.0105905197560787,66267,5,"meta_highrescanopyheight_orthophoto",0.5,"orthophoto_50cm_2025","Nord-Norge"
"NINFP2210088600",2.00293491053643,0.508426576852798,9052,2,"meta_highrescanopyheight_orthophoto",0.5,"orthophoto_50cm_2025","Nord-Norge"
"NINFP1810035284",1.32653940390698,0.0989399775862694,25686,4,"meta_highrescanopyheight_orthophoto",0.5,"orthophoto_50cm_2025","Nord-Norge"
"NINFP2410150261",0.0103837760592659,0.0102227879688144,24379,4,"meta_highrescanopyheight_orthophoto",0.5,"orthophoto_50cm_2025","Nord-Norge"
"NINFP1910026336",2.86466859148958,1.72869521379471,10388,2,"meta_highrescanopyheight_orthophoto",0.5,"orthophoto_50cm_2025","Nord-Norge"
"NINFP1910019329",0.0549463936965684,0.0112703517079353,5287,2,"meta_highrescanopyheight_orthophoto",0.5,"orthophoto_50cm_2025","Nord-Norge"
"NINFP2110022889",0.408500069842119,0.013241573702544,4616,2,"meta_highrescanopyheight_orthophoto",0.5,"orthophoto_50cm_2025","Nord-Norge"
"NINFP2210084137",0.0132395230734921,0.0101597071625292,62358,5,"meta_highrescanopyheight_orthophoto",0.5,"orthophoto_50cm_2025","Nord-Norge"
"NINFP2110045163",0.265234223387715,0.0113622145727277,14227,2,"meta_highrescanopyheight_orthophoto",0.5,"orthophoto_50cm_2025","Nord-Norge"
"NINFP2510185955",0.0776292604111046,0.0101889334619045,40017,3,"meta_highrescanopyheight_orthophoto",0.5,"orthophoto_50cm_2025","Nord-Norge"
"NINFP2010021715",3.46133332333191,3.15180909633636,5664,2,"meta_highrescanopyheight_orthophoto",0.5,"orthophoto_50cm_2025","Nord-Norge"
"NINFP2010049085",0.323607551905743,0.012017915956676,44744,3,"meta_highrescanopyheight_orthophoto",0.5,"orthophoto_50cm_2025","Nord-Norge"
"NINFP2110020762",0.17966477561891,0.0113607523962855,41275,6,"meta_highrescanopyheight_orthophoto",0.5,"orthophoto_50cm_2025","Nord-Norge"
"NINFP2510185464",0.0100984898407582,0.0100698247551918,13004,2,"meta_highrescanopyheight_orthophoto",0.5,"orthophoto_50cm_2025","Nord-Norge"
"NINFP2510193182",0.0102618725231232,0.0101442914456129,43545,5,"meta_highrescanopyheight_orthophoto",0.5,"orthophoto_50cm_2025","Nord-Norge"
"NINFP2410172249",0.407079615392098,0.0116970716044307,4056,1,"meta_highrescanopyheight_orthophoto",0.5,"orthophoto_50cm_2025","Nord-Norge"
"NINFP2210101297",1.11717194152174,0.0879277884960175,5081,2,"meta_highrescanopyheight_orthophoto",0.5,"orthophoto_50cm_2025","Nord-Norge"
"NINFP2210090064",0.0100611146070332,0.0100554609671235,5793,1,"meta_highrescanopyheight_orthophoto",0.5,"orthophoto_50cm_2025","Nord-Norge"
"NINFP2410173219",0.18118663057089,0.010346217546612,9690,4,"meta_highrescanopyheight_orthophoto",0.5,"orthophoto_50cm_2025","Nord-Norge"
"NINFP1810035099",0.0338054199233867,0.010292848572135,64353,5,"meta_highrescanopyheight_orthophoto",0.5,"orthophoto_50cm_2025","Nord-Norge"
"NINFP1910025869",1.84473967822885,0.678202211856842,1542,1,"meta_highrescanopyheight_orthophoto",0.5,"orthophoto_50cm_2025","Nord-Norge"
"NINFP1810034581",0.875045194890372,0.0190000738948584,57914,5,"meta_highrescanopyheight_orthophoto",0.5,"orthophoto_50cm_2025","Nord-Norge"
"NINFP2110033636",0.0278059451403733,0.0101661905646324,15399,3,"meta_highrescanopyheight_orthophoto",0.5,"orthophoto_50cm_2025","Nord-Norge"
"NINFP1810036358",0.0259481772881391,0.0103497691452503,12009,2,"meta_highrescanopyheight_orthophoto",0.5,"orthophoto_50cm_2025","Nord-Norge"
"NINFP2010024595",0.0152044529278797,0.01017726957798,18829,4,"meta_highrescanopyheight_orthophoto",0.5,"orthophoto_50cm_2025","Nord-Norge"
"NINFP2210094464",0.041796259570108,0.0102454051375389,203203,20,"meta_highrescanopyheight_orthophoto",0.5,"orthophoto_50cm_2025","Nord-Norge"
"NINFP2210094770",0.0457227018479017,0.0106810280121863,27902,3,"meta_highrescanopyheight_orthophoto",0.5,"orthophoto_50cm_2025","Nord-Norge"
"NINFP2010040305",0.821230570446249,0.156554155051708,5254,2,"meta_highrescanopyheight_orthophoto",0.5,"orthophoto_50cm_2025","Nord-Norge"
"NINFP2510203419",0.0100636356219008,0.0100400624796748,31453,4,"meta_highrescanopyheight_orthophoto",0.5,"orthophoto_50cm_2025","Nord-Norge"
"NINFP2310126659",0.10183850524566,0.0113785434514284,6741,4,"meta_highrescanopyheight_orthophoto",0.5,"orthophoto_50cm_2025","Nord-Norge"
"NINFP1810034024",0.0812065623246044,0.0102455280721188,180096,10,"meta_highrescanopyheight_orthophoto",0.5,"orthophoto_50cm_2025","Nord-Norge"
"NINFP2010029814",2.48109013514171,0.820633828639984,5031,1,"meta_highrescanopyheight_orthophoto",0.5,"orthophoto_50cm_2025","Nord-Norge"
"NINFP2010040834",0.375768333925747,0.0116791883483529,7450,2,"meta_highrescanopyheight_orthophoto",0.5,"orthophoto_50cm_2025","Nord-Norge"
"NINFP2010016113",0.24151396452659,0.0101318210363388,374397,17,"meta_highrescanopyheight_orthophoto",0.5,"orthophoto_50cm_2025","Nord-Norge"
"NINFP2110056627",0.0121713674235567,0.0101876081898808,13375,3,"meta_highrescanopyheight_orthophoto",0.5,"orthophoto_50cm_2025","Nord-Norge"
"NINFP2010032211",0.0548039719131914,0.0102413920685649,701726,36,"meta_highrescanopyheight_orthophoto",0.5,"orthophoto_50cm_2025","Nord-Norge"
"NINFP2210090080",0.187918817863424,0.010163810569793,178662,15,"meta_highrescanopyheight_orthophoto",0.5,"orthophoto_50cm_2025","Nord-Norge"
"NINFP2510202514",2.72448141085878,2.95511031150818,7449,2,"meta_highrescanopyheight_orthophoto",0.5,"orthophoto_50cm_2025","Nord-Norge"
"NINFP1810035518",1.12254097035552,0.101752810180187,60442,4,"meta_highrescanopyheight_orthophoto",0.5,"orthophoto_50cm_2025","Nord-Norge"
"NINFP2210105616",5.55235713323699,6.01408195495605,6811,4,"meta_highrescanopyheight_orthophoto",0.5,"orthophoto_50cm_2025","Nord-Norge"
"NINFP2110023072",0.0398664574214336,0.010239927098155,32053,4,"meta_highrescanopyheight_orthophoto",0.5,"orthophoto_50cm_2025","Nord-Norge"
"NINFP2210078023",0.212621903119304,0.0101646827533841,563501,22,"meta_highrescanopyheight_orthophoto",0.5,"orthophoto_50cm_2025","Nord-Norge"
"NINFP2410151642",0.10290983029696,0.0101863094605505,92294,5,"meta_highrescanopyheight_orthophoto",0.5,"orthophoto_50cm_2025","Nord-Norge"
"NINFP2410147831",0.077535818919713,0.0103919133543968,18455,3,"meta_highrescanopyheight_orthophoto",0.5,"orthophoto_50cm_2025","Nord-Norge"
"NINFP2010026861",1.33732204849596,0.0643603354692459,57635,7,"meta_highrescanopyheight_orthophoto",0.5,"orthophoto_50cm_2025","Nord-Norge"
"NINFP2010029820",0.0914394054245609,0.0106096090748906,5831,2,"meta_highrescanopyheight_orthophoto",0.5,"orthophoto_50cm_2025","Nord-Norge"
"NINFP1810036305",2.05208968830744,1.34922850131989,33923,5,"meta_highrescanopyheight_orthophoto",0.5,"orthophoto_50cm_2025","Nord-Norge"
"NINFP2510194605",5.26006664789912,5.57144117355347,6849,1,"meta_highrescanopyheight_orthophoto",0.5,"orthophoto_50cm_2025","Nord-Norge"
"NINFP2010024563",0.110517006306932,0.010827524587512,14621,2,"meta_highrescanopyheight_orthophoto",0.5,"orthophoto_50cm_2025","Nord-Norge"
"NINFP2310133412",0.591481227588445,0.0217130575329065,11027,2,"meta_highrescanopyheight_orthophoto",0.5,"orthophoto_50cm_2025","Nord-Norge"
"NINFP1810013469",0.157041182403678,0.0103297075256705,80125,4,"meta_highrescanopyheight_orthophoto",0.5,"orthophoto_50cm_2025","Nord-Norge"
"NINFP2410155536",0.0814928739858039,0.0104994070716202,3482,3,"meta_highrescanopyheight_orthophoto",0.5,"orthophoto_50cm_2025","Nord-Norge"
"NINFP2010010205",2.61143962993188,0.556371092796326,6545,2,"meta_highrescanopyheight_orthophoto",0.5,"orthophoto_50cm_2025","Nord-Norge"
"NINFP2210100481",0.0578558864010779,0.0103583605960011,99089,8,"meta_highrescanopyheight_orthophoto",0.5,"orthophoto_50cm_2025","Nord-Norge"
"NINFP1910017358",0.39663806519241,0.0250647682696581,25757,2,"meta_highrescanopyheight_orthophoto",0.5,"orthophoto_50cm_2025","Nord-Norge"
"NINFP2210100638",5.59037854777332,6.4612443447113,5034,1,"meta_highrescanopyheight_orthophoto",0.5,"orthophoto_50cm_2025","Nord-Norge"
"NINFP2210089600",0.0998855668552664,0.0103494664654136,5419,2,"meta_highrescanopyheight_orthophoto",0.5,"orthophoto_50cm_2025","Nord-Norge"
"NINFP2310130028",0.0216662415181255,0.0104057854041457,4350,2,"meta_highrescanopyheight_orthophoto",0.5,"orthophoto_50cm_2025","Nord-Norge"
"NINFP2110020763",0.036908460508643,0.0102633866481483,24742,3,"meta_highrescanopyheight_orthophoto",0.5,"orthophoto_50cm_2025","Nord-Norge"
"NINFP2510215295",0.060331316362136,0.0111057469621301,25397,3,"meta_highrescanopyheight_orthophoto",0.5,"orthophoto_50cm_2025","Nord-Norge"
"NINFP2010026856",0.0449943710678107,0.0102234613150358,8821,3,"meta_highrescanopyheight_orthophoto",0.5,"orthophoto_50cm_2025","Nord-Norge"
"NINFP1810016193",0.114867403041481,0.0116675579920411,158347,12,"meta_highrescanopyheight_orthophoto",0.5,"orthophoto_50cm_2025","Nord-Norge"
"NINFP2510198111",0.0585340543741628,0.0102484337985516,13430,4,"meta_highrescanopyheight_orthophoto",0.5,"orthophoto_50cm_2025","Nord-Norge"
"NINFP1810025362",1.38720273500485,0.127923876047134,4268,2,"meta_highrescanopyheight_orthophoto",0.5,"orthophoto_50cm_2025","Nord-Norge"
"NINFP2510190617",0.010032785613004,0.0100295767188072,6295,2,"meta_highrescanopyheight_orthophoto",0.5,"orthophoto_50cm_2025","Nord-Norge"
"NINFP2210099311",0.0163659602951123,0.0102378744632006,17011,1,"meta_highrescanopyheight_orthophoto",0.5,"orthophoto_50cm_2025","Nord-Norge"
"NINFP2010044361",0.0463534267045642,0.0100646642968059,264893,12,"meta_highrescanopyheight_orthophoto",0.5,"orthophoto_50cm_2025","Nord-Norge"
"NINFP2210083912",0.0193903970219741,0.0104439919814467,6729,2,"meta_highrescanopyheight_orthophoto",0.5,"orthophoto_50cm_2025","Nord-Norge"
"NINFP2510200527",0.462325754202902,0.0107878753915429,28190,3,"meta_highrescanopyheight_orthophoto",0.5,"orthophoto_50cm_2025","Nord-Norge"
"NINFP2410172707",0.0406083447087647,0.0101345824077725,10895,2,"meta_highrescanopyheight_orthophoto",0.5,"orthophoto_50cm_2025","Nord-Norge"
"NINFP2510209818",3.52594993533718,2.94644248485565,18532,4,"meta_highrescanopyheight_orthophoto",0.5,"orthophoto_50cm_2025","Nord-Norge"
"NINFP2110036445",0.0104702160165544,0.0101968562230468,26852,4,"meta_highrescanopyheight_orthophoto",0.5,"orthophoto_50cm_2025","Nord-Norge"
"NINFP2410157035",4.75338586584739,4.97241353988647,5144,1,"meta_highrescanopyheight_orthophoto",0.5,"orthophoto_50cm_2025","Nord-Norge"
"NINFP1810030753",0.078436347737823,0.0101803503930569,481422,26,"meta_highrescanopyheight_orthophoto",0.5,"orthophoto_50cm_2025","Nord-Norge"
"NINFP1810018101",0.199296896971294,0.0248530358076096,24499,2,"meta_highrescanopyheight_orthophoto",0.5,"orthophoto_50cm_2025","Nord-Norge"
"NINFP1810022672",0.602937081619241,0.0274312775582075,6469,4,"meta_highrescanopyheight_orthophoto",0.5,"orthophoto_50cm_2025","Nord-Norge"
"NINFP2010056094",0.156303275569612,0.0109131089411676,13662,4,"meta_highrescanopyheight_orthophoto",0.5,"orthophoto_50cm_2025","Nord-Norge"
"NINFP2410157880",0.0215212119638673,0.010140142403543,20220,4,"meta_highrescanopyheight_orthophoto",0.5,"orthophoto_50cm_2025","Nord-Norge"
"NINFP2010034265",1.08449267037165,0.259839102625847,3902,2,"meta_highrescanopyheight_orthophoto",0.5,"orthophoto_50cm_2025","Nord-Norge"
"NINFP1810017218",0.043434430854643,0.0107359336689115,3117,1,"meta_highrescanopyheight_orthophoto",0.5,"orthophoto_50cm_2025","Nord-Norge"
"NINFP2110019906",0.301682622648275,0.0101597094908357,32978,4,"meta_highrescanopyheight_orthophoto",0.5,"orthophoto_50cm_2025","Nord-Norge"
"NINFP2210086265",0.0515211263694932,0.010500774718821,11535,4,"meta_highrescanopyheight_orthophoto",0.5,"orthophoto_50cm_2025","Nord-Norge"
"NINFP1810034729",0.527652669653098,0.0150611000135541,13876,1,"meta_highrescanopyheight_orthophoto",0.5,"orthophoto_50cm_2025","Nord-Norge"
"NINFP2310128532",0.358011161218721,0.0320399478077888,6285,2,"meta_highrescanopyheight_orthophoto",0.5,"orthophoto_50cm_2025","Nord-Norge"
"NINFP2110030665",0.0100341692320168,0.0100204572081566,5723,2,"meta_highrescanopyheight_orthophoto",0.5,"orthophoto_50cm_2025","Nord-Norge"
"NINFP2310139230",4.26031675612714,3.86095786094666,9457,5,"meta_highrescanopyheight_orthophoto",0.5,"orthophoto_50cm_2025","Nord-Norge"
"NINFP2310132339",0.0210960801022376,0.0101935882121325,60705,6,"meta_highrescanopyheight_orthophoto",0.5,"orthophoto_50cm_2025","Nord-Norge"
"NINFP2210108370",0.0153319900284798,0.0102175455540419,9352,2,"meta_highrescanopyheight_orthophoto",0.5,"orthophoto_50cm_2025","Nord-Norge"
"NINFP2410162223",0.0202674092400039,0.0102732232771814,3956,2,"meta_highrescanopyheight_orthophoto",0.5,"orthophoto_50cm_2025","Nord-Norge"
"NINFP1810017222",1.38445599542002,0.505454987287521,399398,15,"meta_highrescanopyheight_orthophoto",0.5,"orthophoto_50cm_2025","Nord-Norge"
"NINFP2310132036",3.63233045490504,4.0616569519043,60712,6,"meta_highrescanopyheight_orthophoto",0.5,"orthophoto_50cm_2025","Nord-Norge"
"NINFP2510201440",3.66228903385577,1.58463406562805,9521,2,"meta_highrescanopyheight_orthophoto",0.5,"orthophoto_50cm_2025","Nord-Norge"
"NINFP1810023038",0.484656367743055,0.0169911785051227,27576,5,"meta_highrescanopyheight_orthophoto",0.5,"orthophoto_50cm_2025","Nord-Norge"
"NINFP1910030247",2.26010733297406,0.570602178573608,1479,1,"meta_highrescanopyheight_orthophoto",0.5,"orthophoto_50cm_2025","Nord-Norge"
"NINFP2310141801",0.0188981380466164,0.0102503886446357,16901,2,"meta_highrescanopyheight_orthophoto",0.5,"orthophoto_50cm_2025","Nord-Norge"
"NINFP2210099015",0.0636867914545074,0.0100740124471486,89130,5,"meta_highrescanopyheight_orthophoto",0.5,"orthophoto_50cm_2025","Nord-Norge"
"NINFP1910019113",0.502519601420379,0.0120332115329802,11194,2,"meta_highrescanopyheight_orthophoto",0.5,"orthophoto_50cm_2025","Nord-Norge"
"NINFP1810031194",0.924285174405938,0.122135419398546,18984,3,"meta_highrescanopyheight_orthophoto",0.5,"orthophoto_50cm_2025","Nord-Norge"
"NINFP2110019418",0.506934163455568,0.0147058982402086,9637,2,"meta_highrescanopyheight_orthophoto",0.5,"orthophoto_50cm_2025","Nord-Norge"
"NINFP2010025018",0.0106855070671644,0.010062959510833,52016,4,"meta_highrescanopyheight_orthophoto",0.5,"orthophoto_50cm_2025","Nord-Norge"
"NINFP2310132666",0.123236256943623,0.0107200033962727,5855,2,"meta_highrescanopyheight_orthophoto",0.5,"orthophoto_50cm_2025","Nord-Norge"
"NINFP2110036473",0.0179161341082942,0.0100859580561519,71379,6,"meta_highrescanopyheight_orthophoto",0.5,"orthophoto_50cm_2025","Nord-Norge"
"NINFP2010036851",1.64570646744018,0.401415541768074,6612,2,"meta_highrescanopyheight_orthophoto",0.5,"orthophoto_50cm_2025","Nord-Norge"
"NINFP2210090078",0.0102362433809853,0.0101014203391969,29876,4,"meta_highrescanopyheight_orthophoto",0.5,"orthophoto_50cm_2025","Nord-Norge"
"NINFP2010023567",0.0918636428310339,0.0114333080127835,8108,2,"meta_highrescanopyheight_orthophoto",0.5,"orthophoto_50cm_2025","Nord-Norge"
"NINFP2010021885",5.69838183101208,6.28524017333984,45270,5,"meta_highrescanopyheight_orthophoto",0.5,"orthophoto_50cm_2025","Nord-Norge"
"NINFP2310123149",0.31409170469202,0.010913816280663,12341,2,"meta_highrescanopyheight_orthophoto",0.5,"orthophoto_50cm_2025","Nord-Norge"
"NINFP2410172805",0.121454514007887,0.0113615058362484,6215,2,"meta_highrescanopyheight_orthophoto",0.5,"orthophoto_50cm_2025","Nord-Norge"
"NINFP1810018930",0.0226983568049665,0.0101443575695157,112544,8,"meta_highrescanopyheight_orthophoto",0.5,"orthophoto_50cm_2025","Nord-Norge"
"NINFP2310132683",0.226478801837973,0.0106700616888702,5466,2,"meta_highrescanopyheight_orthophoto",0.5,"orthophoto_50cm_2025","Nord-Norge"
"NINFP1810023251",1.7826468846869,0.283113747835159,34797,5,"meta_highrescanopyheight_orthophoto",0.5,"orthophoto_50cm_2025","Nord-Norge"
"NINFP1810037360",1.87356323788951,0.489139407873154,1265,1,"meta_highrescanopyheight_orthophoto",0.5,"orthophoto_50cm_2025","Nord-Norge"
"NINFP2310132646",0.0325463273310572,0.0109175737015903,38544,3,"meta_highrescanopyheight_orthophoto",0.5,"orthophoto_50cm_2025","Nord-Norge"
"NINFP1810018109",0.0347396123099476,0.0101192146539688,239453,15,"meta_highrescanopyheight_orthophoto",0.5,"orthophoto_50cm_2025","Nord-Norge"
"NINFP2310141643",0.448884009380895,0.0106628015637398,15386,2,"meta_highrescanopyheight_orthophoto",0.5,"orthophoto_50cm_2025","Nord-Norge"
"NINFP2210086271",0.234376528418835,0.0104120271280408,92543,6,"meta_highrescanopyheight_orthophoto",0.5,"orthophoto_50cm_2025","Nord-Norge"
"NINFP2210103889",0.0401546262203012,0.0100928954780102,56960,4,"meta_highrescanopyheight_orthophoto",0.5,"orthophoto_50cm_2025","Nord-Norge"
"NINFP2110030767",0.0100384669876069,0.0100330738350749,27947,3,"meta_highrescanopyheight_orthophoto",0.5,"orthophoto_50cm_2025","Nord-Norge"
"NINFP2410162281",0.02261691272568,0.0104358699172735,7517,2,"meta_highrescanopyheight_orthophoto",0.5,"orthophoto_50cm_2025","Nord-Norge"
"NINFP2410172689",0.0119575278705692,0.0102185821160674,7505,1,"meta_highrescanopyheight_orthophoto",0.5,"orthophoto_50cm_2025","Nord-Norge"
"NINFP2410154185",2.94094569710867,2.0497670173645,39669,4,"meta_highrescanopyheight_orthophoto",0.5,"orthophoto_50cm_2025","Nord-Norge"
"NINFP2210104084",0.0671128700942406,0.0112619353458285,4185,1,"meta_highrescanopyheight_orthophoto",0.5,"orthophoto_50cm_2025","Nord-Norge"
"NINFP2010023314",2.20236033644003,0.712747037410736,14815,3,"meta_highrescanopyheight_orthophoto",0.5,"orthophoto_50cm_2025","Nord-Norge"
"NINFP2210106211",0.295522202889707,0.0122183617204428,4593,4,"meta_highrescanopyheight_orthophoto",0.5,"orthophoto_50cm_2025","Nord-Norge"
"NINFP2110027469",1.68635019743878,0.943478226661682,19592,3,"meta_highrescanopyheight_orthophoto",0.5,"orthophoto_50cm_2025","Nord-Norge"
"NINFP2210086470",0.249511243185073,0.0112287839874625,8559,1,"meta_highrescanopyheight_orthophoto",0.5,"orthophoto_50cm_2025","Nord-Norge"
"NINFP2310125743",0.410391222739291,0.0116069000214338,6311,2,"meta_highrescanopyheight_orthophoto",0.5,"orthophoto_50cm_2025","Nord-Norge"
"NINFP2010043237",1.93552071430388,1.59789419174194,3497,2,"meta_highrescanopyheight_orthophoto",0.5,"orthophoto_50cm_2025","Nord-Norge"
"NINFP2210105192",0.16292715244494,0.0116080092266202,14168,3,"meta_highrescanopyheight_orthophoto",0.5,"orthophoto_50cm_2025","Nord-Norge"
"NINFP2010021167",0.0202959130020562,0.0102959210053086,18895,2,"meta_highrescanopyheight_orthophoto",0.5,"orthophoto_50cm_2025","Nord-Norge"
"NINFP2510189096",0.163756081417968,0.010224211961031,126209,9,"meta_highrescanopyheight_orthophoto",0.5,"orthophoto_50cm_2025","Nord-Norge"
"NINFP1810028479",0.785581381534374,0.0350003838539124,31990,6,"meta_highrescanopyheight_orthophoto",0.5,"orthophoto_50cm_2025","Nord-Norge"
"NINFP2410172877",0.0101564397505674,0.0100643401965499,89002,5,"meta_highrescanopyheight_orthophoto",0.5,"orthophoto_50cm_2025","Nord-Norge"
"NINFP2110054974",0.0128555100481995,0.0101565350778401,33114,4,"meta_highrescanopyheight_orthophoto",0.5,"orthophoto_50cm_2025","Nord-Norge"
"NINFP2510188841",0.334011031916946,0.0103285890072584,12590,1,"meta_highrescanopyheight_orthophoto",0.5,"orthophoto_50cm_2025","Nord-Norge"
"NINFP1910031016",0.329271726862045,0.0104218586347997,26524,4,"meta_highrescanopyheight_orthophoto",0.5,"orthophoto_50cm_2025","Nord-Norge"
"NINFP2110051088",0.0111275270439824,0.0101474020630121,13408,1,"meta_highrescanopyheight_orthophoto",0.5,"orthophoto_50cm_2025","Nord-Norge"
"NINFP2010040659",0.686156102600858,0.0198195576667786,1609,1,"meta_highrescanopyheight_orthophoto",0.5,"orthophoto_50cm_2025","Nord-Norge"
"NINFP2210103513",0.0501807591480367,0.0103575261309743,17984,4,"meta_highrescanopyheight_orthophoto",0.5,"orthophoto_50cm_2025","Nord-Norge"
"NINFP2510185405",0.0105829917157019,0.0100787812843919,52251,5,"meta_highrescanopyheight_orthophoto",0.5,"orthophoto_50cm_2025","Nord-Norge"
"NINFP2410157026",0.0165786007237527,0.0101701761595905,27678,5,"meta_highrescanopyheight_orthophoto",0.5,"orthophoto_50cm_2025","Nord-Norge"
"NINFP1810036327",0.784862313454845,0.0628353953361511,75637,5,"meta_highrescanopyheight_orthophoto",0.5,"orthophoto_50cm_2025","Nord-Norge"
"NINFP2410172242",0.0551341130018047,0.0101676043123007,161626,10,"meta_highrescanopyheight_orthophoto",0.5,"orthophoto_50cm_2025","Nord-Norge"
"NINFP2210083456",0.0752896422232033,0.0103370659053326,10197,4,"meta_highrescanopyheight_orthophoto",0.5,"orthophoto_50cm_2025","Nord-Norge"
"NINFP2410167608",0.363357931304821,0.0159674827009439,19896,4,"meta_highrescanopyheight_orthophoto",0.5,"orthophoto_50cm_2025","Nord-Norge"
"NINFP2510185468",0.0101310235766428,0.0101023274473846,37464,5,"meta_highrescanopyheight_orthophoto",0.5,"orthophoto_50cm_2025","Nord-Norge"
"NINFP2010058238",0.0611019160297039,0.010105297435075,672192,16,"meta_highrescanopyheight_orthophoto",0.5,"orthophoto_50cm_2025","Nord-Norge"
"NINFP2310139025",2.57332534368269,1.84808540344238,5651,2,"meta_highrescanopyheight_orthophoto",0.5,"orthophoto_50cm_2025","Nord-Norge"
"NINFP2010026855",0.0439159482797802,0.0102899400517344,13247,2,"meta_highrescanopyheight_orthophoto",0.5,"orthophoto_50cm_2025","Nord-Norge"
"NINFP2010024612",1.2291429594144,0.253792896866798,38508,3,"meta_highrescanopyheight_orthophoto",0.5,"orthophoto_50cm_2025","Nord-Norge"
"NINFP2510211127",0.0100923871876498,0.0100408080033958,91230,7,"meta_highrescanopyheight_orthophoto",0.5,"orthophoto_50cm_2025","Nord-Norge"
"NINFP2410174230",0.185243280663918,0.0126192658208311,18568,2,"meta_highrescanopyheight_orthophoto",0.5,"orthophoto_50cm_2025","Nord-Norge"
"NINFP2110027180",0.0370961657136721,0.0101610543206334,50722,4,"meta_highrescanopyheight_orthophoto",0.5,"orthophoto_50cm_2025","Nord-Norge"
"NINFP1810035392",0.0924418089454958,0.0110060218721628,24443,4,"meta_highrescanopyheight_orthophoto",0.5,"orthophoto_50cm_2025","Nord-Norge"
"NINFP2210099539",0.240109677078665,0.0112452208995819,8099,2,"meta_highrescanopyheight_orthophoto",0.5,"orthophoto_50cm_2025","Nord-Norge"
"NINFP2410173586",0.0105331220276213,0.0102350949309766,3448,2,"meta_highrescanopyheight_orthophoto",0.5,"orthophoto_50cm_2025","Nord-Norge"
"NINFP1910033106",0.0120489297100497,0.0106262438930571,2196,2,"meta_highrescanopyheight_orthophoto",0.5,"orthophoto_50cm_2025","Nord-Norge"
"NINFP2110029484",0.0149492203580196,0.0100877517834306,150931,7,"meta_highrescanopyheight_orthophoto",0.5,"orthophoto_50cm_2025","Nord-Norge"
"NINFP2210094880",0.556178193245627,0.027457483112812,10995,3,"meta_highrescanopyheight_orthophoto",0.5,"orthophoto_50cm_2025","Nord-Norge"
"NINFP1910026022",0.022497013294797,0.0103118792176247,9609,3,"meta_highrescanopyheight_orthophoto",0.5,"orthophoto_50cm_2025","Nord-Norge"
"NINFP2410154228",0.0384833879717947,0.0105371959507465,27445,4,"meta_highrescanopyheight_orthophoto",0.5,"orthophoto_50cm_2025","Nord-Norge"
"NINFP2010015846",0.010496479942728,0.0102238291874528,53256,6,"meta_highrescanopyheight_orthophoto",0.5,"orthophoto_50cm_2025","Nord-Norge"
"NINFP1810034977",0.185482412141601,0.0161654502153397,50347,4,"meta_highrescanopyheight_orthophoto",0.5,"orthophoto_50cm_2025","Nord-Norge"
"NINFP2310134299",0.0153780714071291,0.0104161226190627,2634,1,"meta_highrescanopyheight_orthophoto",0.5,"orthophoto_50cm_2025","Nord-Norge"
"NINFP2210107183",0.0498203538524613,0.010167601518333,780637,35,"meta_highrescanopyheight_orthophoto",0.5,"orthophoto_50cm_2025","Nord-Norge"
"NINFP2010023146",2.61947614835962,0.772417664527893,30548,6,"meta_highrescanopyheight_orthophoto",0.5,"orthophoto_50cm_2025","Nord-Norge"
"NINFP2010040833",0.855788527034387,0.0636358372867107,6380,1,"meta_highrescanopyheight_orthophoto",0.5,"orthophoto_50cm_2025","Nord-Norge"
"NINFP2410157418",2.98123289664524,2.44801235198975,3207,2,"meta_highrescanopyheight_orthophoto",0.5,"orthophoto_50cm_2025","Nord-Norge"
"NINFP2510198646",4.53758623362294,4.89075756072998,3299,2,"meta_highrescanopyheight_orthophoto",0.5,"orthophoto_50cm_2025","Nord-Norge"
"NINFP2310130176",0.0302095050674086,0.0108603863045573,1598,1,"meta_highrescanopyheight_orthophoto",0.5,"orthophoto_50cm_2025","Nord-Norge"
"NINFP2310135427",0.0245014257872924,0.0109900208190084,16999,3,"meta_highrescanopyheight_orthophoto",0.5,"orthophoto_50cm_2025","Nord-Norge"
"NINFP2110022309",0.0111276302437059,0.010190203320235,4882,2,"meta_highrescanopyheight_orthophoto",0.5,"orthophoto_50cm_2025","Nord-Norge"
"NINFP2010023657",5.04108203159493,5.13424015045166,16121,4,"meta_highrescanopyheight_orthophoto",0.5,"orthophoto_50cm_2025","Nord-Norge"
"NINFP1910023812",0.0513056814473836,0.0101687721908092,71769,7,"meta_highrescanopyheight_orthophoto",0.5,"orthophoto_50cm_2025","Nord-Norge"
"NINFP2210102408",0.0128708718047361,0.010315515100956,13888,4,"meta_highrescanopyheight_orthophoto",0.5,"orthophoto_50cm_2025","Nord-Norge"
"NINFP2010017882",3.12687709118349,2.90417766571045,33457,3,"meta_highrescanopyheight_orthophoto",0.5,"orthophoto_50cm_2025","Nord-Norge"
"NINFP1810032863",0.785560365504737,0.01381307374686,55883,5,"meta_highrescanopyheight_orthophoto",0.5,"orthophoto_50cm_2025","Nord-Norge"
"NINFP1810027229",0.091812978639737,0.0102045685052872,94103,7,"meta_highrescanopyheight_orthophoto",0.5,"orthophoto_50cm_2025","Nord-Norge"
"NINFP2010024613",0.113368123975992,0.0106058805249631,9366,3,"meta_highrescanopyheight_orthophoto",0.5,"orthophoto_50cm_2025","Nord-Norge"
"NINFP2010012351",4.25058451522437,2.70334756374359,30828,2,"meta_highrescanopyheight_orthophoto",0.5,"orthophoto_50cm_2025","Nord-Norge"
"NINFP2510203752",0.0537043658809709,0.0100602768361568,605469,19,"meta_highrescanopyheight_orthophoto",0.5,"orthophoto_50cm_2025","Nord-Norge"
"NINFP2110025324",0.0406332556962254,0.0101091209799051,67166,3,"meta_highrescanopyheight_orthophoto",0.5,"orthophoto_50cm_2025","Nord-Norge"
"NINFP1810026894",0.0109941355903377,0.0109706493094563,193,1,"meta_highrescanopyheight_orthophoto",0.5,"orthophoto_50cm_2025","Nord-Norge"
"NINFP2410172835",2.12779285513155,1.2882553935051,14618,5,"meta_highrescanopyheight_orthophoto",0.5,"orthophoto_50cm_2025","Nord-Norge"
"NINFP1810034576",0.128586526701259,0.0128615777939558,97933,5,"meta_highrescanopyheight_orthophoto",0.5,"orthophoto_50cm_2025","Nord-Norge"
"NINFP2310133878",1.74127144740026,0.0861678719520569,8903,2,"meta_highrescanopyheight_orthophoto",0.5,"orthophoto_50cm_2025","Nord-Norge"
"NINFP2510185476",0.0111452282121081,0.0104003399610519,10870,4,"meta_highrescanopyheight_orthophoto",0.5,"orthophoto_50cm_2025","Nord-Norge"
"NINFP2210080767",0.0260085272165867,0.0100901890546083,103787,6,"meta_highrescanopyheight_orthophoto",0.5,"orthophoto_50cm_2025","Nord-Norge"
"NINFP1810022688",1.54551825611984,0.780884325504303,16149,2,"meta_highrescanopyheight_orthophoto",0.5,"orthophoto_50cm_2025","Nord-Norge"
"NINFP2310135784",0.238292542963067,0.0115319467149675,14416,4,"meta_highrescanopyheight_orthophoto",0.5,"orthophoto_50cm_2025","Nord-Norge"
"NINFP2310131647",0.0609160579717243,0.0104336095973849,69228,5,"meta_highrescanopyheight_orthophoto",0.5,"orthophoto_50cm_2025","Nord-Norge"
"NINFP1810036309",0.568852199593775,0.0314147993922234,80588,7,"meta_highrescanopyheight_orthophoto",0.5,"orthophoto_50cm_2025","Nord-Norge"
"NINFP2410172878",0.010660129843345,0.0102574042975903,202961,9,"meta_highrescanopyheight_orthophoto",0.5,"orthophoto_50cm_2025","Nord-Norge"
"NINFP1810035341",0.161183970890376,0.0109525513835251,12546,2,"meta_highrescanopyheight_orthophoto",0.5,"orthophoto_50cm_2025","Nord-Norge"
"NINFP2110027245",0.151924375457961,0.0113092251121998,7207,1,"meta_highrescanopyheight_orthophoto",0.5,"orthophoto_50cm_2025","Nord-Norge"
"NINFP2210098291",4.3084607328863,4.48913717269897,4231,4,"meta_highrescanopyheight_orthophoto",0.5,"orthophoto_50cm_2025","Nord-Norge"
"NINFP2210086268",0.416104653598801,0.0104685579426587,12440,2,"meta_highrescanopyheight_orthophoto",0.5,"orthophoto_50cm_2025","Nord-Norge"
"NINFP2410174977",0.102023676838905,0.0101242107339203,18504,3,"meta_highrescanopyheight_orthophoto",0.5,"orthophoto_50cm_2025","Nord-Norge"
"NINFP2210103683",3.7893368021807,3.44002330303192,10472,3,"meta_highrescanopyheight_orthophoto",0.5,"orthophoto_50cm_2025","Nord-Norge"
"NINFP2510201085",0.296207604753093,0.012665786780417,13629,2,"meta_highrescanopyheight_orthophoto",0.5,"orthophoto_50cm_2025","Nord-Norge"
"NINFP2010026146",1.79407837880151,0.206738136708736,5160,2,"meta_highrescanopyheight_orthophoto",0.5,"orthophoto_50cm_2025","Nord-Norge"
"NINFP2410156625",2.55784974594598,1.30122965574265,43862,8,"meta_highrescanopyheight_orthophoto",0.5,"orthophoto_50cm_2025","Nord-Norge"
"NINFP2210103448",0.139086644769921,0.0103640938177705,16099,3,"meta_highrescanopyheight_orthophoto",0.5,"orthophoto_50cm_2025","Nord-Norge"
"NINFP2210080199",1.09527227236092,0.413944289088249,43160,5,"meta_highrescanopyheight_orthophoto",0.5,"orthophoto_50cm_2025","Nord-Norge"
"NINFP2510188669",0.0625258269583358,0.010123192332685,57789,4,"meta_highrescanopyheight_orthophoto",0.5,"orthophoto_50cm_2025","Nord-Norge"
"NINFP2410160194",5.96924585324747,6.44183254241943,81,1,"meta_highrescanopyheight_orthophoto",0.5,"orthophoto_50cm_2025","Nord-Norge"
"NINFP2110032995",0.0492374592656256,0.010190942324698,40941,6,"meta_highrescanopyheight_orthophoto",0.5,"orthophoto_50cm_2025","Nord-Norge"
"NINFP2010013725",2.46650501369902,2.24255478382111,1228,1,"meta_highrescanopyheight_orthophoto",0.5,"orthophoto_50cm_2025","Nord-Norge"
"NINFP1910019097",0.0284194184651062,0.0102865379303694,10171,2,"meta_highrescanopyheight_orthophoto",0.5,"orthophoto_50cm_2025","Nord-Norge"
"NINFP2110025383",0.0351559070315628,0.0134050450287759,5128,2,"meta_highrescanopyheight_orthophoto",0.5,"orthophoto_50cm_2025","Nord-Norge"
"NINFP2210103819",0.0138501496545222,0.0102197704836726,45981,4,"meta_highrescanopyheight_orthophoto",0.5,"orthophoto_50cm_2025","Nord-Norge"
"NINFP2010009538",0.527520409670712,0.0112880133092403,43801,6,"meta_highrescanopyheight_orthophoto",0.5,"orthophoto_50cm_2025","Nord-Norge"
"NINFP2010025897",1.73053575025068,0.629827678203583,6812,4,"meta_highrescanopyheight_orthophoto",0.5,"orthophoto_50cm_2025","Nord-Norge"
"NINFP2310130278",0.0690142052693431,0.0111534958705306,9725,4,"meta_highrescanopyheight_orthophoto",0.5,"orthophoto_50cm_2025","Nord-Norge"
"NINFP1810034600",0.0108376316676322,0.0101237231865525,20872,2,"meta_highrescanopyheight_orthophoto",0.5,"orthophoto_50cm_2025","Nord-Norge"
"NINFP2010026148",1.35786083647752,0.125634022057056,9572,2,"meta_highrescanopyheight_orthophoto",0.5,"orthophoto_50cm_2025","Nord-Norge"
"NINFP2310130297",0.0804780474290234,0.010976430028677,3271,1,"meta_highrescanopyheight_orthophoto",0.5,"orthophoto_50cm_2025","Nord-Norge"
"NINFP2010013875",2.57309901485253,1.482501745224,4534,1,"meta_highrescanopyheight_orthophoto",0.5,"orthophoto_50cm_2025","Nord-Norge"
"NINFP2410163400",1.10224945613705,0.0105760106816888,18047,3,"meta_highrescanopyheight_orthophoto",0.5,"orthophoto_50cm_2025","Nord-Norge"
"NINFP2210103903",0.0120000148789876,0.0103169120848179,33827,2,"meta_highrescanopyheight_orthophoto",0.5,"orthophoto_50cm_2025","Nord-Norge"
"NINFP2510203074",0.562850959188924,0.0209968704730272,3218,2,"meta_highrescanopyheight_orthophoto",0.5,"orthophoto_50cm_2025","Nord-Norge"
"NINFP2010034421",0.746862533950542,0.0689553767442703,41829,4,"meta_highrescanopyheight_orthophoto",0.5,"orthophoto_50cm_2025","Nord-Norge"
"NINFP2310141591",0.607349884183012,0.0232962537556887,19748,5,"meta_highrescanopyheight_orthophoto",0.5,"orthophoto_50cm_2025","Nord-Norge"
"NINFP2110022180",1.90216128051239,0.977831810712814,1320,1,"meta_highrescanopyheight_orthophoto",0.5,"orthophoto_50cm_2025","Nord-Norge"
"NINFP2010058619",0.0487217332777087,0.0101262321695685,31155,4,"meta_highrescanopyheight_orthophoto",0.5,"orthophoto_50cm_2025","Nord-Norge"
"NINFP2510205456",0.0100404632360679,0.0100316908210516,11078,2,"meta_highrescanopyheight_orthophoto",0.5,"orthophoto_50cm_2025","Nord-Norge"
"NINFP2310130524",0.123512992863311,0.0103406514972448,24335,3,"meta_highrescanopyheight_orthophoto",0.5,"orthophoto_50cm_2025","Nord-Norge"
"NINFP2110030673",0.0144986584038495,0.0100383646786213,184874,8,"meta_highrescanopyheight_orthophoto",0.5,"orthophoto_50cm_2025","Nord-Norge"
"NINFP1810023751",0.829753853962978,0.258080780506134,24709,5,"meta_highrescanopyheight_orthophoto",0.5,"orthophoto_50cm_2025","Nord-Norge"
"NINFP2210089633",0.109311151601416,0.0101706115528941,16491,2,"meta_highrescanopyheight_orthophoto",0.5,"orthophoto_50cm_2025","Nord-Norge"
"NINFP2310141012",0.110415559237057,0.0103441495448351,11781,3,"meta_highrescanopyheight_orthophoto",0.5,"orthophoto_50cm_2025","Nord-Norge"
"NINFP2010013943",0.273164744209972,0.0111395139247179,15543,4,"meta_highrescanopyheight_orthophoto",0.5,"orthophoto_50cm_2025","Nord-Norge"
"NINFP1810034461",0.0161754661969974,0.0101176565513015,106339,7,"meta_highrescanopyheight_orthophoto",0.5,"orthophoto_50cm_2025","Nord-Norge"
"NINFP2010023493",3.89337790652662,3.47285318374634,27483,4,"meta_highrescanopyheight_orthophoto",0.5,"orthophoto_50cm_2025","Nord-Norge"
"NINFP2010027677",0.0107136652099474,0.0100813256576657,15420,2,"meta_highrescanopyheight_orthophoto",0.5,"orthophoto_50cm_2025","Nord-Norge"
"NINFP2510186162",0.0827657048395414,0.0101773571223021,34280,4,"meta_highrescanopyheight_orthophoto",0.5,"orthophoto_50cm_2025","Nord-Norge"
"NINFP2310130187",0.0230065798061749,0.0110622202046216,716,1,"meta_highrescanopyheight_orthophoto",0.5,"orthophoto_50cm_2025","Nord-Norge"
"NINFP2210076341",0.0102614562114933,0.010210043285042,18780,2,"meta_highrescanopyheight_orthophoto",0.5,"orthophoto_50cm_2025","Nord-Norge"
"NINFP2010025981",0.0290483824089799,0.0102739790454507,25672,6,"meta_highrescanopyheight_orthophoto",0.5,"orthophoto_50cm_2025","Nord-Norge"
"NINFP2310141659",1.96425095233822,0.916864395141602,21957,4,"meta_highrescanopyheight_orthophoto",0.5,"orthophoto_50cm_2025","Nord-Norge"
"NINFP2210103517",0.0162444069866067,0.0102885570377111,8337,2,"meta_highrescanopyheight_orthophoto",0.5,"orthophoto_50cm_2025","Nord-Norge"
"NINFP2310125511",0.0141424372227669,0.0103807998821139,5348,1,"meta_highrescanopyheight_orthophoto",0.5,"orthophoto_50cm_2025","Nord-Norge"
"NINFP2410174298",0.337769347026496,0.0156985856592655,26157,4,"meta_highrescanopyheight_orthophoto",0.5,"orthophoto_50cm_2025","Nord-Norge"
"NINFP2510210243",0.924925985214744,0.0601601302623749,271091,14,"meta_highrescanopyheight_orthophoto",0.5,"orthophoto_50cm_2025","Nord-Norge"
"NINFP1810023035",0.200743853922296,0.0102171283215284,52998,4,"meta_highrescanopyheight_orthophoto",0.5,"orthophoto_50cm_2025","Nord-Norge"
"NINFP2310132290",0.466968221040043,0.0112810488790274,40579,4,"meta_highrescanopyheight_orthophoto",0.5,"orthophoto_50cm_2025","Nord-Norge"
"NINFP2210077653",0.806265903768313,0.010553783737123,103997,8,"meta_highrescanopyheight_orthophoto",0.5,"orthophoto_50cm_2025","Nord-Norge"
"NINFP2010043213",0.522643597708161,0.0201557669788599,3561,3,"meta_highrescanopyheight_orthophoto",0.5,"orthophoto_50cm_2025","Nord-Norge"
"NINFP2210106722",0.304463643413621,0.0188835924491286,44176,4,"meta_highrescanopyheight_orthophoto",0.5,"orthophoto_50cm_2025","Nord-Norge"
"NINFP1810031196",1.00258554944769,0.0974932387471199,8131,2,"meta_highrescanopyheight_orthophoto",0.5,"orthophoto_50cm_2025","Nord-Norge"
"NINFP2210100058",0.0960892122745491,0.010449128691107,7868,4,"meta_highrescanopyheight_orthophoto",0.5,"orthophoto_50cm_2025","Nord-Norge"
"NINFP2110031711",0.0100297972937639,0.010027814656496,11145,2,"meta_highrescanopyheight_orthophoto",0.5,"orthophoto_50cm_2025","Nord-Norge"
"NINFP2410161858",2.31398300266651,1.65035367012024,7247,4,"meta_highrescanopyheight_orthophoto",0.5,"orthophoto_50cm_2025","Nord-Norge"
"NINFP1810031731",0.208497713767213,0.0130236428231001,12827,3,"meta_highrescanopyheight_orthophoto",0.5,"orthophoto_50cm_2025","Nord-Norge"
"NINFP2210108690",0.0182888870976474,0.0102584888227284,7012,2,"meta_highrescanopyheight_orthophoto",0.5,"orthophoto_50cm_2025","Nord-Norge"
"NINFP2410183386",8.55612337863765,10.0308980941772,5193,2,"meta_highrescanopyheight_orthophoto",0.5,"orthophoto_50cm_2025","Nord-Norge"
"NINFP1810037347",1.11551077687561,0.12018296867609,3003,1,"meta_highrescanopyheight_orthophoto",0.5,"orthophoto_50cm_2025","Nord-Norge"
"NINFP2210104077",0.0317190625065157,0.0103651159442961,19830,2,"meta_highrescanopyheight_orthophoto",0.5,"orthophoto_50cm_2025","Nord-Norge"
"NINFP2410173580",0.0146833259598674,0.0106898951344192,2866,1,"meta_highrescanopyheight_orthophoto",0.5,"orthophoto_50cm_2025","Nord-Norge"
"NINFP2210104078",0.0418315468437114,0.0102390684187412,29926,4,"meta_highrescanopyheight_orthophoto",0.5,"orthophoto_50cm_2025","Nord-Norge"
"NINFP1910033764",2.17645402472503,1.02678114175797,14742,2,"meta_highrescanopyheight_orthophoto",0.5,"orthophoto_50cm_2025","Nord-Norge"
"NINFP2010021717",0.363456943317644,0.0102422293275595,23611,2,"meta_highrescanopyheight_orthophoto",0.5,"orthophoto_50cm_2025","Nord-Norge"
"NINFP2210083889",0.306317009222448,0.0103530269116163,9163,2,"meta_highrescanopyheight_orthophoto",0.5,"orthophoto_50cm_2025","Nord-Norge"
"NINFP2510202845",0.039867132969974,0.0114002344198525,6522,2,"meta_highrescanopyheight_orthophoto",0.5,"orthophoto_50cm_2025","Nord-Norge"
"NINFP2410172855",0.0110318225951646,0.0100700315088034,97474,7,"meta_highrescanopyheight_orthophoto",0.5,"orthophoto_50cm_2025","Nord-Norge"
"NINFP1810034955",1.02394221298981,0.048877265304327,73006,6,"meta_highrescanopyheight_orthophoto",0.5,"orthophoto_50cm_2025","Nord-Norge"
"NINFP1810028480",0.0108083604130803,0.0107194157317281,205,1,"meta_highrescanopyheight_orthophoto",0.5,"orthophoto_50cm_2025","Nord-Norge"
"NINFP2410157447",0.0638225751645337,0.0114845619536936,3198,2,"meta_highrescanopyheight_orthophoto",0.5,"orthophoto_50cm_2025","Nord-Norge"
"NINFP2110019877",0.626219494374432,0.0204877443611622,11425,3,"meta_highrescanopyheight_orthophoto",0.5,"orthophoto_50cm_2025","Nord-Norge"
"NINFP2210103331",5.75306078644228,6.34735536575317,7585,2,"meta_highrescanopyheight_orthophoto",0.5,"orthophoto_50cm_2025","Nord-Norge"
"NINFP2510190882",7.02886935441498,7.14600324630737,5770,2,"meta_highrescanopyheight_orthophoto",0.5,"orthophoto_50cm_2025","Nord-Norge"
"NINFP2110055035",0.0116419845942731,0.0102345328778028,24995,4,"meta_highrescanopyheight_orthophoto",0.5,"orthophoto_50cm_2025","Nord-Norge"
"NINFP2510205696",0.264893046128371,0.0241464544087648,8213,4,"meta_highrescanopyheight_orthophoto",0.5,"orthophoto_50cm_2025","Nord-Norge"
"NINFP2010024171",0.0626563403789761,0.010207683313638,19530,3,"meta_highrescanopyheight_orthophoto",0.5,"orthophoto_50cm_2025","Nord-Norge"
"NINFP2410174232",0.069458751835111,0.0109150819480419,14901,1,"meta_highrescanopyheight_orthophoto",0.5,"orthophoto_50cm_2025","Nord-Norge"
"NINFP2310139899",0.0461634543834854,0.0110719129443169,4189,2,"meta_highrescanopyheight_orthophoto",0.5,"orthophoto_50cm_2025","Nord-Norge"
"NINFP2010007060",0.750165844026379,0.0105002983473241,187324,10,"meta_highrescanopyheight_orthophoto",0.5,"orthophoto_50cm_2025","Nord-Norge"
"NINFP2110051280",0.250484922450138,0.0111992745660245,46494,5,"meta_highrescanopyheight_orthophoto",0.5,"orthophoto_50cm_2025","Nord-Norge"
"NINFP2510195568",2.47130254230159,0.596008896827698,9106,2,"meta_highrescanopyheight_orthophoto",0.5,"orthophoto_50cm_2025","Nord-Norge"
"NINFP2510211822",1.0428065931148,0.0883496254682541,8655,1,"meta_highrescanopyheight_orthophoto",0.5,"orthophoto_50cm_2025","Nord-Norge"
"NINFP2310123198",0.114228203306665,0.0109613267704844,10978,4,"meta_highrescanopyheight_orthophoto",0.5,"orthophoto_50cm_2025","Nord-Norge"
"NINFP1810032847",0.843883603705663,0.0745424889028072,14102,3,"meta_highrescanopyheight_orthophoto",0.5,"orthophoto_50cm_2025","Nord-Norge"
"NINFP2510210800",0.408059443979194,0.0348638705909252,151515,6,"meta_highrescanopyheight_orthophoto",0.5,"orthophoto_50cm_2025","Nord-Norge"
"NINFP2410157839",0.0487721209615714,0.0102897817268968,14265,5,"meta_highrescanopyheight_orthophoto",0.5,"orthophoto_50cm_2025","Nord-Norge"
"NINFP2410172822",0.0111892781981797,0.0100807175040245,66217,6,"meta_highrescanopyheight_orthophoto",0.5,"orthophoto_50cm_2025","Nord-Norge"
"NINFP1810034963",0.673220629966118,0.0330726001411676,25630,2,"meta_highrescanopyheight_orthophoto",0.5,"orthophoto_50cm_2025","Nord-Norge"
"NINFP2010028968",0.0862166787120589,0.0103039303794503,16791,2,"meta_highrescanopyheight_orthophoto",0.5,"orthophoto_50cm_2025","Nord-Norge"
"NINFP2010010348",0.603024342926241,0.0120668765157461,124709,7,"meta_highrescanopyheight_orthophoto",0.5,"orthophoto_50cm_2025","Nord-Norge"
"NINFP2510218418",0.0101758253539636,0.010034971870482,87085,5,"meta_highrescanopyheight_orthophoto",0.5,"orthophoto_50cm_2025","Nord-Norge"
"NINFP2510211074",0.01471905203241,0.0100369052961469,301072,10,"meta_highrescanopyheight_orthophoto",0.5,"orthophoto_50cm_2025","Nord-Norge"
"NINFP2010055748",0.0351335472470717,0.0101459659636021,230210,11,"meta_highrescanopyheight_orthophoto",0.5,"orthophoto_50cm_2025","Nord-Norge"
"NINFP2410172846",0.0101484136114048,0.0100779989734292,68208,6,"meta_highrescanopyheight_orthophoto",0.5,"orthophoto_50cm_2025","Nord-Norge"
"NINFP2410172297",0.0147695750779279,0.0101310526952147,46834,6,"meta_highrescanopyheight_orthophoto",0.5,"orthophoto_50cm_2025","Nord-Norge"
"NINFP1910026023",0.0102003666034267,0.0101259648799896,19085,2,"meta_highrescanopyheight_orthophoto",0.5,"orthophoto_50cm_2025","Nord-Norge"
"NINFP2010025011",0.0584082542791401,0.0101326080039144,103329,6,"meta_highrescanopyheight_orthophoto",0.5,"orthophoto_50cm_2025","Nord-Norge"
"NINFP1810024719",0.789181010206811,0.183464519679546,30742,4,"meta_highrescanopyheight_orthophoto",0.5,"orthophoto_50cm_2025","Nord-Norge"
"NINFP2510206650",0.0183907731625368,0.0104557597078383,5504,2,"meta_highrescanopyheight_orthophoto",0.5,"orthophoto_50cm_2025","Nord-Norge"
"NINFP2110020753",0.133586656442837,0.0109152868390083,101236,11,"meta_highrescanopyheight_orthophoto",0.5,"orthophoto_50cm_2025","Nord-Norge"
"NINFP2310127071",0.0567153220263639,0.0104676540941,108463,7,"meta_highrescanopyheight_orthophoto",0.5,"orthophoto_50cm_2025","Nord-Norge"
"NINFP2210104122",3.45816801869959,3.057293176651,2434,2,"meta_highrescanopyheight_orthophoto",0.5,"orthophoto_50cm_2025","Nord-Norge"
"NINFP2510194667",0.0105833151575737,0.0102333542890847,6952,3,"meta_highrescanopyheight_orthophoto",0.5,"orthophoto_50cm_2025","Nord-Norge"
"NINFP2010028918",0.0143339685252633,0.0100965099409223,31874,5,"meta_highrescanopyheight_orthophoto",0.5,"orthophoto_50cm_2025","Nord-Norge"
"NINFP2210084305",1.258992814135,0.0175038073211908,7677,1,"meta_highrescanopyheight_orthophoto",0.5,"orthophoto_50cm_2025","Nord-Norge"
"NINFP2110023242",0.0119931606819443,0.010153410024941,5169,2,"meta_highrescanopyheight_orthophoto",0.5,"orthophoto_50cm_2025","Nord-Norge"
"NINFP1910032947",0.957736518222642,0.0268925642594695,16542,3,"meta_highrescanopyheight_orthophoto",0.5,"orthophoto_50cm_2025","Nord-Norge"
"NINFP2110033121",0.0100829199938457,0.0100694866850972,3733,1,"meta_highrescanopyheight_orthophoto",0.5,"orthophoto_50cm_2025","Nord-Norge"
"NINFP2410154789",0.116362679108257,0.0102598126977682,24548,2,"meta_highrescanopyheight_orthophoto",0.5,"orthophoto_50cm_2025","Nord-Norge"
"NINFP2410173034",0.243448853353633,0.0268482677638531,4305,1,"meta_highrescanopyheight_orthophoto",0.5,"orthophoto_50cm_2025","Nord-Norge"
"NINFP2210112662",0.0221427016969223,0.0101324408315122,117272,9,"meta_highrescanopyheight_orthophoto",0.5,"orthophoto_50cm_2025","Nord-Norge"
"NINFP2210100826",0.290751637853615,0.0111882109194994,25005,5,"meta_highrescanopyheight_orthophoto",0.5,"orthophoto_50cm_2025","Nord-Norge"
"NINFP2110044638",0.180722881727762,0.0170140862464905,6240,1,"meta_highrescanopyheight_orthophoto",0.5,"orthophoto_50cm_2025","Nord-Norge"
"NINFP2210097694",3.44297837750924,3.15779745578766,58532,9,"meta_highrescanopyheight_orthophoto",0.5,"orthophoto_50cm_2025","Nord-Norge"
"NINFP2510215279",0.270171596982102,0.0132110710255802,30004,4,"meta_highrescanopyheight_orthophoto",0.5,"orthophoto_50cm_2025","Nord-Norge"
"NINFP1810028829",0.461996538387852,0.0173590295016766,116769,8,"meta_highrescanopyheight_orthophoto",0.5,"orthophoto_50cm_2025","Nord-Norge"
"NINFP1810044965",0.0106742127463974,0.0101323681883514,23848,4,"meta_highrescanopyheight_orthophoto",0.5,"orthophoto_50cm_2025","Nord-Norge"
"NINFP2510198590",0.824279003717661,0.178455367684364,5656,2,"meta_highrescanopyheight_orthophoto",0.5,"orthophoto_50cm_2025","Nord-Norge"
"NINFP2310132326",0.010560935040522,0.0101565085351467,30712,4,"meta_highrescanopyheight_orthophoto",0.5,"orthophoto_50cm_2025","Nord-Norge"
"NINFP2210097809",0.0769097970820799,0.0357976332306862,5121,2,"meta_highrescanopyheight_orthophoto",0.5,"orthophoto_50cm_2025","Nord-Norge"
"NINFP2010022257",2.23982281672904,0.730933427810669,10653,4,"meta_highrescanopyheight_orthophoto",0.5,"orthophoto_50cm_2025","Nord-Norge"
"NINFP1810015976",0.0210906706193859,0.0100539503619075,203312,7,"meta_highrescanopyheight_orthophoto",0.5,"orthophoto_50cm_2025","Nord-Norge"
"NINFP2010016634",0.349410405722827,0.0113298702053726,385508,12,"meta_highrescanopyheight_orthophoto",0.5,"orthophoto_50cm_2025","Nord-Norge"
"NINFP1910059179",0.0453501868794872,0.0101101044565439,137011,7,"meta_highrescanopyheight_orthophoto",0.5,"orthophoto_50cm_2025","Nord-Norge"
"NINFP2110023412",0.088441286290883,0.0110304513946176,9562,1,"meta_highrescanopyheight_orthophoto",0.5,"orthophoto_50cm_2025","Nord-Norge"
"NINFP2110055034",0.0189743856187891,0.0105208437889814,5831,2,"meta_highrescanopyheight_orthophoto",0.5,"orthophoto_50cm_2025","Nord-Norge"
"NINFP2010039019",0.501338601628412,0.0184897668659687,2902,2,"meta_highrescanopyheight_orthophoto",0.5,"orthophoto_50cm_2025","Nord-Norge"
"NINFP1910034036",0.841869735784854,0.216984324157238,40918,4,"meta_highrescanopyheight_orthophoto",0.5,"orthophoto_50cm_2025","Nord-Norge"
"NINFP2010055831",0.0317032386810982,0.0102124875411391,85720,5,"meta_highrescanopyheight_orthophoto",0.5,"orthophoto_50cm_2025","Nord-Norge"
"NINFP2210100655",0.0113938403990691,0.0102616548538208,63184,5,"meta_highrescanopyheight_orthophoto",0.5,"orthophoto_50cm_2025","Nord-Norge"
"NINFP2410172280",0.0112333402199543,0.010162889957428,8685,4,"meta_highrescanopyheight_orthophoto",0.5,"orthophoto_50cm_2025","Nord-Norge"
"NINFP1910026916",0.0773559713772662,0.0102215711958706,39514,4,"meta_highrescanopyheight_orthophoto",0.5,"orthophoto_50cm_2025","Nord-Norge"
"NINFP2110044522",0.155139649602437,0.0105551476590335,22574,2,"meta_highrescanopyheight_orthophoto",0.5,"orthophoto_50cm_2025","Nord-Norge"
"NINFP2510185975",0.0127138251656336,0.010147170163691,86687,6,"meta_highrescanopyheight_orthophoto",0.5,"orthophoto_50cm_2025","Nord-Norge"
"NINFP1910033442",0.0183369233967339,0.0101060839369893,14063,2,"meta_highrescanopyheight_orthophoto",0.5,"orthophoto_50cm_2025","Nord-Norge"
"NINFP2110025746",3.94480989479431,3.68216788768768,7186,2,"meta_highrescanopyheight_orthophoto",0.5,"orthophoto_50cm_2025","Nord-Norge"
"NINFP2410149825",0.0950009574733,0.0101375412195921,15223,2,"meta_highrescanopyheight_orthophoto",0.5,"orthophoto_50cm_2025","Nord-Norge"
"NINFP2010036529",1.0472046194642,0.0873974710702896,1231,2,"meta_highrescanopyheight_orthophoto",0.5,"orthophoto_50cm_2025","Nord-Norge"
"NINFP2110034749",0.128441030928252,0.010274569503963,37227,4,"meta_highrescanopyheight_orthophoto",0.5,"orthophoto_50cm_2025","Nord-Norge"
"NINFP2010025037",0.467467169914695,0.02214992698282,54090,8,"meta_highrescanopyheight_orthophoto",0.5,"orthophoto_50cm_2025","Nord-Norge"
"NINFP2510201997",0.120269264181347,0.0111437179148197,10792,2,"meta_highrescanopyheight_orthophoto",0.5,"orthophoto_50cm_2025","Nord-Norge"
"NINFP2410160136",4.55548705780426,3.87153029441833,5263,1,"meta_highrescanopyheight_orthophoto",0.5,"orthophoto_50cm_2025","Nord-Norge"
"NINFP2410182981",0.0105731270755607,0.0100778862833977,13533,1,"meta_highrescanopyheight_orthophoto",0.5,"orthophoto_50cm_2025","Nord-Norge"
"NINFP2210089009",5.7611449598294,6.05468797683716,7090,1,"meta_highrescanopyheight_orthophoto",0.5,"orthophoto_50cm_2025","Nord-Norge"
"NINFP2010025351",1.74876695886396,0.757306158542633,4148,1,"meta_highrescanopyheight_orthophoto",0.5,"orthophoto_50cm_2025","Nord-Norge"
"NINFP2210082312",0.0104129570523891,0.0100866006687284,61839,5,"meta_highrescanopyheight_orthophoto",0.5,"orthophoto_50cm_2025","Nord-Norge"
"NINFP1810036647",0.584094573997237,0.0316350385546684,49582,4,"meta_highrescanopyheight_orthophoto",0.5,"orthophoto_50cm_2025","Nord-Norge"
"NINFP2210101058",0.652260121756346,0.0170594276860356,25980,5,"meta_highrescanopyheight_orthophoto",0.5,"orthophoto_50cm_2025","Nord-Norge"
"NINFP2310142105",2.01276131714251,1.38659572601318,7488,2,"meta_highrescanopyheight_orthophoto",0.5,"orthophoto_50cm_2025","Nord-Norge"
"NINFP1810034034",0.537931306942208,0.0136146144941449,212,1,"meta_highrescanopyheight_orthophoto",0.5,"orthophoto_50cm_2025","Nord-Norge"
"NINFP1810016084",0.0311522932816465,0.0101526957005262,251207,15,"meta_highrescanopyheight_orthophoto",0.5,"orthophoto_50cm_2025","Nord-Norge"
"NINFP2210089040",0.196772975482179,0.0170960687100887,10292,4,"meta_highrescanopyheight_orthophoto",0.5,"orthophoto_50cm_2025","Nord-Norge"
"NINFP2410155667",0.0219327824852103,0.0100989318452775,14930,3,"meta_highrescanopyheight_orthophoto",0.5,"orthophoto_50cm_2025","Nord-Norge"
"NINFP2010033262",0.0172721062671007,0.0104368887841702,9605,2,"meta_highrescanopyheight_orthophoto",0.5,"orthophoto_50cm_2025","Nord-Norge"
"NINFP2510194268",5.47087781778682,5.87348031997681,4666,1,"meta_highrescanopyheight_orthophoto",0.5,"orthophoto_50cm_2025","Nord-Norge"
"NINFP2010055738",0.0392593289926782,0.0100714266300201,224179,10,"meta_highrescanopyheight_orthophoto",0.5,"orthophoto_50cm_2025","Nord-Norge"
"NINFP2410172862",0.0233997319906045,0.0101333893835545,122293,8,"meta_highrescanopyheight_orthophoto",0.5,"orthophoto_50cm_2025","Nord-Norge"
"NINFP2410156481",0.0468121091338524,0.0101525476202369,4294,2,"meta_highrescanopyheight_orthophoto",0.5,"orthophoto_50cm_2025","Nord-Norge"
"NINFP2510201079",0.137100457094105,0.0109255476854742,4870,2,"meta_highrescanopyheight_orthophoto",0.5,"orthophoto_50cm_2025","Nord-Norge"
"NINFP2510201934",0.0134971881157392,0.0100915404036641,43975,6,"meta_highrescanopyheight_orthophoto",0.5,"orthophoto_50cm_2025","Nord-Norge"
"NINFP2210098952",1.10949212886423,0.314378723502159,18712,2,"meta_highrescanopyheight_orthophoto",0.5,"orthophoto_50cm_2025","Nord-Norge"
"NINFP2410167485",0.0251853695820304,0.0102130491286516,27671,4,"meta_highrescanopyheight_orthophoto",0.5,"orthophoto_50cm_2025","Nord-Norge"
"NINFP1910028891",0.0323217872274568,0.010398761369288,10987,2,"meta_highrescanopyheight_orthophoto",0.5,"orthophoto_50cm_2025","Nord-Norge"
"NINFP2410155785",0.15720354687536,0.0104226218536496,14378,4,"meta_highrescanopyheight_orthophoto",0.5,"orthophoto_50cm_2025","Nord-Norge"
"NINFP2010025012",0.282582344014802,0.0338742360472679,3333,1,"meta_highrescanopyheight_orthophoto",0.5,"orthophoto_50cm_2025","Nord-Norge"
"NINFP1810029078",0.986474566120416,0.0525785740464926,48378,5,"meta_highrescanopyheight_orthophoto",0.5,"orthophoto_50cm_2025","Nord-Norge"
"NINFP2210086280",0.306542927342439,0.0120656662620604,3998,1,"meta_highrescanopyheight_orthophoto",0.5,"orthophoto_50cm_2025","Nord-Norge"
"NINFP2310131790",0.102144946729864,0.0103355748578906,4168,1,"meta_highrescanopyheight_orthophoto",0.5,"orthophoto_50cm_2025","Nord-Norge"
"NINFP2010025629",0.0249883689530047,0.0106062814593315,7365,2,"meta_highrescanopyheight_orthophoto",0.5,"orthophoto_50cm_2025","Nord-Norge"
"NINFP2410156621",3.23722129228487,2.61320471763611,4282,2,"meta_highrescanopyheight_orthophoto",0.5,"orthophoto_50cm_2025","Nord-Norge"
"NINFP2210076440",0.0104730280077515,0.0100598866119981,50749,3,"meta_highrescanopyheight_orthophoto",0.5,"orthophoto_50cm_2025","Nord-Norge"
"NINFP2310130672",0.0623779128686713,0.0103988880291581,7803,1,"meta_highrescanopyheight_orthophoto",0.5,"orthophoto_50cm_2025","Nord-Norge"
"NINFP2110059694",0.0101772796140841,0.0100784571841359,4115,2,"meta_highrescanopyheight_orthophoto",0.5,"orthophoto_50cm_2025","Nord-Norge"
"NINFP2510203421",0.370468321282549,0.0119457356631756,91215,6,"meta_highrescanopyheight_orthophoto",0.5,"orthophoto_50cm_2025","Nord-Norge"
"NINFP2210106158",0.0576578011993647,0.0103558460250497,12238,2,"meta_highrescanopyheight_orthophoto",0.5,"orthophoto_50cm_2025","Nord-Norge"
"NINFP2110023946",0.0473937762779911,0.0101800579577684,52281,5,"meta_highrescanopyheight_orthophoto",0.5,"orthophoto_50cm_2025","Nord-Norge"
"NINFP2410157756",0.135662396315075,0.0103951133787632,35533,3,"meta_highrescanopyheight_orthophoto",0.5,"orthophoto_50cm_2025","Nord-Norge"
"NINFP2210102404",0.122738449949923,0.0103891035541892,156907,13,"meta_highrescanopyheight_orthophoto",0.5,"orthophoto_50cm_2025","Nord-Norge"
"NINFP2410175134",0.0957174007325224,0.0110507383942604,4640,2,"meta_highrescanopyheight_orthophoto",0.5,"orthophoto_50cm_2025","Nord-Norge"
"NINFP2010025902",0.452813400741114,0.0213575325906277,43233,7,"meta_highrescanopyheight_orthophoto",0.5,"orthophoto_50cm_2025","Nord-Norge"
"NINFP2410174464",0.0243670965691569,0.01027921307832,20088,3,"meta_highrescanopyheight_orthophoto",0.5,"orthophoto_50cm_2025","Nord-Norge"
"NINFP2310126657",0.133065877237398,0.0103241824544966,15668,2,"meta_highrescanopyheight_orthophoto",0.5,"orthophoto_50cm_2025","Nord-Norge"
"NINFP2310136751",0.0777844114446806,0.0103465169668198,492022,21,"meta_highrescanopyheight_orthophoto",0.5,"orthophoto_50cm_2025","Nord-Norge"
"NINFP2110026430",0.401969305594392,0.0131510486826301,11435,2,"meta_highrescanopyheight_orthophoto",0.5,"orthophoto_50cm_2025","Nord-Norge"
"NINFP2010025512",0.148270918486389,0.0101538626477122,66998,5,"meta_highrescanopyheight_orthophoto",0.5,"orthophoto_50cm_2025","Nord-Norge"
"NINFP2210079395",0.0121479374680941,0.0101232044398785,29458,3,"meta_highrescanopyheight_orthophoto",0.5,"orthophoto_50cm_2025","Nord-Norge"
"NINFP2110023895",0.221266862659912,0.0113641158677638,9094,2,"meta_highrescanopyheight_orthophoto",0.5,"orthophoto_50cm_2025","Nord-Norge"
"NINFP2110023171",2.57668764241283,2.29346466064453,59541,4,"meta_highrescanopyheight_orthophoto",0.5,"orthophoto_50cm_2025","Nord-Norge"
"NINFP1810026889",0.458871632248217,0.021808197721839,83758,7,"meta_highrescanopyheight_orthophoto",0.5,"orthophoto_50cm_2025","Nord-Norge"
"NINFP2310125750",0.108467226845436,0.0134933507069945,5797,1,"meta_highrescanopyheight_orthophoto",0.5,"orthophoto_50cm_2025","Nord-Norge"
"NINFP2010021804",1.98034221318367,1.07309448719025,4077,4,"meta_highrescanopyheight_orthophoto",0.5,"orthophoto_50cm_2025","Nord-Norge"
"NINFP2510203051",0.0371940896696526,0.0102061694487929,12177,3,"meta_highrescanopyheight_orthophoto",0.5,"orthophoto_50cm_2025","Nord-Norge"
"NINFP2510203187",0.0236364842329543,0.0103184161707759,17913,4,"meta_highrescanopyheight_orthophoto",0.5,"orthophoto_50cm_2025","Nord-Norge"
"NINFP2410150231",0.29455908637459,0.0160110257565975,65205,8,"meta_highrescanopyheight_orthophoto",0.5,"orthophoto_50cm_2025","Nord-Norge"
"NINFP2010039010",0.208567887869443,0.0104186316020787,74010,6,"meta_highrescanopyheight_orthophoto",0.5,"orthophoto_50cm_2025","Nord-Norge"
"NINFP2310133165",2.67122110919234,2.69941234588623,42347,5,"meta_highrescanopyheight_orthophoto",0.5,"orthophoto_50cm_2025","Nord-Norge"
"NINFP2510219424",0.918431853982333,0.025648825801909,46324,5,"meta_highrescanopyheight_orthophoto",0.5,"orthophoto_50cm_2025","Nord-Norge"
"NINFP2310133869",1.77297782511351,0.197240702807903,7480,1,"meta_highrescanopyheight_orthophoto",0.5,"orthophoto_50cm_2025","Nord-Norge"
"NINFP2010021792",2.84210010841693,2.07441163063049,24302,7,"meta_highrescanopyheight_orthophoto",0.5,"orthophoto_50cm_2025","Nord-Norge"
"NINFP2110027435",3.50641254872649,3.68465781211853,1898,2,"meta_highrescanopyheight_orthophoto",0.5,"orthophoto_50cm_2025","Nord-Norge"
"NINFP1910026273",0.40621398777353,0.0110294912010431,231265,10,"meta_highrescanopyheight_orthophoto",0.5,"orthophoto_50cm_2025","Nord-Norge"
"NINFP2110020755",0.251485256995735,0.0105651132762432,38180,4,"meta_highrescanopyheight_orthophoto",0.5,"orthophoto_50cm_2025","Nord-Norge"
"NINFP2210106155",0.0340380382912372,0.0101161263883114,52674,5,"meta_highrescanopyheight_orthophoto",0.5,"orthophoto_50cm_2025","Nord-Norge"
"NINFP2210076329",0.0106604666502983,0.0101345088332891,43113,6,"meta_highrescanopyheight_orthophoto",0.5,"orthophoto_50cm_2025","Nord-Norge"
"NINFP2410156090",3.3076979740489,2.95122480392456,5809,3,"meta_highrescanopyheight_orthophoto",0.5,"orthophoto_50cm_2025","Nord-Norge"
"NINFP2410154696",0.098657676747867,0.0103622120805085,6650,1,"meta_highrescanopyheight_orthophoto",0.5,"orthophoto_50cm_2025","Nord-Norge"
"NINFP2210108687",0.0196557150710052,0.0101667158305645,4291,1,"meta_highrescanopyheight_orthophoto",0.5,"orthophoto_50cm_2025","Nord-Norge"
"NINFP2310124938",0.123036786598564,0.0102622658014297,58359,7,"meta_highrescanopyheight_orthophoto",0.5,"orthophoto_50cm_2025","Nord-Norge"
"NINFP2210081179",0.0101260459656109,0.0100805382244289,45830,4,"meta_highrescanopyheight_orthophoto",0.5,"orthophoto_50cm_2025","Nord-Norge"
"NINFP1910015078",0.350849770759271,0.0109269563108683,87562,7,"meta_highrescanopyheight_orthophoto",0.5,"orthophoto_50cm_2025","Nord-Norge"
"NINFP2310142110",0.967825338880826,0.0619917921721935,5826,1,"meta_highrescanopyheight_orthophoto",0.5,"orthophoto_50cm_2025","Nord-Norge"
"NINFP2110031798",0.0245763745641909,0.0115651935338974,21353,4,"meta_highrescanopyheight_orthophoto",0.5,"orthophoto_50cm_2025","Nord-Norge"
"NINFP2410157884",0.08857949597874,0.0104805324226618,10454,4,"meta_highrescanopyheight_orthophoto",0.5,"orthophoto_50cm_2025","Nord-Norge"
"NINFP1910016676",0.0344586535021985,0.0100834472104907,19199,2,"meta_highrescanopyheight_orthophoto",0.5,"orthophoto_50cm_2025","Nord-Norge"
"NINFP1910018827",2.42028629495239,0.384222686290741,4693,1,"meta_highrescanopyheight_orthophoto",0.5,"orthophoto_50cm_2025","Nord-Norge"
"NINFP2010053864",0.801371095280374,0.164440736174583,9391,2,"meta_highrescanopyheight_orthophoto",0.5,"orthophoto_50cm_2025","Nord-Norge"
"NINFP2210093342",0.0104125912012183,0.0101778781972826,27296,3,"meta_highrescanopyheight_orthophoto",0.5,"orthophoto_50cm_2025","Nord-Norge"
"NINFP1810040095",0.0253449910899476,0.0101291351020336,64999,5,"meta_highrescanopyheight_orthophoto",0.5,"orthophoto_50cm_2025","Nord-Norge"
"NINFP2010039002",0.306991665269251,0.0158734451979399,6378,4,"meta_highrescanopyheight_orthophoto",0.5,"orthophoto_50cm_2025","Nord-Norge"
"NINFP1810035513",0.544602747503296,0.0297192838042974,10557,2,"meta_highrescanopyheight_orthophoto",0.5,"orthophoto_50cm_2025","Nord-Norge"
"NINFP1910025976",0.3706842908147,0.0101015027612448,90190,6,"meta_highrescanopyheight_orthophoto",0.5,"orthophoto_50cm_2025","Nord-Norge"
"NINFP2410154564",3.37328291216271,2.19401240348816,6292,1,"meta_highrescanopyheight_orthophoto",0.5,"orthophoto_50cm_2025","Nord-Norge"
"NINFP2510208129",0.888227257577356,0.0995890945196152,8211,2,"meta_highrescanopyheight_orthophoto",0.5,"orthophoto_50cm_2025","Nord-Norge"
"NINFP1910024739",0.0701252421429629,0.0102059431374073,39592,4,"meta_highrescanopyheight_orthophoto",0.5,"orthophoto_50cm_2025","Nord-Norge"
"NINFP1810013574",0.011723907786989,0.0101154879666865,124520,6,"meta_highrescanopyheight_orthophoto",0.5,"orthophoto_50cm_2025","Nord-Norge"
"NINFP2410156704",2.11928989448813,1.72374415397644,6992,2,"meta_highrescanopyheight_orthophoto",0.5,"orthophoto_50cm_2025","Nord-Norge"
"NINFP1810034452",0.0355029179153338,0.010776100680232,25601,4,"meta_highrescanopyheight_orthophoto",0.5,"orthophoto_50cm_2025","Nord-Norge"
"NINFP2510199397",1.19763257682338,0.185486868023872,27884,5,"meta_highrescanopyheight_orthophoto",0.5,"orthophoto_50cm_2025","Nord-Norge"
"NINFP2210076350",0.0101585640865084,0.0100627443753183,13334,2,"meta_highrescanopyheight_orthophoto",0.5,"orthophoto_50cm_2025","Nord-Norge"
"NINFP1810028024",0.866021114649127,0.0139924944378436,39610,4,"meta_highrescanopyheight_orthophoto",0.5,"orthophoto_50cm_2025","Nord-Norge"
"NINFP2010024851",0.040767982003652,0.010148985311389,14141,3,"meta_highrescanopyheight_orthophoto",0.5,"orthophoto_50cm_2025","Nord-Norge"
"NINFP2510201951",0.0193172985095747,0.010102734901011,48653,4,"meta_highrescanopyheight_orthophoto",0.5,"orthophoto_50cm_2025","Nord-Norge"
"NINFP2510190133",0.0663573202724218,0.0102351824752986,42470,4,"meta_highrescanopyheight_orthophoto",0.5,"orthophoto_50cm_2025","Nord-Norge"
"NINFP1810016850",4.17492975039023,3.56878387928009,19846,2,"meta_highrescanopyheight_orthophoto",0.5,"orthophoto_50cm_2025","Nord-Norge"
"NINFP1810034717",0.605242404017888,0.0317950285971165,24071,4,"meta_highrescanopyheight_orthophoto",0.5,"orthophoto_50cm_2025","Nord-Norge"
"NINFP2410163029",0.0120538040911608,0.0103381988592446,7518,2,"meta_highrescanopyheight_orthophoto",0.5,"orthophoto_50cm_2025","Nord-Norge"
"NINFP2210106936",0.225518539539155,0.0104762893170118,89572,9,"meta_highrescanopyheight_orthophoto",0.5,"orthophoto_50cm_2025","Nord-Norge"
"NINFP2510203094",0.0700186215538249,0.0113767478615046,4497,2,"meta_highrescanopyheight_orthophoto",0.5,"orthophoto_50cm_2025","Nord-Norge"
"NINFP1810042371",0.0158882687493072,0.0100604547187686,3642899,110,"meta_highrescanopyheight_orthophoto",0.5,"orthophoto_50cm_2025","Nord-Norge"
"NINFP1810015489",1.04937786724645,0.137378975749016,263211,11,"meta_highrescanopyheight_orthophoto",0.5,"orthophoto_50cm_2025","Nord-Norge"
"NINFP2010029953",1.23435222101017,0.167864136397839,3908,1,"meta_highrescanopyheight_orthophoto",0.5,"orthophoto_50cm_2025","Nord-Norge"
"NINFP1810034620",0.010057858115102,0.0100389998406172,8175,3,"meta_highrescanopyheight_orthophoto",0.5,"orthophoto_50cm_2025","Nord-Norge"
"NINFP2110045182",0.0432382642909259,0.0102780573070049,19669,2,"meta_highrescanopyheight_orthophoto",0.5,"orthophoto_50cm_2025","Nord-Norge"
"NINFP2310127070",0.0432478249493865,0.0103612039238214,78713,6,"meta_highrescanopyheight_orthophoto",0.5,"orthophoto_50cm_2025","Nord-Norge"
"NINFP2110022138",2.37245534812559,0.0652873851358891,4584,2,"meta_highrescanopyheight_orthophoto",0.5,"orthophoto_50cm_2025","Nord-Norge"
"NINFP2310133595",3.41986321842757,3.39220762252808,28927,4,"meta_highrescanopyheight_orthophoto",0.5,"orthophoto_50cm_2025","Nord-Norge"
"NINFP2010014011",0.0681681215870334,0.010391435585916,15597,3,"meta_highrescanopyheight_orthophoto",0.5,"orthophoto_50cm_2025","Nord-Norge"
"NINFP2010038542",0.139621154069251,0.011396711692214,46887,5,"meta_highrescanopyheight_orthophoto",0.5,"orthophoto_50cm_2025","Nord-Norge"
"NINFP2010033999",0.0125972408060946,0.0100905634462833,12081,2,"meta_highrescanopyheight_orthophoto",0.5,"orthophoto_50cm_2025","Nord-Norge"
"NINFP2310125598",0.0675345065852532,0.0101906424388289,8982,1,"meta_highrescanopyheight_orthophoto",0.5,"orthophoto_50cm_2025","Nord-Norge"
"NINFP2110033141",0.0100328368738713,0.0100316647440195,4904,2,"meta_highrescanopyheight_orthophoto",0.5,"orthophoto_50cm_2025","Nord-Norge"
"NINFP2410172365",0.13277657139775,0.0102726463228464,71539,6,"meta_highrescanopyheight_orthophoto",0.5,"orthophoto_50cm_2025","Nord-Norge"
"NINFP2310121216",0.622781751797019,0.026805317029357,100369,7,"meta_highrescanopyheight_orthophoto",0.5,"orthophoto_50cm_2025","Nord-Norge"
"NINFP2010016398",0.206866251391052,0.0103558166883886,19046,4,"meta_highrescanopyheight_orthophoto",0.5,"orthophoto_50cm_2025","Nord-Norge"
"NINFP2510201078",0.048789088671022,0.0109974276274443,4235,1,"meta_highrescanopyheight_orthophoto",0.5,"orthophoto_50cm_2025","Nord-Norge"
"NINFP2010017787",0.659336674418495,0.0969590246677399,2870,3,"meta_highrescanopyheight_orthophoto",0.5,"orthophoto_50cm_2025","Nord-Norge"
"NINFP2410173694",0.684020933607478,0.0689978376030922,3761,2,"meta_highrescanopyheight_orthophoto",0.5,"orthophoto_50cm_2025","Nord-Norge"
"NINFP1810029839",0.0109782465494787,0.0105278808623552,78,1,"meta_highrescanopyheight_orthophoto",0.5,"orthophoto_50cm_2025","Nord-Norge"
"NINFP2110019448",0.23652022896342,0.0113309863954782,7440,2,"meta_highrescanopyheight_orthophoto",0.5,"orthophoto_50cm_2025","Nord-Norge"
"NINFP2010025837",1.09980965855191,0.262041211128235,4290,2,"meta_highrescanopyheight_orthophoto",0.5,"orthophoto_50cm_2025","Nord-Norge"
"NINFP2110020585",0.829010285919899,0.211878210306168,5056,1,"meta_highrescanopyheight_orthophoto",0.5,"orthophoto_50cm_2025","Nord-Norge"
"NINFP2210084304",0.0577047230977651,0.0110013093799353,32898,6,"meta_highrescanopyheight_orthophoto",0.5,"orthophoto_50cm_2025","Nord-Norge"
"NINFP2510192934",1.41926112709673,0.0670436695218086,24480,5,"meta_highrescanopyheight_orthophoto",0.5,"orthophoto_50cm_2025","Nord-Norge"
"NINFP2210092284",0.0242798253071181,0.0102153746411204,4483,2,"meta_highrescanopyheight_orthophoto",0.5,"orthophoto_50cm_2025","Nord-Norge"
"NINFP2010025898",0.183621653118271,0.0300799533724785,4241,1,"meta_highrescanopyheight_orthophoto",0.5,"orthophoto_50cm_2025","Nord-Norge"
"NINFP1810044958",0.0106071310055231,0.0101976445876062,65450,6,"meta_highrescanopyheight_orthophoto",0.5,"orthophoto_50cm_2025","Nord-Norge"
"NINFP2210091508",0.0555930972314159,0.0103846699930727,56602,7,"meta_highrescanopyheight_orthophoto",0.5,"orthophoto_50cm_2025","Nord-Norge"
"NINFP2310130270",0.0270866161609859,0.0101060029119253,25714,2,"meta_highrescanopyheight_orthophoto",0.5,"orthophoto_50cm_2025","Nord-Norge"
"NINFP2310125505",0.0101589741620905,0.0101242405362427,17472,1,"meta_highrescanopyheight_orthophoto",0.5,"orthophoto_50cm_2025","Nord-Norge"
"NINFP1810030357",0.0745246051515032,0.010206094942987,174279,9,"meta_highrescanopyheight_orthophoto",0.5,"orthophoto_50cm_2025","Nord-Norge"
"NINFP2210103667",0.147019913552949,0.0103462184779346,8208,1,"meta_highrescanopyheight_orthophoto",0.5,"orthophoto_50cm_2025","Nord-Norge"
"NINFP2310130710",0.0213756796010748,0.0103739141486585,138664,7,"meta_highrescanopyheight_orthophoto",0.5,"orthophoto_50cm_2025","Nord-Norge"
"NINFP2010016109",4.39027845685843,4.05055570602417,164631,9,"meta_highrescanopyheight_orthophoto",0.5,"orthophoto_50cm_2025","Nord-Norge"
"NINFP2510201900",0.0135341318617133,0.010243789292872,8578,3,"meta_highrescanopyheight_orthophoto",0.5,"orthophoto_50cm_2025","Nord-Norge"
"NINFP2410167599",0.0493581391508341,0.010313980281353,27973,5,"meta_highrescanopyheight_orthophoto",0.5,"orthophoto_50cm_2025","Nord-Norge"
"NINFP2410176067",0.0267725658711521,0.0106602814048529,6832,2,"meta_highrescanopyheight_orthophoto",0.5,"orthophoto_50cm_2025","Nord-Norge"
"NINFP2510194786",0.372938364425759,0.0157287679612637,25966,4,"meta_highrescanopyheight_orthophoto",0.5,"orthophoto_50cm_2025","Nord-Norge"
"NINFP2010021237",0.11473985684066,0.0101370648480952,148642,8,"meta_highrescanopyheight_orthophoto",0.5,"orthophoto_50cm_2025","Nord-Norge"
"NINFP2210084129",0.0147125258552074,0.0102154146879911,44163,3,"meta_highrescanopyheight_orthophoto",0.5,"orthophoto_50cm_2025","Nord-Norge"
"NINFP1810037354",0.139043408309046,0.0107288155704737,53601,5,"meta_highrescanopyheight_orthophoto",0.5,"orthophoto_50cm_2025","Nord-Norge"
"NINFP2510194663",0.0129278771183607,0.0101489098742604,4397,2,"meta_highrescanopyheight_orthophoto",0.5,"orthophoto_50cm_2025","Nord-Norge"
"NINFP2010024588",0.451631998431642,0.0666270367801189,6306,4,"meta_highrescanopyheight_orthophoto",0.5,"orthophoto_50cm_2025","Nord-Norge"
"NINFP1910026825",0.0346929210973331,0.0100899105891585,81979,4,"meta_highrescanopyheight_orthophoto",0.5,"orthophoto_50cm_2025","Nord-Norge"
"NINFP2110021424",0.0439196031228697,0.0103098265826702,97433,9,"meta_highrescanopyheight_orthophoto",0.5,"orthophoto_50cm_2025","Nord-Norge"
"NINFP2510201904",1.47448337408933,0.121820576488972,7392,3,"meta_highrescanopyheight_orthophoto",0.5,"orthophoto_50cm_2025","Nord-Norge"
"NINFP2010010204",4.95415241109979,5.06868290901184,19960,3,"meta_highrescanopyheight_orthophoto",0.5,"orthophoto_50cm_2025","Nord-Norge"
"NINFP2210106203",0.0153986649174536,0.0100797433406115,1017635,30,"meta_highrescanopyheight_orthophoto",0.5,"orthophoto_50cm_2025","Nord-Norge"
"NINFP1810047154",0.0499479365144047,0.0103707909584045,46324,4,"meta_highrescanopyheight_orthophoto",0.5,"orthophoto_50cm_2025","Nord-Norge"
"NINFP2310116331",0.620516661123563,0.0144449239596725,4099,2,"meta_highrescanopyheight_orthophoto",0.5,"orthophoto_50cm_2025","Nord-Norge"
"NINFP1810037934",2.67519780853388,1.22559249401093,56158,4,"meta_highrescanopyheight_orthophoto",0.5,"orthophoto_50cm_2025","Nord-Norge"
"NINFP1810034275",0.0335127646788207,0.0108641711995006,12092,3,"meta_highrescanopyheight_orthophoto",0.5,"orthophoto_50cm_2025","Nord-Norge"
"NINFP1910029301",0.010677756440241,0.0101874261163175,19714,4,"meta_highrescanopyheight_orthophoto",0.5,"orthophoto_50cm_2025","Nord-Norge"
"NINFP2210083918",0.0126624411271615,0.0102872052229941,1778,3,"meta_highrescanopyheight_orthophoto",0.5,"orthophoto_50cm_2025","Nord-Norge"
"NINFP2110023082",0.0475337351450491,0.0101548470556736,246935,10,"meta_highrescanopyheight_orthophoto",0.5,"orthophoto_50cm_2025","Nord-Norge"
"NINFP2310141715",0.0159236515845492,0.0105905663222075,36257,5,"meta_highrescanopyheight_orthophoto",0.5,"orthophoto_50cm_2025","Nord-Norge"
"NINFP2210083931",0.040411932816223,0.0105856833979487,13611,4,"meta_highrescanopyheight_orthophoto",0.5,"orthophoto_50cm_2025","Nord-Norge"
"NINFP2110019411",0.157883149908979,0.0110763320699334,28600,5,"meta_highrescanopyheight_orthophoto",0.5,"orthophoto_50cm_2025","Nord-Norge"
"NINFP2510198057",0.0104440656778488,0.0100854896008968,28959,2,"meta_highrescanopyheight_orthophoto",0.5,"orthophoto_50cm_2025","Nord-Norge"
"NINFP2510194729",1.80606116678626,0.108735792338848,3281,1,"meta_highrescanopyheight_orthophoto",0.5,"orthophoto_50cm_2025","Nord-Norge"
"NINFP1810022397",0.513560271148039,0.0316144078969955,16865,4,"meta_highrescanopyheight_orthophoto",0.5,"orthophoto_50cm_2025","Nord-Norge"
"NINFP1810035325",0.595419259703314,0.012633619364351,18970,2,"meta_highrescanopyheight_orthophoto",0.5,"orthophoto_50cm_2025","Nord-Norge"
"NINFP2510200513",6.9956520792476,7.62705135345459,23065,2,"meta_highrescanopyheight_orthophoto",0.5,"orthophoto_50cm_2025","Nord-Norge"
"NINFP2310121959",0.023127293476127,0.0100936405360699,237317,9,"meta_highrescanopyheight_orthophoto",0.5,"orthophoto_50cm_2025","Nord-Norge"
"NINFP2110029914",0.0101163485423358,0.0100657045841217,45914,3,"meta_highrescanopyheight_orthophoto",0.5,"orthophoto_50cm_2025","Nord-Norge"
"NINFP2110046219",0.327886674067263,0.0255335848778486,16825,3,"meta_highrescanopyheight_orthophoto",0.5,"orthophoto_50cm_2025","Nord-Norge"
"NINFP2410155920",2.01727193278452,1.37681913375854,4230,3,"meta_highrescanopyheight_orthophoto",0.5,"orthophoto_50cm_2025","Nord-Norge"
"NINFP2110024393",0.8587801601462,0.0165741369128227,23042,5,"meta_highrescanopyheight_orthophoto",0.5,"orthophoto_50cm_2025","Nord-Norge"
"NINFP2010013935",0.82757930822935,0.0228155758231878,7815,2,"meta_highrescanopyheight_orthophoto",0.5,"orthophoto_50cm_2025","Nord-Norge"
"NINFP1910019037",0.0578014327974399,0.0103254853747785,10020,2,"meta_highrescanopyheight_orthophoto",0.5,"orthophoto_50cm_2025","Nord-Norge"
"NINFP2010040318",1.63347437372252,1.12736684083939,32210,6,"meta_highrescanopyheight_orthophoto",0.5,"orthophoto_50cm_2025","Nord-Norge"
"NINFP2510215312",0.0180542338641273,0.0109651680104434,10494,2,"meta_highrescanopyheight_orthophoto",0.5,"orthophoto_50cm_2025","Nord-Norge"
"NINFP2210091669",0.20065548864061,0.0122412526980042,15576,4,"meta_highrescanopyheight_orthophoto",0.5,"orthophoto_50cm_2025","Nord-Norge"
"NINFP2210086068",0.313632226484584,0.0142588829621673,13745,1,"meta_highrescanopyheight_orthophoto",0.5,"orthophoto_50cm_2025","Nord-Norge"
"NINFP2410172870",1.59049545672274,0.314327001571655,44209,8,"meta_highrescanopyheight_orthophoto",0.5,"orthophoto_50cm_2025","Nord-Norge"
"NINFP2010055735",0.051455355208974,0.0100792422890663,158645,9,"meta_highrescanopyheight_orthophoto",0.5,"orthophoto_50cm_2025","Nord-Norge"
"NINFP2210107308",0.0107294194911079,0.0101007050834596,49738,4,"meta_highrescanopyheight_orthophoto",0.5,"orthophoto_50cm_2025","Nord-Norge"
"NINFP2510198498",3.17273603632412,2.84720373153687,10453,1,"meta_highrescanopyheight_orthophoto",0.5,"orthophoto_50cm_2025","Nord-Norge"
"NINFP2310142081",3.40333559306182,3.38436138629913,6402,2,"meta_highrescanopyheight_orthophoto",0.5,"orthophoto_50cm_2025","Nord-Norge"
"NINFP2410156628",0.647795204540454,0.0519362017512321,4361,1,"meta_highrescanopyheight_orthophoto",0.5,"orthophoto_50cm_2025","Nord-Norge"
"NINFP2110027072",0.0100848733184201,0.0100592696107924,40084,2,"meta_highrescanopyheight_orthophoto",0.5,"orthophoto_50cm_2025","Nord-Norge"
"NINFP2010027589",0.026755528638354,0.0101995291188359,6725,4,"meta_highrescanopyheight_orthophoto",0.5,"orthophoto_50cm_2025","Nord-Norge"
"NINFP1810035523",0.044064284053788,0.0101948599331081,77206,5,"meta_highrescanopyheight_orthophoto",0.5,"orthophoto_50cm_2025","Nord-Norge"
"NINFP2310132668",0.350131966996835,0.0136988554149866,2489,1,"meta_highrescanopyheight_orthophoto",0.5,"orthophoto_50cm_2025","Nord-Norge"
"NINFP2510204225",0.0101284525914678,0.0100978291593492,25466,4,"meta_highrescanopyheight_orthophoto",0.5,"orthophoto_50cm_2025","Nord-Norge"
"NINFP2510196107",0.0100301799978556,0.0100223794579506,67322,6,"meta_highrescanopyheight_orthophoto",0.5,"orthophoto_50cm_2025","Nord-Norge"
"NINFP2210113793",0.0123600850064561,0.0101373819634318,74417,6,"meta_highrescanopyheight_orthophoto",0.5,"orthophoto_50cm_2025","Nord-Norge"
"NINFP2310141618",4.61694941101304,4.54787158966064,8785,2,"meta_highrescanopyheight_orthophoto",0.5,"orthophoto_50cm_2025","Nord-Norge"
"NINFP2010015268",3.37634282912364,3.71962988376617,6758,2,"meta_highrescanopyheight_orthophoto",0.5,"orthophoto_50cm_2025","Nord-Norge"
"NINFP2510204750",0.0230815554432294,0.0101001397706568,48534,4,"meta_highrescanopyheight_orthophoto",0.5,"orthophoto_50cm_2025","Nord-Norge"
"NINFP2210089630",0.964739020553693,0.104216698557138,20442,1,"meta_highrescanopyheight_orthophoto",0.5,"orthophoto_50cm_2025","Nord-Norge"
"NINFP2010013939",0.554517499428321,0.0143690388649702,22149,4,"meta_highrescanopyheight_orthophoto",0.5,"orthophoto_50cm_2025","Nord-Norge"
"NINFP1910025050",0.520331643557119,0.0231277458369732,6695,1,"meta_highrescanopyheight_orthophoto",0.5,"orthophoto_50cm_2025","Nord-Norge"
"NINFP2310132327",0.106619554445556,0.0101202977821231,56240,5,"meta_highrescanopyheight_orthophoto",0.5,"orthophoto_50cm_2025","Nord-Norge"
"NINFP1810037150",0.0250995534889051,0.0102530205622315,137834,12,"meta_highrescanopyheight_orthophoto",0.5,"orthophoto_50cm_2025","Nord-Norge"
"NINFP2210094894",0.0139071126820048,0.010064234957099,19550,3,"meta_highrescanopyheight_orthophoto",0.5,"orthophoto_50cm_2025","Nord-Norge"
"NINFP2010025591",0.156904205359204,0.0161390770226717,9723,4,"meta_highrescanopyheight_orthophoto",0.5,"orthophoto_50cm_2025","Nord-Norge"
"NINFP2010045681",0.279023473705268,0.0104859303683043,60377,4,"meta_highrescanopyheight_orthophoto",0.5,"orthophoto_50cm_2025","Nord-Norge"
"NINFP2210103914",0.0660681777427345,0.0101989917457104,313993,14,"meta_highrescanopyheight_orthophoto",0.5,"orthophoto_50cm_2025","Nord-Norge"
"NINFP2010008972",7.2715134128261,7.84677696228027,4869,4,"meta_highrescanopyheight_orthophoto",0.5,"orthophoto_50cm_2025","Nord-Norge"
"NINFP2510197034",0.503852694072686,0.0108534572646022,36929,3,"meta_highrescanopyheight_orthophoto",0.5,"orthophoto_50cm_2025","Nord-Norge"
"NINFP2510195017",6.73081185304644,7.28289318084717,4455,2,"meta_highrescanopyheight_orthophoto",0.5,"orthophoto_50cm_2025","Nord-Norge"
"NINFP2210087181",0.376440761945685,0.0116727319546044,38636,6,"meta_highrescanopyheight_orthophoto",0.5,"orthophoto_50cm_2025","Nord-Norge"
"NINFP1810035396",0.290382502685313,0.0215445440262556,11405,4,"meta_highrescanopyheight_orthophoto",0.5,"orthophoto_50cm_2025","Nord-Norge"
"NINFP2210086477",0.376744624505101,0.0114190988242626,21676,3,"meta_highrescanopyheight_orthophoto",0.5,"orthophoto_50cm_2025","Nord-Norge"
"NINFP2010025352",0.0527242989721134,0.0104427826590836,5270,2,"meta_highrescanopyheight_orthophoto",0.5,"orthophoto_50cm_2025","Nord-Norge"
"NINFP1910019926",0.0101184872125783,0.0101024834439158,126618,8,"meta_highrescanopyheight_orthophoto",0.5,"orthophoto_50cm_2025","Nord-Norge"
"NINFP1910026024",0.44707129120163,0.0107573550194502,31043,4,"meta_highrescanopyheight_orthophoto",0.5,"orthophoto_50cm_2025","Nord-Norge"
"NINFP2510203903",0.0216070050683201,0.0103513430804014,33639,4,"meta_highrescanopyheight_orthophoto",0.5,"orthophoto_50cm_2025","Nord-Norge"
"NINFP2410160151",1.11253366222351,0.259569406509399,10117,3,"meta_highrescanopyheight_orthophoto",0.5,"orthophoto_50cm_2025","Nord-Norge"
"NINFP1810029464",0.295758752957908,0.0142528815194964,41767,5,"meta_highrescanopyheight_orthophoto",0.5,"orthophoto_50cm_2025","Nord-Norge"
"NINFP1810015970",0.152456490270601,0.0117787974886596,17756,4,"meta_highrescanopyheight_orthophoto",0.5,"orthophoto_50cm_2025","Nord-Norge"
"NINFP2110021506",0.166183693112044,0.0106087094172835,71741,7,"meta_highrescanopyheight_orthophoto",0.5,"orthophoto_50cm_2025","Nord-Norge"
"NINFP2510192981",5.27720846760403,5.36838293075562,16009,2,"meta_highrescanopyheight_orthophoto",0.5,"orthophoto_50cm_2025","Nord-Norge"
"NINFP1910010864",0.340287876022068,0.0538903530687094,6302,2,"meta_highrescanopyheight_orthophoto",0.5,"orthophoto_50cm_2025","Nord-Norge"
"NINFP2010025680",5.86063421231659,5.74923014640808,6848,2,"meta_highrescanopyheight_orthophoto",0.5,"orthophoto_50cm_2025","Nord-Norge"
"NINFP2310131417",0.0106815402203382,0.0104588558897376,4206,4,"meta_highrescanopyheight_orthophoto",0.5,"orthophoto_50cm_2025","Nord-Norge"
"NINFP2010018672",0.273516620438765,0.0120196649804711,23916,7,"meta_highrescanopyheight_orthophoto",0.5,"orthophoto_50cm_2025","Nord-Norge"
"NINFP2310140480",1.71947568410061,0.615162789821625,23202,4,"meta_highrescanopyheight_orthophoto",0.5,"orthophoto_50cm_2025","Nord-Norge"
"NINFP2410165920",0.584544654237979,0.0245568370446563,13342,1,"meta_highrescanopyheight_orthophoto",0.5,"orthophoto_50cm_2025","Nord-Norge"
"NINFP2310132340",0.0450560524021051,0.0101137151941657,74791,6,"meta_highrescanopyheight_orthophoto",0.5,"orthophoto_50cm_2025","Nord-Norge"
"NINFP2310130173",0.202415246622003,0.0104926889762282,34222,6,"meta_highrescanopyheight_orthophoto",0.5,"orthophoto_50cm_2025","Nord-Norge"
"NINFP2010045221",6.09242815797054,6.48341751098633,5505,3,"meta_highrescanopyheight_orthophoto",0.5,"orthophoto_50cm_2025","Nord-Norge"
"NINFP2410172250",0.0211183926975262,0.0102040022611618,27146,2,"meta_highrescanopyheight_orthophoto",0.5,"orthophoto_50cm_2025","Nord-Norge"
"NINFP2410172817",0.0147349560598514,0.0102638257667422,75443,7,"meta_highrescanopyheight_orthophoto",0.5,"orthophoto_50cm_2025","Nord-Norge"
"NINFP1810028496",0.827799641986505,0.0160348331555724,44878,5,"meta_highrescanopyheight_orthophoto",0.5,"orthophoto_50cm_2025","Nord-Norge"
"NINFP1910060327",0.155250182421314,0.0107238404452801,20893,5,"meta_highrescanopyheight_orthophoto",0.5,"orthophoto_50cm_2025","Nord-Norge"
"NINFP2010027038",0.217225289868886,0.0118123940192163,206420,9,"meta_highrescanopyheight_orthophoto",0.5,"orthophoto_50cm_2025","Nord-Norge"
"NINFP1810037851",0.0100591503461823,0.0100387912243605,4133,1,"meta_highrescanopyheight_orthophoto",0.5,"orthophoto_50cm_2025","Nord-Norge"
"NINFP2010025496",0.583086322000478,0.0179974138736725,5049,2,"meta_highrescanopyheight_orthophoto",0.5,"orthophoto_50cm_2025","Nord-Norge"
"NINFP2510193903",0.488283117419372,0.033717192709446,4094,2,"meta_highrescanopyheight_orthophoto",0.5,"orthophoto_50cm_2025","Nord-Norge"
"NINFP2410160192",0.400752998462244,0.0121272541582584,2812,1,"meta_highrescanopyheight_orthophoto",0.5,"orthophoto_50cm_2025","Nord-Norge"
"NINFP2510214731",0.0378129329000095,0.0114178899675608,20212,2,"meta_highrescanopyheight_orthophoto",0.5,"orthophoto_50cm_2025","Nord-Norge"
"NINFP2410174788",0.0863307130129841,0.011095630005002,5140,2,"meta_highrescanopyheight_orthophoto",0.5,"orthophoto_50cm_2025","Nord-Norge"
"NINFP2110027026",0.0844921302205881,0.0169029356911778,5030,2,"meta_highrescanopyheight_orthophoto",0.5,"orthophoto_50cm_2025","Nord-Norge"
"NINFP2010017678",0.0181116350722445,0.0102494172751904,8605,1,"meta_highrescanopyheight_orthophoto",0.5,"orthophoto_50cm_2025","Nord-Norge"
"NINFP1810022671",0.45281340838822,0.0103383008390665,47865,4,"meta_highrescanopyheight_orthophoto",0.5,"orthophoto_50cm_2025","Nord-Norge"
"NINFP1910016623",0.57941792760056,0.0326373931020498,9236,3,"meta_highrescanopyheight_orthophoto",0.5,"orthophoto_50cm_2025","Nord-Norge"
"NINFP2010023503",3.219904265039,2.58009934425354,21331,4,"meta_highrescanopyheight_orthophoto",0.5,"orthophoto_50cm_2025","Nord-Norge"
"NINFP2210086107",0.463694583622853,0.0113742500543594,8525,2,"meta_highrescanopyheight_orthophoto",0.5,"orthophoto_50cm_2025","Nord-Norge"
"NINFP1810022334",0.0647046300312417,0.0101137813180685,18563,2,"meta_highrescanopyheight_orthophoto",0.5,"orthophoto_50cm_2025","Nord-Norge"
"NINFP2010022176",0.0369837596375873,0.010110052768141,199522,9,"meta_highrescanopyheight_orthophoto",0.5,"orthophoto_50cm_2025","Nord-Norge"
"NINFP2310130652",0.0213756796010748,0.0103739141486585,138664,7,"meta_highrescanopyheight_orthophoto",0.5,"orthophoto_50cm_2025","Nord-Norge"
"NINFP2010025886",0.0942504580688994,0.0145847555249929,9681,2,"meta_highrescanopyheight_orthophoto",0.5,"orthophoto_50cm_2025","Nord-Norge"
"NINFP1810040935",4.89298584397083,5.60749626159668,17848,3,"meta_highrescanopyheight_orthophoto",0.5,"orthophoto_50cm_2025","Nord-Norge"
"NINFP2410156405",3.75613929966138,3.69758367538452,4027,1,"meta_highrescanopyheight_orthophoto",0.5,"orthophoto_50cm_2025","Nord-Norge"
"NINFP2010013305",3.2828647981699,3.14656138420105,4721,1,"meta_highrescanopyheight_orthophoto",0.5,"orthophoto_50cm_2025","Nord-Norge"
"NINFP2410156710",2.27032335814916,2.03211283683777,4181,2,"meta_highrescanopyheight_orthophoto",0.5,"orthophoto_50cm_2025","Nord-Norge"
"NINFP2410174276",0.148011193392276,0.0104317674413323,218958,20,"meta_highrescanopyheight_orthophoto",0.5,"orthophoto_50cm_2025","Nord-Norge"
"NINFP2010056603",3.96683090295084,3.76404333114624,16081,2,"meta_highrescanopyheight_orthophoto",0.5,"orthophoto_50cm_2025","Nord-Norge"
"NINFP2010013877",5.86054402012788,5.5597836971283,4816,2,"meta_highrescanopyheight_orthophoto",0.5,"orthophoto_50cm_2025","Nord-Norge"
"NINFP2310134091",4.63178154820307,4.47701811790466,12466,4,"meta_highrescanopyheight_orthophoto",0.5,"orthophoto_50cm_2025","Nord-Norge"
"NINFP1810033086",0.0115881241579152,0.0100927562452853,4796,1,"meta_highrescanopyheight_orthophoto",0.5,"orthophoto_50cm_2025","Nord-Norge"
"NINFP2010008962",0.8394192746046,0.0101426839828491,91363,7,"meta_highrescanopyheight_orthophoto",0.5,"orthophoto_50cm_2025","Nord-Norge"
"NINFP2210107547",0.0211536546992479,0.010510474909097,4978,2,"meta_highrescanopyheight_orthophoto",0.5,"orthophoto_50cm_2025","Nord-Norge"
"NINFP2310135243",0.025531399474387,0.0102484589442611,46972,4,"meta_highrescanopyheight_orthophoto",0.5,"orthophoto_50cm_2025","Nord-Norge"
"NINFP2010023175",0.630681646431003,0.0144134415313601,55661,4,"meta_highrescanopyheight_orthophoto",0.5,"orthophoto_50cm_2025","Nord-Norge"
"NINFP2010013944",0.292461119201911,0.0104913217946887,62879,3,"meta_highrescanopyheight_orthophoto",0.5,"orthophoto_50cm_2025","Nord-Norge"
"NINFP1910011383",2.30340858702896,0.0426739305257797,14931,4,"meta_highrescanopyheight_orthophoto",0.5,"orthophoto_50cm_2025","Nord-Norge"
"NINFP1810016176",0.805135814135264,0.0538352131843567,20743,5,"meta_highrescanopyheight_orthophoto",0.5,"orthophoto_50cm_2025","Nord-Norge"
"NINFP2410155539",0.022903187069937,0.0108002545312047,3019,1,"meta_highrescanopyheight_orthophoto",0.5,"orthophoto_50cm_2025","Nord-Norge"
"NINFP2310135789",0.0515428061705079,0.0104331946931779,10690,4,"meta_highrescanopyheight_orthophoto",0.5,"orthophoto_50cm_2025","Nord-Norge"
"NINFP2410177504",3.87078162943809,3.96938216686249,3572,1,"meta_highrescanopyheight_orthophoto",0.5,"orthophoto_50cm_2025","Nord-Norge"
"NINFP2110053128",0.0646636333184942,0.010414354968816,43742,4,"meta_highrescanopyheight_orthophoto",0.5,"orthophoto_50cm_2025","Nord-Norge"
"NINFP2310132025",0.117957992653221,0.0103703336790204,16302,4,"meta_highrescanopyheight_orthophoto",0.5,"orthophoto_50cm_2025","Nord-Norge"
"NINFP2010037077",2.83673245153889,1.21030044555664,7427,2,"meta_highrescanopyheight_orthophoto",0.5,"orthophoto_50cm_2025","Nord-Norge"
"NINFP1910016782",0.155557793522649,0.013409742154181,4893,1,"meta_highrescanopyheight_orthophoto",0.5,"orthophoto_50cm_2025","Nord-Norge"
"NINFP2210094466",0.0953744001305448,0.010390292853117,32979,4,"meta_highrescanopyheight_orthophoto",0.5,"orthophoto_50cm_2025","Nord-Norge"
"NINFP2010025592",6.13008675630963,5.63964509963989,9174,2,"meta_highrescanopyheight_orthophoto",0.5,"orthophoto_50cm_2025","Nord-Norge"
"NINFP1810027993",0.0469931950127598,0.0102793509140611,105445,6,"meta_highrescanopyheight_orthophoto",0.5,"orthophoto_50cm_2025","Nord-Norge"
"NINFP2510202650",0.0215734141392959,0.0103328991681337,22933,4,"meta_highrescanopyheight_orthophoto",0.5,"orthophoto_50cm_2025","Nord-Norge"
"NINFP2510194691",4.32304887469943,4.28516364097595,1228,2,"meta_highrescanopyheight_orthophoto",0.5,"orthophoto_50cm_2025","Nord-Norge"
"NINFP2210101563",0.0759903870543533,0.0105438735336065,52009,5,"meta_highrescanopyheight_orthophoto",0.5,"orthophoto_50cm_2025","Nord-Norge"
"NINFP2010029821",0.0493266587297826,0.0139932753518224,5446,2,"meta_highrescanopyheight_orthophoto",0.5,"orthophoto_50cm_2025","Nord-Norge"
"NINFP2110019410",0.0331198460779924,0.0106388162821531,12107,4,"meta_highrescanopyheight_orthophoto",0.5,"orthophoto_50cm_2025","Nord-Norge"
"NINFP2210097314",0.0263474577866294,0.0103947995230556,25025,4,"meta_highrescanopyheight_orthophoto",0.5,"orthophoto_50cm_2025","Nord-Norge"
"NINFP2310133415",0.440410791489689,0.0151163134723902,12811,2,"meta_highrescanopyheight_orthophoto",0.5,"orthophoto_50cm_2025","Nord-Norge"
"NINFP2310130414",0.0472631200752697,0.0113627780228853,7383,3,"meta_highrescanopyheight_orthophoto",0.5,"orthophoto_50cm_2025","Nord-Norge"
"NINFP2510186566",0.0359344042612764,0.0101239252835512,11970,1,"meta_highrescanopyheight_orthophoto",0.5,"orthophoto_50cm_2025","Nord-Norge"
"NINFP2410177655",0.0968325869846734,0.0102131864987314,49300,3,"meta_highrescanopyheight_orthophoto",0.5,"orthophoto_50cm_2025","Nord-Norge"
"NINFP2310141718",0.0543018972384247,0.0104135842993855,78497,5,"meta_highrescanopyheight_orthophoto",0.5,"orthophoto_50cm_2025","Nord-Norge"
"NINFP2210112177",0.0129997747052263,0.0100482064299285,43870,4,"meta_highrescanopyheight_orthophoto",0.5,"orthophoto_50cm_2025","Nord-Norge"
"NINFP1810015578",4.58937757700048,5.25972771644592,188,1,"meta_highrescanopyheight_orthophoto",0.5,"orthophoto_50cm_2025","Nord-Norge"
"NINFP1810035315",0.859671734769113,0.061437301337719,33709,4,"meta_highrescanopyheight_orthophoto",0.5,"orthophoto_50cm_2025","Nord-Norge"
"NINFP2510185592",0.0101516509378606,0.0100937485694885,41972,3,"meta_highrescanopyheight_orthophoto",0.5,"orthophoto_50cm_2025","Nord-Norge"
"NINFP2310116276",1.03208214499822,0.0312569234520197,4178,1,"meta_highrescanopyheight_orthophoto",0.5,"orthophoto_50cm_2025","Nord-Norge"
"NINFP2010023538",0.0181283381885738,0.0100705386139452,239326,11,"meta_highrescanopyheight_orthophoto",0.5,"orthophoto_50cm_2025","Nord-Norge"
"NINFP2410156623",1.06913112365363,0.19012139737606,13701,1,"meta_highrescanopyheight_orthophoto",0.5,"orthophoto_50cm_2025","Nord-Norge"
"NINFP2510194709",4.06988377845486,3.75021302700043,1292,2,"meta_highrescanopyheight_orthophoto",0.5,"orthophoto_50cm_2025","Nord-Norge"
"NINFP2410154827",0.0169740550789698,0.0100813987664878,46654,3,"meta_highrescanopyheight_orthophoto",0.5,"orthophoto_50cm_2025","Nord-Norge"
"NINFP2110019918",0.100531543881947,0.0101411445066333,139034,6,"meta_highrescanopyheight_orthophoto",0.5,"orthophoto_50cm_2025","Nord-Norge"
"NINFP2110042831",0.338755484554332,0.0115073267370462,6371,1,"meta_highrescanopyheight_orthophoto",0.5,"orthophoto_50cm_2025","Nord-Norge"
"NINFP2410156300",1.56674403477734,0.852612107992172,5030,2,"meta_highrescanopyheight_orthophoto",0.5,"orthophoto_50cm_2025","Nord-Norge"
"NINFP2510189324",1.26224673548994,0.0147660439833999,13503,2,"meta_highrescanopyheight_orthophoto",0.5,"orthophoto_50cm_2025","Nord-Norge"
"NINFP2010007070",1.28803593343557,0.214840471744537,52143,4,"meta_highrescanopyheight_orthophoto",0.5,"orthophoto_50cm_2025","Nord-Norge"
"NINFP2410172850",0.0510164384083482,0.0101256687194109,145435,8,"meta_highrescanopyheight_orthophoto",0.5,"orthophoto_50cm_2025","Nord-Norge"
"NINFP1810033864",3.24120601200674,2.96060621738434,172596,7,"meta_highrescanopyheight_orthophoto",0.5,"orthophoto_50cm_2025","Nord-Norge"
"NINFP2210113082",0.0117933937982347,0.0100508057512343,134988,7,"meta_highrescanopyheight_orthophoto",0.5,"orthophoto_50cm_2025","Nord-Norge"
"NINFP1910027491",1.82089614898933,0.796338081359863,2930,1,"meta_highrescanopyheight_orthophoto",0.5,"orthophoto_50cm_2025","Nord-Norge"
"NINFP1910025145",0.0365041113755533,0.0101297027431428,228372,18,"meta_highrescanopyheight_orthophoto",0.5,"orthophoto_50cm_2025","Nord-Norge"
"NINFP2510210499",0.187757762416944,0.0105964336544275,48723,5,"meta_highrescanopyheight_orthophoto",0.5,"orthophoto_50cm_2025","Nord-Norge"
"NINFP2210100365",0.305158378532218,0.0166143663227558,350434,11,"meta_highrescanopyheight_orthophoto",0.5,"orthophoto_50cm_2025","Nord-Norge"
"NINFP2310141459",0.0959765200923841,0.0103060435503721,28411,5,"meta_highrescanopyheight_orthophoto",0.5,"orthophoto_50cm_2025","Nord-Norge"
"NINFP2510198633",2.45374977448125,1.29973030090332,3590,1,"meta_highrescanopyheight_orthophoto",0.5,"orthophoto_50cm_2025","Nord-Norge"
"NINFP1810030369",0.585355401291687,0.13686104118824,20023,5,"meta_highrescanopyheight_orthophoto",0.5,"orthophoto_50cm_2025","Nord-Norge"
"NINFP2410156266",0.949498825442617,0.0196591066196561,10558,2,"meta_highrescanopyheight_orthophoto",0.5,"orthophoto_50cm_2025","Nord-Norge"
"NINFP2010022196",0.0448306174677246,0.0101884678006172,5007,2,"meta_highrescanopyheight_orthophoto",0.5,"orthophoto_50cm_2025","Nord-Norge"
"NINFP2010025843",4.04440134123272,4.1532621383667,4267,2,"meta_highrescanopyheight_orthophoto",0.5,"orthophoto_50cm_2025","Nord-Norge"
"NINFP2310133675",0.0211431954922589,0.0104866838082671,6371,2,"meta_highrescanopyheight_orthophoto",0.5,"orthophoto_50cm_2025","Nord-Norge"
"NINFP2310130305",0.017071517224912,0.0113236242905259,4710,1,"meta_highrescanopyheight_orthophoto",0.5,"orthophoto_50cm_2025","Nord-Norge"
"NINFP2310134279",0.249710375888289,0.0105987694114447,10349,2,"meta_highrescanopyheight_orthophoto",0.5,"orthophoto_50cm_2025","Nord-Norge"
"NINFP2110046213",0.0825655072937614,0.0104547059163451,117575,6,"meta_highrescanopyheight_orthophoto",0.5,"orthophoto_50cm_2025","Nord-Norge"
"NINFP2010025348",0.83297626356218,0.14662878215313,4473,2,"meta_highrescanopyheight_orthophoto",0.5,"orthophoto_50cm_2025","Nord-Norge"
"NINFP2510186577",0.107318270162013,0.0100966095924377,179795,12,"meta_highrescanopyheight_orthophoto",0.5,"orthophoto_50cm_2025","Nord-Norge"
"NINFP1910025160",0.0584118291117538,0.0103109711781144,21516,3,"meta_highrescanopyheight_orthophoto",0.5,"orthophoto_50cm_2025","Nord-Norge"
"NINFP2110045136",0.010064913600421,0.010055863764137,4006,1,"meta_highrescanopyheight_orthophoto",0.5,"orthophoto_50cm_2025","Nord-Norge"
"NINFP2110020697",0.389573151048997,0.0531549584120512,4010,2,"meta_highrescanopyheight_orthophoto",0.5,"orthophoto_50cm_2025","Nord-Norge"
"NINFP2510193898",0.0165938499955605,0.0100925760343671,228066,11,"meta_highrescanopyheight_orthophoto",0.5,"orthophoto_50cm_2025","Nord-Norge"
"NINFP2110023404",0.13422975254304,0.0102956686168909,259073,14,"meta_highrescanopyheight_orthophoto",0.5,"orthophoto_50cm_2025","Nord-Norge"
"NINFP2310142556",0.497495643448791,0.103190645575523,6885,3,"meta_highrescanopyheight_orthophoto",0.5,"orthophoto_50cm_2025","Nord-Norge"
"NINFP2010055734",0.0345875250121038,0.0101970816031098,55104,5,"meta_highrescanopyheight_orthophoto",0.5,"orthophoto_50cm_2025","Nord-Norge"
"NINFP2510188526",0.0130607219318629,0.0100738205946982,70856,6,"meta_highrescanopyheight_orthophoto",0.5,"orthophoto_50cm_2025","Nord-Norge"
"NINFP1810030742",0.257263955625993,0.0116383279673755,40282,6,"meta_highrescanopyheight_orthophoto",0.5,"orthophoto_50cm_2025","Nord-Norge"
"NINFP2210093349",0.069742854555302,0.0105143394321203,11439,2,"meta_highrescanopyheight_orthophoto",0.5,"orthophoto_50cm_2025","Nord-Norge"
"NINFP2010013503",2.38048266508079,2.12081634998322,17592,3,"meta_highrescanopyheight_orthophoto",0.5,"orthophoto_50cm_2025","Nord-Norge"
"NINFP2510205258",0.414450268669512,0.0251416731625795,23688,2,"meta_highrescanopyheight_orthophoto",0.5,"orthophoto_50cm_2025","Nord-Norge"
"NINFP1910024796",2.67858473992976,1.06780695915222,3501,1,"meta_highrescanopyheight_orthophoto",0.5,"orthophoto_50cm_2025","Nord-Norge"
"NINFP2510189754",0.0221145845584726,0.0100822886452079,58581,5,"meta_highrescanopyheight_orthophoto",0.5,"orthophoto_50cm_2025","Nord-Norge"
"NINFP2110035418",0.0120305999712874,0.0100768646225333,78939,4,"meta_highrescanopyheight_orthophoto",0.5,"orthophoto_50cm_2025","Nord-Norge"
"NINFP2410174076",0.0105932133889531,0.0100686587393284,156552,8,"meta_highrescanopyheight_orthophoto",0.5,"orthophoto_50cm_2025","Nord-Norge"
"NINFP2310133582",0.0102298287614045,0.0100490837357938,65012,6,"meta_highrescanopyheight_orthophoto",0.5,"orthophoto_50cm_2025","Nord-Norge"
"NINFP2110044490",0.826764844405858,0.151271492242813,1653,4,"meta_highrescanopyheight_orthophoto",0.5,"orthophoto_50cm_2025","Nord-Norge"
"NINFP2110031338",3.3537903163218,2.45148634910583,9777,2,"meta_highrescanopyheight_orthophoto",0.5,"orthophoto_50cm_2025","Nord-Norge"
"NINFP2410154341",0.0378563618170814,0.0103399148210883,16290,4,"meta_highrescanopyheight_orthophoto",0.5,"orthophoto_50cm_2025","Nord-Norge"
"NINFP2410167590",0.068674383661172,0.0108193755149841,16108,4,"meta_highrescanopyheight_orthophoto",0.5,"orthophoto_50cm_2025","Nord-Norge"
"NINFP2310133614",0.302040746409584,0.0102812750265002,107534,11,"meta_highrescanopyheight_orthophoto",0.5,"orthophoto_50cm_2025","Nord-Norge"
"NINFP2410157520",5.63181589034048,6.16977500915527,21346,4,"meta_highrescanopyheight_orthophoto",0.5,"orthophoto_50cm_2025","Nord-Norge"
"NINFP2310142101",1.15831756659466,0.161479875445366,13807,1,"meta_highrescanopyheight_orthophoto",0.5,"orthophoto_50cm_2025","Nord-Norge"
"NINFP2510198319",0.0221089780631862,0.0101612415164709,20803,2,"meta_highrescanopyheight_orthophoto",0.5,"orthophoto_50cm_2025","Nord-Norge"
"NINFP2410150147",0.0772602600171463,0.0104591865092516,9427,3,"meta_highrescanopyheight_orthophoto",0.5,"orthophoto_50cm_2025","Nord-Norge"
"NINFP2410156092",0.0227990349367342,0.0101178046315908,68221,5,"meta_highrescanopyheight_orthophoto",0.5,"orthophoto_50cm_2025","Nord-Norge"
"NINFP2410156089",4.13762662077084,4.2697389125824,5412,2,"meta_highrescanopyheight_orthophoto",0.5,"orthophoto_50cm_2025","Nord-Norge"
"NINFP2310141384",1.23243876978304,0.441927567124367,13170,4,"meta_highrescanopyheight_orthophoto",0.5,"orthophoto_50cm_2025","Nord-Norge"
"NINFP2410155660",0.0197769405220193,0.0101632717996836,46076,4,"meta_highrescanopyheight_orthophoto",0.5,"orthophoto_50cm_2025","Nord-Norge"
"NINFP2110022675",0.0344301813228275,0.0103945396840572,11443,2,"meta_highrescanopyheight_orthophoto",0.5,"orthophoto_50cm_2025","Nord-Norge"
"NINFP2010013435",0.51901424687508,0.0773507952690125,4160,1,"meta_highrescanopyheight_orthophoto",0.5,"orthophoto_50cm_2025","Nord-Norge"
"NINFP2310132447",0.11687387610288,0.0106013100594282,35157,6,"meta_highrescanopyheight_orthophoto",0.5,"orthophoto_50cm_2025","Nord-Norge"
"NINFP1910017680",2.40611020836852,0.833349227905273,64795,5,"meta_highrescanopyheight_orthophoto",0.5,"orthophoto_50cm_2025","Nord-Norge"
"NINFP2310123686",0.0759698934542303,0.0104462262243032,36351,4,"meta_highrescanopyheight_orthophoto",0.5,"orthophoto_50cm_2025","Nord-Norge"
"NINFP2010034190",0.0598899371515359,0.0104524777270854,54676,6,"meta_highrescanopyheight_orthophoto",0.5,"orthophoto_50cm_2025","Nord-Norge"
"NINFP2210103487",0.0870066976407428,0.0106728761456907,24308,5,"meta_highrescanopyheight_orthophoto",0.5,"orthophoto_50cm_2025","Nord-Norge"
"NINFP2010044039",0.172332272017947,0.0104444045573473,46670,5,"meta_highrescanopyheight_orthophoto",0.5,"orthophoto_50cm_2025","Nord-Norge"
"NINFP2410155665",0.0113059971026647,0.0101538551971316,4463,1,"meta_highrescanopyheight_orthophoto",0.5,"orthophoto_50cm_2025","Nord-Norge"
"NINFP1810037145",0.0479395494296848,0.0102518666535616,198508,10,"meta_highrescanopyheight_orthophoto",0.5,"orthophoto_50cm_2025","Nord-Norge"
"NINFP1910032484",0.154566092133944,0.0103519624099135,7386,2,"meta_highrescanopyheight_orthophoto",0.5,"orthophoto_50cm_2025","Nord-Norge"
"NINFP2110025372",0.879801372436551,0.0258456896990538,7387,2,"meta_highrescanopyheight_orthophoto",0.5,"orthophoto_50cm_2025","Nord-Norge"
"NINFP2510204008",0.048533195818438,0.0100938244722784,238286,10,"meta_highrescanopyheight_orthophoto",0.5,"orthophoto_50cm_2025","Nord-Norge"
"NINFP2110035215",0.14008174402989,0.0104395188391209,756606,23,"meta_highrescanopyheight_orthophoto",0.5,"orthophoto_50cm_2025","Nord-Norge"
"NINFP2510202752",2.00927066816196,0.731798470020294,8885,2,"meta_highrescanopyheight_orthophoto",0.5,"orthophoto_50cm_2025","Nord-Norge"
"NINFP2010025893",1.71700405832371,0.181635081768036,6179,3,"meta_highrescanopyheight_orthophoto",0.5,"orthophoto_50cm_2025","Nord-Norge"
"NINFP2410172362",0.0122797233924159,0.0100969690829515,77387,5,"meta_highrescanopyheight_orthophoto",0.5,"orthophoto_50cm_2025","Nord-Norge"
"NINFP2110020625",0.368931527887504,0.0181967914104462,8801,2,"meta_highrescanopyheight_orthophoto",0.5,"orthophoto_50cm_2025","Nord-Norge"
"NINFP2310122661",0.0621890538011443,0.0106832440942526,32036,4,"meta_highrescanopyheight_orthophoto",0.5,"orthophoto_50cm_2025","Nord-Norge"
"NINFP2510186338",1.5649075426245,0.430455222725868,9546,2,"meta_highrescanopyheight_orthophoto",0.5,"orthophoto_50cm_2025","Nord-Norge"
"NINFP2110022575",0.034604010058016,0.0101677412167192,13598,1,"meta_highrescanopyheight_orthophoto",0.5,"orthophoto_50cm_2025","Nord-Norge"
"NINFP2310134120",3.89532923434228,3.28292012214661,8278,1,"meta_highrescanopyheight_orthophoto",0.5,"orthophoto_50cm_2025","Nord-Norge"
"NINFP1810018106",1.45058320550054,0.695158541202545,3447,3,"meta_highrescanopyheight_orthophoto",0.5,"orthophoto_50cm_2025","Nord-Norge"
"NINFP2210082082",0.583411633148524,0.141413345932961,12087,2,"meta_highrescanopyheight_orthophoto",0.5,"orthophoto_50cm_2025","Nord-Norge"
"NINFP1810034613",0.0102349840485565,0.0101043237373233,8326,3,"meta_highrescanopyheight_orthophoto",0.5,"orthophoto_50cm_2025","Nord-Norge"
"NINFP1910020137",0.229924666478745,0.0116352653130889,40749,5,"meta_highrescanopyheight_orthophoto",0.5,"orthophoto_50cm_2025","Nord-Norge"
"NINFP2010018685",0.954008921518579,0.298458248376846,27669,4,"meta_highrescanopyheight_orthophoto",0.5,"orthophoto_50cm_2025","Nord-Norge"
"NINFP2010028804",0.0148075830011549,0.0101036159321666,215179,13,"meta_highrescanopyheight_orthophoto",0.5,"orthophoto_50cm_2025","Nord-Norge"
"NINFP2410154495",0.032540597401704,0.010376856662333,2575,2,"meta_highrescanopyheight_orthophoto",0.5,"orthophoto_50cm_2025","Nord-Norge"
"NINFP2110019555",0.756213983300434,0.0219032019376755,5408,2,"meta_highrescanopyheight_orthophoto",0.5,"orthophoto_50cm_2025","Nord-Norge"
"NINFP2310135424",2.48084678113705,1.77038609981537,4232,2,"meta_highrescanopyheight_orthophoto",0.5,"orthophoto_50cm_2025","Nord-Norge"
"NINFP1910013709",0.208063133434612,0.0114656966179609,149391,8,"meta_highrescanopyheight_orthophoto",0.5,"orthophoto_50cm_2025","Nord-Norge"
"NINFP2510204856",0.24023336186152,0.0228895181789994,9394,4,"meta_highrescanopyheight_orthophoto",0.5,"orthophoto_50cm_2025","Nord-Norge"
"NINFP2210079387",0.150731788284416,0.0101137366145849,87932,5,"meta_highrescanopyheight_orthophoto",0.5,"orthophoto_50cm_2025","Nord-Norge"
"NINFP2410172248",0.450655184173948,0.0129481814801693,5569,2,"meta_highrescanopyheight_orthophoto",0.5,"orthophoto_50cm_2025","Nord-Norge"
"NINFP2210105971",0.0151262664317652,0.0100601883605123,65471,7,"meta_highrescanopyheight_orthophoto",0.5,"orthophoto_50cm_2025","Nord-Norge"
"NINFP1810027987",0.0350432601199825,0.0101197827607393,1246746,45,"meta_highrescanopyheight_orthophoto",0.5,"orthophoto_50cm_2025","Nord-Norge"
"NINFP2510190134",2.99676968281276,2.02601933479309,45119,9,"meta_highrescanopyheight_orthophoto",0.5,"orthophoto_50cm_2025","Nord-Norge"
"NINFP2310127628",2.7224784661804,1.33206808567047,33418,6,"meta_highrescanopyheight_orthophoto",0.5,"orthophoto_50cm_2025","Nord-Norge"
"NINFP1810023010",0.0290935851171325,0.0101094329729676,2098744,62,"meta_highrescanopyheight_orthophoto",0.5,"orthophoto_50cm_2025","Nord-Norge"
"NINFP2410162269",0.03394174197564,0.0100560942664742,127521,6,"meta_highrescanopyheight_orthophoto",0.5,"orthophoto_50cm_2025","Nord-Norge"
"NINFP2110020417",1.43879882262065,0.0536030232906342,13255,2,"meta_highrescanopyheight_orthophoto",0.5,"orthophoto_50cm_2025","Nord-Norge"
"NINFP1910022815",2.11202657451041,0.419028759002686,2391,4,"meta_highrescanopyheight_orthophoto",0.5,"orthophoto_50cm_2025","Nord-Norge"
"NINFP1810037355",4.33442856721464,4.2697057723999,9509,2,"meta_highrescanopyheight_orthophoto",0.5,"orthophoto_50cm_2025","Nord-Norge"
"NINFP2010023532",3.5508829292198,2.80761384963989,68185,5,"meta_highrescanopyheight_orthophoto",0.5,"orthophoto_50cm_2025","Nord-Norge"
"NINFP2510207857",0.665516987796769,0.0646875575184822,15394,2,"meta_highrescanopyheight_orthophoto",0.5,"orthophoto_50cm_2025","Nord-Norge"
"NINFP2310143853",0.222208224844888,0.0108882267959416,58382,4,"meta_highrescanopyheight_orthophoto",0.5,"orthophoto_50cm_2025","Nord-Norge"
"NINFP2210082506",0.725190165099825,0.0281693264842033,29819,5,"meta_highrescanopyheight_orthophoto",0.5,"orthophoto_50cm_2025","Nord-Norge"
"NINFP1810036795",3.55453037554997,3.03174638748169,11392,3,"meta_highrescanopyheight_orthophoto",0.5,"orthophoto_50cm_2025","Nord-Norge"
"NINFP2410154270",4.7030153081185,5.03925037384033,4166,1,"meta_highrescanopyheight_orthophoto",0.5,"orthophoto_50cm_2025","Nord-Norge"
"NINFP2310135790",0.0879950787158955,0.0108088720589876,8515,1,"meta_highrescanopyheight_orthophoto",0.5,"orthophoto_50cm_2025","Nord-Norge"
"NINFP2310136857",0.148081936441577,0.0118239866569638,26897,2,"meta_highrescanopyheight_orthophoto",0.5,"orthophoto_50cm_2025","Nord-Norge"
"NINFP2010033800",0.0100306642114138,0.0100265531800687,12448,2,"meta_highrescanopyheight_orthophoto",0.5,"orthophoto_50cm_2025","Nord-Norge"
"NINFP2310129544",0.133243260254288,0.0104179047048092,64424,5,"meta_highrescanopyheight_orthophoto",0.5,"orthophoto_50cm_2025","Nord-Norge"
"NINFP2310130267",0.309368072634795,0.0109968250617385,6855,2,"meta_highrescanopyheight_orthophoto",0.5,"orthophoto_50cm_2025","Nord-Norge"
"NINFP1910019883",0.17998339947591,0.0107165379449725,6207,1,"meta_highrescanopyheight_orthophoto",0.5,"orthophoto_50cm_2025","Nord-Norge"
"NINFP2210103812",0.0349231873175238,0.0102060218341649,19374,4,"meta_highrescanopyheight_orthophoto",0.5,"orthophoto_50cm_2025","Nord-Norge"
"NINFP1810034591",0.0381633698850309,0.0102753201499581,243908,12,"meta_highrescanopyheight_orthophoto",0.5,"orthophoto_50cm_2025","Nord-Norge"
"NINFP1910060328",0.0131481677951591,0.0104636461474001,8574,2,"meta_highrescanopyheight_orthophoto",0.5,"orthophoto_50cm_2025","Nord-Norge"
"NINFP1810021339",0.0107644973086971,0.0106657724827528,79,1,"meta_highrescanopyheight_orthophoto",0.5,"orthophoto_50cm_2025","Nord-Norge"
"NINFP2210083733",0.0890024348986012,0.0141602996736765,5115,1,"meta_highrescanopyheight_orthophoto",0.5,"orthophoto_50cm_2025","Nord-Norge"
"NINFP2310130174",0.0555223783750888,0.0102280778810382,8277,4,"meta_highrescanopyheight_orthophoto",0.5,"orthophoto_50cm_2025","Nord-Norge"
"NINFP1810035524",0.481721308018583,0.0163907166570425,103841,5,"meta_highrescanopyheight_orthophoto",0.5,"orthophoto_50cm_2025","Nord-Norge"
"NINFP2010014437",1.91064308198995,0.0152505245059729,6795,1,"meta_highrescanopyheight_orthophoto",0.5,"orthophoto_50cm_2025","Nord-Norge"
"NINFP2010034151",0.0110734330008364,0.0101087219081819,89478,8,"meta_highrescanopyheight_orthophoto",0.5,"orthophoto_50cm_2025","Nord-Norge"
"NINFP2210087206",0.113940409774183,0.0103249922394753,85597,10,"meta_highrescanopyheight_orthophoto",0.5,"orthophoto_50cm_2025","Nord-Norge"
"NINFP2410157426",0.0704173562656268,0.0102337934076786,3065,2,"meta_highrescanopyheight_orthophoto",0.5,"orthophoto_50cm_2025","Nord-Norge"
"NINFP2410173582",2.20245535400638,1.64571464061737,18181,2,"meta_highrescanopyheight_orthophoto",0.5,"orthophoto_50cm_2025","Nord-Norge"
"NINFP1810018111",0.341121236542901,0.0287083387374878,53563,6,"meta_highrescanopyheight_orthophoto",0.5,"orthophoto_50cm_2025","Nord-Norge"
"NINFP2410174473",0.0236080211818447,0.0106387832202017,12254,2,"meta_highrescanopyheight_orthophoto",0.5,"orthophoto_50cm_2025","Nord-Norge"
"NINFP2110069619",2.65545504040001,0.534014940261841,8943,3,"meta_highrescanopyheight_orthophoto",0.5,"orthophoto_50cm_2025","Nord-Norge"
"NINFP2110033637",0.0101572661053459,0.0101333474740386,5246,2,"meta_highrescanopyheight_orthophoto",0.5,"orthophoto_50cm_2025","Nord-Norge"
"NINFP2510185472",0.0141760404739493,0.0101047190837562,43780,4,"meta_highrescanopyheight_orthophoto",0.5,"orthophoto_50cm_2025","Nord-Norge"
"NINFP2510189082",0.126945416923098,0.0100808176212013,47386,4,"meta_highrescanopyheight_orthophoto",0.5,"orthophoto_50cm_2025","Nord-Norge"
"NINFP2410174292",0.96099205520305,0.0644570291042328,44255,3,"meta_highrescanopyheight_orthophoto",0.5,"orthophoto_50cm_2025","Nord-Norge"
"NINFP2110023415",0.242505937513672,0.0298821162432432,3864,2,"meta_highrescanopyheight_orthophoto",0.5,"orthophoto_50cm_2025","Nord-Norge"
"NINFP1910024866",3.564496390202,2.70891642570496,2903,2,"meta_highrescanopyheight_orthophoto",0.5,"orthophoto_50cm_2025","Nord-Norge"
"NINFP2110019469",0.0407493070517723,0.0102234575897455,42131,6,"meta_highrescanopyheight_orthophoto",0.5,"orthophoto_50cm_2025","Nord-Norge"
"NINFP2510186567",0.0137368721098736,0.0101013807579875,248113,11,"meta_highrescanopyheight_orthophoto",0.5,"orthophoto_50cm_2025","Nord-Norge"
"NINFP1910025025",0.250197969617656,0.0110182333737612,25751,2,"meta_highrescanopyheight_orthophoto",0.5,"orthophoto_50cm_2025","Nord-Norge"
"NINFP2210103663",4.18087181773806,4.14327573776245,11375,3,"meta_highrescanopyheight_orthophoto",0.5,"orthophoto_50cm_2025","Nord-Norge"
"NINFP2010032295",0.453024224591584,0.0201358664780855,55679,7,"meta_highrescanopyheight_orthophoto",0.5,"orthophoto_50cm_2025","Nord-Norge"
"NINFP2510185954",0.907408870141375,0.104005590081215,36337,2,"meta_highrescanopyheight_orthophoto",0.5,"orthophoto_50cm_2025","Nord-Norge"
"NINFP1910032795",0.354705082808837,0.0108591094613075,11704,2,"meta_highrescanopyheight_orthophoto",0.5,"orthophoto_50cm_2025","Nord-Norge"
"NINFP2410177506",0.0372938099803595,0.0106369941495359,21390,5,"meta_highrescanopyheight_orthophoto",0.5,"orthophoto_50cm_2025","Nord-Norge"
"NINFP2310131156",0.114275141548685,0.0104900468140841,9966,1,"meta_highrescanopyheight_orthophoto",0.5,"orthophoto_50cm_2025","Nord-Norge"
"NINFP2110027417",4.46211679079919,4.27792501449585,5053,2,"meta_highrescanopyheight_orthophoto",0.5,"orthophoto_50cm_2025","Nord-Norge"
"NINFP2210103497",0.10536195881049,0.0114028975367546,15023,2,"meta_highrescanopyheight_orthophoto",0.5,"orthophoto_50cm_2025","Nord-Norge"
"NINFP2010036725",1.12027160621037,0.0562011227011681,8719,4,"meta_highrescanopyheight_orthophoto",0.5,"orthophoto_50cm_2025","Nord-Norge"
"NINFP2510186713",0.0823882822748916,0.0105274114757776,13531,3,"meta_highrescanopyheight_orthophoto",0.5,"orthophoto_50cm_2025","Nord-Norge"
"NINFP2510194668",0.0102925547736871,0.0100854150950909,140286,9,"meta_highrescanopyheight_orthophoto",0.5,"orthophoto_50cm_2025","Nord-Norge"
"NINFP2410172831",0.0100686817383151,0.0100561254657805,76800,5,"meta_highrescanopyheight_orthophoto",0.5,"orthophoto_50cm_2025","Nord-Norge"
"NINFP2410173587",0.0271530670930521,0.0107260569930077,3655,1,"meta_highrescanopyheight_orthophoto",0.5,"orthophoto_50cm_2025","Nord-Norge"
"NINFP2210098289",0.143669507905609,0.0106524140574038,4602,2,"meta_highrescanopyheight_orthophoto",0.5,"orthophoto_50cm_2025","Nord-Norge"
"NINFP2010036671",0.0449919279233893,0.0105316834524274,10103,3,"meta_highrescanopyheight_orthophoto",0.5,"orthophoto_50cm_2025","Nord-Norge"
"NINFP2210086255",0.223597462185732,0.0124653559178114,6419,1,"meta_highrescanopyheight_orthophoto",0.5,"orthophoto_50cm_2025","Nord-Norge"
"NINFP2510210241",0.251973947956093,0.0115335173904896,12699,3,"meta_highrescanopyheight_orthophoto",0.5,"orthophoto_50cm_2025","Nord-Norge"
"NINFP2210107252",0.0481380381011179,0.0102538820356131,19840,4,"meta_highrescanopyheight_orthophoto",0.5,"orthophoto_50cm_2025","Nord-Norge"
"NINFP1810034040",0.481002548988575,0.0295019634068012,22310,4,"meta_highrescanopyheight_orthophoto",0.5,"orthophoto_50cm_2025","Nord-Norge"
"NINFP2310132681",0.543982706036192,0.0111701861023903,106749,12,"meta_highrescanopyheight_orthophoto",0.5,"orthophoto_50cm_2025","Nord-Norge"
"NINFP1910026372",0.0208731910303437,0.0101612755097449,22574,2,"meta_highrescanopyheight_orthophoto",0.5,"orthophoto_50cm_2025","Nord-Norge"
"NINFP2410157795",2.61880521209446,2.28381538391113,11125,3,"meta_highrescanopyheight_orthophoto",0.5,"orthophoto_50cm_2025","Nord-Norge"
"NINFP2010028945",3.89030767508082,3.99693155288696,11673,2,"meta_highrescanopyheight_orthophoto",0.5,"orthophoto_50cm_2025","Nord-Norge"
"NINFP2410174467",0.155396056408833,0.0104329697787762,59948,5,"meta_highrescanopyheight_orthophoto",0.5,"orthophoto_50cm_2025","Nord-Norge"
"NINFP2010009532",0.601354856836207,0.0114097245968878,1840052,50,"meta_highrescanopyheight_orthophoto",0.5,"orthophoto_50cm_2025","Nord-Norge"
"NINFP2310135429",2.49282090711137,2.20535206794739,9341,4,"meta_highrescanopyheight_orthophoto",0.5,"orthophoto_50cm_2025","Nord-Norge"
"NINFP1810036660",0.17216695415923,0.012308856472373,6601,1,"meta_highrescanopyheight_orthophoto",0.5,"orthophoto_50cm_2025","Nord-Norge"
"NINFP2010023075",0.290269326438841,0.0106380004435778,443056,17,"meta_highrescanopyheight_orthophoto",0.5,"orthophoto_50cm_2025","Nord-Norge"
"NINFP2410156698",0.0297343626308664,0.010238278657198,43150,5,"meta_highrescanopyheight_orthophoto",0.5,"orthophoto_50cm_2025","Nord-Norge"
"NINFP2110024733",4.30642927836938,4.52898120880127,4221,1,"meta_highrescanopyheight_orthophoto",0.5,"orthophoto_50cm_2025","Nord-Norge"
"NINFP2010029537",0.227684716616551,0.0116377254016697,4482,2,"meta_highrescanopyheight_orthophoto",0.5,"orthophoto_50cm_2025","Nord-Norge"
"NINFP2010007074",0.518849089724447,0.0101664531975985,240935,12,"meta_highrescanopyheight_orthophoto",0.5,"orthophoto_50cm_2025","Nord-Norge"
"NINFP2510185990",0.0105944951941907,0.0100941965356469,115361,7,"meta_highrescanopyheight_orthophoto",0.5,"orthophoto_50cm_2025","Nord-Norge"
"NINFP2210107256",0.0396311000367543,0.0104693714529276,6903,3,"meta_highrescanopyheight_orthophoto",0.5,"orthophoto_50cm_2025","Nord-Norge"
"NINFP2010026374",3.51737531644592,2.83572864532471,36109,5,"meta_highrescanopyheight_orthophoto",0.5,"orthophoto_50cm_2025","Nord-Norge"
"NINFP2110019443",0.320782066218061,0.0115709346719086,26464,4,"meta_highrescanopyheight_orthophoto",0.5,"orthophoto_50cm_2025","Nord-Norge"
"NINFP2010040730",0.37599346257662,0.0154834752902389,22288,3,"meta_highrescanopyheight_orthophoto",0.5,"orthophoto_50cm_2025","Nord-Norge"
"NINFP2110018783",0.0246882515693095,0.0104144923388958,25641,3,"meta_highrescanopyheight_orthophoto",0.5,"orthophoto_50cm_2025","Nord-Norge"
"NINFP2210077921",0.0138701986872889,0.0100604454055429,191021,10,"meta_highrescanopyheight_orthophoto",0.5,"orthophoto_50cm_2025","Nord-Norge"
"NINFP2510213345",1.63927487414458,0.388485834002495,7422,1,"meta_highrescanopyheight_orthophoto",0.5,"orthophoto_50cm_2025","Nord-Norge"
"NINFP1810021345",0.0460884222626036,0.0102000408805907,23442,3,"meta_highrescanopyheight_orthophoto",0.5,"orthophoto_50cm_2025","Nord-Norge"
"NINFP2010035414",2.12587745406148,0.607445597648621,8003,1,"meta_highrescanopyheight_orthophoto",0.5,"orthophoto_50cm_2025","Nord-Norge"
"NINFP2010030567",0.164318334237008,0.0106640025041997,8794,2,"meta_highrescanopyheight_orthophoto",0.5,"orthophoto_50cm_2025","Nord-Norge"
"NINFP2410152098",0.0582945850004913,0.0100889820605516,224212,9,"meta_highrescanopyheight_orthophoto",0.5,"orthophoto_50cm_2025","Nord-Norge"
"NINFP2510203048",0.37068034949391,0.0199528904631734,5754,2,"meta_highrescanopyheight_orthophoto",0.5,"orthophoto_50cm_2025","Nord-Norge"
"NINFP2010039082",0.0579407441409935,0.0108722788281739,13600,5,"meta_highrescanopyheight_orthophoto",0.5,"orthophoto_50cm_2025","Nord-Norge"
"NINFP2210090065",0.0314436382950872,0.0102285509929061,9070,1,"meta_highrescanopyheight_orthophoto",0.5,"orthophoto_50cm_2025","Nord-Norge"
"NINFP2110043268",3.43714853671835,3.48351275920868,16930,2,"meta_highrescanopyheight_orthophoto",0.5,"orthophoto_50cm_2025","Nord-Norge"
"NINFP2010026286",4.2978318208725,3.76478910446167,8635,3,"meta_highrescanopyheight_orthophoto",0.5,"orthophoto_50cm_2025","Nord-Norge"
"NINFP2110040679",4.24322355712276,4.63360953330994,29792,4,"meta_highrescanopyheight_orthophoto",0.5,"orthophoto_50cm_2025","Nord-Norge"
"NINFP1810029818",0.109389931805588,0.0106398472562432,58665,6,"meta_highrescanopyheight_orthophoto",0.5,"orthophoto_50cm_2025","Nord-Norge"
"NINFP2510189102",0.0787150184775383,0.0102894636802375,19120,2,"meta_highrescanopyheight_orthophoto",0.5,"orthophoto_50cm_2025","Nord-Norge"
"NINFP2110042849",0.0175925855920792,0.0102278031408787,11029,1,"meta_highrescanopyheight_orthophoto",0.5,"orthophoto_50cm_2025","Nord-Norge"
"NINFP1810028827",1.95220232862994,0.0509239844977856,74396,5,"meta_highrescanopyheight_orthophoto",0.5,"orthophoto_50cm_2025","Nord-Norge"
"NINFP2110023892",0.352696209411022,0.0164468549191952,2850,2,"meta_highrescanopyheight_orthophoto",0.5,"orthophoto_50cm_2025","Nord-Norge"
"NINFP2210098048",6.66155887885871,6.50411319732666,6398,2,"meta_highrescanopyheight_orthophoto",0.5,"orthophoto_50cm_2025","Nord-Norge"
"NINFP2210105197",0.203809779762671,0.0108705600723624,17715,1,"meta_highrescanopyheight_orthophoto",0.5,"orthophoto_50cm_2025","Nord-Norge"
"NINFP2510206656",0.147472744626987,0.0104717891663313,20239,3,"meta_highrescanopyheight_orthophoto",0.5,"orthophoto_50cm_2025","Nord-Norge"
"NINFP1810035387",0.132807391950416,0.0106008271686733,58902,6,"meta_highrescanopyheight_orthophoto",0.5,"orthophoto_50cm_2025","Nord-Norge"
"NINFP2410155831",0.0607566395266383,0.0101762311533093,33323,3,"meta_highrescanopyheight_orthophoto",0.5,"orthophoto_50cm_2025","Nord-Norge"
"NINFP2210107604",2.05159068550855,0.828306674957275,12766,3,"meta_highrescanopyheight_orthophoto",0.5,"orthophoto_50cm_2025","Nord-Norge"
"NINFP2310139273",0.665012517714126,0.011650541331619,12196,2,"meta_highrescanopyheight_orthophoto",0.5,"orthophoto_50cm_2025","Nord-Norge"
"NINFP2210107309",0.0169191312583476,0.0102859837934375,14891,4,"meta_highrescanopyheight_orthophoto",0.5,"orthophoto_50cm_2025","Nord-Norge"
"NINFP2510190219",0.0103827707074238,0.0100830858573318,65358,6,"meta_highrescanopyheight_orthophoto",0.5,"orthophoto_50cm_2025","Nord-Norge"
"NINFP2010038998",1.30588527253419,0.130181707441807,3692,1,"meta_highrescanopyheight_orthophoto",0.5,"orthophoto_50cm_2025","Nord-Norge"
"NINFP2110034377",0.0101124632352589,0.010069596581161,106478,6,"meta_highrescanopyheight_orthophoto",0.5,"orthophoto_50cm_2025","Nord-Norge"
"NINFP2110053060",0.0515512522217746,0.0102700255811214,42573,4,"meta_highrescanopyheight_orthophoto",0.5,"orthophoto_50cm_2025","Nord-Norge"
"NINFP2110023266",0.0455230163533873,0.0105792563408613,18134,3,"meta_highrescanopyheight_orthophoto",0.5,"orthophoto_50cm_2025","Nord-Norge"
"NINFP2510207825",0.0675868293378565,0.0120222344994545,17507,2,"meta_highrescanopyheight_orthophoto",0.5,"orthophoto_50cm_2025","Nord-Norge"
"NINFP2510206894",0.0177780337164912,0.0100262742489576,5359,2,"meta_highrescanopyheight_orthophoto",0.5,"orthophoto_50cm_2025","Nord-Norge"
"NINFP2510188853",0.0639584430530269,0.0100958431139588,55442,5,"meta_highrescanopyheight_orthophoto",0.5,"orthophoto_50cm_2025","Nord-Norge"
"NINFP2210106913",0.0619572710978511,0.0102017871104181,88876,9,"meta_highrescanopyheight_orthophoto",0.5,"orthophoto_50cm_2025","Nord-Norge"
"NINFP2210085551",0.0117530787329072,0.0100902896374464,120670,8,"meta_highrescanopyheight_orthophoto",0.5,"orthophoto_50cm_2025","Nord-Norge"
"NINFP2010055750",0.174697705593284,0.0105824815109372,149252,8,"meta_highrescanopyheight_orthophoto",0.5,"orthophoto_50cm_2025","Nord-Norge"
"NINFP2010016110",0.704453154791359,0.0166919808834791,8213,3,"meta_highrescanopyheight_orthophoto",0.5,"orthophoto_50cm_2025","Nord-Norge"
"NINFP1810038281",2.66965680581962,1.04943799972534,379587,19,"meta_highrescanopyheight_orthophoto",0.5,"orthophoto_50cm_2025","Nord-Norge"
"NINFP2010024853",0.0394951738604233,0.010544553399086,10454,3,"meta_highrescanopyheight_orthophoto",0.5,"orthophoto_50cm_2025","Nord-Norge"
"NINFP2410159948",1.68879290616801,0.311883568763733,9040,3,"meta_highrescanopyheight_orthophoto",0.5,"orthophoto_50cm_2025","Nord-Norge"
"NINFP2210111553",0.0865694385589822,0.0100703570060432,148084,6,"meta_highrescanopyheight_orthophoto",0.5,"orthophoto_50cm_2025","Nord-Norge"
"NINFP2010017650",4.07989502300007,4.06509780883789,13926,3,"meta_highrescanopyheight_orthophoto",0.5,"orthophoto_50cm_2025","Nord-Norge"
"NINFP1810034638",0.598612270140093,0.137801446020603,11906,2,"meta_highrescanopyheight_orthophoto",0.5,"orthophoto_50cm_2025","Nord-Norge"
"NINFP2010007259",0.554509046578955,0.0102273277007043,77678,4,"meta_highrescanopyheight_orthophoto",0.5,"orthophoto_50cm_2025","Nord-Norge"
"NINFP1910019867",5.08579316726282,4.19423770904541,163227,11,"meta_highrescanopyheight_orthophoto",0.5,"orthophoto_50cm_2025","Nord-Norge"
"NINFP2510203434",0.985874461295759,0.0217372300103307,4936,2,"meta_highrescanopyheight_orthophoto",0.5,"orthophoto_50cm_2025","Nord-Norge"
"NINFP1810037225",0.0679079722952639,0.0103708738461137,48110,3,"meta_highrescanopyheight_orthophoto",0.5,"orthophoto_50cm_2025","Nord-Norge"
"NINFP2010013495",0.891931572272504,0.0175679959356785,11167,3,"meta_highrescanopyheight_orthophoto",0.5,"orthophoto_50cm_2025","Nord-Norge"
"NINFP2410151163",0.334554372250783,0.0105037274770439,5950,2,"meta_highrescanopyheight_orthophoto",0.5,"orthophoto_50cm_2025","Nord-Norge"
"NINFP2410167588",0.0360614762876376,0.0102620162069798,54689,4,"meta_highrescanopyheight_orthophoto",0.5,"orthophoto_50cm_2025","Nord-Norge"
"NINFP2510202473",0.0327402900965978,0.0110322702676058,34614,4,"meta_highrescanopyheight_orthophoto",0.5,"orthophoto_50cm_2025","Nord-Norge"
"NINFP2410157353",0.0365304045635457,0.0102533753961325,4237,2,"meta_highrescanopyheight_orthophoto",0.5,"orthophoto_50cm_2025","Nord-Norge"
"NINFP2210107315",0.356727542044971,0.0107105197384953,5066,2,"meta_highrescanopyheight_orthophoto",0.5,"orthophoto_50cm_2025","Nord-Norge"
"NINFP1810013573",3.22561687697944,2.70487356185913,53092,5,"meta_highrescanopyheight_orthophoto",0.5,"orthophoto_50cm_2025","Nord-Norge"
"NINFP2210103734",0.0255613752939664,0.0102489194832742,8432,2,"meta_highrescanopyheight_orthophoto",0.5,"orthophoto_50cm_2025","Nord-Norge"
"NINFP2410167603",0.0223585596108619,0.0101283336989582,17600,5,"meta_highrescanopyheight_orthophoto",0.5,"orthophoto_50cm_2025","Nord-Norge"
"NINFP2510205706",0.495028409346645,0.0348082762211561,10322,4,"meta_highrescanopyheight_orthophoto",0.5,"orthophoto_50cm_2025","Nord-Norge"
"NINFP2210090187",0.0272049682980984,0.0102241109125316,3766,1,"meta_highrescanopyheight_orthophoto",0.5,"orthophoto_50cm_2025","Nord-Norge"
"NINFP2210080896",0.0119132387041434,0.0100603243336082,186136,10,"meta_highrescanopyheight_orthophoto",0.5,"orthophoto_50cm_2025","Nord-Norge"
"NINFP2110045173",0.0422700550525969,0.0102392248809338,342901,15,"meta_highrescanopyheight_orthophoto",0.5,"orthophoto_50cm_2025","Nord-Norge"
"NINFP2010022649",0.947006431320198,0.259961768984795,8358,2,"meta_highrescanopyheight_orthophoto",0.5,"orthophoto_50cm_2025","Nord-Norge"
"NINFP1810046911",3.40322779439227,2.68811964988708,48109,6,"meta_highrescanopyheight_orthophoto",0.5,"orthophoto_50cm_2025","Nord-Norge"
"NINFP2410172856",0.0116062625467507,0.0100945355370641,173007,9,"meta_highrescanopyheight_orthophoto",0.5,"orthophoto_50cm_2025","Nord-Norge"
"NINFP2110020758",0.307039547419854,0.0154723888263106,11099,2,"meta_highrescanopyheight_orthophoto",0.5,"orthophoto_50cm_2025","Nord-Norge"
"NINFP1810027994",0.19919493047664,0.0354101434350014,30011,4,"meta_highrescanopyheight_orthophoto",0.5,"orthophoto_50cm_2025","Nord-Norge"
"NINFP2510202327",5.35550348839593,5.41552209854126,7054,3,"meta_highrescanopyheight_orthophoto",0.5,"orthophoto_50cm_2025","Nord-Norge"
"NINFP2010024373",0.0813368205359683,0.0101533094421029,152984,9,"meta_highrescanopyheight_orthophoto",0.5,"orthophoto_50cm_2025","Nord-Norge"
"NINFP2410151806",0.555980754500869,0.0141688119620085,60263,7,"meta_highrescanopyheight_orthophoto",0.5,"orthophoto_50cm_2025","Nord-Norge"
"NINFP2010016548",1.86255624380698,0.444851607084274,10430,2,"meta_highrescanopyheight_orthophoto",0.5,"orthophoto_50cm_2025","Nord-Norge"
"NINFP2410171856",1.45557571314772,0.189626812934875,7242,1,"meta_highrescanopyheight_orthophoto",0.5,"orthophoto_50cm_2025","Nord-Norge"
"NINFP2410153792",3.74520133879813,2.82361268997192,7373,2,"meta_highrescanopyheight_orthophoto",0.5,"orthophoto_50cm_2025","Nord-Norge"
"NINFP2410158005",0.038986795360879,0.0107119251042604,4939,1,"meta_highrescanopyheight_orthophoto",0.5,"orthophoto_50cm_2025","Nord-Norge"
"NINFP2210088769",0.139360176803248,0.0105085410177708,10623,2,"meta_highrescanopyheight_orthophoto",0.5,"orthophoto_50cm_2025","Nord-Norge"
"NINFP2010018300",0.516378497501843,0.0485124737024307,21221,4,"meta_highrescanopyheight_orthophoto",0.5,"orthophoto_50cm_2025","Nord-Norge"
"NINFP2310121000",0.811058149666371,0.0278659136965871,11582,4,"meta_highrescanopyheight_orthophoto",0.5,"orthophoto_50cm_2025","Nord-Norge"
"NINFP1910030254",1.71919786080145,0.125295788049698,10503,3,"meta_highrescanopyheight_orthophoto",0.5,"orthophoto_50cm_2025","Nord-Norge"
"NINFP2310141225",1.73946700570086,0.763541758060455,16231,2,"meta_highrescanopyheight_orthophoto",0.5,"orthophoto_50cm_2025","Nord-Norge"
"NINFP2010037456",0.497228461542447,0.0195847600698471,2213,1,"meta_highrescanopyheight_orthophoto",0.5,"orthophoto_50cm_2025","Nord-Norge"
"NINFP2210077207",0.0126663283665604,0.0100957914255559,55838,5,"meta_highrescanopyheight_orthophoto",0.5,"orthophoto_50cm_2025","Nord-Norge"
"NINFP2410150882",0.202403784674271,0.0102062979713082,73839,7,"meta_highrescanopyheight_orthophoto",0.5,"orthophoto_50cm_2025","Nord-Norge"
"NINFP2410157809",0.0444660035729344,0.0104021960869431,157904,10,"meta_highrescanopyheight_orthophoto",0.5,"orthophoto_50cm_2025","Nord-Norge"
"NINFP1910019645",0.151293074975495,0.0128804482519627,5121,2,"meta_highrescanopyheight_orthophoto",0.5,"orthophoto_50cm_2025","Nord-Norge"
"NINFP1910029323",0.0494423473835632,0.0102818366140127,23599,4,"meta_highrescanopyheight_orthophoto",0.5,"orthophoto_50cm_2025","Nord-Norge"
"NINFP2410155547",0.0115376480634,0.0102850184775889,6244,1,"meta_highrescanopyheight_orthophoto",0.5,"orthophoto_50cm_2025","Nord-Norge"
"NINFP2410155544",5.00216855328097,5.12289261817932,4058,1,"meta_highrescanopyheight_orthophoto",0.5,"orthophoto_50cm_2025","Nord-Norge"
"NINFP2210094462",0.0219656615580065,0.0105825099162757,4354,1,"meta_highrescanopyheight_orthophoto",0.5,"orthophoto_50cm_2025","Nord-Norge"
"NINFP2310132650",0.0124063816577866,0.0105518572963774,15680,3,"meta_highrescanopyheight_orthophoto",0.5,"orthophoto_50cm_2025","Nord-Norge"
"NINFP2210108686",0.0584532071313445,0.0102597251534462,30780,3,"meta_highrescanopyheight_orthophoto",0.5,"orthophoto_50cm_2025","Nord-Norge"
"NINFP1810026896",0.315058196544548,0.0223489915952086,1808,1,"meta_highrescanopyheight_orthophoto",0.5,"orthophoto_50cm_2025","Nord-Norge"
"NINFP2410172373",0.0309509392807049,0.0101509517990053,53990,6,"meta_highrescanopyheight_orthophoto",0.5,"orthophoto_50cm_2025","Nord-Norge"
"NINFP2110033017",0.0104155410475592,0.0100878844968975,92626,8,"meta_highrescanopyheight_orthophoto",0.5,"orthophoto_50cm_2025","Nord-Norge"
"NINFP1810025851",1.34367384265516,0.185070931911469,16157,3,"meta_highrescanopyheight_orthophoto",0.5,"orthophoto_50cm_2025","Nord-Norge"
"NINFP2010040765",1.11790167275275,0.199899256229401,4209,1,"meta_highrescanopyheight_orthophoto",0.5,"orthophoto_50cm_2025","Nord-Norge"
"NINFP2510206928",0.375659943460987,0.0639558881521225,15527,3,"meta_highrescanopyheight_orthophoto",0.5,"orthophoto_50cm_2025","Nord-Norge"
"NINFP2010017775",0.166390369807552,0.010316857136786,6969,2,"meta_highrescanopyheight_orthophoto",0.5,"orthophoto_50cm_2025","Nord-Norge"
"NINFP2410156229",1.1043561123808,0.115357667207718,8513,2,"meta_highrescanopyheight_orthophoto",0.5,"orthophoto_50cm_2025","Nord-Norge"
"NINFP2510206722",0.0765694482997063,0.0128571027889848,117787,9,"meta_highrescanopyheight_orthophoto",0.5,"orthophoto_50cm_2025","Nord-Norge"
"NINFP2410167843",0.0149235065780243,0.0102402362972498,8216,2,"meta_highrescanopyheight_orthophoto",0.5,"orthophoto_50cm_2025","Nord-Norge"
"NINFP2010022193",3.15321663963758,2.05506825447083,14354,4,"meta_highrescanopyheight_orthophoto",0.5,"orthophoto_50cm_2025","Nord-Norge"
"NINFP2010006110",0.0984475542996299,0.0100944684818387,67246,5,"meta_highrescanopyheight_orthophoto",0.5,"orthophoto_50cm_2025","Nord-Norge"
"NINFP2010039026",0.484925394212176,0.026669573970139,3456,1,"meta_highrescanopyheight_orthophoto",0.5,"orthophoto_50cm_2025","Nord-Norge"
"NINFP2210089624",0.0543404213315099,0.0103016020730138,58523,6,"meta_highrescanopyheight_orthophoto",0.5,"orthophoto_50cm_2025","Nord-Norge"
"NINFP2210113916",0.0908650816586628,0.0102856028825045,98581,9,"meta_highrescanopyheight_orthophoto",0.5,"orthophoto_50cm_2025","Nord-Norge"
"NINFP2110031012",0.0100488079220031,0.010039059445262,45153,3,"meta_highrescanopyheight_orthophoto",0.5,"orthophoto_50cm_2025","Nord-Norge"
"NINFP2010025340",0.161116912693763,0.0124790836125612,4161,2,"meta_highrescanopyheight_orthophoto",0.5,"orthophoto_50cm_2025","Nord-Norge"
"NINFP2310130668",0.0657635745095314,0.0104422364383936,8309,2,"meta_highrescanopyheight_orthophoto",0.5,"orthophoto_50cm_2025","Nord-Norge"
"NINFP2510197075",0.165591489928775,0.0101865543983877,32662,4,"meta_highrescanopyheight_orthophoto",0.5,"orthophoto_50cm_2025","Nord-Norge"
"NINFP2410173581",0.0112579366968815,0.0101266298443079,10112,1,"meta_highrescanopyheight_orthophoto",0.5,"orthophoto_50cm_2025","Nord-Norge"
"NINFP1810038015",1.41268357308694,0.201817214488983,4557,2,"meta_highrescanopyheight_orthophoto",0.5,"orthophoto_50cm_2025","Nord-Norge"
"NINFP1810015558",0.042141507938532,0.0103651005774736,40243,4,"meta_highrescanopyheight_orthophoto",0.5,"orthophoto_50cm_2025","Nord-Norge"
"NINFP2410172360",0.023390214414103,0.0100799379870296,38400,4,"meta_highrescanopyheight_orthophoto",0.5,"orthophoto_50cm_2025","Nord-Norge"
"NINFP2210098785",0.0312140470364978,0.0101491292007267,77828,8,"meta_highrescanopyheight_orthophoto",0.5,"orthophoto_50cm_2025","Nord-Norge"
"NINFP1810018363",1.21967102320359,0.304753512144089,582317,23,"meta_highrescanopyheight_orthophoto",0.5,"orthophoto_50cm_2025","Nord-Norge"
"NINFP2310123668",0.0470675001828658,0.0106199374422431,27280,4,"meta_highrescanopyheight_orthophoto",0.5,"orthophoto_50cm_2025","Nord-Norge"
"NINFP1810014559",0.0347925903585719,0.0102210687473416,168720,8,"meta_highrescanopyheight_orthophoto",0.5,"orthophoto_50cm_2025","Nord-Norge"
"NINFP2010040735",0.516954761248776,0.0157378101721406,10296,2,"meta_highrescanopyheight_orthophoto",0.5,"orthophoto_50cm_2025","Nord-Norge"
"NINFP2410156421",0.0454506814188396,0.0102257621474564,5618,2,"meta_highrescanopyheight_orthophoto",0.5,"orthophoto_50cm_2025","Nord-Norge"
"NINFP2410155930",0.0175751979869547,0.0107039837166667,4023,1,"meta_highrescanopyheight_orthophoto",0.5,"orthophoto_50cm_2025","Nord-Norge"
"NINFP2310133681",0.118646413730489,0.0101951463147998,32268,4,"meta_highrescanopyheight_orthophoto",0.5,"orthophoto_50cm_2025","Nord-Norge"
"NINFP2410156393",0.938046743729314,0.12534935772419,9091,4,"meta_highrescanopyheight_orthophoto",0.5,"orthophoto_50cm_2025","Nord-Norge"
"NINFP2210107930",0.144682830061233,0.0110444780439138,8077,2,"meta_highrescanopyheight_orthophoto",0.5,"orthophoto_50cm_2025","Nord-Norge"
"NINFP2110020624",0.656546894357745,0.0228153597563505,38906,4,"meta_highrescanopyheight_orthophoto",0.5,"orthophoto_50cm_2025","Nord-Norge"
"NINFP2410156475",0.107274970057882,0.0102774053812027,15029,2,"meta_highrescanopyheight_orthophoto",0.5,"orthophoto_50cm_2025","Nord-Norge"
"NINFP2210088617",0.0123880332674347,0.0107147712260485,6999,4,"meta_highrescanopyheight_orthophoto",0.5,"orthophoto_50cm_2025","Nord-Norge"
"NINFP2410159913",1.06924924263263,0.0994713269174099,8602,4,"meta_highrescanopyheight_orthophoto",0.5,"orthophoto_50cm_2025","Nord-Norge"
"NINFP2410170516",0.995062022892178,0.0441949181258678,17266,4,"meta_highrescanopyheight_orthophoto",0.5,"orthophoto_50cm_2025","Nord-Norge"
"NINFP1910040133",0.0103709252837837,0.0100647192448378,18429,3,"meta_highrescanopyheight_orthophoto",0.5,"orthophoto_50cm_2025","Nord-Norge"
"NINFP1910019882",0.196157902632121,0.0104869762435555,4579,3,"meta_highrescanopyheight_orthophoto",0.5,"orthophoto_50cm_2025","Nord-Norge"
"NINFP2310124989",0.549794386234371,0.0184561908245087,2753,2,"meta_highrescanopyheight_orthophoto",0.5,"orthophoto_50cm_2025","Nord-Norge"
"NINFP2210107182",0.134237767855369,0.0102462247014046,270523,14,"meta_highrescanopyheight_orthophoto",0.5,"orthophoto_50cm_2025","Nord-Norge"
"NINFP2010025014",0.0103010733635338,0.0100567331537604,45303,3,"meta_highrescanopyheight_orthophoto",0.5,"orthophoto_50cm_2025","Nord-Norge"
"NINFP2010040352",0.168894629947989,0.0101408772170544,59979,4,"meta_highrescanopyheight_orthophoto",0.5,"orthophoto_50cm_2025","Nord-Norge"
"NINFP2110036033",0.0102039489839872,0.0100546693429351,218729,9,"meta_highrescanopyheight_orthophoto",0.5,"orthophoto_50cm_2025","Nord-Norge"
"NINFP1810026892",0.923865397639545,0.0595313720405102,4907,1,"meta_highrescanopyheight_orthophoto",0.5,"orthophoto_50cm_2025","Nord-Norge"
"NINFP2110020320",0.0642917117124412,0.0106057012453675,10733,3,"meta_highrescanopyheight_orthophoto",0.5,"orthophoto_50cm_2025","Nord-Norge"
"NINFP2010044042",1.47859208146841,0.224937617778778,4523,2,"meta_highrescanopyheight_orthophoto",0.5,"orthophoto_50cm_2025","Nord-Norge"
"NINFP2410154588",3.40768118960426,2.68831980228424,5082,2,"meta_highrescanopyheight_orthophoto",0.5,"orthophoto_50cm_2025","Nord-Norge"
"NINFP2010043201",0.919744961116981,0.19342303276062,10343,4,"meta_highrescanopyheight_orthophoto",0.5,"orthophoto_50cm_2025","Nord-Norge"
"NINFP2210095814",0.288837875449962,0.036384429782629,11247,4,"meta_highrescanopyheight_orthophoto",0.5,"orthophoto_50cm_2025","Nord-Norge"
"NINFP2310123024",0.51368643860702,0.0145445941016078,7755,2,"meta_highrescanopyheight_orthophoto",0.5,"orthophoto_50cm_2025","Nord-Norge"
"NINFP1910016605",0.0288500192599425,0.0106072146445513,6639,2,"meta_highrescanopyheight_orthophoto",0.5,"orthophoto_50cm_2025","Nord-Norge"
"NINFP2510206892",0.202708918125014,0.0102931996807456,4701,2,"meta_highrescanopyheight_orthophoto",0.5,"orthophoto_50cm_2025","Nord-Norge"
"NINFP2110020494",4.68484597089085,4.85646295547485,8515,2,"meta_highrescanopyheight_orthophoto",0.5,"orthophoto_50cm_2025","Nord-Norge"
"NINFP2410183732",0.0349819395466515,0.0101406313478947,20157,3,"meta_highrescanopyheight_orthophoto",0.5,"orthophoto_50cm_2025","Nord-Norge"
"NINFP2210076456",0.0106856278609156,0.0101637504994869,38337,3,"meta_highrescanopyheight_orthophoto",0.5,"orthophoto_50cm_2025","Nord-Norge"
"NINFP1910019101",0.29154666788024,0.0110045904293656,6877,3,"meta_highrescanopyheight_orthophoto",0.5,"orthophoto_50cm_2025","Nord-Norge"
"NINFP1810034738",0.88474163420102,0.0335984490811825,123192,6,"meta_highrescanopyheight_orthophoto",0.5,"orthophoto_50cm_2025","Nord-Norge"
"NINFP2310125788",1.37318601712445,0.0338639691472054,2000,2,"meta_highrescanopyheight_orthophoto",0.5,"orthophoto_50cm_2025","Nord-Norge"
"NINFP2310138788",0.581362103068177,0.010715733282268,6879,3,"meta_highrescanopyheight_orthophoto",0.5,"orthophoto_50cm_2025","Nord-Norge"
"NINFP2410174224",0.0306143468304608,0.0103334626182914,7483,3,"meta_highrescanopyheight_orthophoto",0.5,"orthophoto_50cm_2025","Nord-Norge"
"NINFP2310140276",0.0759803325217217,0.0106537821702659,5900,2,"meta_highrescanopyheight_orthophoto",0.5,"orthophoto_50cm_2025","Nord-Norge"
"NINFP1810035540",0.782680468079524,0.0244077267125249,17042,4,"meta_highrescanopyheight_orthophoto",0.5,"orthophoto_50cm_2025","Nord-Norge"
"NINFP1910025234",0.254591031111416,0.0104796765372157,70954,6,"meta_highrescanopyheight_orthophoto",0.5,"orthophoto_50cm_2025","Nord-Norge"
"NINFP2210077956",0.14041992277721,0.0102831129916012,86494,7,"meta_highrescanopyheight_orthophoto",0.5,"orthophoto_50cm_2025","Nord-Norge"
"NINFP2210107959",0.0179337248572459,0.0103431791067123,30783,4,"meta_highrescanopyheight_orthophoto",0.5,"orthophoto_50cm_2025","Nord-Norge"
"NINFP2110030805",0.44445923368178,0.0262659136205912,15102,4,"meta_highrescanopyheight_orthophoto",0.5,"orthophoto_50cm_2025","Nord-Norge"
"NINFP1810040116",0.0614709004317695,0.0100457891821861,1329904,43,"meta_highrescanopyheight_orthophoto",0.5,"orthophoto_50cm_2025","Nord-Norge"
"NINFP2210102714",0.0139395051451588,0.0103023778647184,16527,2,"meta_highrescanopyheight_orthophoto",0.5,"orthophoto_50cm_2025","Nord-Norge"
"NINFP2210106709",0.0791190324623393,0.0100775472819805,42857,4,"meta_highrescanopyheight_orthophoto",0.5,"orthophoto_50cm_2025","Nord-Norge"
"NINFP2510205453",0.102607670124434,0.0104407179169357,8744,4,"meta_highrescanopyheight_orthophoto",0.5,"orthophoto_50cm_2025","Nord-Norge"
"NINFP2010023489",0.0189175225896512,0.0100721968337893,118707,7,"meta_highrescanopyheight_orthophoto",0.5,"orthophoto_50cm_2025","Nord-Norge"
"NINFP2210098060",6.38440090671466,6.83905601501465,4026,1,"meta_highrescanopyheight_orthophoto",0.5,"orthophoto_50cm_2025","Nord-Norge"
"NINFP2310134300",0.225830330353041,0.0165352681651711,25888,5,"meta_highrescanopyheight_orthophoto",0.5,"orthophoto_50cm_2025","Nord-Norge"
"NINFP1810035347",0.466677751224678,0.0131073826923966,7058,3,"meta_highrescanopyheight_orthophoto",0.5,"orthophoto_50cm_2025","Nord-Norge"
"NINFP2010026283",4.27153699157683,3.733065366745,4703,2,"meta_highrescanopyheight_orthophoto",0.5,"orthophoto_50cm_2025","Nord-Norge"
"NINFP2410156034",0.308327934214533,0.0121837253682315,16290,2,"meta_highrescanopyheight_orthophoto",0.5,"orthophoto_50cm_2025","Nord-Norge"
"NINFP2110033185",0.0249368831436338,0.010231563821435,25378,4,"meta_highrescanopyheight_orthophoto",0.5,"orthophoto_50cm_2025","Nord-Norge"
"NINFP1910031012",0.326733720015696,0.0108590959571302,17162,4,"meta_highrescanopyheight_orthophoto",0.5,"orthophoto_50cm_2025","Nord-Norge"
"NINFP2510203017",0.155359943317484,0.0150373252108693,9423,4,"meta_highrescanopyheight_orthophoto",0.5,"orthophoto_50cm_2025","Nord-Norge"
"NINFP2110033649",0.0100463128628439,0.0100445980206132,10711,2,"meta_highrescanopyheight_orthophoto",0.5,"orthophoto_50cm_2025","Nord-Norge"
"NINFP2510200184",3.7185841374218,3.09717607498169,4344,2,"meta_highrescanopyheight_orthophoto",0.5,"orthophoto_50cm_2025","Nord-Norge"
"NINFP2010023462",1.36146092561499,0.173471294343472,43276,4,"meta_highrescanopyheight_orthophoto",0.5,"orthophoto_50cm_2025","Nord-Norge"
"NINFP1910016766",0.366240081454772,0.0132185034453869,7023,4,"meta_highrescanopyheight_orthophoto",0.5,"orthophoto_50cm_2025","Nord-Norge"
"NINFP2410167992",0.096309823886328,0.0135314837098122,7121,4,"meta_highrescanopyheight_orthophoto",0.5,"orthophoto_50cm_2025","Nord-Norge"
"NINFP2210087188",0.181999627839408,0.0136424377560616,18960,4,"meta_highrescanopyheight_orthophoto",0.5,"orthophoto_50cm_2025","Nord-Norge"
"NINFP2210099114",4.83355515136713,5.10824012756348,19497,3,"meta_highrescanopyheight_orthophoto",0.5,"orthophoto_50cm_2025","Nord-Norge"
"NINFP1810035103",0.0342075870081384,0.0102142430841923,117256,11,"meta_highrescanopyheight_orthophoto",0.5,"orthophoto_50cm_2025","Nord-Norge"
"NINFP2410156314",0.865783928312332,0.0449637416750193,12134,2,"meta_highrescanopyheight_orthophoto",0.5,"orthophoto_50cm_2025","Nord-Norge"
"NINFP2410154096",0.127064345006831,0.011847535148263,7363,1,"meta_highrescanopyheight_orthophoto",0.5,"orthophoto_50cm_2025","Nord-Norge"
"NINFP2010011910",3.57714401905413,3.39606404304504,4894,4,"meta_highrescanopyheight_orthophoto",0.5,"orthophoto_50cm_2025","Nord-Norge"
"NINFP2410174218",0.253218412470539,0.0277923047542572,3281,1,"meta_highrescanopyheight_orthophoto",0.5,"orthophoto_50cm_2025","Nord-Norge"
"NINFP1810028460",0.0102381774657383,0.0100819757208228,29094,3,"meta_highrescanopyheight_orthophoto",0.5,"orthophoto_50cm_2025","Nord-Norge"
"NINFP2510200211",2.65981164050376,1.63463097810745,1356,1,"meta_highrescanopyheight_orthophoto",0.5,"orthophoto_50cm_2025","Nord-Norge"
"NINFP2510219213",0.961247976197169,0.154928036034107,12758,3,"meta_highrescanopyheight_orthophoto",0.5,"orthophoto_50cm_2025","Nord-Norge"
"NINFP2110023879",0.0800998528493167,0.0119410981424153,3232,2,"meta_highrescanopyheight_orthophoto",0.5,"orthophoto_50cm_2025","Nord-Norge"
"NINFP1810025359",0.0927504211941594,0.0103069264441729,48501,5,"meta_highrescanopyheight_orthophoto",0.5,"orthophoto_50cm_2025","Nord-Norge"
"NINFP2310142097",1.28928820921469,0.138813197612762,8972,2,"meta_highrescanopyheight_orthophoto",0.5,"orthophoto_50cm_2025","Nord-Norge"
"NINFP1810038274",0.0369222894949005,0.0103018805384636,134791,7,"meta_highrescanopyheight_orthophoto",0.5,"orthophoto_50cm_2025","Nord-Norge"
"NINFP2510215739",0.892016500403043,0.027741527184844,5977,4,"meta_highrescanopyheight_orthophoto",0.5,"orthophoto_50cm_2025","Nord-Norge"
"NINFP1810033406",0.036467817951999,0.0197533499449492,315,2,"meta_highrescanopyheight_orthophoto",0.5,"orthophoto_50cm_2025","Nord-Norge"
"NINFP2310137432",0.686032058091805,0.0257267933338881,3032,2,"meta_highrescanopyheight_orthophoto",0.5,"orthophoto_50cm_2025","Nord-Norge"
"NINFP2410156068",3.28918425602852,1.92524862289429,5169,2,"meta_highrescanopyheight_orthophoto",0.5,"orthophoto_50cm_2025","Nord-Norge"
"NINFP2010030509",2.15376500912844,0.899753957986832,10034,2,"meta_highrescanopyheight_orthophoto",0.5,"orthophoto_50cm_2025","Nord-Norge"
"NINFP2010025895",0.854326586524012,0.0217386893928051,4961,2,"meta_highrescanopyheight_orthophoto",0.5,"orthophoto_50cm_2025","Nord-Norge"
"NINFP2310132333",0.0380099715892737,0.0101073980331421,66637,5,"meta_highrescanopyheight_orthophoto",0.5,"orthophoto_50cm_2025","Nord-Norge"
"NINFP2110068607",5.41031246395694,5.63813185691833,4030,2,"meta_highrescanopyheight_orthophoto",0.5,"orthophoto_50cm_2025","Nord-Norge"
"NINFP1810034632",0.495991696203327,0.046916488558054,33654,6,"meta_highrescanopyheight_orthophoto",0.5,"orthophoto_50cm_2025","Nord-Norge"
"NINFP1810038339",0.0314223503526778,0.0222255308181047,78,1,"meta_highrescanopyheight_orthophoto",0.5,"orthophoto_50cm_2025","Nord-Norge"
"NINFP2010013933",5.96378687690647,6.26905012130737,6179,1,"meta_highrescanopyheight_orthophoto",0.5,"orthophoto_50cm_2025","Nord-Norge"
"NINFP2310131808",0.0100569782120633,0.0100403316318989,61995,5,"meta_highrescanopyheight_orthophoto",0.5,"orthophoto_50cm_2025","Nord-Norge"
"NINFP1810024916",0.145153316904197,0.0102234994992614,64653,5,"meta_highrescanopyheight_orthophoto",0.5,"orthophoto_50cm_2025","Nord-Norge"
"NINFP2510195016",5.11823294020882,4.71518898010254,319414,12,"meta_highrescanopyheight_orthophoto",0.5,"orthophoto_50cm_2025","Nord-Norge"
"NINFP1910032504",0.207965459186585,0.0105110667645931,14813,2,"meta_highrescanopyheight_orthophoto",0.5,"orthophoto_50cm_2025","Nord-Norge"
"NINFP2510204290",0.0123510021122359,0.0102548161521554,9746,2,"meta_highrescanopyheight_orthophoto",0.5,"orthophoto_50cm_2025","Nord-Norge"
"NINFP1910033761",0.179174434620563,0.0120896929875016,35407,4,"meta_highrescanopyheight_orthophoto",0.5,"orthophoto_50cm_2025","Nord-Norge"
"NINFP2110042841",1.85583966917327,1.28760296106339,7478,3,"meta_highrescanopyheight_orthophoto",0.5,"orthophoto_50cm_2025","Nord-Norge"
"NINFP2410150332",0.0586946805760927,0.0101085416972637,398392,17,"meta_highrescanopyheight_orthophoto",0.5,"orthophoto_50cm_2025","Nord-Norge"
"NINFP1910025148",0.0117137704319603,0.0100953746587038,49671,4,"meta_highrescanopyheight_orthophoto",0.5,"orthophoto_50cm_2025","Nord-Norge"
"NINFP1810037243",1.07702101129714,0.145147457718849,18056,5,"meta_highrescanopyheight_orthophoto",0.5,"orthophoto_50cm_2025","Nord-Norge"
"NINFP2210078277",0.317109526933468,0.0102501381188631,768117,26,"meta_highrescanopyheight_orthophoto",0.5,"orthophoto_50cm_2025","Nord-Norge"
"NINFP1810025413",0.84595844729279,0.0254465285688639,40389,5,"meta_highrescanopyheight_orthophoto",0.5,"orthophoto_50cm_2025","Nord-Norge"
"NINFP2010015759",0.360337414976266,0.0104713821783662,21409,4,"meta_highrescanopyheight_orthophoto",0.5,"orthophoto_50cm_2025","Nord-Norge"
"NINFP2410155469",2.26139365775414,1.71168953180313,8856,4,"meta_highrescanopyheight_orthophoto",0.5,"orthophoto_50cm_2025","Nord-Norge"
"NINFP2210089523",0.159289141926051,0.0205211089923978,7144,2,"meta_highrescanopyheight_orthophoto",0.5,"orthophoto_50cm_2025","Nord-Norge"
"NINFP2110020318",0.223965173318908,0.0135170090943575,5797,4,"meta_highrescanopyheight_orthophoto",0.5,"orthophoto_50cm_2025","Nord-Norge"
"NINFP2510190407",0.014429746320493,0.0101371160708368,47432,4,"meta_highrescanopyheight_orthophoto",0.5,"orthophoto_50cm_2025","Nord-Norge"
"NINFP2210085844",0.172093283029098,0.011011537630111,11094,2,"meta_highrescanopyheight_orthophoto",0.5,"orthophoto_50cm_2025","Nord-Norge"
"NINFP2010038740",0.182888085203167,0.0143630425445735,11572,3,"meta_highrescanopyheight_orthophoto",0.5,"orthophoto_50cm_2025","Nord-Norge"
"NINFP2010040703",2.10622786470886,1.53451430797577,1089,1,"meta_highrescanopyheight_orthophoto",0.5,"orthophoto_50cm_2025","Nord-Norge"
"NINFP2310139018",1.42130348716277,0.730802893638611,4647,4,"meta_highrescanopyheight_orthophoto",0.5,"orthophoto_50cm_2025","Nord-Norge"
"NINFP2410156021",0.10917631334211,0.0103447237052023,53254,5,"meta_highrescanopyheight_orthophoto",0.5,"orthophoto_50cm_2025","Nord-Norge"
"NINFP1810014553",0.0121471734115626,0.0101617537438869,40251,4,"meta_highrescanopyheight_orthophoto",0.5,"orthophoto_50cm_2025","Nord-Norge"
"NINFP1810035324",0.590893461984828,0.0182864973321557,4874,1,"meta_highrescanopyheight_orthophoto",0.5,"orthophoto_50cm_2025","Nord-Norge"
"NINFP2510197688",0.0434965322511049,0.0110877025872469,12461,1,"meta_highrescanopyheight_orthophoto",0.5,"orthophoto_50cm_2025","Nord-Norge"
"NINFP2010023313",0.868455152282549,0.07721196860075,54287,6,"meta_highrescanopyheight_orthophoto",0.5,"orthophoto_50cm_2025","Nord-Norge"
"NINFP2010025892",0.108951511519588,0.0112356515601277,26186,4,"meta_highrescanopyheight_orthophoto",0.5,"orthophoto_50cm_2025","Nord-Norge"
"NINFP2310125783",2.37110591832754,0.666772603988647,4989,2,"meta_highrescanopyheight_orthophoto",0.5,"orthophoto_50cm_2025","Nord-Norge"
"NINFP2110022035",0.952264501055169,0.341198265552521,11243,3,"meta_highrescanopyheight_orthophoto",0.5,"orthophoto_50cm_2025","Nord-Norge"
"NINFP1810040933",0.577705799953871,0.0116022732108831,5002,2,"meta_highrescanopyheight_orthophoto",0.5,"orthophoto_50cm_2025","Nord-Norge"
"NINFP2210082793",0.853616083155988,0.0143642202019691,2863,3,"meta_highrescanopyheight_orthophoto",0.5,"orthophoto_50cm_2025","Nord-Norge"
"NINFP2110023226",0.0211653016699491,0.010127441957593,56239,4,"meta_highrescanopyheight_orthophoto",0.5,"orthophoto_50cm_2025","Nord-Norge"
"NINFP1810022331",1.18388513473472,0.241646960377693,10190,4,"meta_highrescanopyheight_orthophoto",0.5,"orthophoto_50cm_2025","Nord-Norge"
"NINFP1810037849",0.0383558252954056,0.0100911743938923,181651,9,"meta_highrescanopyheight_orthophoto",0.5,"orthophoto_50cm_2025","Nord-Norge"
"NINFP1910019924",5.01840557434366,3.73491430282593,38317,5,"meta_highrescanopyheight_orthophoto",0.5,"orthophoto_50cm_2025","Nord-Norge"
"NINFP2510195019",5.11918451095173,3.56265878677368,6626,4,"meta_highrescanopyheight_orthophoto",0.5,"orthophoto_50cm_2025","Nord-Norge"
"NINFP2110021953",0.338936163104066,0.0160783566534519,10685,4,"meta_highrescanopyheight_orthophoto",0.5,"orthophoto_50cm_2025","Nord-Norge"
"NINFP2010017302",0.0871621683690002,0.0109003651887178,5434,2,"meta_highrescanopyheight_orthophoto",0.5,"orthophoto_50cm_2025","Nord-Norge"
"NINFP2110044695",4.57539375432923,4.96649694442749,17725,2,"meta_highrescanopyheight_orthophoto",0.5,"orthophoto_50cm_2025","Nord-Norge"
"NINFP2510185548",0.0323787035643446,0.0102362721227109,42240,5,"meta_highrescanopyheight_orthophoto",0.5,"orthophoto_50cm_2025","Nord-Norge"
"NINFP2510209211",0.0202567829272707,0.0103155057877302,22957,2,"meta_highrescanopyheight_orthophoto",0.5,"orthophoto_50cm_2025","Nord-Norge"
"NINFP2210101585",4.98326292371753,5.23251104354858,4059,1,"meta_highrescanopyheight_orthophoto",0.5,"orthophoto_50cm_2025","Nord-Norge"
"NINFP2210089645",0.0107327927731434,0.0101858777925372,5022,2,"meta_highrescanopyheight_orthophoto",0.5,"orthophoto_50cm_2025","Nord-Norge"
"NINFP2310141013",0.19336221504929,0.0119481030851603,106997,6,"meta_highrescanopyheight_orthophoto",0.5,"orthophoto_50cm_2025","Nord-Norge"
"NINFP2110030768",0.01008912052864,0.0100434990599751,59946,5,"meta_highrescanopyheight_orthophoto",0.5,"orthophoto_50cm_2025","Nord-Norge"
"NINFP2410156703",3.1570256207769,2.55075085163116,4430,1,"meta_highrescanopyheight_orthophoto",0.5,"orthophoto_50cm_2025","Nord-Norge"
"NINFP2210077013",0.0205793893313663,0.0101657696068287,15320,2,"meta_highrescanopyheight_orthophoto",0.5,"orthophoto_50cm_2025","Nord-Norge"
"NINFP2410155464",3.71244294693049,3.36054587364197,5353,2,"meta_highrescanopyheight_orthophoto",0.5,"orthophoto_50cm_2025","Nord-Norge"
"NINFP2210086463",0.0979545372590039,0.0102281249128282,40476,2,"meta_highrescanopyheight_orthophoto",0.5,"orthophoto_50cm_2025","Nord-Norge"
"NINFP1810013566",4.59882605063592,4.83127021789551,1643,1,"meta_highrescanopyheight_orthophoto",0.5,"orthophoto_50cm_2025","Nord-Norge"
"NINFP2210091971",0.0155173993602967,0.0103480918332934,38481,4,"meta_highrescanopyheight_orthophoto",0.5,"orthophoto_50cm_2025","Nord-Norge"
"NINFP2510204227",0.0103939879957167,0.0100682666525245,34958,5,"meta_highrescanopyheight_orthophoto",0.5,"orthophoto_50cm_2025","Nord-Norge"
"NINFP2010023570",0.0107124320673763,0.0102784363552928,6682,1,"meta_highrescanopyheight_orthophoto",0.5,"orthophoto_50cm_2025","Nord-Norge"
"NINFP2310133593",4.0667756263415,4.40771198272705,28909,5,"meta_highrescanopyheight_orthophoto",0.5,"orthophoto_50cm_2025","Nord-Norge"
"NINFP1910034414",0.141023495336326,0.0133422557264566,6561,2,"meta_highrescanopyheight_orthophoto",0.5,"orthophoto_50cm_2025","Nord-Norge"
"NINFP2010013579",7.81681290516481,8.38112735748291,5483,3,"meta_highrescanopyheight_orthophoto",0.5,"orthophoto_50cm_2025","Nord-Norge"
"NINFP2510186006",0.0121536852973575,0.0100760129280388,629366,20,"meta_highrescanopyheight_orthophoto",0.5,"orthophoto_50cm_2025","Nord-Norge"
"NINFP1810038000",3.07649788719831,2.60727262496948,7373,4,"meta_highrescanopyheight_orthophoto",0.5,"orthophoto_50cm_2025","Nord-Norge"
"NINFP1810046909",4.48658941326807,4.05639028549194,33481,3,"meta_highrescanopyheight_orthophoto",0.5,"orthophoto_50cm_2025","Nord-Norge"
"NINFP2210092528",0.101723757302753,0.0101966876536608,65181,5,"meta_highrescanopyheight_orthophoto",0.5,"orthophoto_50cm_2025","Nord-Norge"
"NINFP2510202470",0.071217648208439,0.0125468242913485,11087,4,"meta_highrescanopyheight_orthophoto",0.5,"orthophoto_50cm_2025","Nord-Norge"
"NINFP2110018363",0.498485632761954,0.0430212151259184,10484,4,"meta_highrescanopyheight_orthophoto",0.5,"orthophoto_50cm_2025","Nord-Norge"
"NINFP2010036853",0.134602750066868,0.0108602922409773,12388,2,"meta_highrescanopyheight_orthophoto",0.5,"orthophoto_50cm_2025","Nord-Norge"
"NINFP2310123601",2.08673876238716,0.698835253715515,4117,2,"meta_highrescanopyheight_orthophoto",0.5,"orthophoto_50cm_2025","Nord-Norge"
"NINFP2510203918",0.0204252876079325,0.0104935672134161,5225,2,"meta_highrescanopyheight_orthophoto",0.5,"orthophoto_50cm_2025","Nord-Norge"
"NINFP1910016780",0.563676760643909,0.0346806757152081,5549,2,"meta_highrescanopyheight_orthophoto",0.5,"orthophoto_50cm_2025","Nord-Norge"
"NINFP2210087123",0.0249345726739819,0.0102759432047606,579927,19,"meta_highrescanopyheight_orthophoto",0.5,"orthophoto_50cm_2025","Nord-Norge"
"NINFP2310121957",0.0143506464006488,0.0100731402635574,87808,6,"meta_highrescanopyheight_orthophoto",0.5,"orthophoto_50cm_2025","Nord-Norge"
"NINFP1910025984",0.0114582763512467,0.010416972450912,8167,2,"meta_highrescanopyheight_orthophoto",0.5,"orthophoto_50cm_2025","Nord-Norge"
"NINFP2510205688",0.331221745298895,0.0184855256229639,5138,2,"meta_highrescanopyheight_orthophoto",0.5,"orthophoto_50cm_2025","Nord-Norge"
"NINFP2110051244",0.190412848261275,0.010387908667326,5101,1,"meta_highrescanopyheight_orthophoto",0.5,"orthophoto_50cm_2025","Nord-Norge"
"NINFP2210107696",0.072672756462248,0.0103254886344075,289635,14,"meta_highrescanopyheight_orthophoto",0.5,"orthophoto_50cm_2025","Nord-Norge"
"NINFP2310136744",0.157144981204093,0.0105909127742052,12294,4,"meta_highrescanopyheight_orthophoto",0.5,"orthophoto_50cm_2025","Nord-Norge"
"NINFP2310126114",0.878255431715478,0.102966159582138,17859,3,"meta_highrescanopyheight_orthophoto",0.5,"orthophoto_50cm_2025","Nord-Norge"
"NINFP2010023488",0.0795118411685305,0.0100681725889444,79569,4,"meta_highrescanopyheight_orthophoto",0.5,"orthophoto_50cm_2025","Nord-Norge"
"NINFP2510200181",0.0101723041741676,0.0100793223828077,21483,2,"meta_highrescanopyheight_orthophoto",0.5,"orthophoto_50cm_2025","Nord-Norge"
"NINFP2310142109",2.73932678972319,1.70018339157104,33523,4,"meta_highrescanopyheight_orthophoto",0.5,"orthophoto_50cm_2025","Nord-Norge"
"NINFP1810028801",1.45708679866676,0.108302187174559,17846,3,"meta_highrescanopyheight_orthophoto",0.5,"orthophoto_50cm_2025","Nord-Norge"
"NINFP2310132643",0.0322946922856242,0.0102781848981977,36512,3,"meta_highrescanopyheight_orthophoto",0.5,"orthophoto_50cm_2025","Nord-Norge"
"NINFP2210078163",0.0207339239611514,0.0100749153643847,640059,23,"meta_highrescanopyheight_orthophoto",0.5,"orthophoto_50cm_2025","Nord-Norge"
"NINFP2210085556",0.15927407718445,0.0102580143138766,204879,13,"meta_highrescanopyheight_orthophoto",0.5,"orthophoto_50cm_2025","Nord-Norge"
"NINFP1810025852",0.77168125374124,0.0217474512755871,15651,4,"meta_highrescanopyheight_orthophoto",0.5,"orthophoto_50cm_2025","Nord-Norge"
"NINFP2010013682",0.189087068253417,0.0103354062885046,117651,8,"meta_highrescanopyheight_orthophoto",0.5,"orthophoto_50cm_2025","Nord-Norge"
"NINFP1910060337",0.0397931961516979,0.0125489863567054,5878,2,"meta_highrescanopyheight_orthophoto",0.5,"orthophoto_50cm_2025","Nord-Norge"
"NINFP2410151162",0.428427020843841,0.0111821256577969,2842,1,"meta_highrescanopyheight_orthophoto",0.5,"orthophoto_50cm_2025","Nord-Norge"
"NINFP2010040349",0.0608031731628135,0.0100804204121232,112411,7,"meta_highrescanopyheight_orthophoto",0.5,"orthophoto_50cm_2025","Nord-Norge"
"NINFP2410157446",0.0296171560833632,0.0101717854849994,25724,4,"meta_highrescanopyheight_orthophoto",0.5,"orthophoto_50cm_2025","Nord-Norge"
"NINFP1910019301",0.0137155220990801,0.0101600545458496,35694,5,"meta_highrescanopyheight_orthophoto",0.5,"orthophoto_50cm_2025","Nord-Norge"
"NINFP2110051632",4.9245784450218,5.66855669021606,15796,4,"meta_highrescanopyheight_orthophoto",0.5,"orthophoto_50cm_2025","Nord-Norge"
"NINFP2410174180",0.0165371070780548,0.0102401068434119,62352,4,"meta_highrescanopyheight_orthophoto",0.5,"orthophoto_50cm_2025","Nord-Norge"
"NINFP2310125390",0.0127633906746974,0.0103144552558661,14087,2,"meta_highrescanopyheight_orthophoto",0.5,"orthophoto_50cm_2025","Nord-Norge"
"NINFP2110052608",0.128200188602083,0.0105381216853857,256745,16,"meta_highrescanopyheight_orthophoto",0.5,"orthophoto_50cm_2025","Nord-Norge"
"NINFP2210106935",0.0629174898533138,0.0106365573592484,43642,4,"meta_highrescanopyheight_orthophoto",0.5,"orthophoto_50cm_2025","Nord-Norge"
"NINFP2310129403",1.4235132192833,0.136589094996452,4783,2,"meta_highrescanopyheight_orthophoto",0.5,"orthophoto_50cm_2025","Nord-Norge"
"NINFP2110035421",0.0100485592166634,0.0100299627520144,12926,1,"meta_highrescanopyheight_orthophoto",0.5,"orthophoto_50cm_2025","Nord-Norge"
"NINFP2410154051",6.32651875872427,6.84161424636841,5755,1,"meta_highrescanopyheight_orthophoto",0.5,"orthophoto_50cm_2025","Nord-Norge"
"NINFP2310142181",0.110489803991306,0.0108350068330765,19494,4,"meta_highrescanopyheight_orthophoto",0.5,"orthophoto_50cm_2025","Nord-Norge"
"NINFP2310130657",0.0211794146392554,0.0103101395070553,10722,2,"meta_highrescanopyheight_orthophoto",0.5,"orthophoto_50cm_2025","Nord-Norge"
"NINFP2310127105",0.79526783605819,0.232633642852306,4756,4,"meta_highrescanopyheight_orthophoto",0.5,"orthophoto_50cm_2025","Nord-Norge"
"NINFP2010024621",0.112416018881708,0.0101966797374189,56464,4,"meta_highrescanopyheight_orthophoto",0.5,"orthophoto_50cm_2025","Nord-Norge"
"NINFP2210100649",0.012030043584539,0.0103065744042397,110253,12,"meta_highrescanopyheight_orthophoto",0.5,"orthophoto_50cm_2025","Nord-Norge"
"NINFP2510205740",0.54287730381579,0.0399356987327337,6758,2,"meta_highrescanopyheight_orthophoto",0.5,"orthophoto_50cm_2025","Nord-Norge"
"NINFP2210102407",0.136370069559117,0.0105051849968731,17532,4,"meta_highrescanopyheight_orthophoto",0.5,"orthophoto_50cm_2025","Nord-Norge"
"NINFP2510207831",2.3167252826781,1.04330098628998,4051,2,"meta_highrescanopyheight_orthophoto",0.5,"orthophoto_50cm_2025","Nord-Norge"
"NINFP2410172069",0.0575942219626456,0.010345758870244,53495,4,"meta_highrescanopyheight_orthophoto",0.5,"orthophoto_50cm_2025","Nord-Norge"
"NINFP1810037239",0.715488315494039,0.03586695343256,76884,6,"meta_highrescanopyheight_orthophoto",0.5,"orthophoto_50cm_2025","Nord-Norge"
"NINFP1810032857",1.98136935911079,0.330142617225647,8900,4,"meta_highrescanopyheight_orthophoto",0.5,"orthophoto_50cm_2025","Nord-Norge"
"NINFP2210076351",0.0103197416335676,0.0101375468075275,16916,4,"meta_highrescanopyheight_orthophoto",0.5,"orthophoto_50cm_2025","Nord-Norge"
"NINFP2010026118",2.73718397508723,0.963011384010315,6343,2,"meta_highrescanopyheight_orthophoto",0.5,"orthophoto_50cm_2025","Nord-Norge"
"NINFP2010013777",0.0442852199458107,0.0102370148524642,16262,2,"meta_highrescanopyheight_orthophoto",0.5,"orthophoto_50cm_2025","Nord-Norge"
"NINFP2110052636",0.0961191039239568,0.0108755556866527,62649,8,"meta_highrescanopyheight_orthophoto",0.5,"orthophoto_50cm_2025","Nord-Norge"
"NINFP2010018202",0.776648470876822,0.305418729782104,7685,2,"meta_highrescanopyheight_orthophoto",0.5,"orthophoto_50cm_2025","Nord-Norge"
"NINFP2310131412",0.0136584093971055,0.0101381996646523,7363,3,"meta_highrescanopyheight_orthophoto",0.5,"orthophoto_50cm_2025","Nord-Norge"
"NINFP2410175087",0.0770911974979181,0.0172410300001502,12374,2,"meta_highrescanopyheight_orthophoto",0.5,"orthophoto_50cm_2025","Nord-Norge"
"NINFP2510203121",0.944494069616313,0.377769440412521,5955,4,"meta_highrescanopyheight_orthophoto",0.5,"orthophoto_50cm_2025","Nord-Norge"
"NINFP2110031049",0.0101675560735121,0.0100566623732448,28785,4,"meta_highrescanopyheight_orthophoto",0.5,"orthophoto_50cm_2025","Nord-Norge"
"NINFP2310131651",0.0100629220666865,0.0100538423284888,53215,4,"meta_highrescanopyheight_orthophoto",0.5,"orthophoto_50cm_2025","Nord-Norge"
"NINFP2410165997",0.0551506658492944,0.0103688812814653,12524,2,"meta_highrescanopyheight_orthophoto",0.5,"orthophoto_50cm_2025","Nord-Norge"
"NINFP2410174797",0.0509678139657198,0.0104355169460177,24966,3,"meta_highrescanopyheight_orthophoto",0.5,"orthophoto_50cm_2025","Nord-Norge"
"NINFP2510194672",0.0312463833469188,0.012841921299696,6324,1,"meta_highrescanopyheight_orthophoto",0.5,"orthophoto_50cm_2025","Nord-Norge"
"NINFP2210107175",0.174393785019979,0.0104026691988111,49943,7,"meta_highrescanopyheight_orthophoto",0.5,"orthophoto_50cm_2025","Nord-Norge"
"NINFP2510209822",0.270615163938564,0.0334162302315235,51577,4,"meta_highrescanopyheight_orthophoto",0.5,"orthophoto_50cm_2025","Nord-Norge"
"NINFP2310131034",0.0884351965131338,0.0102308988571167,18021,2,"meta_highrescanopyheight_orthophoto",0.5,"orthophoto_50cm_2025","Nord-Norge"
"NINFP2210089595",0.121480875941734,0.0107129281386733,7624,2,"meta_highrescanopyheight_orthophoto",0.5,"orthophoto_50cm_2025","Nord-Norge"
"NINFP1810014550",0.0223932332423949,0.0101504316553473,47650,3,"meta_highrescanopyheight_orthophoto",0.5,"orthophoto_50cm_2025","Nord-Norge"
"NINFP2310130101",3.00114040863974,1.6474781036377,5365,2,"meta_highrescanopyheight_orthophoto",0.5,"orthophoto_50cm_2025","Nord-Norge"
"NINFP1910032796",0.0127718704659661,0.0102769024670124,1102,2,"meta_highrescanopyheight_orthophoto",0.5,"orthophoto_50cm_2025","Nord-Norge"
"NINFP2010015266",3.25881752450232,3.0472674369812,6049,2,"meta_highrescanopyheight_orthophoto",0.5,"orthophoto_50cm_2025","Nord-Norge"
"NINFP2210088599",0.890842443372173,0.0475210808217525,32448,5,"meta_highrescanopyheight_orthophoto",0.5,"orthophoto_50cm_2025","Nord-Norge"
"NINFP2010033543",0.0804998872521902,0.0103817661292851,8216,2,"meta_highrescanopyheight_orthophoto",0.5,"orthophoto_50cm_2025","Nord-Norge"
"NINFP2510198108",0.0100811037019773,0.0100716734305024,13884,2,"meta_highrescanopyheight_orthophoto",0.5,"orthophoto_50cm_2025","Nord-Norge"
"NINFP2510188856",0.133972918740773,0.0101633667945862,325897,12,"meta_highrescanopyheight_orthophoto",0.5,"orthophoto_50cm_2025","Nord-Norge"
"NINFP2010025594",0.0989938465076904,0.0103828394785523,50009,4,"meta_highrescanopyheight_orthophoto",0.5,"orthophoto_50cm_2025","Nord-Norge"
"NINFP2310134157",0.0900982385140033,0.0104320347309113,7090,2,"meta_highrescanopyheight_orthophoto",0.5,"orthophoto_50cm_2025","Nord-Norge"
"NINFP2310141781",3.58164727152773,2.51255869865417,28621,4,"meta_highrescanopyheight_orthophoto",0.5,"orthophoto_50cm_2025","Nord-Norge"
"NINFP2210112168",0.0149974371451231,0.0100833936594427,50870,5,"meta_highrescanopyheight_orthophoto",0.5,"orthophoto_50cm_2025","Nord-Norge"
"NINFP2210107553",2.63949926686313,2.04427230358124,4938,1,"meta_highrescanopyheight_orthophoto",0.5,"orthophoto_50cm_2025","Nord-Norge"
"NINFP1810036644",0.46735758755339,0.010279344394803,82506,7,"meta_highrescanopyheight_orthophoto",0.5,"orthophoto_50cm_2025","Nord-Norge"
"NINFP2410150000",0.078576208019073,0.0100621413439512,149573,10,"meta_highrescanopyheight_orthophoto",0.5,"orthophoto_50cm_2025","Nord-Norge"
"NINFP1810037222",1.7587860221042,0.973461508750916,25123,4,"meta_highrescanopyheight_orthophoto",0.5,"orthophoto_50cm_2025","Nord-Norge"
"NINFP1810028506",0.0201382564509084,0.0104085118509829,5066,1,"meta_highrescanopyheight_orthophoto",0.5,"orthophoto_50cm_2025","Nord-Norge"
"NINFP2010013463",0.0323975211494607,0.0100902849808335,137684,5,"meta_highrescanopyheight_orthophoto",0.5,"orthophoto_50cm_2025","Nord-Norge"
"NINFP2010022181",2.20587906228516,1.72576665878296,7421,1,"meta_highrescanopyheight_orthophoto",0.5,"orthophoto_50cm_2025","Nord-Norge"
"NINFP2110020317",0.0554376462244567,0.0104812365025282,5558,2,"meta_highrescanopyheight_orthophoto",0.5,"orthophoto_50cm_2025","Nord-Norge"
"NINFP2510206876",0.0763427444204998,0.0103401816450059,62674,4,"meta_highrescanopyheight_orthophoto",0.5,"orthophoto_50cm_2025","Nord-Norge"
"NINFP2110043462",1.61876303334706,0.411817967891693,15048,2,"meta_highrescanopyheight_orthophoto",0.5,"orthophoto_50cm_2025","Nord-Norge"
"NINFP1910024697",0.971751102704223,0.0473123416304588,4428,1,"meta_highrescanopyheight_orthophoto",0.5,"orthophoto_50cm_2025","Nord-Norge"
"NINFP2510189323",2.79733670793144,0.890405714511871,8853,2,"meta_highrescanopyheight_orthophoto",0.5,"orthophoto_50cm_2025","Nord-Norge"
"NINFP2210106943",0.108564052976253,0.0105013223364949,53211,3,"meta_highrescanopyheight_orthophoto",0.5,"orthophoto_50cm_2025","Nord-Norge"
"NINFP2210078138",0.0528974321587692,0.0101828090846539,103115,9,"meta_highrescanopyheight_orthophoto",0.5,"orthophoto_50cm_2025","Nord-Norge"
"NINFP2510206670",0.012863379129695,0.0100456923246384,108853,6,"meta_highrescanopyheight_orthophoto",0.5,"orthophoto_50cm_2025","Nord-Norge"
"NINFP2410149814",0.250915677323513,0.010196300689131,17044,2,"meta_highrescanopyheight_orthophoto",0.5,"orthophoto_50cm_2025","Nord-Norge"
"NINFP2010027391",0.449238262464035,0.0103538436815143,10223,2,"meta_highrescanopyheight_orthophoto",0.5,"orthophoto_50cm_2025","Nord-Norge"
"NINFP2410156028",0.675454431853023,0.0179626941680908,6241,2,"meta_highrescanopyheight_orthophoto",0.5,"orthophoto_50cm_2025","Nord-Norge"
"NINFP1910023450",0.290568725146672,0.0228192564100027,4320,2,"meta_highrescanopyheight_orthophoto",0.5,"orthophoto_50cm_2025","Nord-Norge"
"NINFP1810023252",1.77995095674567,0.823055803775787,94423,6,"meta_highrescanopyheight_orthophoto",0.5,"orthophoto_50cm_2025","Nord-Norge"
"NINFP2310140581",0.470584431528193,0.159361988306046,5969,1,"meta_highrescanopyheight_orthophoto",0.5,"orthophoto_50cm_2025","Nord-Norge"
"NINFP1910029308",0.029383865786517,0.0100713334977627,31193,2,"meta_highrescanopyheight_orthophoto",0.5,"orthophoto_50cm_2025","Nord-Norge"
"NINFP2310132937",0.274175439541698,0.010861614253372,146512,10,"meta_highrescanopyheight_orthophoto",0.5,"orthophoto_50cm_2025","Nord-Norge"
"NINFP1810034607",0.0100768654572113,0.0100351828150451,8538,1,"meta_highrescanopyheight_orthophoto",0.5,"orthophoto_50cm_2025","Nord-Norge"
"NINFP2210111694",0.0335786559156079,0.0105164535343647,48599,4,"meta_highrescanopyheight_orthophoto",0.5,"orthophoto_50cm_2025","Nord-Norge"
"NINFP1810036649",0.498562794759573,0.0589899681508541,10050,1,"meta_highrescanopyheight_orthophoto",0.5,"orthophoto_50cm_2025","Nord-Norge"
"NINFP2210089628",0.142775474042144,0.0102552827447653,34958,4,"meta_highrescanopyheight_orthophoto",0.5,"orthophoto_50cm_2025","Nord-Norge"
"NINFP2210106743",0.0523502928338427,0.0118708186782897,40406,4,"meta_highrescanopyheight_orthophoto",0.5,"orthophoto_50cm_2025","Nord-Norge"
"NINFP2110020695",0.669321725386302,0.117926858365536,1536,1,"meta_highrescanopyheight_orthophoto",0.5,"orthophoto_50cm_2025","Nord-Norge"
"NINFP2010025498",0.154347951773327,0.0101809902116656,431849,21,"meta_highrescanopyheight_orthophoto",0.5,"orthophoto_50cm_2025","Nord-Norge"
"NINFP2410175315",0.115702657511514,0.0101550039835274,10354,2,"meta_highrescanopyheight_orthophoto",0.5,"orthophoto_50cm_2025","Nord-Norge"
"NINFP1810038275",4.63569087454204,4.37071323394775,67388,6,"meta_highrescanopyheight_orthophoto",0.5,"orthophoto_50cm_2025","Nord-Norge"
"NINFP1810036643",2.21202384973471,0.405495285987854,37481,4,"meta_highrescanopyheight_orthophoto",0.5,"orthophoto_50cm_2025","Nord-Norge"
"NINFP2410157885",2.1156262075832,1.58963692188263,4787,2,"meta_highrescanopyheight_orthophoto",0.5,"orthophoto_50cm_2025","Nord-Norge"
"NINFP2110019564",0.164158084889503,0.0104994447901845,88930,8,"meta_highrescanopyheight_orthophoto",0.5,"orthophoto_50cm_2025","Nord-Norge"
"NINFP2210077960",0.139545178935841,0.0102906487882137,35081,3,"meta_highrescanopyheight_orthophoto",0.5,"orthophoto_50cm_2025","Nord-Norge"
"NINFP2410152193",0.0122810829174458,0.0105024697259068,12715,2,"meta_highrescanopyheight_orthophoto",0.5,"orthophoto_50cm_2025","Nord-Norge"
"NINFP2010033164",0.138191813155027,0.012511276639998,11005,4,"meta_highrescanopyheight_orthophoto",0.5,"orthophoto_50cm_2025","Nord-Norge"
"NINFP2210106621",0.0110890138976965,0.0101226256228983,95448,6,"meta_highrescanopyheight_orthophoto",0.5,"orthophoto_50cm_2025","Nord-Norge"
"NINFP2110030677",0.0101214013870727,0.0100571447983384,4164,2,"meta_highrescanopyheight_orthophoto",0.5,"orthophoto_50cm_2025","Nord-Norge"
"NINFP2210086137",1.05752802977754,0.017302917316556,7179,1,"meta_highrescanopyheight_orthophoto",0.5,"orthophoto_50cm_2025","Nord-Norge"
"NINFP2510214743",0.0437742444734536,0.0107413809746504,142618,7,"meta_highrescanopyheight_orthophoto",0.5,"orthophoto_50cm_2025","Nord-Norge"
"NINFP2010024389",0.0121140489232082,0.0101152844727039,47611,7,"meta_highrescanopyheight_orthophoto",0.5,"orthophoto_50cm_2025","Nord-Norge"
"NINFP2410157039",3.19333175195714,1.23952674865723,10411,2,"meta_highrescanopyheight_orthophoto",0.5,"orthophoto_50cm_2025","Nord-Norge"
"NINFP2110023234",0.0224373820028694,0.0101663125678897,36964,3,"meta_highrescanopyheight_orthophoto",0.5,"orthophoto_50cm_2025","Nord-Norge"
"NINFP2110051288",0.0549424620634523,0.0102042760699987,21853,3,"meta_highrescanopyheight_orthophoto",0.5,"orthophoto_50cm_2025","Nord-Norge"
"NINFP1810016848",0.0529540942592653,0.011085644364357,19211,4,"meta_highrescanopyheight_orthophoto",0.5,"orthophoto_50cm_2025","Nord-Norge"
"NINFP2410156485",0.0101018908080634,0.0100452713668346,8319,2,"meta_highrescanopyheight_orthophoto",0.5,"orthophoto_50cm_2025","Nord-Norge"
"NINFP2010012655",0.0302332416673532,0.0101752756163478,20380,2,"meta_highrescanopyheight_orthophoto",0.5,"orthophoto_50cm_2025","Nord-Norge"
"NINFP1910026974",0.155974194228655,0.0116041074506938,47486,6,"meta_highrescanopyheight_orthophoto",0.5,"orthophoto_50cm_2025","Nord-Norge"
"NINFP2510205185",0.47849706371663,0.0339310504496098,77376,8,"meta_highrescanopyheight_orthophoto",0.5,"orthophoto_50cm_2025","Nord-Norge"
"NINFP2510186934",0.0109983984419545,0.0101029388606548,170118,12,"meta_highrescanopyheight_orthophoto",0.5,"orthophoto_50cm_2025","Nord-Norge"
"NINFP2010013712",3.1247079614289,3.07116186618805,4106,4,"meta_highrescanopyheight_orthophoto",0.5,"orthophoto_50cm_2025","Nord-Norge"
"NINFP2210086272",0.052558302015912,0.0104067786596715,7434,1,"meta_highrescanopyheight_orthophoto",0.5,"orthophoto_50cm_2025","Nord-Norge"
"NINFP2210102767",0.0100642202364893,0.0100582698360085,13824,3,"meta_highrescanopyheight_orthophoto",0.5,"orthophoto_50cm_2025","Nord-Norge"
"NINFP2410173598",0.0112341722719992,0.0100989155471325,2742071,72,"meta_highrescanopyheight_orthophoto",0.5,"orthophoto_50cm_2025","Nord-Norge"
"NINFP2310130272",0.0106244039633393,0.0101710353046656,138212,8,"meta_highrescanopyheight_orthophoto",0.5,"orthophoto_50cm_2025","Nord-Norge"
"NINFP2310130192",0.0564971926442228,0.0104949469678104,30384,4,"meta_highrescanopyheight_orthophoto",0.5,"orthophoto_50cm_2025","Nord-Norge"
"NINFP2310140969",0.298900380391728,0.0113324476405978,80620,8,"meta_highrescanopyheight_orthophoto",0.5,"orthophoto_50cm_2025","Nord-Norge"
"NINFP2410174183",0.0592355601155596,0.0101851783692837,24960,2,"meta_highrescanopyheight_orthophoto",0.5,"orthophoto_50cm_2025","Nord-Norge"
"NINFP2410157410",2.09672436160818,0.0532852467149496,5674,4,"meta_highrescanopyheight_orthophoto",0.5,"orthophoto_50cm_2025","Nord-Norge"
"NINFP2510207401",0.389638626910193,0.0284769618883729,22688,3,"meta_highrescanopyheight_orthophoto",0.5,"orthophoto_50cm_2025","Nord-Norge"
"NINFP2510202465",0.132767504541297,0.010711538605392,17458,2,"meta_highrescanopyheight_orthophoto",0.5,"orthophoto_50cm_2025","Nord-Norge"
"NINFP2210083718",0.0705101247010292,0.010285384953022,31048,5,"meta_highrescanopyheight_orthophoto",0.5,"orthophoto_50cm_2025","Nord-Norge"
"NINFP2510186921",0.0112759788204975,0.0100682293996215,174779,9,"meta_highrescanopyheight_orthophoto",0.5,"orthophoto_50cm_2025","Nord-Norge"
"NINFP2010028635",0.14514799533523,0.0104318149387836,17198,4,"meta_highrescanopyheight_orthophoto",0.5,"orthophoto_50cm_2025","Nord-Norge"
"NINFP2510203417",0.0335045513191618,0.0101061910390854,20661,1,"meta_highrescanopyheight_orthophoto",0.5,"orthophoto_50cm_2025","Nord-Norge"
"NINFP2010026116",0.187114165709818,0.0123850787058473,43650,5,"meta_highrescanopyheight_orthophoto",0.5,"orthophoto_50cm_2025","Nord-Norge"
"NINFP2210103846",0.608883439149456,0.0111768934875727,1911,2,"meta_highrescanopyheight_orthophoto",0.5,"orthophoto_50cm_2025","Nord-Norge"
"NINFP1810034771",0.0101027507924392,0.0100997406989336,79,1,"meta_highrescanopyheight_orthophoto",0.5,"orthophoto_50cm_2025","Nord-Norge"
"NINFP2410174380",0.0100382680077166,0.0100351078435779,27060,2,"meta_highrescanopyheight_orthophoto",0.5,"orthophoto_50cm_2025","Nord-Norge"
"NINFP1810016074",0.232197349303638,0.010709130205214,52208,5,"meta_highrescanopyheight_orthophoto",0.5,"orthophoto_50cm_2025","Nord-Norge"
"NINFP2110021610",0.44811412717829,0.0113256517797709,42045,4,"meta_highrescanopyheight_orthophoto",0.5,"orthophoto_50cm_2025","Nord-Norge"
"NINFP2110043467",0.325995900175282,0.011758329346776,4185,2,"meta_highrescanopyheight_orthophoto",0.5,"orthophoto_50cm_2025","Nord-Norge"
"NINFP1810034959",0.122910140999972,0.0103932917118073,58317,5,"meta_highrescanopyheight_orthophoto",0.5,"orthophoto_50cm_2025","Nord-Norge"
"NINFP2010022351",4.8828747853876,5.60205888748169,5901,2,"meta_highrescanopyheight_orthophoto",0.5,"orthophoto_50cm_2025","Nord-Norge"
"NINFP2310133164",0.0406283246314852,0.010236048605293,66910,6,"meta_highrescanopyheight_orthophoto",0.5,"orthophoto_50cm_2025","Nord-Norge"
"NINFP2110034556",0.0265190928067865,0.0101136071607471,470116,18,"meta_highrescanopyheight_orthophoto",0.5,"orthophoto_50cm_2025","Nord-Norge"
"NINFP2410167994",0.174372550931925,0.0135438283905387,13471,1,"meta_highrescanopyheight_orthophoto",0.5,"orthophoto_50cm_2025","Nord-Norge"
"NINFP2110022033",0.128216385496846,0.0103504220023751,40897,4,"meta_highrescanopyheight_orthophoto",0.5,"orthophoto_50cm_2025","Nord-Norge"
"NINFP1810029086",0.301805038786499,0.0108522353693843,48151,6,"meta_highrescanopyheight_orthophoto",0.5,"orthophoto_50cm_2025","Nord-Norge"
"NINFP2410174784",0.150521758401505,0.0108260149136186,4831,2,"meta_highrescanopyheight_orthophoto",0.5,"orthophoto_50cm_2025","Nord-Norge"
"NINFP1910029305",0.0717619683072236,0.0101139675825834,14318,1,"meta_highrescanopyheight_orthophoto",0.5,"orthophoto_50cm_2025","Nord-Norge"
"NINFP1810022679",1.77112197981171,0.586492657661438,19419,5,"meta_highrescanopyheight_orthophoto",0.5,"orthophoto_50cm_2025","Nord-Norge"
"NINFP2310138354",2.82703328460916,1.92478406429291,19558,3,"meta_highrescanopyheight_orthophoto",0.5,"orthophoto_50cm_2025","Nord-Norge"
"NINFP2310134763",0.0261978695368702,0.0105648534372449,6336,1,"meta_highrescanopyheight_orthophoto",0.5,"orthophoto_50cm_2025","Nord-Norge"
"NINFP2510215311",0.64675953648322,0.0422839298844337,10797,4,"meta_highrescanopyheight_orthophoto",0.5,"orthophoto_50cm_2025","Nord-Norge"
"NINFP2310124488",0.216333509434648,0.0128528173081577,4022,2,"meta_highrescanopyheight_orthophoto",0.5,"orthophoto_50cm_2025","Nord-Norge"
"NINFP1810034958",0.16539130246486,0.020808232948184,33844,3,"meta_highrescanopyheight_orthophoto",0.5,"orthophoto_50cm_2025","Nord-Norge"
"NINFP2110026477",0.492681281515291,0.0110237491317093,89110,6,"meta_highrescanopyheight_orthophoto",0.5,"orthophoto_50cm_2025","Nord-Norge"
"NINFP2110025348",1.13258902670084,0.0104399509727955,4157,2,"meta_highrescanopyheight_orthophoto",0.5,"orthophoto_50cm_2025","Nord-Norge"
"NINFP2210106156",0.0149007733141446,0.0101751573383808,54123,4,"meta_highrescanopyheight_orthophoto",0.5,"orthophoto_50cm_2025","Nord-Norge"
"NINFP2210087999",0.0657887093938444,0.0114691443741322,4993,2,"meta_highrescanopyheight_orthophoto",0.5,"orthophoto_50cm_2025","Nord-Norge"
"NINFP2210098047",6.06190399208156,6.6830849647522,8315,3,"meta_highrescanopyheight_orthophoto",0.5,"orthophoto_50cm_2025","Nord-Norge"
"NINFP2010012665",0.0237450135694829,0.0102697452530265,9348,4,"meta_highrescanopyheight_orthophoto",0.5,"orthophoto_50cm_2025","Nord-Norge"
"NINFP1810039966",3.74131914832812,2.98682236671448,9328,2,"meta_highrescanopyheight_orthophoto",0.5,"orthophoto_50cm_2025","Nord-Norge"
"NINFP2410157025",0.046024615770935,0.0105664427392185,17886,4,"meta_highrescanopyheight_orthophoto",0.5,"orthophoto_50cm_2025","Nord-Norge"
"NINFP1810027261",0.0134032180642405,0.0100648086518049,26786,2,"meta_highrescanopyheight_orthophoto",0.5,"orthophoto_50cm_2025","Nord-Norge"
"NINFP2510194361",0.0209019173259444,0.0101799876429141,21410,3,"meta_highrescanopyheight_orthophoto",0.5,"orthophoto_50cm_2025","Nord-Norge"
"NINFP2110043539",0.532127066826691,0.0223316345363855,45617,5,"meta_highrescanopyheight_orthophoto",0.5,"orthophoto_50cm_2025","Nord-Norge"
"NINFP2010024626",0.123043662018842,0.0101061877794564,4376,1,"meta_highrescanopyheight_orthophoto",0.5,"orthophoto_50cm_2025","Nord-Norge"
"NINFP2410173504",0.117629062187196,0.0104917888529599,35846,4,"meta_highrescanopyheight_orthophoto",0.5,"orthophoto_50cm_2025","Nord-Norge"
"NINFP2010039016",0.54330254051304,0.0144069637171924,11998,2,"meta_highrescanopyheight_orthophoto",0.5,"orthophoto_50cm_2025","Nord-Norge"
"NINFP1810022340",0.232387628415684,0.0211846735328436,10307,3,"meta_highrescanopyheight_orthophoto",0.5,"orthophoto_50cm_2025","Nord-Norge"
"NINFP2510205743",1.10269957445214,0.115251824259758,8363,2,"meta_highrescanopyheight_orthophoto",0.5,"orthophoto_50cm_2025","Nord-Norge"
"NINFP2010027591",0.292049606223423,0.010677176527679,22339,3,"meta_highrescanopyheight_orthophoto",0.5,"orthophoto_50cm_2025","Nord-Norge"
"NINFP1810037608",0.224319646165188,0.0109007456339896,62138,5,"meta_highrescanopyheight_orthophoto",0.5,"orthophoto_50cm_2025","Nord-Norge"
"NINFP2510190221",0.0980110837511693,0.0102242035791278,110365,7,"meta_highrescanopyheight_orthophoto",0.5,"orthophoto_50cm_2025","Nord-Norge"
"NINFP2110022676",0.0121008547181332,0.0104451263323426,7973,3,"meta_highrescanopyheight_orthophoto",0.5,"orthophoto_50cm_2025","Nord-Norge"
"NINFP2010027184",0.0232602068577887,0.0101848561316729,293341,14,"meta_highrescanopyheight_orthophoto",0.5,"orthophoto_50cm_2025","Nord-Norge"
"NINFP2110036322",0.0100237456054152,0.0100196832790971,26158,3,"meta_highrescanopyheight_orthophoto",0.5,"orthophoto_50cm_2025","Nord-Norge"
"NINFP2210107960",6.04526296490104,6.41730690002441,7395,4,"meta_highrescanopyheight_orthophoto",0.5,"orthophoto_50cm_2025","Nord-Norge"
"NINFP2410177505",0.0839133582252656,0.0111224204301834,7755,1,"meta_highrescanopyheight_orthophoto",0.5,"orthophoto_50cm_2025","Nord-Norge"
"NINFP2010058587",0.119578976571149,0.0103102149441838,29707,4,"meta_highrescanopyheight_orthophoto",0.5,"orthophoto_50cm_2025","Nord-Norge"
"NINFP2010026757",1.55658426657936,0.362374752759933,18283,3,"meta_highrescanopyheight_orthophoto",0.5,"orthophoto_50cm_2025","Nord-Norge"
"NINFP2410174541",0.296019614617862,0.0108867660164833,10771,4,"meta_highrescanopyheight_orthophoto",0.5,"orthophoto_50cm_2025","Nord-Norge"
"NINFP2410150889",0.427596008097433,0.0103414254263043,209258,18,"meta_highrescanopyheight_orthophoto",0.5,"orthophoto_50cm_2025","Nord-Norge"
"NINFP2510185406",0.010151512759865,0.010101305320859,61835,4,"meta_highrescanopyheight_orthophoto",0.5,"orthophoto_50cm_2025","Nord-Norge"
"NINFP2510202493",4.08954946939638,4.57753300666809,5014,1,"meta_highrescanopyheight_orthophoto",0.5,"orthophoto_50cm_2025","Nord-Norge"
"NINFP2010033363",0.0103925165389815,0.0102207250893116,5115,2,"meta_highrescanopyheight_orthophoto",0.5,"orthophoto_50cm_2025","Nord-Norge"
"NINFP2510202771",0.216574642011128,0.0105929085984826,44911,6,"meta_highrescanopyheight_orthophoto",0.5,"orthophoto_50cm_2025","Nord-Norge"
"NINFP2210092164",0.017806285597827,0.0101047633215785,61732,5,"meta_highrescanopyheight_orthophoto",0.5,"orthophoto_50cm_2025","Nord-Norge"
"NINFP1810042376",0.0591176423378391,0.0107291908934712,7071,2,"meta_highrescanopyheight_orthophoto",0.5,"orthophoto_50cm_2025","Nord-Norge"
"NINFP2210095973",0.0943736460231896,0.0104046370834112,59329,6,"meta_highrescanopyheight_orthophoto",0.5,"orthophoto_50cm_2025","Nord-Norge"
"NINFP2410155825",0.0660947510074456,0.0104227885603905,3932,1,"meta_highrescanopyheight_orthophoto",0.5,"orthophoto_50cm_2025","Nord-Norge"
"NINFP1810031184",0.0439626721101027,0.0102438945323229,42539,4,"meta_highrescanopyheight_orthophoto",0.5,"orthophoto_50cm_2025","Nord-Norge"
"NINFP2110023941",0.0113287582375697,0.0101736476644874,4649,4,"meta_highrescanopyheight_orthophoto",0.5,"orthophoto_50cm_2025","Nord-Norge"
"NINFP2410151301",2.09306452884451,1.53705531358719,9510,2,"meta_highrescanopyheight_orthophoto",0.5,"orthophoto_50cm_2025","Nord-Norge"
"NINFP2310137382",0.0631617295998324,0.010336700361222,35064,3,"meta_highrescanopyheight_orthophoto",0.5,"orthophoto_50cm_2025","Nord-Norge"
"NINFP1810018802",0.148006397612341,0.010473997797817,41370,5,"meta_highrescanopyheight_orthophoto",0.5,"orthophoto_50cm_2025","Nord-Norge"
"NINFP1910033629",0.0350342718557806,0.01030792016536,25526,3,"meta_highrescanopyheight_orthophoto",0.5,"orthophoto_50cm_2025","Nord-Norge"
"NINFP2010021716",0.0351205391765174,0.0105553548783064,17627,3,"meta_highrescanopyheight_orthophoto",0.5,"orthophoto_50cm_2025","Nord-Norge"
"NINFP2310126224",0.0453804842328857,0.0103828506544232,12101,2,"meta_highrescanopyheight_orthophoto",0.5,"orthophoto_50cm_2025","Nord-Norge"
"NINFP2010017116",0.636075595201483,0.0132767963223159,35496,5,"meta_highrescanopyheight_orthophoto",0.5,"orthophoto_50cm_2025","Nord-Norge"
"NINFP1910025975",0.191482181905733,0.0102634741924703,26232,3,"meta_highrescanopyheight_orthophoto",0.5,"orthophoto_50cm_2025","Nord-Norge"
"NINFP2010039351",0.073816880030448,0.0122231291607022,2380,1,"meta_highrescanopyheight_orthophoto",0.5,"orthophoto_50cm_2025","Nord-Norge"
"NINFP2010025350",0.013208619662457,0.0100958924740553,4275,2,"meta_highrescanopyheight_orthophoto",0.5,"orthophoto_50cm_2025","Nord-Norge"
"NINFP2210089606",0.300604312463566,0.0108959171921015,20553,4,"meta_highrescanopyheight_orthophoto",0.5,"orthophoto_50cm_2025","Nord-Norge"
"NINFP2010008964",0.121986677015067,0.0101254982873797,37089,3,"meta_highrescanopyheight_orthophoto",0.5,"orthophoto_50cm_2025","Nord-Norge"
"NINFP2010023039",0.0636253269655032,0.0116441398859024,16050,3,"meta_highrescanopyheight_orthophoto",0.5,"orthophoto_50cm_2025","Nord-Norge"
"NINFP2010016199",0.0409555044836906,0.0100779295898974,145586,10,"meta_highrescanopyheight_orthophoto",0.5,"orthophoto_50cm_2025","Nord-Norge"
"NINFP2410177502",5.11084053130389,5.02278804779053,5823,2,"meta_highrescanopyheight_orthophoto",0.5,"orthophoto_50cm_2025","Nord-Norge"
"NINFP2210077765",0.0100668102034887,0.0100515447556973,117311,6,"meta_highrescanopyheight_orthophoto",0.5,"orthophoto_50cm_2025","Nord-Norge"
"NINFP2010040891",0.0238720610115457,0.0103001771494746,6369,1,"meta_highrescanopyheight_orthophoto",0.5,"orthophoto_50cm_2025","Nord-Norge"
"NINFP2110032201",0.0100493061674934,0.0100337518379092,7905,4,"meta_highrescanopyheight_orthophoto",0.5,"orthophoto_50cm_2025","Nord-Norge"
"NINFP2010014012",0.195206812461531,0.0109912250190973,14471,3,"meta_highrescanopyheight_orthophoto",0.5,"orthophoto_50cm_2025","Nord-Norge"
"NINFP2310136741",0.197342193367241,0.0105433072894812,56187,5,"meta_highrescanopyheight_orthophoto",0.5,"orthophoto_50cm_2025","Nord-Norge"
"NINFP2410157757",5.16530533011171,5.59270286560059,4691,1,"meta_highrescanopyheight_orthophoto",0.5,"orthophoto_50cm_2025","Nord-Norge"
"NINFP2210087646",0.0206568848480547,0.0102487513795495,19506,2,"meta_highrescanopyheight_orthophoto",0.5,"orthophoto_50cm_2025","Nord-Norge"
"NINFP1810018587",0.80946727736408,0.197626069188118,3183,1,"meta_highrescanopyheight_orthophoto",0.5,"orthophoto_50cm_2025","Nord-Norge"
"NINFP2410165219",0.0114007955957705,0.010204971767962,7183,4,"meta_highrescanopyheight_orthophoto",0.5,"orthophoto_50cm_2025","Nord-Norge"
"NINFP2410165493",0.894659857188036,0.0103221964091063,15587,2,"meta_highrescanopyheight_orthophoto",0.5,"orthophoto_50cm_2025","Nord-Norge"
"NINFP2110021970",0.0211479914364971,0.0106164156459272,5196,2,"meta_highrescanopyheight_orthophoto",0.5,"orthophoto_50cm_2025","Nord-Norge"
"NINFP2310132638",0.0139148226844444,0.01086559984833,14516,3,"meta_highrescanopyheight_orthophoto",0.5,"orthophoto_50cm_2025","Nord-Norge"
"NINFP2210083458",0.0241781989902946,0.0101458579301834,71664,6,"meta_highrescanopyheight_orthophoto",0.5,"orthophoto_50cm_2025","Nord-Norge"
"NINFP1810026895",0.716577895645558,0.0318229366093874,12290,2,"meta_highrescanopyheight_orthophoto",0.5,"orthophoto_50cm_2025","Nord-Norge"
"NINFP2210077988",0.0349438969888435,0.0100744129158556,52712,4,"meta_highrescanopyheight_orthophoto",0.5,"orthophoto_50cm_2025","Nord-Norge"
"NINFP2210076364",0.010225407748756,0.0100932195782661,45984,6,"meta_highrescanopyheight_orthophoto",0.5,"orthophoto_50cm_2025","Nord-Norge"
"NINFP2310123582",0.0867301302608493,0.0109058450907469,4339,1,"meta_highrescanopyheight_orthophoto",0.5,"orthophoto_50cm_2025","Nord-Norge"
"NINFP2110031474",0.0610329655934179,0.0102310180664062,12816,2,"meta_highrescanopyheight_orthophoto",0.5,"orthophoto_50cm_2025","Nord-Norge"
"NINFP2310146472",3.81592964648997,2.99843287467957,7325,2,"meta_highrescanopyheight_orthophoto",0.5,"orthophoto_50cm_2025","Nord-Norge"
"NINFP2410154689",1.41359530257129,0.35063561797142,6113,2,"meta_highrescanopyheight_orthophoto",0.5,"orthophoto_50cm_2025","Nord-Norge"
"NINFP2310134116",0.0346561705256639,0.0103448354639113,14766,4,"meta_highrescanopyheight_orthophoto",0.5,"orthophoto_50cm_2025","Nord-Norge"
"NINFP2110019081",1.93003864997054,0.167171582579613,21844,2,"meta_highrescanopyheight_orthophoto",0.5,"orthophoto_50cm_2025","Nord-Norge"
"NINFP2110023233",0.0237419445626462,0.0101275169290602,75780,6,"meta_highrescanopyheight_orthophoto",0.5,"orthophoto_50cm_2025","Nord-Norge"
"NINFP2110018563",0.0212222073322636,0.010127785615623,3746,3,"meta_highrescanopyheight_orthophoto",0.5,"orthophoto_50cm_2025","Nord-Norge"
"NINFP2410149812",0.0474551600655557,0.010179465636611,46086,4,"meta_highrescanopyheight_orthophoto",0.5,"orthophoto_50cm_2025","Nord-Norge"
"NINFP2110021954",0.0153081509468382,0.0102169429883361,12233,2,"meta_highrescanopyheight_orthophoto",0.5,"orthophoto_50cm_2025","Nord-Norge"
"NINFP1810031171",0.0229039390004326,0.0103074684739113,41044,4,"meta_highrescanopyheight_orthophoto",0.5,"orthophoto_50cm_2025","Nord-Norge"
"NINFP1810018108",0.258186183026763,0.0155927948653698,72746,11,"meta_highrescanopyheight_orthophoto",0.5,"orthophoto_50cm_2025","Nord-Norge"
"NINFP2210089513",0.0738113492182483,0.0134948035702109,4325,1,"meta_highrescanopyheight_orthophoto",0.5,"orthophoto_50cm_2025","Nord-Norge"
"NINFP2410172844",0.0649110705624673,0.0100794322788715,172523,8,"meta_highrescanopyheight_orthophoto",0.5,"orthophoto_50cm_2025","Nord-Norge"
"NINFP1910017698",1.45460563702172,0.232942491769791,7769,3,"meta_highrescanopyheight_orthophoto",0.5,"orthophoto_50cm_2025","Nord-Norge"
"NINFP2210111695",0.0483332671840999,0.010195723734796,42743,4,"meta_highrescanopyheight_orthophoto",0.5,"orthophoto_50cm_2025","Nord-Norge"
"NINFP2210078344",0.0194264310716897,0.010049439035356,74252,6,"meta_highrescanopyheight_orthophoto",0.5,"orthophoto_50cm_2025","Nord-Norge"
"NINFP2110022133",0.0944044036396122,0.0109428488649428,7340,4,"meta_highrescanopyheight_orthophoto",0.5,"orthophoto_50cm_2025","Nord-Norge"
"NINFP2010024770",0.0280478125349753,0.0106729152612388,10458,4,"meta_highrescanopyheight_orthophoto",0.5,"orthophoto_50cm_2025","Nord-Norge"
"NINFP2310143338",0.264182205597539,0.0183063121512532,154482,7,"meta_highrescanopyheight_orthophoto",0.5,"orthophoto_50cm_2025","Nord-Norge"
"NINFP2010021714",0.603319419460914,0.0258872807025909,6091,4,"meta_highrescanopyheight_orthophoto",0.5,"orthophoto_50cm_2025","Nord-Norge"
"NINFP2410156082",2.60023290797087,2.3777756690979,9761,1,"meta_highrescanopyheight_orthophoto",0.5,"orthophoto_50cm_2025","Nord-Norge"
"NINFP2510211695",0.549302874462016,0.040093407034874,7634,2,"meta_highrescanopyheight_orthophoto",0.5,"orthophoto_50cm_2025","Nord-Norge"
"NINFP2410175224",0.064775162241878,0.0102631603367627,4408,1,"meta_highrescanopyheight_orthophoto",0.5,"orthophoto_50cm_2025","Nord-Norge"
"NINFP2210077483",0.0134332178889717,0.0100536216050386,92140,6,"meta_highrescanopyheight_orthophoto",0.5,"orthophoto_50cm_2025","Nord-Norge"
"NINFP2510204749",0.0167990104551414,0.0100834779441357,32918,3,"meta_highrescanopyheight_orthophoto",0.5,"orthophoto_50cm_2025","Nord-Norge"
"NINFP2210076452",0.0259837404836998,0.0103176673874259,51049,5,"meta_highrescanopyheight_orthophoto",0.5,"orthophoto_50cm_2025","Nord-Norge"
"NINFP2410156395",0.121027354522512,0.0102218938991427,44410,5,"meta_highrescanopyheight_orthophoto",0.5,"orthophoto_50cm_2025","Nord-Norge"
"NINFP2110036266",0.0120690154463099,0.0102962255477905,40831,4,"meta_highrescanopyheight_orthophoto",0.5,"orthophoto_50cm_2025","Nord-Norge"
"NINFP1910026832",0.204585293721981,0.0101108346134424,79635,4,"meta_highrescanopyheight_orthophoto",0.5,"orthophoto_50cm_2025","Nord-Norge"
"NINFP1810034974",0.107909200726901,0.0103647764772177,40176,5,"meta_highrescanopyheight_orthophoto",0.5,"orthophoto_50cm_2025","Nord-Norge"
"NINFP1810016845",0.408506704244264,0.0116345374844968,41704,4,"meta_highrescanopyheight_orthophoto",0.5,"orthophoto_50cm_2025","Nord-Norge"
"NINFP2410157271",0.067333226546121,0.0115321418270469,5174,1,"meta_highrescanopyheight_orthophoto",0.5,"orthophoto_50cm_2025","Nord-Norge"
"NINFP1910026905",0.0100822884220372,0.0100477524101734,6339,2,"meta_highrescanopyheight_orthophoto",0.5,"orthophoto_50cm_2025","Nord-Norge"
"NINFP2310114169",1.20283905050739,0.0324898362159729,98965,7,"meta_highrescanopyheight_orthophoto",0.5,"orthophoto_50cm_2025","Nord-Norge"
"NINFP2010007252",0.98953821055192,0.0144191957078874,53796,6,"meta_highrescanopyheight_orthophoto",0.5,"orthophoto_50cm_2025","Nord-Norge"
"NINFP2410172374",0.0171158699297545,0.0101301353424788,17379,3,"meta_highrescanopyheight_orthophoto",0.5,"orthophoto_50cm_2025","Nord-Norge"
"NINFP2110042031",0.259461320381716,0.0205426141619682,47863,5,"meta_highrescanopyheight_orthophoto",0.5,"orthophoto_50cm_2025","Nord-Norge"
"NINFP2310139498",1.71569529153041,0.960896015167236,7199,2,"meta_highrescanopyheight_orthophoto",0.5,"orthophoto_50cm_2025","Nord-Norge"
"NINFP2210086287",0.140314899037765,0.0107593261636794,2516,2,"meta_highrescanopyheight_orthophoto",0.5,"orthophoto_50cm_2025","Nord-Norge"
"NINFP1810027296",1.65886675856114,0.110639333724976,11748,2,"meta_highrescanopyheight_orthophoto",0.5,"orthophoto_50cm_2025","Nord-Norge"
"NINFP2510189447",0.114338157803507,0.0101245362311602,87043,7,"meta_highrescanopyheight_orthophoto",0.5,"orthophoto_50cm_2025","Nord-Norge"
"NINFP1810035544",1.12210401948309,0.0817305259406567,15220,2,"meta_highrescanopyheight_orthophoto",0.5,"orthophoto_50cm_2025","Nord-Norge"
"NINFP2410156025",0.0605577347082185,0.0103181060403585,12396,2,"meta_highrescanopyheight_orthophoto",0.5,"orthophoto_50cm_2025","Nord-Norge"
"NINFP2010033929",0.0511300132581085,0.0106925228610635,44435,4,"meta_highrescanopyheight_orthophoto",0.5,"orthophoto_50cm_2025","Nord-Norge"
"NINFP1910019853",0.120946625686917,0.0102500719949603,130231,9,"meta_highrescanopyheight_orthophoto",0.5,"orthophoto_50cm_2025","Nord-Norge"
"NINFP2410162272",0.0275087442011138,0.0102009298279881,10381,4,"meta_highrescanopyheight_orthophoto",0.5,"orthophoto_50cm_2025","Nord-Norge"
"NINFP1810033113",0.0425420229084409,0.0102205332368612,2780313,74,"meta_highrescanopyheight_orthophoto",0.5,"orthophoto_50cm_2025","Nord-Norge"
"NINFP2210076252",0.0363672484966183,0.0103716906160116,179147,17,"meta_highrescanopyheight_orthophoto",0.5,"orthophoto_50cm_2025","Nord-Norge"
"NINFP2110030766",0.0100518535860354,0.0100252572447062,108971,7,"meta_highrescanopyheight_orthophoto",0.5,"orthophoto_50cm_2025","Nord-Norge"
"NINFP2510200196",2.91588094890135,2.7211275100708,2165,1,"meta_highrescanopyheight_orthophoto",0.5,"orthophoto_50cm_2025","Nord-Norge"
"NINFP2210089021",0.305726083185647,0.013412871863693,29182,4,"meta_highrescanopyheight_orthophoto",0.5,"orthophoto_50cm_2025","Nord-Norge"
"NINFP2010014479",1.9338948934885,0.47487173974514,47492,12,"meta_highrescanopyheight_orthophoto",0.5,"orthophoto_50cm_2025","Nord-Norge"
"NINFP2210077010",0.0165138166105888,0.0101558193564415,24827,3,"meta_highrescanopyheight_orthophoto",0.5,"orthophoto_50cm_2025","Nord-Norge"
"NINFP2010028794",0.0397920009608045,0.0101123992353678,95023,9,"meta_highrescanopyheight_orthophoto",0.5,"orthophoto_50cm_2025","Nord-Norge"
"NINFP2310131809",0.0307024355122827,0.0103008234873414,58299,5,"meta_highrescanopyheight_orthophoto",0.5,"orthophoto_50cm_2025","Nord-Norge"
"NINFP2110023896",0.074330670628685,0.0110427532345057,4771,4,"meta_highrescanopyheight_orthophoto",0.5,"orthophoto_50cm_2025","Nord-Norge"
"NINFP2010030362",5.78119967947799,5.85756492614746,11996,2,"meta_highrescanopyheight_orthophoto",0.5,"orthophoto_50cm_2025","Nord-Norge"
"NINFP2110027235",1.98834143193294,0.609359294176102,4380,1,"meta_highrescanopyheight_orthophoto",0.5,"orthophoto_50cm_2025","Nord-Norge"
"NINFP2510195018",6.8878141171068,7.52587842941284,13931,3,"meta_highrescanopyheight_orthophoto",0.5,"orthophoto_50cm_2025","Nord-Norge"
"NINFP2310136749",0.0665306299296888,0.0102509362623096,101458,6,"meta_highrescanopyheight_orthophoto",0.5,"orthophoto_50cm_2025","Nord-Norge"
"NINFP2110041382",2.1995814653797,1.56903803348541,7388,4,"meta_highrescanopyheight_orthophoto",0.5,"orthophoto_50cm_2025","Nord-Norge"
"NINFP1910040136",0.471200577505197,0.0106036495417356,5499,1,"meta_highrescanopyheight_orthophoto",0.5,"orthophoto_50cm_2025","Nord-Norge"
"NINFP2010010224",0.269053506387771,0.0107955932617188,36230,3,"meta_highrescanopyheight_orthophoto",0.5,"orthophoto_50cm_2025","Nord-Norge"
"NINFP1810036366",0.5108582280165,0.0221775267273188,61474,7,"meta_highrescanopyheight_orthophoto",0.5,"orthophoto_50cm_2025","Nord-Norge"
"NINFP2210088676",0.045307924027524,0.0105702579021454,25167,2,"meta_highrescanopyheight_orthophoto",0.5,"orthophoto_50cm_2025","Nord-Norge"
"NINFP1910014073",1.02827825443391,0.061287596821785,31225,2,"meta_highrescanopyheight_orthophoto",0.5,"orthophoto_50cm_2025","Nord-Norge"
"NINFP1810035529",1.14521139137196,0.413106113672256,14559,4,"meta_highrescanopyheight_orthophoto",0.5,"orthophoto_50cm_2025","Nord-Norge"
"NINFP2010023316",5.49729916918152,5.45544242858887,4708,2,"meta_highrescanopyheight_orthophoto",0.5,"orthophoto_50cm_2025","Nord-Norge"
"NINFP1810035548",0.695757457514324,0.023308202624321,3373,1,"meta_highrescanopyheight_orthophoto",0.5,"orthophoto_50cm_2025","Nord-Norge"
"NINFP2010013873",2.97349125733328,1.52992594242096,5904,2,"meta_highrescanopyheight_orthophoto",0.5,"orthophoto_50cm_2025","Nord-Norge"
"NINFP2010045680",0.0218923821836264,0.0101173240691423,143114,7,"meta_highrescanopyheight_orthophoto",0.5,"orthophoto_50cm_2025","Nord-Norge"
"NINFP2110043548",1.7646965071891,0.423817500472069,5548,2,"meta_highrescanopyheight_orthophoto",0.5,"orthophoto_50cm_2025","Nord-Norge"
"NINFP2410174290",1.35212792864455,0.0957239121198654,7099,4,"meta_highrescanopyheight_orthophoto",0.5,"orthophoto_50cm_2025","Nord-Norge"
"NINFP1810031208",0.573979081070243,0.0660607442259789,6683,1,"meta_highrescanopyheight_orthophoto",0.5,"orthophoto_50cm_2025","Nord-Norge"
"NINFP2410150228",0.242202933475085,0.0126628065481782,83766,5,"meta_highrescanopyheight_orthophoto",0.5,"orthophoto_50cm_2025","Nord-Norge"
"NINFP2310130290",0.0233066634826192,0.0106228906661272,4204,3,"meta_highrescanopyheight_orthophoto",0.5,"orthophoto_50cm_2025","Nord-Norge"
"NINFP1810025371",0.0406211888790615,0.010286346077919,84590,5,"meta_highrescanopyheight_orthophoto",0.5,"orthophoto_50cm_2025","Nord-Norge"
"NINFP1810022677",0.364945194074794,0.0112709822133183,63671,5,"meta_highrescanopyheight_orthophoto",0.5,"orthophoto_50cm_2025","Nord-Norge"
"NINFP2210108050",0.105958696648768,0.0103319957852364,9073,1,"meta_highrescanopyheight_orthophoto",0.5,"orthophoto_50cm_2025","Nord-Norge"
"NINFP2110056560",0.0100580931104527,0.0100544807501137,4724,4,"meta_highrescanopyheight_orthophoto",0.5,"orthophoto_50cm_2025","Nord-Norge"
"NINFP2010021705",0.0926874249693433,0.0119315972551703,4504,4,"meta_highrescanopyheight_orthophoto",0.5,"orthophoto_50cm_2025","Nord-Norge"
"NINFP1810047163",0.0310320611632141,0.0101823983713984,28778,4,"meta_highrescanopyheight_orthophoto",0.5,"orthophoto_50cm_2025","Nord-Norge"
"NINFP2210086060",0.282522508167148,0.0111634032800794,24080,3,"meta_highrescanopyheight_orthophoto",0.5,"orthophoto_50cm_2025","Nord-Norge"
"NINFP2310130404",0.0129206156988013,0.0101438807323575,20469,4,"meta_highrescanopyheight_orthophoto",0.5,"orthophoto_50cm_2025","Nord-Norge"
"NINFP2410161085",0.104316402263031,0.0106868511065841,17143,2,"meta_highrescanopyheight_orthophoto",0.5,"orthophoto_50cm_2025","Nord-Norge"
"NINFP2110054972",0.0614364164538177,0.0104547273367643,13993,3,"meta_highrescanopyheight_orthophoto",0.5,"orthophoto_50cm_2025","Nord-Norge"
"NINFP1810035865",3.46484283497925,3.03429126739502,4181,2,"meta_highrescanopyheight_orthophoto",0.5,"orthophoto_50cm_2025","Nord-Norge"
"NINFP2010013461",0.213185454942473,0.0101926624774933,27144,2,"meta_highrescanopyheight_orthophoto",0.5,"orthophoto_50cm_2025","Nord-Norge"
"NINFP2010013878",3.39667616426945,1.41180980205536,31075,6,"meta_highrescanopyheight_orthophoto",0.5,"orthophoto_50cm_2025","Nord-Norge"
"NINFP2510203915",0.113546887405804,0.0109162516891956,4071,2,"meta_highrescanopyheight_orthophoto",0.5,"orthophoto_50cm_2025","Nord-Norge"
"NINFP2410157439",0.023227698866053,0.0102685838937759,3346,2,"meta_highrescanopyheight_orthophoto",0.5,"orthophoto_50cm_2025","Nord-Norge"
"NINFP2410174808",0.368122332881763,0.0156128294765949,28142,4,"meta_highrescanopyheight_orthophoto",0.5,"orthophoto_50cm_2025","Nord-Norge"
"NINFP2010039006",0.249115558911237,0.0114057017490268,8441,1,"meta_highrescanopyheight_orthophoto",0.5,"orthophoto_50cm_2025","Nord-Norge"
"NINFP2210093913",0.0401947908353641,0.0103356894105673,69763,6,"meta_highrescanopyheight_orthophoto",0.5,"orthophoto_50cm_2025","Nord-Norge"
"NINFP2510196086",0.0100498149100889,0.010031190700829,172325,8,"meta_highrescanopyheight_orthophoto",0.5,"orthophoto_50cm_2025","Nord-Norge"
"NINFP2010030559",0.470556081444145,0.0160166583955288,19280,4,"meta_highrescanopyheight_orthophoto",0.5,"orthophoto_50cm_2025","Nord-Norge"
"NINFP1810043040",0.27444190607047,0.0104074706323445,40076,4,"meta_highrescanopyheight_orthophoto",0.5,"orthophoto_50cm_2025","Nord-Norge"
"NINFP2510205690",1.16771272709839,0.0784802995622158,5684,1,"meta_highrescanopyheight_orthophoto",0.5,"orthophoto_50cm_2025","Nord-Norge"
"NINFP2110051252",0.190295536368363,0.010761933401227,9545,4,"meta_highrescanopyheight_orthophoto",0.5,"orthophoto_50cm_2025","Nord-Norge"
"NINFP2310137701",0.689736195082556,0.0139584108255804,25958,2,"meta_highrescanopyheight_orthophoto",0.5,"orthophoto_50cm_2025","Nord-Norge"
"NINFP2010014043",0.0712500029953505,0.0109604857861996,10157,1,"meta_highrescanopyheight_orthophoto",0.5,"orthophoto_50cm_2025","Nord-Norge"
"NINFP2110022296",6.38321705302532,6.62095212936401,10558,4,"meta_highrescanopyheight_orthophoto",0.5,"orthophoto_50cm_2025","Nord-Norge"
"NINFP1910018740",0.700643985436986,0.040512777864933,9153,2,"meta_highrescanopyheight_orthophoto",0.5,"orthophoto_50cm_2025","Nord-Norge"
"NINFP1910012657",0.110021031974752,0.0106458137743175,127954,12,"meta_highrescanopyheight_orthophoto",0.5,"orthophoto_50cm_2025","Nord-Norge"
"NINFP2110020587",0.628600690757034,0.100888676941395,4565,2,"meta_highrescanopyheight_orthophoto",0.5,"orthophoto_50cm_2025","Nord-Norge"
"NINFP2110041611",0.3059192553352,0.0180221553891897,32518,5,"meta_highrescanopyheight_orthophoto",0.5,"orthophoto_50cm_2025","Nord-Norge"
"NINFP2110018825",0.159772492886145,0.0118409032002091,4148,1,"meta_highrescanopyheight_orthophoto",0.5,"orthophoto_50cm_2025","Nord-Norge"
"NINFP1810030371",0.11852362267183,0.0106749888509512,403729,16,"meta_highrescanopyheight_orthophoto",0.5,"orthophoto_50cm_2025","Nord-Norge"
"NINFP2510207828",0.977508644645687,0.262118130922318,14518,1,"meta_highrescanopyheight_orthophoto",0.5,"orthophoto_50cm_2025","Nord-Norge"
"NINFP2010035419",1.32878568409039,0.078687772154808,31197,5,"meta_highrescanopyheight_orthophoto",0.5,"orthophoto_50cm_2025","Nord-Norge"
"NINFP2510204247",0.0331372598017107,0.0101040117442608,11185,4,"meta_highrescanopyheight_orthophoto",0.5,"orthophoto_50cm_2025","Nord-Norge"
"NINFP2410162874",0.0107499533037777,0.0105225583538413,5507,2,"meta_highrescanopyheight_orthophoto",0.5,"orthophoto_50cm_2025","Nord-Norge"
"NINFP2410172687",0.0558968734180426,0.0102051408030093,17396,1,"meta_highrescanopyheight_orthophoto",0.5,"orthophoto_50cm_2025","Nord-Norge"
"NINFP2110036501",0.0111579347849791,0.0102138184010983,52403,4,"meta_highrescanopyheight_orthophoto",0.5,"orthophoto_50cm_2025","Nord-Norge"
"NINFP1810038348",1.27940008974076,0.353424817323685,2064,2,"meta_highrescanopyheight_orthophoto",0.5,"orthophoto_50cm_2025","Nord-Norge"
"NINFP1810025422",3.76438081078083,4.20654106140137,7559,2,"meta_highrescanopyheight_orthophoto",0.5,"orthophoto_50cm_2025","Nord-Norge"
"NINFP2210086259",0.544588574685841,0.0164717854931951,8402,2,"meta_highrescanopyheight_orthophoto",0.5,"orthophoto_50cm_2025","Nord-Norge"
"NINFP2310116313",0.0380603018616305,0.0100549012422562,115372,5,"meta_highrescanopyheight_orthophoto",0.5,"orthophoto_50cm_2025","Nord-Norge"
"NINFP2010025732",1.70485394396467,0.639615654945374,8953,3,"meta_highrescanopyheight_orthophoto",0.5,"orthophoto_50cm_2025","Nord-Norge"
"NINFP2510185766",0.0686395927602254,0.0101290792226791,280505,12,"meta_highrescanopyheight_orthophoto",0.5,"orthophoto_50cm_2025","Nord-Norge"
"NINFP1910023461",0.424491825444398,0.0156735554337502,15409,2,"meta_highrescanopyheight_orthophoto",0.5,"orthophoto_50cm_2025","Nord-Norge"
"NINFP1810036357",1.20592518007766,0.364246308803558,28618,7,"meta_highrescanopyheight_orthophoto",0.5,"orthophoto_50cm_2025","Nord-Norge"
"NINFP2010020201",0.286626603890907,0.0106566622853279,200656,10,"meta_highrescanopyheight_orthophoto",0.5,"orthophoto_50cm_2025","Nord-Norge"
"NINFP2110021971",0.238391531709085,0.011550392024219,4361,1,"meta_highrescanopyheight_orthophoto",0.5,"orthophoto_50cm_2025","Nord-Norge"
"NINFP2410174716",0.0605445181310804,0.0120731117203832,4679,2,"meta_highrescanopyheight_orthophoto",0.5,"orthophoto_50cm_2025","Nord-Norge"
"NINFP2410161619",0.0436068059999186,0.0104682873934507,40025,5,"meta_highrescanopyheight_orthophoto",0.5,"orthophoto_50cm_2025","Nord-Norge"
"NINFP2410154231",2.40709769375175,0.930858671665192,39792,4,"meta_highrescanopyheight_orthophoto",0.5,"orthophoto_50cm_2025","Nord-Norge"
"NINFP2110020409",0.61899948162795,0.0110649103298783,27018,2,"meta_highrescanopyheight_orthophoto",0.5,"orthophoto_50cm_2025","Nord-Norge"
"NINFP2010007459",0.552153910779054,0.0104158651083708,49949,4,"meta_highrescanopyheight_orthophoto",0.5,"orthophoto_50cm_2025","Nord-Norge"
"NINFP1810022411",0.558911317397709,0.0476561896502972,8852,2,"meta_highrescanopyheight_orthophoto",0.5,"orthophoto_50cm_2025","Nord-Norge"
"NINFP2410161628",0.0898513821443251,0.0102567225694656,93335,8,"meta_highrescanopyheight_orthophoto",0.5,"orthophoto_50cm_2025","Nord-Norge"
"NINFP2210113750",4.25389580099118,4.01013851165771,5809,1,"meta_highrescanopyheight_orthophoto",0.5,"orthophoto_50cm_2025","Nord-Norge"
"NINFP2010038672",0.433453067620549,0.0180879104882479,7813,1,"meta_highrescanopyheight_orthophoto",0.5,"orthophoto_50cm_2025","Nord-Norge"
"NINFP2010007328",0.0184506834581695,0.0100858071818948,137024,6,"meta_highrescanopyheight_orthophoto",0.5,"orthophoto_50cm_2025","Nord-Norge"
"NINFP2010025354",0.204448763007089,0.0122713185846806,4969,1,"meta_highrescanopyheight_orthophoto",0.5,"orthophoto_50cm_2025","Nord-Norge"
"NINFP2310135247",0.0425599350412244,0.0101811811327934,6257,2,"meta_highrescanopyheight_orthophoto",0.5,"orthophoto_50cm_2025","Nord-Norge"
"NINFP2210076242",0.0108591123305357,0.0101531641557813,41022,4,"meta_highrescanopyheight_orthophoto",0.5,"orthophoto_50cm_2025","Nord-Norge"
"NINFP2010021662",1.21688573165583,0.0777649879455566,58611,4,"meta_highrescanopyheight_orthophoto",0.5,"orthophoto_50cm_2025","Nord-Norge"
"NINFP2110018362",0.149657455712764,0.0104400315321982,45756,5,"meta_highrescanopyheight_orthophoto",0.5,"orthophoto_50cm_2025","Nord-Norge"
"NINFP1810038268",1.06968369316435,0.120358560234308,86390,6,"meta_highrescanopyheight_orthophoto",0.5,"orthophoto_50cm_2025","Nord-Norge"
"NINFP1910012660",0.567478338240697,0.0221084412187338,47921,2,"meta_highrescanopyheight_orthophoto",0.5,"orthophoto_50cm_2025","Nord-Norge"
"NINFP2210105588",4.405142341758,3.51022148132324,12194,3,"meta_highrescanopyheight_orthophoto",0.5,"orthophoto_50cm_2025","Nord-Norge"
"NINFP2210077682",0.0107930960907608,0.010034067556262,323718,15,"meta_highrescanopyheight_orthophoto",0.5,"orthophoto_50cm_2025","Nord-Norge"
"NINFP2310130196",0.0141176854469832,0.0104950265958905,8617,2,"meta_highrescanopyheight_orthophoto",0.5,"orthophoto_50cm_2025","Nord-Norge"
"NINFP2210073368",0.0579723635238444,0.0104392594657838,6830,2,"meta_highrescanopyheight_orthophoto",0.5,"orthophoto_50cm_2025","Nord-Norge"
"NINFP1910058087",0.0186942977505744,0.0100495126098394,151717,7,"meta_highrescanopyheight_orthophoto",0.5,"orthophoto_50cm_2025","Nord-Norge"
"NINFP2010023550",0.012886810358675,0.0102785276249051,25532,4,"meta_highrescanopyheight_orthophoto",0.5,"orthophoto_50cm_2025","Nord-Norge"
"NINFP2210100367",0.166369021537395,0.0110457334667444,13634,4,"meta_highrescanopyheight_orthophoto",0.5,"orthophoto_50cm_2025","Nord-Norge"
"NINFP2410174471",0.0218847280148223,0.010180807672441,34478,4,"meta_highrescanopyheight_orthophoto",0.5,"orthophoto_50cm_2025","Nord-Norge"
"NINFP2210099774",0.0518279333857393,0.0103460215032101,15104,4,"meta_highrescanopyheight_orthophoto",0.5,"orthophoto_50cm_2025","Nord-Norge"
"NINFP2010034005",0.0614561741040575,0.0104711446911097,8206,4,"meta_highrescanopyheight_orthophoto",0.5,"orthophoto_50cm_2025","Nord-Norge"
"NINFP2310130295",0.0175583320524606,0.0103179626166821,8369,3,"meta_highrescanopyheight_orthophoto",0.5,"orthophoto_50cm_2025","Nord-Norge"
"NINFP1810033039",0.311812673315469,0.0122987031936646,35251,5,"meta_highrescanopyheight_orthophoto",0.5,"orthophoto_50cm_2025","Nord-Norge"
"NINFP2110049883",0.864899760247384,0.012669974938035,16847,4,"meta_highrescanopyheight_orthophoto",0.5,"orthophoto_50cm_2025","Nord-Norge"
"NINFP2410173648",0.0312110328648865,0.0100765572860837,175191,11,"meta_highrescanopyheight_orthophoto",0.5,"orthophoto_50cm_2025","Nord-Norge"
"NINFP2010021898",0.0148948636796548,0.0100986389443278,179819,9,"meta_highrescanopyheight_orthophoto",0.5,"orthophoto_50cm_2025","Nord-Norge"
"NINFP2310133607",2.5558768841192,0.45857372879982,119770,6,"meta_highrescanopyheight_orthophoto",0.5,"orthophoto_50cm_2025","Nord-Norge"
"NINFP2310136861",0.329803454134224,0.0126462047919631,6700,1,"meta_highrescanopyheight_orthophoto",0.5,"orthophoto_50cm_2025","Nord-Norge"
"NINFP1910025235",0.385657814697953,0.0109856659546494,55478,5,"meta_highrescanopyheight_orthophoto",0.5,"orthophoto_50cm_2025","Nord-Norge"
"NINFP2210102393",3.53183987420755,2.66196990013123,10842,4,"meta_highrescanopyheight_orthophoto",0.5,"orthophoto_50cm_2025","Nord-Norge"
"NINFP2410151654",0.0200532222167774,0.0102490466088057,58400,5,"meta_highrescanopyheight_orthophoto",0.5,"orthophoto_50cm_2025","Nord-Norge"
"NINFP2010026284",3.71675484514137,1.66973602771759,7947,1,"meta_highrescanopyheight_orthophoto",0.5,"orthophoto_50cm_2025","Nord-Norge"
"NINFP1910026818",0.0119762479703157,0.0100742597132921,31761,2,"meta_highrescanopyheight_orthophoto",0.5,"orthophoto_50cm_2025","Nord-Norge"
"NINFP1810036375",0.0387888164115683,0.0105220256373286,2299,2,"meta_highrescanopyheight_orthophoto",0.5,"orthophoto_50cm_2025","Nord-Norge"
"NINFP2110022124",0.250097999375857,0.0110234371386468,4618,2,"meta_highrescanopyheight_orthophoto",0.5,"orthophoto_50cm_2025","Nord-Norge"
"NINFP1910016673",1.18548589647821,0.0439230185002089,5486,2,"meta_highrescanopyheight_orthophoto",0.5,"orthophoto_50cm_2025","Nord-Norge"
"NINFP2010025590",3.94529658749483,4.27157545089722,4197,2,"meta_highrescanopyheight_orthophoto",0.5,"orthophoto_50cm_2025","Nord-Norge"
"NINFP2310131630",0.0201581078043462,0.0102696130052209,5262,1,"meta_highrescanopyheight_orthophoto",0.5,"orthophoto_50cm_2025","Nord-Norge"
"NINFP1910033105",1.06669139163628,0.0109018189832568,105269,6,"meta_highrescanopyheight_orthophoto",0.5,"orthophoto_50cm_2025","Nord-Norge"
"NINFP2110020967",0.225963904988137,0.0107201104983687,27955,6,"meta_highrescanopyheight_orthophoto",0.5,"orthophoto_50cm_2025","Nord-Norge"
"NINFP2510192942",0.854100722572495,0.0760364197194576,6834,2,"meta_highrescanopyheight_orthophoto",0.5,"orthophoto_50cm_2025","Nord-Norge"
"NINFP2110019352",0.184646772189622,0.010534293949604,54816,5,"meta_highrescanopyheight_orthophoto",0.5,"orthophoto_50cm_2025","Nord-Norge"
"NINFP2410157266",0.117562992907866,0.0106474421918392,7449,3,"meta_highrescanopyheight_orthophoto",0.5,"orthophoto_50cm_2025","Nord-Norge"
"NINFP2210100125",0.0388817525466108,0.0102673936635256,61654,5,"meta_highrescanopyheight_orthophoto",0.5,"orthophoto_50cm_2025","Nord-Norge"
"NINFP2210077907",0.317657798125867,0.0111754629760981,40679,3,"meta_highrescanopyheight_orthophoto",0.5,"orthophoto_50cm_2025","Nord-Norge"
"NINFP2010009537",0.0288624179032752,0.0101376161910594,57682,4,"meta_highrescanopyheight_orthophoto",0.5,"orthophoto_50cm_2025","Nord-Norge"
"NINFP2210086471",0.15189194776363,0.010405033826828,58992,2,"meta_highrescanopyheight_orthophoto",0.5,"orthophoto_50cm_2025","Nord-Norge"
"NINFP1810035288",0.68017044318091,0.0603155568242073,188157,12,"meta_highrescanopyheight_orthophoto",0.5,"orthophoto_50cm_2025","Nord-Norge"
"NINFP1910033449",0.0585303062999793,0.010094691067934,185567,11,"meta_highrescanopyheight_orthophoto",0.5,"orthophoto_50cm_2025","Nord-Norge"
"NINFP2210082293",0.0126088569307794,0.0100780762732029,160111,12,"meta_highrescanopyheight_orthophoto",0.5,"orthophoto_50cm_2025","Nord-Norge"
"NINFP2510189101",0.113242917413266,0.010117675177753,379747,17,"meta_highrescanopyheight_orthophoto",0.5,"orthophoto_50cm_2025","Nord-Norge"
"NINFP2410174176",0.121838795734317,0.0104410201311111,41213,4,"meta_highrescanopyheight_orthophoto",0.5,"orthophoto_50cm_2025","Nord-Norge"
"NINFP1810018957",0.039915205690112,0.0101718949154019,75598,4,"meta_highrescanopyheight_orthophoto",0.5,"orthophoto_50cm_2025","Nord-Norge"
"NINFP2010022208",0.311881324181674,0.0128240427002311,602855,19,"meta_highrescanopyheight_orthophoto",0.5,"orthophoto_50cm_2025","Nord-Norge"
"NINFP2210103679",0.014383163897134,0.0101788779720664,47482,4,"meta_highrescanopyheight_orthophoto",0.5,"orthophoto_50cm_2025","Nord-Norge"
"NINFP2110024394",0.0864225540004093,0.0104827675968409,12166,2,"meta_highrescanopyheight_orthophoto",0.5,"orthophoto_50cm_2025","Nord-Norge"
"NINFP2310132444",0.0171333969384072,0.010314385406673,28974,3,"meta_highrescanopyheight_orthophoto",0.5,"orthophoto_50cm_2025","Nord-Norge"
"NINFP2510197685",0.0331133420507993,0.0111606456339359,10080,5,"meta_highrescanopyheight_orthophoto",0.5,"orthophoto_50cm_2025","Nord-Norge"
"NINFP2110027415",2.4489312117579,1.60604983568192,4784,2,"meta_highrescanopyheight_orthophoto",0.5,"orthophoto_50cm_2025","Nord-Norge"
"NINFP2110024728",4.89573483227146,5.07647824287415,10794,2,"meta_highrescanopyheight_orthophoto",0.5,"orthophoto_50cm_2025","Nord-Norge"
"NINFP2510204855",0.289689427729953,0.0268428083509207,58164,4,"meta_highrescanopyheight_orthophoto",0.5,"orthophoto_50cm_2025","Nord-Norge"
"NINFP2210099858",0.0376778648977519,0.010353728197515,30579,2,"meta_highrescanopyheight_orthophoto",0.5,"orthophoto_50cm_2025","Nord-Norge"
"NINFP2110022034",0.0726822991435384,0.0101722124963999,48677,5,"meta_highrescanopyheight_orthophoto",0.5,"orthophoto_50cm_2025","Nord-Norge"
"NINFP1810042370",1.0984729647637,0.0166789200156927,64926,5,"meta_highrescanopyheight_orthophoto",0.5,"orthophoto_50cm_2025","Nord-Norge"
"NINFP2410162886",3.38521919323423,2.9380589723587,5974,2,"meta_highrescanopyheight_orthophoto",0.5,"orthophoto_50cm_2025","Nord-Norge"
"NINFP2310139014",2.28982096609454,1.10790568590164,6434,2,"meta_highrescanopyheight_orthophoto",0.5,"orthophoto_50cm_2025","Nord-Norge"
"NINFP2010019104",1.61724445022515,0.145992316305637,7622,2,"meta_highrescanopyheight_orthophoto",0.5,"orthophoto_50cm_2025","Nord-Norge"
"NINFP2410157450",0.736643157398711,0.0128281433135271,20179,2,"meta_highrescanopyheight_orthophoto",0.5,"orthophoto_50cm_2025","Nord-Norge"
"NINFP1910019910",0.122159042222181,0.0102017894387245,34081,4,"meta_highrescanopyheight_orthophoto",0.5,"orthophoto_50cm_2025","Nord-Norge"
"NINFP1810034721",0.490196208542716,0.022358812391758,83511,7,"meta_highrescanopyheight_orthophoto",0.5,"orthophoto_50cm_2025","Nord-Norge"
"NINFP2210103490",0.065540437350817,0.0109699983149767,41797,4,"meta_highrescanopyheight_orthophoto",0.5,"orthophoto_50cm_2025","Nord-Norge"
"NINFP2010026318",0.350616206365302,0.0160882072523236,43684,5,"meta_highrescanopyheight_orthophoto",0.5,"orthophoto_50cm_2025","Nord-Norge"
"NINFP2010022177",0.140939210922721,0.0172194316983223,4503,2,"meta_highrescanopyheight_orthophoto",0.5,"orthophoto_50cm_2025","Nord-Norge"
"NINFP1910018772",0.0268536855624996,0.0101631619036198,14817,2,"meta_highrescanopyheight_orthophoto",0.5,"orthophoto_50cm_2025","Nord-Norge"
"NINFP2410176975",0.0107007703095429,0.010259878821671,7816,2,"meta_highrescanopyheight_orthophoto",0.5,"orthophoto_50cm_2025","Nord-Norge"
"NINFP2510211184",0.0118091073850816,0.0100769363343716,46694,6,"meta_highrescanopyheight_orthophoto",0.5,"orthophoto_50cm_2025","Nord-Norge"
"NINFP1810030377",0.143424053260386,0.0108419260941446,100506,9,"meta_highrescanopyheight_orthophoto",0.5,"orthophoto_50cm_2025","Nord-Norge"
"NINFP2510204677",0.106010300269692,0.010718597099185,4221,2,"meta_highrescanopyheight_orthophoto",0.5,"orthophoto_50cm_2025","Nord-Norge"
"NINFP2410161625",0.0533076010291122,0.0102794673293829,70918,6,"meta_highrescanopyheight_orthophoto",0.5,"orthophoto_50cm_2025","Nord-Norge"
"NINFP2510200578",0.0109760273294977,0.0100405225530267,96460,5,"meta_highrescanopyheight_orthophoto",0.5,"orthophoto_50cm_2025","Nord-Norge"
"NINFP2210104413",0.0149001037150773,0.0102154733613133,12054,3,"meta_highrescanopyheight_orthophoto",0.5,"orthophoto_50cm_2025","Nord-Norge"
"NINFP2510205016",1.7759348584128,0.829600661993027,6338,2,"meta_highrescanopyheight_orthophoto",0.5,"orthophoto_50cm_2025","Nord-Norge"
"NINFP1810034608",0.0100496372707733,0.0100489151664078,82,1,"meta_highrescanopyheight_orthophoto",0.5,"orthophoto_50cm_2025","Nord-Norge"
"NINFP1810034589",0.835211906304878,0.0898083969950676,7770,3,"meta_highrescanopyheight_orthophoto",0.5,"orthophoto_50cm_2025","Nord-Norge"
"NINFP2410173385",0.106615867902215,0.0102213807404041,44539,5,"meta_highrescanopyheight_orthophoto",0.5,"orthophoto_50cm_2025","Nord-Norge"
"NINFP2510206378",0.564341716291802,0.133899003267288,40955,5,"meta_highrescanopyheight_orthophoto",0.5,"orthophoto_50cm_2025","Nord-Norge"
"NINFP2010021663",3.78205496722822,3.85047674179077,4176,2,"meta_highrescanopyheight_orthophoto",0.5,"orthophoto_50cm_2025","Nord-Norge"
"NINFP1810029458",0.339540782728523,0.0145885543897748,8681,3,"meta_highrescanopyheight_orthophoto",0.5,"orthophoto_50cm_2025","Nord-Norge"
"NINFP2510186167",0.0210565136120803,0.010065533220768,330612,16,"meta_highrescanopyheight_orthophoto",0.5,"orthophoto_50cm_2025","Nord-Norge"
"NINFP1810030782",0.123979136594907,0.0104540940374136,111765,9,"meta_highrescanopyheight_orthophoto",0.5,"orthophoto_50cm_2025","Nord-Norge"
"NINFP1810038341",1.52841482140066,0.274539828300476,2905,1,"meta_highrescanopyheight_orthophoto",0.5,"orthophoto_50cm_2025","Nord-Norge"
"NINFP2510185957",0.495983983675558,0.0290520694106817,2903,2,"meta_highrescanopyheight_orthophoto",0.5,"orthophoto_50cm_2025","Nord-Norge"
"NINFP2410165911",0.224778340775656,0.0104389395564795,40721,5,"meta_highrescanopyheight_orthophoto",0.5,"orthophoto_50cm_2025","Nord-Norge"
"NINFP2510204265",0.0598913111837499,0.0107442270964384,4979,2,"meta_highrescanopyheight_orthophoto",0.5,"orthophoto_50cm_2025","Nord-Norge"
"NINFP2210099109",0.366883409065571,0.010865184944123,4722,2,"meta_highrescanopyheight_orthophoto",0.5,"orthophoto_50cm_2025","Nord-Norge"
"NINFP2510211078",0.0205168124359128,0.0100399181246758,51007,4,"meta_highrescanopyheight_orthophoto",0.5,"orthophoto_50cm_2025","Nord-Norge"
"NINFP1910017544",0.0276830866860915,0.0101626124233007,55397,5,"meta_highrescanopyheight_orthophoto",0.5,"orthophoto_50cm_2025","Nord-Norge"
"NINFP1810017839",0.290714137050751,0.0338558852672577,10243,3,"meta_highrescanopyheight_orthophoto",0.5,"orthophoto_50cm_2025","Nord-Norge"
"NINFP2410173363",0.986906526073693,0.0511401891708374,12978,3,"meta_highrescanopyheight_orthophoto",0.5,"orthophoto_50cm_2025","Nord-Norge"
"NINFP2010014198",3.32456482267735,3.56785249710083,2673,1,"meta_highrescanopyheight_orthophoto",0.5,"orthophoto_50cm_2025","Nord-Norge"
"NINFP2410156478",0.0833879411783188,0.0102148652076721,20691,3,"meta_highrescanopyheight_orthophoto",0.5,"orthophoto_50cm_2025","Nord-Norge"
"NINFP2010029232",0.0159756703053733,0.010529606603086,26471,3,"meta_highrescanopyheight_orthophoto",0.5,"orthophoto_50cm_2025","Nord-Norge"
"NINFP2210100062",0.0178119837961873,0.01029944838956,29740,4,"meta_highrescanopyheight_orthophoto",0.5,"orthophoto_50cm_2025","Nord-Norge"
"NINFP1810034748",0.0291256657613082,0.010085023008287,340265,18,"meta_highrescanopyheight_orthophoto",0.5,"orthophoto_50cm_2025","Nord-Norge"
"NINFP2010023491",0.291925097948514,0.010449493303895,36686,3,"meta_highrescanopyheight_orthophoto",0.5,"orthophoto_50cm_2025","Nord-Norge"
"NINFP2310129542",0.0219473867256377,0.0101208398118615,64995,6,"meta_highrescanopyheight_orthophoto",0.5,"orthophoto_50cm_2025","Nord-Norge"
"NINFP1910032797",0.923327814325858,0.0395433846861124,5024,2,"meta_highrescanopyheight_orthophoto",0.5,"orthophoto_50cm_2025","Nord-Norge"
"NINFP2210078507",0.0890370705799054,0.0104799326509237,94405,8,"meta_highrescanopyheight_orthophoto",0.5,"orthophoto_50cm_2025","Nord-Norge"
"NINFP2210088389",0.080358866191942,0.0104180905036628,149258,10,"meta_highrescanopyheight_orthophoto",0.5,"orthophoto_50cm_2025","Nord-Norge"
"NINFP2110020824",0.104703090035127,0.0120551660656929,5619,2,"meta_highrescanopyheight_orthophoto",0.5,"orthophoto_50cm_2025","Nord-Norge"
"NINFP2410150127",0.158167868671749,0.0101586300879717,31328,2,"meta_highrescanopyheight_orthophoto",0.5,"orthophoto_50cm_2025","Nord-Norge"
"NINFP2510197096",0.204284577976791,0.0144872171804309,5112,2,"meta_highrescanopyheight_orthophoto",0.5,"orthophoto_50cm_2025","Nord-Norge"
"NINFP2110036102",0.0107115529551262,0.0101041179150343,69888,4,"meta_highrescanopyheight_orthophoto",0.5,"orthophoto_50cm_2025","Nord-Norge"
"NINFP1810038338",2.85324838342546,2.12620043754578,79,1,"meta_highrescanopyheight_orthophoto",0.5,"orthophoto_50cm_2025","Nord-Norge"
"NINFP2310123669",0.476873766383367,0.0128461089916527,20540,3,"meta_highrescanopyheight_orthophoto",0.5,"orthophoto_50cm_2025","Nord-Norge"
"NINFP2110036068",0.0100431456112464,0.0100384107790887,46126,4,"meta_highrescanopyheight_orthophoto",0.5,"orthophoto_50cm_2025","Nord-Norge"
"NINFP2410174377",0.0115815347071788,0.010134213604033,563931,21,"meta_highrescanopyheight_orthophoto",0.5,"orthophoto_50cm_2025","Nord-Norge"
"NINFP2510186704",0.0277238609283419,0.0100901583209634,50651,4,"meta_highrescanopyheight_orthophoto",0.5,"orthophoto_50cm_2025","Nord-Norge"
"NINFP2010045682",0.0837207805047212,0.0104013374075294,21407,3,"meta_highrescanopyheight_orthophoto",0.5,"orthophoto_50cm_2025","Nord-Norge"
"NINFP2010045678",0.738351101582268,0.0108054522424936,8630,4,"meta_highrescanopyheight_orthophoto",0.5,"orthophoto_50cm_2025","Nord-Norge"
"NINFP2410160463",6.21091515605317,6.55379486083984,5452,4,"meta_highrescanopyheight_orthophoto",0.5,"orthophoto_50cm_2025","Nord-Norge"
"NINFP2410150393",0.331709303301345,0.0194758865982294,195704,15,"meta_highrescanopyheight_orthophoto",0.5,"orthophoto_50cm_2025","Nord-Norge"
"NINFP1910023449",0.596237483648281,0.0127489678561687,4219,2,"meta_highrescanopyheight_orthophoto",0.5,"orthophoto_50cm_2025","Nord-Norge"
"NINFP2010040669",1.52524996673781,1.1495988368988,1393,2,"meta_highrescanopyheight_orthophoto",0.5,"orthophoto_50cm_2025","Nord-Norge"
"NINFP1810016212",0.0384490071530993,0.0101430108770728,207147,9,"meta_highrescanopyheight_orthophoto",0.5,"orthophoto_50cm_2025","Nord-Norge"
"NINFP1810036333",1.26680937026768,0.467929482460022,6452,3,"meta_highrescanopyheight_orthophoto",0.5,"orthophoto_50cm_2025","Nord-Norge"
"NINFP2410154474",0.0287284689996829,0.0100633846595883,173556,9,"meta_highrescanopyheight_orthophoto",0.5,"orthophoto_50cm_2025","Nord-Norge"
"NINFP2210099123",4.94370919875199,5.17752814292908,4274,2,"meta_highrescanopyheight_orthophoto",0.5,"orthophoto_50cm_2025","Nord-Norge"
"NINFP2310129749",1.35807214797512,0.478707984089851,16756,4,"meta_highrescanopyheight_orthophoto",0.5,"orthophoto_50cm_2025","Nord-Norge"
"NINFP2510201087",1.1609741828795,0.0397012569010258,5867,2,"meta_highrescanopyheight_orthophoto",0.5,"orthophoto_50cm_2025","Nord-Norge"
"NINFP2010030023",0.0216922078822189,0.0102425222285092,3818,2,"meta_highrescanopyheight_orthophoto",0.5,"orthophoto_50cm_2025","Nord-Norge"
"NINFP2010038667",0.178785896581859,0.011010404676199,55681,7,"meta_highrescanopyheight_orthophoto",0.5,"orthophoto_50cm_2025","Nord-Norge"
"NINFP2310124942",0.380563563218254,0.0108677707612514,55649,6,"meta_highrescanopyheight_orthophoto",0.5,"orthophoto_50cm_2025","Nord-Norge"
"NINFP2010026456",1.76276213894969,0.663121074438095,1808,2,"meta_highrescanopyheight_orthophoto",0.5,"orthophoto_50cm_2025","Nord-Norge"
"NINFP1910026914",0.0566605162502836,0.0102641494013369,4320,2,"meta_highrescanopyheight_orthophoto",0.5,"orthophoto_50cm_2025","Nord-Norge"
"NINFP2310129748",4.51833294533367,4.41060447692871,5869,2,"meta_highrescanopyheight_orthophoto",0.5,"orthophoto_50cm_2025","Nord-Norge"
"NINFP2410157051",0.0367083568442134,0.0104682771489024,72492,6,"meta_highrescanopyheight_orthophoto",0.5,"orthophoto_50cm_2025","Nord-Norge"
"NINFP1810016196",1.18524960873886,0.238373428583145,27423,4,"meta_highrescanopyheight_orthophoto",0.5,"orthophoto_50cm_2025","Nord-Norge"
"NINFP2410174227",0.115191306336668,0.0104206455871463,28316,2,"meta_highrescanopyheight_orthophoto",0.5,"orthophoto_50cm_2025","Nord-Norge"
"NINFP2110046210",0.041743635840515,0.0102041615173221,53268,4,"meta_highrescanopyheight_orthophoto",0.5,"orthophoto_50cm_2025","Nord-Norge"
"NINFP2210086466",0.563327303188226,0.0218165256083012,42329,4,"meta_highrescanopyheight_orthophoto",0.5,"orthophoto_50cm_2025","Nord-Norge"
"NINFP2210088923",0.120314182013905,0.0104019865393639,4729,1,"meta_highrescanopyheight_orthophoto",0.5,"orthophoto_50cm_2025","Nord-Norge"
"NINFP2010036720",0.0325457109673353,0.0108563895337284,1236,2,"meta_highrescanopyheight_orthophoto",0.5,"orthophoto_50cm_2025","Nord-Norge"
"NINFP2410156417",0.092315685587083,0.0115956370718777,4378,1,"meta_highrescanopyheight_orthophoto",0.5,"orthophoto_50cm_2025","Nord-Norge"
"NINFP2010031291",0.336215769725724,0.014335690997541,2501,2,"meta_highrescanopyheight_orthophoto",0.5,"orthophoto_50cm_2025","Nord-Norge"
"NINFP2210084307",0.046153029078976,0.011388074606657,73300,6,"meta_highrescanopyheight_orthophoto",0.5,"orthophoto_50cm_2025","Nord-Norge"
"NINFP2110025736",0.768585220574716,0.0121774571016431,10392,2,"meta_highrescanopyheight_orthophoto",0.5,"orthophoto_50cm_2025","Nord-Norge"
"NINFP1910034415",0.231861128833063,0.0175650250166655,6883,2,"meta_highrescanopyheight_orthophoto",0.5,"orthophoto_50cm_2025","Nord-Norge"
"NINFP1810034609",0.0131363749158436,0.0100856777280569,381261,23,"meta_highrescanopyheight_orthophoto",0.5,"orthophoto_50cm_2025","Nord-Norge"
"NINFP2410156047",0.0108962808569968,0.0101466039195657,10960,2,"meta_highrescanopyheight_orthophoto",0.5,"orthophoto_50cm_2025","Nord-Norge"
"NINFP2410150439",0.0289694684039197,0.0101733580231667,34767,3,"meta_highrescanopyheight_orthophoto",0.5,"orthophoto_50cm_2025","Nord-Norge"
"NINFP2110046211",0.0315507802036292,0.0104684475809336,7565,4,"meta_highrescanopyheight_orthophoto",0.5,"orthophoto_50cm_2025","Nord-Norge"
"NINFP2310132336",0.022119532574323,0.0100792916491628,15540,1,"meta_highrescanopyheight_orthophoto",0.5,"orthophoto_50cm_2025","Nord-Norge"
"NINFP2010006881",0.590711561209024,0.0110492380335927,208904,10,"meta_highrescanopyheight_orthophoto",0.5,"orthophoto_50cm_2025","Nord-Norge"
"NINFP2010017306",0.408085698119439,0.0563608575612307,15204,3,"meta_highrescanopyheight_orthophoto",0.5,"orthophoto_50cm_2025","Nord-Norge"
"NINFP2510198375",1.03011982688637,0.0122622936032712,3638,2,"meta_highrescanopyheight_orthophoto",0.5,"orthophoto_50cm_2025","Nord-Norge"
"NINFP1810028872",3.47457548569259,3.35900688171387,89950,5,"meta_highrescanopyheight_orthophoto",0.5,"orthophoto_50cm_2025","Nord-Norge"
"NINFP2010034155",0.095173617606943,0.0112915961071849,6157,2,"meta_highrescanopyheight_orthophoto",0.5,"orthophoto_50cm_2025","Nord-Norge"
"NINFP2210086273",0.18439666373389,0.0113000203855336,23538,3,"meta_highrescanopyheight_orthophoto",0.5,"orthophoto_50cm_2025","Nord-Norge"
"NINFP2110031470",0.0996586894099208,0.0129067376255989,4159,2,"meta_highrescanopyheight_orthophoto",0.5,"orthophoto_50cm_2025","Nord-Norge"
"NINFP2510193607",4.30178583439117,4.20564317703247,4419,2,"meta_highrescanopyheight_orthophoto",0.5,"orthophoto_50cm_2025","Nord-Norge"
"NINFP2110036273",0.0100607859204234,0.0100516248494387,30835,3,"meta_highrescanopyheight_orthophoto",0.5,"orthophoto_50cm_2025","Nord-Norge"
"NINFP1810038335",0.0780807923019668,0.0392012484371662,81,1,"meta_highrescanopyheight_orthophoto",0.5,"orthophoto_50cm_2025","Nord-Norge"
"NINFP2110041067",0.0458627712111132,0.0107428943738341,2932,1,"meta_highrescanopyheight_orthophoto",0.5,"orthophoto_50cm_2025","Nord-Norge"
"NINFP2110051234",0.0217382845290599,0.0102279484272003,18849,4,"meta_highrescanopyheight_orthophoto",0.5,"orthophoto_50cm_2025","Nord-Norge"
"NINFP2010027685",0.0124985894940339,0.0103202136233449,3195,2,"meta_highrescanopyheight_orthophoto",0.5,"orthophoto_50cm_2025","Nord-Norge"
"NINFP2110027178",0.0119050989303103,0.0102299205027521,12898,2,"meta_highrescanopyheight_orthophoto",0.5,"orthophoto_50cm_2025","Nord-Norge"
"NINFP2110069134",0.351069388583731,0.0122322905808687,5749,2,"meta_highrescanopyheight_orthophoto",0.5,"orthophoto_50cm_2025","Nord-Norge"
"NINFP1810037237",0.572019557994167,0.0178642868995667,59435,5,"meta_highrescanopyheight_orthophoto",0.5,"orthophoto_50cm_2025","Nord-Norge"
"NINFP2410172285",0.064626972142977,0.0101465191692114,10077,1,"meta_highrescanopyheight_orthophoto",0.5,"orthophoto_50cm_2025","Nord-Norge"
"NINFP2010021720",4.12341871400754,3.41800212860107,26775,3,"meta_highrescanopyheight_orthophoto",0.5,"orthophoto_50cm_2025","Nord-Norge"
"NINFP2110023231",0.189008527925817,0.0112157613039017,6536,4,"meta_highrescanopyheight_orthophoto",0.5,"orthophoto_50cm_2025","Nord-Norge"
"NINFP1810036324",3.45756943076894,2.95232510566711,10345,4,"meta_highrescanopyheight_orthophoto",0.5,"orthophoto_50cm_2025","Nord-Norge"
"NINFP1810023807",0.319945161630866,0.0144919282756746,48242,4,"meta_highrescanopyheight_orthophoto",0.5,"orthophoto_50cm_2025","Nord-Norge"
"NINFP1810033551",1.59996345208465,0.143158167600632,7710,2,"meta_highrescanopyheight_orthophoto",0.5,"orthophoto_50cm_2025","Nord-Norge"
"NINFP2410174903",0.0198835013538271,0.0110896262340248,3314,2,"meta_highrescanopyheight_orthophoto",0.5,"orthophoto_50cm_2025","Nord-Norge"
"NINFP2510185970",0.0145549937074575,0.010093561373651,13279,2,"meta_highrescanopyheight_orthophoto",0.5,"orthophoto_50cm_2025","Nord-Norge"
"NINFP2510207168",0.014636409647156,0.0101406956091523,43345,5,"meta_highrescanopyheight_orthophoto",0.5,"orthophoto_50cm_2025","Nord-Norge"
"NINFP2010033927",0.0562154975230903,0.0107189486734569,47518,5,"meta_highrescanopyheight_orthophoto",0.5,"orthophoto_50cm_2025","Nord-Norge"
"NINFP2210111693",0.178387049107755,0.0108833350241184,112318,10,"meta_highrescanopyheight_orthophoto",0.5,"orthophoto_50cm_2025","Nord-Norge"
"NINFP2510185409",0.0110647838063825,0.0100961425341666,108372,5,"meta_highrescanopyheight_orthophoto",0.5,"orthophoto_50cm_2025","Nord-Norge"
"NINFP2010054533",5.76476080034317,6.12817859649658,10642,2,"meta_highrescanopyheight_orthophoto",0.5,"orthophoto_50cm_2025","Nord-Norge"
"NINFP2410174275",0.114199788192334,0.0103029641322792,17380,4,"meta_highrescanopyheight_orthophoto",0.5,"orthophoto_50cm_2025","Nord-Norge"
"NINFP2310141772",3.26239068028557,1.51207315921783,7183,2,"meta_highrescanopyheight_orthophoto",0.5,"orthophoto_50cm_2025","Nord-Norge"
"NINFP2610220216",0.434691963747139,0.147235706448555,14721,2,"meta_highrescanopyheight_orthophoto",0.5,"orthophoto_50cm_2025","Nord-Norge"
"NINFP2510211164",0.0100402788647927,0.0100332116708159,51201,3,"meta_highrescanopyheight_orthophoto",0.5,"orthophoto_50cm_2025","Nord-Norge"
"NINFP2010021290",2.42013857050598,2.07376194000244,4059,4,"meta_highrescanopyheight_orthophoto",0.5,"orthophoto_50cm_2025","Nord-Norge"
"NINFP2510211820",0.559378940811817,0.0332758501172066,6635,2,"meta_highrescanopyheight_orthophoto",0.5,"orthophoto_50cm_2025","Nord-Norge"
"NINFP2010014079",4.01384408495501,3.73872554302216,197318,15,"meta_highrescanopyheight_orthophoto",0.5,"orthophoto_50cm_2025","Nord-Norge"
"NINFP2210105196",0.141451925560336,0.0106892706826329,12158,2,"meta_highrescanopyheight_orthophoto",0.5,"orthophoto_50cm_2025","Nord-Norge"
"NINFP1810016211",0.0490083368725287,0.0103049734607339,53934,4,"meta_highrescanopyheight_orthophoto",0.5,"orthophoto_50cm_2025","Nord-Norge"
"NINFP2210083913",0.01540589075392,0.0103992288932204,5632,2,"meta_highrescanopyheight_orthophoto",0.5,"orthophoto_50cm_2025","Nord-Norge"
"NINFP2210088596",0.495731208400941,0.0260826349258423,17945,2,"meta_highrescanopyheight_orthophoto",0.5,"orthophoto_50cm_2025","Nord-Norge"
"NINFP1910010869",4.76903182949683,4.8221549987793,2041,2,"meta_highrescanopyheight_orthophoto",0.5,"orthophoto_50cm_2025","Nord-Norge"
"NINFP2410174463",0.0312149687147353,0.0101159373298287,17003,1,"meta_highrescanopyheight_orthophoto",0.5,"orthophoto_50cm_2025","Nord-Norge"
"NINFP2510189444",0.352659414639625,0.0102201290428638,54390,4,"meta_highrescanopyheight_orthophoto",0.5,"orthophoto_50cm_2025","Nord-Norge"
"NINFP2010026852",0.245014801260493,0.0103936549276114,74298,7,"meta_highrescanopyheight_orthophoto",0.5,"orthophoto_50cm_2025","Nord-Norge"
"NINFP2410165491",3.6412087117481,2.65857577323914,4581,2,"meta_highrescanopyheight_orthophoto",0.5,"orthophoto_50cm_2025","Nord-Norge"
"NINFP1810032867",0.407632837568327,0.0347477942705154,35064,3,"meta_highrescanopyheight_orthophoto",0.5,"orthophoto_50cm_2025","Nord-Norge"
"NINFP1810037126",0.0902014128161074,0.0101863536983728,79347,5,"meta_highrescanopyheight_orthophoto",0.5,"orthophoto_50cm_2025","Nord-Norge"
"NINFP2410175133",0.052772866940938,0.0106749655678868,4220,2,"meta_highrescanopyheight_orthophoto",0.5,"orthophoto_50cm_2025","Nord-Norge"
"NINFP2010016516",4.35125255949541,4.2847752571106,6092,2,"meta_highrescanopyheight_orthophoto",0.5,"orthophoto_50cm_2025","Nord-Norge"
"NINFP2410171819",0.163933713026491,0.0101635754108429,15489,3,"meta_highrescanopyheight_orthophoto",0.5,"orthophoto_50cm_2025","Nord-Norge"
"NINFP2410156299",0.0798411620586226,0.0103980437852442,46662,3,"meta_highrescanopyheight_orthophoto",0.5,"orthophoto_50cm_2025","Nord-Norge"
"NINFP1810031207",0.0627373608227206,0.0108379092998803,14864,2,"meta_highrescanopyheight_orthophoto",0.5,"orthophoto_50cm_2025","Nord-Norge"
"NINFP2310118926",0.0105541049825145,0.0102752335369587,12663,2,"meta_highrescanopyheight_orthophoto",0.5,"orthophoto_50cm_2025","Nord-Norge"
"NINFP2410154697",2.71837433909663,2.45403945446014,8968,2,"meta_highrescanopyheight_orthophoto",0.5,"orthophoto_50cm_2025","Nord-Norge"
"NINFP2110030937",0.0103208592151121,0.0102011952549219,6617,2,"meta_highrescanopyheight_orthophoto",0.5,"orthophoto_50cm_2025","Nord-Norge"
"NINFP2110018368",0.680324180160941,0.0227681063115597,18131,2,"meta_highrescanopyheight_orthophoto",0.5,"orthophoto_50cm_2025","Nord-Norge"
"NINFP2210077017",0.0184809824519074,0.0102327330969274,10328,4,"meta_highrescanopyheight_orthophoto",0.5,"orthophoto_50cm_2025","Nord-Norge"
"NINFP2210103685",0.0393998303294312,0.0102341277524829,65650,6,"meta_highrescanopyheight_orthophoto",0.5,"orthophoto_50cm_2025","Nord-Norge"
"NINFP2010034002",0.0104521936497413,0.0101733286865056,4548,2,"meta_highrescanopyheight_orthophoto",0.5,"orthophoto_50cm_2025","Nord-Norge"
"NINFP1810035781",0.1105904392598,0.0107563883066177,26753,3,"meta_highrescanopyheight_orthophoto",0.5,"orthophoto_50cm_2025","Nord-Norge"
"NINFP2410150333",0.0200917096318863,0.0100671513937414,491764,23,"meta_highrescanopyheight_orthophoto",0.5,"orthophoto_50cm_2025","Nord-Norge"
"NINFP2210086063",0.0926005672174376,0.0118592567741871,6265,2,"meta_highrescanopyheight_orthophoto",0.5,"orthophoto_50cm_2025","Nord-Norge"
"NINFP1810038332",1.20218129382961,0.150043845176697,1426,1,"meta_highrescanopyheight_orthophoto",0.5,"orthophoto_50cm_2025","Nord-Norge"
"NINFP2210092530",0.151233320327673,0.0105507904663682,47761,5,"meta_highrescanopyheight_orthophoto",0.5,"orthophoto_50cm_2025","Nord-Norge"
"NINFP2510206403",1.27727507886377,0.229642540216446,4784,2,"meta_highrescanopyheight_orthophoto",0.5,"orthophoto_50cm_2025","Nord-Norge"
"NINFP2110024732",4.45619252460738,3.74431133270264,8523,3,"meta_highrescanopyheight_orthophoto",0.5,"orthophoto_50cm_2025","Nord-Norge"
"NINFP2510206069",0.435337242832586,0.0308664403855801,240161,11,"meta_highrescanopyheight_orthophoto",0.5,"orthophoto_50cm_2025","Nord-Norge"
"NINFP1910019260",0.493090614235594,0.0135601814836264,24599,4,"meta_highrescanopyheight_orthophoto",0.5,"orthophoto_50cm_2025","Nord-Norge"
"NINFP2110054973",0.0513257440526997,0.0106912981718779,6407,3,"meta_highrescanopyheight_orthophoto",0.5,"orthophoto_50cm_2025","Nord-Norge"
"NINFP1810025843",0.474829917468027,0.0151695543900132,100606,8,"meta_highrescanopyheight_orthophoto",0.5,"orthophoto_50cm_2025","Nord-Norge"
"NINFP2510186712",0.0222774204880777,0.0103514567017555,42348,4,"meta_highrescanopyheight_orthophoto",0.5,"orthophoto_50cm_2025","Nord-Norge"
"NINFP2110051266",0.496642574637704,0.0113631021231413,9798,2,"meta_highrescanopyheight_orthophoto",0.5,"orthophoto_50cm_2025","Nord-Norge"
"NINFP1810038346",1.83083025571242,0.37646746635437,8742,2,"meta_highrescanopyheight_orthophoto",0.5,"orthophoto_50cm_2025","Nord-Norge"
"NINFP2410156036",0.433965126970779,0.0164395589381456,11425,2,"meta_highrescanopyheight_orthophoto",0.5,"orthophoto_50cm_2025","Nord-Norge"
"NINFP2010025845",3.54033137711786,3.36927175521851,4425,2,"meta_highrescanopyheight_orthophoto",0.5,"orthophoto_50cm_2025","Nord-Norge"
"NINFP2110050396",0.955482075880122,0.0281985625624657,3365,2,"meta_highrescanopyheight_orthophoto",0.5,"orthophoto_50cm_2025","Nord-Norge"
"NINFP2310134167",0.076111712713336,0.0102896010503173,126988,7,"meta_highrescanopyheight_orthophoto",0.5,"orthophoto_50cm_2025","Nord-Norge"
"NINFP2210088623",0.0209399692346612,0.0104608554393053,6957,1,"meta_highrescanopyheight_orthophoto",0.5,"orthophoto_50cm_2025","Nord-Norge"
"NINFP2110030765",0.0100681323458088,0.0100367050617933,67909,5,"meta_highrescanopyheight_orthophoto",0.5,"orthophoto_50cm_2025","Nord-Norge"
"NINFP2510204251",0.0216207849405582,0.0103461071848869,15757,4,"meta_highrescanopyheight_orthophoto",0.5,"orthophoto_50cm_2025","Nord-Norge"
"NINFP2510209197",0.0420257835886514,0.0103674069978297,17328,4,"meta_highrescanopyheight_orthophoto",0.5,"orthophoto_50cm_2025","Nord-Norge"
"NINFP2210085842",0.0274611317863652,0.0103427236899734,41406,6,"meta_highrescanopyheight_orthophoto",0.5,"orthophoto_50cm_2025","Nord-Norge"
"NINFP2110030678",0.0100336436033283,0.0100258076563478,8727,2,"meta_highrescanopyheight_orthophoto",0.5,"orthophoto_50cm_2025","Nord-Norge"
"NINFP2210099945",0.0101389286603412,0.0101219527423382,8147,2,"meta_highrescanopyheight_orthophoto",0.5,"orthophoto_50cm_2025","Nord-Norge"
"NINFP2210106549",0.0208044589044304,0.0103933112695813,13952,4,"meta_highrescanopyheight_orthophoto",0.5,"orthophoto_50cm_2025","Nord-Norge"
"NINFP2210108364",0.0236845423817103,0.0103473952040076,6984,2,"meta_highrescanopyheight_orthophoto",0.5,"orthophoto_50cm_2025","Nord-Norge"
"NINFP2010025670",2.7802649595109,1.54363334178925,27660,2,"meta_highrescanopyheight_orthophoto",0.5,"orthophoto_50cm_2025","Nord-Norge"
"NINFP2210090182",0.0379228618930587,0.0102532124146819,10768,2,"meta_highrescanopyheight_orthophoto",0.5,"orthophoto_50cm_2025","Nord-Norge"
"NINFP1810018107",0.0143727968797937,0.0128165008500218,1438,2,"meta_highrescanopyheight_orthophoto",0.5,"orthophoto_50cm_2025","Nord-Norge"
"NINFP2410163024",0.021374834636173,0.0103131076321006,23595,5,"meta_highrescanopyheight_orthophoto",0.5,"orthophoto_50cm_2025","Nord-Norge"
"NINFP1810025418",0.0872865200507908,0.0101279774680734,370000,15,"meta_highrescanopyheight_orthophoto",0.5,"orthophoto_50cm_2025","Nord-Norge"
"NINFP2110022039",0.296095918085468,0.0108377817086875,55552,5,"meta_highrescanopyheight_orthophoto",0.5,"orthophoto_50cm_2025","Nord-Norge"
"NINFP2310133187",0.0141345462985572,0.0102271027863026,17440,3,"meta_highrescanopyheight_orthophoto",0.5,"orthophoto_50cm_2025","Nord-Norge"
"NINFP2210107128",0.0104048176526724,0.0101977540180087,14128,3,"meta_highrescanopyheight_orthophoto",0.5,"orthophoto_50cm_2025","Nord-Norge"
"NINFP2210083024",0.0487729330685836,0.0114263975992799,1558,1,"meta_highrescanopyheight_orthophoto",0.5,"orthophoto_50cm_2025","Nord-Norge"
"NINFP1810022807",0.0188208944224467,0.0101676676422358,204427,11,"meta_highrescanopyheight_orthophoto",0.5,"orthophoto_50cm_2025","Nord-Norge"
"NINFP1910026834",0.0117627338036533,0.0102646704763174,6267,2,"meta_highrescanopyheight_orthophoto",0.5,"orthophoto_50cm_2025","Nord-Norge"
"NINFP1810022408",0.0156345353007498,0.0121629750356078,82,1,"meta_highrescanopyheight_orthophoto",0.5,"orthophoto_50cm_2025","Nord-Norge"
"NINFP2510207167",0.157399137631399,0.0102926222607493,52000,5,"meta_highrescanopyheight_orthophoto",0.5,"orthophoto_50cm_2025","Nord-Norge"
"NINFP2310129572",1.07800448497717,0.0712051838636398,5481,1,"meta_highrescanopyheight_orthophoto",0.5,"orthophoto_50cm_2025","Nord-Norge"
"NINFP2010027343",0.189912859091213,0.0102377347648144,40579,3,"meta_highrescanopyheight_orthophoto",0.5,"orthophoto_50cm_2025","Nord-Norge"
"NINFP2310133680",0.0348920239053512,0.010140617378056,288205,17,"meta_highrescanopyheight_orthophoto",0.5,"orthophoto_50cm_2025","Nord-Norge"
"NINFP1810034739",1.60675343426768,0.212269306182861,13332,4,"meta_highrescanopyheight_orthophoto",0.5,"orthophoto_50cm_2025","Nord-Norge"
"NINFP2410173399",0.0276799375495402,0.0102082388475537,16766,3,"meta_highrescanopyheight_orthophoto",0.5,"orthophoto_50cm_2025","Nord-Norge"
"NINFP1910025825",0.722456212617156,0.0103374198079109,28450,3,"meta_highrescanopyheight_orthophoto",0.5,"orthophoto_50cm_2025","Nord-Norge"
"NINFP2310142112",0.737274821563946,0.133916027843952,44388,7,"meta_highrescanopyheight_orthophoto",0.5,"orthophoto_50cm_2025","Nord-Norge"
"NINFP2110052621",0.0978969787942059,0.0119414166547358,30236,3,"meta_highrescanopyheight_orthophoto",0.5,"orthophoto_50cm_2025","Nord-Norge"
"NINFP2010016165",4.63200798114272,4.54793214797974,40823,6,"meta_highrescanopyheight_orthophoto",0.5,"orthophoto_50cm_2025","Nord-Norge"
"NINFP2410159259",0.1474562472736,0.0101985167711973,86363,7,"meta_highrescanopyheight_orthophoto",0.5,"orthophoto_50cm_2025","Nord-Norge"
"NINFP2110033110",0.0100736651368378,0.0100533869117498,10071,3,"meta_highrescanopyheight_orthophoto",0.5,"orthophoto_50cm_2025","Nord-Norge"
"NINFP2010006117",0.0103633785916437,0.0100582367740571,39976,4,"meta_highrescanopyheight_orthophoto",0.5,"orthophoto_50cm_2025","Nord-Norge"
"NINFP2410174005",0.0103473575409863,0.0100841792300344,132984,10,"meta_highrescanopyheight_orthophoto",0.5,"orthophoto_50cm_2025","Nord-Norge"
"NINFP1910033406",0.087179663414169,0.0105090737342834,10323,4,"meta_highrescanopyheight_orthophoto",0.5,"orthophoto_50cm_2025","Nord-Norge"
"NINFP2510207319",0.0728404692010585,0.010356224142015,5269,1,"meta_highrescanopyheight_orthophoto",0.5,"orthophoto_50cm_2025","Nord-Norge"
"NINFP2410159928",0.771213433181273,0.014179864898324,33071,4,"meta_highrescanopyheight_orthophoto",0.5,"orthophoto_50cm_2025","Nord-Norge"
"NINFP2510192961",3.0500751587706,1.95863032341003,23869,4,"meta_highrescanopyheight_orthophoto",0.5,"orthophoto_50cm_2025","Nord-Norge"
"NINFP2410157867",0.0111036016413696,0.0101002352312207,15708,2,"meta_highrescanopyheight_orthophoto",0.5,"orthophoto_50cm_2025","Nord-Norge"
"NINFP1810026893",1.62043855950954,0.16210450232029,192,1,"meta_highrescanopyheight_orthophoto",0.5,"orthophoto_50cm_2025","Nord-Norge"
"NINFP1810035314",2.38378846817421,0.799784928560257,22576,2,"meta_highrescanopyheight_orthophoto",0.5,"orthophoto_50cm_2025","Nord-Norge"
"NINFP2110021949",0.265223629073047,0.0103059355169535,92989,8,"meta_highrescanopyheight_orthophoto",0.5,"orthophoto_50cm_2025","Nord-Norge"
"NINFP2510194546",1.91509752795333,0.216875046491623,4233,3,"meta_highrescanopyheight_orthophoto",0.5,"orthophoto_50cm_2025","Nord-Norge"
"NINFP2310131817",0.0100569782120633,0.0100403316318989,61995,5,"meta_highrescanopyheight_orthophoto",0.5,"orthophoto_50cm_2025","Nord-Norge"
"NINFP2310130142",3.13681672863728,1.81118679046631,6657,3,"meta_highrescanopyheight_orthophoto",0.5,"orthophoto_50cm_2025","Nord-Norge"
"NINFP1910024695",1.50295654556075,0.159656718373299,8133,1,"meta_highrescanopyheight_orthophoto",0.5,"orthophoto_50cm_2025","Nord-Norge"
"NINFP2510206731",2.74002658004046,2.21275496482849,7316,1,"meta_highrescanopyheight_orthophoto",0.5,"orthophoto_50cm_2025","Nord-Norge"
"NINFP1810034635",0.265139863266343,0.0112971737980843,31885,3,"meta_highrescanopyheight_orthophoto",0.5,"orthophoto_50cm_2025","Nord-Norge"
"NINFP2410156387",1.63283561512287,0.631848573684692,11080,4,"meta_highrescanopyheight_orthophoto",0.5,"orthophoto_50cm_2025","Nord-Norge"
"NINFP2310134184",3.4104026227786,3.74386084079742,4644,2,"meta_highrescanopyheight_orthophoto",0.5,"orthophoto_50cm_2025","Nord-Norge"
"NINFP1810022691",0.264223205571513,0.0365321598947048,11585,3,"meta_highrescanopyheight_orthophoto",0.5,"orthophoto_50cm_2025","Nord-Norge"
"NINFP2410173386",0.364915326619241,0.0162857919931412,2165,2,"meta_highrescanopyheight_orthophoto",0.5,"orthophoto_50cm_2025","Nord-Norge"
"NINFP2310139482",0.351889945756299,0.0125932544469833,8265,3,"meta_highrescanopyheight_orthophoto",0.5,"orthophoto_50cm_2025","Nord-Norge"
"NINFP1810013472",0.0703791444400498,0.0102792549878359,321447,18,"meta_highrescanopyheight_orthophoto",0.5,"orthophoto_50cm_2025","Nord-Norge"
"NINFP1910032511",0.264829938250223,0.0171856768429279,3090,2,"meta_highrescanopyheight_orthophoto",0.5,"orthophoto_50cm_2025","Nord-Norge"
"NINFP2510185976",0.0208818366519685,0.010098772123456,235111,13,"meta_highrescanopyheight_orthophoto",0.5,"orthophoto_50cm_2025","Nord-Norge"
"NINFP2410172797",0.0320067913828446,0.0103107448667288,33301,4,"meta_highrescanopyheight_orthophoto",0.5,"orthophoto_50cm_2025","Nord-Norge"
"NINFP2010009680",0.104532115556109,0.0105313071981072,18903,4,"meta_highrescanopyheight_orthophoto",0.5,"orthophoto_50cm_2025","Nord-Norge"
"NINFP1810032838",0.589879915451315,0.0810420550405979,8824,2,"meta_highrescanopyheight_orthophoto",0.5,"orthophoto_50cm_2025","Nord-Norge"
"NINFP1810046910",4.48658941326807,4.05639028549194,33481,3,"meta_highrescanopyheight_orthophoto",0.5,"orthophoto_50cm_2025","Nord-Norge"
"NINFP2410165913",0.167824463679448,0.0102800517342985,54578,5,"meta_highrescanopyheight_orthophoto",0.5,"orthophoto_50cm_2025","Nord-Norge"
"NINFP1810040733",0.296919791215515,0.0135989910922945,8990,2,"meta_highrescanopyheight_orthophoto",0.5,"orthophoto_50cm_2025","Nord-Norge"
"NINFP2210083565",0.60926180258909,0.0108878002502024,17048,2,"meta_highrescanopyheight_orthophoto",0.5,"orthophoto_50cm_2025","Nord-Norge"
"NINFP2210083520",1.97104534183555,1.35659348964691,2568,1,"meta_highrescanopyheight_orthophoto",0.5,"orthophoto_50cm_2025","Nord-Norge"
"NINFP2510195012",6.79824551686745,7.6715784072876,15825,3,"meta_highrescanopyheight_orthophoto",0.5,"orthophoto_50cm_2025","Nord-Norge"
"NINFP2010010219",4.66533139563649,4.52831840515137,14169,4,"meta_highrescanopyheight_orthophoto",0.5,"orthophoto_50cm_2025","Nord-Norge"
"NINFP2110053059",0.015287443261595,0.0101665752008557,5316,2,"meta_highrescanopyheight_orthophoto",0.5,"orthophoto_50cm_2025","Nord-Norge"
"NINFP2410174214",0.153769810127465,0.011461578309536,59799,7,"meta_highrescanopyheight_orthophoto",0.5,"orthophoto_50cm_2025","Nord-Norge"
"NINFP2210090081",0.0207043709611131,0.0104179084300995,7668,1,"meta_highrescanopyheight_orthophoto",0.5,"orthophoto_50cm_2025","Nord-Norge"
"NINFP1810035936",0.0104860836278418,0.0100337560288608,27838,2,"meta_highrescanopyheight_orthophoto",0.5,"orthophoto_50cm_2025","Nord-Norge"
"NINFP2310140965",0.0109553991759415,0.0100370915606618,9601,2,"meta_highrescanopyheight_orthophoto",0.5,"orthophoto_50cm_2025","Nord-Norge"
"NINFP2210079107",1.96749069808841,1.40251153707504,51706,4,"meta_highrescanopyheight_orthophoto",0.5,"orthophoto_50cm_2025","Nord-Norge"
"NINFP2410174545",0.113633146303086,0.0105304447934031,38143,5,"meta_highrescanopyheight_orthophoto",0.5,"orthophoto_50cm_2025","Nord-Norge"
"NINFP1810029828",0.149231453184506,0.0102162640541792,4027,2,"meta_highrescanopyheight_orthophoto",0.5,"orthophoto_50cm_2025","Nord-Norge"
"NINFP2110031852",0.0100297127061322,0.0100284367799759,6807,1,"meta_highrescanopyheight_orthophoto",0.5,"orthophoto_50cm_2025","Nord-Norge"
"NINFP2210082677",0.743478911635242,0.303445488214493,1437,2,"meta_highrescanopyheight_orthophoto",0.5,"orthophoto_50cm_2025","Nord-Norge"
"NINFP2410183744",0.0323036364622267,0.0101831015199423,34349,6,"meta_highrescanopyheight_orthophoto",0.5,"orthophoto_50cm_2025","Nord-Norge"
"NINFP2210088896",0.091072900192893,0.01013274025172,47404,6,"meta_highrescanopyheight_orthophoto",0.5,"orthophoto_50cm_2025","Nord-Norge"
"NINFP2010009535",0.163630113560303,0.0104207172989845,1413781,37,"meta_highrescanopyheight_orthophoto",0.5,"orthophoto_50cm_2025","Nord-Norge"
"NINFP2010008974",0.166278704801753,0.0101176798343658,398367,15,"meta_highrescanopyheight_orthophoto",0.5,"orthophoto_50cm_2025","Nord-Norge"
"NINFP2210102401",0.238623773701991,0.0113215744495392,12755,3,"meta_highrescanopyheight_orthophoto",0.5,"orthophoto_50cm_2025","Nord-Norge"
"NINFP2510207112",0.012456338081487,0.0100779263302684,38796,4,"meta_highrescanopyheight_orthophoto",0.5,"orthophoto_50cm_2025","Nord-Norge"
"NINFP2210082503",0.179240061203171,0.010454161092639,65477,5,"meta_highrescanopyheight_orthophoto",0.5,"orthophoto_50cm_2025","Nord-Norge"
"NINFP2410163081",0.220246055586455,0.0213148053735495,4280,1,"meta_highrescanopyheight_orthophoto",0.5,"orthophoto_50cm_2025","Nord-Norge"
"NINFP2310132478",3.10757035393295,3.31693291664124,3921,2,"meta_highrescanopyheight_orthophoto",0.5,"orthophoto_50cm_2025","Nord-Norge"
"NINFP2010008965",2.84551850683833,2.24817490577698,11599,3,"meta_highrescanopyheight_orthophoto",0.5,"orthophoto_50cm_2025","Nord-Norge"
"NINFP2010006112",3.49424074108084,3.10723543167114,20357,2,"meta_highrescanopyheight_orthophoto",0.5,"orthophoto_50cm_2025","Nord-Norge"
"NINFP1810030850",0.0108013842672391,0.0100992149673402,44702,7,"meta_highrescanopyheight_orthophoto",0.5,"orthophoto_50cm_2025","Nord-Norge"
"NINFP2410149588",0.0329197278601547,0.0106176501139998,10659,2,"meta_highrescanopyheight_orthophoto",0.5,"orthophoto_50cm_2025","Nord-Norge"
"NINFP2410173507",0.0787127673099714,0.0102094612084329,14530,2,"meta_highrescanopyheight_orthophoto",0.5,"orthophoto_50cm_2025","Nord-Norge"
"NINFP2110023166",3.42371084509864,2.96685695648193,22306,3,"meta_highrescanopyheight_orthophoto",0.5,"orthophoto_50cm_2025","Nord-Norge"
"NINFP2010017526",3.58640752085523,3.47591710090637,5118,1,"meta_highrescanopyheight_orthophoto",0.5,"orthophoto_50cm_2025","Nord-Norge"
"NINFP2010028112",0.0751839843203352,0.0101458113640547,17235,2,"meta_highrescanopyheight_orthophoto",0.5,"orthophoto_50cm_2025","Nord-Norge"
"NINFP2110022310",0.0201124767989576,0.010331554338336,8745,4,"meta_highrescanopyheight_orthophoto",0.5,"orthophoto_50cm_2025","Nord-Norge"
"NINFP2510207852",0.466833689504041,0.012195136398077,52127,6,"meta_highrescanopyheight_orthophoto",0.5,"orthophoto_50cm_2025","Nord-Norge"
"NINFP2210106132",1.2616014567323,0.15194995701313,8731,2,"meta_highrescanopyheight_orthophoto",0.5,"orthophoto_50cm_2025","Nord-Norge"
"NINFP2210098061",7.2351941057289,8.20372772216797,6373,1,"meta_highrescanopyheight_orthophoto",0.5,"orthophoto_50cm_2025","Nord-Norge"
"NINFP2410159874",1.65941086400538,0.073537040501833,15514,4,"meta_highrescanopyheight_orthophoto",0.5,"orthophoto_50cm_2025","Nord-Norge"
"NINFP2210077591",0.212686963365969,0.0129667846485972,1944,1,"meta_highrescanopyheight_orthophoto",0.5,"orthophoto_50cm_2025","Nord-Norge"
"NINFP2510204742",0.0101930824172926,0.0101547855883837,6887,1,"meta_highrescanopyheight_orthophoto",0.5,"orthophoto_50cm_2025","Nord-Norge"
"NINFP2510208259",4.24511556737469,4.04875707626343,28727,2,"meta_highrescanopyheight_orthophoto",0.5,"orthophoto_50cm_2025","Nord-Norge"
"NINFP2410167593",1.02568189919943,0.121194310486317,6682,2,"meta_highrescanopyheight_orthophoto",0.5,"orthophoto_50cm_2025","Nord-Norge"
"NINFP1910018338",0.0102894387519383,0.0101167559623718,15265,1,"meta_highrescanopyheight_orthophoto",0.5,"orthophoto_50cm_2025","Nord-Norge"
"NINFP2410157020",0.132820407368295,0.0113328574225307,5010,2,"meta_highrescanopyheight_orthophoto",0.5,"orthophoto_50cm_2025","Nord-Norge"
"NINFP2110034669",0.0707728849990616,0.0106031699106097,13550,2,"meta_highrescanopyheight_orthophoto",0.5,"orthophoto_50cm_2025","Nord-Norge"
"NINFP1910017531",0.0165015906754186,0.0101814256049693,7720,2,"meta_highrescanopyheight_orthophoto",0.5,"orthophoto_50cm_2025","Nord-Norge"
"NINFP1910031327",1.01279838749046,0.0262918435037136,8113,2,"meta_highrescanopyheight_orthophoto",0.5,"orthophoto_50cm_2025","Nord-Norge"
"NINFP2110051284",0.696903652617161,0.0549335852265358,4585,2,"meta_highrescanopyheight_orthophoto",0.5,"orthophoto_50cm_2025","Nord-Norge"
"NINFP1910033630",0.446762558727824,0.0106458277441561,71596,5,"meta_highrescanopyheight_orthophoto",0.5,"orthophoto_50cm_2025","Nord-Norge"
"NINFP2210087005",3.01661641780846,0.893919438123703,5000,1,"meta_highrescanopyheight_orthophoto",0.5,"orthophoto_50cm_2025","Nord-Norge"
"NINFP2310123698",0.781649046940138,0.251341134309769,3611,2,"meta_highrescanopyheight_orthophoto",0.5,"orthophoto_50cm_2025","Nord-Norge"
"NINFP2410173880",0.129169642749996,0.0108731463551521,18359,2,"meta_highrescanopyheight_orthophoto",0.5,"orthophoto_50cm_2025","Nord-Norge"
"NINFP2310130662",0.0423047950888201,0.0102080353535712,116060,6,"meta_highrescanopyheight_orthophoto",0.5,"orthophoto_50cm_2025","Nord-Norge"
"NINFP2310141709",5.16694555449654,5.25498056411743,4040,2,"meta_highrescanopyheight_orthophoto",0.5,"orthophoto_50cm_2025","Nord-Norge"
"NINFP2310127004",0.0300678715627804,0.0102955736219883,132843,9,"meta_highrescanopyheight_orthophoto",0.5,"orthophoto_50cm_2025","Nord-Norge"
"NINFP2510205689",0.572397507122879,0.0624037962406874,35726,4,"meta_highrescanopyheight_orthophoto",0.5,"orthophoto_50cm_2025","Nord-Norge"
"NINFP2410155929",0.0264928163893171,0.0102773569524288,76683,7,"meta_highrescanopyheight_orthophoto",0.5,"orthophoto_50cm_2025","Nord-Norge"
"NINFP2410163086",0.0793885164475499,0.0109551763162017,6173,2,"meta_highrescanopyheight_orthophoto",0.5,"orthophoto_50cm_2025","Nord-Norge"
"NINFP2210099014",0.211142953566936,0.0102044073864818,107218,6,"meta_highrescanopyheight_orthophoto",0.5,"orthophoto_50cm_2025","Nord-Norge"
"NINFP1810034263",0.621243432953807,0.0261284895241261,10338,2,"meta_highrescanopyheight_orthophoto",0.5,"orthophoto_50cm_2025","Nord-Norge"
"NINFP2410173511",0.157599952075366,0.0110732712782919,6728,1,"meta_highrescanopyheight_orthophoto",0.5,"orthophoto_50cm_2025","Nord-Norge"
"NINFP2310141366",0.743303939007701,0.203824430704117,8405,2,"meta_highrescanopyheight_orthophoto",0.5,"orthophoto_50cm_2025","Nord-Norge"
"NINFP2210086546",0.208725113424906,0.0114828757941723,27989,5,"meta_highrescanopyheight_orthophoto",0.5,"orthophoto_50cm_2025","Nord-Norge"
"NINFP2010021168",1.03207258266492,0.125412784516811,31560,4,"meta_highrescanopyheight_orthophoto",0.5,"orthophoto_50cm_2025","Nord-Norge"
"NINFP2510190533",1.8715140712699,1.16828393936157,5590,2,"meta_highrescanopyheight_orthophoto",0.5,"orthophoto_50cm_2025","Nord-Norge"
"NINFP2010043197",0.881396425162436,0.180758439004421,4068,2,"meta_highrescanopyheight_orthophoto",0.5,"orthophoto_50cm_2025","Nord-Norge"
"NINFP2510206506",0.0378554716644853,0.0104528530500829,50976,6,"meta_highrescanopyheight_orthophoto",0.5,"orthophoto_50cm_2025","Nord-Norge"
"NINFP2010025847",1.48214973123553,0.962342858314514,9616,2,"meta_highrescanopyheight_orthophoto",0.5,"orthophoto_50cm_2025","Nord-Norge"
"NINFP2210103515",0.0114386656193178,0.0100638284347951,13882,3,"meta_highrescanopyheight_orthophoto",0.5,"orthophoto_50cm_2025","Nord-Norge"
"NINFP2310134165",0.0113280739825394,0.0103135891258717,8453,2,"meta_highrescanopyheight_orthophoto",0.5,"orthophoto_50cm_2025","Nord-Norge"
"NINFP2210103336",0.0796940430754203,0.0104484157636762,33217,4,"meta_highrescanopyheight_orthophoto",0.5,"orthophoto_50cm_2025","Nord-Norge"
"NINFP2110041620",3.64833303764142,3.18531763553619,69534,6,"meta_highrescanopyheight_orthophoto",0.5,"orthophoto_50cm_2025","Nord-Norge"
"NINFP2210112691",0.0109969514290231,0.0101287723518908,52368,7,"meta_highrescanopyheight_orthophoto",0.5,"orthophoto_50cm_2025","Nord-Norge"
"NINFP2310125594",0.01943329095167,0.0102941836230457,4370,1,"meta_highrescanopyheight_orthophoto",0.5,"orthophoto_50cm_2025","Nord-Norge"
"NINFP1910025153",0.0267856865747671,0.0105305705219507,8525,3,"meta_highrescanopyheight_orthophoto",0.5,"orthophoto_50cm_2025","Nord-Norge"
"NINFP2410173135",0.057580676891497,0.0103032370097935,19828,4,"meta_highrescanopyheight_orthophoto",0.5,"orthophoto_50cm_2025","Nord-Norge"
"NINFP2210076343",0.010279409906109,0.0101822894066572,18473,2,"meta_highrescanopyheight_orthophoto",0.5,"orthophoto_50cm_2025","Nord-Norge"
"NINFP2210108017",0.0584073427753796,0.0103461504913867,520588,26,"meta_highrescanopyheight_orthophoto",0.5,"orthophoto_50cm_2025","Nord-Norge"
"NINFP2510185471",0.01011103253998,0.0100987423211336,88176,5,"meta_highrescanopyheight_orthophoto",0.5,"orthophoto_50cm_2025","Nord-Norge"
"NINFP2110023237",0.0272885437032275,0.0101875299587846,23364,4,"meta_highrescanopyheight_orthophoto",0.5,"orthophoto_50cm_2025","Nord-Norge"
"NINFP2510193135",0.0106930614007481,0.0101260915398598,44615,3,"meta_highrescanopyheight_orthophoto",0.5,"orthophoto_50cm_2025","Nord-Norge"
"NINFP2410174785",0.0117442814942255,0.0102317510172725,23780,4,"meta_highrescanopyheight_orthophoto",0.5,"orthophoto_50cm_2025","Nord-Norge"
"NINFP2310132477",1.22174857786125,0.856132745742798,3025,2,"meta_highrescanopyheight_orthophoto",0.5,"orthophoto_50cm_2025","Nord-Norge"
"NINFP1810029469",0.451135535194104,0.0151476832106709,49139,3,"meta_highrescanopyheight_orthophoto",0.5,"orthophoto_50cm_2025","Nord-Norge"
"NINFP2410156085",7.28563586698281,7.72463798522949,6310,2,"meta_highrescanopyheight_orthophoto",0.5,"orthophoto_50cm_2025","Nord-Norge"
"NINFP2110020415",0.0530552842501466,0.0102944066748023,19282,3,"meta_highrescanopyheight_orthophoto",0.5,"orthophoto_50cm_2025","Nord-Norge"
"NINFP1810028852",0.0730284179658112,0.0103673716075718,40500,4,"meta_highrescanopyheight_orthophoto",0.5,"orthophoto_50cm_2025","Nord-Norge"
"NINFP2410156427",4.16337770445262,4.3967170715332,5549,1,"meta_highrescanopyheight_orthophoto",0.5,"orthophoto_50cm_2025","Nord-Norge"
"NINFP2010018199",0.0967750986325352,0.0109870415180922,17825,2,"meta_highrescanopyheight_orthophoto",0.5,"orthophoto_50cm_2025","Nord-Norge"
"NINFP2110031341",0.12370026512184,0.0115511938929558,4306,1,"meta_highrescanopyheight_orthophoto",0.5,"orthophoto_50cm_2025","Nord-Norge"
"NINFP2210101618",0.0848183593099123,0.0103708365932107,24167,3,"meta_highrescanopyheight_orthophoto",0.5,"orthophoto_50cm_2025","Nord-Norge"
"NINFP2410156982",0.0560644064823778,0.0103209149092436,26520,1,"meta_highrescanopyheight_orthophoto",0.5,"orthophoto_50cm_2025","Nord-Norge"
"NINFP2010024666",0.313464265134421,0.0253032334148884,12087,2,"meta_highrescanopyheight_orthophoto",0.5,"orthophoto_50cm_2025","Nord-Norge"
"NINFP2210076259",0.0110449947730006,0.0100893108174205,165693,10,"meta_highrescanopyheight_orthophoto",0.5,"orthophoto_50cm_2025","Nord-Norge"
"NINFP2510209902",0.086721169409875,0.0110728740692139,79315,6,"meta_highrescanopyheight_orthophoto",0.5,"orthophoto_50cm_2025","Nord-Norge"
"NINFP1810037361",3.01949696851795,1.84522557258606,10825,2,"meta_highrescanopyheight_orthophoto",0.5,"orthophoto_50cm_2025","Nord-Norge"
"NINFP2010026149",0.0211047333284764,0.0105115906335413,4622,2,"meta_highrescanopyheight_orthophoto",0.5,"orthophoto_50cm_2025","Nord-Norge"
"NINFP2110022680",0.96206156536163,0.0185354752466083,9388,3,"meta_highrescanopyheight_orthophoto",0.5,"orthophoto_50cm_2025","Nord-Norge"
"NINFP2010026591",1.31395424428453,0.282251223921776,10370,2,"meta_highrescanopyheight_orthophoto",0.5,"orthophoto_50cm_2025","Nord-Norge"
"NINFP2510200512",0.0170696710744084,0.0100982412695885,85321,8,"meta_highrescanopyheight_orthophoto",0.5,"orthophoto_50cm_2025","Nord-Norge"
"NINFP2510203514",0.0326546906733349,0.0101436004042625,10776,3,"meta_highrescanopyheight_orthophoto",0.5,"orthophoto_50cm_2025","Nord-Norge"
"NINFP1810033397",0.0679549122984553,0.0106035498902202,12833,2,"meta_highrescanopyheight_orthophoto",0.5,"orthophoto_50cm_2025","Nord-Norge"
"NINFP2410155823",4.30552537357412,4.39918303489685,4848,2,"meta_highrescanopyheight_orthophoto",0.5,"orthophoto_50cm_2025","Nord-Norge"
"NINFP2510185457",0.0141334142824983,0.0101170362904668,644191,20,"meta_highrescanopyheight_orthophoto",0.5,"orthophoto_50cm_2025","Nord-Norge"
"NINFP2010010215",4.97155629657727,4.99421548843384,7911,3,"meta_highrescanopyheight_orthophoto",0.5,"orthophoto_50cm_2025","Nord-Norge"
"NINFP2310132462",0.011087349482437,0.010322324000299,2357,1,"meta_highrescanopyheight_orthophoto",0.5,"orthophoto_50cm_2025","Nord-Norge"
"NINFP2410156099",0.0484831215555264,0.0102801388129592,13655,2,"meta_highrescanopyheight_orthophoto",0.5,"orthophoto_50cm_2025","Nord-Norge"
"NINFP1810029778",1.10905801869098,0.115570612251759,104032,7,"meta_highrescanopyheight_orthophoto",0.5,"orthophoto_50cm_2025","Nord-Norge"
"NINFP2010009539",5.31970864864481,5.75197768211365,29220,4,"meta_highrescanopyheight_orthophoto",0.5,"orthophoto_50cm_2025","Nord-Norge"
"NINFP2510188803",0.0129988667024618,0.0100549329072237,30822,4,"meta_highrescanopyheight_orthophoto",0.5,"orthophoto_50cm_2025","Nord-Norge"
"NINFP2010025389",0.162218702066448,0.0106964451260865,15752,4,"meta_highrescanopyheight_orthophoto",0.5,"orthophoto_50cm_2025","Nord-Norge"
"NINFP1810016182",0.62028014036468,0.0420355536043644,6474,2,"meta_highrescanopyheight_orthophoto",0.5,"orthophoto_50cm_2025","Nord-Norge"
"NINFP2210098044",4.15727871597742,3.70623135566711,5149,2,"meta_highrescanopyheight_orthophoto",0.5,"orthophoto_50cm_2025","Nord-Norge"
"NINFP2110051107",0.710791896073817,0.163152009248734,1780,2,"meta_highrescanopyheight_orthophoto",0.5,"orthophoto_50cm_2025","Nord-Norge"
"NINFP2210106620",0.010925965996781,0.0100793829187751,63333,6,"meta_highrescanopyheight_orthophoto",0.5,"orthophoto_50cm_2025","Nord-Norge"
"NINFP2210099312",0.0159252134511812,0.0101782642304897,29433,4,"meta_highrescanopyheight_orthophoto",0.5,"orthophoto_50cm_2025","Nord-Norge"
"NINFP2510207827",0.949910582683197,0.296849191188812,7320,3,"meta_highrescanopyheight_orthophoto",0.5,"orthophoto_50cm_2025","Nord-Norge"
"NINFP2410183750",0.0111757019223848,0.0101685244590044,9659,1,"meta_highrescanopyheight_orthophoto",0.5,"orthophoto_50cm_2025","Nord-Norge"
"NINFP2210076427",0.010280364456037,0.0100508080795407,59488,6,"meta_highrescanopyheight_orthophoto",0.5,"orthophoto_50cm_2025","Nord-Norge"
"NINFP1910018822",0.593310812675986,0.0185909010469913,32891,4,"meta_highrescanopyheight_orthophoto",0.5,"orthophoto_50cm_2025","Nord-Norge"
"NINFP1910019650",0.0134687356255438,0.0102160675451159,10901,3,"meta_highrescanopyheight_orthophoto",0.5,"orthophoto_50cm_2025","Nord-Norge"
"NINFP1810029462",0.768434488142808,0.0261483360081911,75135,6,"meta_highrescanopyheight_orthophoto",0.5,"orthophoto_50cm_2025","Nord-Norge"
"NINFP2010010563",7.33294029792202,7.90723562240601,11428,2,"meta_highrescanopyheight_orthophoto",0.5,"orthophoto_50cm_2025","Nord-Norge"
"NINFP2310133409",0.294159596091258,0.0124663258902729,18522,4,"meta_highrescanopyheight_orthophoto",0.5,"orthophoto_50cm_2025","Nord-Norge"
"NINFP2210100124",0.0547414520923992,0.0102605111896992,204350,10,"meta_highrescanopyheight_orthophoto",0.5,"orthophoto_50cm_2025","Nord-Norge"
"NINFP2110024422",6.7304656836008,7.53862571716309,9893,1,"meta_highrescanopyheight_orthophoto",0.5,"orthophoto_50cm_2025","Nord-Norge"
"NINFP2110040821",4.43973202285054,4.48409652709961,50587,5,"meta_highrescanopyheight_orthophoto",0.5,"orthophoto_50cm_2025","Nord-Norge"
"NINFP2310137648",0.261024086607745,0.0105001740157604,6325,1,"meta_highrescanopyheight_orthophoto",0.5,"orthophoto_50cm_2025","Nord-Norge"
"NINFP1810028491",0.116816645737293,0.0108008636161685,5450,2,"meta_highrescanopyheight_orthophoto",0.5,"orthophoto_50cm_2025","Nord-Norge"
"NINFP1810012108",0.0433734922746786,0.0101094874553382,232086,13,"meta_highrescanopyheight_orthophoto",0.5,"orthophoto_50cm_2025","Nord-Norge"
"NINFP2410173401",0.012586048922123,0.0101753510534763,6746,2,"meta_highrescanopyheight_orthophoto",0.5,"orthophoto_50cm_2025","Nord-Norge"
"NINFP1810038267",0.151357139693659,0.0112582370638847,68095,6,"meta_highrescanopyheight_orthophoto",0.5,"orthophoto_50cm_2025","Nord-Norge"
"NINFP1810023680",1.07764795589812,0.330507755279541,6914,4,"meta_highrescanopyheight_orthophoto",0.5,"orthophoto_50cm_2025","Nord-Norge"
"NINFP2110026260",0.0101554168437675,0.010068541392684,80871,8,"meta_highrescanopyheight_orthophoto",0.5,"orthophoto_50cm_2025","Nord-Norge"
"NINFP1910019662",0.0108943682713983,0.010101743042469,23634,4,"meta_highrescanopyheight_orthophoto",0.5,"orthophoto_50cm_2025","Nord-Norge"
"NINFP1810019761",0.521236476867339,0.0624252036213875,4687,1,"meta_highrescanopyheight_orthophoto",0.5,"orthophoto_50cm_2025","Nord-Norge"
"NINFP2310136776",0.0205476893711507,0.010371642652899,12656,4,"meta_highrescanopyheight_orthophoto",0.5,"orthophoto_50cm_2025","Nord-Norge"
"NINFP2010031992",0.514060025582306,0.0425278767943382,4743,2,"meta_highrescanopyheight_orthophoto",0.5,"orthophoto_50cm_2025","Nord-Norge"
"NINFP2310125309",0.139627726031041,0.0103519624099135,112659,6,"meta_highrescanopyheight_orthophoto",0.5,"orthophoto_50cm_2025","Nord-Norge"
"NINFP2010021164",0.719541892079743,0.0999264717102051,23047,3,"meta_highrescanopyheight_orthophoto",0.5,"orthophoto_50cm_2025","Nord-Norge"
"NINFP2010023951",0.878327696727039,0.043505784124136,51405,6,"meta_highrescanopyheight_orthophoto",0.5,"orthophoto_50cm_2025","Nord-Norge"
"NINFP2510203550",0.0166736387294695,0.0100633148103952,135068,8,"meta_highrescanopyheight_orthophoto",0.5,"orthophoto_50cm_2025","Nord-Norge"
"NINFP2210103678",0.0102916929651239,0.0100675709545612,61756,6,"meta_highrescanopyheight_orthophoto",0.5,"orthophoto_50cm_2025","Nord-Norge"
"NINFP2410174278",0.241509561077827,0.010503863915801,165464,15,"meta_highrescanopyheight_orthophoto",0.5,"orthophoto_50cm_2025","Nord-Norge"
"NINFP2210099773",0.0141944184249773,0.0101219965144992,14940,4,"meta_highrescanopyheight_orthophoto",0.5,"orthophoto_50cm_2025","Nord-Norge"
"NINFP2010041523",0.264054388003545,0.0103033031336963,12478,3,"meta_highrescanopyheight_orthophoto",0.5,"orthophoto_50cm_2025","Nord-Norge"
"NINFP2110053151",0.11314090511152,0.0124398758634925,5466,2,"meta_highrescanopyheight_orthophoto",0.5,"orthophoto_50cm_2025","Nord-Norge"
"NINFP1810029768",2.16282313928131,0.764630436897278,26117,3,"meta_highrescanopyheight_orthophoto",0.5,"orthophoto_50cm_2025","Nord-Norge"
"NINFP1910019824",0.893802618254644,0.0107244467362761,15060,2,"meta_highrescanopyheight_orthophoto",0.5,"orthophoto_50cm_2025","Nord-Norge"
"NINFP1810034282",0.307829080993904,0.011541461572051,137669,10,"meta_highrescanopyheight_orthophoto",0.5,"orthophoto_50cm_2025","Nord-Norge"
"NINFP1810037988",0.286179620332119,0.0109336441382766,54112,4,"meta_highrescanopyheight_orthophoto",0.5,"orthophoto_50cm_2025","Nord-Norge"
"NINFP2410150019",0.0968325869846734,0.0102131864987314,49300,3,"meta_highrescanopyheight_orthophoto",0.5,"orthophoto_50cm_2025","Nord-Norge"
"NINFP2110021941",0.624313622751493,0.0496626421809196,8415,4,"meta_highrescanopyheight_orthophoto",0.5,"orthophoto_50cm_2025","Nord-Norge"
"NINFP2310130283",0.0554577171055559,0.010193781927228,70445,6,"meta_highrescanopyheight_orthophoto",0.5,"orthophoto_50cm_2025","Nord-Norge"
"NINFP2110020323",0.50765286332479,0.0112820621579885,4932,2,"meta_highrescanopyheight_orthophoto",0.5,"orthophoto_50cm_2025","Nord-Norge"
"NINFP2510208981",0.0543462375591718,0.010177253279835,15852,3,"meta_highrescanopyheight_orthophoto",0.5,"orthophoto_50cm_2025","Nord-Norge"
"NINFP2110020400",0.30413712023866,0.0107043050229549,40365,5,"meta_highrescanopyheight_orthophoto",0.5,"orthophoto_50cm_2025","Nord-Norge"
"NINFP1910019295",0.040938469453744,0.0100720128975809,62664,7,"meta_highrescanopyheight_orthophoto",0.5,"orthophoto_50cm_2025","Nord-Norge"
"NINFP2410156124",0.0749173244118464,0.0108260125853121,8880,3,"meta_highrescanopyheight_orthophoto",0.5,"orthophoto_50cm_2025","Nord-Norge"
"NINFP2110051656",0.552898083811947,0.0110970521345735,32630,4,"meta_highrescanopyheight_orthophoto",0.5,"orthophoto_50cm_2025","Nord-Norge"
"NINFP2410163031",0.0116788192010157,0.010149902664125,6142,1,"meta_highrescanopyheight_orthophoto",0.5,"orthophoto_50cm_2025","Nord-Norge"
"NINFP2110020411",1.23802987659454,0.0892138332128525,8021,1,"meta_highrescanopyheight_orthophoto",0.5,"orthophoto_50cm_2025","Nord-Norge"
"NINFP2410157480",0.18909256753341,0.0101912692189217,87235,7,"meta_highrescanopyheight_orthophoto",0.5,"orthophoto_50cm_2025","Nord-Norge"
"NINFP1810037351",3.29699996631575,2.92516732215881,23029,2,"meta_highrescanopyheight_orthophoto",0.5,"orthophoto_50cm_2025","Nord-Norge"
"NINFP2410165789",2.56160136996448,0.144963294267654,4109,2,"meta_highrescanopyheight_orthophoto",0.5,"orthophoto_50cm_2025","Nord-Norge"
"NINFP1910025119",2.09666220748628,0.391821876168251,8616,1,"meta_highrescanopyheight_orthophoto",0.5,"orthophoto_50cm_2025","Nord-Norge"
"NINFP2010025796",0.0165692747016755,0.010084864217788,148744,8,"meta_highrescanopyheight_orthophoto",0.5,"orthophoto_50cm_2025","Nord-Norge"
"NINFP2510188790",0.0139523659001593,0.0101342480629683,227538,12,"meta_highrescanopyheight_orthophoto",0.5,"orthophoto_50cm_2025","Nord-Norge"
"NINFP1910019920",0.0716030704567754,0.0102461692877114,12594,2,"meta_highrescanopyheight_orthophoto",0.5,"orthophoto_50cm_2025","Nord-Norge"
"NINFP1810032855",0.157791204814955,0.0102705527096987,40236,3,"meta_highrescanopyheight_orthophoto",0.5,"orthophoto_50cm_2025","Nord-Norge"
"NINFP2510207162",0.0102613903206651,0.0100623331964016,7665,1,"meta_highrescanopyheight_orthophoto",0.5,"orthophoto_50cm_2025","Nord-Norge"
"NINFP2010033798",0.0102827225284425,0.0101130632683635,76273,9,"meta_highrescanopyheight_orthophoto",0.5,"orthophoto_50cm_2025","Nord-Norge"
"NINFP2110021710",0.378064848021672,0.0119171286933124,13996,2,"meta_highrescanopyheight_orthophoto",0.5,"orthophoto_50cm_2025","Nord-Norge"
"NINFP2210105219",0.0159755987402528,0.0103041222319007,91050,8,"meta_highrescanopyheight_orthophoto",0.5,"orthophoto_50cm_2025","Nord-Norge"
"NINFP2510214742",0.0154440244447884,0.010566595941782,7252,2,"meta_highrescanopyheight_orthophoto",0.5,"orthophoto_50cm_2025","Nord-Norge"
"NINFP2010024583",0.0706582172765914,0.0102223875001073,45121,5,"meta_highrescanopyheight_orthophoto",0.5,"orthophoto_50cm_2025","Nord-Norge"
"NINFP1910019298",0.0363416471057242,0.0100834290497005,324092,14,"meta_highrescanopyheight_orthophoto",0.5,"orthophoto_50cm_2025","Nord-Norge"
"NINFP1810014532",0.0921171233260359,0.010557328350842,52092,7,"meta_highrescanopyheight_orthophoto",0.5,"orthophoto_50cm_2025","Nord-Norge"
"NINFP2410156328",0.784299511536453,0.074792668223381,10823,3,"meta_highrescanopyheight_orthophoto",0.5,"orthophoto_50cm_2025","Nord-Norge"
"NINFP2010017509",2.1847276780124,1.64509546756744,38447,7,"meta_highrescanopyheight_orthophoto",0.5,"orthophoto_50cm_2025","Nord-Norge"
"NINFP2310137693",0.511062169672449,0.0118331518024206,63447,7,"meta_highrescanopyheight_orthophoto",0.5,"orthophoto_50cm_2025","Nord-Norge"
"NINFP1810031205",0.0249744152382257,0.0101874638348818,86529,7,"meta_highrescanopyheight_orthophoto",0.5,"orthophoto_50cm_2025","Nord-Norge"
"NINFP1810013503",0.0607207289072368,0.010345796123147,29461,3,"meta_highrescanopyheight_orthophoto",0.5,"orthophoto_50cm_2025","Nord-Norge"
"NINFP2310146608",2.03620612446718,0.265814065933228,46728,3,"meta_highrescanopyheight_orthophoto",0.5,"orthophoto_50cm_2025","Nord-Norge"
"NINFP2310129376",1.54534017803304,0.553021520376205,6290,3,"meta_highrescanopyheight_orthophoto",0.5,"orthophoto_50cm_2025","Nord-Norge"
"NINFP1810034957",0.599646330273253,0.0283180773258209,31036,4,"meta_highrescanopyheight_orthophoto",0.5,"orthophoto_50cm_2025","Nord-Norge"
"NINFP2510188783",0.0652084893802511,0.0101122735068202,4917,2,"meta_highrescanopyheight_orthophoto",0.5,"orthophoto_50cm_2025","Nord-Norge"
"NINFP2410150748",0.016193683506442,0.0101108667440712,18856,2,"meta_highrescanopyheight_orthophoto",0.5,"orthophoto_50cm_2025","Nord-Norge"
"NINFP2210101786",0.599371963934258,0.0175799019634724,4896,2,"meta_highrescanopyheight_orthophoto",0.5,"orthophoto_50cm_2025","Nord-Norge"
"NINFP2110049902",0.0399235549825902,0.0148376533761621,18627,5,"meta_highrescanopyheight_orthophoto",0.5,"orthophoto_50cm_2025","Nord-Norge"
"NINFP2210088894",0.0203842516436233,0.0101877539418638,57274,4,"meta_highrescanopyheight_orthophoto",0.5,"orthophoto_50cm_2025","Nord-Norge"
"NINFP2110019355",0.588322420380414,0.0229003494605422,86690,8,"meta_highrescanopyheight_orthophoto",0.5,"orthophoto_50cm_2025","Nord-Norge"
"NINFP2410156109",0.137717757557455,0.0104040009900928,9125,1,"meta_highrescanopyheight_orthophoto",0.5,"orthophoto_50cm_2025","Nord-Norge"
"NINFP2310133169",0.170315928512596,0.0101270927116275,80828,6,"meta_highrescanopyheight_orthophoto",0.5,"orthophoto_50cm_2025","Nord-Norge"
"NINFP2410176069",0.0205940799571136,0.0103669427335262,21035,3,"meta_highrescanopyheight_orthophoto",0.5,"orthophoto_50cm_2025","Nord-Norge"
"NINFP1910024788",2.20687772364174,0.804604947566986,2713,1,"meta_highrescanopyheight_orthophoto",0.5,"orthophoto_50cm_2025","Nord-Norge"
"NINFP2410156234",0.534158319528158,0.12532751262188,12685,4,"meta_highrescanopyheight_orthophoto",0.5,"orthophoto_50cm_2025","Nord-Norge"
"NINFP2310125304",2.75888749895588,1.43162953853607,16545,4,"meta_highrescanopyheight_orthophoto",0.5,"orthophoto_50cm_2025","Nord-Norge"
"NINFP2210104053",0.0135786372484055,0.0104298107326031,4326,3,"meta_highrescanopyheight_orthophoto",0.5,"orthophoto_50cm_2025","Nord-Norge"
"NINFP2110031475",0.233956429894656,0.0112648876383901,5031,2,"meta_highrescanopyheight_orthophoto",0.5,"orthophoto_50cm_2025","Nord-Norge"
"NINFP2210099838",0.0100721788090152,0.0100607890635729,12431,4,"meta_highrescanopyheight_orthophoto",0.5,"orthophoto_50cm_2025","Nord-Norge"
"NINFP1910026190",1.22420237655782,0.0864845030009747,6164,2,"meta_highrescanopyheight_orthophoto",0.5,"orthophoto_50cm_2025","Nord-Norge"
"NINFP2210078276",0.0887277645444795,0.0101980064064264,337385,16,"meta_highrescanopyheight_orthophoto",0.5,"orthophoto_50cm_2025","Nord-Norge"
"NINFP2410173584",0.221702622527377,0.0126699861139059,3475,1,"meta_highrescanopyheight_orthophoto",0.5,"orthophoto_50cm_2025","Nord-Norge"
"NINFP2310127686",0.0869050840527943,0.0114858588203788,56944,6,"meta_highrescanopyheight_orthophoto",0.5,"orthophoto_50cm_2025","Nord-Norge"
"NINFP2410177508",0.41957318309598,0.0128719853237271,12661,4,"meta_highrescanopyheight_orthophoto",0.5,"orthophoto_50cm_2025","Nord-Norge"
"NINFP2010039123",1.67099024311245,0.515992939472198,44548,8,"meta_highrescanopyheight_orthophoto",0.5,"orthophoto_50cm_2025","Nord-Norge"
"NINFP2510209206",0.0733610817169599,0.0108257974497974,44482,5,"meta_highrescanopyheight_orthophoto",0.5,"orthophoto_50cm_2025","Nord-Norge"
"NINFP2310147022",0.0467706441463238,0.0101283183321357,16843,3,"meta_highrescanopyheight_orthophoto",0.5,"orthophoto_50cm_2025","Nord-Norge"
"NINFP2210084146",2.93277030659053,2.12057733535767,8607,1,"meta_highrescanopyheight_orthophoto",0.5,"orthophoto_50cm_2025","Nord-Norge"
"NINFP2510200582",0.0101560962391889,0.0101088369265199,38039,6,"meta_highrescanopyheight_orthophoto",0.5,"orthophoto_50cm_2025","Nord-Norge"
"NINFP2510199750",0.479429256031049,0.0464787036180496,5231,2,"meta_highrescanopyheight_orthophoto",0.5,"orthophoto_50cm_2025","Nord-Norge"
"NINFP2210092280",0.524620564988456,0.0237481836229563,22941,5,"meta_highrescanopyheight_orthophoto",0.5,"orthophoto_50cm_2025","Nord-Norge"
"NINFP1810034727",0.375566384119789,0.0134015581570566,56250,5,"meta_highrescanopyheight_orthophoto",0.5,"orthophoto_50cm_2025","Nord-Norge"
"NINFP1810035106",0.0562330991949897,0.0101918540894985,92175,7,"meta_highrescanopyheight_orthophoto",0.5,"orthophoto_50cm_2025","Nord-Norge"
"NINFP2210077958",0.0228981193656623,0.0100729078985751,62760,5,"meta_highrescanopyheight_orthophoto",0.5,"orthophoto_50cm_2025","Nord-Norge"
"NINFP2510207575",0.117209128779882,0.012127697467804,6905,2,"meta_highrescanopyheight_orthophoto",0.5,"orthophoto_50cm_2025","Nord-Norge"
"NINFP2110033644",0.0121550934895909,0.0105262910947204,29009,3,"meta_highrescanopyheight_orthophoto",0.5,"orthophoto_50cm_2025","Nord-Norge"
"NINFP2010026593",0.546789219459008,0.0664121583104134,26309,3,"meta_highrescanopyheight_orthophoto",0.5,"orthophoto_50cm_2025","Nord-Norge"
"NINFP1910040145",4.88091784030392,4.68832159042358,248026,11,"meta_highrescanopyheight_orthophoto",0.5,"orthophoto_50cm_2025","Nord-Norge"
"NINFP2010021905",0.0164114677204385,0.0100748995319009,76888,5,"meta_highrescanopyheight_orthophoto",0.5,"orthophoto_50cm_2025","Nord-Norge"
"NINFP2410154691",0.510745643869664,0.0399553794413805,4878,2,"meta_highrescanopyheight_orthophoto",0.5,"orthophoto_50cm_2025","Nord-Norge"
"NINFP2010037203",0.0489769174152745,0.0106703233905137,52090,3,"meta_highrescanopyheight_orthophoto",0.5,"orthophoto_50cm_2025","Nord-Norge"
"NINFP1810035520",0.33858355712318,0.013161301612854,63314,5,"meta_highrescanopyheight_orthophoto",0.5,"orthophoto_50cm_2025","Nord-Norge"
"NINFP2210106945",0.0295450781357199,0.0101903676986694,49880,4,"meta_highrescanopyheight_orthophoto",0.5,"orthophoto_50cm_2025","Nord-Norge"
"NINFP2010021230",0.0111843425612072,0.0102787232026458,12859,2,"meta_highrescanopyheight_orthophoto",0.5,"orthophoto_50cm_2025","Nord-Norge"
"NINFP1910019915",0.0274354846159674,0.0100534912198782,231345,9,"meta_highrescanopyheight_orthophoto",0.5,"orthophoto_50cm_2025","Nord-Norge"
"NINFP2010021913",0.464306361271199,0.0113109853118658,182705,6,"meta_highrescanopyheight_orthophoto",0.5,"orthophoto_50cm_2025","Nord-Norge"
"NINFP2210104092",0.0323285294945675,0.0105001307092607,79410,5,"meta_highrescanopyheight_orthophoto",0.5,"orthophoto_50cm_2025","Nord-Norge"
"NINFP2410154156",0.0273770704131314,0.0101839741691947,41871,4,"meta_highrescanopyheight_orthophoto",0.5,"orthophoto_50cm_2025","Nord-Norge"
"NINFP2410157409",6.28710940080274,6.42745518684387,7660,3,"meta_highrescanopyheight_orthophoto",0.5,"orthophoto_50cm_2025","Nord-Norge"
"NINFP2110036298",0.0108844720950052,0.0100637003779411,161912,8,"meta_highrescanopyheight_orthophoto",0.5,"orthophoto_50cm_2025","Nord-Norge"
"NINFP2410173042",0.148525801181386,0.010206401348114,268337,11,"meta_highrescanopyheight_orthophoto",0.5,"orthophoto_50cm_2025","Nord-Norge"
"NINFP2410147844",0.0423683801678787,0.0107131050899625,60282,6,"meta_highrescanopyheight_orthophoto",0.5,"orthophoto_50cm_2025","Nord-Norge"
"NINFP2210086544",0.57195773305715,0.0248490814119577,5253,2,"meta_highrescanopyheight_orthophoto",0.5,"orthophoto_50cm_2025","Nord-Norge"
"NINFP1910025949",0.337483096327551,0.0124677009880543,3877,1,"meta_highrescanopyheight_orthophoto",0.5,"orthophoto_50cm_2025","Nord-Norge"
"NINFP2510197095",0.672413826754906,0.0376494117081165,11806,4,"meta_highrescanopyheight_orthophoto",0.5,"orthophoto_50cm_2025","Nord-Norge"
"NINFP2110019405",0.150594702321912,0.0113811250776052,7219,4,"meta_highrescanopyheight_orthophoto",0.5,"orthophoto_50cm_2025","Nord-Norge"
"NINFP1910024686",1.53225083283213,0.0755218267440796,7427,3,"meta_highrescanopyheight_orthophoto",0.5,"orthophoto_50cm_2025","Nord-Norge"
"NINFP2210088227",0.106132273277857,0.0137250646948814,13266,2,"meta_highrescanopyheight_orthophoto",0.5,"orthophoto_50cm_2025","Nord-Norge"
"NINFP2110020843",0.0531438649615918,0.0116643751971424,5778,1,"meta_highrescanopyheight_orthophoto",0.5,"orthophoto_50cm_2025","Nord-Norge"
"NINFP2110031471",0.0512755945862322,0.0103569459170103,18383,2,"meta_highrescanopyheight_orthophoto",0.5,"orthophoto_50cm_2025","Nord-Norge"
"NINFP1810021959",0.0795644014915649,0.0102230361662805,26162,3,"meta_highrescanopyheight_orthophoto",0.5,"orthophoto_50cm_2025","Nord-Norge"
"NINFP2210106912",0.0793804288420552,0.0101502062752843,1889502,61,"meta_highrescanopyheight_orthophoto",0.5,"orthophoto_50cm_2025","Nord-Norge"
"NINFP2310134162",0.336847572236382,0.028702381066978,8654,2,"meta_highrescanopyheight_orthophoto",0.5,"orthophoto_50cm_2025","Nord-Norge"
"NINFP2310141787",3.13237195893368,2.56950771808624,7786,2,"meta_highrescanopyheight_orthophoto",0.5,"orthophoto_50cm_2025","Nord-Norge"
"NINFP2410149749",0.0100752358984452,0.010056687053293,2564,2,"meta_highrescanopyheight_orthophoto",0.5,"orthophoto_50cm_2025","Nord-Norge"
"NINFP2210080209",0.0107162230256401,0.0100767808035016,143265,11,"meta_highrescanopyheight_orthophoto",0.5,"orthophoto_50cm_2025","Nord-Norge"
"NINFP1810030736",0.0353232684680048,0.0103107923641801,12689,2,"meta_highrescanopyheight_orthophoto",0.5,"orthophoto_50cm_2025","Nord-Norge"
"NINFP2010024018",0.405882987073703,0.0174915306270123,16577,3,"meta_highrescanopyheight_orthophoto",0.5,"orthophoto_50cm_2025","Nord-Norge"
"NINFP2010038999",0.324206448702126,0.0205717850476503,51742,4,"meta_highrescanopyheight_orthophoto",0.5,"orthophoto_50cm_2025","Nord-Norge"
"NINFP2110052585",0.0627365741631402,0.0102787930518389,30589,4,"meta_highrescanopyheight_orthophoto",0.5,"orthophoto_50cm_2025","Nord-Norge"
"NINFP2510206945",0.0728542201749942,0.01090387115255,10374,2,"meta_highrescanopyheight_orthophoto",0.5,"orthophoto_50cm_2025","Nord-Norge"
"NINFP2510198318",0.0352091029502631,0.0101568638347089,15668,2,"meta_highrescanopyheight_orthophoto",0.5,"orthophoto_50cm_2025","Nord-Norge"
"NINFP1910019108",4.14555540809381,1.56353533267975,1991,1,"meta_highrescanopyheight_orthophoto",0.5,"orthophoto_50cm_2025","Nord-Norge"
"NINFP1910026322",0.32913656608428,0.0130791170522571,109981,4,"meta_highrescanopyheight_orthophoto",0.5,"orthophoto_50cm_2025","Nord-Norge"
"NINFP2510209489",4.85049016070666,4.65625715255737,1507,1,"meta_highrescanopyheight_orthophoto",0.5,"orthophoto_50cm_2025","Nord-Norge"
"NINFP2010007065",0.415636200318914,0.0101693663746119,343919,10,"meta_highrescanopyheight_orthophoto",0.5,"orthophoto_50cm_2025","Nord-Norge"
"NINFP1810033408",0.0102015443495475,0.0101981065236032,80,1,"meta_highrescanopyheight_orthophoto",0.5,"orthophoto_50cm_2025","Nord-Norge"
"NINFP2310134121",2.47057874913647,1.5308244228363,9044,2,"meta_highrescanopyheight_orthophoto",0.5,"orthophoto_50cm_2025","Nord-Norge"
"NINFP2310133617",0.117752553026088,0.0102232545614243,473627,35,"meta_highrescanopyheight_orthophoto",0.5,"orthophoto_50cm_2025","Nord-Norge"
"NINFP1810025860",1.90477136556789,0.883642464876175,41820,6,"meta_highrescanopyheight_orthophoto",0.5,"orthophoto_50cm_2025","Nord-Norge"
"NINFP1910032583",0.426009476811132,0.0117372656241059,63802,7,"meta_highrescanopyheight_orthophoto",0.5,"orthophoto_50cm_2025","Nord-Norge"
"NINFP1810038017",0.290422839845227,0.0106436936184764,135708,6,"meta_highrescanopyheight_orthophoto",0.5,"orthophoto_50cm_2025","Nord-Norge"
"NINFP2410156980",0.497492483550093,0.0109029449522495,2020,2,"meta_highrescanopyheight_orthophoto",0.5,"orthophoto_50cm_2025","Nord-Norge"
"NINFP2010010682",4.5690242954661,4.65111875534058,4190,1,"meta_highrescanopyheight_orthophoto",0.5,"orthophoto_50cm_2025","Nord-Norge"
"NINFP2510194934",4.77432765689824,5.15430927276611,6588,1,"meta_highrescanopyheight_orthophoto",0.5,"orthophoto_50cm_2025","Nord-Norge"
"NINFP2110018582",0.0100679305859857,0.0100480350665748,10218,4,"meta_highrescanopyheight_orthophoto",0.5,"orthophoto_50cm_2025","Nord-Norge"
"NINFP2410161639",0.0622984484387423,0.0102002006024122,50033,6,"meta_highrescanopyheight_orthophoto",0.5,"orthophoto_50cm_2025","Nord-Norge"
"NINFP2510203981",0.0212722287692018,0.010378370527178,17980,4,"meta_highrescanopyheight_orthophoto",0.5,"orthophoto_50cm_2025","Nord-Norge"
"NINFP2310136797",0.0492302214282625,0.0146261565387249,6395,2,"meta_highrescanopyheight_orthophoto",0.5,"orthophoto_50cm_2025","Nord-Norge"
"NINFP2410159247",0.138465701241946,0.0104511445388198,11291,4,"meta_highrescanopyheight_orthophoto",0.5,"orthophoto_50cm_2025","Nord-Norge"
"NINFP2010032265",0.0376569913646303,0.0104074361734092,34614,6,"meta_highrescanopyheight_orthophoto",0.5,"orthophoto_50cm_2025","Nord-Norge"
"NINFP2010014203",0.808552025569045,0.0123200044035912,18661,2,"meta_highrescanopyheight_orthophoto",0.5,"orthophoto_50cm_2025","Nord-Norge"
"NINFP2010024383",0.779492225552794,0.132527813315392,33324,5,"meta_highrescanopyheight_orthophoto",0.5,"orthophoto_50cm_2025","Nord-Norge"
"NINFP1810035788",0.208088335228046,0.011424751020968,36398,4,"meta_highrescanopyheight_orthophoto",0.5,"orthophoto_50cm_2025","Nord-Norge"
"NINFP2410175094",0.0871496181974983,0.0112203555181623,15401,2,"meta_highrescanopyheight_orthophoto",0.5,"orthophoto_50cm_2025","Nord-Norge"
"NINFP1810037997",2.93450669765029,2.73915028572083,7709,1,"meta_highrescanopyheight_orthophoto",0.5,"orthophoto_50cm_2025","Nord-Norge"
"NINFP2410157517",5.47861507996378,6.02737283706665,20904,2,"meta_highrescanopyheight_orthophoto",0.5,"orthophoto_50cm_2025","Nord-Norge"
"NINFP2410155662",0.0274998664674896,0.0101308599114418,49863,5,"meta_highrescanopyheight_orthophoto",0.5,"orthophoto_50cm_2025","Nord-Norge"
"NINFP2010017304",0.954425879580749,0.0328506249934435,9250,2,"meta_highrescanopyheight_orthophoto",0.5,"orthophoto_50cm_2025","Nord-Norge"
"NINFP2210106787",0.0565678008604001,0.0102963461540639,6216,3,"meta_highrescanopyheight_orthophoto",0.5,"orthophoto_50cm_2025","Nord-Norge"
"NINFP1810047172",1.1592806591046,0.0210527321323752,17986,4,"meta_highrescanopyheight_orthophoto",0.5,"orthophoto_50cm_2025","Nord-Norge"
"NINFP2310130526",0.0827398947346774,0.0112859238870442,14372,4,"meta_highrescanopyheight_orthophoto",0.5,"orthophoto_50cm_2025","Nord-Norge"
"NINFP2110020759",0.304555078902268,0.0106431739404798,8463,2,"meta_highrescanopyheight_orthophoto",0.5,"orthophoto_50cm_2025","Nord-Norge"
"NINFP2410173395",0.11217529756831,0.010404072701931,21665,2,"meta_highrescanopyheight_orthophoto",0.5,"orthophoto_50cm_2025","Nord-Norge"
"NINFP2310130664",0.115414444756543,0.0103177186101675,5361,2,"meta_highrescanopyheight_orthophoto",0.5,"orthophoto_50cm_2025","Nord-Norge"
"NINFP2410159089",0.514961804107739,0.019084881991148,5568,1,"meta_highrescanopyheight_orthophoto",0.5,"orthophoto_50cm_2025","Nord-Norge"
"NINFP1810012123",0.0518493851510368,0.0101881558075547,252252,16,"meta_highrescanopyheight_orthophoto",0.5,"orthophoto_50cm_2025","Nord-Norge"
"NINFP1810012118",0.0175137027472703,0.0100851459428668,340924,19,"meta_highrescanopyheight_orthophoto",0.5,"orthophoto_50cm_2025","Nord-Norge"
"NINFP1810047429",0.109005246164775,0.0103672230616212,5887,1,"meta_highrescanopyheight_orthophoto",0.5,"orthophoto_50cm_2025","Nord-Norge"
"NINFP2110051225",0.312216010135182,0.012323887553066,6194,1,"meta_highrescanopyheight_orthophoto",0.5,"orthophoto_50cm_2025","Nord-Norge"
"NINFP2510185961",0.441697802492008,0.0102350963279605,94864,9,"meta_highrescanopyheight_orthophoto",0.5,"orthophoto_50cm_2025","Nord-Norge"
"NINFP2010025432",5.54166675310549,5.0604100227356,11767,2,"meta_highrescanopyheight_orthophoto",0.5,"orthophoto_50cm_2025","Nord-Norge"
"NINFP2210091667",0.0289821635494527,0.0103748608380556,20241,2,"meta_highrescanopyheight_orthophoto",0.5,"orthophoto_50cm_2025","Nord-Norge"
"NINFP2510196143",0.010115645740185,0.0100420247763395,220075,14,"meta_highrescanopyheight_orthophoto",0.5,"orthophoto_50cm_2025","Nord-Norge"
"NINFP2510189310",1.5946715622471,0.0451432466506958,26701,2,"meta_highrescanopyheight_orthophoto",0.5,"orthophoto_50cm_2025","Nord-Norge"
"NINFP2210085103",0.0253436434397499,0.0101496269926429,40485,3,"meta_highrescanopyheight_orthophoto",0.5,"orthophoto_50cm_2025","Nord-Norge"
"NINFP2510185977",0.012186440737263,0.0100910309702158,245079,13,"meta_highrescanopyheight_orthophoto",0.5,"orthophoto_50cm_2025","Nord-Norge"
"NINFP2010022959",0.012438617895025,0.0102820284664631,11371,2,"meta_highrescanopyheight_orthophoto",0.5,"orthophoto_50cm_2025","Nord-Norge"
"NINFP2010055731",0.208282678776662,0.0101109044626355,241574,10,"meta_highrescanopyheight_orthophoto",0.5,"orthophoto_50cm_2025","Nord-Norge"
"NINFP2410154571",4.07381994414806,4.14771842956543,8193,2,"meta_highrescanopyheight_orthophoto",0.5,"orthophoto_50cm_2025","Nord-Norge"
"NINFP2210107568",0.0102294442154802,0.0100863338448107,12296,2,"meta_highrescanopyheight_orthophoto",0.5,"orthophoto_50cm_2025","Nord-Norge"
"NINFP2410163930",0.217898563350493,0.0117450198158622,17751,3,"meta_highrescanopyheight_orthophoto",0.5,"orthophoto_50cm_2025","Nord-Norge"
"NINFP2510203019",0.0755652391446956,0.0111718056723475,8120,2,"meta_highrescanopyheight_orthophoto",0.5,"orthophoto_50cm_2025","Nord-Norge"
"NINFP2210076513",0.0103129780387823,0.0100878588855267,58104,5,"meta_highrescanopyheight_orthophoto",0.5,"orthophoto_50cm_2025","Nord-Norge"
"NINFP2010053871",0.360741192427228,0.0224192123860121,4468,1,"meta_highrescanopyheight_orthophoto",0.5,"orthophoto_50cm_2025","Nord-Norge"
"NINFP2210089614",0.630013720706305,0.0104827829636633,9362,4,"meta_highrescanopyheight_orthophoto",0.5,"orthophoto_50cm_2025","Nord-Norge"
"NINFP1810034894",0.0111417387396185,0.0101629998534918,17063,4,"meta_highrescanopyheight_orthophoto",0.5,"orthophoto_50cm_2025","Nord-Norge"
"NINFP1810014535",0.0585208533337165,0.0103284083306789,44735,4,"meta_highrescanopyheight_orthophoto",0.5,"orthophoto_50cm_2025","Nord-Norge"
"NINFP2510206901",0.263368996787006,0.0109970401972532,91580,7,"meta_highrescanopyheight_orthophoto",0.5,"orthophoto_50cm_2025","Nord-Norge"
"NINFP2010024601",0.596383557078751,0.0233757868409157,12330,3,"meta_highrescanopyheight_orthophoto",0.5,"orthophoto_50cm_2025","Nord-Norge"
"NINFP2310132466",0.0184653051383931,0.0101195089519024,141745,11,"meta_highrescanopyheight_orthophoto",0.5,"orthophoto_50cm_2025","Nord-Norge"
"NINFP1810030741",0.0994303552118875,0.0103688854724169,169456,11,"meta_highrescanopyheight_orthophoto",0.5,"orthophoto_50cm_2025","Nord-Norge"
"NINFP2410155820",0.98172234694806,0.413716077804565,4162,4,"meta_highrescanopyheight_orthophoto",0.5,"orthophoto_50cm_2025","Nord-Norge"
"NINFP1910032793",0.85503038572996,0.0192924560979009,22952,2,"meta_highrescanopyheight_orthophoto",0.5,"orthophoto_50cm_2025","Nord-Norge"
"NINFP1810036311",0.388623548967066,0.0817938819527626,24561,5,"meta_highrescanopyheight_orthophoto",0.5,"orthophoto_50cm_2025","Nord-Norge"
"NINFP1910040134",0.0158250582419259,0.0100491642951965,62698,4,"meta_highrescanopyheight_orthophoto",0.5,"orthophoto_50cm_2025","Nord-Norge"
"NINFP1810022614",2.29933675471461,1.66615998744965,4012,1,"meta_highrescanopyheight_orthophoto",0.5,"orthophoto_50cm_2025","Nord-Norge"
"NINFP2110042838",0.0201464884537713,0.010159176774323,70700,4,"meta_highrescanopyheight_orthophoto",0.5,"orthophoto_50cm_2025","Nord-Norge"
"NINFP2410174874",0.0440820582348139,0.0111325425095856,6398,4,"meta_highrescanopyheight_orthophoto",0.5,"orthophoto_50cm_2025","Nord-Norge"
"NINFP1810036685",0.0890920872769642,0.0115673514083028,7350,1,"meta_highrescanopyheight_orthophoto",0.5,"orthophoto_50cm_2025","Nord-Norge"
"NINFP2310122260",0.0900442728660367,0.0103723336942494,208584,10,"meta_highrescanopyheight_orthophoto",0.5,"orthophoto_50cm_2025","Nord-Norge"
"NINFP1810034622",0.0154707401427038,0.0100490152835846,1323205,52,"meta_highrescanopyheight_orthophoto",0.5,"orthophoto_50cm_2025","Nord-Norge"
"NINFP2510215549",0.0131381646467886,0.0105445627123117,2981,2,"meta_highrescanopyheight_orthophoto",0.5,"orthophoto_50cm_2025","Nord-Norge"
"NINFP2510206720",0.482655493814188,0.0650269649922848,4512,1,"meta_highrescanopyheight_orthophoto",0.5,"orthophoto_50cm_2025","Nord-Norge"
"NINFP2510198474",2.48410676294828,1.79463875293732,36307,5,"meta_highrescanopyheight_orthophoto",0.5,"orthophoto_50cm_2025","Nord-Norge"
"NINFP2010015281",2.30061835906157,0.650182008743286,20069,3,"meta_highrescanopyheight_orthophoto",0.5,"orthophoto_50cm_2025","Nord-Norge"
"NINFP2110019408",0.18114269462629,0.0101050906814635,38010,3,"meta_highrescanopyheight_orthophoto",0.5,"orthophoto_50cm_2025","Nord-Norge"
"NINFP2010011909",0.454647087535374,0.0112342424690723,136693,9,"meta_highrescanopyheight_orthophoto",0.5,"orthophoto_50cm_2025","Nord-Norge"
"NINFP1810018366",0.263597554567991,0.0103269722312689,48956,5,"meta_highrescanopyheight_orthophoto",0.5,"orthophoto_50cm_2025","Nord-Norge"
"NINFP2110033306",1.95706695340808,1.24918746948242,131347,9,"meta_highrescanopyheight_orthophoto",0.5,"orthophoto_50cm_2025","Nord-Norge"
"NINFP2210086702",0.017878750405154,0.0104236705228686,13447,2,"meta_highrescanopyheight_orthophoto",0.5,"orthophoto_50cm_2025","Nord-Norge"
"NINFP2010026733",0.0300053910090885,0.0104424613527954,69488,6,"meta_highrescanopyheight_orthophoto",0.5,"orthophoto_50cm_2025","Nord-Norge"
"NINFP1810015952",0.0379906846737104,0.01017906377092,14622,2,"meta_highrescanopyheight_orthophoto",0.5,"orthophoto_50cm_2025","Nord-Norge"
"NINFP2010029816",0.0249693232787866,0.0103463628329337,9986,2,"meta_highrescanopyheight_orthophoto",0.5,"orthophoto_50cm_2025","Nord-Norge"
"NINFP2310118915",0.0582742303277517,0.0107750780880451,114332,8,"meta_highrescanopyheight_orthophoto",0.5,"orthophoto_50cm_2025","Nord-Norge"
"NINFP1810026567",2.16322184292162,1.48378843069077,14924,4,"meta_highrescanopyheight_orthophoto",0.5,"orthophoto_50cm_2025","Nord-Norge"
"NINFP2310127618",4.21738734983946,2.53291511535645,16103,2,"meta_highrescanopyheight_orthophoto",0.5,"orthophoto_50cm_2025","Nord-Norge"
"NINFP2510205699",0.146177896762519,0.0162928849458694,15325,2,"meta_highrescanopyheight_orthophoto",0.5,"orthophoto_50cm_2025","Nord-Norge"
"NINFP2110055031",0.0186222796162834,0.0101015544496477,13728,2,"meta_highrescanopyheight_orthophoto",0.5,"orthophoto_50cm_2025","Nord-Norge"
"NINFP2210091710",0.0306669702362142,0.0100617147982121,416736,16,"meta_highrescanopyheight_orthophoto",0.5,"orthophoto_50cm_2025","Nord-Norge"
"NINFP2510186168",0.0234048408314966,0.0100974813103676,1216063,40,"meta_highrescanopyheight_orthophoto",0.5,"orthophoto_50cm_2025","Nord-Norge"
"NINFP1810029773",0.364321639900268,0.0199586888775229,9820,3,"meta_highrescanopyheight_orthophoto",0.5,"orthophoto_50cm_2025","Nord-Norge"
"NINFP2510203178",0.544779885446224,0.0125202904455364,39474,6,"meta_highrescanopyheight_orthophoto",0.5,"orthophoto_50cm_2025","Nord-Norge"
"NINFP2410157018",0.0268636215911503,0.0101994997821748,23384,3,"meta_highrescanopyheight_orthophoto",0.5,"orthophoto_50cm_2025","Nord-Norge"
"NINFP2210083286",0.623603991795879,0.0104197128675878,4446,1,"meta_highrescanopyheight_orthophoto",0.5,"orthophoto_50cm_2025","Nord-Norge"
"NINFP2110052956",0.0642937694797281,0.0103204129263759,23556,3,"meta_highrescanopyheight_orthophoto",0.5,"orthophoto_50cm_2025","Nord-Norge"
"NINFP2510212290",2.77229171400235,2.15749835968018,11878,2,"meta_highrescanopyheight_orthophoto",0.5,"orthophoto_50cm_2025","Nord-Norge"
"NINFP1810044546",0.892219376113584,0.0237701646983624,44139,4,"meta_highrescanopyheight_orthophoto",0.5,"orthophoto_50cm_2025","Nord-Norge"
"NINFP2410172359",0.0699741302191147,0.0107076782733202,4536,2,"meta_highrescanopyheight_orthophoto",0.5,"orthophoto_50cm_2025","Nord-Norge"
"NINFP2510189744",0.150203764130946,0.0102362241595984,151732,10,"meta_highrescanopyheight_orthophoto",0.5,"orthophoto_50cm_2025","Nord-Norge"
"NINFP1910026138",0.0267803635886774,0.0101434253156185,48809,5,"meta_highrescanopyheight_orthophoto",0.5,"orthophoto_50cm_2025","Nord-Norge"
"NINFP1910026920",0.079912246056616,0.0101349363103509,44187,5,"meta_highrescanopyheight_orthophoto",0.5,"orthophoto_50cm_2025","Nord-Norge"
"NINFP2010054190",0.294635319786605,0.0128635107539594,10784,3,"meta_highrescanopyheight_orthophoto",0.5,"orthophoto_50cm_2025","Nord-Norge"
"NINFP2210092171",0.0400622831671026,0.0101423915475607,56583,4,"meta_highrescanopyheight_orthophoto",0.5,"orthophoto_50cm_2025","Nord-Norge"
"NINFP1810035340",0.381969651862873,0.0165038555860519,15001,2,"meta_highrescanopyheight_orthophoto",0.5,"orthophoto_50cm_2025","Nord-Norge"
"NINFP2010025355",0.0666256549128599,0.0125813870690763,4124,1,"meta_highrescanopyheight_orthophoto",0.5,"orthophoto_50cm_2025","Nord-Norge"
"NINFP2110069611",0.0933268377400715,0.0108386790379882,51178,4,"meta_highrescanopyheight_orthophoto",0.5,"orthophoto_50cm_2025","Nord-Norge"
"NINFP1810037129",0.180731440077309,0.0202505439519882,306600,12,"meta_highrescanopyheight_orthophoto",0.5,"orthophoto_50cm_2025","Nord-Norge"
"NINFP1910026020",0.0101555973193412,0.0101245306432247,6007,2,"meta_highrescanopyheight_orthophoto",0.5,"orthophoto_50cm_2025","Nord-Norge"
"NINFP1810032717",0.374557403493757,0.0117667778395116,86518,7,"meta_highrescanopyheight_orthophoto",0.5,"orthophoto_50cm_2025","Nord-Norge"
"NINFP2010039037",0.320113376881833,0.0108327204361558,8666,1,"meta_highrescanopyheight_orthophoto",0.5,"orthophoto_50cm_2025","Nord-Norge"
"NINFP2010021661",0.749074649626686,0.0448313876986504,35101,3,"meta_highrescanopyheight_orthophoto",0.5,"orthophoto_50cm_2025","Nord-Norge"
"NINFP2010043234",1.611426487924,1.14850854873657,1318,1,"meta_highrescanopyheight_orthophoto",0.5,"orthophoto_50cm_2025","Nord-Norge"
"NINFP2010015453",0.0281589803635488,0.0102828871458769,16842,4,"meta_highrescanopyheight_orthophoto",0.5,"orthophoto_50cm_2025","Nord-Norge"
"NINFP2310143859",0.386547118800243,0.0125794997438788,103101,5,"meta_highrescanopyheight_orthophoto",0.5,"orthophoto_50cm_2025","Nord-Norge"
"NINFP2410174902",0.271901775923946,0.0111067052930593,9831,2,"meta_highrescanopyheight_orthophoto",0.5,"orthophoto_50cm_2025","Nord-Norge"
"NINFP2410165921",0.482045350464556,0.022665498778224,7818,2,"meta_highrescanopyheight_orthophoto",0.5,"orthophoto_50cm_2025","Nord-Norge"
"NINFP2210103893",0.0183720865420281,0.0104378079995513,38211,4,"meta_highrescanopyheight_orthophoto",0.5,"orthophoto_50cm_2025","Nord-Norge"
"NINFP2510210493",0.0259859157733434,0.0101875457912683,145619,6,"meta_highrescanopyheight_orthophoto",0.5,"orthophoto_50cm_2025","Nord-Norge"
"NINFP2410163032",0.0117027769037407,0.0101991067640483,8384,2,"meta_highrescanopyheight_orthophoto",0.5,"orthophoto_50cm_2025","Nord-Norge"
"NINFP2210095099",0.168550393299388,0.0148673178628087,20727,4,"meta_highrescanopyheight_orthophoto",0.5,"orthophoto_50cm_2025","Nord-Norge"
"NINFP2210083939",0.125211591422456,0.0107039036229253,21172,3,"meta_highrescanopyheight_orthophoto",0.5,"orthophoto_50cm_2025","Nord-Norge"
"NINFP2510198320",0.0633506582317772,0.0103340661153197,9935,2,"meta_highrescanopyheight_orthophoto",0.5,"orthophoto_50cm_2025","Nord-Norge"
"NINFP2010025510",0.0177911534097452,0.0103186117485166,16121,4,"meta_highrescanopyheight_orthophoto",0.5,"orthophoto_50cm_2025","Nord-Norge"
"NINFP2410154445",0.0260120619214289,0.0102722235023975,11749,5,"meta_highrescanopyheight_orthophoto",0.5,"orthophoto_50cm_2025","Nord-Norge"
"NINFP2510205460",0.0101699624496304,0.0101439673453569,8899,2,"meta_highrescanopyheight_orthophoto",0.5,"orthophoto_50cm_2025","Nord-Norge"
"NINFP2510185565",0.0461129338043545,0.010088924318552,119151,9,"meta_highrescanopyheight_orthophoto",0.5,"orthophoto_50cm_2025","Nord-Norge"
"NINFP2410172068",0.0101221053758502,0.0101004922762513,6891,4,"meta_highrescanopyheight_orthophoto",0.5,"orthophoto_50cm_2025","Nord-Norge"
"NINFP2010013722",0.104941000125048,0.0106081049889326,88251,7,"meta_highrescanopyheight_orthophoto",0.5,"orthophoto_50cm_2025","Nord-Norge"
"NINFP2410154591",2.73472658568539,2.32472467422485,6389,2,"meta_highrescanopyheight_orthophoto",0.5,"orthophoto_50cm_2025","Nord-Norge"
"NINFP2310125543",0.126032204784591,0.010415006428957,18447,3,"meta_highrescanopyheight_orthophoto",0.5,"orthophoto_50cm_2025","Nord-Norge"
"NINFP2510205260",0.925439900454091,0.15459218621254,9164,2,"meta_highrescanopyheight_orthophoto",0.5,"orthophoto_50cm_2025","Nord-Norge"
"NINFP2010018912",2.04389766088778,1.1102129817009,7650,2,"meta_highrescanopyheight_orthophoto",0.5,"orthophoto_50cm_2025","Nord-Norge"
"NINFP2310133174",0.0327213244910686,0.0103295696899295,41216,6,"meta_highrescanopyheight_orthophoto",0.5,"orthophoto_50cm_2025","Nord-Norge"
"NINFP2110019444",0.139097629108505,0.0106872669421136,11784,2,"meta_highrescanopyheight_orthophoto",0.5,"orthophoto_50cm_2025","Nord-Norge"
"NINFP2010026119",0.559008205112354,0.0264016576111317,12518,3,"meta_highrescanopyheight_orthophoto",0.5,"orthophoto_50cm_2025","Nord-Norge"
"NINFP2210090071",0.141692569509435,0.0108594307675958,18386,3,"meta_highrescanopyheight_orthophoto",0.5,"orthophoto_50cm_2025","Nord-Norge"
"NINFP2510194661",0.0350390681869141,0.0103298500180244,137074,8,"meta_highrescanopyheight_orthophoto",0.5,"orthophoto_50cm_2025","Nord-Norge"
"NINFP2510205265",1.23148048624429,0.248636491596699,9238,4,"meta_highrescanopyheight_orthophoto",0.5,"orthophoto_50cm_2025","Nord-Norge"
"NINFP2410154578",1.43837437458042,0.679643124341965,3114,1,"meta_highrescanopyheight_orthophoto",0.5,"orthophoto_50cm_2025","Nord-Norge"
"NINFP2010039554",0.259236736804438,0.0111048175022006,12262,4,"meta_highrescanopyheight_orthophoto",0.5,"orthophoto_50cm_2025","Nord-Norge"
"NINFP1810036319",1.35504759921802,1.06799530982971,32089,4,"meta_highrescanopyheight_orthophoto",0.5,"orthophoto_50cm_2025","Nord-Norge"
"NINFP2110054406",0.0110446549497906,0.0100297257304192,19011,3,"meta_highrescanopyheight_orthophoto",0.5,"orthophoto_50cm_2025","Nord-Norge"
"NINFP1910025165",2.55311570159732,0.560171902179718,6127,2,"meta_highrescanopyheight_orthophoto",0.5,"orthophoto_50cm_2025","Nord-Norge"
"NINFP1810031724",0.286888479783507,0.0151859279721975,10144,2,"meta_highrescanopyheight_orthophoto",0.5,"orthophoto_50cm_2025","Nord-Norge"
"NINFP2510193222",0.0133613019429416,0.0102114398032427,23756,4,"meta_highrescanopyheight_orthophoto",0.5,"orthophoto_50cm_2025","Nord-Norge"
"NINFP2010025771",0.0942027174634595,0.0101572088897228,201687,16,"meta_highrescanopyheight_orthophoto",0.5,"orthophoto_50cm_2025","Nord-Norge"
"NINFP2410156235",2.03414303637888,0.408906310796738,60135,7,"meta_highrescanopyheight_orthophoto",0.5,"orthophoto_50cm_2025","Nord-Norge"
"NINFP2010013876",5.86057511455542,6.1969907283783,11724,3,"meta_highrescanopyheight_orthophoto",0.5,"orthophoto_50cm_2025","Nord-Norge"
"NINFP2410162283",0.0115789176340908,0.0101346150040627,10415,1,"meta_highrescanopyheight_orthophoto",0.5,"orthophoto_50cm_2025","Nord-Norge"
"NINFP2310132472",0.0136807770553706,0.0101923365145922,12267,1,"meta_highrescanopyheight_orthophoto",0.5,"orthophoto_50cm_2025","Nord-Norge"
"NINFP2210112943",0.0820535131643877,0.0101825566962361,94296,5,"meta_highrescanopyheight_orthophoto",0.5,"orthophoto_50cm_2025","Nord-Norge"
"NINFP2410157437",0.0163725710276055,0.0103110577911139,22669,4,"meta_highrescanopyheight_orthophoto",0.5,"orthophoto_50cm_2025","Nord-Norge"
"NINFP2010006102",0.263997670716532,0.0102469325065613,459550,17,"meta_highrescanopyheight_orthophoto",0.5,"orthophoto_50cm_2025","Nord-Norge"
"NINFP2410157019",0.623266470603223,0.0417697988450527,6321,2,"meta_highrescanopyheight_orthophoto",0.5,"orthophoto_50cm_2025","Nord-Norge"
"NINFP2110067240",0.0723169302489057,0.0102784056216478,4965,2,"meta_highrescanopyheight_orthophoto",0.5,"orthophoto_50cm_2025","Nord-Norge"
"NINFP1810037231",0.273323765408913,0.012390916235745,45414,5,"meta_highrescanopyheight_orthophoto",0.5,"orthophoto_50cm_2025","Nord-Norge"
"NINFP2310134514",0.0144965354266677,0.0101402685977519,47690,4,"meta_highrescanopyheight_orthophoto",0.5,"orthophoto_50cm_2025","Nord-Norge"
"NINFP2010023510",0.0170675513020282,0.0100230295211077,697538,20,"meta_highrescanopyheight_orthophoto",0.5,"orthophoto_50cm_2025","Nord-Norge"
"NINFP2510218455",0.0401642623394368,0.0100752571597695,60761,7,"meta_highrescanopyheight_orthophoto",0.5,"orthophoto_50cm_2025","Nord-Norge"
"NINFP2410172240",0.0102379148677205,0.0101166730746627,13244,3,"meta_highrescanopyheight_orthophoto",0.5,"orthophoto_50cm_2025","Nord-Norge"
"NINFP1810026571",2.95314685451262,2.19392156600952,17949,4,"meta_highrescanopyheight_orthophoto",0.5,"orthophoto_50cm_2025","Nord-Norge"
"NINFP2210083940",0.19131168376527,0.0122801270335913,11115,3,"meta_highrescanopyheight_orthophoto",0.5,"orthophoto_50cm_2025","Nord-Norge"
"NINFP2010025008",0.0472781974694911,0.0101646217517555,60030,5,"meta_highrescanopyheight_orthophoto",0.5,"orthophoto_50cm_2025","Nord-Norge"
"NINFP2210104093",2.58534403480791,2.30232119560242,14418,2,"meta_highrescanopyheight_orthophoto",0.5,"orthophoto_50cm_2025","Nord-Norge"
"NINFP2210086104",0.0487637801957855,0.0104309464804828,27868,4,"meta_highrescanopyheight_orthophoto",0.5,"orthophoto_50cm_2025","Nord-Norge"
"NINFP1810024912",1.64541209346943,0.222985327243805,83541,7,"meta_highrescanopyheight_orthophoto",0.5,"orthophoto_50cm_2025","Nord-Norge"
"NINFP2010026583",0.115625769916497,0.010810200124979,165069,9,"meta_highrescanopyheight_orthophoto",0.5,"orthophoto_50cm_2025","Nord-Norge"
"NINFP1910019017",0.0911089336168974,0.0102366646751761,36301,3,"meta_highrescanopyheight_orthophoto",0.5,"orthophoto_50cm_2025","Nord-Norge"
"NINFP2110071688",0.0100577721704137,0.0100409314036369,11376,3,"meta_highrescanopyheight_orthophoto",0.5,"orthophoto_50cm_2025","Nord-Norge"
"NINFP1810025419",1.34563788148972,0.220561534166336,110465,8,"meta_highrescanopyheight_orthophoto",0.5,"orthophoto_50cm_2025","Nord-Norge"
"NINFP2110023854",0.196979393303003,0.0160643002018332,31702,4,"meta_highrescanopyheight_orthophoto",0.5,"orthophoto_50cm_2025","Nord-Norge"
"NINFP2310142099",0.149903181337811,0.0114253885112703,7636,3,"meta_highrescanopyheight_orthophoto",0.5,"orthophoto_50cm_2025","Nord-Norge"
"NINFP1810031588",0.0119535684317391,0.0101789203472435,7772,2,"meta_highrescanopyheight_orthophoto",0.5,"orthophoto_50cm_2025","Nord-Norge"
"NINFP2010013874",5.02255492788673,4.88998556137085,8383,2,"meta_highrescanopyheight_orthophoto",0.5,"orthophoto_50cm_2025","Nord-Norge"
"NINFP2110020316",1.50877078797119,0.104364521801472,5449,2,"meta_highrescanopyheight_orthophoto",0.5,"orthophoto_50cm_2025","Nord-Norge"
"NINFP2410162280",0.0437182269228249,0.0102821514010429,61063,4,"meta_highrescanopyheight_orthophoto",0.5,"orthophoto_50cm_2025","Nord-Norge"
"NINFP2210114008",0.01030410055589,0.0100488439202309,15559,3,"meta_highrescanopyheight_orthophoto",0.5,"orthophoto_50cm_2025","Nord-Norge"
"NINFP2010017510",0.91710872956927,0.0254278294742107,8444,1,"meta_highrescanopyheight_orthophoto",0.5,"orthophoto_50cm_2025","Nord-Norge"
"NINFP1910017525",0.0254197662381089,0.0102601209655404,4941,2,"meta_highrescanopyheight_orthophoto",0.5,"orthophoto_50cm_2025","Nord-Norge"
"NINFP2110031339",1.00418929151888,0.13115531951189,8896,3,"meta_highrescanopyheight_orthophoto",0.5,"orthophoto_50cm_2025","Nord-Norge"
"NINFP2110019548",0.0433152017741085,0.010381686501205,5401,2,"meta_highrescanopyheight_orthophoto",0.5,"orthophoto_50cm_2025","Nord-Norge"
"NINFP2510204226",0.0102501886535286,0.0100661851465702,119368,6,"meta_highrescanopyheight_orthophoto",0.5,"orthophoto_50cm_2025","Nord-Norge"
"NINFP2410165991",0.329358888061393,0.013554216362536,43859,6,"meta_highrescanopyheight_orthophoto",0.5,"orthophoto_50cm_2025","Nord-Norge"
"NINFP2410159254",0.0614977092433452,0.0100951259955764,5833,2,"meta_highrescanopyheight_orthophoto",0.5,"orthophoto_50cm_2025","Nord-Norge"
"NINFP2410174721",0.065554400362818,0.011311081238091,6953,2,"meta_highrescanopyheight_orthophoto",0.5,"orthophoto_50cm_2025","Nord-Norge"
"NINFP2410165915",0.8213230454333,0.0355399809777737,24057,3,"meta_highrescanopyheight_orthophoto",0.5,"orthophoto_50cm_2025","Nord-Norge"
"NINFP2510201432",0.0198720987453165,0.0101493042893708,19662,3,"meta_highrescanopyheight_orthophoto",0.5,"orthophoto_50cm_2025","Nord-Norge"
"NINFP2510189758",1.88077239453145,0.749198704957962,2524,2,"meta_highrescanopyheight_orthophoto",0.5,"orthophoto_50cm_2025","Nord-Norge"
"NINFP2510202472",0.213021791068702,0.0151479234918952,4068,4,"meta_highrescanopyheight_orthophoto",0.5,"orthophoto_50cm_2025","Nord-Norge"
"NINFP2310131814",0.0102437743778753,0.0100675676949322,47322,6,"meta_highrescanopyheight_orthophoto",0.5,"orthophoto_50cm_2025","Nord-Norge"
"NINFP2310132942",0.24813304450773,0.0107409018091857,31974,4,"meta_highrescanopyheight_orthophoto",0.5,"orthophoto_50cm_2025","Nord-Norge"
"NINFP2310139225",3.32563601872811,2.17758464813232,7803,5,"meta_highrescanopyheight_orthophoto",0.5,"orthophoto_50cm_2025","Nord-Norge"
"NINFP2510188441",0.0298980401358075,0.0101284207776189,186474,8,"meta_highrescanopyheight_orthophoto",0.5,"orthophoto_50cm_2025","Nord-Norge"
"NINFP2310130412",0.0571886525554722,0.0104731507599354,27940,5,"meta_highrescanopyheight_orthophoto",0.5,"orthophoto_50cm_2025","Nord-Norge"
"NINFP2210082748",0.174557880790654,0.0193326342850924,3095,1,"meta_highrescanopyheight_orthophoto",0.5,"orthophoto_50cm_2025","Nord-Norge"
"NINFP2510203902",0.0117121162170135,0.0100759789347649,23323,4,"meta_highrescanopyheight_orthophoto",0.5,"orthophoto_50cm_2025","Nord-Norge"
"NINFP2310142549",0.509188206689161,0.0242167338728905,60665,4,"meta_highrescanopyheight_orthophoto",0.5,"orthophoto_50cm_2025","Nord-Norge"
"NINFP2410154203",3.29230654745456,1.95511221885681,4109,1,"meta_highrescanopyheight_orthophoto",0.5,"orthophoto_50cm_2025","Nord-Norge"
"NINFP2310123687",0.232188165840432,0.0151906893588603,5002,1,"meta_highrescanopyheight_orthophoto",0.5,"orthophoto_50cm_2025","Nord-Norge"
"NINFP2310140851",0.0777648737947705,0.0121445041149855,4834,1,"meta_highrescanopyheight_orthophoto",0.5,"orthophoto_50cm_2025","Nord-Norge"
"NINFP2210082951",0.0106197972128961,0.0100939716212451,57848,5,"meta_highrescanopyheight_orthophoto",0.5,"orthophoto_50cm_2025","Nord-Norge"
"NINFP2510204805",1.0959111193717,0.129769444465637,9041,2,"meta_highrescanopyheight_orthophoto",0.5,"orthophoto_50cm_2025","Nord-Norge"
"NINFP1810029800",0.4731859204101,0.0145749226212502,467560,17,"meta_highrescanopyheight_orthophoto",0.5,"orthophoto_50cm_2025","Nord-Norge"
"NINFP2210086961",0.45875101921434,0.0209184177219868,41371,5,"meta_highrescanopyheight_orthophoto",0.5,"orthophoto_50cm_2025","Nord-Norge"
"NINFP2210107061",0.0131049855194071,0.0101289041340351,21179,2,"meta_highrescanopyheight_orthophoto",0.5,"orthophoto_50cm_2025","Nord-Norge"
"NINFP2410157493",0.116614292978522,0.0106929326429963,51033,6,"meta_highrescanopyheight_orthophoto",0.5,"orthophoto_50cm_2025","Nord-Norge"
"NINFP2110026387",0.0134703555879004,0.010181900113821,7273,2,"meta_highrescanopyheight_orthophoto",0.5,"orthophoto_50cm_2025","Nord-Norge"
"NINFP1910017357",1.11261378143347,0.0263830311596394,3623,1,"meta_highrescanopyheight_orthophoto",0.5,"orthophoto_50cm_2025","Nord-Norge"
"NINFP1810029829",0.744744051337385,0.0204484164714813,260,1,"meta_highrescanopyheight_orthophoto",0.5,"orthophoto_50cm_2025","Nord-Norge"
"NINFP2010025379",0.443126119659386,0.0301962615922093,6582,2,"meta_highrescanopyheight_orthophoto",0.5,"orthophoto_50cm_2025","Nord-Norge"
"NINFP2310128731",0.207576105820307,0.0125308046117425,25415,3,"meta_highrescanopyheight_orthophoto",0.5,"orthophoto_50cm_2025","Nord-Norge"
"NINFP2210107307",0.0102047015286309,0.0101216835901141,7431,1,"meta_highrescanopyheight_orthophoto",0.5,"orthophoto_50cm_2025","Nord-Norge"
"NINFP2410150330",0.0173541235762701,0.0101516880095005,139188,11,"meta_highrescanopyheight_orthophoto",0.5,"orthophoto_50cm_2025","Nord-Norge"
"NINFP2210094016",4.78695484075028,5.1935248374939,15447,4,"meta_highrescanopyheight_orthophoto",0.5,"orthophoto_50cm_2025","Nord-Norge"
"NINFP2310138844",4.20672461301967,3.6635730266571,5401,1,"meta_highrescanopyheight_orthophoto",0.5,"orthophoto_50cm_2025","Nord-Norge"
"NINFP2010025338",3.32688253294333,2.85014307498932,6858,2,"meta_highrescanopyheight_orthophoto",0.5,"orthophoto_50cm_2025","Nord-Norge"
"NINFP1810042369",0.173586716020129,0.0103517584502697,781552,35,"meta_highrescanopyheight_orthophoto",0.5,"orthophoto_50cm_2025","Nord-Norge"
"NINFP2310125541",0.0206620008201843,0.0102446880191565,77393,5,"meta_highrescanopyheight_orthophoto",0.5,"orthophoto_50cm_2025","Nord-Norge"
"NINFP2210105548",0.532758077484193,0.0321871638298035,40833,5,"meta_highrescanopyheight_orthophoto",0.5,"orthophoto_50cm_2025","Nord-Norge"
"NINFP1910024677",0.0203192788277274,0.0103278663009405,4655,1,"meta_highrescanopyheight_orthophoto",0.5,"orthophoto_50cm_2025","Nord-Norge"
"NINFP2010015277",2.05365085631784,0.369996309280396,13005,4,"meta_highrescanopyheight_orthophoto",0.5,"orthophoto_50cm_2025","Nord-Norge"
"NINFP2510185465",0.0101511575674683,0.0100593864917755,293061,12,"meta_highrescanopyheight_orthophoto",0.5,"orthophoto_50cm_2025","Nord-Norge"
"NINFP2310130137",0.614166106573397,0.0271415617316961,1667,2,"meta_highrescanopyheight_orthophoto",0.5,"orthophoto_50cm_2025","Nord-Norge"
"NINFP2210092274",0.246411795668137,0.0365718863904476,11686,3,"meta_highrescanopyheight_orthophoto",0.5,"orthophoto_50cm_2025","Nord-Norge"
"NINFP2210106214",0.0982358518659499,0.0101994080469012,388309,13,"meta_highrescanopyheight_orthophoto",0.5,"orthophoto_50cm_2025","Nord-Norge"
"NINFP2010040878",0.943201502979181,0.110749341547489,8445,3,"meta_highrescanopyheight_orthophoto",0.5,"orthophoto_50cm_2025","Nord-Norge"
"NINFP1810036369",0.0604797874548632,0.0103158722631633,91928,8,"meta_highrescanopyheight_orthophoto",0.5,"orthophoto_50cm_2025","Nord-Norge"
"NINFP2410155542",0.0608492399334822,0.0108943954110146,20311,3,"meta_highrescanopyheight_orthophoto",0.5,"orthophoto_50cm_2025","Nord-Norge"
"NINFP2210100825",1.53725266112287,0.36549437046051,3311,1,"meta_highrescanopyheight_orthophoto",0.5,"orthophoto_50cm_2025","Nord-Norge"
"NINFP2310141465",0.0133789022739702,0.0104935951530933,29395,3,"meta_highrescanopyheight_orthophoto",0.5,"orthophoto_50cm_2025","Nord-Norge"
"NINFP2510197159",0.0514686938315229,0.0102892084978521,37622,5,"meta_highrescanopyheight_orthophoto",0.5,"orthophoto_50cm_2025","Nord-Norge"
"NINFP2010032316",1.36514017615696,0.206050142645836,10116,2,"meta_highrescanopyheight_orthophoto",0.5,"orthophoto_50cm_2025","Nord-Norge"
"NINFP2210086285",0.0721046490001128,0.0106362891383469,14688,3,"meta_highrescanopyheight_orthophoto",0.5,"orthophoto_50cm_2025","Nord-Norge"
"NINFP2110025742",0.389941560358682,0.0110056325793266,19019,3,"meta_highrescanopyheight_orthophoto",0.5,"orthophoto_50cm_2025","Nord-Norge"
"NINFP1810033862",4.41491598035214,4.63144016265869,80287,7,"meta_highrescanopyheight_orthophoto",0.5,"orthophoto_50cm_2025","Nord-Norge"
"NINFP2110033147",0.0100451778656934,0.0100436862558126,4701,1,"meta_highrescanopyheight_orthophoto",0.5,"orthophoto_50cm_2025","Nord-Norge"
"NINFP2110023422",0.965525320278501,0.0103733306750655,11589,4,"meta_highrescanopyheight_orthophoto",0.5,"orthophoto_50cm_2025","Nord-Norge"
"NINFP2210111426",1.04052277782728,0.070987656712532,8814,4,"meta_highrescanopyheight_orthophoto",0.5,"orthophoto_50cm_2025","Nord-Norge"
"NINFP2510203898",0.0208593512656859,0.0101234121248126,64573,7,"meta_highrescanopyheight_orthophoto",0.5,"orthophoto_50cm_2025","Nord-Norge"
"NINFP2310125389",0.0523005171455125,0.0100931976921856,38928,5,"meta_highrescanopyheight_orthophoto",0.5,"orthophoto_50cm_2025","Nord-Norge"
"NINFP2210086693",1.02803842493207,0.0566179193556309,5934,2,"meta_highrescanopyheight_orthophoto",0.5,"orthophoto_50cm_2025","Nord-Norge"
"NINFP2410149744",0.0100949788380998,0.0100772567093372,9412,2,"meta_highrescanopyheight_orthophoto",0.5,"orthophoto_50cm_2025","Nord-Norge"
"NINFP2510214734",0.0567591279184381,0.011297928635031,5604,3,"meta_highrescanopyheight_orthophoto",0.5,"orthophoto_50cm_2025","Nord-Norge"
"NINFP1810032715",1.29339318568945,0.0703251510858536,22885,3,"meta_highrescanopyheight_orthophoto",0.5,"orthophoto_50cm_2025","Nord-Norge"
"NINFP2410155697",0.0109859039243045,0.0103948712348938,2031,2,"meta_highrescanopyheight_orthophoto",0.5,"orthophoto_50cm_2025","Nord-Norge"
"NINFP2210086788",0.649285616640465,0.0534816309809685,26655,4,"meta_highrescanopyheight_orthophoto",0.5,"orthophoto_50cm_2025","Nord-Norge"
"NINFP2010040754",1.13739841932886,0.0759117007255554,6867,1,"meta_highrescanopyheight_orthophoto",0.5,"orthophoto_50cm_2025","Nord-Norge"
"NINFP2210106376",3.75832131932117,3.63987267017365,29536,5,"meta_highrescanopyheight_orthophoto",0.5,"orthophoto_50cm_2025","Nord-Norge"
"NINFP2210103910",0.0347233011083694,0.0102209881879389,342344,13,"meta_highrescanopyheight_orthophoto",0.5,"orthophoto_50cm_2025","Nord-Norge"
"NINFP2110027181",0.0391882132167463,0.0101818256080151,11423,2,"meta_highrescanopyheight_orthophoto",0.5,"orthophoto_50cm_2025","Nord-Norge"
"NINFP2510207110",0.0427592302505165,0.0101616401225328,16351,2,"meta_highrescanopyheight_orthophoto",0.5,"orthophoto_50cm_2025","Nord-Norge"
"NINFP2010028805",0.0101971664855087,0.0100990273058414,34807,5,"meta_highrescanopyheight_orthophoto",0.5,"orthophoto_50cm_2025","Nord-Norge"
"NINFP2310139622",0.415924867194632,0.0175315849483013,7914,2,"meta_highrescanopyheight_orthophoto",0.5,"orthophoto_50cm_2025","Nord-Norge"
"NINFP1910040939",2.24674011386367,0.0499465651810169,119817,8,"meta_highrescanopyheight_orthophoto",0.5,"orthophoto_50cm_2025","Nord-Norge"
"NINFP2210106946",0.0286805705115224,0.0102550126612186,54437,4,"meta_highrescanopyheight_orthophoto",0.5,"orthophoto_50cm_2025","Nord-Norge"
"NINFP2510202852",0.0151798216402921,0.0102098640054464,57108,6,"meta_highrescanopyheight_orthophoto",0.5,"orthophoto_50cm_2025","Nord-Norge"
"NINFP2010024386",1.31180290293017,0.230662241578102,7903,3,"meta_highrescanopyheight_orthophoto",0.5,"orthophoto_50cm_2025","Nord-Norge"
"NINFP2210106730",0.0828737148358712,0.0113617796450853,4603,2,"meta_highrescanopyheight_orthophoto",0.5,"orthophoto_50cm_2025","Nord-Norge"
"NINFP2010014199",0.214723610637114,0.0107107455842197,96300,6,"meta_highrescanopyheight_orthophoto",0.5,"orthophoto_50cm_2025","Nord-Norge"
"NINFP2310140271",1.65285875894509,0.309632003307343,4515,2,"meta_highrescanopyheight_orthophoto",0.5,"orthophoto_50cm_2025","Nord-Norge"
"NINFP1910032949",0.691878340643145,0.0825631022453308,15613,3,"meta_highrescanopyheight_orthophoto",0.5,"orthophoto_50cm_2025","Nord-Norge"
"NINFP2310138337",4.40628032513171,4.86644077301025,4406,2,"meta_highrescanopyheight_orthophoto",0.5,"orthophoto_50cm_2025","Nord-Norge"
"NINFP2010036857",1.81698091266384,0.383712232112885,10043,2,"meta_highrescanopyheight_orthophoto",0.5,"orthophoto_50cm_2025","Nord-Norge"
"NINFP2310121958",0.215761604496948,0.0101647954434156,77224,5,"meta_highrescanopyheight_orthophoto",0.5,"orthophoto_50cm_2025","Nord-Norge"
"NINFP2310133166",1.44627599351862,0.563816070556641,161938,11,"meta_highrescanopyheight_orthophoto",0.5,"orthophoto_50cm_2025","Nord-Norge"
"NINFP2310134302",0.0134541836757137,0.0103490324690938,21945,4,"meta_highrescanopyheight_orthophoto",0.5,"orthophoto_50cm_2025","Nord-Norge"
"NINFP1910033670",3.33415866412505,3.07451701164246,20689,4,"meta_highrescanopyheight_orthophoto",0.5,"orthophoto_50cm_2025","Nord-Norge"
"NINFP2210088619",0.0215465617678539,0.0105160619132221,18662,4,"meta_highrescanopyheight_orthophoto",0.5,"orthophoto_50cm_2025","Nord-Norge"
"NINFP2010026649",0.887937942868691,0.076186079531908,5488,3,"meta_highrescanopyheight_orthophoto",0.5,"orthophoto_50cm_2025","Nord-Norge"
"NINFP1810033195",0.262907945357813,0.0106688365340233,9609,4,"meta_highrescanopyheight_orthophoto",0.5,"orthophoto_50cm_2025","Nord-Norge"
"NINFP2010028806",0.0158197990660151,0.0101155154407024,164543,10,"meta_highrescanopyheight_orthophoto",0.5,"orthophoto_50cm_2025","Nord-Norge"
"NINFP2110021958",0.12596528861905,0.0103211691603065,10935,2,"meta_highrescanopyheight_orthophoto",0.5,"orthophoto_50cm_2025","Nord-Norge"
"NINFP1810036315",0.125858539216886,0.0101251332089305,404175,17,"meta_highrescanopyheight_orthophoto",0.5,"orthophoto_50cm_2025","Nord-Norge"
"NINFP2310125591",0.0338398303640945,0.0101338140666485,22850,2,"meta_highrescanopyheight_orthophoto",0.5,"orthophoto_50cm_2025","Nord-Norge"
"NINFP2010021245",0.133415878179339,0.0100815622135997,109770,10,"meta_highrescanopyheight_orthophoto",0.5,"orthophoto_50cm_2025","Nord-Norge"
"NINFP2010023476",0.403484210681578,0.0102579491212964,521207,26,"meta_highrescanopyheight_orthophoto",0.5,"orthophoto_50cm_2025","Nord-Norge"
"NINFP2010006885",0.254738680366964,0.0102466810494661,2158083,52,"meta_highrescanopyheight_orthophoto",0.5,"orthophoto_50cm_2025","Nord-Norge"
"NINFP1810035386",0.0594949125874298,0.0102959955111146,23025,3,"meta_highrescanopyheight_orthophoto",0.5,"orthophoto_50cm_2025","Nord-Norge"
"NINFP2210101301",0.207678407837244,0.0105945346876979,8207,1,"meta_highrescanopyheight_orthophoto",0.5,"orthophoto_50cm_2025","Nord-Norge"
"NINFP2210077655",0.0132049307891851,0.0102355973795056,2847,1,"meta_highrescanopyheight_orthophoto",0.5,"orthophoto_50cm_2025","Nord-Norge"
"NINFP2010040345",0.690348219845936,0.0103570148348808,46243,4,"meta_highrescanopyheight_orthophoto",0.5,"orthophoto_50cm_2025","Nord-Norge"
"NINFP2110055430",0.245458431214664,0.0104096494615078,2917,2,"meta_highrescanopyheight_orthophoto",0.5,"orthophoto_50cm_2025","Nord-Norge"
"NINFP2510204492",5.38790191387048,6.15238475799561,5297,1,"meta_highrescanopyheight_orthophoto",0.5,"orthophoto_50cm_2025","Nord-Norge"
"NINFP1810036792",5.68972381258664,5.7659764289856,32857,6,"meta_highrescanopyheight_orthophoto",0.5,"orthophoto_50cm_2025","Nord-Norge"
"NINFP2410157022",0.403542906901894,0.0153169641271234,10470,3,"meta_highrescanopyheight_orthophoto",0.5,"orthophoto_50cm_2025","Nord-Norge"
"NINFP2210105790",0.545202054246563,0.0329451821744442,6756,1,"meta_highrescanopyheight_orthophoto",0.5,"orthophoto_50cm_2025","Nord-Norge"
"NINFP2210089587",0.0241235116630501,0.0103348111733794,9465,3,"meta_highrescanopyheight_orthophoto",0.5,"orthophoto_50cm_2025","Nord-Norge"
"NINFP2410155758",0.0658247302730854,0.010268185287714,404080,26,"meta_highrescanopyheight_orthophoto",0.5,"orthophoto_50cm_2025","Nord-Norge"
"NINFP2310130284",0.0467324696528832,0.0104804532602429,10721,2,"meta_highrescanopyheight_orthophoto",0.5,"orthophoto_50cm_2025","Nord-Norge"
"NINFP2410174219",0.0885013883143373,0.0207199733704329,8379,1,"meta_highrescanopyheight_orthophoto",0.5,"orthophoto_50cm_2025","Nord-Norge"
"NINFP2510205495",0.496525296935113,0.0633437223732471,4148,1,"meta_highrescanopyheight_orthophoto",0.5,"orthophoto_50cm_2025","Nord-Norge"
"NINFP2110023227",0.0110703934201024,0.0101562747731805,21890,5,"meta_highrescanopyheight_orthophoto",0.5,"orthophoto_50cm_2025","Nord-Norge"
"NINFP2410172649",0.140452714469976,0.0104996957816184,22610,3,"meta_highrescanopyheight_orthophoto",0.5,"orthophoto_50cm_2025","Nord-Norge"
"NINFP2510198387",1.48873812553163,0.0952813103795052,4069,1,"meta_highrescanopyheight_orthophoto",0.5,"orthophoto_50cm_2025","Nord-Norge"
"NINFP2010038946",0.07349607877938,0.0105503783561289,8230,2,"meta_highrescanopyheight_orthophoto",0.5,"orthophoto_50cm_2025","Nord-Norge"
"NINFP2310132653",0.0580401993330409,0.0105716213583946,9407,3,"meta_highrescanopyheight_orthophoto",0.5,"orthophoto_50cm_2025","Nord-Norge"
"NINFP2410156319",0.949907025250881,0.209009796380997,6349,2,"meta_highrescanopyheight_orthophoto",0.5,"orthophoto_50cm_2025","Nord-Norge"
"NINFP2410154225",2.35021917570717,1.68210363388062,5340,2,"meta_highrescanopyheight_orthophoto",0.5,"orthophoto_50cm_2025","Nord-Norge"
"NINFP2310132647",0.81469528068369,0.012548747472465,182275,11,"meta_highrescanopyheight_orthophoto",0.5,"orthophoto_50cm_2025","Nord-Norge"
"NINFP1810021950",0.0174438980458279,0.0101456134580076,19936,3,"meta_highrescanopyheight_orthophoto",0.5,"orthophoto_50cm_2025","Nord-Norge"
"NINFP2410154470",0.0101168253525755,0.0100778453052044,133377,8,"meta_highrescanopyheight_orthophoto",0.5,"orthophoto_50cm_2025","Nord-Norge"
"NINFP2410173500",0.0114979530768557,0.0101622957736254,3151716,72,"meta_highrescanopyheight_orthophoto",0.5,"orthophoto_50cm_2025","Nord-Norge"
"NINFP2410172413",0.0299431693313106,0.0104118352755904,17140,2,"meta_highrescanopyheight_orthophoto",0.5,"orthophoto_50cm_2025","Nord-Norge"
"NINFP1810025858",0.0694323450597582,0.010204154998064,98217,8,"meta_highrescanopyheight_orthophoto",0.5,"orthophoto_50cm_2025","Nord-Norge"
"NINFP2110043459",0.0264523822103546,0.0102521758526564,40116,4,"meta_highrescanopyheight_orthophoto",0.5,"orthophoto_50cm_2025","Nord-Norge"
"NINFP2010039001",0.243737764045606,0.0108451670967042,20822,4,"meta_highrescanopyheight_orthophoto",0.5,"orthophoto_50cm_2025","Nord-Norge"
"NINFP1910016619",0.210920856382312,0.0108246267773211,19986,3,"meta_highrescanopyheight_orthophoto",0.5,"orthophoto_50cm_2025","Nord-Norge"
"NINFP2410173510",0.0528972253966777,0.0103361872024834,5224,2,"meta_highrescanopyheight_orthophoto",0.5,"orthophoto_50cm_2025","Nord-Norge"
"NINFP2110023080",0.0175300418388626,0.0101553164422512,5685,2,"meta_highrescanopyheight_orthophoto",0.5,"orthophoto_50cm_2025","Nord-Norge"
"NINFP2110044633",3.81661380015025,3.04722666740417,4005,1,"meta_highrescanopyheight_orthophoto",0.5,"orthophoto_50cm_2025","Nord-Norge"
"NINFP1810038018",0.205927211113648,0.0115958843380213,8359,2,"meta_highrescanopyheight_orthophoto",0.5,"orthophoto_50cm_2025","Nord-Norge"
"NINFP2210103897",0.0356013406437801,0.0126496199518442,52668,5,"meta_highrescanopyheight_orthophoto",0.5,"orthophoto_50cm_2025","Nord-Norge"
"NINFP2210088612",5.30200331526396,5.50999355316162,7292,2,"meta_highrescanopyheight_orthophoto",0.5,"orthophoto_50cm_2025","Nord-Norge"
"NINFP2410172072",0.109283113877412,0.010308017488569,20124,3,"meta_highrescanopyheight_orthophoto",0.5,"orthophoto_50cm_2025","Nord-Norge"
"NINFP1810034889",0.0533654504367543,0.0107457600533962,16600,1,"meta_highrescanopyheight_orthophoto",0.5,"orthophoto_50cm_2025","Nord-Norge"
"NINFP2310134283",0.621991353966389,0.0120322704315186,3592,2,"meta_highrescanopyheight_orthophoto",0.5,"orthophoto_50cm_2025","Nord-Norge"
"NINFP2510202459",0.345470184135038,0.0116081824526191,112508,10,"meta_highrescanopyheight_orthophoto",0.5,"orthophoto_50cm_2025","Nord-Norge"
"NINFP2510186163",0.0187530321883608,0.0100688077509403,1108001,32,"meta_highrescanopyheight_orthophoto",0.5,"orthophoto_50cm_2025","Nord-Norge"
"NINFP1810047432",0.0105417142455728,0.0101247942075133,26578,3,"meta_highrescanopyheight_orthophoto",0.5,"orthophoto_50cm_2025","Nord-Norge"
"NINFP2210083030",3.39011405982545,2.25250697135925,1933,2,"meta_highrescanopyheight_orthophoto",0.5,"orthophoto_50cm_2025","Nord-Norge"
"NINFP2310130304",0.036992461064818,0.0103569021448493,6149,2,"meta_highrescanopyheight_orthophoto",0.5,"orthophoto_50cm_2025","Nord-Norge"
"NINFP2210082652",1.14717038095494,0.326109454035759,1882,2,"meta_highrescanopyheight_orthophoto",0.5,"orthophoto_50cm_2025","Nord-Norge"
"NINFP1910040135",0.350301036510999,0.010250860825181,24008,3,"meta_highrescanopyheight_orthophoto",0.5,"orthophoto_50cm_2025","Nord-Norge"
"NINFP1810022339",4.88364443965256,5.72859025001526,80,1,"meta_highrescanopyheight_orthophoto",0.5,"orthophoto_50cm_2025","Nord-Norge"
"NINFP2010013253",0.0150920848078294,0.0102157699875534,15296,3,"meta_highrescanopyheight_orthophoto",0.5,"orthophoto_50cm_2025","Nord-Norge"
"NINFP2410174285",0.172383096174955,0.011076370254159,24115,5,"meta_highrescanopyheight_orthophoto",0.5,"orthophoto_50cm_2025","Nord-Norge"
"NINFP2410172861",1.3698014920894,0.103283017873764,30554,6,"meta_highrescanopyheight_orthophoto",0.5,"orthophoto_50cm_2025","Nord-Norge"
"NINFP2310142554",1.34538686407798,0.152764618396759,6320,2,"meta_highrescanopyheight_orthophoto",0.5,"orthophoto_50cm_2025","Nord-Norge"
"NINFP2110055843",0.047853027602224,0.0114237759262323,10584,3,"meta_highrescanopyheight_orthophoto",0.5,"orthophoto_50cm_2025","Nord-Norge"
"NINFP2410172379",0.0550071149858966,0.010233917273581,10786,4,"meta_highrescanopyheight_orthophoto",0.5,"orthophoto_50cm_2025","Nord-Norge"
"NINFP2310143340",0.394204022767735,0.014909996651113,76018,5,"meta_highrescanopyheight_orthophoto",0.5,"orthophoto_50cm_2025","Nord-Norge"
"NINFP2210106114",0.783228997749121,0.142227843403816,8313,2,"meta_highrescanopyheight_orthophoto",0.5,"orthophoto_50cm_2025","Nord-Norge"
"NINFP2210087208",0.0520221086527702,0.0103436084464192,24771,4,"meta_highrescanopyheight_orthophoto",0.5,"orthophoto_50cm_2025","Nord-Norge"
"NINFP2510205494",0.611299804868638,0.0410736203193665,3998,1,"meta_highrescanopyheight_orthophoto",0.5,"orthophoto_50cm_2025","Nord-Norge"
"NINFP2410156128",0.0178631794013384,0.0106260199099779,4325,2,"meta_highrescanopyheight_orthophoto",0.5,"orthophoto_50cm_2025","Nord-Norge"
"NINFP1810036370",0.294917810502831,0.0134754264727235,70017,7,"meta_highrescanopyheight_orthophoto",0.5,"orthophoto_50cm_2025","Nord-Norge"
"NINFP1810018381",4.39717783748672,4.47064328193665,4522,2,"meta_highrescanopyheight_orthophoto",0.5,"orthophoto_50cm_2025","Nord-Norge"
"NINFP2410157808",0.0435644796987027,0.0101651847362518,83249,7,"meta_highrescanopyheight_orthophoto",0.5,"orthophoto_50cm_2025","Nord-Norge"
"NINFP1810037945",0.827050100939052,0.0410627424716949,21719,4,"meta_highrescanopyheight_orthophoto",0.5,"orthophoto_50cm_2025","Nord-Norge"
"NINFP2110068620",0.128704476210585,0.0106552755460143,15767,2,"meta_highrescanopyheight_orthophoto",0.5,"orthophoto_50cm_2025","Nord-Norge"
"NINFP2410163612",7.8106513793927,8.23280715942383,16505,5,"meta_highrescanopyheight_orthophoto",0.5,"orthophoto_50cm_2025","Nord-Norge"
"NINFP2310136727",3.02105846180914,0.659524321556091,10771,3,"meta_highrescanopyheight_orthophoto",0.5,"orthophoto_50cm_2025","Nord-Norge"
"NINFP2210077012",0.0232015194391581,0.0102524291723967,58258,8,"meta_highrescanopyheight_orthophoto",0.5,"orthophoto_50cm_2025","Nord-Norge"
"NINFP2210091823",0.127875900219576,0.0129323164001107,10325,1,"meta_highrescanopyheight_orthophoto",0.5,"orthophoto_50cm_2025","Nord-Norge"
"NINFP1810035806",0.163492520105763,0.0102150356397033,46032,3,"meta_highrescanopyheight_orthophoto",0.5,"orthophoto_50cm_2025","Nord-Norge"
"NINFP1810012288",0.0104009762182832,0.010205365717411,8375,1,"meta_highrescanopyheight_orthophoto",0.5,"orthophoto_50cm_2025","Nord-Norge"
"NINFP2410175041",0.0409416674433669,0.0109210843220353,4665,1,"meta_highrescanopyheight_orthophoto",0.5,"orthophoto_50cm_2025","Nord-Norge"
"NINFP2010022186",0.389249237722601,0.0107312807813287,25563,4,"meta_highrescanopyheight_orthophoto",0.5,"orthophoto_50cm_2025","Nord-Norge"
"NINFP2210112980",2.74357262865676,2.56150197982788,4767,2,"meta_highrescanopyheight_orthophoto",0.5,"orthophoto_50cm_2025","Nord-Norge"
"NINFP2110020761",0.253016470964082,0.0117532387375832,10795,3,"meta_highrescanopyheight_orthophoto",0.5,"orthophoto_50cm_2025","Nord-Norge"
"NINFP2310133588",0.0302925965795877,0.0104778166860342,62220,6,"meta_highrescanopyheight_orthophoto",0.5,"orthophoto_50cm_2025","Nord-Norge"
"NINFP1810022419",1.88932056401416,0.748631954193115,27614,4,"meta_highrescanopyheight_orthophoto",0.5,"orthophoto_50cm_2025","Nord-Norge"
"NINFP2210086464",0.412662519261988,0.0108494367450476,16669,2,"meta_highrescanopyheight_orthophoto",0.5,"orthophoto_50cm_2025","Nord-Norge"
"NINFP2210102147",0.0156647575481386,0.0101524731144309,57755,4,"meta_highrescanopyheight_orthophoto",0.5,"orthophoto_50cm_2025","Nord-Norge"
"NINFP2210085860",0.0913622051032206,0.0103729823604226,16521,2,"meta_highrescanopyheight_orthophoto",0.5,"orthophoto_50cm_2025","Nord-Norge"
"NINFP2010014201",1.91145313184181,0.477442026138306,6255,2,"meta_highrescanopyheight_orthophoto",0.5,"orthophoto_50cm_2025","Nord-Norge"
"NINFP2510194575",0.010023386266085,0.0100206788629293,67112,6,"meta_highrescanopyheight_orthophoto",0.5,"orthophoto_50cm_2025","Nord-Norge"
"NINFP2510194708",1.8035512185517,0.39601194858551,2091,1,"meta_highrescanopyheight_orthophoto",0.5,"orthophoto_50cm_2025","Nord-Norge"
"NINFP2410150012",0.800777610386341,0.210338562726974,9059,2,"meta_highrescanopyheight_orthophoto",0.5,"orthophoto_50cm_2025","Nord-Norge"
"NINFP1810047156",2.34243245856217,1.44652044773102,2804,1,"meta_highrescanopyheight_orthophoto",0.5,"orthophoto_50cm_2025","Nord-Norge"
"NINFP2510207905",0.392083001552386,0.0275063132867217,11744,3,"meta_highrescanopyheight_orthophoto",0.5,"orthophoto_50cm_2025","Nord-Norge"
"NINFP2410177603",0.0524829668949687,0.0101496619172394,43578,4,"meta_highrescanopyheight_orthophoto",0.5,"orthophoto_50cm_2025","Nord-Norge"
"NINFP2210082329",0.0287508943794555,0.0100796250626445,81448,4,"meta_highrescanopyheight_orthophoto",0.5,"orthophoto_50cm_2025","Nord-Norge"
"NINFP2310126546",0.241172794555,0.024376418441534,1038,2,"meta_highrescanopyheight_orthophoto",0.5,"orthophoto_50cm_2025","Nord-Norge"
"NINFP2410153670",0.119145329775683,0.0102865360677242,143639,8,"meta_highrescanopyheight_orthophoto",0.5,"orthophoto_50cm_2025","Nord-Norge"
"NINFP2510202766",0.0773448668995655,0.0106186070479453,62318,8,"meta_highrescanopyheight_orthophoto",0.5,"orthophoto_50cm_2025","Nord-Norge"
"NINFP2210091815",0.120740422955734,0.010565971955657,32027,4,"meta_highrescanopyheight_orthophoto",0.5,"orthophoto_50cm_2025","Nord-Norge"
"NINFP2410167237",0.15420365020699,0.0119647290557623,7192,1,"meta_highrescanopyheight_orthophoto",0.5,"orthophoto_50cm_2025","Nord-Norge"
"NINFP2010006888",0.67495243828242,0.0251704938709736,121343,9,"meta_highrescanopyheight_orthophoto",0.5,"orthophoto_50cm_2025","Nord-Norge"
"NINFP2410151920",0.112000699727806,0.0102088944986463,49352,4,"meta_highrescanopyheight_orthophoto",0.5,"orthophoto_50cm_2025","Nord-Norge"
"NINFP2410163083",0.354056732965105,0.0106601314619184,4005,2,"meta_highrescanopyheight_orthophoto",0.5,"orthophoto_50cm_2025","Nord-Norge"
"NINFP2210107599",0.0391291220724203,0.0102310325019062,18096,2,"meta_highrescanopyheight_orthophoto",0.5,"orthophoto_50cm_2025","Nord-Norge"
"NINFP2010025610",0.215875572727855,0.0339769925922155,9534,4,"meta_highrescanopyheight_orthophoto",0.5,"orthophoto_50cm_2025","Nord-Norge"
"NINFP2010033544",0.113559074601589,0.0102840168401599,124505,11,"meta_highrescanopyheight_orthophoto",0.5,"orthophoto_50cm_2025","Nord-Norge"
"NINFP2510188326",0.0103506837065149,0.0100321900099516,44397,3,"meta_highrescanopyheight_orthophoto",0.5,"orthophoto_50cm_2025","Nord-Norge"
"NINFP1810037971",0.784313352841261,0.0119526050984859,41615,4,"meta_highrescanopyheight_orthophoto",0.5,"orthophoto_50cm_2025","Nord-Norge"
"NINFP2310136834",0.10286946855811,0.0107285059057176,59836,6,"meta_highrescanopyheight_orthophoto",0.5,"orthophoto_50cm_2025","Nord-Norge"
"NINFP2410155463",2.69347245287117,2.16379117965698,16088,4,"meta_highrescanopyheight_orthophoto",0.5,"orthophoto_50cm_2025","Nord-Norge"
"NINFP1810036651",0.0536645650157793,0.0100595587864518,78176,4,"meta_highrescanopyheight_orthophoto",0.5,"orthophoto_50cm_2025","Nord-Norge"
"NINFP2410157440",0.104425946099006,0.0122816041111946,1481,1,"meta_highrescanopyheight_orthophoto",0.5,"orthophoto_50cm_2025","Nord-Norge"
"NINFP1810015575",2.92949385931599,1.6426956653595,78515,6,"meta_highrescanopyheight_orthophoto",0.5,"orthophoto_50cm_2025","Nord-Norge"
"NINFP2210097814",0.319332539667035,0.0570233669131994,4186,1,"meta_highrescanopyheight_orthophoto",0.5,"orthophoto_50cm_2025","Nord-Norge"
"NINFP2010010198",4.38525120681767,3.96355414390564,4163,2,"meta_highrescanopyheight_orthophoto",0.5,"orthophoto_50cm_2025","Nord-Norge"
"NINFP2010006114",0.0133410495595954,0.0100703090429306,223647,12,"meta_highrescanopyheight_orthophoto",0.5,"orthophoto_50cm_2025","Nord-Norge"
"NINFP1810034023",0.2934071738484,0.0148794837296009,11868,2,"meta_highrescanopyheight_orthophoto",0.5,"orthophoto_50cm_2025","Nord-Norge"
"NINFP2510194660",0.0194080117604997,0.0102357184514403,86695,8,"meta_highrescanopyheight_orthophoto",0.5,"orthophoto_50cm_2025","Nord-Norge"
"NINFP2410155538",0.239752147597312,0.0105516761541367,10299,3,"meta_highrescanopyheight_orthophoto",0.5,"orthophoto_50cm_2025","Nord-Norge"
"NINFP2310136724",0.320542328139841,0.0214474741369486,8283,3,"meta_highrescanopyheight_orthophoto",0.5,"orthophoto_50cm_2025","Nord-Norge"
"NINFP2210078926",0.0150914278972237,0.0101100225001574,54637,5,"meta_highrescanopyheight_orthophoto",0.5,"orthophoto_50cm_2025","Nord-Norge"
"NINFP2210092392",2.5610146941477,2.15548968315125,5847,2,"meta_highrescanopyheight_orthophoto",0.5,"orthophoto_50cm_2025","Nord-Norge"
"NINFP1910025272",0.402138666388634,0.0172331323847175,1382,2,"meta_highrescanopyheight_orthophoto",0.5,"orthophoto_50cm_2025","Nord-Norge"
"NINFP2210087214",0.0999275582013059,0.0104594291187823,48956,6,"meta_highrescanopyheight_orthophoto",0.5,"orthophoto_50cm_2025","Nord-Norge"
"NINFP2010040687",0.0265668696764703,0.0112147396430373,9992,2,"meta_highrescanopyheight_orthophoto",0.5,"orthophoto_50cm_2025","Nord-Norge"
"NINFP2210100658",0.0113938403990691,0.0102616548538208,63184,5,"meta_highrescanopyheight_orthophoto",0.5,"orthophoto_50cm_2025","Nord-Norge"
"NINFP2010025024",0.0589785359771096,0.0100491568446159,40017,5,"meta_highrescanopyheight_orthophoto",0.5,"orthophoto_50cm_2025","Nord-Norge"
"NINFP2510193911",0.0222986929870982,0.0100768078118563,20336,2,"meta_highrescanopyheight_orthophoto",0.5,"orthophoto_50cm_2025","Nord-Norge"
"NINFP2310132343",0.0110229972386136,0.0101380902342498,34318,4,"meta_highrescanopyheight_orthophoto",0.5,"orthophoto_50cm_2025","Nord-Norge"
"NINFP2310133606",2.84821029976642,2.7565803527832,48173,4,"meta_highrescanopyheight_orthophoto",0.5,"orthophoto_50cm_2025","Nord-Norge"
"NINFP2410150122",0.0151755184435332,0.0101423747837543,14710,4,"meta_highrescanopyheight_orthophoto",0.5,"orthophoto_50cm_2025","Nord-Norge"
"NINFP2510202376",0.0504208925069362,0.0106698088347912,42869,4,"meta_highrescanopyheight_orthophoto",0.5,"orthophoto_50cm_2025","Nord-Norge"
"NINFP2410174185",0.162800259832786,0.0110004786401987,11367,2,"meta_highrescanopyheight_orthophoto",0.5,"orthophoto_50cm_2025","Nord-Norge"
"NINFP1910024734",0.0874837703093245,0.0103551275096834,15958,2,"meta_highrescanopyheight_orthophoto",0.5,"orthophoto_50cm_2025","Nord-Norge"
"NINFP1810033197",0.0909638874603382,0.0104680825024843,12831,4,"meta_highrescanopyheight_orthophoto",0.5,"orthophoto_50cm_2025","Nord-Norge"
"NINFP2310135600",0.462100390929839,0.0270618125796318,13109,3,"meta_highrescanopyheight_orthophoto",0.5,"orthophoto_50cm_2025","Nord-Norge"
"NINFP2210084138",1.84886006607867,1.22050273418427,6233,2,"meta_highrescanopyheight_orthophoto",0.5,"orthophoto_50cm_2025","Nord-Norge"
"NINFP2010053962",0.0618774546227784,0.0101885702461004,209917,11,"meta_highrescanopyheight_orthophoto",0.5,"orthophoto_50cm_2025","Nord-Norge"
"NINFP1810015557",3.42311327797539,3.03035032749176,12972,1,"meta_highrescanopyheight_orthophoto",0.5,"orthophoto_50cm_2025","Nord-Norge"
"NINFP1810023043",0.0240956108645065,0.0102020902559161,116514,5,"meta_highrescanopyheight_orthophoto",0.5,"orthophoto_50cm_2025","Nord-Norge"
"NINFP1810037423",0.0105371451588504,0.0105003328062594,214,1,"meta_highrescanopyheight_orthophoto",0.5,"orthophoto_50cm_2025","Nord-Norge"
"NINFP2310136836",0.017476026755699,0.010655433870852,8345,2,"meta_highrescanopyheight_orthophoto",0.5,"orthophoto_50cm_2025","Nord-Norge"
"NINFP2210086102",0.0795231608025761,0.0102024730294943,353710,18,"meta_highrescanopyheight_orthophoto",0.5,"orthophoto_50cm_2025","Nord-Norge"
"NINFP2510203509",0.0281429066276037,0.0101334732025862,24187,2,"meta_highrescanopyheight_orthophoto",0.5,"orthophoto_50cm_2025","Nord-Norge"
"NINFP2010022180",2.15887216179639,0.920318067073822,4816,2,"meta_highrescanopyheight_orthophoto",0.5,"orthophoto_50cm_2025","Nord-Norge"
"NINFP2510186578",0.0464307055794806,0.0102981361560524,13500,2,"meta_highrescanopyheight_orthophoto",0.5,"orthophoto_50cm_2025","Nord-Norge"
"NINFP2210106154",0.09218985154022,0.0103329257108271,45352,6,"meta_highrescanopyheight_orthophoto",0.5,"orthophoto_50cm_2025","Nord-Norge"
"NINFP2510195749",2.86171921821656,1.41504168510437,2533,2,"meta_highrescanopyheight_orthophoto",0.5,"orthophoto_50cm_2025","Nord-Norge"
"NINFP2210083484",0.125466602303026,0.011774527374655,6832,1,"meta_highrescanopyheight_orthophoto",0.5,"orthophoto_50cm_2025","Nord-Norge"
"NINFP1810038330",0.150218738997473,0.0822421312332153,79,1,"meta_highrescanopyheight_orthophoto",0.5,"orthophoto_50cm_2025","Nord-Norge"
"NINFP2110023416",0.109513470262267,0.0103353057056665,47603,7,"meta_highrescanopyheight_orthophoto",0.5,"orthophoto_50cm_2025","Nord-Norge"
"NINFP2210089639",0.151652914129439,0.010310048237443,159599,8,"meta_highrescanopyheight_orthophoto",0.5,"orthophoto_50cm_2025","Nord-Norge"
"NINFP2010038958",0.705164006713826,0.0388600043952465,2109,2,"meta_highrescanopyheight_orthophoto",0.5,"orthophoto_50cm_2025","Nord-Norge"
"NINFP2310130047",0.449484240523203,0.0103157199919224,27279,4,"meta_highrescanopyheight_orthophoto",0.5,"orthophoto_50cm_2025","Nord-Norge"
"NINFP2210082944",0.0110051423550306,0.0100738760083914,292440,11,"meta_highrescanopyheight_orthophoto",0.5,"orthophoto_50cm_2025","Nord-Norge"
"NINFP2410154295",1.46441566414821,0.548498094081879,18521,4,"meta_highrescanopyheight_orthophoto",0.5,"orthophoto_50cm_2025","Nord-Norge"
"NINFP1910030065",2.22320909939292,0.272449880838394,78462,6,"meta_highrescanopyheight_orthophoto",0.5,"orthophoto_50cm_2025","Nord-Norge"
"NINFP2210104219",0.0354942135533928,0.0104639241471887,6268,3,"meta_highrescanopyheight_orthophoto",0.5,"orthophoto_50cm_2025","Nord-Norge"
"NINFP1810032850",1.6804683339362,0.69075733423233,24393,2,"meta_highrescanopyheight_orthophoto",0.5,"orthophoto_50cm_2025","Nord-Norge"
"NINFP2310135782",0.713749011262758,0.0491113122552633,33568,4,"meta_highrescanopyheight_orthophoto",0.5,"orthophoto_50cm_2025","Nord-Norge"
"NINFP2210085848",1.87372897734608,1.23376190662384,5395,2,"meta_highrescanopyheight_orthophoto",0.5,"orthophoto_50cm_2025","Nord-Norge"
"NINFP2110062974",0.0100891031717654,0.0100430808961391,26935,3,"meta_highrescanopyheight_orthophoto",0.5,"orthophoto_50cm_2025","Nord-Norge"
"NINFP2310141014",0.0524367549835792,0.0103625827468932,42064,4,"meta_highrescanopyheight_orthophoto",0.5,"orthophoto_50cm_2025","Nord-Norge"
"NINFP2010016855",0.0110633038357907,0.0100846644490957,31440,2,"meta_highrescanopyheight_orthophoto",0.5,"orthophoto_50cm_2025","Nord-Norge"
"NINFP2110020766",0.0549791286216736,0.0103929499164224,46439,4,"meta_highrescanopyheight_orthophoto",0.5,"orthophoto_50cm_2025","Nord-Norge"
"NINFP1810035094",0.258943432564134,0.0132604539394379,72744,7,"meta_highrescanopyheight_orthophoto",0.5,"orthophoto_50cm_2025","Nord-Norge"
"NINFP2010008963",2.93152251402,2.56681680679321,46813,6,"meta_highrescanopyheight_orthophoto",0.5,"orthophoto_50cm_2025","Nord-Norge"
"NINFP2410150260",0.0126252946418,0.0101434336975217,135109,7,"meta_highrescanopyheight_orthophoto",0.5,"orthophoto_50cm_2025","Nord-Norge"
"NINFP2310146609",1.60121242667564,0.204056918621063,57691,5,"meta_highrescanopyheight_orthophoto",0.5,"orthophoto_50cm_2025","Nord-Norge"
"NINFP2510206896",0.172803201932478,0.0136667443439364,4059,1,"meta_highrescanopyheight_orthophoto",0.5,"orthophoto_50cm_2025","Nord-Norge"
"NINFP2210089060",5.83202176214964,6.45251107215881,5122,4,"meta_highrescanopyheight_orthophoto",0.5,"orthophoto_50cm_2025","Nord-Norge"
"NINFP1810037341",1.0649752449984,0.0416603274643421,99221,8,"meta_highrescanopyheight_orthophoto",0.5,"orthophoto_50cm_2025","Nord-Norge"
"NINFP2410161854",0.177622013859499,0.0455465689301491,4665,1,"meta_highrescanopyheight_orthophoto",0.5,"orthophoto_50cm_2025","Nord-Norge"
"NINFP2310130279",0.0144363636968703,0.0101521695032716,5617,1,"meta_highrescanopyheight_orthophoto",0.5,"orthophoto_50cm_2025","Nord-Norge"
"NINFP2010040346",0.529432821453472,0.0101012606173754,143137,6,"meta_highrescanopyheight_orthophoto",0.5,"orthophoto_50cm_2025","Nord-Norge"
"NINFP2310142120",3.67912458259949,2.16486477851868,9103,2,"meta_highrescanopyheight_orthophoto",0.5,"orthophoto_50cm_2025","Nord-Norge"
"NINFP2510196504",5.24883877054872,5.60386681556702,15190,4,"meta_highrescanopyheight_orthophoto",0.5,"orthophoto_50cm_2025","Nord-Norge"
"NINFP2310125618",0.0238412090484754,0.0101510947570205,28041,3,"meta_highrescanopyheight_orthophoto",0.5,"orthophoto_50cm_2025","Nord-Norge"
"NINFP2510204246",0.0177968192047079,0.0101556638255715,14038,2,"meta_highrescanopyheight_orthophoto",0.5,"orthophoto_50cm_2025","Nord-Norge"
"NINFP2310121963",0.21200151477549,0.0104320617392659,141341,10,"meta_highrescanopyheight_orthophoto",0.5,"orthophoto_50cm_2025","Nord-Norge"
"NINFP1810047841",0.0419805823915448,0.0100577636621892,276022,16,"meta_highrescanopyheight_orthophoto",0.5,"orthophoto_50cm_2025","Nord-Norge"
"NINFP1810015997",0.0278440591416826,0.0102024152874947,97410,5,"meta_highrescanopyheight_orthophoto",0.5,"orthophoto_50cm_2025","Nord-Norge"
"NINFP2110028805",0.010067290893076,0.0100300274789333,49359,4,"meta_highrescanopyheight_orthophoto",0.5,"orthophoto_50cm_2025","Nord-Norge"
"NINFP1910025973",0.101177442565975,0.0101095670834184,182619,8,"meta_highrescanopyheight_orthophoto",0.5,"orthophoto_50cm_2025","Nord-Norge"
"NINFP2210092163",0.0160081476371252,0.0101582710631192,68148,6,"meta_highrescanopyheight_orthophoto",0.5,"orthophoto_50cm_2025","Nord-Norge"
"NINFP2510195566",0.817641486599797,0.0470143519341946,6108,2,"meta_highrescanopyheight_orthophoto",0.5,"orthophoto_50cm_2025","Nord-Norge"
"NINFP2210108692",0.0194652302600448,0.0104457344859838,8859,2,"meta_highrescanopyheight_orthophoto",0.5,"orthophoto_50cm_2025","Nord-Norge"
"NINFP2210091814",0.0297281060388526,0.0101812104694545,11336,4,"meta_highrescanopyheight_orthophoto",0.5,"orthophoto_50cm_2025","Nord-Norge"
"NINFP1810033312",1.92021495151226,0.392760813236237,5145,1,"meta_highrescanopyheight_orthophoto",0.5,"orthophoto_50cm_2025","Nord-Norge"
"NINFP2310132717",0.0968718420760677,0.0103395008482039,18852,4,"meta_highrescanopyheight_orthophoto",0.5,"orthophoto_50cm_2025","Nord-Norge"
"NINFP2310137381",0.0184121942003392,0.010459428653121,35065,5,"meta_highrescanopyheight_orthophoto",0.5,"orthophoto_50cm_2025","Nord-Norge"
"NINFP2210086258",0.154826219884209,0.0104463291354477,24692,2,"meta_highrescanopyheight_orthophoto",0.5,"orthophoto_50cm_2025","Nord-Norge"
"NINFP2110023245",0.010861503529821,0.0101621598005295,22728,2,"meta_highrescanopyheight_orthophoto",0.5,"orthophoto_50cm_2025","Nord-Norge"
"NINFP2510203917",0.0139637530258849,0.0103136445395648,7540,3,"meta_highrescanopyheight_orthophoto",0.5,"orthophoto_50cm_2025","Nord-Norge"
"NINFP2110051646",0.498427597358746,0.0360832400619984,15991,3,"meta_highrescanopyheight_orthophoto",0.5,"orthophoto_50cm_2025","Nord-Norge"
"NINFP2510193255",5.43798787218713,5.3022882938385,9460,4,"meta_highrescanopyheight_orthophoto",0.5,"orthophoto_50cm_2025","Nord-Norge"
"NINFP2010029230",0.885229501751874,0.257079601287842,4619,2,"meta_highrescanopyheight_orthophoto",0.5,"orthophoto_50cm_2025","Nord-Norge"
"NINFP2010012354",3.20141633435808,1.89157366752625,26473,3,"meta_highrescanopyheight_orthophoto",0.5,"orthophoto_50cm_2025","Nord-Norge"
"NINFP2310142476",1.60297580379563,0.583168745040894,5898,2,"meta_highrescanopyheight_orthophoto",0.5,"orthophoto_50cm_2025","Nord-Norge"
"NINFP2310141458",0.0703834316328672,0.0116080027073622,5643,1,"meta_highrescanopyheight_orthophoto",0.5,"orthophoto_50cm_2025","Nord-Norge"
"NINFP1810026897",1.06879992571079,0.0197817282751203,2878,2,"meta_highrescanopyheight_orthophoto",0.5,"orthophoto_50cm_2025","Nord-Norge"
"NINFP2410156995",2.47754594043769,1.70094060897827,4275,2,"meta_highrescanopyheight_orthophoto",0.5,"orthophoto_50cm_2025","Nord-Norge"
"NINFP2410155771",0.0340966420249286,0.0103543559089303,34463,4,"meta_highrescanopyheight_orthophoto",0.5,"orthophoto_50cm_2025","Nord-Norge"
"NINFP2010025677",6.5553214876112,6.06610727310181,14095,3,"meta_highrescanopyheight_orthophoto",0.5,"orthophoto_50cm_2025","Nord-Norge"
"NINFP2310122756",0.11149856980181,0.0104462830349803,33253,3,"meta_highrescanopyheight_orthophoto",0.5,"orthophoto_50cm_2025","Nord-Norge"
"NINFP2410155470",0.276131936863817,0.0102801541797817,28064,4,"meta_highrescanopyheight_orthophoto",0.5,"orthophoto_50cm_2025","Nord-Norge"
"NINFP1810014235",0.209911057759503,0.0166094331070781,48028,7,"meta_highrescanopyheight_orthophoto",0.5,"orthophoto_50cm_2025","Nord-Norge"
"NINFP2510197092",0.248489842605674,0.0192130692303181,4990,2,"meta_highrescanopyheight_orthophoto",0.5,"orthophoto_50cm_2025","Nord-Norge"
"NINFP2410157481",0.0569145204035968,0.0102043282240629,17063,4,"meta_highrescanopyheight_orthophoto",0.5,"orthophoto_50cm_2025","Nord-Norge"
"NINFP2510211137",0.0100929816053221,0.0100558530539274,93917,5,"meta_highrescanopyheight_orthophoto",0.5,"orthophoto_50cm_2025","Nord-Norge"
"NINFP2210092532",0.0670868752949876,0.0103376917541027,32411,4,"meta_highrescanopyheight_orthophoto",0.5,"orthophoto_50cm_2025","Nord-Norge"
"NINFP2310133618",0.122381085385292,0.0113832177594304,26298,4,"meta_highrescanopyheight_orthophoto",0.5,"orthophoto_50cm_2025","Nord-Norge"
"NINFP2410174906",0.249306006591613,0.0108786132186651,21395,4,"meta_highrescanopyheight_orthophoto",0.5,"orthophoto_50cm_2025","Nord-Norge"
"NINFP2010013942",0.565845429446669,0.0102958832867444,227348,10,"meta_highrescanopyheight_orthophoto",0.5,"orthophoto_50cm_2025","Nord-Norge"
"NINFP2210102050",0.138102677341676,0.0106895295903087,9537,2,"meta_highrescanopyheight_orthophoto",0.5,"orthophoto_50cm_2025","Nord-Norge"
"NINFP2310142100",0.838459168358152,0.21057553589344,25667,2,"meta_highrescanopyheight_orthophoto",0.5,"orthophoto_50cm_2025","Nord-Norge"
"NINFP2110022172",0.713654176542478,0.0150175876915455,11481,4,"meta_highrescanopyheight_orthophoto",0.5,"orthophoto_50cm_2025","Nord-Norge"
"NINFP2210082676",1.23068137956733,0.242503464221954,5099,2,"meta_highrescanopyheight_orthophoto",0.5,"orthophoto_50cm_2025","Nord-Norge"
"NINFP2210082947",0.0283832545900064,0.0101632913574576,194765,13,"meta_highrescanopyheight_orthophoto",0.5,"orthophoto_50cm_2025","Nord-Norge"
"NINFP2110019598",0.0166544334200034,0.0102489297278225,10464,2,"meta_highrescanopyheight_orthophoto",0.5,"orthophoto_50cm_2025","Nord-Norge"
"NINFP2110031329",6.30486158688205,6.76836013793945,11347,4,"meta_highrescanopyheight_orthophoto",0.5,"orthophoto_50cm_2025","Nord-Norge"
"NINFP2410159878",0.69423501635497,0.0193439871072769,9035,2,"meta_highrescanopyheight_orthophoto",0.5,"orthophoto_50cm_2025","Nord-Norge"
"NINFP2210077590",0.0146382658781461,0.0101288491860032,94340,7,"meta_highrescanopyheight_orthophoto",0.5,"orthophoto_50cm_2025","Nord-Norge"
"NINFP2510202790",0.0775451428656787,0.0101870009675622,170134,7,"meta_highrescanopyheight_orthophoto",0.5,"orthophoto_50cm_2025","Nord-Norge"
"NINFP2310137350",0.261202070904064,0.0156177338212729,4190,2,"meta_highrescanopyheight_orthophoto",0.5,"orthophoto_50cm_2025","Nord-Norge"
"NINFP2410157359",0.0548097750666178,0.0109264412894845,6438,3,"meta_highrescanopyheight_orthophoto",0.5,"orthophoto_50cm_2025","Nord-Norge"
"NINFP2110030683",0.010662979758226,0.0101055577397346,43957,4,"meta_highrescanopyheight_orthophoto",0.5,"orthophoto_50cm_2025","Nord-Norge"
"NINFP2210087548",0.14723952823515,0.0105712525546551,12519,3,"meta_highrescanopyheight_orthophoto",0.5,"orthophoto_50cm_2025","Nord-Norge"
"NINFP2010039555",1.68016208757812,0.922711312770844,3398,1,"meta_highrescanopyheight_orthophoto",0.5,"orthophoto_50cm_2025","Nord-Norge"
"NINFP2010026811",3.40268345661587,2.72064185142517,8597,3,"meta_highrescanopyheight_orthophoto",0.5,"orthophoto_50cm_2025","Nord-Norge"
"NINFP2210090076",0.0167109729501277,0.0100963599979877,8737,1,"meta_highrescanopyheight_orthophoto",0.5,"orthophoto_50cm_2025","Nord-Norge"
"NINFP2510210352",0.0105503295754804,0.0100970338098705,13906,1,"meta_highrescanopyheight_orthophoto",0.5,"orthophoto_50cm_2025","Nord-Norge"
"NINFP1910018234",6.24404293429027,5.32697939872742,4700,2,"meta_highrescanopyheight_orthophoto",0.5,"orthophoto_50cm_2025","Nord-Norge"
"NINFP2410172868",0.245286522444624,0.0100936461240053,294700,15,"meta_highrescanopyheight_orthophoto",0.5,"orthophoto_50cm_2025","Nord-Norge"
"NINFP2010023548",0.117236128366533,0.012906045652926,13853,4,"meta_highrescanopyheight_orthophoto",0.5,"orthophoto_50cm_2025","Nord-Norge"
"NINFP2210077908",0.205300822883933,0.0100982235744596,78081,4,"meta_highrescanopyheight_orthophoto",0.5,"orthophoto_50cm_2025","Nord-Norge"
"NINFP2010025734",1.505012382208,0.462384700775146,4081,1,"meta_highrescanopyheight_orthophoto",0.5,"orthophoto_50cm_2025","Nord-Norge"
"NINFP1810021337",0.515364756493777,0.0307627711445093,56510,10,"meta_highrescanopyheight_orthophoto",0.5,"orthophoto_50cm_2025","Nord-Norge"
"NINFP2410172796",0.0380753967783521,0.0105720958672464,9424,3,"meta_highrescanopyheight_orthophoto",0.5,"orthophoto_50cm_2025","Nord-Norge"
"NINFP2410150384",0.0101595143067333,0.0100642815232277,133893,8,"meta_highrescanopyheight_orthophoto",0.5,"orthophoto_50cm_2025","Nord-Norge"
"NINFP2410156098",5.73921527527323,6.06212401390076,11092,2,"meta_highrescanopyheight_orthophoto",0.5,"orthophoto_50cm_2025","Nord-Norge"
"NINFP2410150017",0.0107368157486565,0.0100667141377926,119891,8,"meta_highrescanopyheight_orthophoto",0.5,"orthophoto_50cm_2025","Nord-Norge"
"NINFP2010012337",0.102907240512315,0.0105974972248077,79977,6,"meta_highrescanopyheight_orthophoto",0.5,"orthophoto_50cm_2025","Nord-Norge"
"NINFP2010028394",0.426227453001474,0.0159597005695105,12149,1,"meta_highrescanopyheight_orthophoto",0.5,"orthophoto_50cm_2025","Nord-Norge"
"NINFP2110026490",0.832863852378438,0.2656140178442,25080,4,"meta_highrescanopyheight_orthophoto",0.5,"orthophoto_50cm_2025","Nord-Norge"
"NINFP2510203916",0.0283370281920814,0.0108198872767389,3660,1,"meta_highrescanopyheight_orthophoto",0.5,"orthophoto_50cm_2025","Nord-Norge"
"NINFP1810022344",0.232332873847673,0.0172910979017615,35176,4,"meta_highrescanopyheight_orthophoto",0.5,"orthophoto_50cm_2025","Nord-Norge"
"NINFP2410154690",0.266489098081058,0.0119089167565107,14403,4,"meta_highrescanopyheight_orthophoto",0.5,"orthophoto_50cm_2025","Nord-Norge"
"NINFP2010029333",2.33154402746681,0.514676094055176,5088,2,"meta_highrescanopyheight_orthophoto",0.5,"orthophoto_50cm_2025","Nord-Norge"
"NINFP1910026272",0.243764979170823,0.0101184118539095,92225,7,"meta_highrescanopyheight_orthophoto",0.5,"orthophoto_50cm_2025","Nord-Norge"
"NINFP1810031725",5.2235343122274,4.96040868759155,36823,4,"meta_highrescanopyheight_orthophoto",0.5,"orthophoto_50cm_2025","Nord-Norge"
"NINFP1910030250",1.27767557595637,0.104974586516619,6648,2,"meta_highrescanopyheight_orthophoto",0.5,"orthophoto_50cm_2025","Nord-Norge"
"NINFP1910026815",0.084349074229036,0.0101290266029537,47946,6,"meta_highrescanopyheight_orthophoto",0.5,"orthophoto_50cm_2025","Nord-Norge"
"NINFP2410162270",0.060849614828904,0.0103096012026072,72901,6,"meta_highrescanopyheight_orthophoto",0.5,"orthophoto_50cm_2025","Nord-Norge"
"NINFP1810031209",0.891608986139725,0.0428364127874374,37939,6,"meta_highrescanopyheight_orthophoto",0.5,"orthophoto_50cm_2025","Nord-Norge"
"NINFP1910019648",0.0121054802964037,0.0102348923683167,5046,4,"meta_highrescanopyheight_orthophoto",0.5,"orthophoto_50cm_2025","Nord-Norge"
"NINFP2110031330",1.36110392337368,0.141206473112106,17945,5,"meta_highrescanopyheight_orthophoto",0.5,"orthophoto_50cm_2025","Nord-Norge"
"NINFP2510189267",0.819103290051766,0.0170758571475744,37889,4,"meta_highrescanopyheight_orthophoto",0.5,"orthophoto_50cm_2025","Nord-Norge"
"NINFP2410157017",0.217441135619236,0.011281824670732,56910,6,"meta_highrescanopyheight_orthophoto",0.5,"orthophoto_50cm_2025","Nord-Norge"
"NINFP2010014302",0.498280903380991,0.024816419929266,18921,4,"meta_highrescanopyheight_orthophoto",0.5,"orthophoto_50cm_2025","Nord-Norge"
"NINFP2210104128",2.32321574767318,1.67020201683044,5295,1,"meta_highrescanopyheight_orthophoto",0.5,"orthophoto_50cm_2025","Nord-Norge"
"NINFP2010013599",0.86508516506726,0.0231023598462343,16886,4,"meta_highrescanopyheight_orthophoto",0.5,"orthophoto_50cm_2025","Nord-Norge"
"NINFP2510185563",0.0155754522604116,0.0102250287309289,50306,4,"meta_highrescanopyheight_orthophoto",0.5,"orthophoto_50cm_2025","Nord-Norge"
"NINFP2210102399",4.93114851868866,5.23376750946045,5119,1,"meta_highrescanopyheight_orthophoto",0.5,"orthophoto_50cm_2025","Nord-Norge"
"NINFP2410172876",0.183551170407649,0.0101381791755557,1400968,36,"meta_highrescanopyheight_orthophoto",0.5,"orthophoto_50cm_2025","Nord-Norge"
"NINFP2310136830",0.12789206085613,0.0102753420360386,66088,5,"meta_highrescanopyheight_orthophoto",0.5,"orthophoto_50cm_2025","Nord-Norge"
"NINFP2510206472",0.263010073404267,0.0111572165042162,7691,2,"meta_highrescanopyheight_orthophoto",0.5,"orthophoto_50cm_2025","Nord-Norge"
"NINFP2310142102",1.16664543100017,0.251353234052658,16317,4,"meta_highrescanopyheight_orthophoto",0.5,"orthophoto_50cm_2025","Nord-Norge"
"NINFP2010022179",3.1553459344062,1.88236880302429,10429,2,"meta_highrescanopyheight_orthophoto",0.5,"orthophoto_50cm_2025","Nord-Norge"
"NINFP2210076344",0.010358978364177,0.0101544791832566,19921,3,"meta_highrescanopyheight_orthophoto",0.5,"orthophoto_50cm_2025","Nord-Norge"
"NINFP1910032792",2.8312720053042,1.90633404254913,60295,6,"meta_highrescanopyheight_orthophoto",0.5,"orthophoto_50cm_2025","Nord-Norge"
"NINFP2210107127",0.0102629901095525,0.0101639702916145,26625,3,"meta_highrescanopyheight_orthophoto",0.5,"orthophoto_50cm_2025","Nord-Norge"
"NINFP2210089876",1.30912266446377,0.184015765786171,19151,3,"meta_highrescanopyheight_orthophoto",0.5,"orthophoto_50cm_2025","Nord-Norge"
"NINFP2410170602",3.44907512936914,1.53700482845306,8508,2,"meta_highrescanopyheight_orthophoto",0.5,"orthophoto_50cm_2025","Nord-Norge"
"NINFP1810030793",0.174671633391772,0.0118889748118818,91812,11,"meta_highrescanopyheight_orthophoto",0.5,"orthophoto_50cm_2025","Nord-Norge"
"NINFP1810015577",0.804168264394656,0.0550195649266243,14965,4,"meta_highrescanopyheight_orthophoto",0.5,"orthophoto_50cm_2025","Nord-Norge"
"NINFP2410174807",0.527245707570368,0.0202094037085772,8965,3,"meta_highrescanopyheight_orthophoto",0.5,"orthophoto_50cm_2025","Nord-Norge"
"NINFP2310142300",3.37383297133557,2.44730663299561,6479,1,"meta_highrescanopyheight_orthophoto",0.5,"orthophoto_50cm_2025","Nord-Norge"
"NINFP2410156487",0.0105509066768452,0.0101207070983946,14526,2,"meta_highrescanopyheight_orthophoto",0.5,"orthophoto_50cm_2025","Nord-Norge"
"NINFP2410157261",2.75298926994516,2.13465976715088,8320,2,"meta_highrescanopyheight_orthophoto",0.5,"orthophoto_50cm_2025","Nord-Norge"
"NINFP2410161635",0.564467914333803,0.0764157921075821,4868,2,"meta_highrescanopyheight_orthophoto",0.5,"orthophoto_50cm_2025","Nord-Norge"
"NINFP2110058967",0.0112592714452679,0.0102734435349703,19268,2,"meta_highrescanopyheight_orthophoto",0.5,"orthophoto_50cm_2025","Nord-Norge"
"NINFP2410172279",0.0212278046304502,0.010372607037425,17428,2,"meta_highrescanopyheight_orthophoto",0.5,"orthophoto_50cm_2025","Nord-Norge"
"NINFP2410154337",0.104712590577539,0.0102428793907166,22074,3,"meta_highrescanopyheight_orthophoto",0.5,"orthophoto_50cm_2025","Nord-Norge"
"NINFP2310131773",0.104245466367629,0.0100515894591808,48582,5,"meta_highrescanopyheight_orthophoto",0.5,"orthophoto_50cm_2025","Nord-Norge"
"NINFP2410172692",0.0115805243471766,0.0100964084267616,24033,2,"meta_highrescanopyheight_orthophoto",0.5,"orthophoto_50cm_2025","Nord-Norge"
"NINFP2410175040",0.0999040848581574,0.0104903890751302,10790,3,"meta_highrescanopyheight_orthophoto",0.5,"orthophoto_50cm_2025","Nord-Norge"
"NINFP2010022202",0.530199418411363,0.0111692538484931,47827,5,"meta_highrescanopyheight_orthophoto",0.5,"orthophoto_50cm_2025","Nord-Norge"
"NINFP2410172071",0.010295591444989,0.010166103951633,7611,2,"meta_highrescanopyheight_orthophoto",0.5,"orthophoto_50cm_2025","Nord-Norge"
"NINFP2010017308",0.766119395567787,0.0964480973780155,13420,4,"meta_highrescanopyheight_orthophoto",0.5,"orthophoto_50cm_2025","Nord-Norge"
"NINFP1910017356",0.937341928801709,0.0480506010353565,19882,5,"meta_highrescanopyheight_orthophoto",0.5,"orthophoto_50cm_2025","Nord-Norge"
"NINFP2010009536",3.79300181675601,3.14631676673889,23503,4,"meta_highrescanopyheight_orthophoto",0.5,"orthophoto_50cm_2025","Nord-Norge"
"NINFP1810034274",0.189083017239687,0.0108011858537793,23861,4,"meta_highrescanopyheight_orthophoto",0.5,"orthophoto_50cm_2025","Nord-Norge"
"NINFP2210086139",1.4994728209335,0.0637511610984802,4133,1,"meta_highrescanopyheight_orthophoto",0.5,"orthophoto_50cm_2025","Nord-Norge"
"NINFP2310126115",1.03408145993131,0.0196950975805521,8222,2,"meta_highrescanopyheight_orthophoto",0.5,"orthophoto_50cm_2025","Nord-Norge"
"NINFP1910026817",0.163658626308036,0.0120073966681957,24051,3,"meta_highrescanopyheight_orthophoto",0.5,"orthophoto_50cm_2025","Nord-Norge"
"NINFP2010026847",4.5251758894937,4.56423091888428,5099,2,"meta_highrescanopyheight_orthophoto",0.5,"orthophoto_50cm_2025","Nord-Norge"
"NINFP2410157435",0.269460470150737,0.0115557471290231,4971,2,"meta_highrescanopyheight_orthophoto",0.5,"orthophoto_50cm_2025","Nord-Norge"
"NINFP2410151651",0.259938827899083,0.0119188418611884,84301,5,"meta_highrescanopyheight_orthophoto",0.5,"orthophoto_50cm_2025","Nord-Norge"
"NINFP2010027673",0.200861165445599,0.0104324361309409,112594,5,"meta_highrescanopyheight_orthophoto",0.5,"orthophoto_50cm_2025","Nord-Norge"
"NINFP2110046200",0.0889197027460113,0.0102686216123402,123978,8,"meta_highrescanopyheight_orthophoto",0.5,"orthophoto_50cm_2025","Nord-Norge"
"NINFP2310130029",3.88654891818632,2.9770781993866,7083,1,"meta_highrescanopyheight_orthophoto",0.5,"orthophoto_50cm_2025","Nord-Norge"
"NINFP1810016725",0.389818774858373,0.101433012634516,5502,2,"meta_highrescanopyheight_orthophoto",0.5,"orthophoto_50cm_2025","Nord-Norge"
"NINFP2310126552",0.255406142641266,0.0117451315745711,84057,6,"meta_highrescanopyheight_orthophoto",0.5,"orthophoto_50cm_2025","Nord-Norge"
"NINFP2510201075",0.154182766570882,0.0104442294687033,10299,3,"meta_highrescanopyheight_orthophoto",0.5,"orthophoto_50cm_2025","Nord-Norge"
"NINFP2410157420",3.7587956201914,3.99478912353516,8205,3,"meta_highrescanopyheight_orthophoto",0.5,"orthophoto_50cm_2025","Nord-Norge"
"NINFP2410157438",0.0153043158067945,0.0104274516925216,7531,3,"meta_highrescanopyheight_orthophoto",0.5,"orthophoto_50cm_2025","Nord-Norge"
"NINFP2010025691",0.138494941718708,0.0108177717775106,6435,1,"meta_highrescanopyheight_orthophoto",0.5,"orthophoto_50cm_2025","Nord-Norge"
"NINFP2510203511",0.0840551100148721,0.0106266685761511,6366,3,"meta_highrescanopyheight_orthophoto",0.5,"orthophoto_50cm_2025","Nord-Norge"
"NINFP1810035320",0.19931350606274,0.0104664405807853,94834,6,"meta_highrescanopyheight_orthophoto",0.5,"orthophoto_50cm_2025","Nord-Norge"
"NINFP2410157002",0.0258532022954028,0.0103931520134211,7446,2,"meta_highrescanopyheight_orthophoto",0.5,"orthophoto_50cm_2025","Nord-Norge"
"NINFP2210103890",0.0252907350869417,0.0101367523893714,813841,27,"meta_highrescanopyheight_orthophoto",0.5,"orthophoto_50cm_2025","Nord-Norge"
"NINFP2010016111",2.31360858794732,0.857725203037262,45164,8,"meta_highrescanopyheight_orthophoto",0.5,"orthophoto_50cm_2025","Nord-Norge"
"NINFP1910025155",0.0111454879235722,0.0102097596973181,11981,1,"meta_highrescanopyheight_orthophoto",0.5,"orthophoto_50cm_2025","Nord-Norge"
"NINFP2010014386",1.96580175779834,0.460288867354393,15320,3,"meta_highrescanopyheight_orthophoto",0.5,"orthophoto_50cm_2025","Nord-Norge"
"NINFP2210099023",0.188283746446494,0.0101331705227494,972785,31,"meta_highrescanopyheight_orthophoto",0.5,"orthophoto_50cm_2025","Nord-Norge"
"NINFP2010024558",0.0353904486999622,0.0104734948836267,7954,3,"meta_highrescanopyheight_orthophoto",0.5,"orthophoto_50cm_2025","Nord-Norge"
"NINFP1910025830",0.0437514850909235,0.010282265022397,18551,2,"meta_highrescanopyheight_orthophoto",0.5,"orthophoto_50cm_2025","Nord-Norge"
"NINFP2210077931",0.0863556765307059,0.0102303763851523,64234,6,"meta_highrescanopyheight_orthophoto",0.5,"orthophoto_50cm_2025","Nord-Norge"
"NINFP2210097717",0.218488273855112,0.010516781359911,88611,7,"meta_highrescanopyheight_orthophoto",0.5,"orthophoto_50cm_2025","Nord-Norge"
"NINFP2410167535",0.0379477861831844,0.0101076615974307,37859,3,"meta_highrescanopyheight_orthophoto",0.5,"orthophoto_50cm_2025","Nord-Norge"
"NINFP1810037119",0.0620650132886327,0.0203794948756695,14703,1,"meta_highrescanopyheight_orthophoto",0.5,"orthophoto_50cm_2025","Nord-Norge"
"NINFP2110025729",0.142697008194353,0.0103547377511859,164643,12,"meta_highrescanopyheight_orthophoto",0.5,"orthophoto_50cm_2025","Nord-Norge"
"NINFP2310133590",4.33090895128436,4.63840579986572,70248,6,"meta_highrescanopyheight_orthophoto",0.5,"orthophoto_50cm_2025","Nord-Norge"
"NINFP2010025675",5.60590744559642,5.82106876373291,4392,1,"meta_highrescanopyheight_orthophoto",0.5,"orthophoto_50cm_2025","Nord-Norge"
"NINFP1810013478",0.0722578116841904,0.0101857916451991,63938,5,"meta_highrescanopyheight_orthophoto",0.5,"orthophoto_50cm_2025","Nord-Norge"
"NINFP1810011737",0.805791582819598,0.0224346499890089,95064,8,"meta_highrescanopyheight_orthophoto",0.5,"orthophoto_50cm_2025","Nord-Norge"
"NINFP2210104086",2.08070893741894,1.32613253593445,4289,2,"meta_highrescanopyheight_orthophoto",0.5,"orthophoto_50cm_2025","Nord-Norge"
"NINFP2110045141",0.327303895412732,0.0260216593742371,22169,2,"meta_highrescanopyheight_orthophoto",0.5,"orthophoto_50cm_2025","Nord-Norge"
"NINFP2210088608",1.42139554490576,0.160422891378403,10333,3,"meta_highrescanopyheight_orthophoto",0.5,"orthophoto_50cm_2025","Nord-Norge"
"NINFP2410175044",0.0202606014587436,0.0105643197894096,7202,3,"meta_highrescanopyheight_orthophoto",0.5,"orthophoto_50cm_2025","Nord-Norge"
"NINFP2210087527",2.96224350074842,1.81049823760986,7749,3,"meta_highrescanopyheight_orthophoto",0.5,"orthophoto_50cm_2025","Nord-Norge"
"NINFP2510206386",0.139865997256584,0.0117878438904881,81313,5,"meta_highrescanopyheight_orthophoto",0.5,"orthophoto_50cm_2025","Nord-Norge"
"NINFP2410159086",0.012121978824763,0.0107684964314103,2071,1,"meta_highrescanopyheight_orthophoto",0.5,"orthophoto_50cm_2025","Nord-Norge"
"NINFP1810032723",0.152400515510053,0.0108255255036056,43816,4,"meta_highrescanopyheight_orthophoto",0.5,"orthophoto_50cm_2025","Nord-Norge"
"NINFP1810018372",1.09129369052153,0.340782031416893,4392,2,"meta_highrescanopyheight_orthophoto",0.5,"orthophoto_50cm_2025","Nord-Norge"
"NINFP1810042367",0.0113908361606715,0.0100643169134855,278753,18,"meta_highrescanopyheight_orthophoto",0.5,"orthophoto_50cm_2025","Nord-Norge"
"NINFP1910026366",0.0104628484451039,0.0101443226449192,19264,4,"meta_highrescanopyheight_orthophoto",0.5,"orthophoto_50cm_2025","Nord-Norge"
"NINFP1810029073",0.195564231591784,0.0141905713826418,28029,4,"meta_highrescanopyheight_orthophoto",0.5,"orthophoto_50cm_2025","Nord-Norge"
"NINFP2210076451",0.0100896782959659,0.010056845843792,89325,6,"meta_highrescanopyheight_orthophoto",0.5,"orthophoto_50cm_2025","Nord-Norge"
"NINFP1810037241",0.754997698762125,0.0840742141008377,48785,4,"meta_highrescanopyheight_orthophoto",0.5,"orthophoto_50cm_2025","Nord-Norge"
"NINFP2010008966",0.506225047250609,0.0101963570341468,165503,8,"meta_highrescanopyheight_orthophoto",0.5,"orthophoto_50cm_2025","Nord-Norge"
"NINFP1810033337",0.290547858396844,0.0106813795864582,95837,5,"meta_highrescanopyheight_orthophoto",0.5,"orthophoto_50cm_2025","Nord-Norge"
"NINFP1910024797",0.65136208037823,0.0269378554075956,7555,2,"meta_highrescanopyheight_orthophoto",0.5,"orthophoto_50cm_2025","Nord-Norge"
"NINFP2410172381",2.36873379615158,0.743065536022186,7933,2,"meta_highrescanopyheight_orthophoto",0.5,"orthophoto_50cm_2025","Nord-Norge"
"NINFP2210102148",0.0625353008933117,0.0102208275347948,155793,9,"meta_highrescanopyheight_orthophoto",0.5,"orthophoto_50cm_2025","Nord-Norge"
"NINFP2510193196",0.503067146362622,0.0301211476325989,8485,2,"meta_highrescanopyheight_orthophoto",0.5,"orthophoto_50cm_2025","Nord-Norge"
"NINFP2010024423",5.6832706090091,5.93048214912415,19218,3,"meta_highrescanopyheight_orthophoto",0.5,"orthophoto_50cm_2025","Nord-Norge"
"NINFP2410163080",0.117393387067966,0.0100865075364709,400073,23,"meta_highrescanopyheight_orthophoto",0.5,"orthophoto_50cm_2025","Nord-Norge"
"NINFP1810022678",0.29995829115579,0.0101707438006997,54394,4,"meta_highrescanopyheight_orthophoto",0.5,"orthophoto_50cm_2025","Nord-Norge"
"NINFP1810047125",0.0801760172510585,0.0101322405971587,464220,18,"meta_highrescanopyheight_orthophoto",0.5,"orthophoto_50cm_2025","Nord-Norge"
"NINFP2510204462",0.0799600490486216,0.0117033608257771,9725,2,"meta_highrescanopyheight_orthophoto",0.5,"orthophoto_50cm_2025","Nord-Norge"
"NINFP2010017514",1.93554725467544,0.793418973684311,12428,3,"meta_highrescanopyheight_orthophoto",0.5,"orthophoto_50cm_2025","Nord-Norge"
"NINFP2210087210",0.014077120644849,0.0100961704738438,71770,7,"meta_highrescanopyheight_orthophoto",0.5,"orthophoto_50cm_2025","Nord-Norge"
"NINFP2010039024",0.52197892954013,0.0124079631641507,2245,1,"meta_highrescanopyheight_orthophoto",0.5,"orthophoto_50cm_2025","Nord-Norge"
"NINFP2410172825",0.124046885322233,0.0101056881248951,287903,10,"meta_highrescanopyheight_orthophoto",0.5,"orthophoto_50cm_2025","Nord-Norge"
"NINFP2410160144",1.3747405858771,0.58457738161087,5753,4,"meta_highrescanopyheight_orthophoto",0.5,"orthophoto_50cm_2025","Nord-Norge"
"NINFP2410173010",0.111805759452853,0.0102664525620639,28416,5,"meta_highrescanopyheight_orthophoto",0.5,"orthophoto_50cm_2025","Nord-Norge"
"NINFP2410159863",0.657968455384289,0.0123192928731441,2395,1,"meta_highrescanopyheight_orthophoto",0.5,"orthophoto_50cm_2025","Nord-Norge"
"NINFP2510203182",0.0227259543019508,0.0100342342630029,27100,3,"meta_highrescanopyheight_orthophoto",0.5,"orthophoto_50cm_2025","Nord-Norge"
"NINFP2010024579",2.89198402365244,1.78272652626038,28009,3,"meta_highrescanopyheight_orthophoto",0.5,"orthophoto_50cm_2025","Nord-Norge"
"NINFP2310136833",3.94048106965235,2.78102397918701,22237,2,"meta_highrescanopyheight_orthophoto",0.5,"orthophoto_50cm_2025","Nord-Norge"
"NINFP2310127002",0.0118656015453987,0.01032306952402,49414,6,"meta_highrescanopyheight_orthophoto",0.5,"orthophoto_50cm_2025","Nord-Norge"
"NINFP2410156108",0.221266892780238,0.0103599983267486,172280,9,"meta_highrescanopyheight_orthophoto",0.5,"orthophoto_50cm_2025","Nord-Norge"
"NINFP2310126542",0.245645116103541,0.0235698167234659,6265,4,"meta_highrescanopyheight_orthophoto",0.5,"orthophoto_50cm_2025","Nord-Norge"
"NINFP2110027461",3.76812916425739,3.92579436302185,23385,4,"meta_highrescanopyheight_orthophoto",0.5,"orthophoto_50cm_2025","Nord-Norge"
"NINFP1810024716",0.0448856466669528,0.0102740209549665,21595,4,"meta_highrescanopyheight_orthophoto",0.5,"orthophoto_50cm_2025","Nord-Norge"
"NINFP2010009542",6.03680972414365,6.06133890151978,29098,3,"meta_highrescanopyheight_orthophoto",0.5,"orthophoto_50cm_2025","Nord-Norge"
"NINFP1910040142",0.937281162641452,0.0180148240178823,48338,4,"meta_highrescanopyheight_orthophoto",0.5,"orthophoto_50cm_2025","Nord-Norge"
"NINFP2410177445",0.0189626195636151,0.0103757726028562,14102,3,"meta_highrescanopyheight_orthophoto",0.5,"orthophoto_50cm_2025","Nord-Norge"
"NINFP2310134169",0.507309232051531,0.0117566473782063,16285,2,"meta_highrescanopyheight_orthophoto",0.5,"orthophoto_50cm_2025","Nord-Norge"
"NINFP1810032837",0.598443952648104,0.146311491727829,5907,3,"meta_highrescanopyheight_orthophoto",0.5,"orthophoto_50cm_2025","Nord-Norge"
"NINFP2410154472",0.0262015770154865,0.0101951872929931,94023,7,"meta_highrescanopyheight_orthophoto",0.5,"orthophoto_50cm_2025","Nord-Norge"
"NINFP2210076423",0.138286390744725,0.010357947088778,10663,4,"meta_highrescanopyheight_orthophoto",0.5,"orthophoto_50cm_2025","Nord-Norge"
"NINFP2410174905",0.221741492087,0.0118029126897454,26739,5,"meta_highrescanopyheight_orthophoto",0.5,"orthophoto_50cm_2025","Nord-Norge"
"NINFP2010039000",0.345041209137783,0.0142491622827947,14574,4,"meta_highrescanopyheight_orthophoto",0.5,"orthophoto_50cm_2025","Nord-Norge"
"NINFP2310135609",3.15707581244871,1.75499784946442,20613,3,"meta_highrescanopyheight_orthophoto",0.5,"orthophoto_50cm_2025","Nord-Norge"
"NINFP2510203247",0.0426114251364991,0.0103310504928231,48422,4,"meta_highrescanopyheight_orthophoto",0.5,"orthophoto_50cm_2025","Nord-Norge"
"NINFP2010026851",2.14414436567789,0.0375284347683191,7776,2,"meta_highrescanopyheight_orthophoto",0.5,"orthophoto_50cm_2025","Nord-Norge"
"NINFP2310126660",0.393212245254567,0.0176046779379249,36602,3,"meta_highrescanopyheight_orthophoto",0.5,"orthophoto_50cm_2025","Nord-Norge"
"NINFP2210084301",0.0374852499531979,0.0104106897488236,71698,4,"meta_highrescanopyheight_orthophoto",0.5,"orthophoto_50cm_2025","Nord-Norge"
"NINFP2110020841",0.193776568711217,0.0104017318226397,15004,2,"meta_highrescanopyheight_orthophoto",0.5,"orthophoto_50cm_2025","Nord-Norge"
"NINFP2410157433",0.0105562920627603,0.0101902005262673,2152,1,"meta_highrescanopyheight_orthophoto",0.5,"orthophoto_50cm_2025","Nord-Norge"
"NINFP1810012246",0.0126128038825591,0.010079971048981,103876,6,"meta_highrescanopyheight_orthophoto",0.5,"orthophoto_50cm_2025","Nord-Norge"
"NINFP1910009923",1.47131262140611,0.202464580535889,4715,2,"meta_highrescanopyheight_orthophoto",0.5,"orthophoto_50cm_2025","Nord-Norge"
"NINFP2210090072",0.368007431416943,0.0108366585336626,28186,2,"meta_highrescanopyheight_orthophoto",0.5,"orthophoto_50cm_2025","Nord-Norge"
"NINFP2210113989",0.011112238171587,0.0101773766800761,5243,4,"meta_highrescanopyheight_orthophoto",0.5,"orthophoto_50cm_2025","Nord-Norge"
"NINFP1810034640",0.0516692409843394,0.0104694846086204,14978,2,"meta_highrescanopyheight_orthophoto",0.5,"orthophoto_50cm_2025","Nord-Norge"
"NINFP2410177646",0.331709303301345,0.0194758865982294,195704,15,"meta_highrescanopyheight_orthophoto",0.5,"orthophoto_50cm_2025","Nord-Norge"
"NINFP2510198107",0.0228092867062377,0.0100693115964532,25871,5,"meta_highrescanopyheight_orthophoto",0.5,"orthophoto_50cm_2025","Nord-Norge"
"NINFP1810035861",0.0106435350256922,0.0100942994467914,44556,5,"meta_highrescanopyheight_orthophoto",0.5,"orthophoto_50cm_2025","Nord-Norge"
"NINFP2010025376",0.47753437445483,0.0343061424791813,119050,8,"meta_highrescanopyheight_orthophoto",0.5,"orthophoto_50cm_2025","Nord-Norge"
"NINFP1810016178",2.07697443620983,1.05766028165817,268,3,"meta_highrescanopyheight_orthophoto",0.5,"orthophoto_50cm_2025","Nord-Norge"
"NINFP2310140578",2.80479480530061,1.87713098526001,11025,2,"meta_highrescanopyheight_orthophoto",0.5,"orthophoto_50cm_2025","Nord-Norge"
"NINFP2510198532",1.07416887736543,0.138743177056313,5953,2,"meta_highrescanopyheight_orthophoto",0.5,"orthophoto_50cm_2025","Nord-Norge"
"NINFP2010023927",3.57302228426866,3.95466756820679,10535,3,"meta_highrescanopyheight_orthophoto",0.5,"orthophoto_50cm_2025","Nord-Norge"
"NINFP2410156412",4.91873042036709,4.90420913696289,5865,2,"meta_highrescanopyheight_orthophoto",0.5,"orthophoto_50cm_2025","Nord-Norge"
"NINFP2010024382",0.737035924905211,0.0214509814977646,14544,3,"meta_highrescanopyheight_orthophoto",0.5,"orthophoto_50cm_2025","Nord-Norge"
"NINFP2210103854",0.0106334030112993,0.0102569339796901,20177,5,"meta_highrescanopyheight_orthophoto",0.5,"orthophoto_50cm_2025","Nord-Norge"
"NINFP2210087125",0.144697347021101,0.0109550799243152,314744,11,"meta_highrescanopyheight_orthophoto",0.5,"orthophoto_50cm_2025","Nord-Norge"
"NINFP2010030006",0.0307678335036903,0.0104640880599618,67187,6,"meta_highrescanopyheight_orthophoto",0.5,"orthophoto_50cm_2025","Nord-Norge"
"NINFP1810035097",0.447056881397836,0.0389354936778545,20359,4,"meta_highrescanopyheight_orthophoto",0.5,"orthophoto_50cm_2025","Nord-Norge"
"NINFP2410156091",0.0563822359080347,0.0101247704587877,200076,13,"meta_highrescanopyheight_orthophoto",0.5,"orthophoto_50cm_2025","Nord-Norge"
"NINFP2410150013",0.0107368157486565,0.0100667141377926,119891,8,"meta_highrescanopyheight_orthophoto",0.5,"orthophoto_50cm_2025","Nord-Norge"
"NINFP1910018343",0.322823060963505,0.010086084716022,215128,10,"meta_highrescanopyheight_orthophoto",0.5,"orthophoto_50cm_2025","Nord-Norge"
"NINFP2010040347",0.138935580878277,0.0101665295660496,239067,10,"meta_highrescanopyheight_orthophoto",0.5,"orthophoto_50cm_2025","Nord-Norge"
"NINFP2110023268",0.0637523932034307,0.0102534582838416,5350,2,"meta_highrescanopyheight_orthophoto",0.5,"orthophoto_50cm_2025","Nord-Norge"
"NINFP2210099770",0.199685940401276,0.0101334983482957,74807,6,"meta_highrescanopyheight_orthophoto",0.5,"orthophoto_50cm_2025","Nord-Norge"
"NINFP2410152213",0.295220138582505,0.0103084743022919,6762,2,"meta_highrescanopyheight_orthophoto",0.5,"orthophoto_50cm_2025","Nord-Norge"
"NINFP2110020979",0.118007256690477,0.0103329168632627,54619,5,"meta_highrescanopyheight_orthophoto",0.5,"orthophoto_50cm_2025","Nord-Norge"
"NINFP2410172122",0.0143271486465886,0.0103756613098085,1814,2,"meta_highrescanopyheight_orthophoto",0.5,"orthophoto_50cm_2025","Nord-Norge"
"NINFP2110025724",0.423716211531535,0.010789186693728,19865,4,"meta_highrescanopyheight_orthophoto",0.5,"orthophoto_50cm_2025","Nord-Norge"
"NINFP1910025150",0.0283968133979463,0.0100770462304354,234756,11,"meta_highrescanopyheight_orthophoto",0.5,"orthophoto_50cm_2025","Nord-Norge"
"NINFP2310138779",3.12628842069252,2.45458650588989,30433,4,"meta_highrescanopyheight_orthophoto",0.5,"orthophoto_50cm_2025","Nord-Norge"
"NINFP2410156116",0.0246136518401941,0.0102006383240223,29129,3,"meta_highrescanopyheight_orthophoto",0.5,"orthophoto_50cm_2025","Nord-Norge"
"NINFP2410174029",0.0111918616722217,0.0101194139569998,22191,3,"meta_highrescanopyheight_orthophoto",0.5,"orthophoto_50cm_2025","Nord-Norge"
"NINFP2110031476",0.0122484779096253,0.0103692328557372,2184,1,"meta_highrescanopyheight_orthophoto",0.5,"orthophoto_50cm_2025","Nord-Norge"
"NINFP2210078263",0.112501352571471,0.0101699554361403,116018,6,"meta_highrescanopyheight_orthophoto",0.5,"orthophoto_50cm_2025","Nord-Norge"
"NINFP2210107132",2.00166483297833,1.29945260286331,8852,2,"meta_highrescanopyheight_orthophoto",0.5,"orthophoto_50cm_2025","Nord-Norge"
"NINFP2210106577",0.0689188013213365,0.0101604666560888,11959,3,"meta_highrescanopyheight_orthophoto",0.5,"orthophoto_50cm_2025","Nord-Norge"
"NINFP2010044034",0.0296363273266413,0.0103208245709538,7807,2,"meta_highrescanopyheight_orthophoto",0.5,"orthophoto_50cm_2025","Nord-Norge"
"NINFP2310136743",0.178939545170754,0.0107362680137157,37363,4,"meta_highrescanopyheight_orthophoto",0.5,"orthophoto_50cm_2025","Nord-Norge"
"NINFP2510205748",1.08047078351494,0.333863735198975,19452,4,"meta_highrescanopyheight_orthophoto",0.5,"orthophoto_50cm_2025","Nord-Norge"
"NINFP2510185562",0.0619460997019789,0.0101904673501849,21807,3,"meta_highrescanopyheight_orthophoto",0.5,"orthophoto_50cm_2025","Nord-Norge"
"NINFP2510214738",0.208768087762482,0.0113139362074435,27910,4,"meta_highrescanopyheight_orthophoto",0.5,"orthophoto_50cm_2025","Nord-Norge"
"NINFP2210105242",0.243184056433202,0.0112171955406666,26357,3,"meta_highrescanopyheight_orthophoto",0.5,"orthophoto_50cm_2025","Nord-Norge"
"NINFP2410156013",0.214930691324652,0.0102661270648241,65607,6,"meta_highrescanopyheight_orthophoto",0.5,"orthophoto_50cm_2025","Nord-Norge"
"NINFP1910019919",0.535889685660081,0.010502235032618,79543,4,"meta_highrescanopyheight_orthophoto",0.5,"orthophoto_50cm_2025","Nord-Norge"
"NINFP1810035935",0.0100349851931418,0.0100309140980244,5513,3,"meta_highrescanopyheight_orthophoto",0.5,"orthophoto_50cm_2025","Nord-Norge"
"NINFP1810021953",0.0419321674136065,0.0102956779301167,5880,2,"meta_highrescanopyheight_orthophoto",0.5,"orthophoto_50cm_2025","Nord-Norge"
"NINFP2210101293",0.242985539078147,0.010719595476985,30136,4,"meta_highrescanopyheight_orthophoto",0.5,"orthophoto_50cm_2025","Nord-Norge"
"NINFP2110021761",0.510623302423234,0.0448686312884092,7788,2,"meta_highrescanopyheight_orthophoto",0.5,"orthophoto_50cm_2025","Nord-Norge"
"NINFP2510185947",0.0378957414384199,0.0102147050201893,377565,17,"meta_highrescanopyheight_orthophoto",0.5,"orthophoto_50cm_2025","Nord-Norge"
"NINFP2110033645",0.0107161213689119,0.010125944390893,66223,5,"meta_highrescanopyheight_orthophoto",0.5,"orthophoto_50cm_2025","Nord-Norge"
"NINFP2110023426",0.188396764769879,0.0106037119403481,111503,10,"meta_highrescanopyheight_orthophoto",0.5,"orthophoto_50cm_2025","Nord-Norge"
"NINFP2310135025",0.0485670085558678,0.0104422671720386,7847,2,"meta_highrescanopyheight_orthophoto",0.5,"orthophoto_50cm_2025","Nord-Norge"
"NINFP2310130659",0.177343240238474,0.0137327471747994,5175,1,"meta_highrescanopyheight_orthophoto",0.5,"orthophoto_50cm_2025","Nord-Norge"
"NINFP2510206401",0.0456927707121713,0.0112926876172423,72948,4,"meta_highrescanopyheight_orthophoto",0.5,"orthophoto_50cm_2025","Nord-Norge"
"NINFP2510210235",0.204635300640391,0.0103687681257725,3989,1,"meta_highrescanopyheight_orthophoto",0.5,"orthophoto_50cm_2025","Nord-Norge"
"NINFP2310130397",0.0235052503865191,0.0147443041205406,2068,2,"meta_highrescanopyheight_orthophoto",0.5,"orthophoto_50cm_2025","Nord-Norge"
"NINFP1910024693",1.93958529064055,0.249649405479431,28035,2,"meta_highrescanopyheight_orthophoto",0.5,"orthophoto_50cm_2025","Nord-Norge"
"NINFP2410155784",3.23077348023007,2.68356037139893,9225,2,"meta_highrescanopyheight_orthophoto",0.5,"orthophoto_50cm_2025","Nord-Norge"
"NINFP2210104108",2.10572494315935,1.11943185329437,6879,2,"meta_highrescanopyheight_orthophoto",0.5,"orthophoto_50cm_2025","Nord-Norge"
"NINFP2310116311",0.0356446866187277,0.010142495855689,8656,1,"meta_highrescanopyheight_orthophoto",0.5,"orthophoto_50cm_2025","Nord-Norge"
"NINFP2310132060",0.0295672210626224,0.01033004373312,265571,13,"meta_highrescanopyheight_orthophoto",0.5,"orthophoto_50cm_2025","Nord-Norge"
"NINFP2110026382",0.0101631594933015,0.0101145822554827,15058,2,"meta_highrescanopyheight_orthophoto",0.5,"orthophoto_50cm_2025","Nord-Norge"
"NINFP2010030563",1.61609705928292,0.324523895978928,20764,4,"meta_highrescanopyheight_orthophoto",0.5,"orthophoto_50cm_2025","Nord-Norge"
"NINFP2110021708",1.15002832458161,0.0988156348466873,10261,4,"meta_highrescanopyheight_orthophoto",0.5,"orthophoto_50cm_2025","Nord-Norge"
"NINFP2310131129",0.032017396932243,0.0104976445436478,6107,2,"meta_highrescanopyheight_orthophoto",0.5,"orthophoto_50cm_2025","Nord-Norge"
"NINFP2210099108",4.01430747029377,4.15511655807495,4267,1,"meta_highrescanopyheight_orthophoto",0.5,"orthophoto_50cm_2025","Nord-Norge"
"NINFP2110045139",0.586121428643195,0.0206981524825096,24243,4,"meta_highrescanopyheight_orthophoto",0.5,"orthophoto_50cm_2025","Nord-Norge"
"NINFP1810034031",0.592533876352673,0.0119594056159258,73154,4,"meta_highrescanopyheight_orthophoto",0.5,"orthophoto_50cm_2025","Nord-Norge"
"NINFP2010040358",0.307869076348068,0.0100765470415354,479141,21,"meta_highrescanopyheight_orthophoto",0.5,"orthophoto_50cm_2025","Nord-Norge"
"NINFP2010033668",0.0160248310747503,0.0100961900316179,50444,6,"meta_highrescanopyheight_orthophoto",0.5,"orthophoto_50cm_2025","Nord-Norge"
"NINFP2310134084",0.0128839609725828,0.0103729134425521,4360,1,"meta_highrescanopyheight_orthophoto",0.5,"orthophoto_50cm_2025","Nord-Norge"
"NINFP2210094013",0.0166524320612328,0.0100973010994494,92208,6,"meta_highrescanopyheight_orthophoto",0.5,"orthophoto_50cm_2025","Nord-Norge"
"NINFP1810037421",0.102004047506944,0.0101321265101433,55005,4,"meta_highrescanopyheight_orthophoto",0.5,"orthophoto_50cm_2025","Nord-Norge"
"NINFP2010040901",0.0102116162880089,0.0100682345218956,10808,2,"meta_highrescanopyheight_orthophoto",0.5,"orthophoto_50cm_2025","Nord-Norge"
"NINFP1910025873",10.511138578502,10.7973175048828,17162,4,"meta_highrescanopyheight_orthophoto",0.5,"orthophoto_50cm_2025","Nord-Norge"
"NINFP2310134161",0.270435809679418,0.0113176135346293,19827,3,"meta_highrescanopyheight_orthophoto",0.5,"orthophoto_50cm_2025","Nord-Norge"
"NINFP2410165490",0.329354912054971,0.0107797039672732,4825,2,"meta_highrescanopyheight_orthophoto",0.5,"orthophoto_50cm_2025","Nord-Norge"
"NINFP2310141660",2.26058526098525,1.1778507232666,6891,1,"meta_highrescanopyheight_orthophoto",0.5,"orthophoto_50cm_2025","Nord-Norge"
"NINFP2110033265",0.15853153264036,0.0110357804223895,7989,1,"meta_highrescanopyheight_orthophoto",0.5,"orthophoto_50cm_2025","Nord-Norge"
"NINFP2010043233",3.23869133112757,2.7312798500061,31709,3,"meta_highrescanopyheight_orthophoto",0.5,"orthophoto_50cm_2025","Nord-Norge"
"NINFP1910019928",2.46816552233272,0.249955385923386,408784,19,"meta_highrescanopyheight_orthophoto",0.5,"orthophoto_50cm_2025","Nord-Norge"
"NINFP2410174231",0.0154110043828579,0.0103036081418395,9621,4,"meta_highrescanopyheight_orthophoto",0.5,"orthophoto_50cm_2025","Nord-Norge"
"NINFP2010012355",4.86312344048084,4.66520881652832,78379,8,"meta_highrescanopyheight_orthophoto",0.5,"orthophoto_50cm_2025","Nord-Norge"
"NINFP2010026499",0.0336809713959247,0.0107574090361595,43057,5,"meta_highrescanopyheight_orthophoto",0.5,"orthophoto_50cm_2025","Nord-Norge"
"NINFP2010021721",2.01396193426939,0.958781361579895,4307,1,"meta_highrescanopyheight_orthophoto",0.5,"orthophoto_50cm_2025","Nord-Norge"
"NINFP2310132639",0.0131162343372736,0.0101643148809671,29629,3,"meta_highrescanopyheight_orthophoto",0.5,"orthophoto_50cm_2025","Nord-Norge"
"NINFP2110030760",0.011096602024983,0.0100647183135152,18959,4,"meta_highrescanopyheight_orthophoto",0.5,"orthophoto_50cm_2025","Nord-Norge"
"NINFP2510200955",0.230234257776269,0.0114978458732367,44037,4,"meta_highrescanopyheight_orthophoto",0.5,"orthophoto_50cm_2025","Nord-Norge"
"NINFP2510214735",0.0597968969416867,0.0104738725349307,19775,2,"meta_highrescanopyheight_orthophoto",0.5,"orthophoto_50cm_2025","Nord-Norge"
"NINFP2310130102",1.14747805719335,0.0388939175754786,1736,2,"meta_highrescanopyheight_orthophoto",0.5,"orthophoto_50cm_2025","Nord-Norge"
"NINFP2310128530",0.257594264300426,0.0159269766882062,5112,2,"meta_highrescanopyheight_orthophoto",0.5,"orthophoto_50cm_2025","Nord-Norge"
"NINFP1810037528",0.0276493443965111,0.0102649237960577,293569,13,"meta_highrescanopyheight_orthophoto",0.5,"orthophoto_50cm_2025","Nord-Norge"
"NINFP1910028886",0.0653940536109741,0.0101386560127139,12995,1,"meta_highrescanopyheight_orthophoto",0.5,"orthophoto_50cm_2025","Nord-Norge"
"NINFP1810031068",0.0137303708586487,0.0101045835763216,121937,10,"meta_highrescanopyheight_orthophoto",0.5,"orthophoto_50cm_2025","Nord-Norge"
"NINFP2510185575",0.0285936010072232,0.010160269215703,39264,5,"meta_highrescanopyheight_orthophoto",0.5,"orthophoto_50cm_2025","Nord-Norge"
"NINFP2510189329",0.157900554992854,0.0102279130369425,79330,6,"meta_highrescanopyheight_orthophoto",0.5,"orthophoto_50cm_2025","Nord-Norge"
"NINFP2410174300",0.120374949250801,0.0102667836472392,71996,5,"meta_highrescanopyheight_orthophoto",0.5,"orthophoto_50cm_2025","Nord-Norge"
"NINFP2210094020",0.302323567955847,0.0106841227971017,42196,5,"meta_highrescanopyheight_orthophoto",0.5,"orthophoto_50cm_2025","Nord-Norge"
"NINFP2410160411",2.79398260783459,1.27673935890198,5405,3,"meta_highrescanopyheight_orthophoto",0.5,"orthophoto_50cm_2025","Nord-Norge"
"NINFP2410150043",0.11211907734683,0.0102686053141952,52958,5,"meta_highrescanopyheight_orthophoto",0.5,"orthophoto_50cm_2025","Nord-Norge"
"NINFP2410156390",2.00512997689397,0.268683537840843,14320,6,"meta_highrescanopyheight_orthophoto",0.5,"orthophoto_50cm_2025","Nord-Norge"
"NINFP2010024567",0.342593739634172,0.0203444780781865,4570,1,"meta_highrescanopyheight_orthophoto",0.5,"orthophoto_50cm_2025","Nord-Norge"
"NINFP2210099116",0.240531047712137,0.0106925289146602,5112,2,"meta_highrescanopyheight_orthophoto",0.5,"orthophoto_50cm_2025","Nord-Norge"
"NINFP2010025838",0.793699166776221,0.142777800559998,4786,2,"meta_highrescanopyheight_orthophoto",0.5,"orthophoto_50cm_2025","Nord-Norge"
"NINFP2210098287",3.76772064711041,2.54938983917236,4471,2,"meta_highrescanopyheight_orthophoto",0.5,"orthophoto_50cm_2025","Nord-Norge"
"NINFP2310135028",0.0220235629579825,0.0102480975911021,4437,3,"meta_highrescanopyheight_orthophoto",0.5,"orthophoto_50cm_2025","Nord-Norge"
"NINFP2210083566",1.63620127326778,0.180740416049957,16389,2,"meta_highrescanopyheight_orthophoto",0.5,"orthophoto_50cm_2025","Nord-Norge"
"NINFP2210106741",2.57396684720686,2.52295637130737,27543,4,"meta_highrescanopyheight_orthophoto",0.5,"orthophoto_50cm_2025","Nord-Norge"
"NINFP2010025030",0.0785764596399235,0.011322638951242,51371,4,"meta_highrescanopyheight_orthophoto",0.5,"orthophoto_50cm_2025","Nord-Norge"
"NINFP2210113767",0.0105144851965958,0.0100769987329841,27099,3,"meta_highrescanopyheight_orthophoto",0.5,"orthophoto_50cm_2025","Nord-Norge"
"NINFP2510207577",0.676613983673976,0.0393797494471073,8808,2,"meta_highrescanopyheight_orthophoto",0.5,"orthophoto_50cm_2025","Nord-Norge"
"NINFP2110030815",0.0117742846604492,0.0100303990766406,78207,11,"meta_highrescanopyheight_orthophoto",0.5,"orthophoto_50cm_2025","Nord-Norge"
"NINFP2510200954",0.0919035729178523,0.0110372519120574,63254,4,"meta_highrescanopyheight_orthophoto",0.5,"orthophoto_50cm_2025","Nord-Norge"
"NINFP2510193195",0.29118681211545,0.0236201630905271,4330,2,"meta_highrescanopyheight_orthophoto",0.5,"orthophoto_50cm_2025","Nord-Norge"
"NINFP2210084147",4.02999795669032,3.03775298595428,10724,4,"meta_highrescanopyheight_orthophoto",0.5,"orthophoto_50cm_2025","Nord-Norge"
"NINFP2510185968",0.288204698633593,0.0101492358371615,33357,4,"meta_highrescanopyheight_orthophoto",0.5,"orthophoto_50cm_2025","Nord-Norge"
"NINFP1810028807",0.820687897660812,0.0264453999698162,74128,4,"meta_highrescanopyheight_orthophoto",0.5,"orthophoto_50cm_2025","Nord-Norge"
"NINFP2310141609",1.54468262558564,0.85844898223877,6191,2,"meta_highrescanopyheight_orthophoto",0.5,"orthophoto_50cm_2025","Nord-Norge"
"NINFP2010028763",3.40008366569466,3.18249797821045,8332,1,"meta_highrescanopyheight_orthophoto",0.5,"orthophoto_50cm_2025","Nord-Norge"
"NINFP1810038285",1.9690112475294,0.797020852565765,61379,6,"meta_highrescanopyheight_orthophoto",0.5,"orthophoto_50cm_2025","Nord-Norge"
"NINFP2410174876",0.0541675357438756,0.0103853293694556,10822,3,"meta_highrescanopyheight_orthophoto",0.5,"orthophoto_50cm_2025","Nord-Norge"
"NINFP2110031013",0.0100451486036011,0.0100325141102076,48070,4,"meta_highrescanopyheight_orthophoto",0.5,"orthophoto_50cm_2025","Nord-Norge"
"NINFP2410174873",0.0472721502920805,0.0107047371566296,16011,3,"meta_highrescanopyheight_orthophoto",0.5,"orthophoto_50cm_2025","Nord-Norge"
"NINFP2210094891",0.0613449476200991,0.0105459010228515,10384,2,"meta_highrescanopyheight_orthophoto",0.5,"orthophoto_50cm_2025","Nord-Norge"
"NINFP1910026335",4.55034891959103,4.1592264175415,1881,2,"meta_highrescanopyheight_orthophoto",0.5,"orthophoto_50cm_2025","Nord-Norge"
"NINFP2410154561",4.89300759127742,4.9206600189209,6025,2,"meta_highrescanopyheight_orthophoto",0.5,"orthophoto_50cm_2025","Nord-Norge"
"NINFP2410157441",0.0720072377769981,0.025733569636941,1029,1,"meta_highrescanopyheight_orthophoto",0.5,"orthophoto_50cm_2025","Nord-Norge"
"NINFP2210090185",0.0265593584216353,0.0107980226166546,1724,2,"meta_highrescanopyheight_orthophoto",0.5,"orthophoto_50cm_2025","Nord-Norge"
"NINFP2210091940",0.596185480791949,0.0468241889029741,4598,3,"meta_highrescanopyheight_orthophoto",0.5,"orthophoto_50cm_2025","Nord-Norge"
"NINFP2410174472",0.347476410692197,0.0130549888126552,10652,3,"meta_highrescanopyheight_orthophoto",0.5,"orthophoto_50cm_2025","Nord-Norge"
"NINFP2510213128",0.704281825081171,0.0198105731979012,5056,1,"meta_highrescanopyheight_orthophoto",0.5,"orthophoto_50cm_2025","Nord-Norge"
"NINFP2410172842",0.392907690979487,0.0101408679038286,264495,12,"meta_highrescanopyheight_orthophoto",0.5,"orthophoto_50cm_2025","Nord-Norge"
"NINFP1810030788",1.20019221847103,0.422040045261383,22681,2,"meta_highrescanopyheight_orthophoto",0.5,"orthophoto_50cm_2025","Nord-Norge"
"NINFP1810032828",0.536345378120565,0.100832849740982,7916,1,"meta_highrescanopyheight_orthophoto",0.5,"orthophoto_50cm_2025","Nord-Norge"
"NINFP2010013257",6.65994050977645,6.5869197845459,4722,2,"meta_highrescanopyheight_orthophoto",0.5,"orthophoto_50cm_2025","Nord-Norge"
"NINFP2510186171",0.0275147751752935,0.0100689064711332,1192568,36,"meta_highrescanopyheight_orthophoto",0.5,"orthophoto_50cm_2025","Nord-Norge"
"NINFP2210088681",0.078643226405605,0.0108798462897539,19929,5,"meta_highrescanopyheight_orthophoto",0.5,"orthophoto_50cm_2025","Nord-Norge"
"NINFP2010039022",0.461833787856632,0.047161003574729,3496,1,"meta_highrescanopyheight_orthophoto",0.5,"orthophoto_50cm_2025","Nord-Norge"
"NINFP2210094881",0.38321780437107,0.0207988750189543,28013,4,"meta_highrescanopyheight_orthophoto",0.5,"orthophoto_50cm_2025","Nord-Norge"
"NINFP2110059687",0.0542310869527598,0.0100666675716639,17564,5,"meta_highrescanopyheight_orthophoto",0.5,"orthophoto_50cm_2025","Nord-Norge"
"NINFP2510203976",0.0469890804539953,0.0108794099651277,6918,1,"meta_highrescanopyheight_orthophoto",0.5,"orthophoto_50cm_2025","Nord-Norge"
"NINFP2510211092",5.15035823161491,5.29288721084595,35018,6,"meta_highrescanopyheight_orthophoto",0.5,"orthophoto_50cm_2025","Nord-Norge"
"NINFP2110020764",0.169607635552867,0.0139619503170252,8105,1,"meta_highrescanopyheight_orthophoto",0.5,"orthophoto_50cm_2025","Nord-Norge"
"NINFP2210107171",0.0869825419438574,0.0102722533047199,8409,2,"meta_highrescanopyheight_orthophoto",0.5,"orthophoto_50cm_2025","Nord-Norge"
"NINFP2510206644",0.229298177571561,0.0104199517518282,20474,4,"meta_highrescanopyheight_orthophoto",0.5,"orthophoto_50cm_2025","Nord-Norge"
"NINFP2210097788",0.0560378613795234,0.0237916298210621,4897,1,"meta_highrescanopyheight_orthophoto",0.5,"orthophoto_50cm_2025","Nord-Norge"
"NINFP2310141456",0.119215897837839,0.0111865876242518,33376,5,"meta_highrescanopyheight_orthophoto",0.5,"orthophoto_50cm_2025","Nord-Norge"
"NINFP2210089012",0.889332156452972,0.0914434790611267,14039,2,"meta_highrescanopyheight_orthophoto",0.5,"orthophoto_50cm_2025","Nord-Norge"
"NINFP1810038019",1.31406856989608,0.172474607825279,32047,3,"meta_highrescanopyheight_orthophoto",0.5,"orthophoto_50cm_2025","Nord-Norge"
"NINFP2310130276",0.0623377001971186,0.0102286618202925,41757,4,"meta_highrescanopyheight_orthophoto",0.5,"orthophoto_50cm_2025","Nord-Norge"
"NINFP2210083935",0.0293968520755053,0.0108066722750664,8819,4,"meta_highrescanopyheight_orthophoto",0.5,"orthophoto_50cm_2025","Nord-Norge"
"NINFP2310126118",0.241629696290701,0.0123302033171058,40190,3,"meta_highrescanopyheight_orthophoto",0.5,"orthophoto_50cm_2025","Nord-Norge"
"NINFP2010030562",0.0860383933309496,0.0100418031215668,50552,6,"meta_highrescanopyheight_orthophoto",0.5,"orthophoto_50cm_2025","Nord-Norge"
"NINFP2110022134",1.16689654872003,0.142198801040649,4963,3,"meta_highrescanopyheight_orthophoto",0.5,"orthophoto_50cm_2025","Nord-Norge"
"NINFP2210088679",0.0250432604480393,0.0102686593309045,64849,5,"meta_highrescanopyheight_orthophoto",0.5,"orthophoto_50cm_2025","Nord-Norge"
"NINFP2010028924",0.112096404975729,0.0102296452969313,18982,4,"meta_highrescanopyheight_orthophoto",0.5,"orthophoto_50cm_2025","Nord-Norge"
"NINFP2510202372",0.227703138225287,0.0232611913233995,9982,2,"meta_highrescanopyheight_orthophoto",0.5,"orthophoto_50cm_2025","Nord-Norge"
"NINFP1910018706",0.0494043611106912,0.0101589667610824,62176,6,"meta_highrescanopyheight_orthophoto",0.5,"orthophoto_50cm_2025","Nord-Norge"
"NINFP2210096899",0.0337656654625833,0.0104784830473363,12196,1,"meta_highrescanopyheight_orthophoto",0.5,"orthophoto_50cm_2025","Nord-Norge"
"NINFP2410153960",2.76528961359879,1.0353639125824,9779,2,"meta_highrescanopyheight_orthophoto",0.5,"orthophoto_50cm_2025","Nord-Norge"
"NINFP2210100821",0.301640642964671,0.0123910303227603,30764,3,"meta_highrescanopyheight_orthophoto",0.5,"orthophoto_50cm_2025","Nord-Norge"
"NINFP2510204009",0.063898594643663,0.0102361394092441,220610,11,"meta_highrescanopyheight_orthophoto",0.5,"orthophoto_50cm_2025","Nord-Norge"
"NINFP2210102769",0.0103060906103973,0.0101062203757465,524816,19,"meta_highrescanopyheight_orthophoto",0.5,"orthophoto_50cm_2025","Nord-Norge"
"NINFP2210082316",0.0611503211684438,0.0101931160315871,80274,8,"meta_highrescanopyheight_orthophoto",0.5,"orthophoto_50cm_2025","Nord-Norge"
"NINFP2110020823",0.134222250480781,0.0105382539331913,24763,3,"meta_highrescanopyheight_orthophoto",0.5,"orthophoto_50cm_2025","Nord-Norge"
"NINFP2410174901",0.029173711995569,0.0103972190991044,10761,2,"meta_highrescanopyheight_orthophoto",0.5,"orthophoto_50cm_2025","Nord-Norge"
"NINFP2410156466",0.0173218391788895,0.0103096109814942,8160,4,"meta_highrescanopyheight_orthophoto",0.5,"orthophoto_50cm_2025","Nord-Norge"
"NINFP2110049947",0.341840621599245,0.0104805119335651,40447,4,"meta_highrescanopyheight_orthophoto",0.5,"orthophoto_50cm_2025","Nord-Norge"
"NINFP2210108011",0.0117757550149047,0.0102104842662811,6785,2,"meta_highrescanopyheight_orthophoto",0.5,"orthophoto_50cm_2025","Nord-Norge"
"NINFP2110054402",0.012032444836479,0.0105107491835952,6525,2,"meta_highrescanopyheight_orthophoto",0.5,"orthophoto_50cm_2025","Nord-Norge"
"NINFP2110026332",0.0812511981482081,0.0103266462683678,24316,2,"meta_highrescanopyheight_orthophoto",0.5,"orthophoto_50cm_2025","Nord-Norge"
"NINFP2010008967",0.420017088871515,0.0103425495326519,221615,10,"meta_highrescanopyheight_orthophoto",0.5,"orthophoto_50cm_2025","Nord-Norge"
"NINFP2310132321",0.032339381352576,0.0102391922846437,35714,4,"meta_highrescanopyheight_orthophoto",0.5,"orthophoto_50cm_2025","Nord-Norge"
"NINFP2010028807",0.0293871078345623,0.0101435882970691,687542,29,"meta_highrescanopyheight_orthophoto",0.5,"orthophoto_50cm_2025","Nord-Norge"
"NINFP2410174284",0.0472868810749695,0.0115027045831084,7110,2,"meta_highrescanopyheight_orthophoto",0.5,"orthophoto_50cm_2025","Nord-Norge"
"NINFP2210087552",0.397801542587799,0.0143181048333645,39937,5,"meta_highrescanopyheight_orthophoto",0.5,"orthophoto_50cm_2025","Nord-Norge"
"NINFP2210101056",0.947250370281729,0.0604397617280483,15389,2,"meta_highrescanopyheight_orthophoto",0.5,"orthophoto_50cm_2025","Nord-Norge"
"NINFP2310132450",0.0139717655206498,0.0101472260430455,35280,3,"meta_highrescanopyheight_orthophoto",0.5,"orthophoto_50cm_2025","Nord-Norge"
"NINFP2510200957",0.0402464622104065,0.0104163233190775,17253,2,"meta_highrescanopyheight_orthophoto",0.5,"orthophoto_50cm_2025","Nord-Norge"
"NINFP2210102788",0.0231596164240558,0.0107191558927298,5889,2,"meta_highrescanopyheight_orthophoto",0.5,"orthophoto_50cm_2025","Nord-Norge"
"NINFP2310135019",0.0741514086799438,0.0104813626967371,9936,2,"meta_highrescanopyheight_orthophoto",0.5,"orthophoto_50cm_2025","Nord-Norge"
"NINFP2410156313",2.76381209699019,1.90422964096069,12946,2,"meta_highrescanopyheight_orthophoto",0.5,"orthophoto_50cm_2025","Nord-Norge"
"NINFP1810029466",1.43666045122346,0.150460265576839,130332,9,"meta_highrescanopyheight_orthophoto",0.5,"orthophoto_50cm_2025","Nord-Norge"
"NINFP2110023420",0.109513470262267,0.0103353057056665,47603,7,"meta_highrescanopyheight_orthophoto",0.5,"orthophoto_50cm_2025","Nord-Norge"
"NINFP1910019292",0.0138091410173852,0.0101527459919453,40723,4,"meta_highrescanopyheight_orthophoto",0.5,"orthophoto_50cm_2025","Nord-Norge"
"NINFP2510205745",0.999997007336764,0.169923149049282,4530,2,"meta_highrescanopyheight_orthophoto",0.5,"orthophoto_50cm_2025","Nord-Norge"
"NINFP1810019762",5.58041180799037,5.62902164459229,81,1,"meta_highrescanopyheight_orthophoto",0.5,"orthophoto_50cm_2025","Nord-Norge"
"NINFP2410156933",0.0178351231704037,0.0105959046632051,3639,1,"meta_highrescanopyheight_orthophoto",0.5,"orthophoto_50cm_2025","Nord-Norge"
"NINFP2110027019",1.60936075933098,0.0865098834037781,12778,1,"meta_highrescanopyheight_orthophoto",0.5,"orthophoto_50cm_2025","Nord-Norge"
"NINFP2210104085",0.011560696608378,0.0103687327355146,10119,3,"meta_highrescanopyheight_orthophoto",0.5,"orthophoto_50cm_2025","Nord-Norge"
"NINFP2210095633",0.0775190536531377,0.0249486975371838,4263,1,"meta_highrescanopyheight_orthophoto",0.5,"orthophoto_50cm_2025","Nord-Norge"
"NINFP2410174791",0.179416010654675,0.0103313415311277,21676,3,"meta_highrescanopyheight_orthophoto",0.5,"orthophoto_50cm_2025","Nord-Norge"
"NINFP2210076257",0.0107301428838401,0.010128858499229,16271,3,"meta_highrescanopyheight_orthophoto",0.5,"orthophoto_50cm_2025","Nord-Norge"
"NINFP2010013938",0.159212533973241,0.0127987954765558,11019,3,"meta_highrescanopyheight_orthophoto",0.5,"orthophoto_50cm_2025","Nord-Norge"
"NINFP2510205640",0.090878350759261,0.011201212182641,36348,5,"meta_highrescanopyheight_orthophoto",0.5,"orthophoto_50cm_2025","Nord-Norge"
"NINFP1810034610",0.0126054297421692,0.0101737733930349,5693,2,"meta_highrescanopyheight_orthophoto",0.5,"orthophoto_50cm_2025","Nord-Norge"
"NINFP2210107161",0.29210283874342,0.0152083816938102,8390,4,"meta_highrescanopyheight_orthophoto",0.5,"orthophoto_50cm_2025","Nord-Norge"
"NINFP1810019759",0.521236476867339,0.0624252036213875,4687,1,"meta_highrescanopyheight_orthophoto",0.5,"orthophoto_50cm_2025","Nord-Norge"
"NINFP1810022813",0.0142856924084536,0.0100444685667753,242340,12,"meta_highrescanopyheight_orthophoto",0.5,"orthophoto_50cm_2025","Nord-Norge"
"NINFP1910029303",0.012367543887758,0.0101159196346998,21451,4,"meta_highrescanopyheight_orthophoto",0.5,"orthophoto_50cm_2025","Nord-Norge"
"NINFP2110019445",0.164707951286742,0.0108967982232571,10637,1,"meta_highrescanopyheight_orthophoto",0.5,"orthophoto_50cm_2025","Nord-Norge"
"NINFP2110045160",0.0624812924891381,0.0103774182498455,26442,2,"meta_highrescanopyheight_orthophoto",0.5,"orthophoto_50cm_2025","Nord-Norge"
"NINFP2310123653",0.157560484452528,0.0111443623900414,6990,3,"meta_highrescanopyheight_orthophoto",0.5,"orthophoto_50cm_2025","Nord-Norge"
"NINFP2410171858",4.10849467765505,3.38702821731567,11014,1,"meta_highrescanopyheight_orthophoto",0.5,"orthophoto_50cm_2025","Nord-Norge"
"NINFP1810038269",2.01738214289292,0.459324836730957,138249,8,"meta_highrescanopyheight_orthophoto",0.5,"orthophoto_50cm_2025","Nord-Norge"
"NINFP2310134282",0.036314654084571,0.011574043892324,9812,2,"meta_highrescanopyheight_orthophoto",0.5,"orthophoto_50cm_2025","Nord-Norge"
"NINFP2410162417",0.0574995263265114,0.0102357976138592,89683,6,"meta_highrescanopyheight_orthophoto",0.5,"orthophoto_50cm_2025","Nord-Norge"
"NINFP2310126117",0.148019844404155,0.0102304387837648,386833,14,"meta_highrescanopyheight_orthophoto",0.5,"orthophoto_50cm_2025","Nord-Norge"
"NINFP2210077657",0.0209752424320322,0.0101059265434742,43812,4,"meta_highrescanopyheight_orthophoto",0.5,"orthophoto_50cm_2025","Nord-Norge"
"NINFP1810036677",2.25634201442335,0.247182473540306,15509,1,"meta_highrescanopyheight_orthophoto",0.5,"orthophoto_50cm_2025","Nord-Norge"
"NINFP2310126559",0.186694921788348,0.0133047886192799,11123,3,"meta_highrescanopyheight_orthophoto",0.5,"orthophoto_50cm_2025","Nord-Norge"
"NINFP2310130043",3.2125980966564,3.31011152267456,8457,2,"meta_highrescanopyheight_orthophoto",0.5,"orthophoto_50cm_2025","Nord-Norge"
"NINFP2110051253",0.224333541582909,0.014697945676744,45772,9,"meta_highrescanopyheight_orthophoto",0.5,"orthophoto_50cm_2025","Nord-Norge"
"NINFP2410172824",0.0813748871579124,0.0101708569563925,135904,8,"meta_highrescanopyheight_orthophoto",0.5,"orthophoto_50cm_2025","Nord-Norge"
"NINFP2310123699",0.103461198628177,0.0105115338228643,14254,2,"meta_highrescanopyheight_orthophoto",0.5,"orthophoto_50cm_2025","Nord-Norge"
"NINFP2210101655",0.192225980421325,0.0102246571332216,56985,8,"meta_highrescanopyheight_orthophoto",0.5,"orthophoto_50cm_2025","Nord-Norge"
"NINFP2310134075",1.69037738085733,0.557380318641663,13610,2,"meta_highrescanopyheight_orthophoto",0.5,"orthophoto_50cm_2025","Nord-Norge"
"NINFP2410172118",0.0507917228439577,0.0110208420082927,10025,2,"meta_highrescanopyheight_orthophoto",0.5,"orthophoto_50cm_2025","Nord-Norge"
"NINFP2410155772",0.0425407063103153,0.0103059075772762,78027,8,"meta_highrescanopyheight_orthophoto",0.5,"orthophoto_50cm_2025","Nord-Norge"
"NINFP2110019556",0.286282250483589,0.0146939614787698,15894,3,"meta_highrescanopyheight_orthophoto",0.5,"orthophoto_50cm_2025","Nord-Norge"
"NINFP2510186516",0.0110967043666416,0.0101130632683635,6521,4,"meta_highrescanopyheight_orthophoto",0.5,"orthophoto_50cm_2025","Nord-Norge"
"NINFP1910026006",0.0371152681744721,0.0103730875998735,22932,2,"meta_highrescanopyheight_orthophoto",0.5,"orthophoto_50cm_2025","Nord-Norge"
"NINFP1810032852",0.31073536961093,0.0176024977117777,23789,5,"meta_highrescanopyheight_orthophoto",0.5,"orthophoto_50cm_2025","Nord-Norge"
"NINFP2410154290",4.8024668961992,5.01056551933289,7284,2,"meta_highrescanopyheight_orthophoto",0.5,"orthophoto_50cm_2025","Nord-Norge"
"NINFP2210095098",0.298955115050622,0.0579010732471943,9463,2,"meta_highrescanopyheight_orthophoto",0.5,"orthophoto_50cm_2025","Nord-Norge"
"NINFP2410150329",0.0108083386275873,0.0100489826872945,403498,19,"meta_highrescanopyheight_orthophoto",0.5,"orthophoto_50cm_2025","Nord-Norge"
"NINFP2010024630",0.0114082056333235,0.0101184053346515,4369,2,"meta_highrescanopyheight_orthophoto",0.5,"orthophoto_50cm_2025","Nord-Norge"
"NINFP2010022360",2.12305423750879,1.28689932823181,5325,2,"meta_highrescanopyheight_orthophoto",0.5,"orthophoto_50cm_2025","Nord-Norge"
"NINFP2510210236",0.024429311391821,0.0104469591751695,10206,2,"meta_highrescanopyheight_orthophoto",0.5,"orthophoto_50cm_2025","Nord-Norge"
"NINFP2310131206",0.797216546654784,0.0453761592507362,28744,6,"meta_highrescanopyheight_orthophoto",0.5,"orthophoto_50cm_2025","Nord-Norge"
"NINFP2110041074",0.0513185343435845,0.0102240382693708,32124,5,"meta_highrescanopyheight_orthophoto",0.5,"orthophoto_50cm_2025","Nord-Norge"
"NINFP2410157436",0.0744539827870479,0.0103419218212366,15371,3,"meta_highrescanopyheight_orthophoto",0.5,"orthophoto_50cm_2025","Nord-Norge"
"NINFP1810034555",0.0103285659748918,0.0100588379427791,54275,5,"meta_highrescanopyheight_orthophoto",0.5,"orthophoto_50cm_2025","Nord-Norge"
"NINFP2210089011",1.13455875394923,0.143672928214073,17045,4,"meta_highrescanopyheight_orthophoto",0.5,"orthophoto_50cm_2025","Nord-Norge"
"NINFP2410174875",0.130632109904038,0.0109595120884478,4060,2,"meta_highrescanopyheight_orthophoto",0.5,"orthophoto_50cm_2025","Nord-Norge"
"NINFP2510210502",0.149423434051187,0.010857954621315,55296,6,"meta_highrescanopyheight_orthophoto",0.5,"orthophoto_50cm_2025","Nord-Norge"
"NINFP2410157432",0.139715151454292,0.011221781373024,1469,1,"meta_highrescanopyheight_orthophoto",0.5,"orthophoto_50cm_2025","Nord-Norge"
"NINFP2010007061",0.532364184414978,0.0101441564038396,147427,7,"meta_highrescanopyheight_orthophoto",0.5,"orthophoto_50cm_2025","Nord-Norge"
"NINFP2310133577",0.0103819381892913,0.0102454340085387,7721,2,"meta_highrescanopyheight_orthophoto",0.5,"orthophoto_50cm_2025","Nord-Norge"
"NINFP2010023926",4.64101147929007,5.12513017654419,9440,3,"meta_highrescanopyheight_orthophoto",0.5,"orthophoto_50cm_2025","Nord-Norge"
"NINFP2510201088",0.0158718225311505,0.0101042450405657,20692,2,"meta_highrescanopyheight_orthophoto",0.5,"orthophoto_50cm_2025","Nord-Norge"
"NINFP1810027254",1.04887033716233,0.0308077502995729,18312,3,"meta_highrescanopyheight_orthophoto",0.5,"orthophoto_50cm_2025","Nord-Norge"
"NINFP2010021276",0.164643730095498,0.0103974062949419,3323310,76,"meta_highrescanopyheight_orthophoto",0.5,"orthophoto_50cm_2025","Nord-Norge"
"NINFP2110049963",0.702500024897165,0.0200577732175589,3114,2,"meta_highrescanopyheight_orthophoto",0.5,"orthophoto_50cm_2025","Nord-Norge"
"NINFP2010025724",0.192157532850791,0.0223398040980101,4216,2,"meta_highrescanopyheight_orthophoto",0.5,"orthophoto_50cm_2025","Nord-Norge"
"NINFP2410172829",0.0242895163851867,0.0101056713610888,47593,2,"meta_highrescanopyheight_orthophoto",0.5,"orthophoto_50cm_2025","Nord-Norge"
"NINFP2110020751",3.75805286453229,3.18967080116272,30825,3,"meta_highrescanopyheight_orthophoto",0.5,"orthophoto_50cm_2025","Nord-Norge"
"NINFP2110020752",0.401332688915462,0.0175914140418172,41416,6,"meta_highrescanopyheight_orthophoto",0.5,"orthophoto_50cm_2025","Nord-Norge"
"NINFP2510215305",0.760844911862701,0.0781955271959305,26189,4,"meta_highrescanopyheight_orthophoto",0.5,"orthophoto_50cm_2025","Nord-Norge"
"NINFP2010030556",0.131072333282546,0.0108069078996778,17277,3,"meta_highrescanopyheight_orthophoto",0.5,"orthophoto_50cm_2025","Nord-Norge"
"NINFP1810016071",0.0573338551896238,0.0106085147708654,83550,5,"meta_highrescanopyheight_orthophoto",0.5,"orthophoto_50cm_2025","Nord-Norge"
"NINFP1910060333",0.0140358618386627,0.0105111058801413,6031,2,"meta_highrescanopyheight_orthophoto",0.5,"orthophoto_50cm_2025","Nord-Norge"
"NINFP2310121956",0.0300421424437525,0.0100654345005751,297601,12,"meta_highrescanopyheight_orthophoto",0.5,"orthophoto_50cm_2025","Nord-Norge"
"NINFP2110027177",0.0410636328727288,0.0101411743089557,48808,5,"meta_highrescanopyheight_orthophoto",0.5,"orthophoto_50cm_2025","Nord-Norge"
"NINFP2410172637",0.803397615236098,0.0521044097840786,13457,4,"meta_highrescanopyheight_orthophoto",0.5,"orthophoto_50cm_2025","Nord-Norge"
"NINFP1810037990",2.47558788898608,1.8526371717453,13120,1,"meta_highrescanopyheight_orthophoto",0.5,"orthophoto_50cm_2025","Nord-Norge"
"NINFP2010013250",0.0390636233308666,0.0103888865560293,9245,3,"meta_highrescanopyheight_orthophoto",0.5,"orthophoto_50cm_2025","Nord-Norge"
"NINFP2010023504",0.268643457187268,0.0102021177299321,88340,6,"meta_highrescanopyheight_orthophoto",0.5,"orthophoto_50cm_2025","Nord-Norge"
"NINFP2310123677",0.539490517820867,0.0230276882648468,64128,7,"meta_highrescanopyheight_orthophoto",0.5,"orthophoto_50cm_2025","Nord-Norge"
"NINFP1810032734",1.51711629064464,0.184267826378345,20644,3,"meta_highrescanopyheight_orthophoto",0.5,"orthophoto_50cm_2025","Nord-Norge"
"NINFP2510207229",0.995540092422751,0.0401874333620071,3574,2,"meta_highrescanopyheight_orthophoto",0.5,"orthophoto_50cm_2025","Nord-Norge"
"NINFP2310124946",0.0281641061656687,0.0102017112076283,115577,10,"meta_highrescanopyheight_orthophoto",0.5,"orthophoto_50cm_2025","Nord-Norge"
"NINFP1810012253",0.0367699380747928,0.0104792369529605,7033,2,"meta_highrescanopyheight_orthophoto",0.5,"orthophoto_50cm_2025","Nord-Norge"
"NINFP2010014357",2.28438023273155,1.27065747976303,2570,1,"meta_highrescanopyheight_orthophoto",0.5,"orthophoto_50cm_2025","Nord-Norge"
"NINFP2310132658",0.427342614547827,0.0105345179326832,7686,3,"meta_highrescanopyheight_orthophoto",0.5,"orthophoto_50cm_2025","Nord-Norge"
"NINFP2210076255",0.0383278446340499,0.0101192276924849,163190,9,"meta_highrescanopyheight_orthophoto",0.5,"orthophoto_50cm_2025","Nord-Norge"
"NINFP2010017309",0.0432266479134298,0.0101118311285973,41901,4,"meta_highrescanopyheight_orthophoto",0.5,"orthophoto_50cm_2025","Nord-Norge"
"NINFP2210087185",0.441137308420746,0.021169688552618,5911,2,"meta_highrescanopyheight_orthophoto",0.5,"orthophoto_50cm_2025","Nord-Norge"
"NINFP2010026849",4.99948806226745,4.66980791091919,5654,2,"meta_highrescanopyheight_orthophoto",0.5,"orthophoto_50cm_2025","Nord-Norge"
"NINFP2410163082",0.215804731885566,0.0104375095106661,14644,2,"meta_highrescanopyheight_orthophoto",0.5,"orthophoto_50cm_2025","Nord-Norge"
"NINFP2210098286",0.0493461383231571,0.0101949190720916,20713,2,"meta_highrescanopyheight_orthophoto",0.5,"orthophoto_50cm_2025","Nord-Norge"
"NINFP2210084708",0.108494602411444,0.0102290492504835,74327,5,"meta_highrescanopyheight_orthophoto",0.5,"orthophoto_50cm_2025","Nord-Norge"
"NINFP2010029199",0.0653716290886236,0.0103967539034784,3382,1,"meta_highrescanopyheight_orthophoto",0.5,"orthophoto_50cm_2025","Nord-Norge"
"NINFP2210082657",0.0971743657430381,0.0104617811739445,4907,2,"meta_highrescanopyheight_orthophoto",0.5,"orthophoto_50cm_2025","Nord-Norge"
"NINFP2510195007",6.5200929845436,6.44635009765625,8147,2,"meta_highrescanopyheight_orthophoto",0.5,"orthophoto_50cm_2025","Nord-Norge"
"NINFP2210082320",0.0102760013222492,0.0100890346802771,18312,2,"meta_highrescanopyheight_orthophoto",0.5,"orthophoto_50cm_2025","Nord-Norge"
"NINFP2010024850",0.0166467126782431,0.0112541215494275,4145,2,"meta_highrescanopyheight_orthophoto",0.5,"orthophoto_50cm_2025","Nord-Norge"
"NINFP2310130277",0.0655961648735818,0.0102285798639059,25868,3,"meta_highrescanopyheight_orthophoto",0.5,"orthophoto_50cm_2025","Nord-Norge"
"NINFP2210083509",3.43225647132067,1.9276556968689,12908,4,"meta_highrescanopyheight_orthophoto",0.5,"orthophoto_50cm_2025","Nord-Norge"
"NINFP2010016092",0.240540154715219,0.0100930351763964,222173,9,"meta_highrescanopyheight_orthophoto",0.5,"orthophoto_50cm_2025","Nord-Norge"
"NINFP2410156294",0.0614996445327186,0.0105721279978752,19207,2,"meta_highrescanopyheight_orthophoto",0.5,"orthophoto_50cm_2025","Nord-Norge"
"NINFP2010010493",6.44518787789073,7.23717641830444,27269,6,"meta_highrescanopyheight_orthophoto",0.5,"orthophoto_50cm_2025","Nord-Norge"
"NINFP2210077008",0.0162223035977195,0.0102152996696532,22192,4,"meta_highrescanopyheight_orthophoto",0.5,"orthophoto_50cm_2025","Nord-Norge"
"NINFP2310134061",0.932964902685035,0.105342879891396,9605,3,"meta_highrescanopyheight_orthophoto",0.5,"orthophoto_50cm_2025","Nord-Norge"
"NINFP2210105576",2.5457624022377,1.09923505783081,4123,1,"meta_highrescanopyheight_orthophoto",0.5,"orthophoto_50cm_2025","Nord-Norge"
"NINFP2010016100",7.60319994474297,8.58479881286621,6475,4,"meta_highrescanopyheight_orthophoto",0.5,"orthophoto_50cm_2025","Nord-Norge"
"NINFP1910021120",0.0371198273509632,0.0101001476868987,124070,11,"meta_highrescanopyheight_orthophoto",0.5,"orthophoto_50cm_2025","Nord-Norge"
"NINFP2010026642",0.0241597677286737,0.0105969374999404,4532,2,"meta_highrescanopyheight_orthophoto",0.5,"orthophoto_50cm_2025","Nord-Norge"
"NINFP1810034032",0.210082862978692,0.0106735378503799,242120,14,"meta_highrescanopyheight_orthophoto",0.5,"orthophoto_50cm_2025","Nord-Norge"
"NINFP2010026695",0.357261225753113,0.0130993165075779,66568,7,"meta_highrescanopyheight_orthophoto",0.5,"orthophoto_50cm_2025","Nord-Norge"
"NINFP2210089621",0.0221586466024614,0.0101133626885712,51364,4,"meta_highrescanopyheight_orthophoto",0.5,"orthophoto_50cm_2025","Nord-Norge"
"NINFP2510211288",0.0733316360161538,0.0102001782506704,63651,4,"meta_highrescanopyheight_orthophoto",0.5,"orthophoto_50cm_2025","Nord-Norge"
"NINFP2010027196",0.0676448770489542,0.0102235302329063,32545,4,"meta_highrescanopyheight_orthophoto",0.5,"orthophoto_50cm_2025","Nord-Norge"
"NINFP1910026507",0.282763787485508,0.0113346576690674,5112,1,"meta_highrescanopyheight_orthophoto",0.5,"orthophoto_50cm_2025","Nord-Norge"
"NINFP2210101037",0.454992226061577,0.0120953284204006,42373,4,"meta_highrescanopyheight_orthophoto",0.5,"orthophoto_50cm_2025","Nord-Norge"
"NINFP2110072649",0.0100388601341394,0.0100339120253921,58930,4,"meta_highrescanopyheight_orthophoto",0.5,"orthophoto_50cm_2025","Nord-Norge"
"NINFP2110020187",0.220062742473232,0.0114751681685448,8301,4,"meta_highrescanopyheight_orthophoto",0.5,"orthophoto_50cm_2025","Nord-Norge"
"NINFP2410165210",0.0623305154866194,0.0104437470436096,14805,4,"meta_highrescanopyheight_orthophoto",0.5,"orthophoto_50cm_2025","Nord-Norge"
"NINFP2310132055",0.0351865758607148,0.0102504538372159,8607,3,"meta_highrescanopyheight_orthophoto",0.5,"orthophoto_50cm_2025","Nord-Norge"
"NINFP2210106380",0.145293782090799,0.0127480141818523,8543,1,"meta_highrescanopyheight_orthophoto",0.5,"orthophoto_50cm_2025","Nord-Norge"
"NINFP2410175045",0.0359580503576046,0.0108259115368128,5487,2,"meta_highrescanopyheight_orthophoto",0.5,"orthophoto_50cm_2025","Nord-Norge"
"NINFP2410155548",0.0144893361580376,0.0114824655465782,1422,1,"meta_highrescanopyheight_orthophoto",0.5,"orthophoto_50cm_2025","Nord-Norge"
"NINFP2310126109",0.193520245183411,0.0106622418388724,7427,1,"meta_highrescanopyheight_orthophoto",0.5,"orthophoto_50cm_2025","Nord-Norge"
"NINFP2210090077",0.210577121140389,0.0102637466043234,43467,6,"meta_highrescanopyheight_orthophoto",0.5,"orthophoto_50cm_2025","Nord-Norge"
"NINFP2010015761",0.010566035686378,0.0101391687057912,7106,2,"meta_highrescanopyheight_orthophoto",0.5,"orthophoto_50cm_2025","Nord-Norge"
"NINFP2210094776",0.108163803587973,0.0106100630946457,4598,1,"meta_highrescanopyheight_orthophoto",0.5,"orthophoto_50cm_2025","Nord-Norge"
"NINFP1810029083",1.26758757355008,0.241889886558056,68362,8,"meta_highrescanopyheight_orthophoto",0.5,"orthophoto_50cm_2025","Nord-Norge"
"NINFP2110032991",0.028137578902266,0.0102348774671555,42680,4,"meta_highrescanopyheight_orthophoto",0.5,"orthophoto_50cm_2025","Nord-Norge"
"NINFP2310122607",0.498683257136428,0.0177048742771149,5650,2,"meta_highrescanopyheight_orthophoto",0.5,"orthophoto_50cm_2025","Nord-Norge"
"NINFP2410172349",0.0674865103125605,0.0105938334017992,9571,3,"meta_highrescanopyheight_orthophoto",0.5,"orthophoto_50cm_2025","Nord-Norge"
"NINFP2310140099",0.448428284293228,0.0232574930414557,5568,2,"meta_highrescanopyheight_orthophoto",0.5,"orthophoto_50cm_2025","Nord-Norge"
"NINFP1810038016",0.434854964815909,0.0111031606793404,185149,12,"meta_highrescanopyheight_orthophoto",0.5,"orthophoto_50cm_2025","Nord-Norge"
"NINFP2310136865",0.412786673248961,0.0134588032960892,9411,2,"meta_highrescanopyheight_orthophoto",0.5,"orthophoto_50cm_2025","Nord-Norge"
"NINFP1910037389",0.394049597254445,0.0130409686826169,106866,6,"meta_highrescanopyheight_orthophoto",0.5,"orthophoto_50cm_2025","Nord-Norge"
"NINFP2210079010",0.0301354978841182,0.0100486595183611,59021,6,"meta_highrescanopyheight_orthophoto",0.5,"orthophoto_50cm_2025","Nord-Norge"
"NINFP2010017520",0.606702543755314,0.0140267657116055,86897,7,"meta_highrescanopyheight_orthophoto",0.5,"orthophoto_50cm_2025","Nord-Norge"
"NINFP2210088398",0.295109664174666,0.0123722013086081,7577,2,"meta_highrescanopyheight_orthophoto",0.5,"orthophoto_50cm_2025","Nord-Norge"
"NINFP1810035538",0.393407991473609,0.0163655737414956,12960,2,"meta_highrescanopyheight_orthophoto",0.5,"orthophoto_50cm_2025","Nord-Norge"
"NINFP1910029515",0.62293204898872,0.042044511064887,3476,1,"meta_highrescanopyheight_orthophoto",0.5,"orthophoto_50cm_2025","Nord-Norge"
"NINFP2210107244",0.0151063768851243,0.0102877956815064,23344,4,"meta_highrescanopyheight_orthophoto",0.5,"orthophoto_50cm_2025","Nord-Norge"
"NINFP1910019964",0.890268347194334,0.0389115959405899,1584,1,"meta_highrescanopyheight_orthophoto",0.5,"orthophoto_50cm_2025","Nord-Norge"
"NINFP2210082707",0.346579334183401,0.0105030238628387,6963,2,"meta_highrescanopyheight_orthophoto",0.5,"orthophoto_50cm_2025","Nord-Norge"
"NINFP1810011722",0.211828483243991,0.0118759530596435,417790,15,"meta_highrescanopyheight_orthophoto",0.5,"orthophoto_50cm_2025","Nord-Norge"
"NINFP2010025840",1.9271603535769,1.01581811904907,5843,1,"meta_highrescanopyheight_orthophoto",0.5,"orthophoto_50cm_2025","Nord-Norge"
"NINFP2310133605",0.14504756109205,0.0114215593785048,21313,4,"meta_highrescanopyheight_orthophoto",0.5,"orthophoto_50cm_2025","Nord-Norge"
"NINFP2510204813",0.845845826383664,0.0733283758163452,11309,4,"meta_highrescanopyheight_orthophoto",0.5,"orthophoto_50cm_2025","Nord-Norge"
"NINFP1810017180",0.296530004474306,0.0127369556576014,385273,15,"meta_highrescanopyheight_orthophoto",0.5,"orthophoto_50cm_2025","Nord-Norge"
"NINFP1910026249",0.51001186491827,0.0105434386059642,16649,4,"meta_highrescanopyheight_orthophoto",0.5,"orthophoto_50cm_2025","Nord-Norge"
"NINFP1810022392",1.03560047512368,0.297432273626328,16168,2,"meta_highrescanopyheight_orthophoto",0.5,"orthophoto_50cm_2025","Nord-Norge"
"NINFP1810033390",0.41620547877797,0.0256766462698579,37094,5,"meta_highrescanopyheight_orthophoto",0.5,"orthophoto_50cm_2025","Nord-Norge"
"NINFP2210106378",0.0127958598325861,0.0103297308087349,14445,2,"meta_highrescanopyheight_orthophoto",0.5,"orthophoto_50cm_2025","Nord-Norge"
"NINFP1810038336",1.08993947736453,0.130261994898319,80,1,"meta_highrescanopyheight_orthophoto",0.5,"orthophoto_50cm_2025","Nord-Norge"
"NINFP2410156627",1.20788813728599,0.030001163482666,5011,1,"meta_highrescanopyheight_orthophoto",0.5,"orthophoto_50cm_2025","Nord-Norge"
"NINFP2010043224",1.50579789612001,0.827458620071411,3058,1,"meta_highrescanopyheight_orthophoto",0.5,"orthophoto_50cm_2025","Nord-Norge"
"NINFP1810038271",0.106528230403201,0.0104606561362743,45789,4,"meta_highrescanopyheight_orthophoto",0.5,"orthophoto_50cm_2025","Nord-Norge"
"NINFP2110056561",0.0101115593362495,0.010055763181299,48266,5,"meta_highrescanopyheight_orthophoto",0.5,"orthophoto_50cm_2025","Nord-Norge"
"NINFP2110057418",0.0116623739639988,0.0100734806619585,6886,2,"meta_highrescanopyheight_orthophoto",0.5,"orthophoto_50cm_2025","Nord-Norge"
"NINFP2010010201",2.09677740985681,0.951987147331238,2572,2,"meta_highrescanopyheight_orthophoto",0.5,"orthophoto_50cm_2025","Nord-Norge"
"NINFP2010025210",0.0547271769258776,0.0100983213633299,57375,4,"meta_highrescanopyheight_orthophoto",0.5,"orthophoto_50cm_2025","Nord-Norge"
"NINFP2110042851",3.57450609040064,2.8013551235199,62654,7,"meta_highrescanopyheight_orthophoto",0.5,"orthophoto_50cm_2025","Nord-Norge"
"NINFP2510207363",0.306019263007512,0.0116130788810551,3018,2,"meta_highrescanopyheight_orthophoto",0.5,"orthophoto_50cm_2025","Nord-Norge"
"NINFP2310135245",0.012133598417585,0.0102379787713289,5850,3,"meta_highrescanopyheight_orthophoto",0.5,"orthophoto_50cm_2025","Nord-Norge"
"NINFP2210106907",0.019869950114617,0.0102544352412224,21119,3,"meta_highrescanopyheight_orthophoto",0.5,"orthophoto_50cm_2025","Nord-Norge"
"NINFP2010025890",0.316955197892245,0.0149984573945403,6297,2,"meta_highrescanopyheight_orthophoto",0.5,"orthophoto_50cm_2025","Nord-Norge"
"NINFP2310135785",0.197017624697293,0.0107660414651036,152814,9,"meta_highrescanopyheight_orthophoto",0.5,"orthophoto_50cm_2025","Nord-Norge"
"NINFP2110019585",0.0168954064719579,0.0102531276643276,24663,4,"meta_highrescanopyheight_orthophoto",0.5,"orthophoto_50cm_2025","Nord-Norge"
"NINFP2410174818",0.330666031327869,0.0258013140410185,4662,2,"meta_highrescanopyheight_orthophoto",0.5,"orthophoto_50cm_2025","Nord-Norge"
"NINFP2010011908",0.744161251833814,0.0111029436811805,44266,2,"meta_highrescanopyheight_orthophoto",0.5,"orthophoto_50cm_2025","Nord-Norge"
"NINFP2410157483",2.51230702277228,2.06364107131958,32611,7,"meta_highrescanopyheight_orthophoto",0.5,"orthophoto_50cm_2025","Nord-Norge"
"NINFP1810033310",0.133132066581488,0.0105674397200346,100821,5,"meta_highrescanopyheight_orthophoto",0.5,"orthophoto_50cm_2025","Nord-Norge"
"NINFP1810034625",0.0121897298460746,0.01005076803267,1358611,60,"meta_highrescanopyheight_orthophoto",0.5,"orthophoto_50cm_2025","Nord-Norge"
"NINFP1810037183",1.72271501467075,0.545225590467453,8554,3,"meta_highrescanopyheight_orthophoto",0.5,"orthophoto_50cm_2025","Nord-Norge"
"NINFP2110047701",0.0693440161713716,0.01008381228894,30815,4,"meta_highrescanopyheight_orthophoto",0.5,"orthophoto_50cm_2025","Nord-Norge"
"NINFP2510199573",0.0105897911486016,0.0101387090981007,118693,10,"meta_highrescanopyheight_orthophoto",0.5,"orthophoto_50cm_2025","Nord-Norge"
"NINFP2110019600",0.256206228039993,0.0203151404857635,3868,2,"meta_highrescanopyheight_orthophoto",0.5,"orthophoto_50cm_2025","Nord-Norge"
"NINFP2310132685",0.188179449965345,0.0110155055299401,80410,5,"meta_highrescanopyheight_orthophoto",0.5,"orthophoto_50cm_2025","Nord-Norge"
"NINFP2510185768",0.0508091069878326,0.0101102069020271,2030442,58,"meta_highrescanopyheight_orthophoto",0.5,"orthophoto_50cm_2025","Nord-Norge"
"NINFP2010010226",1.09753481142767,0.0416739694774151,16453,1,"meta_highrescanopyheight_orthophoto",0.5,"orthophoto_50cm_2025","Nord-Norge"
"NINFP2310131450",0.0112756158605368,0.010235546156764,8063,2,"meta_highrescanopyheight_orthophoto",0.5,"orthophoto_50cm_2025","Nord-Norge"
"NINFP2110031324",0.410418504445909,0.0119062713347375,14694,3,"meta_highrescanopyheight_orthophoto",0.5,"orthophoto_50cm_2025","Nord-Norge"
"NINFP2010012454",0.0967905797274175,0.0101394262164831,156674,9,"meta_highrescanopyheight_orthophoto",0.5,"orthophoto_50cm_2025","Nord-Norge"
"NINFP1810022412",1.53868490978364,0.637933641672134,8824,4,"meta_highrescanopyheight_orthophoto",0.5,"orthophoto_50cm_2025","Nord-Norge"
"NINFP1910019658",0.0196079702461373,0.0102768139913678,7187,2,"meta_highrescanopyheight_orthophoto",0.5,"orthophoto_50cm_2025","Nord-Norge"
"NINFP2210079070",0.0420817062648516,0.01009417232126,40259,4,"meta_highrescanopyheight_orthophoto",0.5,"orthophoto_50cm_2025","Nord-Norge"
"NINFP2010028792",0.0254525051912973,0.0101172495633364,407711,19,"meta_highrescanopyheight_orthophoto",0.5,"orthophoto_50cm_2025","Nord-Norge"
"NINFP2210089592",0.476998538204139,0.0258771786466241,2814,2,"meta_highrescanopyheight_orthophoto",0.5,"orthophoto_50cm_2025","Nord-Norge"
"NINFP2510215283",0.0224751021377576,0.0104336654767394,4470,1,"meta_highrescanopyheight_orthophoto",0.5,"orthophoto_50cm_2025","Nord-Norge"
"NINFP1810035280",1.06175196466136,0.0683179199695587,87093,6,"meta_highrescanopyheight_orthophoto",0.5,"orthophoto_50cm_2025","Nord-Norge"
"NINFP2010013499",2.83067401393376,1.81442451477051,11595,3,"meta_highrescanopyheight_orthophoto",0.5,"orthophoto_50cm_2025","Nord-Norge"
"NINFP1810029459",0.702127627349774,0.0177649334073067,225851,10,"meta_highrescanopyheight_orthophoto",0.5,"orthophoto_50cm_2025","Nord-Norge"
"NINFP2410156236",0.554228500746081,0.13225731998682,12880,1,"meta_highrescanopyheight_orthophoto",0.5,"orthophoto_50cm_2025","Nord-Norge"
"NINFP2410156324",2.31208700437916,1.34009313583374,11397,2,"meta_highrescanopyheight_orthophoto",0.5,"orthophoto_50cm_2025","Nord-Norge"
"NINFP1810030737",0.0494394607982565,0.0102054928429425,47998,4,"meta_highrescanopyheight_orthophoto",0.5,"orthophoto_50cm_2025","Nord-Norge"
"NINFP2410157833",0.0105243440736596,0.0100708957761526,35428,3,"meta_highrescanopyheight_orthophoto",0.5,"orthophoto_50cm_2025","Nord-Norge"
"NINFP1910033444",0.0315689313316917,0.0113315051421523,28998,3,"meta_highrescanopyheight_orthophoto",0.5,"orthophoto_50cm_2025","Nord-Norge"
"NINFP2510197836",0.30104294816794,0.0189045183360577,85513,8,"meta_highrescanopyheight_orthophoto",0.5,"orthophoto_50cm_2025","Nord-Norge"
"NINFP2010024932",0.109995497302754,0.0146626625210047,3985,1,"meta_highrescanopyheight_orthophoto",0.5,"orthophoto_50cm_2025","Nord-Norge"
"NINFP2210105227",0.0122955583235176,0.010161598213017,22756,4,"meta_highrescanopyheight_orthophoto",0.5,"orthophoto_50cm_2025","Nord-Norge"
"NINFP2010034153",0.0106566168314644,0.0101557802408934,11025,3,"meta_highrescanopyheight_orthophoto",0.5,"orthophoto_50cm_2025","Nord-Norge"
"NINFP2410167477",0.601073726726837,0.0104715628549457,18277,3,"meta_highrescanopyheight_orthophoto",0.5,"orthophoto_50cm_2025","Nord-Norge"
"NINFP1810015983",0.0524962191482593,0.0104663381353021,55103,4,"meta_highrescanopyheight_orthophoto",0.5,"orthophoto_50cm_2025","Nord-Norge"
"NINFP1810037613",0.0200606017083445,0.0100759789347649,84191,6,"meta_highrescanopyheight_orthophoto",0.5,"orthophoto_50cm_2025","Nord-Norge"
"NINFP2410155462",1.15929931325105,0.515791833400726,29211,3,"meta_highrescanopyheight_orthophoto",0.5,"orthophoto_50cm_2025","Nord-Norge"
"NINFP2010055742",0.0105794465937563,0.0100682475604117,54062,5,"meta_highrescanopyheight_orthophoto",0.5,"orthophoto_50cm_2025","Nord-Norge"
"NINFP1810031589",0.0228990007073918,0.0100590800866485,83045,7,"meta_highrescanopyheight_orthophoto",0.5,"orthophoto_50cm_2025","Nord-Norge"
"NINFP1810037998",3.21464524439228,2.52946829795837,7583,1,"meta_highrescanopyheight_orthophoto",0.5,"orthophoto_50cm_2025","Nord-Norge"
"NINFP2210113087",0.0759854251242172,0.0106137967668474,56080,6,"meta_highrescanopyheight_orthophoto",0.5,"orthophoto_50cm_2025","Nord-Norge"
"NINFP2310122267",0.0367582676731161,0.0102888587862253,52390,5,"meta_highrescanopyheight_orthophoto",0.5,"orthophoto_50cm_2025","Nord-Norge"
"NINFP2410157411",1.55553406297749,0.554526627063751,4194,2,"meta_highrescanopyheight_orthophoto",0.5,"orthophoto_50cm_2025","Nord-Norge"
"NINFP2210082452",0.0101982295998107,0.0101595614105463,13589,1,"meta_highrescanopyheight_orthophoto",0.5,"orthophoto_50cm_2025","Nord-Norge"
"NINFP1810028025",3.19095909547162,2.58834731578827,19408,3,"meta_highrescanopyheight_orthophoto",0.5,"orthophoto_50cm_2025","Nord-Norge"
"NINFP1810036668",0.864811284224068,0.0522774234414101,45000,4,"meta_highrescanopyheight_orthophoto",0.5,"orthophoto_50cm_2025","Nord-Norge"
"NINFP2010013881",1.27461668631191,0.0526912733912468,17049,5,"meta_highrescanopyheight_orthophoto",0.5,"orthophoto_50cm_2025","Nord-Norge"
"NINFP2110026051",3.2393195033772,2.2685546875,6959,2,"meta_highrescanopyheight_orthophoto",0.5,"orthophoto_50cm_2025","Nord-Norge"
"NINFP1910026814",0.518160234349661,0.0108314193785191,21069,4,"meta_highrescanopyheight_orthophoto",0.5,"orthophoto_50cm_2025","Nord-Norge"
"NINFP2010026365",3.72982170766232,2.66329741477966,4792,3,"meta_highrescanopyheight_orthophoto",0.5,"orthophoto_50cm_2025","Nord-Norge"
"NINFP2010012360",5.39356484089765,5.32026124000549,9850,2,"meta_highrescanopyheight_orthophoto",0.5,"orthophoto_50cm_2025","Nord-Norge"
"NINFP2410156484",0.0481436366707245,0.0101462602615356,34523,5,"meta_highrescanopyheight_orthophoto",0.5,"orthophoto_50cm_2025","Nord-Norge"
"NINFP2010018677",0.0631477622452644,0.0104606808163226,4692,2,"meta_highrescanopyheight_orthophoto",0.5,"orthophoto_50cm_2025","Nord-Norge"
"NINFP2410172514",0.03161350235496,0.0104814199730754,32963,3,"meta_highrescanopyheight_orthophoto",0.5,"orthophoto_50cm_2025","Nord-Norge"
"NINFP2010038996",0.239893735429608,0.0116375829093158,7722,4,"meta_highrescanopyheight_orthophoto",0.5,"orthophoto_50cm_2025","Nord-Norge"
"NINFP2410147454",2.56314858266714,1.4809718132019,20064,2,"meta_highrescanopyheight_orthophoto",0.5,"orthophoto_50cm_2025","Nord-Norge"
"NINFP2110023937",0.454903878532209,0.0218861335888505,4238,2,"meta_highrescanopyheight_orthophoto",0.5,"orthophoto_50cm_2025","Nord-Norge"
"NINFP1810026454",2.45176828667535,1.66214370727539,15461,4,"meta_highrescanopyheight_orthophoto",0.5,"orthophoto_50cm_2025","Nord-Norge"
"NINFP2410174707",0.0694431836246176,0.0112691824324429,4476,4,"meta_highrescanopyheight_orthophoto",0.5,"orthophoto_50cm_2025","Nord-Norge"
"NINFP2310136870",0.0929266740668394,0.0106118191033602,58201,4,"meta_highrescanopyheight_orthophoto",0.5,"orthophoto_50cm_2025","Nord-Norge"
"NINFP2010040867",0.0647408512466598,0.0107407728210092,12650,2,"meta_highrescanopyheight_orthophoto",0.5,"orthophoto_50cm_2025","Nord-Norge"
"NINFP1810031183",0.435770928666745,0.0115058487281203,6699,1,"meta_highrescanopyheight_orthophoto",0.5,"orthophoto_50cm_2025","Nord-Norge"
"NINFP2210083510",2.95825719860511,2.40584635734558,11751,2,"meta_highrescanopyheight_orthophoto",0.5,"orthophoto_50cm_2025","Nord-Norge"
"NINFP2110020822",0.0620145970510352,0.010469289496541,11005,2,"meta_highrescanopyheight_orthophoto",0.5,"orthophoto_50cm_2025","Nord-Norge"
"NINFP2210087121",0.0525933987721648,0.010474415961653,234738,11,"meta_highrescanopyheight_orthophoto",0.5,"orthophoto_50cm_2025","Nord-Norge"
"NINFP2210076437",0.0103816700938163,0.0100692939013243,77089,4,"meta_highrescanopyheight_orthophoto",0.5,"orthophoto_50cm_2025","Nord-Norge"
"NINFP2010040350",0.0135359438306675,0.0101554440334439,43109,5,"meta_highrescanopyheight_orthophoto",0.5,"orthophoto_50cm_2025","Nord-Norge"
"NINFP2110019400",0.11949348501398,0.0107473600655794,17028,2,"meta_highrescanopyheight_orthophoto",0.5,"orthophoto_50cm_2025","Nord-Norge"
"NINFP1810031187",0.0220321674635084,0.0101970005780458,125656,6,"meta_highrescanopyheight_orthophoto",0.5,"orthophoto_50cm_2025","Nord-Norge"
"NINFP2110019879",0.665638040087533,0.0318842343986034,100761,6,"meta_highrescanopyheight_orthophoto",0.5,"orthophoto_50cm_2025","Nord-Norge"
"NINFP2310130229",0.0475103096658192,0.0101268403232098,58663,5,"meta_highrescanopyheight_orthophoto",0.5,"orthophoto_50cm_2025","Nord-Norge"
"NINFP1910025990",0.0101333894618439,0.0101158968172967,8684,2,"meta_highrescanopyheight_orthophoto",0.5,"orthophoto_50cm_2025","Nord-Norge"
"NINFP2510215331",1.4377113273384,0.06707813590765,59027,4,"meta_highrescanopyheight_orthophoto",0.5,"orthophoto_50cm_2025","Nord-Norge"
"NINFP2210092291",0.010271037649461,0.0102104460820556,9530,3,"meta_highrescanopyheight_orthophoto",0.5,"orthophoto_50cm_2025","Nord-Norge"
"NINFP2510193128",0.0101547357561726,0.0101195368915796,2742,3,"meta_highrescanopyheight_orthophoto",0.5,"orthophoto_50cm_2025","Nord-Norge"
"NINFP1810047175",3.25770095121005,3.52861058712006,35142,4,"meta_highrescanopyheight_orthophoto",0.5,"orthophoto_50cm_2025","Nord-Norge"
"NINFP2010039124",1.19915686112865,0.0753936469554901,9525,3,"meta_highrescanopyheight_orthophoto",0.5,"orthophoto_50cm_2025","Nord-Norge"
"NINFP2510201908",0.190140477917654,0.0107418233528733,8771,2,"meta_highrescanopyheight_orthophoto",0.5,"orthophoto_50cm_2025","Nord-Norge"
"NINFP2110024383",0.0424081916182508,0.0101344604045153,15925,2,"meta_highrescanopyheight_orthophoto",0.5,"orthophoto_50cm_2025","Nord-Norge"
"NINFP1910026511",0.0100832214252683,0.0100675034336746,1370,2,"meta_highrescanopyheight_orthophoto",0.5,"orthophoto_50cm_2025","Nord-Norge"
"NINFP1910018780",0.318916819957692,0.011618772521615,14091,2,"meta_highrescanopyheight_orthophoto",0.5,"orthophoto_50cm_2025","Nord-Norge"
"NINFP2010026971",0.0224859571202326,0.0106682144105434,16203,3,"meta_highrescanopyheight_orthophoto",0.5,"orthophoto_50cm_2025","Nord-Norge"
"NINFP2410175225",0.0295770865945308,0.0101773478090763,24195,6,"meta_highrescanopyheight_orthophoto",0.5,"orthophoto_50cm_2025","Nord-Norge"
"NINFP1810036313",0.106948969069074,0.0101376213133335,298309,15,"meta_highrescanopyheight_orthophoto",0.5,"orthophoto_50cm_2025","Nord-Norge"
"NINFP2210107695",0.0296194123057149,0.0102236298844218,144845,10,"meta_highrescanopyheight_orthophoto",0.5,"orthophoto_50cm_2025","Nord-Norge"
"NINFP2210106160",0.016226179165842,0.0100253000855446,32609,3,"meta_highrescanopyheight_orthophoto",0.5,"orthophoto_50cm_2025","Nord-Norge"
"NINFP2310141466",0.141827269351922,0.0106932409107685,297116,23,"meta_highrescanopyheight_orthophoto",0.5,"orthophoto_50cm_2025","Nord-Norge"
"NINFP2010025709",0.128033264303586,0.0114982072263956,36249,4,"meta_highrescanopyheight_orthophoto",0.5,"orthophoto_50cm_2025","Nord-Norge"
"NINFP2210091806",4.75860369015261,4.83651232719421,15022,4,"meta_highrescanopyheight_orthophoto",0.5,"orthophoto_50cm_2025","Nord-Norge"
"NINFP2210103660",0.0549375984193569,0.0103252092376351,43751,5,"meta_highrescanopyheight_orthophoto",0.5,"orthophoto_50cm_2025","Nord-Norge"
"NINFP2410159926",0.704223906170049,0.0267399568110704,5054,2,"meta_highrescanopyheight_orthophoto",0.5,"orthophoto_50cm_2025","Nord-Norge"
"NINFP2110033150",0.0100960246864149,0.010079788044095,8618,3,"meta_highrescanopyheight_orthophoto",0.5,"orthophoto_50cm_2025","Nord-Norge"
"NINFP2510202364",0.0559326471977104,0.0106381536461413,31286,2,"meta_highrescanopyheight_orthophoto",0.5,"orthophoto_50cm_2025","Nord-Norge"
"NINFP2410172881",2.53963182992451,1.46404999494553,6166,2,"meta_highrescanopyheight_orthophoto",0.5,"orthophoto_50cm_2025","Nord-Norge"
"NINFP2310130185",0.0637829548883874,0.0109096830710769,7830,4,"meta_highrescanopyheight_orthophoto",0.5,"orthophoto_50cm_2025","Nord-Norge"
"NINFP2310126218",0.0140245089251475,0.0103508550673723,11485,1,"meta_highrescanopyheight_orthophoto",0.5,"orthophoto_50cm_2025","Nord-Norge"
"NINFP2110023820",0.1142385379423,0.0102710640057921,27247,3,"meta_highrescanopyheight_orthophoto",0.5,"orthophoto_50cm_2025","Nord-Norge"
"NINFP2510197342",1.67546973100434,0.283034220337868,16896,3,"meta_highrescanopyheight_orthophoto",0.5,"orthophoto_50cm_2025","Nord-Norge"
"NINFP2110027025",0.264585220888742,0.0116609325632453,14990,2,"meta_highrescanopyheight_orthophoto",0.5,"orthophoto_50cm_2025","Nord-Norge"
"NINFP2310129405",0.0114721861082959,0.0103716421872377,4141,4,"meta_highrescanopyheight_orthophoto",0.5,"orthophoto_50cm_2025","Nord-Norge"
"NINFP1810019893",0.0966371570404035,0.0102488594129682,383025,16,"meta_highrescanopyheight_orthophoto",0.5,"orthophoto_50cm_2025","Nord-Norge"
"NINFP2210105467",0.0105379923264442,0.0100989490747452,61819,4,"meta_highrescanopyheight_orthophoto",0.5,"orthophoto_50cm_2025","Nord-Norge"
"NINFP2010021899",0.284849184872922,0.0110794510692358,415662,13,"meta_highrescanopyheight_orthophoto",0.5,"orthophoto_50cm_2025","Nord-Norge"
"NINFP2010029757",0.042915332336637,0.0101389065384865,89449,7,"meta_highrescanopyheight_orthophoto",0.5,"orthophoto_50cm_2025","Nord-Norge"
"NINFP2210082796",0.542218400824446,0.0205942504107952,12955,2,"meta_highrescanopyheight_orthophoto",0.5,"orthophoto_50cm_2025","Nord-Norge"
"NINFP2110030707",0.0180810496067142,0.0100685460492969,69673,6,"meta_highrescanopyheight_orthophoto",0.5,"orthophoto_50cm_2025","Nord-Norge"
"NINFP2110052631",0.252560645662268,0.0108041372150183,16249,4,"meta_highrescanopyheight_orthophoto",0.5,"orthophoto_50cm_2025","Nord-Norge"
"NINFP2510185932",0.0105062414161276,0.0102585358545184,14793,2,"meta_highrescanopyheight_orthophoto",0.5,"orthophoto_50cm_2025","Nord-Norge"
"NINFP2310132641",0.0679717537927619,0.0108342780731618,8650,4,"meta_highrescanopyheight_orthophoto",0.5,"orthophoto_50cm_2025","Nord-Norge"
"NINFP2310141450",0.0514086542164891,0.0102943889796734,36949,4,"meta_highrescanopyheight_orthophoto",0.5,"orthophoto_50cm_2025","Nord-Norge"
"NINFP2510193901",0.783040897197324,0.0651629008352757,6374,2,"meta_highrescanopyheight_orthophoto",0.5,"orthophoto_50cm_2025","Nord-Norge"
"NINFP2010026120",1.62456512303968,0.262577623128891,5081,2,"meta_highrescanopyheight_orthophoto",0.5,"orthophoto_50cm_2025","Nord-Norge"
"NINFP2010033988",2.90665474515344,2.28713202476501,4953,4,"meta_highrescanopyheight_orthophoto",0.5,"orthophoto_50cm_2025","Nord-Norge"
"NINFP2010025848",0.339762644382565,0.013581981882453,40478,6,"meta_highrescanopyheight_orthophoto",0.5,"orthophoto_50cm_2025","Nord-Norge"
"NINFP2410174978",0.0443466582964039,0.0103133786469698,61837,6,"meta_highrescanopyheight_orthophoto",0.5,"orthophoto_50cm_2025","Nord-Norge"
"NINFP2310124936",0.140713146567298,0.0102348141372204,732439,32,"meta_highrescanopyheight_orthophoto",0.5,"orthophoto_50cm_2025","Nord-Norge"
"NINFP2510205017",0.0757334880272612,0.0104277851060033,45646,3,"meta_highrescanopyheight_orthophoto",0.5,"orthophoto_50cm_2025","Nord-Norge"
"NINFP1910029311",0.0554886689356899,0.0100830378942192,107452,6,"meta_highrescanopyheight_orthophoto",0.5,"orthophoto_50cm_2025","Nord-Norge"
"NINFP2410154475",0.0130348221523594,0.0103481663390994,9888,1,"meta_highrescanopyheight_orthophoto",0.5,"orthophoto_50cm_2025","Nord-Norge"
"NINFP2310132655",0.0143943190346051,0.0104214195162058,4123,2,"meta_highrescanopyheight_orthophoto",0.5,"orthophoto_50cm_2025","Nord-Norge"
"NINFP2410157192",4.22325590831694,3.6819224357605,10325,4,"meta_highrescanopyheight_orthophoto",0.5,"orthophoto_50cm_2025","Nord-Norge"
"NINFP2410154335",0.0582846412110143,0.0101217227056623,41662,4,"meta_highrescanopyheight_orthophoto",0.5,"orthophoto_50cm_2025","Nord-Norge"
"NINFP2310132467",0.0116398627224933,0.0101804239675403,12666,4,"meta_highrescanopyheight_orthophoto",0.5,"orthophoto_50cm_2025","Nord-Norge"
"NINFP2510205682",0.503864912311255,0.0247459877282381,8281,4,"meta_highrescanopyheight_orthophoto",0.5,"orthophoto_50cm_2025","Nord-Norge"
"NINFP2110036098",0.0100553691747953,0.0100363716483116,18829,2,"meta_highrescanopyheight_orthophoto",0.5,"orthophoto_50cm_2025","Nord-Norge"
"NINFP2510210240",0.164383656424109,0.0102067375555634,51600,5,"meta_highrescanopyheight_orthophoto",0.5,"orthophoto_50cm_2025","Nord-Norge"
"NINFP2410171810",0.857021089460877,0.095440037548542,5347,2,"meta_highrescanopyheight_orthophoto",0.5,"orthophoto_50cm_2025","Nord-Norge"
"NINFP2210090176",0.130523992866461,0.010193987749517,18485,1,"meta_highrescanopyheight_orthophoto",0.5,"orthophoto_50cm_2025","Nord-Norge"
"NINFP2110056563",0.010140506472493,0.0100830136798322,4384,2,"meta_highrescanopyheight_orthophoto",0.5,"orthophoto_50cm_2025","Nord-Norge"
"NINFP2410174761",0.189829146948543,0.0118334190919995,4080,4,"meta_highrescanopyheight_orthophoto",0.5,"orthophoto_50cm_2025","Nord-Norge"
"NINFP2010007251",0.252279815234581,0.0100718522444367,552237,19,"meta_highrescanopyheight_orthophoto",0.5,"orthophoto_50cm_2025","Nord-Norge"
"NINFP1810036690",0.403906067675533,0.0140888579189777,31941,3,"meta_highrescanopyheight_orthophoto",0.5,"orthophoto_50cm_2025","Nord-Norge"
"NINFP2210076422",0.0126027755056549,0.0101801203563809,7923,2,"meta_highrescanopyheight_orthophoto",0.5,"orthophoto_50cm_2025","Nord-Norge"
"NINFP2310132672",0.198082695093763,0.0189678352326155,5120,2,"meta_highrescanopyheight_orthophoto",0.5,"orthophoto_50cm_2025","Nord-Norge"
"NINFP2310136393",0.0105992829997782,0.0101030515506864,21239,3,"meta_highrescanopyheight_orthophoto",0.5,"orthophoto_50cm_2025","Nord-Norge"
"NINFP2110018367",0.131870728350995,0.0122333774343133,12473,3,"meta_highrescanopyheight_orthophoto",0.5,"orthophoto_50cm_2025","Nord-Norge"
"NINFP2310136879",0.084911982293536,0.0103199570439756,62058,4,"meta_highrescanopyheight_orthophoto",0.5,"orthophoto_50cm_2025","Nord-Norge"
"NINFP2010021274",2.09803837219065,0.646126061677933,70866,5,"meta_highrescanopyheight_orthophoto",0.5,"orthophoto_50cm_2025","Nord-Norge"
"NINFP2010024605",0.352639048836311,0.0107427146285772,7865,2,"meta_highrescanopyheight_orthophoto",0.5,"orthophoto_50cm_2025","Nord-Norge"
"NINFP2510206721",0.010087739523736,0.0100376037880778,25686,2,"meta_highrescanopyheight_orthophoto",0.5,"orthophoto_50cm_2025","Nord-Norge"
"NINFP2210111501",1.2530126239193,0.732646286487579,9628,4,"meta_highrescanopyheight_orthophoto",0.5,"orthophoto_50cm_2025","Nord-Norge"
"NINFP1810022342",0.0354452728604893,0.0101892184466124,24174,4,"meta_highrescanopyheight_orthophoto",0.5,"orthophoto_50cm_2025","Nord-Norge"
"NINFP2210104939",0.0179662258920365,0.0105156805366278,4433,2,"meta_highrescanopyheight_orthophoto",0.5,"orthophoto_50cm_2025","Nord-Norge"
"NINFP2510207166",0.0100617015855213,0.0100598856806755,4545,1,"meta_highrescanopyheight_orthophoto",0.5,"orthophoto_50cm_2025","Nord-Norge"
"NINFP2010025589",0.103010782902213,0.0118267303332686,6381,2,"meta_highrescanopyheight_orthophoto",0.5,"orthophoto_50cm_2025","Nord-Norge"
"NINFP1810035285",0.788018047244587,0.0499710068106651,29345,3,"meta_highrescanopyheight_orthophoto",0.5,"orthophoto_50cm_2025","Nord-Norge"
"NINFP1810035552",1.75075822626679,0.838537901639938,15724,4,"meta_highrescanopyheight_orthophoto",0.5,"orthophoto_50cm_2025","Nord-Norge"
"NINFP2310132319",0.0288628905984169,0.010164137929678,44643,4,"meta_highrescanopyheight_orthophoto",0.5,"orthophoto_50cm_2025","Nord-Norge"
"NINFP2210092655",0.0629656241540098,0.0103691066615283,125622,9,"meta_highrescanopyheight_orthophoto",0.5,"orthophoto_50cm_2025","Nord-Norge"
"NINFP2210106064",4.99979225926293,5.36664867401123,6581,2,"meta_highrescanopyheight_orthophoto",0.5,"orthophoto_50cm_2025","Nord-Norge"
"NINFP2110019409",0.404649080044627,0.0107266418635845,12291,2,"meta_highrescanopyheight_orthophoto",0.5,"orthophoto_50cm_2025","Nord-Norge"
"NINFP2210086698",0.0104787518011286,0.0100842607207596,68364,4,"meta_highrescanopyheight_orthophoto",0.5,"orthophoto_50cm_2025","Nord-Norge"
"NINFP2010017321",4.5613859580502,4.15881419181824,20538,2,"meta_highrescanopyheight_orthophoto",0.5,"orthophoto_50cm_2025","Nord-Norge"
"NINFP2210106153",0.14979109914235,0.0106464028358459,33301,4,"meta_highrescanopyheight_orthophoto",0.5,"orthophoto_50cm_2025","Nord-Norge"
"NINFP2510194626",0.0489436467354489,0.0108460104092956,11541,5,"meta_highrescanopyheight_orthophoto",0.5,"orthophoto_50cm_2025","Nord-Norge"
"NINFP2210076524",0.0105488057891064,0.0101810079067945,5035,2,"meta_highrescanopyheight_orthophoto",0.5,"orthophoto_50cm_2025","Nord-Norge"
"NINFP2210108378",0.0627827629900876,0.0104033574461937,9734,3,"meta_highrescanopyheight_orthophoto",0.5,"orthophoto_50cm_2025","Nord-Norge"
"NINFP1810018103",0.0892671400434763,0.0225654151290655,4332,2,"meta_highrescanopyheight_orthophoto",0.5,"orthophoto_50cm_2025","Nord-Norge"
"NINFP2210107154",0.209431290684505,0.0104813221842051,7373,2,"meta_highrescanopyheight_orthophoto",0.5,"orthophoto_50cm_2025","Nord-Norge"
"NINFP2310130648",0.0112676156310141,0.0101476591080427,23389,4,"meta_highrescanopyheight_orthophoto",0.5,"orthophoto_50cm_2025","Nord-Norge"
"NINFP2210094883",0.424019787774961,0.0141752501949668,9577,3,"meta_highrescanopyheight_orthophoto",0.5,"orthophoto_50cm_2025","Nord-Norge"
"NINFP2310142104",0.570459676587551,0.111696541309357,5861,4,"meta_highrescanopyheight_orthophoto",0.5,"orthophoto_50cm_2025","Nord-Norge"
"NINFP2310132468",0.0108251955738935,0.0100781018845737,8788,2,"meta_highrescanopyheight_orthophoto",0.5,"orthophoto_50cm_2025","Nord-Norge"
"NINFP2210092169",0.0597603083132188,0.0102643254213035,94318,8,"meta_highrescanopyheight_orthophoto",0.5,"orthophoto_50cm_2025","Nord-Norge"
"NINFP2110023099",0.668425734653532,0.123813070356846,4785,4,"meta_highrescanopyheight_orthophoto",0.5,"orthophoto_50cm_2025","Nord-Norge"
"NINFP2510210242",0.116796750323855,0.0104458243586123,50046,6,"meta_highrescanopyheight_orthophoto",0.5,"orthophoto_50cm_2025","Nord-Norge"
"NINFP2510203055",0.0125481321240875,0.0106960646808147,15813,4,"meta_highrescanopyheight_orthophoto",0.5,"orthophoto_50cm_2025","Nord-Norge"
"NINFP1810033407",0.0240842445224767,0.0101204812526703,504639,23,"meta_highrescanopyheight_orthophoto",0.5,"orthophoto_50cm_2025","Nord-Norge"
"NINFP2210084430",0.446355707783319,0.0125424629077315,7730,1,"meta_highrescanopyheight_orthophoto",0.5,"orthophoto_50cm_2025","Nord-Norge"
"NINFP1910033102",0.0107840390339503,0.0102715054526925,9771,2,"meta_highrescanopyheight_orthophoto",0.5,"orthophoto_50cm_2025","Nord-Norge"
"NINFP2310131815",0.0102437743778753,0.0100675676949322,47322,6,"meta_highrescanopyheight_orthophoto",0.5,"orthophoto_50cm_2025","Nord-Norge"
"NINFP2310120998",0.0842459318031016,0.0101847010664642,1796,2,"meta_highrescanopyheight_orthophoto",0.5,"orthophoto_50cm_2025","Nord-Norge"
"NINFP2510189086",0.0857034209106289,0.0102166440337896,13303,2,"meta_highrescanopyheight_orthophoto",0.5,"orthophoto_50cm_2025","Nord-Norge"
"NINFP2210107236",0.0366628578882528,0.0102873314172029,29516,4,"meta_highrescanopyheight_orthophoto",0.5,"orthophoto_50cm_2025","Nord-Norge"
"NINFP2410157810",0.108220491881197,0.0110343522392213,18388,5,"meta_highrescanopyheight_orthophoto",0.5,"orthophoto_50cm_2025","Nord-Norge"
"NINFP1910026919",0.0491741800640009,0.0100695826113224,35107,2,"meta_highrescanopyheight_orthophoto",0.5,"orthophoto_50cm_2025","Nord-Norge"
"NINFP2210098826",5.0043086872985,5.13986015319824,45481,4,"meta_highrescanopyheight_orthophoto",0.5,"orthophoto_50cm_2025","Nord-Norge"
"NINFP2010023492",0.0201225447732497,0.0100946044549346,100671,8,"meta_highrescanopyheight_orthophoto",0.5,"orthophoto_50cm_2025","Nord-Norge"
"NINFP2210107535",0.0723992813922661,0.0105690499767661,35138,3,"meta_highrescanopyheight_orthophoto",0.5,"orthophoto_50cm_2025","Nord-Norge"
"NINFP2410168176",0.0942375150281123,0.0136573351919651,4047,2,"meta_highrescanopyheight_orthophoto",0.5,"orthophoto_50cm_2025","Nord-Norge"
"NINFP1810031204",0.0189522883609198,0.0102302543818951,48506,4,"meta_highrescanopyheight_orthophoto",0.5,"orthophoto_50cm_2025","Nord-Norge"
"NINFP2410171809",0.460828302926737,0.0188760049641132,7363,1,"meta_highrescanopyheight_orthophoto",0.5,"orthophoto_50cm_2025","Nord-Norge"
"NINFP2410177436",0.144226169818369,0.013403307646513,5358,2,"meta_highrescanopyheight_orthophoto",0.5,"orthophoto_50cm_2025","Nord-Norge"
"NINFP2210106778",0.124959772459138,0.0101889297366142,332931,14,"meta_highrescanopyheight_orthophoto",0.5,"orthophoto_50cm_2025","Nord-Norge"
"NINFP2510194400",0.0329803906944672,0.0100916111841798,64958,5,"meta_highrescanopyheight_orthophoto",0.5,"orthophoto_50cm_2025","Nord-Norge"
"NINFP2210076426",0.0100926813308857,0.0100639835000038,13480,2,"meta_highrescanopyheight_orthophoto",0.5,"orthophoto_50cm_2025","Nord-Norge"
"NINFP2210103906",0.0583564532667927,0.0103806890547276,17905,2,"meta_highrescanopyheight_orthophoto",0.5,"orthophoto_50cm_2025","Nord-Norge"
"NINFP1810018097",0.0159986196500162,0.0118795335292816,2405,1,"meta_highrescanopyheight_orthophoto",0.5,"orthophoto_50cm_2025","Nord-Norge"
"NINFP2410154271",5.45717830955151,5.08086109161377,9854,4,"meta_highrescanopyheight_orthophoto",0.5,"orthophoto_50cm_2025","Nord-Norge"
"NINFP2110042842",1.35524758655888,0.01103934366256,5148,2,"meta_highrescanopyheight_orthophoto",0.5,"orthophoto_50cm_2025","Nord-Norge"
"NINFP1810015957",0.0171339283551435,0.0100959287956357,384796,26,"meta_highrescanopyheight_orthophoto",0.5,"orthophoto_50cm_2025","Nord-Norge"
"NINFP2310141449",0.104110778064839,0.0113530410453677,82018,10,"meta_highrescanopyheight_orthophoto",0.5,"orthophoto_50cm_2025","Nord-Norge"
"NINFP2110043041",0.0100590712060154,0.0100581673905253,9139,4,"meta_highrescanopyheight_orthophoto",0.5,"orthophoto_50cm_2025","Nord-Norge"
"NINFP2410183926",0.0341059805753509,0.0108095444738865,25304,5,"meta_highrescanopyheight_orthophoto",0.5,"orthophoto_50cm_2025","Nord-Norge"
"NINFP1810047431",0.0164829392156386,0.0101582789793611,22384,3,"meta_highrescanopyheight_orthophoto",0.5,"orthophoto_50cm_2025","Nord-Norge"
"NINFP2310133416",0.179207431262208,0.0118589969351888,4311,1,"meta_highrescanopyheight_orthophoto",0.5,"orthophoto_50cm_2025","Nord-Norge"
"NINFP2010030343",0.602989459254466,0.0921487733721733,4733,2,"meta_highrescanopyheight_orthophoto",0.5,"orthophoto_50cm_2025","Nord-Norge"
"NINFP2210104073",0.0283294205381716,0.0106225488707423,56757,4,"meta_highrescanopyheight_orthophoto",0.5,"orthophoto_50cm_2025","Nord-Norge"
"NINFP2110033652",0.0101204334025708,0.0100914132781327,4722,2,"meta_highrescanopyheight_orthophoto",0.5,"orthophoto_50cm_2025","Nord-Norge"
"NINFP1810040931",3.44688334039555,2.52179908752441,24867,4,"meta_highrescanopyheight_orthophoto",0.5,"orthophoto_50cm_2025","Nord-Norge"
"NINFP2210095978",0.0435583035589653,0.0102226245217025,49938,6,"meta_highrescanopyheight_orthophoto",0.5,"orthophoto_50cm_2025","Nord-Norge"
"NINFP2010024764",4.07840932086537,3.75583529472351,4365,2,"meta_highrescanopyheight_orthophoto",0.5,"orthophoto_50cm_2025","Nord-Norge"
"NINFP1810038283",1.12053967916385,0.0267363619059324,87079,6,"meta_highrescanopyheight_orthophoto",0.5,"orthophoto_50cm_2025","Nord-Norge"
"NINFP2410172864",0.0150381811293637,0.010270532220602,184893,9,"meta_highrescanopyheight_orthophoto",0.5,"orthophoto_50cm_2025","Nord-Norge"
"NINFP2410157269",1.76067032387536,1.02609372138977,51655,5,"meta_highrescanopyheight_orthophoto",0.5,"orthophoto_50cm_2025","Nord-Norge"
"NINFP2510202513",0.417861083345807,0.0102869151160121,51203,5,"meta_highrescanopyheight_orthophoto",0.5,"orthophoto_50cm_2025","Nord-Norge"
"NINFP2410157356",0.0101268598542062,0.0100740641355515,9008,1,"meta_highrescanopyheight_orthophoto",0.5,"orthophoto_50cm_2025","Nord-Norge"
"NINFP1810045020",0.147199876216064,0.010924712754786,93409,5,"meta_highrescanopyheight_orthophoto",0.5,"orthophoto_50cm_2025","Nord-Norge"
"NINFP2210089602",1.51599981303627,0.19597202539444,24786,4,"meta_highrescanopyheight_orthophoto",0.5,"orthophoto_50cm_2025","Nord-Norge"
"NINFP2010018197",0.0163302491659231,0.0102996788918972,166035,10,"meta_highrescanopyheight_orthophoto",0.5,"orthophoto_50cm_2025","Nord-Norge"
"NINFP2510185469",0.0101847571317916,0.0100930333137512,39289,5,"meta_highrescanopyheight_orthophoto",0.5,"orthophoto_50cm_2025","Nord-Norge"
"NINFP2410172380",0.0480915403770923,0.0102521535009146,7507,2,"meta_highrescanopyheight_orthophoto",0.5,"orthophoto_50cm_2025","Nord-Norge"
"NINFP1910012654",4.30022815560263,2.93659806251526,20757,2,"meta_highrescanopyheight_orthophoto",0.5,"orthophoto_50cm_2025","Nord-Norge"
"NINFP2110052615",0.0918852422772516,0.0102624916471541,60244,5,"meta_highrescanopyheight_orthophoto",0.5,"orthophoto_50cm_2025","Nord-Norge"
"NINFP2110033633",0.0110311437275027,0.0101164914667606,18843,4,"meta_highrescanopyheight_orthophoto",0.5,"orthophoto_50cm_2025","Nord-Norge"
"NINFP2210091974",0.0486424954505975,0.0102565586566925,47046,5,"meta_highrescanopyheight_orthophoto",0.5,"orthophoto_50cm_2025","Nord-Norge"
"NINFP2110053147",0.423252574558538,0.0115923723205924,14786,2,"meta_highrescanopyheight_orthophoto",0.5,"orthophoto_50cm_2025","Nord-Norge"
"NINFP2210086106",0.333206592613428,0.0108508379198611,267774,15,"meta_highrescanopyheight_orthophoto",0.5,"orthophoto_50cm_2025","Nord-Norge"
"NINFP2510200580",0.0272088789216526,0.0102642308920622,6797,3,"meta_highrescanopyheight_orthophoto",0.5,"orthophoto_50cm_2025","Nord-Norge"
"NINFP1910018249",0.0855295064758732,0.0103181265294552,12537,2,"meta_highrescanopyheight_orthophoto",0.5,"orthophoto_50cm_2025","Nord-Norge"
"NINFP2110036250",0.0101158225352662,0.0100544709712267,36100,4,"meta_highrescanopyheight_orthophoto",0.5,"orthophoto_50cm_2025","Nord-Norge"
"NINFP2310130036",2.10072058130653,0.826912462711334,4659,1,"meta_highrescanopyheight_orthophoto",0.5,"orthophoto_50cm_2025","Nord-Norge"
"NINFP1810032716",0.312373742811891,0.0108750332146883,43389,3,"meta_highrescanopyheight_orthophoto",0.5,"orthophoto_50cm_2025","Nord-Norge"
"NINFP2210085843",1.11519599842401,0.325459316372871,6426,2,"meta_highrescanopyheight_orthophoto",0.5,"orthophoto_50cm_2025","Nord-Norge"
"NINFP2410157264",0.0281261411082892,0.0102425226941705,55444,7,"meta_highrescanopyheight_orthophoto",0.5,"orthophoto_50cm_2025","Nord-Norge"
"NINFP2210106773",0.0121718257874015,0.0100835920311511,82924,8,"meta_highrescanopyheight_orthophoto",0.5,"orthophoto_50cm_2025","Nord-Norge"
"NINFP2310123031",0.420036418978682,0.0111395851708949,6756,2,"meta_highrescanopyheight_orthophoto",0.5,"orthophoto_50cm_2025","Nord-Norge"
"NINFP1910033227",0.211497201160224,0.0107006235048175,42598,5,"meta_highrescanopyheight_orthophoto",0.5,"orthophoto_50cm_2025","Nord-Norge"
"NINFP2310138215",4.11031728570165,3.45533740520477,8704,2,"meta_highrescanopyheight_orthophoto",0.5,"orthophoto_50cm_2025","Nord-Norge"
"NINFP2310133173",0.147386621568745,0.0112692536786199,18814,2,"meta_highrescanopyheight_orthophoto",0.5,"orthophoto_50cm_2025","Nord-Norge"
"NINFP2210111509",0.277462973067497,0.0102011756971478,835357,27,"meta_highrescanopyheight_orthophoto",0.5,"orthophoto_50cm_2025","Nord-Norge"
"NINFP2410174798",0.0489112924874895,0.0102275460958481,16038,2,"meta_highrescanopyheight_orthophoto",0.5,"orthophoto_50cm_2025","Nord-Norge"
"NINFP2510210350",0.0119272756973879,0.01009631017223,6396,2,"meta_highrescanopyheight_orthophoto",0.5,"orthophoto_50cm_2025","Nord-Norge"
"NINFP2010053857",1.62632507414645,0.181834325194359,5509,2,"meta_highrescanopyheight_orthophoto",0.5,"orthophoto_50cm_2025","Nord-Norge"
"NINFP2510185763",0.119196152568021,0.0115939509123564,48885,6,"meta_highrescanopyheight_orthophoto",0.5,"orthophoto_50cm_2025","Nord-Norge"
"NINFP1810034272",0.275497374847874,0.0110676186159253,61257,5,"meta_highrescanopyheight_orthophoto",0.5,"orthophoto_50cm_2025","Nord-Norge"
"NINFP2110036028",0.0100468702287251,0.0100299706682563,126205,9,"meta_highrescanopyheight_orthophoto",0.5,"orthophoto_50cm_2025","Nord-Norge"
"NINFP2510204034",0.215987615664836,0.0109859928488731,13030,2,"meta_highrescanopyheight_orthophoto",0.5,"orthophoto_50cm_2025","Nord-Norge"
"NINFP2310142551",1.86787234390811,0.872045040130615,7162,3,"meta_highrescanopyheight_orthophoto",0.5,"orthophoto_50cm_2025","Nord-Norge"
"NINFP2410155924",0.0302931494863587,0.0104523939080536,15026,2,"meta_highrescanopyheight_orthophoto",0.5,"orthophoto_50cm_2025","Nord-Norge"
"NINFP2510195268",4.44133657517531,4.34757733345032,25714,2,"meta_highrescanopyheight_orthophoto",0.5,"orthophoto_50cm_2025","Nord-Norge"
"NINFP2510188840",0.0284381161313518,0.0104180262424052,2586,1,"meta_highrescanopyheight_orthophoto",0.5,"orthophoto_50cm_2025","Nord-Norge"
"NINFP2410175135",0.111629957627363,0.0107787754386663,8121,4,"meta_highrescanopyheight_orthophoto",0.5,"orthophoto_50cm_2025","Nord-Norge"
"NINFP1810026881",0.481016827272775,0.0216404758393764,102676,8,"meta_highrescanopyheight_orthophoto",0.5,"orthophoto_50cm_2025","Nord-Norge"
"NINFP2110026257",0.0100740736887337,0.0100358426570892,25061,3,"meta_highrescanopyheight_orthophoto",0.5,"orthophoto_50cm_2025","Nord-Norge"
"NINFP2510203980",0.010461406255724,0.0101900068111718,8612,4,"meta_highrescanopyheight_orthophoto",0.5,"orthophoto_50cm_2025","Nord-Norge"
"NINFP2210083938",0.0909295090579012,0.0103460918180645,1848,1,"meta_highrescanopyheight_orthophoto",0.5,"orthophoto_50cm_2025","Nord-Norge"
"NINFP2510198216",0.0164988087864246,0.0100537380203605,229118,12,"meta_highrescanopyheight_orthophoto",0.5,"orthophoto_50cm_2025","Nord-Norge"
"NINFP2410172857",0.0101708524107148,0.0100883292034268,97909,7,"meta_highrescanopyheight_orthophoto",0.5,"orthophoto_50cm_2025","Nord-Norge"
"NINFP2510198870",1.12527186615106,0.0217781746760011,17708,4,"meta_highrescanopyheight_orthophoto",0.5,"orthophoto_50cm_2025","Nord-Norge"
"NINFP1810037949",2.29757806643683,0.786503791809082,15798,4,"meta_highrescanopyheight_orthophoto",0.5,"orthophoto_50cm_2025","Nord-Norge"
"NINFP2510209210",0.0738022723240462,0.0102741438895464,8832,2,"meta_highrescanopyheight_orthophoto",0.5,"orthophoto_50cm_2025","Nord-Norge"
"NINFP2410174872",0.0516699614073341,0.0103703886270523,15983,2,"meta_highrescanopyheight_orthophoto",0.5,"orthophoto_50cm_2025","Nord-Norge"
"NINFP2110024859",4.18864056363887,4.0166118144989,7186,2,"meta_highrescanopyheight_orthophoto",0.5,"orthophoto_50cm_2025","Nord-Norge"
"NINFP1810023684",0.22986317368991,0.0170603655278683,115879,8,"meta_highrescanopyheight_orthophoto",0.5,"orthophoto_50cm_2025","Nord-Norge"
"NINFP2310131436",0.277556980162282,0.0116081475280225,9004,4,"meta_highrescanopyheight_orthophoto",0.5,"orthophoto_50cm_2025","Nord-Norge"
"NINFP2310136793",0.639150643301028,0.0111599247902632,6862,2,"meta_highrescanopyheight_orthophoto",0.5,"orthophoto_50cm_2025","Nord-Norge"
"NINFP2010013350",0.94996855022074,0.131859496235847,7283,2,"meta_highrescanopyheight_orthophoto",0.5,"orthophoto_50cm_2025","Nord-Norge"
"NINFP2410157052",0.502101599506422,0.0148430913686752,15257,2,"meta_highrescanopyheight_orthophoto",0.5,"orthophoto_50cm_2025","Nord-Norge"
"NINFP1810025831",0.0359071870580375,0.0101554160937667,994762,36,"meta_highrescanopyheight_orthophoto",0.5,"orthophoto_50cm_2025","Nord-Norge"
"NINFP2210085555",0.0100561925492079,0.0100385285913944,50443,4,"meta_highrescanopyheight_orthophoto",0.5,"orthophoto_50cm_2025","Nord-Norge"
"NINFP2010037458",1.65979259509082,0.300897389650345,4307,2,"meta_highrescanopyheight_orthophoto",0.5,"orthophoto_50cm_2025","Nord-Norge"
"NINFP2410174799",0.153131790356257,0.0110825747251511,14237,3,"meta_highrescanopyheight_orthophoto",0.5,"orthophoto_50cm_2025","Nord-Norge"
"NINFP1910031324",0.4382189486045,0.0145302210003138,20139,3,"meta_highrescanopyheight_orthophoto",0.5,"orthophoto_50cm_2025","Nord-Norge"
"NINFP1910025046",0.246726529595113,0.0102920811623335,12753,2,"meta_highrescanopyheight_orthophoto",0.5,"orthophoto_50cm_2025","Nord-Norge"
"NINFP2210105544",0.613355885345588,0.0343804098665714,9109,2,"meta_highrescanopyheight_orthophoto",0.5,"orthophoto_50cm_2025","Nord-Norge"
"NINFP2110051239",0.108301284280986,0.0214087553322315,15133,3,"meta_highrescanopyheight_orthophoto",0.5,"orthophoto_50cm_2025","Nord-Norge"
"NINFP2110049997",0.0206790642277446,0.0104054445400834,6203,2,"meta_highrescanopyheight_orthophoto",0.5,"orthophoto_50cm_2025","Nord-Norge"
"NINFP1810014547",0.0133256549089034,0.0101260412484407,86923,7,"meta_highrescanopyheight_orthophoto",0.5,"orthophoto_50cm_2025","Nord-Norge"
"NINFP1810030864",0.0271844372277299,0.0109589528292418,18714,3,"meta_highrescanopyheight_orthophoto",0.5,"orthophoto_50cm_2025","Nord-Norge"
"NINFP2410174466",0.277498580439646,0.0121846869587898,6013,2,"meta_highrescanopyheight_orthophoto",0.5,"orthophoto_50cm_2025","Nord-Norge"
"NINFP2110021972",0.0143426706314021,0.0100887659937143,187033,12,"meta_highrescanopyheight_orthophoto",0.5,"orthophoto_50cm_2025","Nord-Norge"
"NINFP2310130023",0.273353050901509,0.0107279624789953,6489,2,"meta_highrescanopyheight_orthophoto",0.5,"orthophoto_50cm_2025","Nord-Norge"
"NINFP2410174926",0.0170335905608,0.010145949665457,12946,2,"meta_highrescanopyheight_orthophoto",0.5,"orthophoto_50cm_2025","Nord-Norge"
"NINFP2310142246",2.03442514660564,0.637281000614166,4829,2,"meta_highrescanopyheight_orthophoto",0.5,"orthophoto_50cm_2025","Nord-Norge"
"NINFP2110033653",0.0138515006631465,0.0101356203667819,361098,15,"meta_highrescanopyheight_orthophoto",0.5,"orthophoto_50cm_2025","Nord-Norge"
"NINFP2410152317",0.0664545477169312,0.010357010178268,4159,1,"meta_highrescanopyheight_orthophoto",0.5,"orthophoto_50cm_2025","Nord-Norge"
"NINFP2310142108",0.445946648592811,0.0604599695652723,4112,2,"meta_highrescanopyheight_orthophoto",0.5,"orthophoto_50cm_2025","Nord-Norge"
"NINFP1810028484",2.34931228403288,1.95447266101837,5866,4,"meta_highrescanopyheight_orthophoto",0.5,"orthophoto_50cm_2025","Nord-Norge"
"NINFP2510192970",4.01781404796232,3.73375463485718,40345,5,"meta_highrescanopyheight_orthophoto",0.5,"orthophoto_50cm_2025","Nord-Norge"
"NINFP2310131774",0.0100735394103873,0.0100670717656612,8773,1,"meta_highrescanopyheight_orthophoto",0.5,"orthophoto_50cm_2025","Nord-Norge"
"NINFP1810030790",1.2009561214375,0.391026854515076,24855,3,"meta_highrescanopyheight_orthophoto",0.5,"orthophoto_50cm_2025","Nord-Norge"
"NINFP2010007064",0.327189834256091,0.0100527666509151,130049,7,"meta_highrescanopyheight_orthophoto",0.5,"orthophoto_50cm_2025","Nord-Norge"
"NINFP2310122663",1.22583854666198,0.370564460754395,3715,2,"meta_highrescanopyheight_orthophoto",0.5,"orthophoto_50cm_2025","Nord-Norge"
"NINFP2210087203",3.12565371466424,2.40330362319946,10507,3,"meta_highrescanopyheight_orthophoto",0.5,"orthophoto_50cm_2025","Nord-Norge"
"NINFP2510201473",0.66799692659801,0.0105655789375305,18599,3,"meta_highrescanopyheight_orthophoto",0.5,"orthophoto_50cm_2025","Nord-Norge"
"NINFP2210086696",0.0955695345644181,0.0108242202550173,55606,8,"meta_highrescanopyheight_orthophoto",0.5,"orthophoto_50cm_2025","Nord-Norge"
"NINFP1910025978",1.27103711238427,0.110749952495098,25122,4,"meta_highrescanopyheight_orthophoto",0.5,"orthophoto_50cm_2025","Nord-Norge"
"NINFP2210076256",0.0101761205412373,0.0100744324736297,10554,2,"meta_highrescanopyheight_orthophoto",0.5,"orthophoto_50cm_2025","Nord-Norge"
"NINFP2210107254",0.0467593149295743,0.0103105269372463,48861,6,"meta_highrescanopyheight_orthophoto",0.5,"orthophoto_50cm_2025","Nord-Norge"
"NINFP2410156029",0.395650624810244,0.0208732411265373,9566,2,"meta_highrescanopyheight_orthophoto",0.5,"orthophoto_50cm_2025","Nord-Norge"
"NINFP2010025427",0.321913526647013,0.0119051369838417,59430,6,"meta_highrescanopyheight_orthophoto",0.5,"orthophoto_50cm_2025","Nord-Norge"
"NINFP2010007069",0.751543297869122,0.09860959649086,163775,9,"meta_highrescanopyheight_orthophoto",0.5,"orthophoto_50cm_2025","Nord-Norge"
"NINFP2010021282",1.25383297106317,0.30990993976593,10889,4,"meta_highrescanopyheight_orthophoto",0.5,"orthophoto_50cm_2025","Nord-Norge"
"NINFP2110020484",0.513387351166497,0.0214351620525122,4187,2,"meta_highrescanopyheight_orthophoto",0.5,"orthophoto_50cm_2025","Nord-Norge"
"NINFP2310140972",0.360786656939043,0.0314360074698925,5249,2,"meta_highrescanopyheight_orthophoto",0.5,"orthophoto_50cm_2025","Nord-Norge"
"NINFP2210102723",0.111412872215652,0.0114807607606053,6666,2,"meta_highrescanopyheight_orthophoto",0.5,"orthophoto_50cm_2025","Nord-Norge"
"NINFP2010041522",0.226656317852569,0.0104242525994778,8525,2,"meta_highrescanopyheight_orthophoto",0.5,"orthophoto_50cm_2025","Nord-Norge"
"NINFP2210102405",4.46011159719775,4.71654009819031,5250,3,"meta_highrescanopyheight_orthophoto",0.5,"orthophoto_50cm_2025","Nord-Norge"
"NINFP2110040825",0.026008171000865,0.0101216742768884,473859,19,"meta_highrescanopyheight_orthophoto",0.5,"orthophoto_50cm_2025","Nord-Norge"
"NINFP2510202482",6.08831015636215,6.59451961517334,6178,2,"meta_highrescanopyheight_orthophoto",0.5,"orthophoto_50cm_2025","Nord-Norge"
"NINFP2510197575",0.189223134168622,0.0104915760457516,15381,2,"meta_highrescanopyheight_orthophoto",0.5,"orthophoto_50cm_2025","Nord-Norge"
"NINFP2210106908",0.0373459302908671,0.0101648448035121,316851,20,"meta_highrescanopyheight_orthophoto",0.5,"orthophoto_50cm_2025","Nord-Norge"
"NINFP2210106206",0.0443679467969248,0.010248489677906,181591,9,"meta_highrescanopyheight_orthophoto",0.5,"orthophoto_50cm_2025","Nord-Norge"
"NINFP2410172879",0.0604160425354536,0.0101040946319699,107495,8,"meta_highrescanopyheight_orthophoto",0.5,"orthophoto_50cm_2025","Nord-Norge"
"NINFP2110019596",0.0920494665638201,0.0104654487222433,9995,2,"meta_highrescanopyheight_orthophoto",0.5,"orthophoto_50cm_2025","Nord-Norge"
"NINFP2310135602",0.535009894177315,0.0192738547921181,65236,5,"meta_highrescanopyheight_orthophoto",0.5,"orthophoto_50cm_2025","Nord-Norge"
"NINFP1810029848",0.939993049443211,0.0113468691706657,27973,3,"meta_highrescanopyheight_orthophoto",0.5,"orthophoto_50cm_2025","Nord-Norge"
"NINFP2210086270",0.0432587529859718,0.0105414148420095,8755,4,"meta_highrescanopyheight_orthophoto",0.5,"orthophoto_50cm_2025","Nord-Norge"
"NINFP2510205489",0.193027880783674,0.0242031291127205,41886,4,"meta_highrescanopyheight_orthophoto",0.5,"orthophoto_50cm_2025","Nord-Norge"
"NINFP2110036302",0.0101946666502657,0.0100578656420112,515001,18,"meta_highrescanopyheight_orthophoto",0.5,"orthophoto_50cm_2025","Nord-Norge"
"NINFP2310129930",0.0538629288578179,0.0106446482241154,36649,4,"meta_highrescanopyheight_orthophoto",0.5,"orthophoto_50cm_2025","Nord-Norge"
"NINFP1810038470",0.0655916090342001,0.0104268733412027,21157,4,"meta_highrescanopyheight_orthophoto",0.5,"orthophoto_50cm_2025","Nord-Norge"
"NINFP1810032918",0.0216397304619718,0.0107941231690347,7740,2,"meta_highrescanopyheight_orthophoto",0.5,"orthophoto_50cm_2025","Nord-Norge"
"NINFP2410174814",0.0767221036939352,0.0102656013332307,121820,10,"meta_highrescanopyheight_orthophoto",0.5,"orthophoto_50cm_2025","Nord-Norge"
"NINFP2110036521",0.0427867547577187,0.0100868716835976,83225,5,"meta_highrescanopyheight_orthophoto",0.5,"orthophoto_50cm_2025","Nord-Norge"
"NINFP2010026551",0.110138852400619,0.0107781756669283,53637,7,"meta_highrescanopyheight_orthophoto",0.5,"orthophoto_50cm_2025","Nord-Norge"
"NINFP1910033765",0.68556799949382,0.0702832378447056,11880,3,"meta_highrescanopyheight_orthophoto",0.5,"orthophoto_50cm_2025","Nord-Norge"
"NINFP2410157451",0.0396322793840992,0.0107961157336831,5397,1,"meta_highrescanopyheight_orthophoto",0.5,"orthophoto_50cm_2025","Nord-Norge"
"NINFP1910011327",2.8596485517118,1.85803294181824,14951,3,"meta_highrescanopyheight_orthophoto",0.5,"orthophoto_50cm_2025","Nord-Norge"
"NINFP1810019006",3.40853527299911,3.01599872112274,329222,12,"meta_highrescanopyheight_orthophoto",0.5,"orthophoto_50cm_2025","Nord-Norge"
"NINFP2010032241",0.0102442941473683,0.0100917043164372,90277,10,"meta_highrescanopyheight_orthophoto",0.5,"orthophoto_50cm_2025","Nord-Norge"
"NINFP2210076326",0.0544572177134166,0.0102672902867198,12242,4,"meta_highrescanopyheight_orthophoto",0.5,"orthophoto_50cm_2025","Nord-Norge"
"NINFP2310132944",0.0157550711629079,0.0102998297661543,21446,4,"meta_highrescanopyheight_orthophoto",0.5,"orthophoto_50cm_2025","Nord-Norge"
"NINFP1910021710",0.147464577032561,0.0119276344776154,45219,4,"meta_highrescanopyheight_orthophoto",0.5,"orthophoto_50cm_2025","Nord-Norge"
"NINFP2310132298",1.25777185817965,0.810339003801346,11408,3,"meta_highrescanopyheight_orthophoto",0.5,"orthophoto_50cm_2025","Nord-Norge"
"NINFP2510185678",0.0119338712342071,0.010212111286819,11193,4,"meta_highrescanopyheight_orthophoto",0.5,"orthophoto_50cm_2025","Nord-Norge"
"NINFP1810032735",0.679071097044038,0.0169669110327959,249788,9,"meta_highrescanopyheight_orthophoto",0.5,"orthophoto_50cm_2025","Nord-Norge"
"NINFP2210098292",4.59628459943592,4.94416046142578,16762,4,"meta_highrescanopyheight_orthophoto",0.5,"orthophoto_50cm_2025","Nord-Norge"
"NINFP2010024381",0.0352933777088623,0.0100674955174327,172420,9,"meta_highrescanopyheight_orthophoto",0.5,"orthophoto_50cm_2025","Nord-Norge"
"NINFP2510201932",0.0101756522391953,0.0101015591062605,16338,2,"meta_highrescanopyheight_orthophoto",0.5,"orthophoto_50cm_2025","Nord-Norge"
"NINFP2010026787",5.60942712643972,5.86509227752686,4160,1,"meta_highrescanopyheight_orthophoto",0.5,"orthophoto_50cm_2025","Nord-Norge"
"NINFP2510190875",0.0210327978000373,0.0100964978337288,63619,5,"meta_highrescanopyheight_orthophoto",0.5,"orthophoto_50cm_2025","Nord-Norge"
"NINFP2210106766",0.0101238824480053,0.0101135135628283,11438,3,"meta_highrescanopyheight_orthophoto",0.5,"orthophoto_50cm_2025","Nord-Norge"
"NINFP2510215550",1.52320143140049,0.26056444644928,89897,8,"meta_highrescanopyheight_orthophoto",0.5,"orthophoto_50cm_2025","Nord-Norge"
"NINFP2010025587",0.036970687597342,0.0111451521515846,8186,2,"meta_highrescanopyheight_orthophoto",0.5,"orthophoto_50cm_2025","Nord-Norge"
"NINFP2010034004",0.010098998696601,0.0100746005773544,13296,2,"meta_highrescanopyheight_orthophoto",0.5,"orthophoto_50cm_2025","Nord-Norge"
"NINFP2010024427",0.461364011672808,0.0104927783831954,40914,4,"meta_highrescanopyheight_orthophoto",0.5,"orthophoto_50cm_2025","Nord-Norge"
"NINFP2210082795",0.461197699831789,0.014652406796813,7559,2,"meta_highrescanopyheight_orthophoto",0.5,"orthophoto_50cm_2025","Nord-Norge"
"NINFP2210084905",4.33550857987411,3.94452476501465,5237,1,"meta_highrescanopyheight_orthophoto",0.5,"orthophoto_50cm_2025","Nord-Norge"
"NINFP2310134185",3.23747720798694,1.43522953987122,4287,2,"meta_highrescanopyheight_orthophoto",0.5,"orthophoto_50cm_2025","Nord-Norge"
"NINFP2310142175",1.54869704899895,0.0569147579371929,84473,8,"meta_highrescanopyheight_orthophoto",0.5,"orthophoto_50cm_2025","Nord-Norge"
"NINFP2410167725",0.141277664902299,0.0119119491428137,15440,3,"meta_highrescanopyheight_orthophoto",0.5,"orthophoto_50cm_2025","Nord-Norge"
"NINFP1810034575",0.444951655011831,0.0248441398143768,32911,3,"meta_highrescanopyheight_orthophoto",0.5,"orthophoto_50cm_2025","Nord-Norge"
"NINFP2410155932",0.0158092826889181,0.0107317105866969,1998,1,"meta_highrescanopyheight_orthophoto",0.5,"orthophoto_50cm_2025","Nord-Norge"
"NINFP2310139013",0.0171006097887618,0.0102129029110074,47493,4,"meta_highrescanopyheight_orthophoto",0.5,"orthophoto_50cm_2025","Nord-Norge"
"NINFP2410155540",0.12041442353281,0.0107243699021637,5834,2,"meta_highrescanopyheight_orthophoto",0.5,"orthophoto_50cm_2025","Nord-Norge"
"NINFP2010022195",0.502358808143761,0.0108955753967166,18181,2,"meta_highrescanopyheight_orthophoto",0.5,"orthophoto_50cm_2025","Nord-Norge"
"NINFP2410174296",0.206553194515513,0.0205515846610069,6421,2,"meta_highrescanopyheight_orthophoto",0.5,"orthophoto_50cm_2025","Nord-Norge"
"NINFP2010024582",1.05246507956859,0.311343729496002,8059,3,"meta_highrescanopyheight_orthophoto",0.5,"orthophoto_50cm_2025","Nord-Norge"
"NINFP2510197008",5.57816451576988,5.98007154464722,10001,2,"meta_highrescanopyheight_orthophoto",0.5,"orthophoto_50cm_2025","Nord-Norge"
"NINFP2310125328",0.257869041749325,0.0122117819264531,10114,1,"meta_highrescanopyheight_orthophoto",0.5,"orthophoto_50cm_2025","Nord-Norge"
"NINFP2210089584",0.110632072571799,0.0103219053708017,9542,2,"meta_highrescanopyheight_orthophoto",0.5,"orthophoto_50cm_2025","Nord-Norge"
"NINFP2510196939",0.321544681965034,0.020155057311058,5463,2,"meta_highrescanopyheight_orthophoto",0.5,"orthophoto_50cm_2025","Nord-Norge"
"NINFP2010037972",5.84833306860655,6.10524225234985,9310,3,"meta_highrescanopyheight_orthophoto",0.5,"orthophoto_50cm_2025","Nord-Norge"
"NINFP2410155664",0.0781447886109794,0.0101721808314323,31225,3,"meta_highrescanopyheight_orthophoto",0.5,"orthophoto_50cm_2025","Nord-Norge"
"NINFP1810026891",0.090633100692853,0.0101717719808221,201792,12,"meta_highrescanopyheight_orthophoto",0.5,"orthophoto_50cm_2025","Nord-Norge"
"NINFP2210103329",0.0473505997716361,0.0105583625845611,10104,2,"meta_highrescanopyheight_orthophoto",0.5,"orthophoto_50cm_2025","Nord-Norge"
"NINFP2310133264",0.895927666953155,0.0507536493241787,19473,4,"meta_highrescanopyheight_orthophoto",0.5,"orthophoto_50cm_2025","Nord-Norge"
"NINFP2010025746",1.81776036450621,0.52854984998703,5695,2,"meta_highrescanopyheight_orthophoto",0.5,"orthophoto_50cm_2025","Nord-Norge"
"NINFP1810033379",0.543161848193585,0.0400118865072727,16385,2,"meta_highrescanopyheight_orthophoto",0.5,"orthophoto_50cm_2025","Nord-Norge"
"NINFP2010030014",0.0102256667810654,0.010068834759295,1790,1,"meta_highrescanopyheight_orthophoto",0.5,"orthophoto_50cm_2025","Nord-Norge"
"NINFP2310136756",0.218028245489555,0.0105238663963974,27840,3,"meta_highrescanopyheight_orthophoto",0.5,"orthophoto_50cm_2025","Nord-Norge"
"NINFP2310132437",0.0278041647787792,0.0103517165407538,21545,2,"meta_highrescanopyheight_orthophoto",0.5,"orthophoto_50cm_2025","Nord-Norge"
"NINFP1810016079",0.0882935671949136,0.0102929323911667,68991,10,"meta_highrescanopyheight_orthophoto",0.5,"orthophoto_50cm_2025","Nord-Norge"
"NINFP2310125777",3.68105027561044,2.78861737251282,9360,2,"meta_highrescanopyheight_orthophoto",0.5,"orthophoto_50cm_2025","Nord-Norge"
"NINFP2310116371",0.0409492874561732,0.0100776869803667,42415,4,"meta_highrescanopyheight_orthophoto",0.5,"orthophoto_50cm_2025","Nord-Norge"
"NINFP2310132020",0.0288683058464937,0.0103297466412187,17019,5,"meta_highrescanopyheight_orthophoto",0.5,"orthophoto_50cm_2025","Nord-Norge"
"NINFP2010038366",1.84392889738029,0.448680192232132,4878,2,"meta_highrescanopyheight_orthophoto",0.5,"orthophoto_50cm_2025","Nord-Norge"
"NINFP1810034621",0.0102774320428367,0.0101277139037848,5117,1,"meta_highrescanopyheight_orthophoto",0.5,"orthophoto_50cm_2025","Nord-Norge"
"NINFP2310131971",0.751882753954999,0.0585257988423109,4530,1,"meta_highrescanopyheight_orthophoto",0.5,"orthophoto_50cm_2025","Nord-Norge"
"NINFP2010017729",0.752101687505689,0.0194505769759417,8012,1,"meta_highrescanopyheight_orthophoto",0.5,"orthophoto_50cm_2025","Nord-Norge"
"NINFP2210077651",0.0407074799498345,0.0102096321061254,5223,2,"meta_highrescanopyheight_orthophoto",0.5,"orthophoto_50cm_2025","Nord-Norge"
"NINFP2310136360",0.0806488866514519,0.0103450790047646,9531,4,"meta_highrescanopyheight_orthophoto",0.5,"orthophoto_50cm_2025","Nord-Norge"
"NINFP2010039025",0.593180937374302,0.1229487657547,2394,1,"meta_highrescanopyheight_orthophoto",0.5,"orthophoto_50cm_2025","Nord-Norge"
"NINFP1910033223",1.67575505555836,0.143493883311749,4886,3,"meta_highrescanopyheight_orthophoto",0.5,"orthophoto_50cm_2025","Nord-Norge"
"NINFP2210078062",0.0368892414945586,0.0101211024448276,133895,9,"meta_highrescanopyheight_orthophoto",0.5,"orthophoto_50cm_2025","Nord-Norge"
"NINFP2410160424",1.96843491229108,0.729366540908813,5810,2,"meta_highrescanopyheight_orthophoto",0.5,"orthophoto_50cm_2025","Nord-Norge"
"NINFP2210098825",4.57869905335687,3.93467545509338,15415,2,"meta_highrescanopyheight_orthophoto",0.5,"orthophoto_50cm_2025","Nord-Norge"
"NINFP2510199574",0.0267197196255372,0.0101653365418315,191652,7,"meta_highrescanopyheight_orthophoto",0.5,"orthophoto_50cm_2025","Nord-Norge"
"NINFP2210103492",0.0357498132170937,0.0105814221315086,88888,6,"meta_highrescanopyheight_orthophoto",0.5,"orthophoto_50cm_2025","Nord-Norge"
"NINFP2010023530",4.69631471911949,4.72429203987122,149834,6,"meta_highrescanopyheight_orthophoto",0.5,"orthophoto_50cm_2025","Nord-Norge"
"NINFP1810027238",1.08774879172573,0.044619545340538,293928,19,"meta_highrescanopyheight_orthophoto",0.5,"orthophoto_50cm_2025","Nord-Norge"
"NINFP2410173508",0.118583153461895,0.0111498599871993,22183,4,"meta_highrescanopyheight_orthophoto",0.5,"orthophoto_50cm_2025","Nord-Norge"
"NINFP1810036681",0.931800240318726,0.196060389280319,3865,1,"meta_highrescanopyheight_orthophoto",0.5,"orthophoto_50cm_2025","Nord-Norge"
"NINFP2410156033",0.514758885586814,0.016626613214612,21078,2,"meta_highrescanopyheight_orthophoto",0.5,"orthophoto_50cm_2025","Nord-Norge"
"NINFP2010012490",0.490057294405076,0.0103332241997123,65725,6,"meta_highrescanopyheight_orthophoto",0.5,"orthophoto_50cm_2025","Nord-Norge"
"NINFP2110053085",0.0116845065752977,0.0100631625391543,4296,2,"meta_highrescanopyheight_orthophoto",0.5,"orthophoto_50cm_2025","Nord-Norge"
"NINFP2310143860",0.272348251289397,0.0100730806589127,328494,14,"meta_highrescanopyheight_orthophoto",0.5,"orthophoto_50cm_2025","Nord-Norge"
"NINFP2410150331",0.0314232870607486,0.0101413065567613,287143,18,"meta_highrescanopyheight_orthophoto",0.5,"orthophoto_50cm_2025","Nord-Norge"
"NINFP2410172820",0.0147044332733019,0.0101818414404988,310781,12,"meta_highrescanopyheight_orthophoto",0.5,"orthophoto_50cm_2025","Nord-Norge"
"NINFP1810015556",0.13386695750509,0.0158802345395088,24246,4,"meta_highrescanopyheight_orthophoto",0.5,"orthophoto_50cm_2025","Nord-Norge"
"NINFP2010026592",0.373208763074228,0.0344475843012333,8986,2,"meta_highrescanopyheight_orthophoto",0.5,"orthophoto_50cm_2025","Nord-Norge"
"NINFP2210082749",1.16653426256047,0.0737018585205078,5337,2,"meta_highrescanopyheight_orthophoto",0.5,"orthophoto_50cm_2025","Nord-Norge"
"NINFP2510203185",0.0130759034011937,0.010382495354861,8620,3,"meta_highrescanopyheight_orthophoto",0.5,"orthophoto_50cm_2025","Nord-Norge"
"NINFP2110068608",3.24164981025574,2.00529265403748,7730,6,"meta_highrescanopyheight_orthophoto",0.5,"orthophoto_50cm_2025","Nord-Norge"
"NINFP1810021986",1.48913475806028,0.480220586061478,9753,1,"meta_highrescanopyheight_orthophoto",0.5,"orthophoto_50cm_2025","Nord-Norge"
"NINFP2310126543",0.238947336314834,0.0111096370965242,9711,4,"meta_highrescanopyheight_orthophoto",0.5,"orthophoto_50cm_2025","Nord-Norge"
"NINFP2010006101",0.286610202437635,0.0101944385096431,402415,14,"meta_highrescanopyheight_orthophoto",0.5,"orthophoto_50cm_2025","Nord-Norge"
"NINFP2510197686",0.239994392490188,0.0107573345303535,5023,2,"meta_highrescanopyheight_orthophoto",0.5,"orthophoto_50cm_2025","Nord-Norge"
"NINFP1810035169",2.38313266393224,2.02329289913177,54238,4,"meta_highrescanopyheight_orthophoto",0.5,"orthophoto_50cm_2025","Nord-Norge"
"NINFP2010014510",4.17060973938285,1.57029724121094,4150,1,"meta_highrescanopyheight_orthophoto",0.5,"orthophoto_50cm_2025","Nord-Norge"
"NINFP2310129656",0.442423634745435,0.0103414719924331,14185,3,"meta_highrescanopyheight_orthophoto",0.5,"orthophoto_50cm_2025","Nord-Norge"
"NINFP2110030682",0.0135960870379358,0.0101673305034637,71712,5,"meta_highrescanopyheight_orthophoto",0.5,"orthophoto_50cm_2025","Nord-Norge"
"NINFP2210105541",0.227368929548101,0.0121350307017565,7580,2,"meta_highrescanopyheight_orthophoto",0.5,"orthophoto_50cm_2025","Nord-Norge"
"NINFP1810036318",0.687196323365082,0.0400764793157578,134532,11,"meta_highrescanopyheight_orthophoto",0.5,"orthophoto_50cm_2025","Nord-Norge"
"NINFP2510218764",0.0409666756182321,0.010167695581913,57259,4,"meta_highrescanopyheight_orthophoto",0.5,"orthophoto_50cm_2025","Nord-Norge"
"NINFP2410174281",0.114602134311673,0.010350133292377,29912,4,"meta_highrescanopyheight_orthophoto",0.5,"orthophoto_50cm_2025","Nord-Norge"
"NINFP2210105610",3.09039429084744,1.62380588054657,8491,2,"meta_highrescanopyheight_orthophoto",0.5,"orthophoto_50cm_2025","Nord-Norge"
"NINFP2010021233",0.126890660989733,0.0111481607891619,106582,8,"meta_highrescanopyheight_orthophoto",0.5,"orthophoto_50cm_2025","Nord-Norge"
"NINFP1810033070",0.362462744404592,0.0168308271095157,23648,3,"meta_highrescanopyheight_orthophoto",0.5,"orthophoto_50cm_2025","Nord-Norge"
"NINFP1810038272",1.82461708884654,0.34000737965107,4168,3,"meta_highrescanopyheight_orthophoto",0.5,"orthophoto_50cm_2025","Nord-Norge"
"NINFP1910019888",0.0379961272475198,0.0102008199319243,9666,2,"meta_highrescanopyheight_orthophoto",0.5,"orthophoto_50cm_2025","Nord-Norge"
"NINFP2310125496",2.04827243558905,0.401509270071983,11902,1,"meta_highrescanopyheight_orthophoto",0.5,"orthophoto_50cm_2025","Nord-Norge"
"NINFP2510204465",0.0319967691579229,0.0111962035298347,32495,4,"meta_highrescanopyheight_orthophoto",0.5,"orthophoto_50cm_2025","Nord-Norge"
"NINFP2010029020",6.00448728248474,6.02339625358582,5882,1,"meta_highrescanopyheight_orthophoto",0.5,"orthophoto_50cm_2025","Nord-Norge"
"NINFP1810032703",1.15200822813547,0.0669321045279503,45699,2,"meta_highrescanopyheight_orthophoto",0.5,"orthophoto_50cm_2025","Nord-Norge"
"NINFP2510197488",0.210164371153007,0.0116611197590828,8058,2,"meta_highrescanopyheight_orthophoto",0.5,"orthophoto_50cm_2025","Nord-Norge"
"NINFP2010025345",0.117402310098681,0.0117840068414807,4147,3,"meta_highrescanopyheight_orthophoto",0.5,"orthophoto_50cm_2025","Nord-Norge"
"NINFP2010023038",0.397138675494661,0.01180813414976,7202,3,"meta_highrescanopyheight_orthophoto",0.5,"orthophoto_50cm_2025","Nord-Norge"
"NINFP2410174787",0.0403454874339671,0.0102572585456073,6508,2,"meta_highrescanopyheight_orthophoto",0.5,"orthophoto_50cm_2025","Nord-Norge"
"NINFP2010039039",0.0525014164716424,0.0113155348226428,6968,2,"meta_highrescanopyheight_orthophoto",0.5,"orthophoto_50cm_2025","Nord-Norge"
"NINFP2010029703",0.0209324878780354,0.0102692004293203,9927,2,"meta_highrescanopyheight_orthophoto",0.5,"orthophoto_50cm_2025","Nord-Norge"
"NINFP2510188799",0.187648868085143,0.0101127126254141,55300,3,"meta_highrescanopyheight_orthophoto",0.5,"orthophoto_50cm_2025","Nord-Norge"
"NINFP2510195263",5.17105635526774,5.43923735618591,66062,5,"meta_highrescanopyheight_orthophoto",0.5,"orthophoto_50cm_2025","Nord-Norge"
"NINFP2010026289",0.110124820666764,0.0116404881700873,57422,4,"meta_highrescanopyheight_orthophoto",0.5,"orthophoto_50cm_2025","Nord-Norge"
"NINFP2210103681",4.71121383511229,5.4875807762146,5385,2,"meta_highrescanopyheight_orthophoto",0.5,"orthophoto_50cm_2025","Nord-Norge"
"NINFP2110022314",0.0774157307977271,0.0103106219321489,47013,5,"meta_highrescanopyheight_orthophoto",0.5,"orthophoto_50cm_2025","Nord-Norge"
"NINFP1810040927",2.01679179886212,0.487189412117004,174775,9,"meta_highrescanopyheight_orthophoto",0.5,"orthophoto_50cm_2025","Nord-Norge"
"NINFP2510204811",1.12654818324662,0.167207956314087,8825,2,"meta_highrescanopyheight_orthophoto",0.5,"orthophoto_50cm_2025","Nord-Norge"
"NINFP2210076445",0.0105011743439123,0.010106710717082,18041,3,"meta_highrescanopyheight_orthophoto",0.5,"orthophoto_50cm_2025","Nord-Norge"
"NINFP2310136864",0.0598733122047404,0.0102885570377111,37894,4,"meta_highrescanopyheight_orthophoto",0.5,"orthophoto_50cm_2025","Nord-Norge"
"NINFP2510206031",0.0550726047578137,0.013462845236063,161331,7,"meta_highrescanopyheight_orthophoto",0.5,"orthophoto_50cm_2025","Nord-Norge"
"NINFP2010028813",0.0127535408958331,0.010086833499372,21451,3,"meta_highrescanopyheight_orthophoto",0.5,"orthophoto_50cm_2025","Nord-Norge"
"NINFP2310133161",0.795936690073528,0.0956923998892307,16752,3,"meta_highrescanopyheight_orthophoto",0.5,"orthophoto_50cm_2025","Nord-Norge"
"NINFP2210107140",0.0771479735239137,0.0103552923537791,8088,2,"meta_highrescanopyheight_orthophoto",0.5,"orthophoto_50cm_2025","Nord-Norge"
"NINFP2410154793",0.0503046153681791,0.0105486819520593,7201,1,"meta_highrescanopyheight_orthophoto",0.5,"orthophoto_50cm_2025","Nord-Norge"
"NINFP2210098787",0.0142102598269336,0.010096344165504,43808,4,"meta_highrescanopyheight_orthophoto",0.5,"orthophoto_50cm_2025","Nord-Norge"
"NINFP2410171818",0.0101852866928613,0.010138938203454,49975,6,"meta_highrescanopyheight_orthophoto",0.5,"orthophoto_50cm_2025","Nord-Norge"
"NINFP2010023505",0.061758037269643,0.0100902337580919,29261,4,"meta_highrescanopyheight_orthophoto",0.5,"orthophoto_50cm_2025","Nord-Norge"
"NINFP2310131154",0.0121649751208847,0.0101636801846325,10078,2,"meta_highrescanopyheight_orthophoto",0.5,"orthophoto_50cm_2025","Nord-Norge"
"NINFP1810034046",0.46395056823394,0.0168439978733659,41238,4,"meta_highrescanopyheight_orthophoto",0.5,"orthophoto_50cm_2025","Nord-Norge"
"NINFP2110021433",0.31248468888018,0.0110134445130825,4865,1,"meta_highrescanopyheight_orthophoto",0.5,"orthophoto_50cm_2025","Nord-Norge"
"NINFP2410155923",0.0151207995423774,0.0103651001118124,5192,2,"meta_highrescanopyheight_orthophoto",0.5,"orthophoto_50cm_2025","Nord-Norge"
"NINFP1910019825",0.815014633435744,0.0162339005619287,4131,1,"meta_highrescanopyheight_orthophoto",0.5,"orthophoto_50cm_2025","Nord-Norge"
"NINFP2310142547",1.82605798293385,0.643881469964981,4644,2,"meta_highrescanopyheight_orthophoto",0.5,"orthophoto_50cm_2025","Nord-Norge"
"NINFP2110019446",0.139212255688265,0.0104096727445722,15127,2,"meta_highrescanopyheight_orthophoto",0.5,"orthophoto_50cm_2025","Nord-Norge"
"NINFP2510186944",0.0107559019761915,0.0100883208215237,89567,8,"meta_highrescanopyheight_orthophoto",0.5,"orthophoto_50cm_2025","Nord-Norge"
"NINFP2410167533",0.109640545410371,0.0104021783918142,76409,5,"meta_highrescanopyheight_orthophoto",0.5,"orthophoto_50cm_2025","Nord-Norge"
"NINFP2210092510",0.111870291161366,0.0106017962098122,41009,4,"meta_highrescanopyheight_orthophoto",0.5,"orthophoto_50cm_2025","Nord-Norge"
"NINFP2010011213",6.29250860193997,7.13210678100586,4570,1,"meta_highrescanopyheight_orthophoto",0.5,"orthophoto_50cm_2025","Nord-Norge"
"NINFP2210105243",0.344914507383427,0.0157127194106579,5909,2,"meta_highrescanopyheight_orthophoto",0.5,"orthophoto_50cm_2025","Nord-Norge"
"NINFP2510209330",0.0105766932052582,0.0101503925397992,6155,2,"meta_highrescanopyheight_orthophoto",0.5,"orthophoto_50cm_2025","Nord-Norge"
"NINFP1810032851",0.0885338300317452,0.0101992590352893,22154,2,"meta_highrescanopyheight_orthophoto",0.5,"orthophoto_50cm_2025","Nord-Norge"
"NINFP2310135786",0.297868772215471,0.0125074684619904,5390,4,"meta_highrescanopyheight_orthophoto",0.5,"orthophoto_50cm_2025","Nord-Norge"
"NINFP1810028501",0.0104552196153175,0.010077812243253,7818,2,"meta_highrescanopyheight_orthophoto",0.5,"orthophoto_50cm_2025","Nord-Norge"
"NINFP2010011900",0.379585683160181,0.0110824583098292,47235,5,"meta_highrescanopyheight_orthophoto",0.5,"orthophoto_50cm_2025","Nord-Norge"
"NINFP2410157357",0.0254978473325325,0.0102834310382605,15480,2,"meta_highrescanopyheight_orthophoto",0.5,"orthophoto_50cm_2025","Nord-Norge"
"NINFP2210076455",0.013503410081757,0.0100812185555696,151611,9,"meta_highrescanopyheight_orthophoto",0.5,"orthophoto_50cm_2025","Nord-Norge"
"NINFP2210076254",0.0227735181054276,0.0102621675468981,13662,5,"meta_highrescanopyheight_orthophoto",0.5,"orthophoto_50cm_2025","Nord-Norge"
"NINFP2410156326",1.28006803160185,0.476089611649513,11012,1,"meta_highrescanopyheight_orthophoto",0.5,"orthophoto_50cm_2025","Nord-Norge"
"NINFP2010023686",0.280323857905588,0.0112833827733994,15835,2,"meta_highrescanopyheight_orthophoto",0.5,"orthophoto_50cm_2025","Nord-Norge"
"NINFP2310136752",0.0265350339984162,0.0102136414498091,9587,3,"meta_highrescanopyheight_orthophoto",0.5,"orthophoto_50cm_2025","Nord-Norge"
"NINFP2110026397",0.0180099675289812,0.0101970601826906,23015,4,"meta_highrescanopyheight_orthophoto",0.5,"orthophoto_50cm_2025","Nord-Norge"
"NINFP2410162284",0.0788576817022925,0.0110111800022423,7240,2,"meta_highrescanopyheight_orthophoto",0.5,"orthophoto_50cm_2025","Nord-Norge"
"NINFP1810030743",0.200904102985126,0.0106879994273186,94369,6,"meta_highrescanopyheight_orthophoto",0.5,"orthophoto_50cm_2025","Nord-Norge"
"NINFP2110038352",5.58002822122845,6.15291261672974,7458,2,"meta_highrescanopyheight_orthophoto",0.5,"orthophoto_50cm_2025","Nord-Norge"
"NINFP2010027567",0.0783600185853238,0.0106037119403481,50675,5,"meta_highrescanopyheight_orthophoto",0.5,"orthophoto_50cm_2025","Nord-Norge"
"NINFP2110022130",0.172927543454347,0.0108160311356187,3455,2,"meta_highrescanopyheight_orthophoto",0.5,"orthophoto_50cm_2025","Nord-Norge"
"NINFP2510197169",0.669570625830772,0.029986372217536,10818,1,"meta_highrescanopyheight_orthophoto",0.5,"orthophoto_50cm_2025","Nord-Norge"
"NINFP1910032799",0.500296547431069,0.0163420597091317,49684,5,"meta_highrescanopyheight_orthophoto",0.5,"orthophoto_50cm_2025","Nord-Norge"
"NINFP2010026854",0.231547659709562,0.0116883362643421,23290,4,"meta_highrescanopyheight_orthophoto",0.5,"orthophoto_50cm_2025","Nord-Norge"
"NINFP2210089524",0.0977788613842497,0.0106537630781531,10757,3,"meta_highrescanopyheight_orthophoto",0.5,"orthophoto_50cm_2025","Nord-Norge"
"NINFP2210076511",0.010303238444926,0.0101402881555259,15014,4,"meta_highrescanopyheight_orthophoto",0.5,"orthophoto_50cm_2025","Nord-Norge"
"NINFP2010016123",0.0824770497358211,0.0100853499025106,31733,4,"meta_highrescanopyheight_orthophoto",0.5,"orthophoto_50cm_2025","Nord-Norge"
"NINFP2310134156",3.326092662247,2.50469017028809,8324,3,"meta_highrescanopyheight_orthophoto",0.5,"orthophoto_50cm_2025","Nord-Norge"
"NINFP2410173069",1.34672748930607,0.442283272743225,15643,2,"meta_highrescanopyheight_orthophoto",0.5,"orthophoto_50cm_2025","Nord-Norge"
"NINFP2010029818",0.0507753333708903,0.0111870132386684,4995,2,"meta_highrescanopyheight_orthophoto",0.5,"orthophoto_50cm_2025","Nord-Norge"
"NINFP2510201996",0.030628753258995,0.0102424388751388,24568,2,"meta_highrescanopyheight_orthophoto",0.5,"orthophoto_50cm_2025","Nord-Norge"
"NINFP2110030764",0.0100427484609434,0.0100411791354418,57787,4,"meta_highrescanopyheight_orthophoto",0.5,"orthophoto_50cm_2025","Nord-Norge"
"NINFP1810018824",0.113877817165756,0.0104201724752784,58382,4,"meta_highrescanopyheight_orthophoto",0.5,"orthophoto_50cm_2025","Nord-Norge"
"NINFP2310130910",0.0995371179968913,0.0106775034219027,4073,1,"meta_highrescanopyheight_orthophoto",0.5,"orthophoto_50cm_2025","Nord-Norge"
"NINFP1810035815",0.0262602335612849,0.0101584102958441,132999,11,"meta_highrescanopyheight_orthophoto",0.5,"orthophoto_50cm_2025","Nord-Norge"
"NINFP1810025856",0.082312879166901,0.0103263631463051,60287,4,"meta_highrescanopyheight_orthophoto",0.5,"orthophoto_50cm_2025","Nord-Norge"
"NINFP2010014082",3.9744272437489,2.99740040302277,10474,3,"meta_highrescanopyheight_orthophoto",0.5,"orthophoto_50cm_2025","Nord-Norge"
"NINFP2510185408",0.0111127149028432,0.0101050678640604,37879,5,"meta_highrescanopyheight_orthophoto",0.5,"orthophoto_50cm_2025","Nord-Norge"
"NINFP2410151645",0.0158400350113395,0.0101186805404723,99262,8,"meta_highrescanopyheight_orthophoto",0.5,"orthophoto_50cm_2025","Nord-Norge"
"NINFP2010016400",0.0370429039148072,0.0101263248361647,143236,9,"meta_highrescanopyheight_orthophoto",0.5,"orthophoto_50cm_2025","Nord-Norge"
"NINFP2110023831",1.54414971287256,0.419852018356323,6231,2,"meta_highrescanopyheight_orthophoto",0.5,"orthophoto_50cm_2025","Nord-Norge"
"NINFP2210099113",0.282241949641442,0.010513111948967,15059,2,"meta_highrescanopyheight_orthophoto",0.5,"orthophoto_50cm_2025","Nord-Norge"
"NINFP1910018467",0.0117706656754695,0.0101096290163696,12534,2,"meta_highrescanopyheight_orthophoto",0.5,"orthophoto_50cm_2025","Nord-Norge"
"NINFP1810011933",3.55501671235554,2.95338106155396,4646,2,"meta_highrescanopyheight_orthophoto",0.5,"orthophoto_50cm_2025","Nord-Norge"
"NINFP2510200577",0.0101144640986843,0.0100963772274554,29292,4,"meta_highrescanopyheight_orthophoto",0.5,"orthophoto_50cm_2025","Nord-Norge"
"NINFP2310143343",0.214584182059072,0.0115742771886289,424176,20,"meta_highrescanopyheight_orthophoto",0.5,"orthophoto_50cm_2025","Nord-Norge"
"NINFP2310140113",0.119691849469185,0.0114247482270002,7982,2,"meta_highrescanopyheight_orthophoto",0.5,"orthophoto_50cm_2025","Nord-Norge"
"NINFP2410163609",3.92109600884917,3.86963391304016,23098,4,"meta_highrescanopyheight_orthophoto",0.5,"orthophoto_50cm_2025","Nord-Norge"
"NINFP2010028685",0.160074574814892,0.0106969336047769,41007,5,"meta_highrescanopyheight_orthophoto",0.5,"orthophoto_50cm_2025","Nord-Norge"
"NINFP2210107570",0.0419205508596145,0.0101835317909718,28679,4,"meta_highrescanopyheight_orthophoto",0.5,"orthophoto_50cm_2025","Nord-Norge"
"NINFP2110033654",0.0100705636569935,0.010069371201098,4359,2,"meta_highrescanopyheight_orthophoto",0.5,"orthophoto_50cm_2025","Nord-Norge"
"NINFP2510200528",0.50108948109757,0.011023729108274,45940,6,"meta_highrescanopyheight_orthophoto",0.5,"orthophoto_50cm_2025","Nord-Norge"
"NINFP2510211336",0.0206919255038126,0.0105298482812941,4598,1,"meta_highrescanopyheight_orthophoto",0.5,"orthophoto_50cm_2025","Nord-Norge"
"NINFP2010016424",0.0123249124124341,0.0101200081408024,4449,1,"meta_highrescanopyheight_orthophoto",0.5,"orthophoto_50cm_2025","Nord-Norge"
"NINFP1810027251",0.214892763320668,0.0119821215048432,54354,7,"meta_highrescanopyheight_orthophoto",0.5,"orthophoto_50cm_2025","Nord-Norge"
"NINFP1810032849",0.211250724456152,0.0102389976382256,48660,4,"meta_highrescanopyheight_orthophoto",0.5,"orthophoto_50cm_2025","Nord-Norge"
"NINFP2310133178",3.75726555166498,3.88714385032654,513456,24,"meta_highrescanopyheight_orthophoto",0.5,"orthophoto_50cm_2025","Nord-Norge"
"NINFP2510202467",0.153851282537703,0.0126681001856923,10679,3,"meta_highrescanopyheight_orthophoto",0.5,"orthophoto_50cm_2025","Nord-Norge"
"NINFP2110018807",0.402147531532365,0.0153807634487748,7989,2,"meta_highrescanopyheight_orthophoto",0.5,"orthophoto_50cm_2025","Nord-Norge"
"NINFP1910030330",0.606243181480773,0.0390065684914589,4629,2,"meta_highrescanopyheight_orthophoto",0.5,"orthophoto_50cm_2025","Nord-Norge"
"NINFP2310131805",0.0101025484315193,0.0100621236488223,58630,5,"meta_highrescanopyheight_orthophoto",0.5,"orthophoto_50cm_2025","Nord-Norge"
"NINFP2010055740",0.0273931445529369,0.010131387040019,40245,4,"meta_highrescanopyheight_orthophoto",0.5,"orthophoto_50cm_2025","Nord-Norge"
"NINFP1910031333",0.0428519565143402,0.0102556883357465,6796,2,"meta_highrescanopyheight_orthophoto",0.5,"orthophoto_50cm_2025","Nord-Norge"
"NINFP2010022187",0.765700586827879,0.0158350272104144,21058,3,"meta_highrescanopyheight_orthophoto",0.5,"orthophoto_50cm_2025","Nord-Norge"
"NINFP2010017529",0.01380703521772,0.0101124276407063,12126,2,"meta_highrescanopyheight_orthophoto",0.5,"orthophoto_50cm_2025","Nord-Norge"
"NINFP2310130033",2.20702309868015,0.956641972064972,27760,5,"meta_highrescanopyheight_orthophoto",0.5,"orthophoto_50cm_2025","Nord-Norge"
"NINFP2310138725",0.041992744513028,0.0102285887114704,16284,1,"meta_highrescanopyheight_orthophoto",0.5,"orthophoto_50cm_2025","Nord-Norge"
"NINFP2310126106",0.18174657280533,0.011525490321219,4875,2,"meta_highrescanopyheight_orthophoto",0.5,"orthophoto_50cm_2025","Nord-Norge"
"NINFP1810025373",0.0834522566257271,0.0104416906833649,12448,2,"meta_highrescanopyheight_orthophoto",0.5,"orthophoto_50cm_2025","Nord-Norge"
"NINFP2010014248",0.583081859311964,0.0106177795678377,22927,2,"meta_highrescanopyheight_orthophoto",0.5,"orthophoto_50cm_2025","Nord-Norge"
"NINFP2210111517",0.0103577606799867,0.0100520448759198,41429,3,"meta_highrescanopyheight_orthophoto",0.5,"orthophoto_50cm_2025","Nord-Norge"
"NINFP2010024607",0.0641505895938205,0.0100832283496857,690523,30,"meta_highrescanopyheight_orthophoto",0.5,"orthophoto_50cm_2025","Nord-Norge"
"NINFP2510198110",0.0122739200893941,0.01006298372522,15008,2,"meta_highrescanopyheight_orthophoto",0.5,"orthophoto_50cm_2025","Nord-Norge"
"NINFP2110020760",0.33884681291352,0.0213571060448885,7908,4,"meta_highrescanopyheight_orthophoto",0.5,"orthophoto_50cm_2025","Nord-Norge"
"NINFP1910031650",0.575389434343719,0.0290034357458353,4801,2,"meta_highrescanopyheight_orthophoto",0.5,"orthophoto_50cm_2025","Nord-Norge"
"NINFP1810027256",0.214892763320668,0.0119821215048432,54354,7,"meta_highrescanopyheight_orthophoto",0.5,"orthophoto_50cm_2025","Nord-Norge"
"NINFP2110023409",0.0295171559997359,0.010632710531354,4165,1,"meta_highrescanopyheight_orthophoto",0.5,"orthophoto_50cm_2025","Nord-Norge"
"NINFP2510211169",0.0100354560701511,0.0100284423679113,55888,5,"meta_highrescanopyheight_orthophoto",0.5,"orthophoto_50cm_2025","Nord-Norge"
"NINFP1810033384",0.23551851304253,0.0145128481090069,4051,2,"meta_highrescanopyheight_orthophoto",0.5,"orthophoto_50cm_2025","Nord-Norge"
"NINFP2010017525",1.48872829681188,0.752002656459808,11726,2,"meta_highrescanopyheight_orthophoto",0.5,"orthophoto_50cm_2025","Nord-Norge"
"NINFP1810030765",0.0570320050870847,0.0103242136538029,47211,3,"meta_highrescanopyheight_orthophoto",0.5,"orthophoto_50cm_2025","Nord-Norge"
"NINFP2110026395",0.141391320521331,0.0103139895945787,97395,6,"meta_highrescanopyheight_orthophoto",0.5,"orthophoto_50cm_2025","Nord-Norge"
"NINFP2110021762",0.487934406081238,0.0188982076942921,11768,4,"meta_highrescanopyheight_orthophoto",0.5,"orthophoto_50cm_2025","Nord-Norge"
"NINFP1910033224",0.134663972504739,0.0108516179025173,15599,3,"meta_highrescanopyheight_orthophoto",0.5,"orthophoto_50cm_2025","Nord-Norge"
"NINFP1810030763",0.0955200629933581,0.0102828200906515,294506,17,"meta_highrescanopyheight_orthophoto",0.5,"orthophoto_50cm_2025","Nord-Norge"
"NINFP2110033155",0.0342266487835013,0.0100383851677179,19048,3,"meta_highrescanopyheight_orthophoto",0.5,"orthophoto_50cm_2025","Nord-Norge"
"NINFP2310131816",0.0307024355122827,0.0103008234873414,58299,5,"meta_highrescanopyheight_orthophoto",0.5,"orthophoto_50cm_2025","Nord-Norge"
"NINFP2210091805",0.02311582735395,0.0108290058560669,5772,2,"meta_highrescanopyheight_orthophoto",0.5,"orthophoto_50cm_2025","Nord-Norge"
"NINFP2510197829",0.307944940395437,0.0113739110529423,19071,2,"meta_highrescanopyheight_orthophoto",0.5,"orthophoto_50cm_2025","Nord-Norge"
"NINFP2210107541",0.0498597648532124,0.0102739692665637,55446,4,"meta_highrescanopyheight_orthophoto",0.5,"orthophoto_50cm_2025","Nord-Norge"
"NINFP2210088361",7.03461423511662,7.5790491104126,4524,2,"meta_highrescanopyheight_orthophoto",0.5,"orthophoto_50cm_2025","Nord-Norge"
"NINFP2510207858",0.0188747951735143,0.0103787034749985,9767,3,"meta_highrescanopyheight_orthophoto",0.5,"orthophoto_50cm_2025","Nord-Norge"
"NINFP2210106204",0.0194706148486926,0.0101442467421293,29950,3,"meta_highrescanopyheight_orthophoto",0.5,"orthophoto_50cm_2025","Nord-Norge"
"NINFP2110049994",0.0655018091713735,0.0115407058037817,4748,2,"meta_highrescanopyheight_orthophoto",0.5,"orthophoto_50cm_2025","Nord-Norge"
"NINFP2510210460",6.63536331911451,7.03315877914429,14878,1,"meta_highrescanopyheight_orthophoto",0.5,"orthophoto_50cm_2025","Nord-Norge"
"NINFP2310136783",0.0104042661579419,0.0102417091839015,11050,2,"meta_highrescanopyheight_orthophoto",0.5,"orthophoto_50cm_2025","Nord-Norge"
"NINFP2310132338",0.0326146168216281,0.0101302918046713,138722,11,"meta_highrescanopyheight_orthophoto",0.5,"orthophoto_50cm_2025","Nord-Norge"
"NINFP2410172808",0.0343876055099181,0.0102640339173377,38942,3,"meta_highrescanopyheight_orthophoto",0.5,"orthophoto_50cm_2025","Nord-Norge"
"NINFP2310135792",1.81266932094667,0.609648466110229,10847,2,"meta_highrescanopyheight_orthophoto",0.5,"orthophoto_50cm_2025","Nord-Norge"
"NINFP2310121955",0.0278835945348604,0.0102950776927173,58944,6,"meta_highrescanopyheight_orthophoto",0.5,"orthophoto_50cm_2025","Nord-Norge"
"NINFP2310134261",0.433224639313986,0.0511346571147442,4258,4,"meta_highrescanopyheight_orthophoto",0.5,"orthophoto_50cm_2025","Nord-Norge"
"NINFP2210113764",0.134676143470085,0.0101954797282815,42522,5,"meta_highrescanopyheight_orthophoto",0.5,"orthophoto_50cm_2025","Nord-Norge"
"NINFP2010029819",0.43292733531835,0.0172168724238873,89945,6,"meta_highrescanopyheight_orthophoto",0.5,"orthophoto_50cm_2025","Nord-Norge"
"NINFP1910016680",1.33620176441361,0.0840765237808228,7740,2,"meta_highrescanopyheight_orthophoto",0.5,"orthophoto_50cm_2025","Nord-Norge"
"NINFP2410174470",0.0847702127983044,0.0142284110188484,2784,1,"meta_highrescanopyheight_orthophoto",0.5,"orthophoto_50cm_2025","Nord-Norge"
"NINFP1810035526",0.159598010264062,0.0108668003231287,60875,6,"meta_highrescanopyheight_orthophoto",0.5,"orthophoto_50cm_2025","Nord-Norge"
"NINFP2410155466",1.63293823905051,0.771924495697021,4545,1,"meta_highrescanopyheight_orthophoto",0.5,"orthophoto_50cm_2025","Nord-Norge"
"NINFP2510198864",1.68948834825256,0.44850854575634,22764,2,"meta_highrescanopyheight_orthophoto",0.5,"orthophoto_50cm_2025","Nord-Norge"
"NINFP2510197146",0.0230207940712698,0.0103068016469479,10591,2,"meta_highrescanopyheight_orthophoto",0.5,"orthophoto_50cm_2025","Nord-Norge"
"NINFP2010025023",0.0862609892825301,0.0106917312368751,4219,1,"meta_highrescanopyheight_orthophoto",0.5,"orthophoto_50cm_2025","Nord-Norge"
"NINFP2410156114",0.0100469154952162,0.0100437551736832,7845,1,"meta_highrescanopyheight_orthophoto",0.5,"orthophoto_50cm_2025","Nord-Norge"
"NINFP2110020397",1.70858787514549,0.0966409295797348,10891,2,"meta_highrescanopyheight_orthophoto",0.5,"orthophoto_50cm_2025","Nord-Norge"
"NINFP2210099124",0.367590844564594,0.0112886182032526,17074,4,"meta_highrescanopyheight_orthophoto",0.5,"orthophoto_50cm_2025","Nord-Norge"
"NINFP2410157518",3.61804829269654,2.80801153182983,10044,4,"meta_highrescanopyheight_orthophoto",0.5,"orthophoto_50cm_2025","Nord-Norge"
"NINFP1910025169",0.015920290605877,0.0102766752243042,13253,1,"meta_highrescanopyheight_orthophoto",0.5,"orthophoto_50cm_2025","Nord-Norge"
"NINFP2410173985",0.124335330211471,0.010805482044816,17617,2,"meta_highrescanopyheight_orthophoto",0.5,"orthophoto_50cm_2025","Nord-Norge"
"NINFP2410155589",0.304228934719722,0.0118706370703876,8110,2,"meta_highrescanopyheight_orthophoto",0.5,"orthophoto_50cm_2025","Nord-Norge"
"NINFP2210081175",0.0100499932851944,0.0100324712693691,4479,1,"meta_highrescanopyheight_orthophoto",0.5,"orthophoto_50cm_2025","Nord-Norge"
"NINFP2010025288",0.964342160099146,0.0107722259126604,11282,2,"meta_highrescanopyheight_orthophoto",0.5,"orthophoto_50cm_2025","Nord-Norge"
"NINFP1910019864",0.149143351995864,0.0102435415610671,8704,1,"meta_highrescanopyheight_orthophoto",0.5,"orthophoto_50cm_2025","Nord-Norge"
"NINFP1810034459",0.0105324830007503,0.0100789265707135,4779,1,"meta_highrescanopyheight_orthophoto",0.5,"orthophoto_50cm_2025","Nord-Norge"
"NINFP2010007063",1.48880891391935,0.0105891469866037,308815,13,"meta_highrescanopyheight_orthophoto",0.5,"orthophoto_50cm_2025","Nord-Norge"
"NINFP1910025828",0.541796288799954,0.0136292157694697,8827,1,"meta_highrescanopyheight_orthophoto",0.5,"orthophoto_50cm_2025","Nord-Norge"
"NINFP1910029322",0.161663856250672,0.0102096269838512,51742,4,"meta_highrescanopyheight_orthophoto",0.5,"orthophoto_50cm_2025","Nord-Norge"
"NINFP2310128848",0.318730486728349,0.0167853925377131,4731,2,"meta_highrescanopyheight_orthophoto",0.5,"orthophoto_50cm_2025","Nord-Norge"
"NINFP2510188549",0.0100440759607002,0.0100375134497881,15939,2,"meta_highrescanopyheight_orthophoto",0.5,"orthophoto_50cm_2025","Nord-Norge"
"NINFP2210076251",0.0101422408151568,0.0101075414568186,22388,4,"meta_highrescanopyheight_orthophoto",0.5,"orthophoto_50cm_2025","Nord-Norge"
"NINFP1810035534",1.49467041399006,0.476231098175049,12469,3,"meta_highrescanopyheight_orthophoto",0.5,"orthophoto_50cm_2025","Nord-Norge"
"NINFP2110020754",0.501232002459608,0.014869449660182,36323,5,"meta_highrescanopyheight_orthophoto",0.5,"orthophoto_50cm_2025","Nord-Norge"
"NINFP2210104947",0.0977668095562219,0.0109459441155195,7291,2,"meta_highrescanopyheight_orthophoto",0.5,"orthophoto_50cm_2025","Nord-Norge"
"NINFP2010026651",2.11435927810723,0.966690927743912,11680,5,"meta_highrescanopyheight_orthophoto",0.5,"orthophoto_50cm_2025","Nord-Norge"
"NINFP2210083637",0.108528971494917,0.0107275587506592,13270,3,"meta_highrescanopyheight_orthophoto",0.5,"orthophoto_50cm_2025","Nord-Norge"
"NINFP2410149589",0.0564256982061112,0.0103420806117356,89000,7,"meta_highrescanopyheight_orthophoto",0.5,"orthophoto_50cm_2025","Nord-Norge"
"NINFP2010013731",0.25878801440255,0.0104025388136506,35499,4,"meta_highrescanopyheight_orthophoto",0.5,"orthophoto_50cm_2025","Nord-Norge"
"NINFP2310136754",0.294339985682101,0.0143210180103779,8181,3,"meta_highrescanopyheight_orthophoto",0.5,"orthophoto_50cm_2025","Nord-Norge"
"NINFP2310123581",0.0253211253782403,0.0103223118931055,8733,2,"meta_highrescanopyheight_orthophoto",0.5,"orthophoto_50cm_2025","Nord-Norge"
"NINFP2410156088",0.0992065264819225,0.0108048329129815,5585,2,"meta_highrescanopyheight_orthophoto",0.5,"orthophoto_50cm_2025","Nord-Norge"
"NINFP1910026812",0.0524680604619536,0.0102038444019854,16442,2,"meta_highrescanopyheight_orthophoto",0.5,"orthophoto_50cm_2025","Nord-Norge"
"NINFP1810027989",0.875471784917396,0.132656797766685,133483,11,"meta_highrescanopyheight_orthophoto",0.5,"orthophoto_50cm_2025","Nord-Norge"
"NINFP1810029769",0.475078319024329,0.0236271666362882,7826,1,"meta_highrescanopyheight_orthophoto",0.5,"orthophoto_50cm_2025","Nord-Norge"
"NINFP2510209311",0.100757448845831,0.0109082828275859,10434,2,"meta_highrescanopyheight_orthophoto",0.5,"orthophoto_50cm_2025","Nord-Norge"
"NINFP2310136723",0.222808489732695,0.011208554264158,12480,2,"meta_highrescanopyheight_orthophoto",0.5,"orthophoto_50cm_2025","Nord-Norge"
"NINFP2210077918",0.0133359171443899,0.0100880246609449,62695,4,"meta_highrescanopyheight_orthophoto",0.5,"orthophoto_50cm_2025","Nord-Norge"
"NINFP2310142463",1.54714830670527,0.384731382131577,17344,3,"meta_highrescanopyheight_orthophoto",0.5,"orthophoto_50cm_2025","Nord-Norge"
"NINFP2110019401",0.0304759130178307,0.0103817144408822,23317,2,"meta_highrescanopyheight_orthophoto",0.5,"orthophoto_50cm_2025","Nord-Norge"
"NINFP2010021664",0.321309849138835,0.0106355724856257,115707,8,"meta_highrescanopyheight_orthophoto",0.5,"orthophoto_50cm_2025","Nord-Norge"
"NINFP2410174280",0.335328074647356,0.0104181412607431,30408,2,"meta_highrescanopyheight_orthophoto",0.5,"orthophoto_50cm_2025","Nord-Norge"
"NINFP1910010866",4.12219576580097,3.96155595779419,6177,2,"meta_highrescanopyheight_orthophoto",0.5,"orthophoto_50cm_2025","Nord-Norge"
"NINFP2210098046",0.012209145102321,0.0103789130225778,4032,2,"meta_highrescanopyheight_orthophoto",0.5,"orthophoto_50cm_2025","Nord-Norge"
"NINFP1810037348",7.22595265507698,8.00080728530884,78,1,"meta_highrescanopyheight_orthophoto",0.5,"orthophoto_50cm_2025","Nord-Norge"
"NINFP2410174789",0.0528503654428964,0.0103421229869127,55284,6,"meta_highrescanopyheight_orthophoto",0.5,"orthophoto_50cm_2025","Nord-Norge"
"NINFP2010021165",0.0103828708925251,0.0101627008989453,9870,1,"meta_highrescanopyheight_orthophoto",0.5,"orthophoto_50cm_2025","Nord-Norge"
"NINFP2410177498",0.0167664621963075,0.0103403069078922,8837,2,"meta_highrescanopyheight_orthophoto",0.5,"orthophoto_50cm_2025","Nord-Norge"
"NINFP2110026328",0.540936239881471,0.0128252725116909,8740,2,"meta_highrescanopyheight_orthophoto",0.5,"orthophoto_50cm_2025","Nord-Norge"
"NINFP2210099840",0.0191399735234177,0.0102511290460825,253442,14,"meta_highrescanopyheight_orthophoto",0.5,"orthophoto_50cm_2025","Nord-Norge"
"NINFP2010038739",0.222266700450177,0.0121509665623307,15555,3,"meta_highrescanopyheight_orthophoto",0.5,"orthophoto_50cm_2025","Nord-Norge"
"NINFP2310143852",0.0919941882896361,0.010208023712039,122932,7,"meta_highrescanopyheight_orthophoto",0.5,"orthophoto_50cm_2025","Nord-Norge"
"NINFP2010023482",0.0119508173020857,0.0100579801946878,192642,6,"meta_highrescanopyheight_orthophoto",0.5,"orthophoto_50cm_2025","Nord-Norge"
"NINFP2310133674",0.172342388854139,0.0102467099204659,6728,1,"meta_highrescanopyheight_orthophoto",0.5,"orthophoto_50cm_2025","Nord-Norge"
"NINFP2310142107",0.367460527932987,0.0276364600285888,12258,2,"meta_highrescanopyheight_orthophoto",0.5,"orthophoto_50cm_2025","Nord-Norge"
"NINFP2210102400",0.0205425207209462,0.010200179181993,10186,2,"meta_highrescanopyheight_orthophoto",0.5,"orthophoto_50cm_2025","Nord-Norge"
"NINFP2110031327",5.51868857261637,6.01781749725342,13005,3,"meta_highrescanopyheight_orthophoto",0.5,"orthophoto_50cm_2025","Nord-Norge"
"NINFP2410155700",0.0158509949144552,0.0102212354540825,3454,2,"meta_highrescanopyheight_orthophoto",0.5,"orthophoto_50cm_2025","Nord-Norge"
"NINFP2110022313",0.0551492590429325,0.0102938041090965,470409,29,"meta_highrescanopyheight_orthophoto",0.5,"orthophoto_50cm_2025","Nord-Norge"
"NINFP2410155588",0.0612189734108,0.0102214654907584,17583,4,"meta_highrescanopyheight_orthophoto",0.5,"orthophoto_50cm_2025","Nord-Norge"
"NINFP1910033222",0.239238646798707,0.0140907382592559,8497,1,"meta_highrescanopyheight_orthophoto",0.5,"orthophoto_50cm_2025","Nord-Norge"
"NINFP2310136872",0.0341572931539783,0.010262681171298,20405,3,"meta_highrescanopyheight_orthophoto",0.5,"orthophoto_50cm_2025","Nord-Norge"
"NINFP2310133752",0.975051894524171,0.044343926012516,25871,4,"meta_highrescanopyheight_orthophoto",0.5,"orthophoto_50cm_2025","Nord-Norge"
"NINFP2110034854",0.0100394340458064,0.0100260162726045,13390,4,"meta_highrescanopyheight_orthophoto",0.5,"orthophoto_50cm_2025","Nord-Norge"
"NINFP1910019966",1.8521547428107,0.0720815509557724,4453,4,"meta_highrescanopyheight_orthophoto",0.5,"orthophoto_50cm_2025","Nord-Norge"
"NINFP2310141804",0.294283537719156,0.0111832641996443,20976,2,"meta_highrescanopyheight_orthophoto",0.5,"orthophoto_50cm_2025","Nord-Norge"
"NINFP2210079388",0.185217604471649,0.0102590247988701,51709,6,"meta_highrescanopyheight_orthophoto",0.5,"orthophoto_50cm_2025","Nord-Norge"
"NINFP2410157267",0.0574945268098538,0.0104470206424594,10250,2,"meta_highrescanopyheight_orthophoto",0.5,"orthophoto_50cm_2025","Nord-Norge"
"NINFP2010037457",0.965537069306899,0.0427522100508213,1688,1,"meta_highrescanopyheight_orthophoto",0.5,"orthophoto_50cm_2025","Nord-Norge"
"NINFP2010024597",0.0452436722692788,0.0120441485196352,7085,3,"meta_highrescanopyheight_orthophoto",0.5,"orthophoto_50cm_2025","Nord-Norge"
"NINFP2310130050",0.176487281259832,0.010185953695327,73924,6,"meta_highrescanopyheight_orthophoto",0.5,"orthophoto_50cm_2025","Nord-Norge"
"NINFP2510205681",0.482378504315765,0.047456543892622,9211,2,"meta_highrescanopyheight_orthophoto",0.5,"orthophoto_50cm_2025","Nord-Norge"
"NINFP2110024861",3.86131755500955,4.10603499412537,7452,1,"meta_highrescanopyheight_orthophoto",0.5,"orthophoto_50cm_2025","Nord-Norge"
"NINFP2310127629",3.65919045256716,1.54136085510254,15336,3,"meta_highrescanopyheight_orthophoto",0.5,"orthophoto_50cm_2025","Nord-Norge"
"NINFP2510185192",0.012013251245635,0.0101404124870896,12601,4,"meta_highrescanopyheight_orthophoto",0.5,"orthophoto_50cm_2025","Nord-Norge"
"NINFP2010024185",0.113857567483067,0.0101715698838234,144146,7,"meta_highrescanopyheight_orthophoto",0.5,"orthophoto_50cm_2025","Nord-Norge"
"NINFP2210089675",0.250778858318689,0.0115665541961789,19174,4,"meta_highrescanopyheight_orthophoto",0.5,"orthophoto_50cm_2025","Nord-Norge"
"NINFP2010013101",0.915501126269352,0.093062587082386,36019,3,"meta_highrescanopyheight_orthophoto",0.5,"orthophoto_50cm_2025","Nord-Norge"
"NINFP2510211167",0.0102471376407023,0.0100536905229092,173565,9,"meta_highrescanopyheight_orthophoto",0.5,"orthophoto_50cm_2025","Nord-Norge"
"NINFP2310136875",0.0821507493983526,0.0107481377199292,31473,3,"meta_highrescanopyheight_orthophoto",0.5,"orthophoto_50cm_2025","Nord-Norge"
"NINFP2510185504",0.0352182566388645,0.0101932492107153,35181,4,"meta_highrescanopyheight_orthophoto",0.5,"orthophoto_50cm_2025","Nord-Norge"
"NINFP2010030049",0.0456038149136556,0.0105780307203531,97525,5,"meta_highrescanopyheight_orthophoto",0.5,"orthophoto_50cm_2025","Nord-Norge"
"NINFP2410173590",0.0391402698180802,0.0108187077566981,14325,2,"meta_highrescanopyheight_orthophoto",0.5,"orthophoto_50cm_2025","Nord-Norge"
"NINFP2010024917",0.209608765090398,0.0140093825757504,4559,2,"meta_highrescanopyheight_orthophoto",0.5,"orthophoto_50cm_2025","Nord-Norge"
"NINFP2210106934",0.0175532641759175,0.010112221352756,45949,6,"meta_highrescanopyheight_orthophoto",0.5,"orthophoto_50cm_2025","Nord-Norge"
"NINFP2210086665",1.33502154685722,0.0990438461303711,9721,4,"meta_highrescanopyheight_orthophoto",0.5,"orthophoto_50cm_2025","Nord-Norge"
"NINFP2210078159",0.0100809518086233,0.0100396471098065,223147,11,"meta_highrescanopyheight_orthophoto",0.5,"orthophoto_50cm_2025","Nord-Norge"
"NINFP2310141018",0.525728980733825,0.0124987941235304,11901,2,"meta_highrescanopyheight_orthophoto",0.5,"orthophoto_50cm_2025","Nord-Norge"
"NINFP1810023682",0.204861798782044,0.0202063415199518,88054,10,"meta_highrescanopyheight_orthophoto",0.5,"orthophoto_50cm_2025","Nord-Norge"
"NINFP2410167085",0.137458368698194,0.0101388888433576,93470,9,"meta_highrescanopyheight_orthophoto",0.5,"orthophoto_50cm_2025","Nord-Norge"
"NINFP2310132671",1.37558394014972,1.10047197341919,8357,3,"meta_highrescanopyheight_orthophoto",0.5,"orthophoto_50cm_2025","Nord-Norge"
"NINFP2310134189",2.2571854502184,0.804445505142212,4165,3,"meta_highrescanopyheight_orthophoto",0.5,"orthophoto_50cm_2025","Nord-Norge"
"NINFP2110023078",0.0417074671334147,0.0102549679577351,8157,2,"meta_highrescanopyheight_orthophoto",0.5,"orthophoto_50cm_2025","Nord-Norge"
"NINFP2110033146",0.0105271764901746,0.0100879911333323,227008,10,"meta_highrescanopyheight_orthophoto",0.5,"orthophoto_50cm_2025","Nord-Norge"
"NINFP1810028476",0.2280116654009,0.0116178384050727,12499,2,"meta_highrescanopyheight_orthophoto",0.5,"orthophoto_50cm_2025","Nord-Norge"
"NINFP2210108371",0.0337551282125907,0.0103052230551839,19683,4,"meta_highrescanopyheight_orthophoto",0.5,"orthophoto_50cm_2025","Nord-Norge"
"NINFP2010026126",0.939354533516464,0.188385881483555,4710,2,"meta_highrescanopyheight_orthophoto",0.5,"orthophoto_50cm_2025","Nord-Norge"
"NINFP2010025672",0.213077727771294,0.0101456032134593,611490,22,"meta_highrescanopyheight_orthophoto",0.5,"orthophoto_50cm_2025","Nord-Norge"
"NINFP1810034983",0.969490931760806,0.165452525019646,16093,3,"meta_highrescanopyheight_orthophoto",0.5,"orthophoto_50cm_2025","Nord-Norge"
"NINFP2110054403",0.0499434742167017,0.0103777907788754,9537,2,"meta_highrescanopyheight_orthophoto",0.5,"orthophoto_50cm_2025","Nord-Norge"
"NINFP2410154488",0.107371814471859,0.0104685593396425,11329,3,"meta_highrescanopyheight_orthophoto",0.5,"orthophoto_50cm_2025","Nord-Norge"
"NINFP2010040354",0.037314411120486,0.0101253651082516,71625,5,"meta_highrescanopyheight_orthophoto",0.5,"orthophoto_50cm_2025","Nord-Norge"
"NINFP2410172298",0.0102334479037171,0.0101029444485903,43909,6,"meta_highrescanopyheight_orthophoto",0.5,"orthophoto_50cm_2025","Nord-Norge"
"NINFP1810021513",0.273492220793721,0.0121436286717653,120757,7,"meta_highrescanopyheight_orthophoto",0.5,"orthophoto_50cm_2025","Nord-Norge"
"NINFP1810028819",0.642468138418915,0.0128382109105587,120053,7,"meta_highrescanopyheight_orthophoto",0.5,"orthophoto_50cm_2025","Nord-Norge"
"NINFP2010026316",2.88769181948066,2.09423065185547,9355,1,"meta_highrescanopyheight_orthophoto",0.5,"orthophoto_50cm_2025","Nord-Norge"
"NINFP1810015974",0.0285002878884001,0.0101993316784501,680778,37,"meta_highrescanopyheight_orthophoto",0.5,"orthophoto_50cm_2025","Nord-Norge"
"NINFP2010040766",1.65034370692161,0.336251109838486,5973,1,"meta_highrescanopyheight_orthophoto",0.5,"orthophoto_50cm_2025","Nord-Norge"
"NINFP2310133421",0.191871971638792,0.0113141890615225,8991,1,"meta_highrescanopyheight_orthophoto",0.5,"orthophoto_50cm_2025","Nord-Norge"
"NINFP2210089017",0.866127135072796,0.0741922855377197,18095,3,"meta_highrescanopyheight_orthophoto",0.5,"orthophoto_50cm_2025","Nord-Norge"
"NINFP2410182490",0.0201980436792224,0.0101645290851593,21369,2,"meta_highrescanopyheight_orthophoto",0.5,"orthophoto_50cm_2025","Nord-Norge"
"NINFP1910019932",0.0105485609836049,0.0101047651842237,11925,4,"meta_highrescanopyheight_orthophoto",0.5,"orthophoto_50cm_2025","Nord-Norge"
"NINFP1810033338",0.192742845826648,0.010217223316431,181320,10,"meta_highrescanopyheight_orthophoto",0.5,"orthophoto_50cm_2025","Nord-Norge"
"NINFP1910055954",0.0101326734911146,0.0100850341841578,32828,4,"meta_highrescanopyheight_orthophoto",0.5,"orthophoto_50cm_2025","Nord-Norge"
"NINFP2310128733",1.52843308155194,0.0814909189939499,2643,1,"meta_highrescanopyheight_orthophoto",0.5,"orthophoto_50cm_2025","Nord-Norge"
"NINFP2510189270",1.50515245924065,0.220261633396149,39209,4,"meta_highrescanopyheight_orthophoto",0.5,"orthophoto_50cm_2025","Nord-Norge"
"NINFP2410174184",0.191282174749092,0.0110563365742564,12064,3,"meta_highrescanopyheight_orthophoto",0.5,"orthophoto_50cm_2025","Nord-Norge"
"NINFP2010025370",0.157312502301802,0.011776062194258,47668,5,"meta_highrescanopyheight_orthophoto",0.5,"orthophoto_50cm_2025","Nord-Norge"
"NINFP1810012115",0.0202154420776651,0.0102704018354416,61527,5,"meta_highrescanopyheight_orthophoto",0.5,"orthophoto_50cm_2025","Nord-Norge"
"NINFP2210103656",4.02890333344527,4.14061403274536,4105,1,"meta_highrescanopyheight_orthophoto",0.5,"orthophoto_50cm_2025","Nord-Norge"
"NINFP1810025365",0.0104963222035655,0.010387921705842,189,1,"meta_highrescanopyheight_orthophoto",0.5,"orthophoto_50cm_2025","Nord-Norge"
"NINFP2510197415",0.148521125433448,0.0108804740011692,7047,1,"meta_highrescanopyheight_orthophoto",0.5,"orthophoto_50cm_2025","Nord-Norge"
"NINFP2310131158",0.0145427110421886,0.0104396706447005,74529,5,"meta_highrescanopyheight_orthophoto",0.5,"orthophoto_50cm_2025","Nord-Norge"
"NINFP2110051243",0.0602669946411422,0.0212456248700619,4449,3,"meta_highrescanopyheight_orthophoto",0.5,"orthophoto_50cm_2025","Nord-Norge"
"NINFP2410154222",0.0939619703859114,0.0108672780916095,6555,1,"meta_highrescanopyheight_orthophoto",0.5,"orthophoto_50cm_2025","Nord-Norge"
"NINFP1910017530",0.046025934154963,0.0103573556989431,17111,3,"meta_highrescanopyheight_orthophoto",0.5,"orthophoto_50cm_2025","Nord-Norge"
"NINFP2410172827",0.0117447608105535,0.0101013807579875,195464,8,"meta_highrescanopyheight_orthophoto",0.5,"orthophoto_50cm_2025","Nord-Norge"
"NINFP2310136396",0.0112534769311601,0.0101139675825834,11296,2,"meta_highrescanopyheight_orthophoto",0.5,"orthophoto_50cm_2025","Nord-Norge"
"NINFP1810035438",0.141953163286603,0.010772833134979,39304,4,"meta_highrescanopyheight_orthophoto",0.5,"orthophoto_50cm_2025","Nord-Norge"
"NINFP2210107986",0.031474609473469,0.0102275819517672,33932,4,"meta_highrescanopyheight_orthophoto",0.5,"orthophoto_50cm_2025","Nord-Norge"
"NINFP2110019078",0.533973118829857,0.0126454997807741,10997,2,"meta_highrescanopyheight_orthophoto",0.5,"orthophoto_50cm_2025","Nord-Norge"
"NINFP2110062792",0.0103362015658082,0.0100912488996983,10581,3,"meta_highrescanopyheight_orthophoto",0.5,"orthophoto_50cm_2025","Nord-Norge"
"NINFP1910057186",0.0122454045388511,0.0103287887759507,15686,4,"meta_highrescanopyheight_orthophoto",0.5,"orthophoto_50cm_2025","Nord-Norge"
"NINFP2210087186",0.22668717121123,0.0111647518351674,61005,5,"meta_highrescanopyheight_orthophoto",0.5,"orthophoto_50cm_2025","Nord-Norge"
"NINFP2210078024",0.0149620414020712,0.0100515149533749,412137,17,"meta_highrescanopyheight_orthophoto",0.5,"orthophoto_50cm_2025","Nord-Norge"
"NINFP2110027021",0.480404314487978,0.0443878173828125,4443,4,"meta_highrescanopyheight_orthophoto",0.5,"orthophoto_50cm_2025","Nord-Norge"
"NINFP2110026383",0.0190091698027317,0.0100696226581931,43325,3,"meta_highrescanopyheight_orthophoto",0.5,"orthophoto_50cm_2025","Nord-Norge"
"NINFP2210083937",0.0123253098118359,0.0102662527933717,21629,5,"meta_highrescanopyheight_orthophoto",0.5,"orthophoto_50cm_2025","Nord-Norge"
"NINFP2110044707",4.02906833086931,3.97680521011353,8753,2,"meta_highrescanopyheight_orthophoto",0.5,"orthophoto_50cm_2025","Nord-Norge"
"NINFP2010023680",0.0984677915594482,0.0115688657388091,10753,2,"meta_highrescanopyheight_orthophoto",0.5,"orthophoto_50cm_2025","Nord-Norge"
"NINFP2410174274",0.0234562100383008,0.0102559081278741,98898,5,"meta_highrescanopyheight_orthophoto",0.5,"orthophoto_50cm_2025","Nord-Norge"
"NINFP2410173326",0.172367202060897,0.0107964854687452,13821,3,"meta_highrescanopyheight_orthophoto",0.5,"orthophoto_50cm_2025","Nord-Norge"
"NINFP2210106941",0.108033921213053,0.0104833128862083,66012,4,"meta_highrescanopyheight_orthophoto",0.5,"orthophoto_50cm_2025","Nord-Norge"
"NINFP2210089609",0.043868564223776,0.0103693339042366,19958,3,"meta_highrescanopyheight_orthophoto",0.5,"orthophoto_50cm_2025","Nord-Norge"
"NINFP2410155931",0.0185235925541204,0.0101214190945029,97087,8,"meta_highrescanopyheight_orthophoto",0.5,"orthophoto_50cm_2025","Nord-Norge"
"NINFP2510202212",4.75324699845204,5.40994715690613,6532,2,"meta_highrescanopyheight_orthophoto",0.5,"orthophoto_50cm_2025","Nord-Norge"
"NINFP2010013945",0.401708799049501,0.0110012702643871,60553,5,"meta_highrescanopyheight_orthophoto",0.5,"orthophoto_50cm_2025","Nord-Norge"
"NINFP2110020416",0.861404718184176,0.0382106304168701,17243,4,"meta_highrescanopyheight_orthophoto",0.5,"orthophoto_50cm_2025","Nord-Norge"
"NINFP2110070294",0.0255429863076766,0.0101740108802915,160027,10,"meta_highrescanopyheight_orthophoto",0.5,"orthophoto_50cm_2025","Nord-Norge"
"NINFP2310130098",0.483124101283745,0.0115839019417763,3744,1,"meta_highrescanopyheight_orthophoto",0.5,"orthophoto_50cm_2025","Nord-Norge"
"NINFP2010025032",4.45591902831193,4.43275690078735,42634,5,"meta_highrescanopyheight_orthophoto",0.5,"orthophoto_50cm_2025","Nord-Norge"
"NINFP2310130030",3.74047555890935,2.62690162658691,8782,3,"meta_highrescanopyheight_orthophoto",0.5,"orthophoto_50cm_2025","Nord-Norge"
"NINFP2110053126",0.42355229190546,0.0206273067742586,13993,3,"meta_highrescanopyheight_orthophoto",0.5,"orthophoto_50cm_2025","Nord-Norge"
"NINFP2210076331",0.0178106103919361,0.0102061778306961,42813,4,"meta_highrescanopyheight_orthophoto",0.5,"orthophoto_50cm_2025","Nord-Norge"
"NINFP2410173579",0.0236297213211022,0.010451135225594,4115,2,"meta_highrescanopyheight_orthophoto",0.5,"orthophoto_50cm_2025","Nord-Norge"
"NINFP2210106126",0.0117559524455588,0.0101803564466536,4202,2,"meta_highrescanopyheight_orthophoto",0.5,"orthophoto_50cm_2025","Nord-Norge"
"NINFP2210086066",0.377947010090111,0.0172803271561861,34198,5,"meta_highrescanopyheight_orthophoto",0.5,"orthophoto_50cm_2025","Nord-Norge"
"NINFP2010014984",4.81478956457357,5.21290183067322,24168,4,"meta_highrescanopyheight_orthophoto",0.5,"orthophoto_50cm_2025","Nord-Norge"
"NINFP2210090074",0.010897204549027,0.0101148807443678,10520,3,"meta_highrescanopyheight_orthophoto",0.5,"orthophoto_50cm_2025","Nord-Norge"
"NINFP2010026121",1.22076362887548,0.277898550033569,6427,3,"meta_highrescanopyheight_orthophoto",0.5,"orthophoto_50cm_2025","Nord-Norge"
"NINFP2110023411",0.104951622954475,0.0114645441062748,10986,2,"meta_highrescanopyheight_orthophoto",0.5,"orthophoto_50cm_2025","Nord-Norge"
"NINFP2010028786",5.02203449595228,5.1484055519104,5939,2,"meta_highrescanopyheight_orthophoto",0.5,"orthophoto_50cm_2025","Nord-Norge"
"NINFP2510185771",0.279462899988518,0.010388778988272,48540,4,"meta_highrescanopyheight_orthophoto",0.5,"orthophoto_50cm_2025","Nord-Norge"
"NINFP2410157422",5.75468486410418,6.09700584411621,8815,1,"meta_highrescanopyheight_orthophoto",0.5,"orthophoto_50cm_2025","Nord-Norge"
"NINFP1810032860",0.229307927110202,0.0180697776377201,24956,4,"meta_highrescanopyheight_orthophoto",0.5,"orthophoto_50cm_2025","Nord-Norge"
"NINFP2110047702",0.0182191763741097,0.0102076195180416,12151,2,"meta_highrescanopyheight_orthophoto",0.5,"orthophoto_50cm_2025","Nord-Norge"
"NINFP2110024918",0.0701507447547344,0.010282217990607,5504,2,"meta_highrescanopyheight_orthophoto",0.5,"orthophoto_50cm_2025","Nord-Norge"
"NINFP2410156024",0.0735999556746705,0.0103364214301109,55271,6,"meta_highrescanopyheight_orthophoto",0.5,"orthophoto_50cm_2025","Nord-Norge"
"NINFP2110066775",0.0114825628115306,0.010200684890151,8329,3,"meta_highrescanopyheight_orthophoto",0.5,"orthophoto_50cm_2025","Nord-Norge"
"NINFP2210094879",0.216264513404232,0.0157168600708246,22360,4,"meta_highrescanopyheight_orthophoto",0.5,"orthophoto_50cm_2025","Nord-Norge"
"NINFP2010025842",3.41194378952229,2.3910768032074,4540,4,"meta_highrescanopyheight_orthophoto",0.5,"orthophoto_50cm_2025","Nord-Norge"
"NINFP1810035389",0.443318456000635,0.0238200379535556,25854,3,"meta_highrescanopyheight_orthophoto",0.5,"orthophoto_50cm_2025","Nord-Norge"
"NINFP2310130287",0.0366149808191571,0.0104176667518914,43434,5,"meta_highrescanopyheight_orthophoto",0.5,"orthophoto_50cm_2025","Nord-Norge"
"NINFP2010028969",0.219078860953773,0.0156551506370306,231142,9,"meta_highrescanopyheight_orthophoto",0.5,"orthophoto_50cm_2025","Nord-Norge"
"NINFP2210098783",0.0658311941723777,0.0101829078048468,17934,3,"meta_highrescanopyheight_orthophoto",0.5,"orthophoto_50cm_2025","Nord-Norge"
"NINFP2010039083",0.525803673653771,0.0227391719818115,4295,4,"meta_highrescanopyheight_orthophoto",0.5,"orthophoto_50cm_2025","Nord-Norge"
"NINFP1810029767",0.659967805075475,0.033181294798851,16773,4,"meta_highrescanopyheight_orthophoto",0.5,"orthophoto_50cm_2025","Nord-Norge"
"NINFP2510214819",5.86058332263761,6.24353885650635,21507,3,"meta_highrescanopyheight_orthophoto",0.5,"orthophoto_50cm_2025","Nord-Norge"
"NINFP2110033153",0.0117092765015028,0.0100949369370937,131799,7,"meta_highrescanopyheight_orthophoto",0.5,"orthophoto_50cm_2025","Nord-Norge"
"NINFP2510209486",5.19972339806578,5.53152799606323,13430,4,"meta_highrescanopyheight_orthophoto",0.5,"orthophoto_50cm_2025","Nord-Norge"
"NINFP2010039013",0.12607276803393,0.0107201281934977,15161,2,"meta_highrescanopyheight_orthophoto",0.5,"orthophoto_50cm_2025","Nord-Norge"
"NINFP2410157812",6.47496329623207,6.77272200584412,11000,2,"meta_highrescanopyheight_orthophoto",0.5,"orthophoto_50cm_2025","Nord-Norge"
"NINFP1810025368",0.333756022142326,0.0332873426377773,14733,4,"meta_highrescanopyheight_orthophoto",0.5,"orthophoto_50cm_2025","Nord-Norge"
"NINFP2210097804",0.0746231715408912,0.0297770258039236,4025,4,"meta_highrescanopyheight_orthophoto",0.5,"orthophoto_50cm_2025","Nord-Norge"
"NINFP2310121961",0.0246302411999975,0.0100584365427494,60737,3,"meta_highrescanopyheight_orthophoto",0.5,"orthophoto_50cm_2025","Nord-Norge"
"NINFP2210107951",6.32986243555703,6.84452509880066,7390,1,"meta_highrescanopyheight_orthophoto",0.5,"orthophoto_50cm_2025","Nord-Norge"
"NINFP2010036528",0.162156973891016,0.0117709767073393,1326,3,"meta_highrescanopyheight_orthophoto",0.5,"orthophoto_50cm_2025","Nord-Norge"
"NINFP2410172843",0.0132557923778944,0.0100668091326952,252597,15,"meta_highrescanopyheight_orthophoto",0.5,"orthophoto_50cm_2025","Nord-Norge"
"NINFP2210103733",0.435704735205579,0.0200472939759493,5044,2,"meta_highrescanopyheight_orthophoto",0.5,"orthophoto_50cm_2025","Nord-Norge"
"NINFP2310125733",1.70664689727922,0.662489414215088,3001,2,"meta_highrescanopyheight_orthophoto",0.5,"orthophoto_50cm_2025","Nord-Norge"
"NINFP1810037420",0.179597019131164,0.0106772598810494,59662,5,"meta_highrescanopyheight_orthophoto",0.5,"orthophoto_50cm_2025","Nord-Norge"
"NINFP2210103682",4.33414566733545,4.35288333892822,5967,2,"meta_highrescanopyheight_orthophoto",0.5,"orthophoto_50cm_2025","Nord-Norge"
"NINFP2410174686",0.0665002063256478,0.0104556907899678,10708,1,"meta_highrescanopyheight_orthophoto",0.5,"orthophoto_50cm_2025","Nord-Norge"
"NINFP2110022574",0.131702538159405,0.0104057267308235,10419,2,"meta_highrescanopyheight_orthophoto",0.5,"orthophoto_50cm_2025","Nord-Norge"
"NINFP2010024422",5.28718153689707,5.64239072799683,11778,2,"meta_highrescanopyheight_orthophoto",0.5,"orthophoto_50cm_2025","Nord-Norge"
"NINFP1910025950",0.583106272137783,0.0168997757136822,5743,2,"meta_highrescanopyheight_orthophoto",0.5,"orthophoto_50cm_2025","Nord-Norge"
"NINFP2310146940",0.162501887381423,0.0103577673435211,40123,4,"meta_highrescanopyheight_orthophoto",0.5,"orthophoto_50cm_2025","Nord-Norge"
"NINFP2310127008",0.0384092708927797,0.0104450779035687,122050,9,"meta_highrescanopyheight_orthophoto",0.5,"orthophoto_50cm_2025","Nord-Norge"
"NINFP2410174216",0.133186262267868,0.0110695473849773,21535,4,"meta_highrescanopyheight_orthophoto",0.5,"orthophoto_50cm_2025","Nord-Norge"
"NINFP2210091314",0.241495669149599,0.0114256925880909,13494,2,"meta_highrescanopyheight_orthophoto",0.5,"orthophoto_50cm_2025","Nord-Norge"
"NINFP2410157354",0.0156710242228241,0.0102048758417368,27391,2,"meta_highrescanopyheight_orthophoto",0.5,"orthophoto_50cm_2025","Nord-Norge"
"NINFP1810038480",0.173472624994523,0.0162765979766846,28001,4,"meta_highrescanopyheight_orthophoto",0.5,"orthophoto_50cm_2025","Nord-Norge"
"NINFP2310133345",0.0480756378088721,0.0100627224892378,422888,22,"meta_highrescanopyheight_orthophoto",0.5,"orthophoto_50cm_2025","Nord-Norge"
"NINFP1910032948",0.0777603101073472,0.0115272249095142,17764,2,"meta_highrescanopyheight_orthophoto",0.5,"orthophoto_50cm_2025","Nord-Norge"
"NINFP2510190398",4.04370065769636,4.41410779953003,6098,2,"meta_highrescanopyheight_orthophoto",0.5,"orthophoto_50cm_2025","Nord-Norge"
"NINFP2110023081",0.0589586774734469,0.0102478335611522,6952,2,"meta_highrescanopyheight_orthophoto",0.5,"orthophoto_50cm_2025","Nord-Norge"
"NINFP2510185571",0.0273421352709978,0.0101010599173605,48738,4,"meta_highrescanopyheight_orthophoto",0.5,"orthophoto_50cm_2025","Nord-Norge"
"NINFP2110071815",0.0100419621189367,0.0100379781797528,16162,1,"meta_highrescanopyheight_orthophoto",0.5,"orthophoto_50cm_2025","Nord-Norge"
"NINFP2410156094",2.4445031909422,1.67611879110336,12670,4,"meta_highrescanopyheight_orthophoto",0.5,"orthophoto_50cm_2025","Nord-Norge"
"NINFP1810026450",0.913363627161972,0.0762767642736435,199177,13,"meta_highrescanopyheight_orthophoto",0.5,"orthophoto_50cm_2025","Nord-Norge"
"NINFP2510188806",0.0101262173092326,0.0100467363372445,16539,1,"meta_highrescanopyheight_orthophoto",0.5,"orthophoto_50cm_2025","Nord-Norge"
"NINFP2210102003",1.32127292232151,0.0243578925728798,2927,2,"meta_highrescanopyheight_orthophoto",0.5,"orthophoto_50cm_2025","Nord-Norge"
"NINFP1910026270",0.154786974922647,0.0101267448626459,27734,3,"meta_highrescanopyheight_orthophoto",0.5,"orthophoto_50cm_2025","Nord-Norge"
"NINFP2410172819",0.0102138790034063,0.0100718401372433,243301,12,"meta_highrescanopyheight_orthophoto",0.5,"orthophoto_50cm_2025","Nord-Norge"
"NINFP2310143862",0.156519170513415,0.0101356338709593,48326,4,"meta_highrescanopyheight_orthophoto",0.5,"orthophoto_50cm_2025","Nord-Norge"
"NINFP1910011379",1.9440518174959,0.441348642110825,1686,1,"meta_highrescanopyheight_orthophoto",0.5,"orthophoto_50cm_2025","Nord-Norge"
"NINFP2110051265",0.706863664533681,0.0122340163215995,11511,2,"meta_highrescanopyheight_orthophoto",0.5,"orthophoto_50cm_2025","Nord-Norge"
"NINFP2110021944",1.10913327470196,0.151213869452477,19384,2,"meta_highrescanopyheight_orthophoto",0.5,"orthophoto_50cm_2025","Nord-Norge"
"NINFP2410172630",0.0243629869718908,0.0102289412170649,12470,2,"meta_highrescanopyheight_orthophoto",0.5,"orthophoto_50cm_2025","Nord-Norge"
"NINFP2310140265",4.62582899993618,4.32890605926514,6284,1,"meta_highrescanopyheight_orthophoto",0.5,"orthophoto_50cm_2025","Nord-Norge"
"NINFP2010015639",1.69145328460142,0.674489378929138,57869,6,"meta_highrescanopyheight_orthophoto",0.5,"orthophoto_50cm_2025","Nord-Norge"
"NINFP1910017355",1.56217959166611,0.0260478835552931,4797,2,"meta_highrescanopyheight_orthophoto",0.5,"orthophoto_50cm_2025","Nord-Norge"
"NINFP1810015993",0.040467607162913,0.0101905576884747,395166,20,"meta_highrescanopyheight_orthophoto",0.5,"orthophoto_50cm_2025","Nord-Norge"
"NINFP2410173333",0.137765112912628,0.011748424731195,8082,2,"meta_highrescanopyheight_orthophoto",0.5,"orthophoto_50cm_2025","Nord-Norge"
"NINFP2210098721",0.121817704665635,0.0107810529880226,6558,1,"meta_highrescanopyheight_orthophoto",0.5,"orthophoto_50cm_2025","Nord-Norge"
"NINFP2210113984",0.0107383117649434,0.010150047019124,7327,2,"meta_highrescanopyheight_orthophoto",0.5,"orthophoto_50cm_2025","Nord-Norge"
"NINFP2310131132",0.0575767682872454,0.0114712072536349,4921,2,"meta_highrescanopyheight_orthophoto",0.5,"orthophoto_50cm_2025","Nord-Norge"
"NINFP2010040753",0.0159819367572318,0.0100836805067956,85330,5,"meta_highrescanopyheight_orthophoto",0.5,"orthophoto_50cm_2025","Nord-Norge"
"NINFP2310132648",0.141176304912504,0.0103312563151121,40237,5,"meta_highrescanopyheight_orthophoto",0.5,"orthophoto_50cm_2025","Nord-Norge"
"NINFP1810029843",1.89028336727367,0.426307886838913,13605,4,"meta_highrescanopyheight_orthophoto",0.5,"orthophoto_50cm_2025","Nord-Norge"
"NINFP2010024916",0.0586567744002175,0.0107681872323155,4134,1,"meta_highrescanopyheight_orthophoto",0.5,"orthophoto_50cm_2025","Nord-Norge"
"NINFP2410156016",0.188401148138263,0.0106649026274681,14293,4,"meta_highrescanopyheight_orthophoto",0.5,"orthophoto_50cm_2025","Nord-Norge"
"NINFP2410182524",0.0177572154640571,0.0101480870507658,114488,8,"meta_highrescanopyheight_orthophoto",0.5,"orthophoto_50cm_2025","Nord-Norge"
"NINFP2110018823",0.0490393852743262,0.0101616932079196,4412,1,"meta_highrescanopyheight_orthophoto",0.5,"orthophoto_50cm_2025","Nord-Norge"
"NINFP2110038357",7.91518390529826,8.48196697235107,13789,4,"meta_highrescanopyheight_orthophoto",0.5,"orthophoto_50cm_2025","Nord-Norge"
"NINFP2110019424",1.30351252341756,0.35837197303772,5750,1,"meta_highrescanopyheight_orthophoto",0.5,"orthophoto_50cm_2025","Nord-Norge"
"NINFP2510198448",1.3771465311864,0.160190314054489,14973,4,"meta_highrescanopyheight_orthophoto",0.5,"orthophoto_50cm_2025","Nord-Norge"
"NINFP2010035415",1.6985295062964,0.419737920165062,14368,2,"meta_highrescanopyheight_orthophoto",0.5,"orthophoto_50cm_2025","Nord-Norge"
"NINFP2510189095",0.0605792707873479,0.0101495254784822,62508,4,"meta_highrescanopyheight_orthophoto",0.5,"orthophoto_50cm_2025","Nord-Norge"
"NINFP1810037991",0.80675624856489,0.0455636754631996,13877,2,"meta_highrescanopyheight_orthophoto",0.5,"orthophoto_50cm_2025","Nord-Norge"
"NINFP2410156406",0.0218168683171507,0.0104832705110312,5841,1,"meta_highrescanopyheight_orthophoto",0.5,"orthophoto_50cm_2025","Nord-Norge"
"NINFP2110020821",0.0760901908808941,0.0104404194280505,19095,3,"meta_highrescanopyheight_orthophoto",0.5,"orthophoto_50cm_2025","Nord-Norge"
"NINFP2510185751",0.0320805903884866,0.0101479701697826,255499,14,"meta_highrescanopyheight_orthophoto",0.5,"orthophoto_50cm_2025","Nord-Norge"
"NINFP1810014541",0.0263351438617091,0.0102482698857784,40343,5,"meta_highrescanopyheight_orthophoto",0.5,"orthophoto_50cm_2025","Nord-Norge"
"NINFP2010039548",1.13241887581423,0.0475506968796253,2504,2,"meta_highrescanopyheight_orthophoto",0.5,"orthophoto_50cm_2025","Nord-Norge"
"NINFP2410174475",0.204366480356266,0.0116293984465301,18446,2,"meta_highrescanopyheight_orthophoto",0.5,"orthophoto_50cm_2025","Nord-Norge"
"NINFP2410155756",0.0363897278930323,0.0102083273231983,26025,5,"meta_highrescanopyheight_orthophoto",0.5,"orthophoto_50cm_2025","Nord-Norge"
"NINFP2310125382",0.14880266757388,0.0103440750390291,77155,8,"meta_highrescanopyheight_orthophoto",0.5,"orthophoto_50cm_2025","Nord-Norge"
"NINFP2410174813",0.683268381342735,0.0257530845701694,4839,4,"meta_highrescanopyheight_orthophoto",0.5,"orthophoto_50cm_2025","Nord-Norge"
"NINFP2110022890",0.100094635167151,0.0105260326527059,10570,2,"meta_highrescanopyheight_orthophoto",0.5,"orthophoto_50cm_2025","Nord-Norge"
"NINFP2410183733",0.0241612902900619,0.0101345065049827,34622,4,"meta_highrescanopyheight_orthophoto",0.5,"orthophoto_50cm_2025","Nord-Norge"
"NINFP2110031337",0.0178773666351875,0.0104004619643092,8739,1,"meta_highrescanopyheight_orthophoto",0.5,"orthophoto_50cm_2025","Nord-Norge"
"NINFP1810018099",1.54333118680072,0.767411828041077,1175,1,"meta_highrescanopyheight_orthophoto",0.5,"orthophoto_50cm_2025","Nord-Norge"
"NINFP2310136890",1.10038225509704,0.479531541466713,4116,2,"meta_highrescanopyheight_orthophoto",0.5,"orthophoto_50cm_2025","Nord-Norge"
"NINFP2410162276",0.0592143872347693,0.0104408743791282,15284,2,"meta_highrescanopyheight_orthophoto",0.5,"orthophoto_50cm_2025","Nord-Norge"
"NINFP1910019299",0.0106586750835104,0.0101224984973669,11871,3,"meta_highrescanopyheight_orthophoto",0.5,"orthophoto_50cm_2025","Nord-Norge"
"NINFP2110023118",0.303877412545149,0.0117999371141195,14998,3,"meta_highrescanopyheight_orthophoto",0.5,"orthophoto_50cm_2025","Nord-Norge"
"NINFP2510200583",0.0274788653207663,0.0103473197668791,2928,2,"meta_highrescanopyheight_orthophoto",0.5,"orthophoto_50cm_2025","Nord-Norge"
"NINFP1910016633",0.157292452095901,0.0111922393552959,29560,3,"meta_highrescanopyheight_orthophoto",0.5,"orthophoto_50cm_2025","Nord-Norge"
"NINFP1910022812",1.58762946586999,0.351093128323555,1444,4,"meta_highrescanopyheight_orthophoto",0.5,"orthophoto_50cm_2025","Nord-Norge"
"NINFP2110045172",0.159453375283734,0.0128473257645965,51955,6,"meta_highrescanopyheight_orthophoto",0.5,"orthophoto_50cm_2025","Nord-Norge"
"NINFP1810034970",0.143039574719532,0.011417512781918,68545,7,"meta_highrescanopyheight_orthophoto",0.5,"orthophoto_50cm_2025","Nord-Norge"
"NINFP1810044997",0.0559979988129156,0.0101582948118448,128927,8,"meta_highrescanopyheight_orthophoto",0.5,"orthophoto_50cm_2025","Nord-Norge"
"NINFP2210103743",0.0218968325766404,0.0101767806336284,157108,7,"meta_highrescanopyheight_orthophoto",0.5,"orthophoto_50cm_2025","Nord-Norge"
"NINFP2410156120",0.0117137606328658,0.0103221610188484,6575,1,"meta_highrescanopyheight_orthophoto",0.5,"orthophoto_50cm_2025","Nord-Norge"
"NINFP2410154339",0.0732013326558028,0.0103903510607779,5662,2,"meta_highrescanopyheight_orthophoto",0.5,"orthophoto_50cm_2025","Nord-Norge"
"NINFP2210107693",0.184635007257991,0.0106659540906549,49905,5,"meta_highrescanopyheight_orthophoto",0.5,"orthophoto_50cm_2025","Nord-Norge"
"NINFP2110019422",0.0691551554422195,0.0102398553863168,12485,2,"meta_highrescanopyheight_orthophoto",0.5,"orthophoto_50cm_2025","Nord-Norge"
"NINFP2210096375",0.125482050225978,0.0112214321270585,11217,2,"meta_highrescanopyheight_orthophoto",0.5,"orthophoto_50cm_2025","Nord-Norge"
"NINFP2110020757",0.131884824400286,0.0134140299633145,4176,2,"meta_highrescanopyheight_orthophoto",0.5,"orthophoto_50cm_2025","Nord-Norge"
"NINFP1810035542",0.612529865023995,0.0446171797811985,4578,2,"meta_highrescanopyheight_orthophoto",0.5,"orthophoto_50cm_2025","Nord-Norge"
"NINFP2010039036",0.0745683577052479,0.011758822016418,6562,1,"meta_highrescanopyheight_orthophoto",0.5,"orthophoto_50cm_2025","Nord-Norge"
"NINFP2410155472",0.0228643617012695,0.0101480693556368,70340,5,"meta_highrescanopyheight_orthophoto",0.5,"orthophoto_50cm_2025","Nord-Norge"
"NINFP2210105652",0.0106310950798885,0.0101340007968247,48250,5,"meta_highrescanopyheight_orthophoto",0.5,"orthophoto_50cm_2025","Nord-Norge"
"NINFP2010028243",0.82765704274654,0.0111940829083323,140499,9,"meta_highrescanopyheight_orthophoto",0.5,"orthophoto_50cm_2025","Nord-Norge"
"NINFP2410168092",0.159612907513359,0.0110225044190884,9333,3,"meta_highrescanopyheight_orthophoto",0.5,"orthophoto_50cm_2025","Nord-Norge"
"NINFP2410155474",0.0533720302908057,0.0102539733052254,21389,4,"meta_highrescanopyheight_orthophoto",0.5,"orthophoto_50cm_2025","Nord-Norge"
"NINFP1810030849",0.300570618790735,0.0182625465095043,40397,4,"meta_highrescanopyheight_orthophoto",0.5,"orthophoto_50cm_2025","Nord-Norge"
"NINFP1910019045",0.704700070409121,0.0169225484132767,9699,4,"meta_highrescanopyheight_orthophoto",0.5,"orthophoto_50cm_2025","Nord-Norge"
"NINFP2010033364",0.0248385461955304,0.0110248518176377,10068,2,"meta_highrescanopyheight_orthophoto",0.5,"orthophoto_50cm_2025","Nord-Norge"
"NINFP2010031968",0.0414479349287949,0.012528701685369,81725,7,"meta_highrescanopyheight_orthophoto",0.5,"orthophoto_50cm_2025","Nord-Norge"
"NINFP1910018775",1.79484780995358,0.113421231508255,31195,6,"meta_highrescanopyheight_orthophoto",0.5,"orthophoto_50cm_2025","Nord-Norge"
"NINFP2010029755",0.0219977600052477,0.0102101494558156,18626,2,"meta_highrescanopyheight_orthophoto",0.5,"orthophoto_50cm_2025","Nord-Norge"
"NINFP2210098049",0.0200119743816992,0.0102542173117399,41815,4,"meta_highrescanopyheight_orthophoto",0.5,"orthophoto_50cm_2025","Nord-Norge"
"NINFP2310132654",0.424974487926787,0.0161600830033422,6188,2,"meta_highrescanopyheight_orthophoto",0.5,"orthophoto_50cm_2025","Nord-Norge"
"NINFP2210089531",0.202487766079097,0.0124172139912844,5827,1,"meta_highrescanopyheight_orthophoto",0.5,"orthophoto_50cm_2025","Nord-Norge"
"NINFP2110032202",0.0108472137307425,0.0102838082239032,14691,2,"meta_highrescanopyheight_orthophoto",0.5,"orthophoto_50cm_2025","Nord-Norge"
"NINFP2210104115",1.63166883418534,1.34693366289139,2372,1,"meta_highrescanopyheight_orthophoto",0.5,"orthophoto_50cm_2025","Nord-Norge"
"NINFP2210087641",0.017875246865457,0.0101994918659329,70123,4,"meta_highrescanopyheight_orthophoto",0.5,"orthophoto_50cm_2025","Nord-Norge"
"NINFP2210090073",1.49828141880696,0.0244594477117062,47044,6,"meta_highrescanopyheight_orthophoto",0.5,"orthophoto_50cm_2025","Nord-Norge"
"NINFP2210098059",4.40619787147926,4.71369552612305,19653,4,"meta_highrescanopyheight_orthophoto",0.5,"orthophoto_50cm_2025","Nord-Norge"
"NINFP2010028565",0.103745595736522,0.0101652429439127,199768,11,"meta_highrescanopyheight_orthophoto",0.5,"orthophoto_50cm_2025","Nord-Norge"
"NINFP2010027333",0.128489811363724,0.0102969547733665,69890,5,"meta_highrescanopyheight_orthophoto",0.5,"orthophoto_50cm_2025","Nord-Norge"
"NINFP2410162286",0.0198901047847186,0.0101094702258706,30095,2,"meta_highrescanopyheight_orthophoto",0.5,"orthophoto_50cm_2025","Nord-Norge"
"NINFP2010023513",0.0218220428466441,0.0100333094596863,791477,24,"meta_highrescanopyheight_orthophoto",0.5,"orthophoto_50cm_2025","Nord-Norge"
"NINFP2110068619",0.335930616042053,0.0126495389267802,4163,1,"meta_highrescanopyheight_orthophoto",0.5,"orthophoto_50cm_2025","Nord-Norge"
"NINFP2310135241",0.0212931714984515,0.0103680221363902,6529,1,"meta_highrescanopyheight_orthophoto",0.5,"orthophoto_50cm_2025","Nord-Norge"
"NINFP2010017903",3.9334175516068,3.60770034790039,28983,6,"meta_highrescanopyheight_orthophoto",0.5,"orthophoto_50cm_2025","Nord-Norge"
"NINFP2210086062",0.486098573835099,0.0238931709900498,11024,3,"meta_highrescanopyheight_orthophoto",0.5,"orthophoto_50cm_2025","Nord-Norge"
"NINFP1910026908",0.464844366791391,0.0110774775967002,10895,3,"meta_highrescanopyheight_orthophoto",0.5,"orthophoto_50cm_2025","Nord-Norge"
"NINFP2010041524",0.0733543747899605,0.0103855971246958,9339,4,"meta_highrescanopyheight_orthophoto",0.5,"orthophoto_50cm_2025","Nord-Norge"
"NINFP2310133346",0.0283396909721752,0.0101419407874346,298681,12,"meta_highrescanopyheight_orthophoto",0.5,"orthophoto_50cm_2025","Nord-Norge"
"NINFP2310128210",3.29454230715991,2.97895312309265,6205,2,"meta_highrescanopyheight_orthophoto",0.5,"orthophoto_50cm_2025","Nord-Norge"
"NINFP2310141812",0.77497264526126,0.01417301222682,29642,2,"meta_highrescanopyheight_orthophoto",0.5,"orthophoto_50cm_2025","Nord-Norge"
"NINFP2210087731",0.423447907528093,0.0165582522749901,4771,2,"meta_highrescanopyheight_orthophoto",0.5,"orthophoto_50cm_2025","Nord-Norge"
"NINFP2410154095",0.0879297148737286,0.0105154979974031,33561,4,"meta_highrescanopyheight_orthophoto",0.5,"orthophoto_50cm_2025","Nord-Norge"
"NINFP2410172828",0.0295910789841488,0.0101399999111891,63785,5,"meta_highrescanopyheight_orthophoto",0.5,"orthophoto_50cm_2025","Nord-Norge"
"NINFP2310133185",0.268738037271329,0.0105485869571567,75515,4,"meta_highrescanopyheight_orthophoto",0.5,"orthophoto_50cm_2025","Nord-Norge"
"NINFP2110033642",0.0107681417589017,0.010137939825654,20497,4,"meta_highrescanopyheight_orthophoto",0.5,"orthophoto_50cm_2025","Nord-Norge"
"NINFP2510215280",0.176323358293754,0.0208877567201853,14902,2,"meta_highrescanopyheight_orthophoto",0.5,"orthophoto_50cm_2025","Nord-Norge"
"NINFP2010038673",0.273186163442005,0.0162516627460718,9317,2,"meta_highrescanopyheight_orthophoto",0.5,"orthophoto_50cm_2025","Nord-Norge"
"NINFP2010013351",0.182575622075088,0.0102729722857475,1147493,29,"meta_highrescanopyheight_orthophoto",0.5,"orthophoto_50cm_2025","Nord-Norge"
"NINFP2310141805",0.51294632009644,0.0106448568403721,20847,3,"meta_highrescanopyheight_orthophoto",0.5,"orthophoto_50cm_2025","Nord-Norge"
"NINFP2010007062",1.27057769087332,0.02329046651721,79127,6,"meta_highrescanopyheight_orthophoto",0.5,"orthophoto_50cm_2025","Nord-Norge"
"NINFP2410173643",0.0101173353529033,0.0100720096379519,32923,4,"meta_highrescanopyheight_orthophoto",0.5,"orthophoto_50cm_2025","Nord-Norge"
"NINFP2410150226",0.933200457306664,0.178411051630974,191916,11,"meta_highrescanopyheight_orthophoto",0.5,"orthophoto_50cm_2025","Nord-Norge"
"NINFP2210103675",0.0105988537225742,0.0102132833562791,4932,1,"meta_highrescanopyheight_orthophoto",0.5,"orthophoto_50cm_2025","Nord-Norge"
"NINFP2410174869",0.0933374077876412,0.0103320414200425,7057,2,"meta_highrescanopyheight_orthophoto",0.5,"orthophoto_50cm_2025","Nord-Norge"
"NINFP2310141616",0.953445355224781,0.129033014178276,31442,5,"meta_highrescanopyheight_orthophoto",0.5,"orthophoto_50cm_2025","Nord-Norge"
"NINFP2410156327",1.34477517070247,0.476452559232712,7973,2,"meta_highrescanopyheight_orthophoto",0.5,"orthophoto_50cm_2025","Nord-Norge"
"NINFP1810037223",1.06664520090063,0.0421792007982731,17104,2,"meta_highrescanopyheight_orthophoto",0.5,"orthophoto_50cm_2025","Nord-Norge"
"NINFP2010040661",2.76221749731519,2.62467360496521,8604,2,"meta_highrescanopyheight_orthophoto",0.5,"orthophoto_50cm_2025","Nord-Norge"
"NINFP1810034583",0.17584156310933,0.0103268818929791,62005,6,"meta_highrescanopyheight_orthophoto",0.5,"orthophoto_50cm_2025","Nord-Norge"
"NINFP2010023473",0.113341516798271,0.0101067740470171,156815,10,"meta_highrescanopyheight_orthophoto",0.5,"orthophoto_50cm_2025","Nord-Norge"
"NINFP2210103813",0.0631287568954376,0.0103517435491085,13622,2,"meta_highrescanopyheight_orthophoto",0.5,"orthophoto_50cm_2025","Nord-Norge"
"NINFP2410175940",0.119921732553547,0.0116684222593904,3782,2,"meta_highrescanopyheight_orthophoto",0.5,"orthophoto_50cm_2025","Nord-Norge"
"NINFP2210107310",0.138150225368057,0.0103674447163939,43531,4,"meta_highrescanopyheight_orthophoto",0.5,"orthophoto_50cm_2025","Nord-Norge"
"NINFP2510212829",0.0467550650551398,0.0102364234626293,10261,3,"meta_highrescanopyheight_orthophoto",0.5,"orthophoto_50cm_2025","Nord-Norge"
"NINFP2310125508",0.0527645027751971,0.0101585369557142,147411,9,"meta_highrescanopyheight_orthophoto",0.5,"orthophoto_50cm_2025","Nord-Norge"
"NINFP2110022297",0.0836174192724234,0.0106549048796296,14002,3,"meta_highrescanopyheight_orthophoto",0.5,"orthophoto_50cm_2025","Nord-Norge"
"NINFP1810021334",0.515364756493777,0.0307627711445093,56510,10,"meta_highrescanopyheight_orthophoto",0.5,"orthophoto_50cm_2025","Nord-Norge"
"NINFP2410173753",0.131238886439605,0.011992952786386,6883,2,"meta_highrescanopyheight_orthophoto",0.5,"orthophoto_50cm_2025","Nord-Norge"
"NINFP2010006115",0.184207351285616,0.0100992987863719,60774,4,"meta_highrescanopyheight_orthophoto",0.5,"orthophoto_50cm_2025","Nord-Norge"
"NINFP2010026555",0.0419339893039747,0.0108538139611483,9205,4,"meta_highrescanopyheight_orthophoto",0.5,"orthophoto_50cm_2025","Nord-Norge"
"NINFP2010041557",1.57037064244997,0.341308176517487,5731,2,"meta_highrescanopyheight_orthophoto",0.5,"orthophoto_50cm_2025","Nord-Norge"
"NINFP1910019303",0.2067163926345,0.0101767806336284,21156,2,"meta_highrescanopyheight_orthophoto",0.5,"orthophoto_50cm_2025","Nord-Norge"
"NINFP2010034000",0.235290961999903,0.0105624389834702,8998,3,"meta_highrescanopyheight_orthophoto",0.5,"orthophoto_50cm_2025","Nord-Norge"
"NINFP2410156127",0.0111334431987514,0.010166110470891,6555,2,"meta_highrescanopyheight_orthophoto",0.5,"orthophoto_50cm_2025","Nord-Norge"
"NINFP1910026304",0.0675155133426187,0.0102199031971395,7192,4,"meta_highrescanopyheight_orthophoto",0.5,"orthophoto_50cm_2025","Nord-Norge"
"NINFP2310136782",0.0138785654449829,0.0102968886494637,48267,6,"meta_highrescanopyheight_orthophoto",0.5,"orthophoto_50cm_2025","Nord-Norge"
"NINFP2310130288",0.0665848072524346,0.0107591822743416,7399,1,"meta_highrescanopyheight_orthophoto",0.5,"orthophoto_50cm_2025","Nord-Norge"
"NINFP2010034200",0.0101110275191415,0.0101080741733313,1352,1,"meta_highrescanopyheight_orthophoto",0.5,"orthophoto_50cm_2025","Nord-Norge"
"NINFP2310135248",0.0565415772984056,0.0100611327216029,16827,1,"meta_highrescanopyheight_orthophoto",0.5,"orthophoto_50cm_2025","Nord-Norge"
"NINFP1910025028",0.721034015874319,0.0240063834935427,4645,2,"meta_highrescanopyheight_orthophoto",0.5,"orthophoto_50cm_2025","Nord-Norge"
"NINFP2410172852",0.134287063359897,0.010109162889421,1910023,46,"meta_highrescanopyheight_orthophoto",0.5,"orthophoto_50cm_2025","Nord-Norge"
"NINFP2210092282",0.0104389178254612,0.0101359174586833,19622,3,"meta_highrescanopyheight_orthophoto",0.5,"orthophoto_50cm_2025","Nord-Norge"
"NINFP1810026442",0.0515850592728205,0.0102707599289715,200406,13,"meta_highrescanopyheight_orthophoto",0.5,"orthophoto_50cm_2025","Nord-Norge"
"NINFP2510210239",0.0759712035097881,0.0104198302142322,10650,3,"meta_highrescanopyheight_orthophoto",0.5,"orthophoto_50cm_2025","Nord-Norge"
"NINFP1810038004",0.94900308213705,0.0671836473047733,2994,3,"meta_highrescanopyheight_orthophoto",0.5,"orthophoto_50cm_2025","Nord-Norge"
"NINFP2010010207",4.33372913279455,4.10163164138794,44647,5,"meta_highrescanopyheight_orthophoto",0.5,"orthophoto_50cm_2025","Nord-Norge"
"NINFP2410174904",0.150740101065058,0.0106903715059161,13281,2,"meta_highrescanopyheight_orthophoto",0.5,"orthophoto_50cm_2025","Nord-Norge"
"NINFP2410156263",1.54020760229554,0.181757993996143,9614,3,"meta_highrescanopyheight_orthophoto",0.5,"orthophoto_50cm_2025","Nord-Norge"
"NINFP1810034735",0.620579319599061,0.0160562004894018,4478,1,"meta_highrescanopyheight_orthophoto",0.5,"orthophoto_50cm_2025","Nord-Norge"
"NINFP2310133611",0.411760070934721,0.0107548125088215,244909,19,"meta_highrescanopyheight_orthophoto",0.5,"orthophoto_50cm_2025","Nord-Norge"
"NINFP2010018213",0.127241145953784,0.010734801646322,259242,16,"meta_highrescanopyheight_orthophoto",0.5,"orthophoto_50cm_2025","Nord-Norge"
"NINFP2010026973",0.0226643096605112,0.010141683742404,17669,1,"meta_highrescanopyheight_orthophoto",0.5,"orthophoto_50cm_2025","Nord-Norge"
"NINFP2210094021",0.34994591469053,0.0133387097157538,5768,2,"meta_highrescanopyheight_orthophoto",0.5,"orthophoto_50cm_2025","Nord-Norge"
"NINFP1810027302",0.557679196090373,0.092056430876255,189,1,"meta_highrescanopyheight_orthophoto",0.5,"orthophoto_50cm_2025","Nord-Norge"
"NINFP2510189919",3.7175268508151,2.79038786888123,12147,4,"meta_highrescanopyheight_orthophoto",0.5,"orthophoto_50cm_2025","Nord-Norge"
"NINFP1910022813",5.90362755982578,5.59519290924072,2296,1,"meta_highrescanopyheight_orthophoto",0.5,"orthophoto_50cm_2025","Nord-Norge"
"NINFP1810036364",1.33675409635859,0.518310695886612,11416,2,"meta_highrescanopyheight_orthophoto",0.5,"orthophoto_50cm_2025","Nord-Norge"
"NINFP2210113992",0.0123755868483221,0.0101003535091877,70848,7,"meta_highrescanopyheight_orthophoto",0.5,"orthophoto_50cm_2025","Nord-Norge"
"NINFP1810030789",0.0732006042895938,0.0120602920651436,6381,2,"meta_highrescanopyheight_orthophoto",0.5,"orthophoto_50cm_2025","Nord-Norge"
"NINFP2510190878",0.0213534959105863,0.0102032301947474,2351,1,"meta_highrescanopyheight_orthophoto",0.5,"orthophoto_50cm_2025","Nord-Norge"
"NINFP1810020900",0.0377669667297542,0.0100667290389538,493800,18,"meta_highrescanopyheight_orthophoto",0.5,"orthophoto_50cm_2025","Nord-Norge"
"NINFP1810031728",0.152406233500355,0.0133766606450081,7525,3,"meta_highrescanopyheight_orthophoto",0.5,"orthophoto_50cm_2025","Nord-Norge"
"NINFP2110026381",0.20399968629277,0.0103041213005781,56529,3,"meta_highrescanopyheight_orthophoto",0.5,"orthophoto_50cm_2025","Nord-Norge"
"NINFP2510203753",0.164553980868554,0.0101167690008879,125261,7,"meta_highrescanopyheight_orthophoto",0.5,"orthophoto_50cm_2025","Nord-Norge"
"NINFP2010040731",0.0318864835921099,0.0102542131207883,17144,3,"meta_highrescanopyheight_orthophoto",0.5,"orthophoto_50cm_2025","Nord-Norge"
"NINFP2110018366",0.136229516894293,0.0104629462584853,15164,3,"meta_highrescanopyheight_orthophoto",0.5,"orthophoto_50cm_2025","Nord-Norge"
"NINFP2010026648",0.180496947042832,0.0107789183966815,4036,2,"meta_highrescanopyheight_orthophoto",0.5,"orthophoto_50cm_2025","Nord-Norge"
"NINFP1810015982",0.0168241938248053,0.0100949415937066,430275,18,"meta_highrescanopyheight_orthophoto",0.5,"orthophoto_50cm_2025","Nord-Norge"
"NINFP1910019029",0.453195016166588,0.0105013535358012,12932,3,"meta_highrescanopyheight_orthophoto",0.5,"orthophoto_50cm_2025","Nord-Norge"
"NINFP1810035859",0.0191622867202454,0.0102262222208083,140364,10,"meta_highrescanopyheight_orthophoto",0.5,"orthophoto_50cm_2025","Nord-Norge"
"NINFP2410163170",0.103488997250359,0.0101319802924991,80647,7,"meta_highrescanopyheight_orthophoto",0.5,"orthophoto_50cm_2025","Nord-Norge"
"NINFP2010024586",0.809062828091149,0.0114795044064522,113636,8,"meta_highrescanopyheight_orthophoto",0.5,"orthophoto_50cm_2025","Nord-Norge"
"NINFP1910024735",0.0123973871809902,0.0102983461692929,8623,2,"meta_highrescanopyheight_orthophoto",0.5,"orthophoto_50cm_2025","Nord-Norge"
"NINFP2310131793",0.0576437752497909,0.0101387416943908,21831,3,"meta_highrescanopyheight_orthophoto",0.5,"orthophoto_50cm_2025","Nord-Norge"
"NINFP1810035812",0.0148764554498809,0.0100848777219653,221575,14,"meta_highrescanopyheight_orthophoto",0.5,"orthophoto_50cm_2025","Nord-Norge"
"NINFP2110026265",0.0103382059115272,0.0102209011092782,19079,4,"meta_highrescanopyheight_orthophoto",0.5,"orthophoto_50cm_2025","Nord-Norge"
"NINFP2510207397",0.536326787560116,0.0241560796275735,3626,1,"meta_highrescanopyheight_orthophoto",0.5,"orthophoto_50cm_2025","Nord-Norge"
"NINFP1910033440",0.397307325156793,0.0107117490842938,26488,4,"meta_highrescanopyheight_orthophoto",0.5,"orthophoto_50cm_2025","Nord-Norge"
"NINFP2510194734",0.408327965548915,0.0561688840389252,8903,2,"meta_highrescanopyheight_orthophoto",0.5,"orthophoto_50cm_2025","Nord-Norge"
"NINFP1810023250",0.0793264086421459,0.0102002918720245,224117,11,"meta_highrescanopyheight_orthophoto",0.5,"orthophoto_50cm_2025","Nord-Norge"
"NINFP2010010218",1.4544486857541,0.330075085163116,9529,1,"meta_highrescanopyheight_orthophoto",0.5,"orthophoto_50cm_2025","Nord-Norge"
"NINFP2110030814",0.011234310242389,0.0100487703457475,44358,5,"meta_highrescanopyheight_orthophoto",0.5,"orthophoto_50cm_2025","Nord-Norge"
"NINFP2010018891",0.0246271967884138,0.0109395431354642,6473,2,"meta_highrescanopyheight_orthophoto",0.5,"orthophoto_50cm_2025","Nord-Norge"
"NINFP2210088594",0.189493167822491,0.0106023866683245,22899,2,"meta_highrescanopyheight_orthophoto",0.5,"orthophoto_50cm_2025","Nord-Norge"
"NINFP2410174871",0.0384910151943714,0.0102225495502353,106713,10,"meta_highrescanopyheight_orthophoto",0.5,"orthophoto_50cm_2025","Nord-Norge"
"NINFP2210099122",0.627361066632488,0.0105904610827565,50756,4,"meta_highrescanopyheight_orthophoto",0.5,"orthophoto_50cm_2025","Nord-Norge"
"NINFP2110059691",0.0546468946448678,0.0112321604974568,9644,3,"meta_highrescanopyheight_orthophoto",0.5,"orthophoto_50cm_2025","Nord-Norge"
"NINFP2210100823",1.72503953587541,0.5340556204319,63720,4,"meta_highrescanopyheight_orthophoto",0.5,"orthophoto_50cm_2025","Nord-Norge"
"NINFP2210085845",6.6982381973588,6.02388286590576,10223,2,"meta_highrescanopyheight_orthophoto",0.5,"orthophoto_50cm_2025","Nord-Norge"
"NINFP2310141707",1.44927371193148,0.337543517351151,6879,2,"meta_highrescanopyheight_orthophoto",0.5,"orthophoto_50cm_2025","Nord-Norge"
"NINFP2110022678",0.0112116472853832,0.0101088308729231,12188,2,"meta_highrescanopyheight_orthophoto",0.5,"orthophoto_50cm_2025","Nord-Norge"
"NINFP2410175096",0.0524781598485323,0.011617248877883,8337,4,"meta_highrescanopyheight_orthophoto",0.5,"orthophoto_50cm_2025","Nord-Norge"
"NINFP2410172853",2.49444685998797,1.52071034908295,110924,8,"meta_highrescanopyheight_orthophoto",0.5,"orthophoto_50cm_2025","Nord-Norge"
"NINFP2010016668",0.0378788830044512,0.0101487818174064,275454,10,"meta_highrescanopyheight_orthophoto",0.5,"orthophoto_50cm_2025","Nord-Norge"
"NINFP2110052613",0.0998631157941517,0.0108645027503371,12023,3,"meta_highrescanopyheight_orthophoto",0.5,"orthophoto_50cm_2025","Nord-Norge"
"NINFP2210108731",0.0653909340298649,0.0105394441634417,11479,3,"meta_highrescanopyheight_orthophoto",0.5,"orthophoto_50cm_2025","Nord-Norge"
"NINFP2210106375",0.0189252775072551,0.0102172568440437,41331,6,"meta_highrescanopyheight_orthophoto",0.5,"orthophoto_50cm_2025","Nord-Norge"
"NINFP2210103815",0.0285925884690956,0.0100965285673738,13335,3,"meta_highrescanopyheight_orthophoto",0.5,"orthophoto_50cm_2025","Nord-Norge"
"NINFP2510201936",0.0112053860982851,0.0101619539782405,8234,2,"meta_highrescanopyheight_orthophoto",0.5,"orthophoto_50cm_2025","Nord-Norge"
"NINFP2210107160",0.116189718892371,0.0104990834370255,35287,4,"meta_highrescanopyheight_orthophoto",0.5,"orthophoto_50cm_2025","Nord-Norge"
"NINFP2210103899",0.0145784349001225,0.0105018634349108,40955,5,"meta_highrescanopyheight_orthophoto",0.5,"orthophoto_50cm_2025","Nord-Norge"
"NINFP2010025021",0.0866825384091401,0.0102235805243254,10259,4,"meta_highrescanopyheight_orthophoto",0.5,"orthophoto_50cm_2025","Nord-Norge"
"NINFP2010040775",1.37653272872814,0.383825048804283,8100,2,"meta_highrescanopyheight_orthophoto",0.5,"orthophoto_50cm_2025","Nord-Norge"
"NINFP2210080760",0.0216211169866444,0.0101049933582544,70283,5,"meta_highrescanopyheight_orthophoto",0.5,"orthophoto_50cm_2025","Nord-Norge"
"NINFP2210089722",0.10549451621647,0.0112017150968313,10739,2,"meta_highrescanopyheight_orthophoto",0.5,"orthophoto_50cm_2025","Nord-Norge"
"NINFP1810029832",1.58049853449633,0.258420705795288,1434,2,"meta_highrescanopyheight_orthophoto",0.5,"orthophoto_50cm_2025","Nord-Norge"
"NINFP2010021820",0.264287225612194,0.0180568005889654,6570,4,"meta_highrescanopyheight_orthophoto",0.5,"orthophoto_50cm_2025","Nord-Norge"
"NINFP2210092167",0.0131637996518299,0.0101029891520739,143436,8,"meta_highrescanopyheight_orthophoto",0.5,"orthophoto_50cm_2025","Nord-Norge"
"NINFP2410172867",0.0102044606533653,0.0101035311818123,98373,5,"meta_highrescanopyheight_orthophoto",0.5,"orthophoto_50cm_2025","Nord-Norge"
"NINFP2310132931",0.496566674470021,0.0116523136384785,9076,4,"meta_highrescanopyheight_orthophoto",0.5,"orthophoto_50cm_2025","Nord-Norge"
"NINFP2510207928",0.76637210581809,0.195504777133465,6432,4,"meta_highrescanopyheight_orthophoto",0.5,"orthophoto_50cm_2025","Nord-Norge"
"NINFP2410161620",0.0504374029697969,0.0104386620223522,26065,3,"meta_highrescanopyheight_orthophoto",0.5,"orthophoto_50cm_2025","Nord-Norge"
"NINFP2110021966",1.8522473486218,0.92802706360817,43594,4,"meta_highrescanopyheight_orthophoto",0.5,"orthophoto_50cm_2025","Nord-Norge"
"NINFP2310130663",0.0992558480237596,0.0104573182761669,88539,8,"meta_highrescanopyheight_orthophoto",0.5,"orthophoto_50cm_2025","Nord-Norge"
"NINFP2310131642",0.0100516009554426,0.0100388117134571,40248,4,"meta_highrescanopyheight_orthophoto",0.5,"orthophoto_50cm_2025","Nord-Norge"
"NINFP1810026449",0.196966021101312,0.0103261088952422,35799,4,"meta_highrescanopyheight_orthophoto",0.5,"orthophoto_50cm_2025","Nord-Norge"
"NINFP2010025020",0.0152414118319874,0.0101491436362267,40330,3,"meta_highrescanopyheight_orthophoto",0.5,"orthophoto_50cm_2025","Nord-Norge"
"NINFP2010029397",0.013223939367741,0.0104600246995687,2244,1,"meta_highrescanopyheight_orthophoto",0.5,"orthophoto_50cm_2025","Nord-Norge"
"NINFP1910019656",0.0294229704949734,0.0100983483716846,223011,16,"meta_highrescanopyheight_orthophoto",0.5,"orthophoto_50cm_2025","Nord-Norge"
"NINFP1810033549",0.687352107142408,0.0111325900070369,133698,9,"meta_highrescanopyheight_orthophoto",0.5,"orthophoto_50cm_2025","Nord-Norge"
"NINFP2410172845",0.0464944298849847,0.0103090945631266,3460054,79,"meta_highrescanopyheight_orthophoto",0.5,"orthophoto_50cm_2025","Nord-Norge"
"NINFP2010023485",6.39388312925141,7.07160687446594,11870,3,"meta_highrescanopyheight_orthophoto",0.5,"orthophoto_50cm_2025","Nord-Norge"
"NINFP1810018807",0.0242288431322861,0.0101555408909917,69313,5,"meta_highrescanopyheight_orthophoto",0.5,"orthophoto_50cm_2025","Nord-Norge"
"NINFP2010012661",0.409396801257317,0.0235193641856313,20370,4,"meta_highrescanopyheight_orthophoto",0.5,"orthophoto_50cm_2025","Nord-Norge"
"NINFP1810023034",0.0518723680943532,0.0101332385092974,76579,6,"meta_highrescanopyheight_orthophoto",0.5,"orthophoto_50cm_2025","Nord-Norge"
"NINFP2110018704",0.559129733218445,0.102645620703697,4305,4,"meta_highrescanopyheight_orthophoto",0.5,"orthophoto_50cm_2025","Nord-Norge"
"NINFP1810033865",2.76718480807129,2.42945265769958,22396,3,"meta_highrescanopyheight_orthophoto",0.5,"orthophoto_50cm_2025","Nord-Norge"
"NINFP2210088684",0.0142745614259029,0.0108677274547517,5816,2,"meta_highrescanopyheight_orthophoto",0.5,"orthophoto_50cm_2025","Nord-Norge"
"NINFP2010015279",0.854847799261346,0.0364938415586948,6377,1,"meta_highrescanopyheight_orthophoto",0.5,"orthophoto_50cm_2025","Nord-Norge"
"NINFP1810012087",0.0303345780969368,0.0101844929158688,42786,4,"meta_highrescanopyheight_orthophoto",0.5,"orthophoto_50cm_2025","Nord-Norge"
"NINFP2510211116",0.0178482181399865,0.010052852332592,159313,10,"meta_highrescanopyheight_orthophoto",0.5,"orthophoto_50cm_2025","Nord-Norge"
"NINFP2210106911",0.0114631204760095,0.0100628808140755,74319,6,"meta_highrescanopyheight_orthophoto",0.5,"orthophoto_50cm_2025","Nord-Norge"
"NINFP2410154340",0.133409954250844,0.012846059165895,4596,4,"meta_highrescanopyheight_orthophoto",0.5,"orthophoto_50cm_2025","Nord-Norge"
"NINFP1810015563",0.602967426725947,0.0469118747860193,52916,7,"meta_highrescanopyheight_orthophoto",0.5,"orthophoto_50cm_2025","Nord-Norge"
"NINFP2210091702",0.0227365778003683,0.0121651226654649,10802,2,"meta_highrescanopyheight_orthophoto",0.5,"orthophoto_50cm_2025","Nord-Norge"
"NINFP2210088598",1.8823811716214,0.373381331562996,45556,5,"meta_highrescanopyheight_orthophoto",0.5,"orthophoto_50cm_2025","Nord-Norge"
"NINFP2110031762",0.0220208835752903,0.0106009002774954,9507,2,"meta_highrescanopyheight_orthophoto",0.5,"orthophoto_50cm_2025","Nord-Norge"
"NINFP2110024389",0.145829786335902,0.0102505395188928,5956,1,"meta_highrescanopyheight_orthophoto",0.5,"orthophoto_50cm_2025","Nord-Norge"
"NINFP2410156017",0.183335938634267,0.0106560965068638,20486,4,"meta_highrescanopyheight_orthophoto",0.5,"orthophoto_50cm_2025","Nord-Norge"
"NINFP2010019084",2.02971554128466,0.815563976764679,7004,3,"meta_highrescanopyheight_orthophoto",0.5,"orthophoto_50cm_2025","Nord-Norge"
"NINFP2010040777",0.116734782915215,0.0100855198688805,367000,17,"meta_highrescanopyheight_orthophoto",0.5,"orthophoto_50cm_2025","Nord-Norge"
"NINFP2510205691",0.151429636980451,0.016991388052702,7035,2,"meta_highrescanopyheight_orthophoto",0.5,"orthophoto_50cm_2025","Nord-Norge"
"NINFP2510189877",0.280139555158199,0.0102499220520258,8199,2,"meta_highrescanopyheight_orthophoto",0.5,"orthophoto_50cm_2025","Nord-Norge"
"NINFP2010024623",0.0326630986088988,0.0101057076826692,5719,4,"meta_highrescanopyheight_orthophoto",0.5,"orthophoto_50cm_2025","Nord-Norge"
"NINFP1910018337",0.0128216371133243,0.0101452488452196,23689,5,"meta_highrescanopyheight_orthophoto",0.5,"orthophoto_50cm_2025","Nord-Norge"
"NINFP2110043542",2.25362180924705,2.14138221740723,4739,1,"meta_highrescanopyheight_orthophoto",0.5,"orthophoto_50cm_2025","Nord-Norge"
"NINFP2310123029",1.0944255110367,0.010610475204885,8231,1,"meta_highrescanopyheight_orthophoto",0.5,"orthophoto_50cm_2025","Nord-Norge"
"NINFP2310131416",0.102366892493161,0.0113373878411949,15556,5,"meta_highrescanopyheight_orthophoto",0.5,"orthophoto_50cm_2025","Nord-Norge"
"NINFP2410161860",0.0835569804168055,0.0134976813569665,5884,3,"meta_highrescanopyheight_orthophoto",0.5,"orthophoto_50cm_2025","Nord-Norge"
"NINFP2010023500",0.223892339519891,0.0100963320583105,93670,6,"meta_highrescanopyheight_orthophoto",0.5,"orthophoto_50cm_2025","Nord-Norge"
"NINFP2010006883",0.799546830412628,0.0106829218566418,235521,13,"meta_highrescanopyheight_orthophoto",0.5,"orthophoto_50cm_2025","Nord-Norge"
"NINFP2210077669",0.0252166034538543,0.0101867895573378,233687,12,"meta_highrescanopyheight_orthophoto",0.5,"orthophoto_50cm_2025","Nord-Norge"
"NINFP1810035098",0.010211533668336,0.010069165378809,56479,5,"meta_highrescanopyheight_orthophoto",0.5,"orthophoto_50cm_2025","Nord-Norge"
"NINFP2110069789",0.331157226107356,0.0108719165436924,24232,4,"meta_highrescanopyheight_orthophoto",0.5,"orthophoto_50cm_2025","Nord-Norge"
"NINFP2210087525",2.742380446509,0.822901904582977,29800,5,"meta_highrescanopyheight_orthophoto",0.5,"orthophoto_50cm_2025","Nord-Norge"
"NINFP2110020413",0.159904021130701,0.0102639175020158,13132,4,"meta_highrescanopyheight_orthophoto",0.5,"orthophoto_50cm_2025","Nord-Norge"
"NINFP2110045112",0.150564177345625,0.0102170896716416,57906,6,"meta_highrescanopyheight_orthophoto",0.5,"orthophoto_50cm_2025","Nord-Norge"
"NINFP2510198062",2.10327292819533,1.16999506950378,15868,2,"meta_highrescanopyheight_orthophoto",0.5,"orthophoto_50cm_2025","Nord-Norge"
"NINFP2310123656",0.298889117954532,0.0110299028456211,3251,4,"meta_highrescanopyheight_orthophoto",0.5,"orthophoto_50cm_2025","Nord-Norge"
"NINFP1810024914",0.0800236663700884,0.0101166926324368,320819,13,"meta_highrescanopyheight_orthophoto",0.5,"orthophoto_50cm_2025","Nord-Norge"
"NINFP2210090070",5.10302685449258,5.3600652217865,122826,10,"meta_highrescanopyheight_orthophoto",0.5,"orthophoto_50cm_2025","Nord-Norge"
"NINFP2310132930",0.0323962486062006,0.010200418997556,20642,3,"meta_highrescanopyheight_orthophoto",0.5,"orthophoto_50cm_2025","Nord-Norge"
"NINFP2310134115",0.0299923850789159,0.0100640440359712,20683,1,"meta_highrescanopyheight_orthophoto",0.5,"orthophoto_50cm_2025","Nord-Norge"
"NINFP2010036716",1.50593263082512,0.629521757364273,9144,2,"meta_highrescanopyheight_orthophoto",0.5,"orthophoto_50cm_2025","Nord-Norge"
"NINFP2010036696",1.34997548557088,0.335109293460846,4975,2,"meta_highrescanopyheight_orthophoto",0.5,"orthophoto_50cm_2025","Nord-Norge"
"NINFP2210099844",0.0116216424342891,0.0100767561234534,85444,5,"meta_highrescanopyheight_orthophoto",0.5,"orthophoto_50cm_2025","Nord-Norge"
"NINFP1910018762",0.56896617016689,0.015488600358367,24753,3,"meta_highrescanopyheight_orthophoto",0.5,"orthophoto_50cm_2025","Nord-Norge"
"NINFP2010022396",8.71557129946905,9.50826072692871,6695,2,"meta_highrescanopyheight_orthophoto",0.5,"orthophoto_50cm_2025","Nord-Norge"
"NINFP2010025009",0.0101038032762662,0.0100915934890509,49455,4,"meta_highrescanopyheight_orthophoto",0.5,"orthophoto_50cm_2025","Nord-Norge"
"NINFP2510186709",0.0105456012782944,0.0101934322156012,20490,4,"meta_highrescanopyheight_orthophoto",0.5,"orthophoto_50cm_2025","Nord-Norge"
"NINFP2210102058",0.312925684471434,0.0117765166796744,6748,2,"meta_highrescanopyheight_orthophoto",0.5,"orthophoto_50cm_2025","Nord-Norge"
"NINFP2510208736",0.956211903934907,0.0938603393733501,25372,3,"meta_highrescanopyheight_orthophoto",0.5,"orthophoto_50cm_2025","Nord-Norge"
"NINFP2010055730",4.51358192763667,4.69878482818604,19787,6,"meta_highrescanopyheight_orthophoto",0.5,"orthophoto_50cm_2025","Nord-Norge"
"NINFP2310129545",0.762557691086106,0.0105103794485331,10339,3,"meta_highrescanopyheight_orthophoto",0.5,"orthophoto_50cm_2025","Nord-Norge"
"NINFP2410155537",0.219634084040226,0.0135206747800112,4435,2,"meta_highrescanopyheight_orthophoto",0.5,"orthophoto_50cm_2025","Nord-Norge"
"NINFP2410156631",0.0353681904471416,0.0107413632795215,5163,2,"meta_highrescanopyheight_orthophoto",0.5,"orthophoto_50cm_2025","Nord-Norge"
"NINFP2210106909",0.0115899655852846,0.0100976368412375,50909,7,"meta_highrescanopyheight_orthophoto",0.5,"orthophoto_50cm_2025","Nord-Norge"
"NINFP2210082746",0.855085167211374,0.0199567079544067,5869,1,"meta_highrescanopyheight_orthophoto",0.5,"orthophoto_50cm_2025","Nord-Norge"
"NINFP1910014148",2.9869646715515,0.438068941235542,17196,3,"meta_highrescanopyheight_orthophoto",0.5,"orthophoto_50cm_2025","Nord-Norge"
"NINFP2410157355",0.0153283112157113,0.0101691097952425,13932,2,"meta_highrescanopyheight_orthophoto",0.5,"orthophoto_50cm_2025","Nord-Norge"
"NINFP2110034663",0.318476080448914,0.0158769683912396,4586,4,"meta_highrescanopyheight_orthophoto",0.5,"orthophoto_50cm_2025","Nord-Norge"
"NINFP2210087520",3.52809125951328,1.12692403793335,43531,5,"meta_highrescanopyheight_orthophoto",0.5,"orthophoto_50cm_2025","Nord-Norge"
"NINFP2210106595",0.0225117893984008,0.010163675993681,114723,10,"meta_highrescanopyheight_orthophoto",0.5,"orthophoto_50cm_2025","Nord-Norge"
"NINFP2010025940",0.266508547359124,0.0227469243109226,28143,4,"meta_highrescanopyheight_orthophoto",0.5,"orthophoto_50cm_2025","Nord-Norge"
"NINFP2010021893",0.338046371063605,0.0140755362808704,52615,4,"meta_highrescanopyheight_orthophoto",0.5,"orthophoto_50cm_2025","Nord-Norge"
"NINFP2410155546",0.0384847260709704,0.0110242539085448,3270,2,"meta_highrescanopyheight_orthophoto",0.5,"orthophoto_50cm_2025","Nord-Norge"
"NINFP1810038331",1.50723392237277,0.122566267848015,4355,2,"meta_highrescanopyheight_orthophoto",0.5,"orthophoto_50cm_2025","Nord-Norge"
"NINFP2210089613",1.47557698341112,0.357445284724236,3858,4,"meta_highrescanopyheight_orthophoto",0.5,"orthophoto_50cm_2025","Nord-Norge"
"NINFP1810025366",1.97589744507591,1.32656711339951,6698,2,"meta_highrescanopyheight_orthophoto",0.5,"orthophoto_50cm_2025","Nord-Norge"
"NINFP1810036363",0.0441346869639572,0.010192864574492,151522,8,"meta_highrescanopyheight_orthophoto",0.5,"orthophoto_50cm_2025","Nord-Norge"
"NINFP1810029837",1.1836598589085,0.161751739680767,80,1,"meta_highrescanopyheight_orthophoto",0.5,"orthophoto_50cm_2025","Nord-Norge"
"NINFP2210102054",3.81988357471513,4.09557795524597,5696,1,"meta_highrescanopyheight_orthophoto",0.5,"orthophoto_50cm_2025","Nord-Norge"
"NINFP2410157793",5.65711650054234,6.35554981231689,5772,2,"meta_highrescanopyheight_orthophoto",0.5,"orthophoto_50cm_2025","Nord-Norge"
"NINFP2410156469",0.0903477343418704,0.0109771909192204,5022,4,"meta_highrescanopyheight_orthophoto",0.5,"orthophoto_50cm_2025","Nord-Norge"
"NINFP2310141711",4.07686917418736,3.75903582572937,5101,4,"meta_highrescanopyheight_orthophoto",0.5,"orthophoto_50cm_2025","Nord-Norge"
"NINFP1810027230",0.646977713806959,0.0132963107898831,18257,3,"meta_highrescanopyheight_orthophoto",0.5,"orthophoto_50cm_2025","Nord-Norge"
"NINFP1810027999",0.0268656355553038,0.0101177375763655,109197,5,"meta_highrescanopyheight_orthophoto",0.5,"orthophoto_50cm_2025","Nord-Norge"
"NINFP2510185466",0.0101316537411953,0.0100882397964597,16507,2,"meta_highrescanopyheight_orthophoto",0.5,"orthophoto_50cm_2025","Nord-Norge"
"NINFP2010025035",0.441002575760784,0.0128854643553495,50568,4,"meta_highrescanopyheight_orthophoto",0.5,"orthophoto_50cm_2025","Nord-Norge"
"NINFP2210086266",0.61125860134856,0.0112476767972112,15118,1,"meta_highrescanopyheight_orthophoto",0.5,"orthophoto_50cm_2025","Nord-Norge"
"NINFP2210103891",0.0819870237723632,0.0103243552148342,7997,2,"meta_highrescanopyheight_orthophoto",0.5,"orthophoto_50cm_2025","Nord-Norge"
"NINFP2110055028",0.0100315728445998,0.0100289047695696,4278,1,"meta_highrescanopyheight_orthophoto",0.5,"orthophoto_50cm_2025","Nord-Norge"
"NINFP2310133586",0.174173204942205,0.0112745934166014,42098,5,"meta_highrescanopyheight_orthophoto",0.5,"orthophoto_50cm_2025","Nord-Norge"
"NINFP1810032718",1.3237399135483,0.0237408727407455,16701,4,"meta_highrescanopyheight_orthophoto",0.5,"orthophoto_50cm_2025","Nord-Norge"
"NINFP2510189085",0.587164290035959,0.010380273219198,25484,5,"meta_highrescanopyheight_orthophoto",0.5,"orthophoto_50cm_2025","Nord-Norge"
"NINFP1810025372",2.01040580201162,0.693370401859283,61723,7,"meta_highrescanopyheight_orthophoto",0.5,"orthophoto_50cm_2025","Nord-Norge"
"NINFP2410156630",1.00939318862735,0.163697332143784,6142,2,"meta_highrescanopyheight_orthophoto",0.5,"orthophoto_50cm_2025","Nord-Norge"
"NINFP2310135791",0.27084396104282,0.0161968804895878,17605,2,"meta_highrescanopyheight_orthophoto",0.5,"orthophoto_50cm_2025","Nord-Norge"
"NINFP1910025951",0.89158220071436,0.0183548573404551,5023,2,"meta_highrescanopyheight_orthophoto",0.5,"orthophoto_50cm_2025","Nord-Norge"
"NINFP1810029777",0.248000815910992,0.0228252112865448,10001,1,"meta_highrescanopyheight_orthophoto",0.5,"orthophoto_50cm_2025","Nord-Norge"
"NINFP2410174104",0.010885441578739,0.0100572668015957,67035,5,"meta_highrescanopyheight_orthophoto",0.5,"orthophoto_50cm_2025","Nord-Norge"
"NINFP1810037425",1.38066711268418,0.0383310113102198,246686,14,"meta_highrescanopyheight_orthophoto",0.5,"orthophoto_50cm_2025","Nord-Norge"
"NINFP1810035790",0.777970783387498,0.0480092316865921,35150,5,"meta_highrescanopyheight_orthophoto",0.5,"orthophoto_50cm_2025","Nord-Norge"
"NINFP1810033393",0.214543128025497,0.0105865113437176,11941,4,"meta_highrescanopyheight_orthophoto",0.5,"orthophoto_50cm_2025","Nord-Norge"
"NINFP2510188558",0.0100546096594794,0.010038185864687,58495,4,"meta_highrescanopyheight_orthophoto",0.5,"orthophoto_50cm_2025","Nord-Norge"
"NINFP2110019318",4.4336106886819,4.55188131332397,4187,1,"meta_highrescanopyheight_orthophoto",0.5,"orthophoto_50cm_2025","Nord-Norge"
"NINFP2210081763",0.0675049745209272,0.0104989260435104,37865,4,"meta_highrescanopyheight_orthophoto",0.5,"orthophoto_50cm_2025","Nord-Norge"
"NINFP2210088659",0.105895065721937,0.011495721526444,8480,2,"meta_highrescanopyheight_orthophoto",0.5,"orthophoto_50cm_2025","Nord-Norge"
"NINFP2010026786",2.74912631166615,2.16330194473267,10675,2,"meta_highrescanopyheight_orthophoto",0.5,"orthophoto_50cm_2025","Nord-Norge"
"NINFP2410155473",1.08440387987783,0.102094259113073,44560,4,"meta_highrescanopyheight_orthophoto",0.5,"orthophoto_50cm_2025","Nord-Norge"
"NINFP2010023982",4.57164250414976,4.61068725585938,61539,7,"meta_highrescanopyheight_orthophoto",0.5,"orthophoto_50cm_2025","Nord-Norge"
"NINFP2310130274",0.0431043102697642,0.0101194409653544,72960,5,"meta_highrescanopyheight_orthophoto",0.5,"orthophoto_50cm_2025","Nord-Norge"
"NINFP2010021277",2.21768776279319,0.885330140590668,21798,2,"meta_highrescanopyheight_orthophoto",0.5,"orthophoto_50cm_2025","Nord-Norge"
"NINFP2110019454",1.27625031261152,0.136007443070412,7545,1,"meta_highrescanopyheight_orthophoto",0.5,"orthophoto_50cm_2025","Nord-Norge"
"NINFP2510210497",0.211638893182703,0.0125957876443863,25003,4,"meta_highrescanopyheight_orthophoto",0.5,"orthophoto_50cm_2025","Nord-Norge"
"NINFP2510206032",0.0517444666145792,0.0121448095887899,171321,8,"meta_highrescanopyheight_orthophoto",0.5,"orthophoto_50cm_2025","Nord-Norge"
"NINFP2510204293",0.0100509933912484,0.0100386785343289,5852,2,"meta_highrescanopyheight_orthophoto",0.5,"orthophoto_50cm_2025","Nord-Norge"
"NINFP2010024633",1.02110481695629,0.0922221839427948,10105,3,"meta_highrescanopyheight_orthophoto",0.5,"orthophoto_50cm_2025","Nord-Norge"
"NINFP2010045679",0.848800084080542,0.0984025523066521,5746,3,"meta_highrescanopyheight_orthophoto",0.5,"orthophoto_50cm_2025","Nord-Norge"
"NINFP2310136837",1.81256251993058,0.88891389966011,6716,2,"meta_highrescanopyheight_orthophoto",0.5,"orthophoto_50cm_2025","Nord-Norge"
"NINFP2410157049",2.96371957827748,1.08485507965088,7522,2,"meta_highrescanopyheight_orthophoto",0.5,"orthophoto_50cm_2025","Nord-Norge"
"NINFP2310121964",0.0259698301316498,0.0100537994876504,120618,7,"meta_highrescanopyheight_orthophoto",0.5,"orthophoto_50cm_2025","Nord-Norge"
"NINFP2210076342",0.012227398352801,0.0102196605876088,10978,2,"meta_highrescanopyheight_orthophoto",0.5,"orthophoto_50cm_2025","Nord-Norge"
"NINFP1810026898",1.0717817653013,0.0695715919137001,21179,2,"meta_highrescanopyheight_orthophoto",0.5,"orthophoto_50cm_2025","Nord-Norge"
"NINFP2110020975",0.657889201093473,0.0378364473581314,15869,1,"meta_highrescanopyheight_orthophoto",0.5,"orthophoto_50cm_2025","Nord-Norge"
"NINFP2510203921",0.0134043460575992,0.0101024620234966,69175,5,"meta_highrescanopyheight_orthophoto",0.5,"orthophoto_50cm_2025","Nord-Norge"
"NINFP2510219259",0.0103468712720011,0.0100811258889735,1152,1,"meta_highrescanopyheight_orthophoto",0.5,"orthophoto_50cm_2025","Nord-Norge"
"NINFP2010038738",0.110700230433671,0.0116879818961024,35363,4,"meta_highrescanopyheight_orthophoto",0.5,"orthophoto_50cm_2025","Nord-Norge"
"NINFP2410152094",0.09067180621997,0.0101816742680967,330784,15,"meta_highrescanopyheight_orthophoto",0.5,"orthophoto_50cm_2025","Nord-Norge"
"NINFP1810033396",0.068957638469577,0.0118305804207921,72823,5,"meta_highrescanopyheight_orthophoto",0.5,"orthophoto_50cm_2025","Nord-Norge"
"NINFP2210100126",0.0143708967102413,0.0101936832070351,170890,8,"meta_highrescanopyheight_orthophoto",0.5,"orthophoto_50cm_2025","Nord-Norge"
"NINFP2110036027",0.0100477121363159,0.010035895742476,61118,6,"meta_highrescanopyheight_orthophoto",0.5,"orthophoto_50cm_2025","Nord-Norge"
"NINFP2010007073",0.235042473915612,0.0101440111175179,477033,14,"meta_highrescanopyheight_orthophoto",0.5,"orthophoto_50cm_2025","Nord-Norge"
"NINFP2110033300",3.56530411778495,3.41149795055389,21916,4,"meta_highrescanopyheight_orthophoto",0.5,"orthophoto_50cm_2025","Nord-Norge"
"NINFP1810029844",0.0209432905684261,0.0116544626653194,258,1,"meta_highrescanopyheight_orthophoto",0.5,"orthophoto_50cm_2025","Nord-Norge"
"NINFP2210080194",0.0114577441822382,0.0101338140666485,73745,7,"meta_highrescanopyheight_orthophoto",0.5,"orthophoto_50cm_2025","Nord-Norge"
"NINFP2310127396",0.663682545262489,0.0123670361936092,23483,5,"meta_highrescanopyheight_orthophoto",0.5,"orthophoto_50cm_2025","Nord-Norge"
"NINFP1910029514",2.05010104945991,0.498312562704086,7135,2,"meta_highrescanopyheight_orthophoto",0.5,"orthophoto_50cm_2025","Nord-Norge"
"NINFP1810037989",0.89645255693122,0.0109162526205182,68838,4,"meta_highrescanopyheight_orthophoto",0.5,"orthophoto_50cm_2025","Nord-Norge"
"NINFP2410163079",0.115052697410122,0.011149006895721,6568,4,"meta_highrescanopyheight_orthophoto",0.5,"orthophoto_50cm_2025","Nord-Norge"
"NINFP2310132337",0.0114479186162007,0.0102598234079778,5826,2,"meta_highrescanopyheight_orthophoto",0.5,"orthophoto_50cm_2025","Nord-Norge"
"NINFP1910025833",0.012865786459364,0.0101480819284916,9715,3,"meta_highrescanopyheight_orthophoto",0.5,"orthophoto_50cm_2025","Nord-Norge"
"NINFP2110036301",0.0101785433494552,0.0100739998742938,124713,8,"meta_highrescanopyheight_orthophoto",0.5,"orthophoto_50cm_2025","Nord-Norge"
"NINFP2110030681",0.0105801605765811,0.0100700566545129,128807,6,"meta_highrescanopyheight_orthophoto",0.5,"orthophoto_50cm_2025","Nord-Norge"
"NINFP2010025349",0.0781465764636964,0.0102582275867462,8789,2,"meta_highrescanopyheight_orthophoto",0.5,"orthophoto_50cm_2025","Nord-Norge"
"NINFP2510185748",0.0222882994267263,0.0101850787177682,32125,4,"meta_highrescanopyheight_orthophoto",0.5,"orthophoto_50cm_2025","Nord-Norge"
"NINFP1810030853",1.07960137447303,0.274939894676208,107035,5,"meta_highrescanopyheight_orthophoto",0.5,"orthophoto_50cm_2025","Nord-Norge"
"NINFP2510202469",0.0446628986910433,0.0108537818305194,15014,2,"meta_highrescanopyheight_orthophoto",0.5,"orthophoto_50cm_2025","Nord-Norge"
"NINFP1810037352",0.1424528034195,0.0121933948248625,1694,1,"meta_highrescanopyheight_orthophoto",0.5,"orthophoto_50cm_2025","Nord-Norge"
"NINFP2010040890",0.108003087786366,0.0103754810988903,12171,4,"meta_highrescanopyheight_orthophoto",0.5,"orthophoto_50cm_2025","Nord-Norge"
"NINFP2310132945",0.129574789995863,0.0112244160845876,10263,4,"meta_highrescanopyheight_orthophoto",0.5,"orthophoto_50cm_2025","Nord-Norge"
"NINFP1910025364",0.9395651445329,0.0416569598019123,9413,4,"meta_highrescanopyheight_orthophoto",0.5,"orthophoto_50cm_2025","Nord-Norge"
"NINFP2410174792",0.0666784557082629,0.0106253456324339,6295,2,"meta_highrescanopyheight_orthophoto",0.5,"orthophoto_50cm_2025","Nord-Norge"
"NINFP2210083933",0.0839002829015194,0.011042473372072,5364,2,"meta_highrescanopyheight_orthophoto",0.5,"orthophoto_50cm_2025","Nord-Norge"
"NINFP2110019590",0.0156085592434311,0.0101059218868613,103395,8,"meta_highrescanopyheight_orthophoto",0.5,"orthophoto_50cm_2025","Nord-Norge"
"NINFP2510200579",0.0246424449172792,0.0104498229920864,1743,2,"meta_highrescanopyheight_orthophoto",0.5,"orthophoto_50cm_2025","Nord-Norge"
"NINFP2410162282",1.27071280739532,0.3762167096138,10629,1,"meta_highrescanopyheight_orthophoto",0.5,"orthophoto_50cm_2025","Nord-Norge"
"NINFP2410156018",0.567025585244014,0.0131054865196347,30807,5,"meta_highrescanopyheight_orthophoto",0.5,"orthophoto_50cm_2025","Nord-Norge"
"NINFP2210086962",0.478180959125028,0.0157094392925501,4115,1,"meta_highrescanopyheight_orthophoto",0.5,"orthophoto_50cm_2025","Nord-Norge"
"NINFP1810035110",0.434305297265042,0.0288494788110256,462315,25,"meta_highrescanopyheight_orthophoto",0.5,"orthophoto_50cm_2025","Nord-Norge"
"NINFP2410174909",0.0590578230080617,0.0108697316609323,3882,1,"meta_highrescanopyheight_orthophoto",0.5,"orthophoto_50cm_2025","Nord-Norge"
"NINFP2010021788",2.61808702613501,0.944060981273651,4256,1,"meta_highrescanopyheight_orthophoto",0.5,"orthophoto_50cm_2025","Nord-Norge"
"NINFP2410173032",0.167712157169018,0.0127975568175316,4010,2,"meta_highrescanopyheight_orthophoto",0.5,"orthophoto_50cm_2025","Nord-Norge"
"NINFP1810031597",0.0124439721492874,0.0100348442792892,130771,9,"meta_highrescanopyheight_orthophoto",0.5,"orthophoto_50cm_2025","Nord-Norge"
"NINFP2110051652",1.6789909683211,0.0212808977812529,5845,3,"meta_highrescanopyheight_orthophoto",0.5,"orthophoto_50cm_2025","Nord-Norge"
"NINFP1910012656",0.0447336317198581,0.0103628830984235,367637,17,"meta_highrescanopyheight_orthophoto",0.5,"orthophoto_50cm_2025","Nord-Norge"
"NINFP2210106157",0.0519907756518327,0.0104478318244219,8631,2,"meta_highrescanopyheight_orthophoto",0.5,"orthophoto_50cm_2025","Nord-Norge"
"NINFP2010013719",3.12340868964354,3.2922842502594,2647,1,"meta_highrescanopyheight_orthophoto",0.5,"orthophoto_50cm_2025","Nord-Norge"
"NINFP2110021937",1.74052905682885,0.588137984275818,15024,3,"meta_highrescanopyheight_orthophoto",0.5,"orthophoto_50cm_2025","Nord-Norge"
"NINFP2510211837",0.165382885238614,0.0143111143261194,4096,2,"meta_highrescanopyheight_orthophoto",0.5,"orthophoto_50cm_2025","Nord-Norge"
"NINFP2110021942",0.0774311600740369,0.0102279484272003,5981,2,"meta_highrescanopyheight_orthophoto",0.5,"orthophoto_50cm_2025","Nord-Norge"
"NINFP2410174372",0.0100556437561061,0.010048184543848,35611,5,"meta_highrescanopyheight_orthophoto",0.5,"orthophoto_50cm_2025","Nord-Norge"
"NINFP2310128543",0.0998532428172651,0.0149229937233031,4004,2,"meta_highrescanopyheight_orthophoto",0.5,"orthophoto_50cm_2025","Nord-Norge"
"NINFP1810021962",0.0297270508999797,0.0101550118997693,93326,8,"meta_highrescanopyheight_orthophoto",0.5,"orthophoto_50cm_2025","Nord-Norge"
"NINFP2410154585",2.11488546686303,0.740614920854568,6970,1,"meta_highrescanopyheight_orthophoto",0.5,"orthophoto_50cm_2025","Nord-Norge"
"NINFP1810018938",1.62174349595176,0.370691522955894,20182,2,"meta_highrescanopyheight_orthophoto",0.5,"orthophoto_50cm_2025","Nord-Norge"
"NINFP2510209496",0.248355541306469,0.0109613863751292,66745,5,"meta_highrescanopyheight_orthophoto",0.5,"orthophoto_50cm_2025","Nord-Norge"
"NINFP1810035109",1.15843946893721,0.0616994202136993,121667,11,"meta_highrescanopyheight_orthophoto",0.5,"orthophoto_50cm_2025","Nord-Norge"
"NINFP1810022975",1.49639305995891,0.727984309196472,9903,2,"meta_highrescanopyheight_orthophoto",0.5,"orthophoto_50cm_2025","Nord-Norge"
"NINFP1910060304",0.0435535847487546,0.0120338806882501,29113,4,"meta_highrescanopyheight_orthophoto",0.5,"orthophoto_50cm_2025","Nord-Norge"
"NINFP2110044520",0.048369274674976,0.0101673509925604,342593,17,"meta_highrescanopyheight_orthophoto",0.5,"orthophoto_50cm_2025","Nord-Norge"
"NINFP1910025974",0.122853415735698,0.0101610771380365,24568,2,"meta_highrescanopyheight_orthophoto",0.5,"orthophoto_50cm_2025","Nord-Norge"
"NINFP2410174805",1.98551766877529,0.461795017123222,5690,2,"meta_highrescanopyheight_orthophoto",0.5,"orthophoto_50cm_2025","Nord-Norge"
"NINFP1910021104",1.62816321507006,0.104890167713165,3169,1,"meta_highrescanopyheight_orthophoto",0.5,"orthophoto_50cm_2025","Nord-Norge"
"NINFP2310121190",0.209556797155856,0.010822594165802,23235,4,"meta_highrescanopyheight_orthophoto",0.5,"orthophoto_50cm_2025","Nord-Norge"
"NINFP2310141719",0.188348687312132,0.0103151993826032,59391,6,"meta_highrescanopyheight_orthophoto",0.5,"orthophoto_50cm_2025","Nord-Norge"
"NINFP2010041556",0.123398221327835,0.0108979400247335,6221,1,"meta_highrescanopyheight_orthophoto",0.5,"orthophoto_50cm_2025","Nord-Norge"
"NINFP2210078147",0.0281643671952872,0.0100678289309144,99178,5,"meta_highrescanopyheight_orthophoto",0.5,"orthophoto_50cm_2025","Nord-Norge"
"NINFP2010039038",2.74247227521334,2.23198461532593,11930,5,"meta_highrescanopyheight_orthophoto",0.5,"orthophoto_50cm_2025","Nord-Norge"
"NINFP1810022347",0.0757775123355217,0.0102128824219108,38685,4,"meta_highrescanopyheight_orthophoto",0.5,"orthophoto_50cm_2025","Nord-Norge"
"NINFP2110068613",0.0186141536235239,0.0103313606232405,4179,1,"meta_highrescanopyheight_orthophoto",0.5,"orthophoto_50cm_2025","Nord-Norge"
"NINFP2510189321",0.2861233944049,0.0103074815124273,41121,7,"meta_highrescanopyheight_orthophoto",0.5,"orthophoto_50cm_2025","Nord-Norge"
"NINFP1910021917",0.569411470936711,0.0265015251934528,72547,5,"meta_highrescanopyheight_orthophoto",0.5,"orthophoto_50cm_2025","Nord-Norge"
"NINFP2410151158",0.0165230065919751,0.0102040003985167,12367,1,"meta_highrescanopyheight_orthophoto",0.5,"orthophoto_50cm_2025","Nord-Norge"
"NINFP2210111524",1.33900884553461,0.631776958703995,46976,5,"meta_highrescanopyheight_orthophoto",0.5,"orthophoto_50cm_2025","Nord-Norge"
"NINFP2010014930",0.0640611902520987,0.0102428691461682,29022,4,"meta_highrescanopyheight_orthophoto",0.5,"orthophoto_50cm_2025","Nord-Norge"
"NINFP1910023731",2.47756001115445,0.331273406744003,2119,3,"meta_highrescanopyheight_orthophoto",0.5,"orthophoto_50cm_2025","Nord-Norge"
"NINFP2210094476",0.0307433673230607,0.010397382080555,14445,4,"meta_highrescanopyheight_orthophoto",0.5,"orthophoto_50cm_2025","Nord-Norge"
"NINFP2510189271",0.16201981622843,0.0104690780863166,42086,4,"meta_highrescanopyheight_orthophoto",0.5,"orthophoto_50cm_2025","Nord-Norge"
"NINFP1810046822",0.027449079587844,0.0104606915265322,22111,3,"meta_highrescanopyheight_orthophoto",0.5,"orthophoto_50cm_2025","Nord-Norge"
"NINFP2410154267",2.40359193198995,1.99437260627747,4962,2,"meta_highrescanopyheight_orthophoto",0.5,"orthophoto_50cm_2025","Nord-Norge"
"NINFP2410156315",2.78068924059393,1.69907438755035,7884,3,"meta_highrescanopyheight_orthophoto",0.5,"orthophoto_50cm_2025","Nord-Norge"
"NINFP2310131639",0.0178558047003436,0.0102572003379464,15867,3,"meta_highrescanopyheight_orthophoto",0.5,"orthophoto_50cm_2025","Nord-Norge"
"NINFP2110021444",3.3344610131746,2.83991599082947,14858,3,"meta_highrescanopyheight_orthophoto",0.5,"orthophoto_50cm_2025","Nord-Norge"
"NINFP2210107550",0.0145320465927113,0.0102730276994407,6170,2,"meta_highrescanopyheight_orthophoto",0.5,"orthophoto_50cm_2025","Nord-Norge"
"NINFP2210104218",0.0105007869205919,0.0102977114729583,8636,2,"meta_highrescanopyheight_orthophoto",0.5,"orthophoto_50cm_2025","Nord-Norge"
"NINFP2010026144",1.03923996288869,0.0645987391471863,36222,6,"meta_highrescanopyheight_orthophoto",0.5,"orthophoto_50cm_2025","Nord-Norge"
"NINFP2410172376",3.34932812020902,2.08900058269501,6724,3,"meta_highrescanopyheight_orthophoto",0.5,"orthophoto_50cm_2025","Nord-Norge"
"NINFP2110050395",0.871610898057232,0.0617301687598228,35161,4,"meta_highrescanopyheight_orthophoto",0.5,"orthophoto_50cm_2025","Nord-Norge"
"NINFP2210096376",0.049675436470659,0.0108493133448064,5428,3,"meta_highrescanopyheight_orthophoto",0.5,"orthophoto_50cm_2025","Nord-Norge"
"NINFP2410156096",0.0630205405544622,0.0102512650191784,70073,4,"meta_highrescanopyheight_orthophoto",0.5,"orthophoto_50cm_2025","Nord-Norge"
"NINFP1910032944",0.834250249529481,0.354590475559235,4553,1,"meta_highrescanopyheight_orthophoto",0.5,"orthophoto_50cm_2025","Nord-Norge"
"NINFP1810034602",0.0511763273947123,0.0103861871175468,87388,6,"meta_highrescanopyheight_orthophoto",0.5,"orthophoto_50cm_2025","Nord-Norge"
"NINFP2110019073",4.36415317635726,4.58710861206055,67033,6,"meta_highrescanopyheight_orthophoto",0.5,"orthophoto_50cm_2025","Nord-Norge"
"NINFP2010043212",0.103056553154263,0.0121227884665132,5543,2,"meta_highrescanopyheight_orthophoto",0.5,"orthophoto_50cm_2025","Nord-Norge"
"NINFP2510201417",0.0796358813816322,0.0100893238559365,18471,4,"meta_highrescanopyheight_orthophoto",0.5,"orthophoto_50cm_2025","Nord-Norge"
"NINFP2210084303",0.0170568059440257,0.0105419051833451,45052,4,"meta_highrescanopyheight_orthophoto",0.5,"orthophoto_50cm_2025","Nord-Norge"
"NINFP2510206667",0.0105427023868242,0.0101124048233032,115435,7,"meta_highrescanopyheight_orthophoto",0.5,"orthophoto_50cm_2025","Nord-Norge"
"NINFP2210084699",0.235484392992846,0.010978733189404,36532,6,"meta_highrescanopyheight_orthophoto",0.5,"orthophoto_50cm_2025","Nord-Norge"
"NINFP2510205750",0.792082196393238,0.051896333694458,13097,3,"meta_highrescanopyheight_orthophoto",0.5,"orthophoto_50cm_2025","Nord-Norge"
"NINFP2010020207",5.0860274847541,5.07978343963623,76057,6,"meta_highrescanopyheight_orthophoto",0.5,"orthophoto_50cm_2025","Nord-Norge"
"NINFP1810033863",0.0196001673061646,0.0101518174633384,108744,8,"meta_highrescanopyheight_orthophoto",0.5,"orthophoto_50cm_2025","Nord-Norge"
"NINFP2210088602",0.340884866487675,0.012304057367146,16567,4,"meta_highrescanopyheight_orthophoto",0.5,"orthophoto_50cm_2025","Nord-Norge"
"NINFP2510185498",0.0265105699433711,0.0100964782759547,41633,5,"meta_highrescanopyheight_orthophoto",0.5,"orthophoto_50cm_2025","Nord-Norge"
"NINFP2010025015",0.0114374579756407,0.0100382501259446,370485,14,"meta_highrescanopyheight_orthophoto",0.5,"orthophoto_50cm_2025","Nord-Norge"
"NINFP2510207367",0.207139493158414,0.0112420441582799,7274,2,"meta_highrescanopyheight_orthophoto",0.5,"orthophoto_50cm_2025","Nord-Norge"
"NINFP1810016204",0.0937866413644893,0.010270441416651,77674,6,"meta_highrescanopyheight_orthophoto",0.5,"orthophoto_50cm_2025","Nord-Norge"
"NINFP2510211694",0.633693395066965,0.0430065207183361,9287,2,"meta_highrescanopyheight_orthophoto",0.5,"orthophoto_50cm_2025","Nord-Norge"
"NINFP2110024844",0.271455642139651,0.010620822198689,16451,4,"meta_highrescanopyheight_orthophoto",0.5,"orthophoto_50cm_2025","Nord-Norge"
"NINFP1810012081",0.0669473099351225,0.0103039303794503,87047,7,"meta_highrescanopyheight_orthophoto",0.5,"orthophoto_50cm_2025","Nord-Norge"
"NINFP2310128546",0.575228828901363,0.0208075754344463,7881,4,"meta_highrescanopyheight_orthophoto",0.5,"orthophoto_50cm_2025","Nord-Norge"
"NINFP2510186005",0.0129136928223741,0.0100871957838535,374908,13,"meta_highrescanopyheight_orthophoto",0.5,"orthophoto_50cm_2025","Nord-Norge"
"NINFP1810031200",0.0162424607712457,0.0101617984473705,77132,8,"meta_highrescanopyheight_orthophoto",0.5,"orthophoto_50cm_2025","Nord-Norge"
"NINFP2310130709",0.0166847584025666,0.0101646124385297,58638,7,"meta_highrescanopyheight_orthophoto",0.5,"orthophoto_50cm_2025","Nord-Norge"
"NINFP2210087647",0.0894624763999508,0.0104841012507677,27045,4,"meta_highrescanopyheight_orthophoto",0.5,"orthophoto_50cm_2025","Nord-Norge"
"NINFP1810022696",0.314622109637985,0.056313082575798,79,1,"meta_highrescanopyheight_orthophoto",0.5,"orthophoto_50cm_2025","Nord-Norge"
"NINFP1910016629",0.247085225547589,0.0124451704323292,7276,2,"meta_highrescanopyheight_orthophoto",0.5,"orthophoto_50cm_2025","Nord-Norge"
"NINFP2310131978",0.0188236668836556,0.0101620517671108,16371,4,"meta_highrescanopyheight_orthophoto",0.5,"orthophoto_50cm_2025","Nord-Norge"
"NINFP1810021344",0.109368333047723,0.0103991571813822,62726,8,"meta_highrescanopyheight_orthophoto",0.5,"orthophoto_50cm_2025","Nord-Norge"
"NINFP1810030361",0.102087170763468,0.010434472002089,192725,10,"meta_highrescanopyheight_orthophoto",0.5,"orthophoto_50cm_2025","Nord-Norge"
"NINFP2410173038",0.461544492442144,0.0249958802014589,4390,2,"meta_highrescanopyheight_orthophoto",0.5,"orthophoto_50cm_2025","Nord-Norge"
"NINFP2010026857",0.0575846609991158,0.0102843567728996,5529,2,"meta_highrescanopyheight_orthophoto",0.5,"orthophoto_50cm_2025","Nord-Norge"
"NINFP2310139497",2.32221012992086,1.67066937685013,6560,2,"meta_highrescanopyheight_orthophoto",0.5,"orthophoto_50cm_2025","Nord-Norge"
"NINFP2210078036",0.245689421462459,0.0102205844596028,296083,11,"meta_highrescanopyheight_orthophoto",0.5,"orthophoto_50cm_2025","Nord-Norge"
"NINFP2510188521",0.0101693386028115,0.0100348549894989,41968,3,"meta_highrescanopyheight_orthophoto",0.5,"orthophoto_50cm_2025","Nord-Norge"
"NINFP2310139906",0.0291672510603805,0.0102149471640587,27442,3,"meta_highrescanopyheight_orthophoto",0.5,"orthophoto_50cm_2025","Nord-Norge"
"NINFP1810016203",0.0303619022530439,0.0101254116743803,96409,7,"meta_highrescanopyheight_orthophoto",0.5,"orthophoto_50cm_2025","Nord-Norge"
"NINFP2210102402",0.172532315320362,0.0107401991263032,18480,4,"meta_highrescanopyheight_orthophoto",0.5,"orthophoto_50cm_2025","Nord-Norge"
"NINFP2510206585",0.100260288480204,0.0104707339778543,3200,1,"meta_highrescanopyheight_orthophoto",0.5,"orthophoto_50cm_2025","Nord-Norge"
"NINFP2410156106",0.216337319641432,0.0386465862393379,5035,1,"meta_highrescanopyheight_orthophoto",0.5,"orthophoto_50cm_2025","Nord-Norge"
"NINFP2310142174",0.414041420672513,0.0103869205340743,12624,2,"meta_highrescanopyheight_orthophoto",0.5,"orthophoto_50cm_2025","Nord-Norge"
"NINFP2110055844",0.0563343595169565,0.0227213054895401,15653,2,"meta_highrescanopyheight_orthophoto",0.5,"orthophoto_50cm_2025","Nord-Norge"
"NINFP2410172874",0.0930985211298928,0.0101556144654751,596801,18,"meta_highrescanopyheight_orthophoto",0.5,"orthophoto_50cm_2025","Nord-Norge"
"NINFP2410161627",0.0225881854090047,0.0102845672518015,14309,2,"meta_highrescanopyheight_orthophoto",0.5,"orthophoto_50cm_2025","Nord-Norge"
"NINFP2210102768",0.0100992773939058,0.0100539177656174,750540,24,"meta_highrescanopyheight_orthophoto",0.5,"orthophoto_50cm_2025","Nord-Norge"
"NINFP2110020978",0.057692993186131,0.0103387907147408,131273,10,"meta_highrescanopyheight_orthophoto",0.5,"orthophoto_50cm_2025","Nord-Norge"
"NINFP2010025492",1.04583746366049,0.0151972407475114,5252,2,"meta_highrescanopyheight_orthophoto",0.5,"orthophoto_50cm_2025","Nord-Norge"
"NINFP2210096900",0.0479630776910137,0.0104752909392118,50909,4,"meta_highrescanopyheight_orthophoto",0.5,"orthophoto_50cm_2025","Nord-Norge"
"NINFP1910020166",0.233961727484095,0.010282265022397,147099,9,"meta_highrescanopyheight_orthophoto",0.5,"orthophoto_50cm_2025","Nord-Norge"
"NINFP2010025798",0.0268966734913811,0.0104246148839593,9297,2,"meta_highrescanopyheight_orthophoto",0.5,"orthophoto_50cm_2025","Nord-Norge"
"NINFP2210097315",0.0113584927448693,0.0102286739274859,10711,4,"meta_highrescanopyheight_orthophoto",0.5,"orthophoto_50cm_2025","Nord-Norge"
"NINFP2310134281",0.0520144358718379,0.0109258028678596,4164,1,"meta_highrescanopyheight_orthophoto",0.5,"orthophoto_50cm_2025","Nord-Norge"
"NINFP2010036704",1.12782549707319,0.222439810633659,4448,2,"meta_highrescanopyheight_orthophoto",0.5,"orthophoto_50cm_2025","Nord-Norge"
"NINFP1810038282",0.2102131996227,0.0104413740336895,184718,12,"meta_highrescanopyheight_orthophoto",0.5,"orthophoto_50cm_2025","Nord-Norge"
"NINFP1810026906",0.0302387728506882,0.0163576100021601,783,1,"meta_highrescanopyheight_orthophoto",0.5,"orthophoto_50cm_2025","Nord-Norge"
"NINFP2110024729",6.24990754436357,6.71847105026245,7821,2,"meta_highrescanopyheight_orthophoto",0.5,"orthophoto_50cm_2025","Nord-Norge"
"NINFP2210101617",0.119156160976454,0.0108290649950504,18877,2,"meta_highrescanopyheight_orthophoto",0.5,"orthophoto_50cm_2025","Nord-Norge"
"NINFP2210107133",0.0109843637088876,0.0101737771183252,56586,4,"meta_highrescanopyheight_orthophoto",0.5,"orthophoto_50cm_2025","Nord-Norge"
"NINFP2110026391",0.0112916252206446,0.0101756229996681,9019,1,"meta_highrescanopyheight_orthophoto",0.5,"orthophoto_50cm_2025","Nord-Norge"
"NINFP2510185470",0.0105239304133958,0.0101945716887712,47163,4,"meta_highrescanopyheight_orthophoto",0.5,"orthophoto_50cm_2025","Nord-Norge"
"NINFP2010024017",0.0257451894382636,0.0103826923295856,14559,4,"meta_highrescanopyheight_orthophoto",0.5,"orthophoto_50cm_2025","Nord-Norge"
"NINFP2310133044",6.49159619509215,7.23369979858398,5345,2,"meta_highrescanopyheight_orthophoto",0.5,"orthophoto_50cm_2025","Nord-Norge"
"NINFP1810038340",1.46033675015402,0.271552085876465,7991,2,"meta_highrescanopyheight_orthophoto",0.5,"orthophoto_50cm_2025","Nord-Norge"
"NINFP2210101621",0.100286305470522,0.0108968494459987,12470,1,"meta_highrescanopyheight_orthophoto",0.5,"orthophoto_50cm_2025","Nord-Norge"
"NINFP2310134272",0.459569002124481,0.0430303402245045,9921,4,"meta_highrescanopyheight_orthophoto",0.5,"orthophoto_50cm_2025","Nord-Norge"
"NINFP2410163054",0.0607865971435163,0.0103404684923589,438976,20,"meta_highrescanopyheight_orthophoto",0.5,"orthophoto_50cm_2025","Nord-Norge"
"NINFP1910019053",0.234117186434266,0.0111959828063846,20713,3,"meta_highrescanopyheight_orthophoto",0.5,"orthophoto_50cm_2025","Nord-Norge"
"NINFP2510203515",0.010727890585284,0.0101050911471248,90217,6,"meta_highrescanopyheight_orthophoto",0.5,"orthophoto_50cm_2025","Nord-Norge"
"NINFP2010007249",0.426010017591193,0.0105395265854895,82404,6,"meta_highrescanopyheight_orthophoto",0.5,"orthophoto_50cm_2025","Nord-Norge"
"NINFP2510209140",0.0119766042596426,0.0101298554800451,18798,2,"meta_highrescanopyheight_orthophoto",0.5,"orthophoto_50cm_2025","Nord-Norge"
"NINFP2010028808",0.0765907438438961,0.0103114559315145,4522,2,"meta_highrescanopyheight_orthophoto",0.5,"orthophoto_50cm_2025","Nord-Norge"
"NINFP2110052647",0.0355278428233172,0.0103948535397649,10180,2,"meta_highrescanopyheight_orthophoto",0.5,"orthophoto_50cm_2025","Nord-Norge"
"NINFP1810034976",0.0551585003522706,0.0103637287393212,85781,6,"meta_highrescanopyheight_orthophoto",0.5,"orthophoto_50cm_2025","Nord-Norge"
"NINFP2310136883",0.14215689644811,0.0121653154492378,29053,5,"meta_highrescanopyheight_orthophoto",0.5,"orthophoto_50cm_2025","Nord-Norge"
"NINFP2310142111",0.784024058885885,0.125886052846909,17620,4,"meta_highrescanopyheight_orthophoto",0.5,"orthophoto_50cm_2025","Nord-Norge"
"NINFP1810036335",0.897767183929891,0.175583332777023,42689,7,"meta_highrescanopyheight_orthophoto",0.5,"orthophoto_50cm_2025","Nord-Norge"
"NINFP2210077206",0.0105795891374166,0.010123873129487,29904,4,"meta_highrescanopyheight_orthophoto",0.5,"orthophoto_50cm_2025","Nord-Norge"
"NINFP1910029869",1.04596878518332,0.0611734874546528,45520,6,"meta_highrescanopyheight_orthophoto",0.5,"orthophoto_50cm_2025","Nord-Norge"
"NINFP1910026149",0.238446793899838,0.0109439706429839,167039,8,"meta_highrescanopyheight_orthophoto",0.5,"orthophoto_50cm_2025","Nord-Norge"
"NINFP2110042030",0.0969592512631544,0.0118433078750968,40151,4,"meta_highrescanopyheight_orthophoto",0.5,"orthophoto_50cm_2025","Nord-Norge"
"NINFP2110030674",0.0101378185365019,0.0100910943001509,15315,2,"meta_highrescanopyheight_orthophoto",0.5,"orthophoto_50cm_2025","Nord-Norge"
"NINFP2110032890",0.0189712412554694,0.0101253986358643,94354,6,"meta_highrescanopyheight_orthophoto",0.5,"orthophoto_50cm_2025","Nord-Norge"
"NINFP2010024072",0.112432675523662,0.0103141195140779,86904,5,"meta_highrescanopyheight_orthophoto",0.5,"orthophoto_50cm_2025","Nord-Norge"
"NINFP2410155927",0.0307702229917709,0.0111166052520275,3391,1,"meta_highrescanopyheight_orthophoto",0.5,"orthophoto_50cm_2025","Nord-Norge"
"NINFP2410175166",0.0940520522871744,0.0104336012154818,14703,3,"meta_highrescanopyheight_orthophoto",0.5,"orthophoto_50cm_2025","Nord-Norge"
"NINFP2010017274",0.840332866861051,0.0385821014642715,19945,3,"meta_highrescanopyheight_orthophoto",0.5,"orthophoto_50cm_2025","Nord-Norge"
"NINFP1810036697",0.613526771957044,0.014358720742166,75783,6,"meta_highrescanopyheight_orthophoto",0.5,"orthophoto_50cm_2025","Nord-Norge"
"NINFP2410147460",2.73052124276593,1.91806125640869,5731,2,"meta_highrescanopyheight_orthophoto",0.5,"orthophoto_50cm_2025","Nord-Norge"
"NINFP2010040348",0.0665854904383577,0.0101427808403969,265077,11,"meta_highrescanopyheight_orthophoto",0.5,"orthophoto_50cm_2025","Nord-Norge"
"NINFP1810025835",0.130863356270987,0.0102423559874296,90640,7,"meta_highrescanopyheight_orthophoto",0.5,"orthophoto_50cm_2025","Nord-Norge"
"NINFP1910057982",0.0649916693123044,0.0105898100882769,30451,4,"meta_highrescanopyheight_orthophoto",0.5,"orthophoto_50cm_2025","Nord-Norge"
"NINFP1810012099",0.0410895412812991,0.0101580303162336,625411,26,"meta_highrescanopyheight_orthophoto",0.5,"orthophoto_50cm_2025","Nord-Norge"
"NINFP2010024598",0.027270360626653,0.0100450702011585,11995,2,"meta_highrescanopyheight_orthophoto",0.5,"orthophoto_50cm_2025","Nord-Norge"
"NINFP2010021822",3.79073799527405,3.61483669281006,4001,2,"meta_highrescanopyheight_orthophoto",0.5,"orthophoto_50cm_2025","Nord-Norge"
"NINFP1810018096",0.017044017844589,0.0104869678616524,40698,6,"meta_highrescanopyheight_orthophoto",0.5,"orthophoto_50cm_2025","Nord-Norge"
"NINFP1910026925",0.0111278718212529,0.0101765198633075,9426,2,"meta_highrescanopyheight_orthophoto",0.5,"orthophoto_50cm_2025","Nord-Norge"
"NINFP1910019914",8.39935502454781,9.58842182159424,5225,2,"meta_highrescanopyheight_orthophoto",0.5,"orthophoto_50cm_2025","Nord-Norge"
"NINFP1810022410",0.846468831739287,0.080165721476078,35578,5,"meta_highrescanopyheight_orthophoto",0.5,"orthophoto_50cm_2025","Nord-Norge"
"NINFP2410156022",0.106275330469654,0.0101797012612224,41919,3,"meta_highrescanopyheight_orthophoto",0.5,"orthophoto_50cm_2025","Nord-Norge"
"NINFP2410157050",0.01764934073119,0.0108325928449631,5008,2,"meta_highrescanopyheight_orthophoto",0.5,"orthophoto_50cm_2025","Nord-Norge"
"NINFP2410153789",4.42982400153096,4.25737810134888,7415,2,"meta_highrescanopyheight_orthophoto",0.5,"orthophoto_50cm_2025","Nord-Norge"
"NINFP2110020662",0.37560603244909,0.0115921637043357,13925,4,"meta_highrescanopyheight_orthophoto",0.5,"orthophoto_50cm_2025","Nord-Norge"
"NINFP2410167601",0.0382922782684203,0.010124241001904,19871,2,"meta_highrescanopyheight_orthophoto",0.5,"orthophoto_50cm_2025","Nord-Norge"
"NINFP1810033382",0.118402375584593,0.0107514532282948,15807,3,"meta_highrescanopyheight_orthophoto",0.5,"orthophoto_50cm_2025","Nord-Norge"
"NINFP1810016851",2.30402577085832,0.755019068717957,15197,2,"meta_highrescanopyheight_orthophoto",0.5,"orthophoto_50cm_2025","Nord-Norge"
"NINFP2010022769",0.172749205037012,0.0112478118389845,168365,9,"meta_highrescanopyheight_orthophoto",0.5,"orthophoto_50cm_2025","Nord-Norge"
"NINFP2410151164",0.096985359759107,0.0102214450016618,10456,3,"meta_highrescanopyheight_orthophoto",0.5,"orthophoto_50cm_2025","Nord-Norge"
"NINFP2310141223",1.46721758017002,0.415429934859276,4936,2,"meta_highrescanopyheight_orthophoto",0.5,"orthophoto_50cm_2025","Nord-Norge"
"NINFP2210106914",0.112200335890094,0.010122561827302,65504,7,"meta_highrescanopyheight_orthophoto",0.5,"orthophoto_50cm_2025","Nord-Norge"
"NINFP2010010685",5.02247099411573,4.88999319076538,19615,3,"meta_highrescanopyheight_orthophoto",0.5,"orthophoto_50cm_2025","Nord-Norge"
"NINFP2010029682",0.246979719422434,0.0105776786804199,14637,4,"meta_highrescanopyheight_orthophoto",0.5,"orthophoto_50cm_2025","Nord-Norge"
"NINFP2210102394",0.113508227032082,0.0105368243530393,4597,1,"meta_highrescanopyheight_orthophoto",0.5,"orthophoto_50cm_2025","Nord-Norge"
"NINFP2210106377",0.0101678736030702,0.0101098045706749,32878,2,"meta_highrescanopyheight_orthophoto",0.5,"orthophoto_50cm_2025","Nord-Norge"
"NINFP2310138945",4.02619725071109,3.23535180091858,9487,4,"meta_highrescanopyheight_orthophoto",0.5,"orthophoto_50cm_2025","Nord-Norge"
"NINFP2510208674",0.0694147389278023,0.0102607356384397,14171,1,"meta_highrescanopyheight_orthophoto",0.5,"orthophoto_50cm_2025","Nord-Norge"
"NINFP2210107538",0.0519215635293472,0.0105301928706467,11136,3,"meta_highrescanopyheight_orthophoto",0.5,"orthophoto_50cm_2025","Nord-Norge"
"NINFP2510188804",0.0100457464168608,0.0100276814773679,54994,4,"meta_highrescanopyheight_orthophoto",0.5,"orthophoto_50cm_2025","Nord-Norge"
"NINFP2510189088",0.0587360330723793,0.0101727107539773,107099,7,"meta_highrescanopyheight_orthophoto",0.5,"orthophoto_50cm_2025","Nord-Norge"
"NINFP2410157516",3.08960532166448,1.48329162597656,5201,2,"meta_highrescanopyheight_orthophoto",0.5,"orthophoto_50cm_2025","Nord-Norge"
"NINFP2210096494",0.0121493193989564,0.0100692436099052,42927,4,"meta_highrescanopyheight_orthophoto",0.5,"orthophoto_50cm_2025","Nord-Norge"
"NINFP2310133599",0.348675980097328,0.0103596271947026,87284,6,"meta_highrescanopyheight_orthophoto",0.5,"orthophoto_50cm_2025","Nord-Norge"
"NINFP2410173743",0.0744729685563098,0.0105126621201634,13659,3,"meta_highrescanopyheight_orthophoto",0.5,"orthophoto_50cm_2025","Nord-Norge"
"NINFP2110033181",0.0135008714099036,0.0100531568750739,49001,4,"meta_highrescanopyheight_orthophoto",0.5,"orthophoto_50cm_2025","Nord-Norge"
"NINFP2510185973",0.119992396454262,0.0101733496412635,26951,4,"meta_highrescanopyheight_orthophoto",0.5,"orthophoto_50cm_2025","Nord-Norge"
"NINFP2210105514",0.0131018522704472,0.0100695509463549,418037,15,"meta_highrescanopyheight_orthophoto",0.5,"orthophoto_50cm_2025","Nord-Norge"
"NINFP2110031473",0.103352157777936,0.0104612279683352,10651,2,"meta_highrescanopyheight_orthophoto",0.5,"orthophoto_50cm_2025","Nord-Norge"
"NINFP1810018936",0.0281338323750735,0.0101926103234291,55337,8,"meta_highrescanopyheight_orthophoto",0.5,"orthophoto_50cm_2025","Nord-Norge"
"NINFP2310123692",0.165559217563473,0.0197900123894215,1330,3,"meta_highrescanopyheight_orthophoto",0.5,"orthophoto_50cm_2025","Nord-Norge"
"NINFP2410172840",0.018358058347839,0.0101048941724002,169564,10,"meta_highrescanopyheight_orthophoto",0.5,"orthophoto_50cm_2025","Nord-Norge"
"NINFP2410155817",1.32651895580809,0.828824579715729,4929,2,"meta_highrescanopyheight_orthophoto",0.5,"orthophoto_50cm_2025","Nord-Norge"
"NINFP2310132410",0.148060265191739,0.0103249289095402,333804,24,"meta_highrescanopyheight_orthophoto",0.5,"orthophoto_50cm_2025","Nord-Norge"
"NINFP2310123679",0.0454458408946705,0.0105993724428117,6516,4,"meta_highrescanopyheight_orthophoto",0.5,"orthophoto_50cm_2025","Nord-Norge"
"NINFP2310141657",3.43731252334313,2.15484428405762,5253,2,"meta_highrescanopyheight_orthophoto",0.5,"orthophoto_50cm_2025","Nord-Norge"
"NINFP2010030554",0.132533294832552,0.0103915622457862,36852,3,"meta_highrescanopyheight_orthophoto",0.5,"orthophoto_50cm_2025","Nord-Norge"
"NINFP2010013879",1.65421995417314,0.28042283654213,16679,2,"meta_highrescanopyheight_orthophoto",0.5,"orthophoto_50cm_2025","Nord-Norge"
"NINFP2410172382",0.0128714174442127,0.0100811338052154,37047,3,"meta_highrescanopyheight_orthophoto",0.5,"orthophoto_50cm_2025","Nord-Norge"
"NINFP2510194680",0.0215515034793225,0.010220474563539,37435,5,"meta_highrescanopyheight_orthophoto",0.5,"orthophoto_50cm_2025","Nord-Norge"
"NINFP2410172823",0.016689212788633,0.0100983073934913,18106,3,"meta_highrescanopyheight_orthophoto",0.5,"orthophoto_50cm_2025","Nord-Norge"
"NINFP2310126640",0.211058186389708,0.011169062461704,78252,5,"meta_highrescanopyheight_orthophoto",0.5,"orthophoto_50cm_2025","Nord-Norge"
"NINFP2010025851",2.8051689599055,1.26762700080872,4387,2,"meta_highrescanopyheight_orthophoto",0.5,"orthophoto_50cm_2025","Nord-Norge"
"NINFP2210084892",2.45179120258071,1.98955011367798,9995,3,"meta_highrescanopyheight_orthophoto",0.5,"orthophoto_50cm_2025","Nord-Norge"
"NINFP2010030555",0.0704393506242817,0.0102187162265182,22492,4,"meta_highrescanopyheight_orthophoto",0.5,"orthophoto_50cm_2025","Nord-Norge"
"NINFP2210107989",0.0531595150121547,0.010590837802738,7368,2,"meta_highrescanopyheight_orthophoto",0.5,"orthophoto_50cm_2025","Nord-Norge"
"NINFP2410177440",0.075483638876654,0.0106106284074485,4432,1,"meta_highrescanopyheight_orthophoto",0.5,"orthophoto_50cm_2025","Nord-Norge"
"NINFP2110031325",5.24230837634589,5.45935082435608,6728,1,"meta_highrescanopyheight_orthophoto",0.5,"orthophoto_50cm_2025","Nord-Norge"
"NINFP2310125275",3.89212304755306,3.80605518817902,3714,1,"meta_highrescanopyheight_orthophoto",0.5,"orthophoto_50cm_2025","Nord-Norge"
"NINFP2510209212",0.022130090543831,0.0101336389780045,11677,3,"meta_highrescanopyheight_orthophoto",0.5,"orthophoto_50cm_2025","Nord-Norge"
"NINFP2110019403",2.87518808065647,1.12351167201996,3515,2,"meta_highrescanopyheight_orthophoto",0.5,"orthophoto_50cm_2025","Nord-Norge"
"NINFP1910026836",0.50320514546315,0.0103140817955136,21021,4,"meta_highrescanopyheight_orthophoto",0.5,"orthophoto_50cm_2025","Nord-Norge"
"NINFP2210104102",0.130836248542076,0.0107646901160479,67837,6,"meta_highrescanopyheight_orthophoto",0.5,"orthophoto_50cm_2025","Nord-Norge"
"NINFP2110042835",0.454343048906054,0.0105264228768647,14268,3,"meta_highrescanopyheight_orthophoto",0.5,"orthophoto_50cm_2025","Nord-Norge"
"NINFP2110036459",0.010942114842791,0.0103339133784175,10031,1,"meta_highrescanopyheight_orthophoto",0.5,"orthophoto_50cm_2025","Nord-Norge"
"NINFP2510208722",0.56662752150263,0.0118228932842612,12407,4,"meta_highrescanopyheight_orthophoto",0.5,"orthophoto_50cm_2025","Nord-Norge"
"NINFP2110019353",0.403118822314075,0.0137155530974269,40102,4,"meta_highrescanopyheight_orthophoto",0.5,"orthophoto_50cm_2025","Nord-Norge"
"NINFP2510203190",0.011777273234737,0.0101230433210731,10555,2,"meta_highrescanopyheight_orthophoto",0.5,"orthophoto_50cm_2025","Nord-Norge"
"NINFP1810026569",0.014605524124423,0.0129226222634315,1265,1,"meta_highrescanopyheight_orthophoto",0.5,"orthophoto_50cm_2025","Nord-Norge"
"NINFP1910016709",7.52048118139973,7.82179880142212,4213,3,"meta_highrescanopyheight_orthophoto",0.5,"orthophoto_50cm_2025","Nord-Norge"
"NINFP1810012300",0.0164069040035349,0.0101616606116295,15025,3,"meta_highrescanopyheight_orthophoto",0.5,"orthophoto_50cm_2025","Nord-Norge"
"NINFP2310130658",0.010503211557882,0.010070382617414,5289,1,"meta_highrescanopyheight_orthophoto",0.5,"orthophoto_50cm_2025","Nord-Norge"
"NINFP2010014048",0.21682338642104,0.01045315945521,10100,2,"meta_highrescanopyheight_orthophoto",0.5,"orthophoto_50cm_2025","Nord-Norge"
"NINFP1910040129",0.0154069354831218,0.0101324152201414,15068,3,"meta_highrescanopyheight_orthophoto",0.5,"orthophoto_50cm_2025","Nord-Norge"
"NINFP2210103898",0.0189181273010483,0.0103553952649236,7118,3,"meta_highrescanopyheight_orthophoto",0.5,"orthophoto_50cm_2025","Nord-Norge"
"NINFP2510210355",0.0102331176922609,0.010143687017262,5398,1,"meta_highrescanopyheight_orthophoto",0.5,"orthophoto_50cm_2025","Nord-Norge"
"NINFP2010024619",0.247267928037573,0.0103669390082359,4250,3,"meta_highrescanopyheight_orthophoto",0.5,"orthophoto_50cm_2025","Nord-Norge"
"NINFP2510185964",0.0125335903993432,0.0101864701136947,283223,12,"meta_highrescanopyheight_orthophoto",0.5,"orthophoto_50cm_2025","Nord-Norge"
"NINFP2110031046",0.0100471422136086,0.010028513148427,109623,7,"meta_highrescanopyheight_orthophoto",0.5,"orthophoto_50cm_2025","Nord-Norge"
"NINFP1910033673",0.490440349052838,0.0353517048060894,7253,3,"meta_highrescanopyheight_orthophoto",0.5,"orthophoto_50cm_2025","Nord-Norge"
"NINFP2310142106",1.42534420690366,0.464584648609161,6475,1,"meta_highrescanopyheight_orthophoto",0.5,"orthophoto_50cm_2025","Nord-Norge"
"NINFP2110031856",0.0133254362761282,0.0100856469944119,50355,4,"meta_highrescanopyheight_orthophoto",0.5,"orthophoto_50cm_2025","Nord-Norge"
"NINFP2310141708",1.85275278141426,0.584152102470398,6505,2,"meta_highrescanopyheight_orthophoto",0.5,"orthophoto_50cm_2025","Nord-Norge"
"NINFP2010030560",0.327687084031122,0.015336346346885,16806,4,"meta_highrescanopyheight_orthophoto",0.5,"orthophoto_50cm_2025","Nord-Norge"
"NINFP2210084426",0.21621522452689,0.0168962571769953,5485,2,"meta_highrescanopyheight_orthophoto",0.5,"orthophoto_50cm_2025","Nord-Norge"
"NINFP2410156084",0.0532175334117176,0.0102904699742794,20904,4,"meta_highrescanopyheight_orthophoto",0.5,"orthophoto_50cm_2025","Nord-Norge"
"NINFP2510203088",2.34247494127309,0.844197034835815,4655,2,"meta_highrescanopyheight_orthophoto",0.5,"orthophoto_50cm_2025","Nord-Norge"
"NINFP2210099115",4.46342225547298,4.80926966667175,6812,1,"meta_highrescanopyheight_orthophoto",0.5,"orthophoto_50cm_2025","Nord-Norge"
"NINFP2410157046",3.32829230885098,2.30350351333618,29899,4,"meta_highrescanopyheight_orthophoto",0.5,"orthophoto_50cm_2025","Nord-Norge"
"NINFP2510198103",0.0110490703995758,0.0100765549577773,29920,2,"meta_highrescanopyheight_orthophoto",0.5,"orthophoto_50cm_2025","Nord-Norge"
"NINFP2510185467",0.0102825126550772,0.0100845908746123,41030,5,"meta_highrescanopyheight_orthophoto",0.5,"orthophoto_50cm_2025","Nord-Norge"
"NINFP2210108733",0.185843949473132,0.0105542140081525,23182,3,"meta_highrescanopyheight_orthophoto",0.5,"orthophoto_50cm_2025","Nord-Norge"
"NINFP1810012097",0.0553227716347702,0.0101618552580476,101859,7,"meta_highrescanopyheight_orthophoto",0.5,"orthophoto_50cm_2025","Nord-Norge"
"NINFP2210089641",1.20283905050739,0.0324898362159729,98965,7,"meta_highrescanopyheight_orthophoto",0.5,"orthophoto_50cm_2025","Nord-Norge"
"NINFP2110033156",0.0109800598362897,0.0103310383856297,15198,2,"meta_highrescanopyheight_orthophoto",0.5,"orthophoto_50cm_2025","Nord-Norge"
"NINFP2410174549",0.290101369414189,0.014168594032526,6891,2,"meta_highrescanopyheight_orthophoto",0.5,"orthophoto_50cm_2025","Nord-Norge"
"NINFP2110052611",0.0448978561770345,0.0103723742067814,93023,6,"meta_highrescanopyheight_orthophoto",0.5,"orthophoto_50cm_2025","Nord-Norge"
"NINFP1810024954",0.582693243370026,0.011982630006969,209317,10,"meta_highrescanopyheight_orthophoto",0.5,"orthophoto_50cm_2025","Nord-Norge"
"NINFP2110040811",0.61954327213639,0.01053761318326,108965,7,"meta_highrescanopyheight_orthophoto",0.5,"orthophoto_50cm_2025","Nord-Norge"
"NINFP2310122573",3.46905886858751,2.47992348670959,14660,2,"meta_highrescanopyheight_orthophoto",0.5,"orthophoto_50cm_2025","Nord-Norge"
"NINFP1910026371",0.0158722389704636,0.0101308319717646,29979,4,"meta_highrescanopyheight_orthophoto",0.5,"orthophoto_50cm_2025","Nord-Norge"
"NINFP2410150229",0.455617172085628,0.0199236553162336,268923,19,"meta_highrescanopyheight_orthophoto",0.5,"orthophoto_50cm_2025","Nord-Norge"
"NINFP2510192775",0.0183905856981255,0.0100966836325824,15908,3,"meta_highrescanopyheight_orthophoto",0.5,"orthophoto_50cm_2025","Nord-Norge"
"NINFP2410157700",0.114768567738513,0.0103779248893261,59487,5,"meta_highrescanopyheight_orthophoto",0.5,"orthophoto_50cm_2025","Nord-Norge"
"NINFP1810016198",0.187435459968196,0.0126920407637954,96603,9,"meta_highrescanopyheight_orthophoto",0.5,"orthophoto_50cm_2025","Nord-Norge"
"NINFP2410173951",0.0955430552878823,0.0103718470782042,3303,2,"meta_highrescanopyheight_orthophoto",0.5,"orthophoto_50cm_2025","Nord-Norge"
"NINFP2010027385",0.277921817686482,0.0103112859651446,27086,4,"meta_highrescanopyheight_orthophoto",0.5,"orthophoto_50cm_2025","Nord-Norge"
"NINFP2110019567",4.82069139484974,4.98982381820679,2218,1,"meta_highrescanopyheight_orthophoto",0.5,"orthophoto_50cm_2025","Nord-Norge"
"NINFP2110022126",0.223350392985512,0.0135091915726662,2797,2,"meta_highrescanopyheight_orthophoto",0.5,"orthophoto_50cm_2025","Nord-Norge"
"NINFP2210100123",0.0323177304367035,0.0101869255304337,168211,11,"meta_highrescanopyheight_orthophoto",0.5,"orthophoto_50cm_2025","Nord-Norge"
"NINFP2410175084",0.0437494907096243,0.0103654284030199,32279,4,"meta_highrescanopyheight_orthophoto",0.5,"orthophoto_50cm_2025","Nord-Norge"
"NINFP2110033140",0.0101160665746499,0.0100473952479661,62456,4,"meta_highrescanopyheight_orthophoto",0.5,"orthophoto_50cm_2025","Nord-Norge"
"NINFP2410152218",0.22646336020408,0.0103342630900443,4768,2,"meta_highrescanopyheight_orthophoto",0.5,"orthophoto_50cm_2025","Nord-Norge"
"NINFP2210103800",2.10407893017326,1.60220772027969,8106,2,"meta_highrescanopyheight_orthophoto",0.5,"orthophoto_50cm_2025","Nord-Norge"
"NINFP2210086103",0.199903461708749,0.01045539136976,8570,4,"meta_highrescanopyheight_orthophoto",0.5,"orthophoto_50cm_2025","Nord-Norge"
"NINFP2110055029",0.0127738815249122,0.0100467214360833,7789,3,"meta_highrescanopyheight_orthophoto",0.5,"orthophoto_50cm_2025","Nord-Norge"
"NINFP2010008971",0.251697654910061,0.0101005658507347,93646,6,"meta_highrescanopyheight_orthophoto",0.5,"orthophoto_50cm_2025","Nord-Norge"
"NINFP2010024615",0.161601491356659,0.0101357186213136,603435,26,"meta_highrescanopyheight_orthophoto",0.5,"orthophoto_50cm_2025","Nord-Norge"
"NINFP1910032798",0.136951385252451,0.0103523945435882,40141,2,"meta_highrescanopyheight_orthophoto",0.5,"orthophoto_50cm_2025","Nord-Norge"
"NINFP1810034973",0.656389840475804,0.0420926176011562,6165,2,"meta_highrescanopyheight_orthophoto",0.5,"orthophoto_50cm_2025","Nord-Norge"
"NINFP2210086475",0.0226317544751273,0.0102293081581593,19377,2,"meta_highrescanopyheight_orthophoto",0.5,"orthophoto_50cm_2025","Nord-Norge"
"NINFP2010022189",0.748424968396078,0.0110111581161618,24169,4,"meta_highrescanopyheight_orthophoto",0.5,"orthophoto_50cm_2025","Nord-Norge"
"NINFP1910028892",0.0189358729376559,0.0102121010422707,21373,4,"meta_highrescanopyheight_orthophoto",0.5,"orthophoto_50cm_2025","Nord-Norge"
"NINFP1810016194",0.101800752121733,0.0106008071452379,24477,3,"meta_highrescanopyheight_orthophoto",0.5,"orthophoto_50cm_2025","Nord-Norge"
"NINFP2410154563",5.59991940364337,5.80610990524292,4513,2,"meta_highrescanopyheight_orthophoto",0.5,"orthophoto_50cm_2025","Nord-Norge"
"NINFP2210102396",0.409001879648631,0.0108465328812599,64112,4,"meta_highrescanopyheight_orthophoto",0.5,"orthophoto_50cm_2025","Nord-Norge"
"NINFP1810035313",0.212397578046477,0.0113884173333645,25874,4,"meta_highrescanopyheight_orthophoto",0.5,"orthophoto_50cm_2025","Nord-Norge"
"NINFP2410158665",0.212758877716525,0.0103622912429273,73088,8,"meta_highrescanopyheight_orthophoto",0.5,"orthophoto_50cm_2025","Nord-Norge"
"NINFP2110025270",0.0766474123043353,0.0102883819490671,57015,6,"meta_highrescanopyheight_orthophoto",0.5,"orthophoto_50cm_2025","Nord-Norge"
"NINFP2510195738",5.86583405941386,5.98053097724915,20934,2,"meta_highrescanopyheight_orthophoto",0.5,"orthophoto_50cm_2025","Nord-Norge"
"NINFP2510206929",0.811056597041197,0.110921382904053,8811,2,"meta_highrescanopyheight_orthophoto",0.5,"orthophoto_50cm_2025","Nord-Norge"
"NINFP2310143861",0.300139586732268,0.0103346547111869,68935,6,"meta_highrescanopyheight_orthophoto",0.5,"orthophoto_50cm_2025","Nord-Norge"
"NINFP2410155767",0.0162140839034674,0.0102521255612373,40603,6,"meta_highrescanopyheight_orthophoto",0.5,"orthophoto_50cm_2025","Nord-Norge"
"NINFP1810021498",0.111166504280978,0.0105144823901355,129584,7,"meta_highrescanopyheight_orthophoto",0.5,"orthophoto_50cm_2025","Nord-Norge"
"NINFP2010024436",5.5416549221909,5.93315529823303,109780,6,"meta_highrescanopyheight_orthophoto",0.5,"orthophoto_50cm_2025","Nord-Norge"
"NINFP2110045034",0.0600221483119726,0.0112887043505907,6857,3,"meta_highrescanopyheight_orthophoto",0.5,"orthophoto_50cm_2025","Nord-Norge"
"NINFP1810028504",0.0101389026073025,0.0100535061210394,35015,5,"meta_highrescanopyheight_orthophoto",0.5,"orthophoto_50cm_2025","Nord-Norge"
"NINFP1910029319",0.113228896886345,0.0102138328365982,12628,4,"meta_highrescanopyheight_orthophoto",0.5,"orthophoto_50cm_2025","Nord-Norge"
"NINFP2310136869",0.22812152036536,0.0105210402980447,23819,1,"meta_highrescanopyheight_orthophoto",0.5,"orthophoto_50cm_2025","Nord-Norge"
"NINFP1910025021",0.934239844893182,0.0257921759039164,6353,2,"meta_highrescanopyheight_orthophoto",0.5,"orthophoto_50cm_2025","Nord-Norge"
"NINFP2510193134",0.0101634989502696,0.0101429061032832,4610,1,"meta_highrescanopyheight_orthophoto",0.5,"orthophoto_50cm_2025","Nord-Norge"
"NINFP2210095967",0.0133956920600779,0.0100512742064893,40554,3,"meta_highrescanopyheight_orthophoto",0.5,"orthophoto_50cm_2025","Nord-Norge"
"NINFP2410150328",0.0118334355497215,0.0101218037307262,56366,7,"meta_highrescanopyheight_orthophoto",0.5,"orthophoto_50cm_2025","Nord-Norge"
"NINFP2410174795",0.0203708874786745,0.010234959423542,13549,2,"meta_highrescanopyheight_orthophoto",0.5,"orthophoto_50cm_2025","Nord-Norge"
"NINFP2410167534",2.46545724848512,1.58755391836166,15374,6,"meta_highrescanopyheight_orthophoto",0.5,"orthophoto_50cm_2025","Nord-Norge"
"NINFP2410157879",0.0142064977485951,0.0101649235002697,9678,2,"meta_highrescanopyheight_orthophoto",0.5,"orthophoto_50cm_2025","Nord-Norge"
"NINFP2210076160",0.0100885042251498,0.0100519508123398,34263,6,"meta_highrescanopyheight_orthophoto",0.5,"orthophoto_50cm_2025","Nord-Norge"
"NINFP2310130406",0.0520532577203839,0.0105168558657169,10066,2,"meta_highrescanopyheight_orthophoto",0.5,"orthophoto_50cm_2025","Nord-Norge"
"NINFP1810035278",0.0949122955460227,0.0106668532826006,43046,3,"meta_highrescanopyheight_orthophoto",0.5,"orthophoto_50cm_2025","Nord-Norge"
"NINFP2310130155",0.016900768359508,0.0101163792423904,54416,6,"meta_highrescanopyheight_orthophoto",0.5,"orthophoto_50cm_2025","Nord-Norge"
"NINFP1810019586",0.0366222148891736,0.0100726522505283,198485,10,"meta_highrescanopyheight_orthophoto",0.5,"orthophoto_50cm_2025","Nord-Norge"
"NINFP1810033614",0.599529075119331,0.0889781937003136,96093,5,"meta_highrescanopyheight_orthophoto",0.5,"orthophoto_50cm_2025","Nord-Norge"
"NINFP2210080262",0.0132351574414489,0.0100411921739578,167650,7,"meta_highrescanopyheight_orthophoto",0.5,"orthophoto_50cm_2025","Nord-Norge"
"NINFP2110019326",0.180383074956347,0.0129096945747733,4057,2,"meta_highrescanopyheight_orthophoto",0.5,"orthophoto_50cm_2025","Nord-Norge"
"NINFP2410156118",0.095292860915366,0.0136875789612532,4362,2,"meta_highrescanopyheight_orthophoto",0.5,"orthophoto_50cm_2025","Nord-Norge"
"NINFP2110046207",0.0319932484521863,0.010246389079839,28870,5,"meta_highrescanopyheight_orthophoto",0.5,"orthophoto_50cm_2025","Nord-Norge"
"NINFP1810019895",0.444615332598439,0.0585910491645336,55085,4,"meta_highrescanopyheight_orthophoto",0.5,"orthophoto_50cm_2025","Nord-Norge"
"NINFP2210095976",0.0877078221973164,0.0113795790821314,55729,4,"meta_highrescanopyheight_orthophoto",0.5,"orthophoto_50cm_2025","Nord-Norge"
"NINFP2410174899",0.0414903490389313,0.0102270618081093,12045,4,"meta_highrescanopyheight_orthophoto",0.5,"orthophoto_50cm_2025","Nord-Norge"
"NINFP2410151929",0.0113516235498581,0.010119198821485,15776,2,"meta_highrescanopyheight_orthophoto",0.5,"orthophoto_50cm_2025","Nord-Norge"
"NINFP2210085837",2.02052957597263,0.625436425209045,15228,2,"meta_highrescanopyheight_orthophoto",0.5,"orthophoto_50cm_2025","Nord-Norge"
"NINFP2010043206",0.445187895033446,0.0693216435611248,7976,2,"meta_highrescanopyheight_orthophoto",0.5,"orthophoto_50cm_2025","Nord-Norge"
"NINFP2110027027",1.29904069922617,0.576970994472504,11626,5,"meta_highrescanopyheight_orthophoto",0.5,"orthophoto_50cm_2025","Nord-Norge"
"NINFP2110019447",0.293557529602565,0.0137699116021395,23007,2,"meta_highrescanopyheight_orthophoto",0.5,"orthophoto_50cm_2025","Nord-Norge"
"NINFP1910033402",0.122287438443995,0.0110933720134199,4060,4,"meta_highrescanopyheight_orthophoto",0.5,"orthophoto_50cm_2025","Nord-Norge"
"NINFP2010012513",5.00970163673025,4.94559621810913,60888,7,"meta_highrescanopyheight_orthophoto",0.5,"orthophoto_50cm_2025","Nord-Norge"
"NINFP1910018147",0.272429460192664,0.0104097975417972,27631,2,"meta_highrescanopyheight_orthophoto",0.5,"orthophoto_50cm_2025","Nord-Norge"
"NINFP2010038669",0.658661845063235,0.023404972627759,5993,4,"meta_highrescanopyheight_orthophoto",0.5,"orthophoto_50cm_2025","Nord-Norge"
"NINFP2110026674",0.107262536198803,0.0104042403399944,34755,4,"meta_highrescanopyheight_orthophoto",0.5,"orthophoto_50cm_2025","Nord-Norge"
"NINFP1810017181",0.296530004474306,0.0127369556576014,385273,15,"meta_highrescanopyheight_orthophoto",0.5,"orthophoto_50cm_2025","Nord-Norge"
"NINFP2510218420",0.010027685717666,0.0100209657102823,44616,5,"meta_highrescanopyheight_orthophoto",0.5,"orthophoto_50cm_2025","Nord-Norge"
"NINFP2410173534",0.0157411999608907,0.0101615004241467,645088,25,"meta_highrescanopyheight_orthophoto",0.5,"orthophoto_50cm_2025","Nord-Norge"
"NINFP2510190135",0.0200225147237849,0.0100971926003695,923910,27,"meta_highrescanopyheight_orthophoto",0.5,"orthophoto_50cm_2025","Nord-Norge"
"NINFP2210077927",0.0152385499821081,0.0101154469884932,49898,4,"meta_highrescanopyheight_orthophoto",0.5,"orthophoto_50cm_2025","Nord-Norge"
"NINFP2210086276",0.0194445291611113,0.010783055331558,4134,2,"meta_highrescanopyheight_orthophoto",0.5,"orthophoto_50cm_2025","Nord-Norge"
"NINFP2010014402",0.674689253122107,0.0108627309091389,59206,3,"meta_highrescanopyheight_orthophoto",0.5,"orthophoto_50cm_2025","Nord-Norge"
"NINFP2010028117",0.0193101452681966,0.0100787030532956,16680,3,"meta_highrescanopyheight_orthophoto",0.5,"orthophoto_50cm_2025","Nord-Norge"
"NINFP2110044525",0.0770860624992863,0.0102720269933343,8593,3,"meta_highrescanopyheight_orthophoto",0.5,"orthophoto_50cm_2025","Nord-Norge"
"NINFP2310124495",0.302432735653584,0.0158496256917715,20524,2,"meta_highrescanopyheight_orthophoto",0.5,"orthophoto_50cm_2025","Nord-Norge"
"NINFP1810032722",0.431034452036278,0.0113259609788656,14625,1,"meta_highrescanopyheight_orthophoto",0.5,"orthophoto_50cm_2025","Nord-Norge"
"NINFP2210108019",0.518430878882011,0.010533519089222,50325,7,"meta_highrescanopyheight_orthophoto",0.5,"orthophoto_50cm_2025","Nord-Norge"
"NINFP2510204505",0.0364908791790594,0.0106820687651634,248121,11,"meta_highrescanopyheight_orthophoto",0.5,"orthophoto_50cm_2025","Nord-Norge"
"NINFP2410174476",0.0710623120320571,0.0103649627417326,13476,3,"meta_highrescanopyheight_orthophoto",0.5,"orthophoto_50cm_2025","Nord-Norge"
"NINFP2110018827",0.0423629117788212,0.0104058356955647,26423,4,"meta_highrescanopyheight_orthophoto",0.5,"orthophoto_50cm_2025","Nord-Norge"
"NINFP2310141365",0.778773318212305,0.139313474297523,10472,2,"meta_highrescanopyheight_orthophoto",0.5,"orthophoto_50cm_2025","Nord-Norge"
"NINFP2510207907",0.624220466476488,0.058407798409462,9343,2,"meta_highrescanopyheight_orthophoto",0.5,"orthophoto_50cm_2025","Nord-Norge"
"NINFP2210097704",0.0517817519039836,0.0129952467978001,4649,2,"meta_highrescanopyheight_orthophoto",0.5,"orthophoto_50cm_2025","Nord-Norge"
"NINFP2010040776",0.49835966997839,0.0296534188091755,8907,3,"meta_highrescanopyheight_orthophoto",0.5,"orthophoto_50cm_2025","Nord-Norge"
"NINFP2110045021",0.0132793444597028,0.0101708443835378,19779,4,"meta_highrescanopyheight_orthophoto",0.5,"orthophoto_50cm_2025","Nord-Norge"
"NINFP1810034740",1.59068619573952,0.282870292663574,7601,3,"meta_highrescanopyheight_orthophoto",0.5,"orthophoto_50cm_2025","Nord-Norge"
"NINFP2010030565",0.0216873665625094,0.0100552570074797,28919,4,"meta_highrescanopyheight_orthophoto",0.5,"orthophoto_50cm_2025","Nord-Norge"
"NINFP2110040829",0.0862831155882826,0.0102659398689866,65259,4,"meta_highrescanopyheight_orthophoto",0.5,"orthophoto_50cm_2025","Nord-Norge"
"NINFP2410174676",0.061391209537573,0.0105383764021099,10932,2,"meta_highrescanopyheight_orthophoto",0.5,"orthophoto_50cm_2025","Nord-Norge"
"NINFP2410165996",0.341454567380508,0.0132037494331598,30044,4,"meta_highrescanopyheight_orthophoto",0.5,"orthophoto_50cm_2025","Nord-Norge"
"NINFP2010016052",2.84745847615155,2.61940693855286,6102,2,"meta_highrescanopyheight_orthophoto",0.5,"orthophoto_50cm_2025","Nord-Norge"
"NINFP2110020842",0.52859128588453,0.0183981377631426,5064,2,"meta_highrescanopyheight_orthophoto",0.5,"orthophoto_50cm_2025","Nord-Norge"
"NINFP2510186166",0.0117728067364692,0.01011205278337,19307,2,"meta_highrescanopyheight_orthophoto",0.5,"orthophoto_50cm_2025","Nord-Norge"
"NINFP2110044483",1.49032923012462,0.018075255677104,2995,1,"meta_highrescanopyheight_orthophoto",0.5,"orthophoto_50cm_2025","Nord-Norge"
"NINFP2510185495",0.0107261364753472,0.0100578740239143,230443,10,"meta_highrescanopyheight_orthophoto",0.5,"orthophoto_50cm_2025","Nord-Norge"
"NINFP1810026565",1.65136367269413,0.20954280346632,18864,2,"meta_highrescanopyheight_orthophoto",0.5,"orthophoto_50cm_2025","Nord-Norge"
"NINFP2210088897",0.0101082819459585,0.0100630661472678,45837,3,"meta_highrescanopyheight_orthophoto",0.5,"orthophoto_50cm_2025","Nord-Norge"
"NINFP2310135599",5.79129166563337,6.07285976409912,6860,2,"meta_highrescanopyheight_orthophoto",0.5,"orthophoto_50cm_2025","Nord-Norge"
"NINFP1810026451",1.94019893685192,0.788325071334839,23765,4,"meta_highrescanopyheight_orthophoto",0.5,"orthophoto_50cm_2025","Nord-Norge"
"NINFP2410150132",0.0309204819988467,0.0102027007378638,61672,6,"meta_highrescanopyheight_orthophoto",0.5,"orthophoto_50cm_2025","Nord-Norge"
"NINFP2410172871",0.0140222240013428,0.0100721456110477,420822,21,"meta_highrescanopyheight_orthophoto",0.5,"orthophoto_50cm_2025","Nord-Norge"
"NINFP1910024685",3.98802013291796,2.75425148010254,2651,2,"meta_highrescanopyheight_orthophoto",0.5,"orthophoto_50cm_2025","Nord-Norge"
"NINFP1910031006",0.406433242711474,0.0200175605714321,4267,2,"meta_highrescanopyheight_orthophoto",0.5,"orthophoto_50cm_2025","Nord-Norge"
"NINFP1810027306",2.20870224731072,0.682236850261688,7174,2,"meta_highrescanopyheight_orthophoto",0.5,"orthophoto_50cm_2025","Nord-Norge"
"NINFP2010010228",4.09938139454232,3.50222492218018,12173,4,"meta_highrescanopyheight_orthophoto",0.5,"orthophoto_50cm_2025","Nord-Norge"
"NINFP2010027335",0.0754764179288768,0.0103464424610138,75533,7,"meta_highrescanopyheight_orthophoto",0.5,"orthophoto_50cm_2025","Nord-Norge"
"NINFP2310134170",0.0683949353821205,0.0104739284142852,40089,5,"meta_highrescanopyheight_orthophoto",0.5,"orthophoto_50cm_2025","Nord-Norge"
"NINFP2510197486",0.551535040846642,0.0142227038741112,4163,2,"meta_highrescanopyheight_orthophoto",0.5,"orthophoto_50cm_2025","Nord-Norge"
"NINFP2010007257",0.743210392375226,0.0102826463989913,176106,12,"meta_highrescanopyheight_orthophoto",0.5,"orthophoto_50cm_2025","Nord-Norge"
"NINFP2010007071",0.374741584722258,0.0101373679935932,536266,19,"meta_highrescanopyheight_orthophoto",0.5,"orthophoto_50cm_2025","Nord-Norge"
"NINFP2110051097",0.0112783875122399,0.0103593412786722,4465,4,"meta_highrescanopyheight_orthophoto",0.5,"orthophoto_50cm_2025","Nord-Norge"
"NINFP2010013940",0.139254364497547,0.0104721551761031,94869,6,"meta_highrescanopyheight_orthophoto",0.5,"orthophoto_50cm_2025","Nord-Norge"
"NINFP2510202471",0.0162406251959119,0.0112533969804645,11176,4,"meta_highrescanopyheight_orthophoto",0.5,"orthophoto_50cm_2025","Nord-Norge"
"NINFP2310131810",0.0101025484315193,0.0100621236488223,58630,5,"meta_highrescanopyheight_orthophoto",0.5,"orthophoto_50cm_2025","Nord-Norge"
"NINFP2010015510",0.0770441912875132,0.0104616791941226,16248,2,"meta_highrescanopyheight_orthophoto",0.5,"orthophoto_50cm_2025","Nord-Norge"
"NINFP2510211434",4.65165601134352,4.60100889205933,8709,3,"meta_highrescanopyheight_orthophoto",0.5,"orthophoto_50cm_2025","Nord-Norge"
"NINFP1810025415",0.91636814435667,0.0535717755556107,39933,4,"meta_highrescanopyheight_orthophoto",0.5,"orthophoto_50cm_2025","Nord-Norge"
"NINFP2310139280",0.278833967834697,0.0106043452396989,7357,2,"meta_highrescanopyheight_orthophoto",0.5,"orthophoto_50cm_2025","Nord-Norge"
"NINFP2110027017",2.02683258051281,0.273811131715775,8636,4,"meta_highrescanopyheight_orthophoto",0.5,"orthophoto_50cm_2025","Nord-Norge"
"NINFP2410174810",0.794599982888129,0.0149074513465166,45175,5,"meta_highrescanopyheight_orthophoto",0.5,"orthophoto_50cm_2025","Nord-Norge"
"NINFP1810037954",0.319879972000364,0.0115641951560974,105939,6,"meta_highrescanopyheight_orthophoto",0.5,"orthophoto_50cm_2025","Nord-Norge"
"NINFP2510185636",0.0196002129554135,0.0101120369508862,486880,19,"meta_highrescanopyheight_orthophoto",0.5,"orthophoto_50cm_2025","Nord-Norge"
"NINFP2310136863",0.0200517555644925,0.0102345030754805,77202,6,"meta_highrescanopyheight_orthophoto",0.5,"orthophoto_50cm_2025","Nord-Norge"
"NINFP2410157273",7.47742733200677,7.73874282836914,4170,1,"meta_highrescanopyheight_orthophoto",0.5,"orthophoto_50cm_2025","Nord-Norge"
"NINFP2210107270",0.0174225341874369,0.010378866456449,17408,5,"meta_highrescanopyheight_orthophoto",0.5,"orthophoto_50cm_2025","Nord-Norge"
"NINFP2010024019",0.0566043945976274,0.0104050803929567,6997,1,"meta_highrescanopyheight_orthophoto",0.5,"orthophoto_50cm_2025","Nord-Norge"
"NINFP2110026473",0.250820515310369,0.0111408424563706,56598,6,"meta_highrescanopyheight_orthophoto",0.5,"orthophoto_50cm_2025","Nord-Norge"
"NINFP2310124939",0.0820808673988822,0.0102281509898603,45322,5,"meta_highrescanopyheight_orthophoto",0.5,"orthophoto_50cm_2025","Nord-Norge"
"NINFP2310132411",0.051192290006305,0.0106124267913401,145848,9,"meta_highrescanopyheight_orthophoto",0.5,"orthophoto_50cm_2025","Nord-Norge"
"NINFP2210113986",0.0107573343796448,0.0101178893819451,7156,1,"meta_highrescanopyheight_orthophoto",0.5,"orthophoto_50cm_2025","Nord-Norge"
"NINFP2210099110",0.0931900587464566,0.0105831548571587,8247,2,"meta_highrescanopyheight_orthophoto",0.5,"orthophoto_50cm_2025","Nord-Norge"
"NINFP2410161121",0.0456736994681778,0.0102129131555557,31366,3,"meta_highrescanopyheight_orthophoto",0.5,"orthophoto_50cm_2025","Nord-Norge"
"NINFP2010033389",0.439412919886328,0.0344756972044706,4004,1,"meta_highrescanopyheight_orthophoto",0.5,"orthophoto_50cm_2025","Nord-Norge"
"NINFP2010036661",0.730285550157401,0.0103489393368363,10803,2,"meta_highrescanopyheight_orthophoto",0.5,"orthophoto_50cm_2025","Nord-Norge"
"NINFP1810035394",0.380118836888925,0.0129839004948735,18354,2,"meta_highrescanopyheight_orthophoto",0.5,"orthophoto_50cm_2025","Nord-Norge"
"NINFP2210083643",1.08722976676,0.111239515244961,16967,4,"meta_highrescanopyheight_orthophoto",0.5,"orthophoto_50cm_2025","Nord-Norge"
"NINFP2110024846",0.990259277871891,0.0228437129408121,18821,4,"meta_highrescanopyheight_orthophoto",0.5,"orthophoto_50cm_2025","Nord-Norge"
"NINFP2310141614",0.0101762790992133,0.0100988945923746,9958,2,"meta_highrescanopyheight_orthophoto",0.5,"orthophoto_50cm_2025","Nord-Norge"
"NINFP2310133691",0.0196250620724568,0.0102817732840776,7951,1,"meta_highrescanopyheight_orthophoto",0.5,"orthophoto_50cm_2025","Nord-Norge"
"NINFP1910024494",1.7076400424376,0.485027253627777,11719,3,"meta_highrescanopyheight_orthophoto",0.5,"orthophoto_50cm_2025","Nord-Norge"
"NINFP1810038343",0.225763398305148,0.114841029047966,79,1,"meta_highrescanopyheight_orthophoto",0.5,"orthophoto_50cm_2025","Nord-Norge"
"NINFP2510203191",0.0102895184692953,0.0101008336059749,7774,1,"meta_highrescanopyheight_orthophoto",0.5,"orthophoto_50cm_2025","Nord-Norge"
"NINFP2110023850",0.185205698355004,0.0112647842615843,11183,4,"meta_highrescanopyheight_orthophoto",0.5,"orthophoto_50cm_2025","Nord-Norge"
"NINFP2210107176",0.017116507185053,0.0100909443572164,170076,9,"meta_highrescanopyheight_orthophoto",0.5,"orthophoto_50cm_2025","Nord-Norge"
"NINFP2010014205",0.884075330563996,0.0113855544477701,15267,4,"meta_highrescanopyheight_orthophoto",0.5,"orthophoto_50cm_2025","Nord-Norge"
"NINFP1910025151",0.0484464071940918,0.0101682152599096,116336,9,"meta_highrescanopyheight_orthophoto",0.5,"orthophoto_50cm_2025","Nord-Norge"
"NINFP2310134304",0.0193622469893323,0.0104328254237771,10472,2,"meta_highrescanopyheight_orthophoto",0.5,"orthophoto_50cm_2025","Nord-Norge"
"NINFP1910026824",0.136032212117055,0.0100878844968975,99622,9,"meta_highrescanopyheight_orthophoto",0.5,"orthophoto_50cm_2025","Nord-Norge"
"NINFP2510201082",0.03724888451201,0.0103868758305907,14604,2,"meta_highrescanopyheight_orthophoto",0.5,"orthophoto_50cm_2025","Nord-Norge"
"NINFP1810012812",3.92558731053796,3.45808887481689,75038,7,"meta_highrescanopyheight_orthophoto",0.5,"orthophoto_50cm_2025","Nord-Norge"
"NINFP2110034848",0.0136076413408194,0.0100265759974718,533375,19,"meta_highrescanopyheight_orthophoto",0.5,"orthophoto_50cm_2025","Nord-Norge"
"NINFP2410155829",0.0499296406621344,0.0104335462674499,7989,2,"meta_highrescanopyheight_orthophoto",0.5,"orthophoto_50cm_2025","Nord-Norge"
"NINFP2310127616",6.37851790871991,6.05853271484375,9919,2,"meta_highrescanopyheight_orthophoto",0.5,"orthophoto_50cm_2025","Nord-Norge"
"NINFP2210087199",1.70268326949517,0.46075227856636,16163,3,"meta_highrescanopyheight_orthophoto",0.5,"orthophoto_50cm_2025","Nord-Norge"
"NINFP2010039012",0.23022109719969,0.011441663838923,10966,2,"meta_highrescanopyheight_orthophoto",0.5,"orthophoto_50cm_2025","Nord-Norge"
"NINFP2110023257",0.0412347348427827,0.0106677864678204,8460,2,"meta_highrescanopyheight_orthophoto",0.5,"orthophoto_50cm_2025","Nord-Norge"
"NINFP2410154471",0.0161621786479882,0.0100615797564387,384011,16,"meta_highrescanopyheight_orthophoto",0.5,"orthophoto_50cm_2025","Nord-Norge"
"NINFP2210089644",0.0101633474220124,0.0101457517594099,8051,2,"meta_highrescanopyheight_orthophoto",0.5,"orthophoto_50cm_2025","Nord-Norge"
"NINFP1910026274",0.496072519405696,0.0102371443063021,23253,2,"meta_highrescanopyheight_orthophoto",0.5,"orthophoto_50cm_2025","Nord-Norge"
"NINFP2510207106",0.0145856654011492,0.0100737614557147,13827,2,"meta_highrescanopyheight_orthophoto",0.5,"orthophoto_50cm_2025","Nord-Norge"
"NINFP2410154560",0.396392463198735,0.031454473733902,7444,3,"meta_highrescanopyheight_orthophoto",0.5,"orthophoto_50cm_2025","Nord-Norge"
"NINFP1810029771",1.28205730071511,0.11595356836915,20348,4,"meta_highrescanopyheight_orthophoto",0.5,"orthophoto_50cm_2025","Nord-Norge"
"NINFP2010012367",0.340843957412839,0.0113820899277925,340365,13,"meta_highrescanopyheight_orthophoto",0.5,"orthophoto_50cm_2025","Nord-Norge"
"NINFP2410177649",0.0101595143067333,0.0100642815232277,133893,8,"meta_highrescanopyheight_orthophoto",0.5,"orthophoto_50cm_2025","Nord-Norge"
"NINFP2410172284",0.0108752843506347,0.0101103335618973,31427,5,"meta_highrescanopyheight_orthophoto",0.5,"orthophoto_50cm_2025","Nord-Norge"
"NINFP1810035287",0.0190130937855055,0.0104592889547348,4418,2,"meta_highrescanopyheight_orthophoto",0.5,"orthophoto_50cm_2025","Nord-Norge"
"NINFP2510215540",0.160570794461436,0.017600660212338,4298,1,"meta_highrescanopyheight_orthophoto",0.5,"orthophoto_50cm_2025","Nord-Norge"
"NINFP1810028804",0.679627416752696,0.0268190335482359,83305,5,"meta_highrescanopyheight_orthophoto",0.5,"orthophoto_50cm_2025","Nord-Norge"
"NINFP1810047117",0.112062005143667,0.0101452432572842,41839,4,"meta_highrescanopyheight_orthophoto",0.5,"orthophoto_50cm_2025","Nord-Norge"
"NINFP2110036443",0.0104179058258225,0.0100803058594465,5219,2,"meta_highrescanopyheight_orthophoto",0.5,"orthophoto_50cm_2025","Nord-Norge"
"NINFP1810034991",0.121270614173433,0.0104230064898729,65887,8,"meta_highrescanopyheight_orthophoto",0.5,"orthophoto_50cm_2025","Nord-Norge"
"NINFP2110032207",0.048568925574431,0.0103558688424528,96996,5,"meta_highrescanopyheight_orthophoto",0.5,"orthophoto_50cm_2025","Nord-Norge"
"NINFP2010023541",0.17013903100941,0.0104598123580217,4101,2,"meta_highrescanopyheight_orthophoto",0.5,"orthophoto_50cm_2025","Nord-Norge"
"NINFP2410173950",0.138746494091283,0.0105440691113472,18857,4,"meta_highrescanopyheight_orthophoto",0.5,"orthophoto_50cm_2025","Nord-Norge"
"NINFP2310125503",0.728024024038749,0.0152600551955402,190968,10,"meta_highrescanopyheight_orthophoto",0.5,"orthophoto_50cm_2025","Nord-Norge"
"NINFP2310140575",0.0532169181716708,0.0106714847497642,5282,2,"meta_highrescanopyheight_orthophoto",0.5,"orthophoto_50cm_2025","Nord-Norge"
"NINFP2210103901",0.0268290858986681,0.0101567329838872,14033,4,"meta_highrescanopyheight_orthophoto",0.5,"orthophoto_50cm_2025","Nord-Norge"
"NINFP2510188848",0.0481603055391876,0.0103166252374649,54263,4,"meta_highrescanopyheight_orthophoto",0.5,"orthophoto_50cm_2025","Nord-Norge"
"NINFP2010011905",0.70481779149306,0.0144019671715796,281388,13,"meta_highrescanopyheight_orthophoto",0.5,"orthophoto_50cm_2025","Nord-Norge"
"NINFP2210104214",0.0117398825294637,0.01020632032305,10162,2,"meta_highrescanopyheight_orthophoto",0.5,"orthophoto_50cm_2025","Nord-Norge"
"NINFP2110031855",0.0100478499685168,0.0100361569784582,5862,2,"meta_highrescanopyheight_orthophoto",0.5,"orthophoto_50cm_2025","Nord-Norge"
"NINFP2110033647",0.0214100740680439,0.010155142750591,148928,7,"meta_highrescanopyheight_orthophoto",0.5,"orthophoto_50cm_2025","Nord-Norge"
"NINFP2310134620",0.0340447320844521,0.0113256881013513,6809,3,"meta_highrescanopyheight_orthophoto",0.5,"orthophoto_50cm_2025","Nord-Norge"
"NINFP2310127690",0.0103786859082222,0.0102314096875489,8816,3,"meta_highrescanopyheight_orthophoto",0.5,"orthophoto_50cm_2025","Nord-Norge"
"NINFP2010025671",4.83003130182604,4.47883319854736,18479,2,"meta_highrescanopyheight_orthophoto",0.5,"orthophoto_50cm_2025","Nord-Norge"
"NINFP2010025612",0.0229906766459464,0.0119748516008258,4179,2,"meta_highrescanopyheight_orthophoto",0.5,"orthophoto_50cm_2025","Nord-Norge"
"NINFP2210089599",0.144512539331509,0.0113882068544626,6019,2,"meta_highrescanopyheight_orthophoto",0.5,"orthophoto_50cm_2025","Nord-Norge"
"NINFP2510206878",0.0336853648586178,0.0102313891984522,74698,4,"meta_highrescanopyheight_orthophoto",0.5,"orthophoto_50cm_2025","Nord-Norge"
"NINFP2410177604",0.123103679566278,0.0108943469822407,5082,2,"meta_highrescanopyheight_orthophoto",0.5,"orthophoto_50cm_2025","Nord-Norge"
"NINFP2510189084",0.169810978818321,0.0104956850409508,21731,3,"meta_highrescanopyheight_orthophoto",0.5,"orthophoto_50cm_2025","Nord-Norge"
"NINFP2510185566",0.0107868279426499,0.0101979393512011,27804,1,"meta_highrescanopyheight_orthophoto",0.5,"orthophoto_50cm_2025","Nord-Norge"
"NINFP2310134163",1.75824137833353,0.780708491802216,27897,5,"meta_highrescanopyheight_orthophoto",0.5,"orthophoto_50cm_2025","Nord-Norge"
"NINFP2010024606",0.0740408236944717,0.0103080784901977,4111,1,"meta_highrescanopyheight_orthophoto",0.5,"orthophoto_50cm_2025","Nord-Norge"
"NINFP2510205705",1.02693940832265,0.0660081282258034,4946,2,"meta_highrescanopyheight_orthophoto",0.5,"orthophoto_50cm_2025","Nord-Norge"
"NINFP2010025839",1.43454731004385,0.533851504325867,4791,2,"meta_highrescanopyheight_orthophoto",0.5,"orthophoto_50cm_2025","Nord-Norge"
"NINFP2510193967",4.31116819280402,4.08432960510254,23741,4,"meta_highrescanopyheight_orthophoto",0.5,"orthophoto_50cm_2025","Nord-Norge"
"NINFP2110019426",0.159341678318807,0.0175663027912378,7672,1,"meta_highrescanopyheight_orthophoto",0.5,"orthophoto_50cm_2025","Nord-Norge"
"NINFP2410171859",0.116139315302232,0.0101745370775461,210274,9,"meta_highrescanopyheight_orthophoto",0.5,"orthophoto_50cm_2025","Nord-Norge"
"NINFP2210104525",3.57310288493583,3.29895377159119,4595,2,"meta_highrescanopyheight_orthophoto",0.5,"orthophoto_50cm_2025","Nord-Norge"
"NINFP2010024426",7.47238980533367,7.94361352920532,23273,2,"meta_highrescanopyheight_orthophoto",0.5,"orthophoto_50cm_2025","Nord-Norge"
"NINFP2210097899",0.137324456913362,0.0120340492576361,6427,1,"meta_highrescanopyheight_orthophoto",0.5,"orthophoto_50cm_2025","Nord-Norge"
"NINFP1910011839",1.38851368529058,0.0330577008426189,2595,2,"meta_highrescanopyheight_orthophoto",0.5,"orthophoto_50cm_2025","Nord-Norge"
"NINFP2210084306",0.0868581463175347,0.01043780753389,587592,20,"meta_highrescanopyheight_orthophoto",0.5,"orthophoto_50cm_2025","Nord-Norge"
"NINFP1810033608",0.217016989067908,0.0278653111308813,34949,3,"meta_highrescanopyheight_orthophoto",0.5,"orthophoto_50cm_2025","Nord-Norge"
"NINFP2510215302",1.31145936537217,0.0884144492447376,5340,2,"meta_highrescanopyheight_orthophoto",0.5,"orthophoto_50cm_2025","Nord-Norge"
"NINFP1910018248",0.175200725140816,0.0105761354789138,10407,4,"meta_highrescanopyheight_orthophoto",0.5,"orthophoto_50cm_2025","Nord-Norge"
"NINFP2110024942",1.2460458762425,0.058446204289794,8402,2,"meta_highrescanopyheight_orthophoto",0.5,"orthophoto_50cm_2025","Nord-Norge"
"NINFP2110036525",0.0108913815410158,0.0102039761841297,39486,4,"meta_highrescanopyheight_orthophoto",0.5,"orthophoto_50cm_2025","Nord-Norge"
"NINFP2210086109",2.74769160836488,0.232003271579742,6951,1,"meta_highrescanopyheight_orthophoto",0.5,"orthophoto_50cm_2025","Nord-Norge"
"NINFP2410174452",0.0642320561853025,0.0103616835549474,73886,8,"meta_highrescanopyheight_orthophoto",0.5,"orthophoto_50cm_2025","Nord-Norge"
"NINFP1810029085",0.272270938942033,0.0103619694709778,60607,5,"meta_highrescanopyheight_orthophoto",0.5,"orthophoto_50cm_2025","Nord-Norge"
"NINFP2010040887",0.399279108006977,0.037281472235918,2575,2,"meta_highrescanopyheight_orthophoto",0.5,"orthophoto_50cm_2025","Nord-Norge"
"NINFP2210104080",0.0234232425793026,0.0102944201789796,53322,4,"meta_highrescanopyheight_orthophoto",0.5,"orthophoto_50cm_2025","Nord-Norge"
"NINFP1810031186",0.0177173972926591,0.0101977912709117,66205,6,"meta_highrescanopyheight_orthophoto",0.5,"orthophoto_50cm_2025","Nord-Norge"
"NINFP2210082331",0.0193539761557875,0.0101768537424505,62054,5,"meta_highrescanopyheight_orthophoto",0.5,"orthophoto_50cm_2025","Nord-Norge"
"NINFP1910040131",0.106988504695162,0.0103146084584296,5050,4,"meta_highrescanopyheight_orthophoto",0.5,"orthophoto_50cm_2025","Nord-Norge"
"NINFP2510206377",0.564560190981837,0.0775783583521843,40211,4,"meta_highrescanopyheight_orthophoto",0.5,"orthophoto_50cm_2025","Nord-Norge"
"NINFP2010033004",0.38171260238374,0.01031712628901,50415,5,"meta_highrescanopyheight_orthophoto",0.5,"orthophoto_50cm_2025","Nord-Norge"
"NINFP1810028483",1.30812921342554,0.187811017036438,38922,5,"meta_highrescanopyheight_orthophoto",0.5,"orthophoto_50cm_2025","Nord-Norge"
"NINFP2310141227",0.998750137295635,0.176683992147446,5783,4,"meta_highrescanopyheight_orthophoto",0.5,"orthophoto_50cm_2025","Nord-Norge"
"NINFP1910032950",2.09433600022618,0.704515069723129,5096,2,"meta_highrescanopyheight_orthophoto",0.5,"orthophoto_50cm_2025","Nord-Norge"
"NINFP2410167852",0.0105008204425394,0.0101821185089648,5782,1,"meta_highrescanopyheight_orthophoto",0.5,"orthophoto_50cm_2025","Nord-Norge"
"NINFP1810035866",0.190172851745841,0.136370345950127,79,1,"meta_highrescanopyheight_orthophoto",0.5,"orthophoto_50cm_2025","Nord-Norge"
"NINFP2310130031",4.17014432960686,3.08935332298279,8924,1,"meta_highrescanopyheight_orthophoto",0.5,"orthophoto_50cm_2025","Nord-Norge"
"NINFP2410150145",0.0235046522756124,0.0102214370854199,175576,11,"meta_highrescanopyheight_orthophoto",0.5,"orthophoto_50cm_2025","Nord-Norge"
"NINFP2210111872",1.25952880645762,0.534711718559265,31052,4,"meta_highrescanopyheight_orthophoto",0.5,"orthophoto_50cm_2025","Nord-Norge"
"NINFP2010018673",1.28072597312395,0.43974532186985,39528,5,"meta_highrescanopyheight_orthophoto",0.5,"orthophoto_50cm_2025","Nord-Norge"
"NINFP1910019175",0.0996058994066362,0.0100983157753944,509332,16,"meta_highrescanopyheight_orthophoto",0.5,"orthophoto_50cm_2025","Nord-Norge"
"NINFP2010021232",0.0154796248069268,0.0104808062314987,10883,3,"meta_highrescanopyheight_orthophoto",0.5,"orthophoto_50cm_2025","Nord-Norge"
"NINFP1810029831",0.212769952986855,0.05439961142838,80,2,"meta_highrescanopyheight_orthophoto",0.5,"orthophoto_50cm_2025","Nord-Norge"
"NINFP2510215309",0.0945098146905377,0.0104106739163399,29966,4,"meta_highrescanopyheight_orthophoto",0.5,"orthophoto_50cm_2025","Nord-Norge"
"NINFP2010024060",0.199707678667767,0.0102519718930125,414045,14,"meta_highrescanopyheight_orthophoto",0.5,"orthophoto_50cm_2025","Nord-Norge"
"NINFP1810030360",0.0765124671036594,0.0102653689682484,227633,17,"meta_highrescanopyheight_orthophoto",0.5,"orthophoto_50cm_2025","Nord-Norge"
"NINFP2310136799",0.308096139157758,0.0106257195584476,8952,1,"meta_highrescanopyheight_orthophoto",0.5,"orthophoto_50cm_2025","Nord-Norge"
"NINFP2410158322",0.304081697096547,0.0169234406203032,7126,1,"meta_highrescanopyheight_orthophoto",0.5,"orthophoto_50cm_2025","Nord-Norge"
"NINFP1810012122",0.0182441829143352,0.0101297460496426,57412,4,"meta_highrescanopyheight_orthophoto",0.5,"orthophoto_50cm_2025","Nord-Norge"
"NINFP2110036533",0.0191997924361178,0.0101703209802508,65447,4,"meta_highrescanopyheight_orthophoto",0.5,"orthophoto_50cm_2025","Nord-Norge"
"NINFP2110020559",0.252904536422829,0.0104099037125707,9906,3,"meta_highrescanopyheight_orthophoto",0.5,"orthophoto_50cm_2025","Nord-Norge"
"NINFP2110036468",0.014682020884245,0.010341708548367,14100,4,"meta_highrescanopyheight_orthophoto",0.5,"orthophoto_50cm_2025","Nord-Norge"
"NINFP2510201086",0.0340436093945233,0.0103843407705426,15797,2,"meta_highrescanopyheight_orthophoto",0.5,"orthophoto_50cm_2025","Nord-Norge"
"NINFP1810034265",0.0922751166009265,0.0104312244802713,58033,5,"meta_highrescanopyheight_orthophoto",0.5,"orthophoto_50cm_2025","Nord-Norge"
"NINFP2210106009",0.0205233188836548,0.0108506362885237,6163,2,"meta_highrescanopyheight_orthophoto",0.5,"orthophoto_50cm_2025","Nord-Norge"
"NINFP2410149734",0.0527536075671151,0.0101461349986494,216430,8,"meta_highrescanopyheight_orthophoto",0.5,"orthophoto_50cm_2025","Nord-Norge"
"NINFP2410154336",0.167659203324855,0.0115736741572618,16575,2,"meta_highrescanopyheight_orthophoto",0.5,"orthophoto_50cm_2025","Nord-Norge"
"NINFP2210076424",0.010165818153007,0.0101102013140917,18832,3,"meta_highrescanopyheight_orthophoto",0.5,"orthophoto_50cm_2025","Nord-Norge"
"NINFP2310132471",0.0103095171130312,0.0101831695064902,2062,3,"meta_highrescanopyheight_orthophoto",0.5,"orthophoto_50cm_2025","Nord-Norge"
"NINFP2210103458",0.024545239867091,0.0102195590734482,86123,7,"meta_highrescanopyheight_orthophoto",0.5,"orthophoto_50cm_2025","Nord-Norge"
"NINFP1910024692",2.31655334641558,0.121602706611156,6885,2,"meta_highrescanopyheight_orthophoto",0.5,"orthophoto_50cm_2025","Nord-Norge"
"NINFP2010016150",0.213111630934465,0.0108686052262783,26673,4,"meta_highrescanopyheight_orthophoto",0.5,"orthophoto_50cm_2025","Nord-Norge"
"NINFP2510203091",0.0231012039466708,0.0103904181160033,8874,4,"meta_highrescanopyheight_orthophoto",0.5,"orthophoto_50cm_2025","Nord-Norge"
"NINFP1810028797",2.76185025426907,1.60382390022278,22953,3,"meta_highrescanopyheight_orthophoto",0.5,"orthophoto_50cm_2025","Nord-Norge"
"NINFP1910025824",0.449500071508183,0.0111063169315457,4010,2,"meta_highrescanopyheight_orthophoto",0.5,"orthophoto_50cm_2025","Nord-Norge"
"NINFP2410173035",0.310203630087458,0.0125204203650355,2447,1,"meta_highrescanopyheight_orthophoto",0.5,"orthophoto_50cm_2025","Nord-Norge"
"NINFP1810044957",0.0102952485574834,0.0100557096302509,11116,2,"meta_highrescanopyheight_orthophoto",0.5,"orthophoto_50cm_2025","Nord-Norge"
"NINFP2110018184",0.124263345237821,0.0101062972098589,58107,5,"meta_highrescanopyheight_orthophoto",0.5,"orthophoto_50cm_2025","Nord-Norge"
"NINFP2010030557",0.0287139540752092,0.0100411921739578,881127,30,"meta_highrescanopyheight_orthophoto",0.5,"orthophoto_50cm_2025","Nord-Norge"
"NINFP1910019921",0.0115935969407689,0.0100603792816401,711032,26,"meta_highrescanopyheight_orthophoto",0.5,"orthophoto_50cm_2025","Nord-Norge"
"NINFP2210103332",0.194118787356532,0.0127435862086713,7508,2,"meta_highrescanopyheight_orthophoto",0.5,"orthophoto_50cm_2025","Nord-Norge"
"NINFP2510188833",0.159750043893664,0.0102914073504508,21780,4,"meta_highrescanopyheight_orthophoto",0.5,"orthophoto_50cm_2025","Nord-Norge"
"NINFP2510202842",0.0126122971813599,0.0101155713200569,4426,1,"meta_highrescanopyheight_orthophoto",0.5,"orthophoto_50cm_2025","Nord-Norge"
"NINFP2210113988",0.26089814323287,0.0132464813068509,7163,1,"meta_highrescanopyheight_orthophoto",0.5,"orthophoto_50cm_2025","Nord-Norge"
"NINFP2410172821",0.758614452236957,0.137982398271561,39129,5,"meta_highrescanopyheight_orthophoto",0.5,"orthophoto_50cm_2025","Nord-Norge"
"NINFP2110036239",0.0103928014014358,0.0100860754027963,14753,3,"meta_highrescanopyheight_orthophoto",0.5,"orthophoto_50cm_2025","Nord-Norge"
"NINFP2110033104",0.0231630569707047,0.0104178469628096,53913,5,"meta_highrescanopyheight_orthophoto",0.5,"orthophoto_50cm_2025","Nord-Norge"
"NINFP2410161623",0.387900960860038,0.0264332145452499,8768,3,"meta_highrescanopyheight_orthophoto",0.5,"orthophoto_50cm_2025","Nord-Norge"
"NINFP2110023421",0.0103899948691726,0.0101958350278437,6544,3,"meta_highrescanopyheight_orthophoto",0.5,"orthophoto_50cm_2025","Nord-Norge"
"NINFP2210086691",0.01075532317615,0.0100268004462123,24967,2,"meta_highrescanopyheight_orthophoto",0.5,"orthophoto_50cm_2025","Nord-Norge"
"NINFP2310133755",0.364637038828586,0.0107370903715491,50146,6,"meta_highrescanopyheight_orthophoto",0.5,"orthophoto_50cm_2025","Nord-Norge"
"NINFP1910033443",0.0867153769445729,0.0104815866798162,18683,3,"meta_highrescanopyheight_orthophoto",0.5,"orthophoto_50cm_2025","Nord-Norge"
"NINFP2110054401",0.0252053407891094,0.0101580265909433,9573,2,"meta_highrescanopyheight_orthophoto",0.5,"orthophoto_50cm_2025","Nord-Norge"
"NINFP2010055736",0.0296958517108348,0.0100970221683383,109243,6,"meta_highrescanopyheight_orthophoto",0.5,"orthophoto_50cm_2025","Nord-Norge"
"NINFP2010023475",0.491904095650697,0.029801718890667,104429,5,"meta_highrescanopyheight_orthophoto",0.5,"orthophoto_50cm_2025","Nord-Norge"
"NINFP2210078269",0.226981572142077,0.0100539438426495,145964,8,"meta_highrescanopyheight_orthophoto",0.5,"orthophoto_50cm_2025","Nord-Norge"
"NINFP2010014393",0.0506651401770511,0.0101588992401958,33615,4,"meta_highrescanopyheight_orthophoto",0.5,"orthophoto_50cm_2025","Nord-Norge"
"NINFP2410175093",0.0199868245474724,0.0103978766128421,9370,4,"meta_highrescanopyheight_orthophoto",0.5,"orthophoto_50cm_2025","Nord-Norge"
"NINFP2210076161",0.0101871801974482,0.0100858905352652,44796,5,"meta_highrescanopyheight_orthophoto",0.5,"orthophoto_50cm_2025","Nord-Norge"
"NINFP2510201077",2.84513252807177,2.63423717021942,6318,1,"meta_highrescanopyheight_orthophoto",0.5,"orthophoto_50cm_2025","Nord-Norge"
"NINFP2410172806",0.348512423825175,0.0173270460218191,10169,4,"meta_highrescanopyheight_orthophoto",0.5,"orthophoto_50cm_2025","Nord-Norge"
"NINFP2110029612",0.0101534838311711,0.010048764757812,66590,5,"meta_highrescanopyheight_orthophoto",0.5,"orthophoto_50cm_2025","Nord-Norge"
"NINFP2010029822",0.144253368368079,0.0106209591031075,25868,5,"meta_highrescanopyheight_orthophoto",0.5,"orthophoto_50cm_2025","Nord-Norge"
"NINFP2010032195",0.0189579454414024,0.0101977325975895,57849,6,"meta_highrescanopyheight_orthophoto",0.5,"orthophoto_50cm_2025","Nord-Norge"
"NINFP2410157442",0.0447415751962648,0.0112834563478827,1236,1,"meta_highrescanopyheight_orthophoto",0.5,"orthophoto_50cm_2025","Nord-Norge"
"NINFP2410183389",7.09138232374785,7.73124313354492,6353,2,"meta_highrescanopyheight_orthophoto",0.5,"orthophoto_50cm_2025","Nord-Norge"
"NINFP2110021963",1.25682415857417,0.273232340812683,32488,6,"meta_highrescanopyheight_orthophoto",0.5,"orthophoto_50cm_2025","Nord-Norge"
"NINFP2010025748",1.27424778928523,0.110331386327744,2751,4,"meta_highrescanopyheight_orthophoto",0.5,"orthophoto_50cm_2025","Nord-Norge"
"NINFP1910025972",0.0645731800971139,0.0101363137364388,65167,4,"meta_highrescanopyheight_orthophoto",0.5,"orthophoto_50cm_2025","Nord-Norge"
"NINFP1810037933",0.893392512400718,0.0194937121123075,6998,1,"meta_highrescanopyheight_orthophoto",0.5,"orthophoto_50cm_2025","Nord-Norge"
"NINFP2510197419",1.04734887806512,0.0156009336933494,4384,1,"meta_highrescanopyheight_orthophoto",0.5,"orthophoto_50cm_2025","Nord-Norge"
"NINFP2210076336",0.0103319009490789,0.0102669857442379,14004,2,"meta_highrescanopyheight_orthophoto",0.5,"orthophoto_50cm_2025","Nord-Norge"
"NINFP2210085857",0.042020922584405,0.0107730012387037,5263,4,"meta_highrescanopyheight_orthophoto",0.5,"orthophoto_50cm_2025","Nord-Norge"
"NINFP2410155921",0.0312333060591216,0.0101665370166302,59354,7,"meta_highrescanopyheight_orthophoto",0.5,"orthophoto_50cm_2025","Nord-Norge"
"NINFP2210099780",0.013769380873103,0.0100337327457964,29492,2,"meta_highrescanopyheight_orthophoto",0.5,"orthophoto_50cm_2025","Nord-Norge"
"NINFP2210088391",0.0719616109272425,0.0104422587901354,29123,4,"meta_highrescanopyheight_orthophoto",0.5,"orthophoto_50cm_2025","Nord-Norge"
"NINFP2410155655",0.0308633730559656,0.0103946439921856,4628,2,"meta_highrescanopyheight_orthophoto",0.5,"orthophoto_50cm_2025","Nord-Norge"
"NINFP2110051080",0.010282873241868,0.0101232007145882,5277,2,"meta_highrescanopyheight_orthophoto",0.5,"orthophoto_50cm_2025","Nord-Norge"
"NINFP1810034047",0.156488779173768,0.011267595924437,24583,6,"meta_highrescanopyheight_orthophoto",0.5,"orthophoto_50cm_2025","Nord-Norge"
"NINFP2510203427",0.0101020924912849,0.010073265992105,45494,3,"meta_highrescanopyheight_orthophoto",0.5,"orthophoto_50cm_2025","Nord-Norge"
"NINFP2010026615",0.152000044562104,0.0118786320090294,11851,2,"meta_highrescanopyheight_orthophoto",0.5,"orthophoto_50cm_2025","Nord-Norge"
"NINFP1910018707",0.116859838484656,0.0102350115776062,40801,5,"meta_highrescanopyheight_orthophoto",0.5,"orthophoto_50cm_2025","Nord-Norge"
"NINFP2410164026",3.72997303393472,3.22456228733063,4160,2,"meta_highrescanopyheight_orthophoto",0.5,"orthophoto_50cm_2025","Nord-Norge"
"NINFP2010024191",0.0277494750525166,0.0100369243882596,76756,6,"meta_highrescanopyheight_orthophoto",0.5,"orthophoto_50cm_2025","Nord-Norge"
"NINFP2410157444",0.0455232406280897,0.0106575763784349,1970,2,"meta_highrescanopyheight_orthophoto",0.5,"orthophoto_50cm_2025","Nord-Norge"
"NINFP2510205191",0.885870515233171,0.0799134969711304,8297,1,"meta_highrescanopyheight_orthophoto",0.5,"orthophoto_50cm_2025","Nord-Norge"
"NINFP2210103320",0.749005361598011,0.0105737634003162,20969,3,"meta_highrescanopyheight_orthophoto",0.5,"orthophoto_50cm_2025","Nord-Norge"
"NINFP2210088595",0.628376872328481,0.0124207083135843,29720,3,"meta_highrescanopyheight_orthophoto",0.5,"orthophoto_50cm_2025","Nord-Norge"
"NINFP1810021972",0.0223810582158828,0.0101941525936127,48927,7,"meta_highrescanopyheight_orthophoto",0.5,"orthophoto_50cm_2025","Nord-Norge"
"NINFP2210108361",0.132999038505156,0.0104117309674621,6849,2,"meta_highrescanopyheight_orthophoto",0.5,"orthophoto_50cm_2025","Nord-Norge"
"NINFP2210086695",0.0237184572558305,0.0106742633506656,12158,3,"meta_highrescanopyheight_orthophoto",0.5,"orthophoto_50cm_2025","Nord-Norge"
"NINFP2010039545",1.87400870574903,0.705357015132904,9634,2,"meta_highrescanopyheight_orthophoto",0.5,"orthophoto_50cm_2025","Nord-Norge"
"NINFP2510202022",0.0287329032874028,0.0103863761760294,5726,1,"meta_highrescanopyheight_orthophoto",0.5,"orthophoto_50cm_2025","Nord-Norge"
"NINFP2310116373",0.0646851694779777,0.0100656449794769,160261,11,"meta_highrescanopyheight_orthophoto",0.5,"orthophoto_50cm_2025","Nord-Norge"
"NINFP2110021947",0.287200470616979,0.0104090739041567,36445,5,"meta_highrescanopyheight_orthophoto",0.5,"orthophoto_50cm_2025","Nord-Norge"
"NINFP2010034152",0.072719738350182,0.0101426849141717,141723,6,"meta_highrescanopyheight_orthophoto",0.5,"orthophoto_50cm_2025","Nord-Norge"
"NINFP2510212832",0.010282024093684,0.0102586783468723,4177,2,"meta_highrescanopyheight_orthophoto",0.5,"orthophoto_50cm_2025","Nord-Norge"
"NINFP2510201089",0.0104003674094041,0.0101063908077776,17310,4,"meta_highrescanopyheight_orthophoto",0.5,"orthophoto_50cm_2025","Nord-Norge"
"NINFP1910019021",3.19138643441142,1.52890717983246,877894,41,"meta_highrescanopyheight_orthophoto",0.5,"orthophoto_50cm_2025","Nord-Norge"
"NINFP1810036688",0.394227030793087,0.0150256808847189,41186,4,"meta_highrescanopyheight_orthophoto",0.5,"orthophoto_50cm_2025","Nord-Norge"
"NINFP2010022113",6.53268584721489,7.02812361717224,28892,2,"meta_highrescanopyheight_orthophoto",0.5,"orthophoto_50cm_2025","Nord-Norge"
"NINFP2410174982",0.0254765968319346,0.0101906261406839,17992,3,"meta_highrescanopyheight_orthophoto",0.5,"orthophoto_50cm_2025","Nord-Norge"
"NINFP2310132469",0.297520870784912,0.0105940653011203,22869,4,"meta_highrescanopyheight_orthophoto",0.5,"orthophoto_50cm_2025","Nord-Norge"
"NINFP2010025339",0.0875114943505486,0.0101902391761541,13177,1,"meta_highrescanopyheight_orthophoto",0.5,"orthophoto_50cm_2025","Nord-Norge"
"NINFP2110023125",0.0487356960561156,0.0101665672846138,48656,4,"meta_highrescanopyheight_orthophoto",0.5,"orthophoto_50cm_2025","Nord-Norge"
"NINFP2210078261",0.210553879506079,0.0102714220993221,79240,6,"meta_highrescanopyheight_orthophoto",0.5,"orthophoto_50cm_2025","Nord-Norge"
"NINFP2110044492",0.203110276239207,0.0116743808612227,18458,2,"meta_highrescanopyheight_orthophoto",0.5,"orthophoto_50cm_2025","Nord-Norge"
"NINFP1810029813",0.447099860042832,0.0695559903979301,55140,7,"meta_highrescanopyheight_orthophoto",0.5,"orthophoto_50cm_2025","Nord-Norge"
"NINFP2210088601",0.319705653404442,0.0192529559135437,11974,2,"meta_highrescanopyheight_orthophoto",0.5,"orthophoto_50cm_2025","Nord-Norge"
"NINFP2110019578",0.141159662388031,0.011260180734098,10964,2,"meta_highrescanopyheight_orthophoto",0.5,"orthophoto_50cm_2025","Nord-Norge"
"NINFP2510186518",0.0104178039838019,0.0101558212190866,28229,4,"meta_highrescanopyheight_orthophoto",0.5,"orthophoto_50cm_2025","Nord-Norge"
"NINFP2410171821",0.0160831636370634,0.0102753760293126,27639,4,"meta_highrescanopyheight_orthophoto",0.5,"orthophoto_50cm_2025","Nord-Norge"
"NINFP1810028805",0.166852357351623,0.0115630347281694,5786,1,"meta_highrescanopyheight_orthophoto",0.5,"orthophoto_50cm_2025","Nord-Norge"
"NINFP2510198588",2.62828248563164,1.65391337871552,1856,2,"meta_highrescanopyheight_orthophoto",0.5,"orthophoto_50cm_2025","Nord-Norge"
"NINFP1810026445",0.169917772202621,0.0106131825596094,157440,9,"meta_highrescanopyheight_orthophoto",0.5,"orthophoto_50cm_2025","Nord-Norge"
"NINFP2010010203",0.416472605289048,0.0106430677697062,826706,25,"meta_highrescanopyheight_orthophoto",0.5,"orthophoto_50cm_2025","Nord-Norge"
"NINFP2410183385",5.54213476043169,5.13615298271179,11406,2,"meta_highrescanopyheight_orthophoto",0.5,"orthophoto_50cm_2025","Nord-Norge"
"NINFP2110033149",0.0258433507064331,0.0106650763191283,12482,4,"meta_highrescanopyheight_orthophoto",0.5,"orthophoto_50cm_2025","Nord-Norge"
"NINFP1910018336",0.304936042943232,0.0101656219922006,61228,6,"meta_highrescanopyheight_orthophoto",0.5,"orthophoto_50cm_2025","Nord-Norge"
"NINFP2210104087",0.0139395224577915,0.0102319871075451,66938,6,"meta_highrescanopyheight_orthophoto",0.5,"orthophoto_50cm_2025","Nord-Norge"
"NINFP2310123701",0.20277063628502,0.0192592050880194,1094,1,"meta_highrescanopyheight_orthophoto",0.5,"orthophoto_50cm_2025","Nord-Norge"
"NINFP2010032309",3.61310030095493,3.35871911048889,36349,6,"meta_highrescanopyheight_orthophoto",0.5,"orthophoto_50cm_2025","Nord-Norge"
"NINFP2510208260",3.30094517173182,2.38313889503479,50305,5,"meta_highrescanopyheight_orthophoto",0.5,"orthophoto_50cm_2025","Nord-Norge"
"NINFP2510185958",0.0283261949210607,0.0101504097692668,13954,2,"meta_highrescanopyheight_orthophoto",0.5,"orthophoto_50cm_2025","Nord-Norge"
"NINFP1810028788",0.681752468284378,0.0258730817586184,152713,11,"meta_highrescanopyheight_orthophoto",0.5,"orthophoto_50cm_2025","Nord-Norge"
"NINFP2110027179",0.0119986597047798,0.010115334764123,14105,4,"meta_highrescanopyheight_orthophoto",0.5,"orthophoto_50cm_2025","Nord-Norge"
"NINFP1810037116",0.0161753308646773,0.0101670948788524,404846,15,"meta_highrescanopyheight_orthophoto",0.5,"orthophoto_50cm_2025","Nord-Norge"
"NINFP2410157468",0.0103016656062201,0.010218714363873,4600,2,"meta_highrescanopyheight_orthophoto",0.5,"orthophoto_50cm_2025","Nord-Norge"
"NINFP2210089631",0.0274550493508063,0.0102597661316395,9989,3,"meta_highrescanopyheight_orthophoto",0.5,"orthophoto_50cm_2025","Nord-Norge"
"NINFP2010023543",0.278380399048869,0.0138885849155486,4544,3,"meta_highrescanopyheight_orthophoto",0.5,"orthophoto_50cm_2025","Nord-Norge"
"NINFP2110021764",0.324048689418141,0.0145658385008574,14659,2,"meta_highrescanopyheight_orthophoto",0.5,"orthophoto_50cm_2025","Nord-Norge"
"NINFP1810034271",0.352324626194467,0.0129708414897323,32097,2,"meta_highrescanopyheight_orthophoto",0.5,"orthophoto_50cm_2025","Nord-Norge"
"NINFP2410155535",0.0761420012436463,0.0118240653537214,5376,2,"meta_highrescanopyheight_orthophoto",0.5,"orthophoto_50cm_2025","Nord-Norge"
"NINFP2310131788",0.0342399565661659,0.010127441957593,24161,2,"meta_highrescanopyheight_orthophoto",0.5,"orthophoto_50cm_2025","Nord-Norge"
"NINFP2210102781",0.0417125962383229,0.0103531158529222,15968,3,"meta_highrescanopyheight_orthophoto",0.5,"orthophoto_50cm_2025","Nord-Norge"
"NINFP1810028461",0.0132488343756568,0.0106569859199226,4514,2,"meta_highrescanopyheight_orthophoto",0.5,"orthophoto_50cm_2025","Nord-Norge"
"NINFP2310141705",5.58642301831917,5.93253231048584,4060,1,"meta_highrescanopyheight_orthophoto",0.5,"orthophoto_50cm_2025","Nord-Norge"
"NINFP1810037220",0.434087482841315,0.0264252070337534,67656,5,"meta_highrescanopyheight_orthophoto",0.5,"orthophoto_50cm_2025","Nord-Norge"
"NINFP2310135246",0.0495784973500952,0.0101916785351932,32342,4,"meta_highrescanopyheight_orthophoto",0.5,"orthophoto_50cm_2025","Nord-Norge"
"NINFP1810021338",0.622686335847087,0.111595172435045,12992,4,"meta_highrescanopyheight_orthophoto",0.5,"orthophoto_50cm_2025","Nord-Norge"
"NINFP2110019080",4.86446635301045,5.34957504272461,11165,2,"meta_highrescanopyheight_orthophoto",0.5,"orthophoto_50cm_2025","Nord-Norge"
"NINFP1810037611",0.181397296365588,0.0105706686154008,42810,5,"meta_highrescanopyheight_orthophoto",0.5,"orthophoto_50cm_2025","Nord-Norge"
"NINFP1910026819",0.0381305304804886,0.0103061804547906,7754,2,"meta_highrescanopyheight_orthophoto",0.5,"orthophoto_50cm_2025","Nord-Norge"
"NINFP1810035535",0.574039655336638,0.0108931856229901,96521,6,"meta_highrescanopyheight_orthophoto",0.5,"orthophoto_50cm_2025","Nord-Norge"
"NINFP2310127619",2.39254168182588,0.058817720040679,4614,2,"meta_highrescanopyheight_orthophoto",0.5,"orthophoto_50cm_2025","Nord-Norge"
"NINFP1810027224",0.0255194097350433,0.0102525036782026,298879,15,"meta_highrescanopyheight_orthophoto",0.5,"orthophoto_50cm_2025","Nord-Norge"
"NINFP2410157445",0.0202776315159535,0.0103419218212366,7211,2,"meta_highrescanopyheight_orthophoto",0.5,"orthophoto_50cm_2025","Nord-Norge"
"NINFP1810036658",0.221279544032324,0.0107062901370227,75136,6,"meta_highrescanopyheight_orthophoto",0.5,"orthophoto_50cm_2025","Nord-Norge"
"NINFP2210104082",0.0532133338825141,0.0103826173581183,4008,2,"meta_highrescanopyheight_orthophoto",0.5,"orthophoto_50cm_2025","Nord-Norge"
"NINFP1910019100",0.0303099637152455,0.0101097482256591,94790,5,"meta_highrescanopyheight_orthophoto",0.5,"orthophoto_50cm_2025","Nord-Norge"
"NINFP2110036089",0.0101385955617646,0.0100663993507624,74961,5,"meta_highrescanopyheight_orthophoto",0.5,"orthophoto_50cm_2025","Nord-Norge"
"NINFP2310124984",0.763480292569495,0.0389458686113358,56057,6,"meta_highrescanopyheight_orthophoto",0.5,"orthophoto_50cm_2025","Nord-Norge"
"NINFP2010038424",0.237398137966606,0.0123434932902455,4316,4,"meta_highrescanopyheight_orthophoto",0.5,"orthophoto_50cm_2025","Nord-Norge"
"NINFP2010027042",0.325492804240221,0.0107056573033333,116379,7,"meta_highrescanopyheight_orthophoto",0.5,"orthophoto_50cm_2025","Nord-Norge"
"NINFP2310135628",0.0630463832299206,0.0103198094293475,47359,4,"meta_highrescanopyheight_orthophoto",0.5,"orthophoto_50cm_2025","Nord-Norge"
"NINFP2110041075",1.42057801960943,0.0449340995401144,42508,6,"meta_highrescanopyheight_orthophoto",0.5,"orthophoto_50cm_2025","Nord-Norge"
"NINFP2310131657",0.049471371127776,0.0103095714002848,999870,34,"meta_highrescanopyheight_orthophoto",0.5,"orthophoto_50cm_2025","Nord-Norge"
"NINFP2210103325",3.9157688421376,3.48307752609253,9195,4,"meta_highrescanopyheight_orthophoto",0.5,"orthophoto_50cm_2025","Nord-Norge"
"NINFP2310125513",0.0257534048864621,0.0103091397322714,6254,2,"meta_highrescanopyheight_orthophoto",0.5,"orthophoto_50cm_2025","Nord-Norge"
"NINFP1810035312",1.12836154798157,0.203169018030167,16948,4,"meta_highrescanopyheight_orthophoto",0.5,"orthophoto_50cm_2025","Nord-Norge"
"NINFP2010035417",2.40427604472754,0.485844850540161,2599,1,"meta_highrescanopyheight_orthophoto",0.5,"orthophoto_50cm_2025","Nord-Norge"
"NINFP2110036037",0.0107603508874535,0.0100793829187751,45378,5,"meta_highrescanopyheight_orthophoto",0.5,"orthophoto_50cm_2025","Nord-Norge"
"NINFP2210105546",0.401477331780774,0.0219740159809589,9097,1,"meta_highrescanopyheight_orthophoto",0.5,"orthophoto_50cm_2025","Nord-Norge"
"NINFP1910019930",5.41362815378632,5.64988803863525,27653,3,"meta_highrescanopyheight_orthophoto",0.5,"orthophoto_50cm_2025","Nord-Norge"
"NINFP2110019551",0.0821846485969303,0.0112666897475719,6289,2,"meta_highrescanopyheight_orthophoto",0.5,"orthophoto_50cm_2025","Nord-Norge"
"NINFP2210108360",1.35817613824489,0.288216114044189,6529,1,"meta_highrescanopyheight_orthophoto",0.5,"orthophoto_50cm_2025","Nord-Norge"
"NINFP2010022764",0.243709425881063,0.019819263368845,8411,2,"meta_highrescanopyheight_orthophoto",0.5,"orthophoto_50cm_2025","Nord-Norge"
"NINFP2510219586",0.515270664328929,0.0376887992024422,5846,2,"meta_highrescanopyheight_orthophoto",0.5,"orthophoto_50cm_2025","Nord-Norge"
"NINFP2210082957",3.73950929173199,2.31095016002655,10878,3,"meta_highrescanopyheight_orthophoto",0.5,"orthophoto_50cm_2025","Nord-Norge"
"NINFP2110034420",0.0134002523392399,0.0101425359025598,372589,13,"meta_highrescanopyheight_orthophoto",0.5,"orthophoto_50cm_2025","Nord-Norge"
"NINFP2310134269",0.642318379118235,0.0842283591628075,4685,2,"meta_highrescanopyheight_orthophoto",0.5,"orthophoto_50cm_2025","Nord-Norge"
"NINFP2110023243",0.0103382117348034,0.0100957360118628,52765,4,"meta_highrescanopyheight_orthophoto",0.5,"orthophoto_50cm_2025","Nord-Norge"
"NINFP2210089025",0.693353228480482,0.0289357984438539,43344,4,"meta_highrescanopyheight_orthophoto",0.5,"orthophoto_50cm_2025","Nord-Norge"
"NINFP1910018128",0.0547293025153744,0.0101209003478289,413818,21,"meta_highrescanopyheight_orthophoto",0.5,"orthophoto_50cm_2025","Nord-Norge"
"NINFP2010037078",2.24190799090968,0.768377780914307,18669,4,"meta_highrescanopyheight_orthophoto",0.5,"orthophoto_50cm_2025","Nord-Norge"
"NINFP2110019412",0.0322612758748677,0.0101423617452383,35545,4,"meta_highrescanopyheight_orthophoto",0.5,"orthophoto_50cm_2025","Nord-Norge"
"NINFP2510206497",0.0101458423555211,0.0101107116788626,18242,3,"meta_highrescanopyheight_orthophoto",0.5,"orthophoto_50cm_2025","Nord-Norge"
"NINFP2510203056",0.50208779319779,0.0254121478646994,5078,1,"meta_highrescanopyheight_orthophoto",0.5,"orthophoto_50cm_2025","Nord-Norge"
"NINFP2010035994",4.41733044298962,4.35314989089966,1491,2,"meta_highrescanopyheight_orthophoto",0.5,"orthophoto_50cm_2025","Nord-Norge"
"NINFP1810035784",0.161097200271443,0.0105647156015038,30718,2,"meta_highrescanopyheight_orthophoto",0.5,"orthophoto_50cm_2025","Nord-Norge"
"NINFP2510207107",0.0545840305744478,0.0101067409850657,156784,13,"meta_highrescanopyheight_orthophoto",0.5,"orthophoto_50cm_2025","Nord-Norge"
"NINFP1910026794",0.620506437540183,0.0344612561166286,2659,1,"meta_highrescanopyheight_orthophoto",0.5,"orthophoto_50cm_2025","Nord-Norge"
"NINFP2110019579",0.0198098175285013,0.0103748068213463,13084,2,"meta_highrescanopyheight_orthophoto",0.5,"orthophoto_50cm_2025","Nord-Norge"
"NINFP2010007072",0.311016597011442,0.0101185226812959,618622,20,"meta_highrescanopyheight_orthophoto",0.5,"orthophoto_50cm_2025","Nord-Norge"
"NINFP2410174790",0.0683295301365978,0.0104110180400312,19240,2,"meta_highrescanopyheight_orthophoto",0.5,"orthophoto_50cm_2025","Nord-Norge"
"NINFP2310132320",0.0268264796556139,0.0102553889155388,8760,4,"meta_highrescanopyheight_orthophoto",0.5,"orthophoto_50cm_2025","Nord-Norge"
"NINFP2410174459",0.110922022147682,0.0102726495824754,55768,5,"meta_highrescanopyheight_orthophoto",0.5,"orthophoto_50cm_2025","Nord-Norge"
"NINFP2410157485",0.0206204925208823,0.0104480423033237,4563,1,"meta_highrescanopyheight_orthophoto",0.5,"orthophoto_50cm_2025","Nord-Norge"
"NINFP2210086282",0.225749888605905,0.012160720769316,40426,5,"meta_highrescanopyheight_orthophoto",0.5,"orthophoto_50cm_2025","Nord-Norge"
"NINFP2410155471",1.13180774662648,0.594235718250275,4435,2,"meta_highrescanopyheight_orthophoto",0.5,"orthophoto_50cm_2025","Nord-Norge"
"NINFP2410172691",0.0122730807276163,0.0100907771848142,35994,4,"meta_highrescanopyheight_orthophoto",0.5,"orthophoto_50cm_2025","Nord-Norge"
"NINFP2010008969",1.16874700607166,0.0462788566946983,53333,4,"meta_highrescanopyheight_orthophoto",0.5,"orthophoto_50cm_2025","Nord-Norge"
"NINFP2210112844",0.0337992511268349,0.0107805794104934,41151,3,"meta_highrescanopyheight_orthophoto",0.5,"orthophoto_50cm_2025","Nord-Norge"
"NINFP2310130281",0.012406629812333,0.0101682422682643,140508,7,"meta_highrescanopyheight_orthophoto",0.5,"orthophoto_50cm_2025","Nord-Norge"
"NINFP2310135630",0.0383839298285042,0.0106265465728939,4866,2,"meta_highrescanopyheight_orthophoto",0.5,"orthophoto_50cm_2025","Nord-Norge"
"NINFP2210102056",0.0167868762459287,0.01025449950248,40990,4,"meta_highrescanopyheight_orthophoto",0.5,"orthophoto_50cm_2025","Nord-Norge"
"NINFP2410151650",0.0165243278659262,0.0101244826801121,28312,4,"meta_highrescanopyheight_orthophoto",0.5,"orthophoto_50cm_2025","Nord-Norge"
"NINFP2410156121",0.0143520229176482,0.0101296734064817,17325,4,"meta_highrescanopyheight_orthophoto",0.5,"orthophoto_50cm_2025","Nord-Norge"
"NINFP1910016631",0.0918731934679805,0.012304229196161,5462,1,"meta_highrescanopyheight_orthophoto",0.5,"orthophoto_50cm_2025","Nord-Norge"
"NINFP1810028863",2.34354173219817,0.951528996229172,36132,4,"meta_highrescanopyheight_orthophoto",0.5,"orthophoto_50cm_2025","Nord-Norge"
"NINFP1810022615",2.72286437826264,2.604611992836,9384,2,"meta_highrescanopyheight_orthophoto",0.5,"orthophoto_50cm_2025","Nord-Norge"
"NINFP2410152183",0.0110288865714595,0.0102269109338522,31471,4,"meta_highrescanopyheight_orthophoto",0.5,"orthophoto_50cm_2025","Nord-Norge"
"NINFP2210096496",0.0103469759810706,0.010300544090569,6188,3,"meta_highrescanopyheight_orthophoto",0.5,"orthophoto_50cm_2025","Nord-Norge"
"NINFP2310137437",2.34160774500093,2.02726149559021,2097,2,"meta_highrescanopyheight_orthophoto",0.5,"orthophoto_50cm_2025","Nord-Norge"
"NINFP2310133343",0.0102598148742455,0.0100702815689147,14372,5,"meta_highrescanopyheight_orthophoto",0.5,"orthophoto_50cm_2025","Nord-Norge"
"NINFP1810032841",1.08539614733327,0.0811772234737873,363462,21,"meta_highrescanopyheight_orthophoto",0.5,"orthophoto_50cm_2025","Nord-Norge"
"NINFP1810020897",0.0789187784739078,0.0103181945160031,62810,5,"meta_highrescanopyheight_orthophoto",0.5,"orthophoto_50cm_2025","Nord-Norge"
"NINFP2210087639",0.177147520153821,0.0103916958905756,6960,2,"meta_highrescanopyheight_orthophoto",0.5,"orthophoto_50cm_2025","Nord-Norge"
"NINFP2210104111",0.620177112829357,0.0523612424731255,4139,2,"meta_highrescanopyheight_orthophoto",0.5,"orthophoto_50cm_2025","Nord-Norge"
"NINFP2110021411",1.64027955945707,0.455283582210541,5853,1,"meta_highrescanopyheight_orthophoto",0.5,"orthophoto_50cm_2025","Nord-Norge"
"NINFP2010039003",0.134237766454886,0.0106136789545417,89049,7,"meta_highrescanopyheight_orthophoto",0.5,"orthophoto_50cm_2025","Nord-Norge"
"NINFP2510189866",1.25050703577022,0.133406564593315,15101,2,"meta_highrescanopyheight_orthophoto",0.5,"orthophoto_50cm_2025","Nord-Norge"
"NINFP2410155826",0.0321705547855759,0.0117335030809045,6422,2,"meta_highrescanopyheight_orthophoto",0.5,"orthophoto_50cm_2025","Nord-Norge"
"NINFP2410154292",5.70133928484575,5.79134702682495,4673,2,"meta_highrescanopyheight_orthophoto",0.5,"orthophoto_50cm_2025","Nord-Norge"
"NINFP1910026361",0.1391421103723,0.0102725513279438,32938,4,"meta_highrescanopyheight_orthophoto",0.5,"orthophoto_50cm_2025","Nord-Norge"
"NINFP2410156321",1.89780262925501,0.7591512799263,30343,5,"meta_highrescanopyheight_orthophoto",0.5,"orthophoto_50cm_2025","Nord-Norge"
"NINFP2310141363",0.966533129640393,0.261686474084854,22123,3,"meta_highrescanopyheight_orthophoto",0.5,"orthophoto_50cm_2025","Nord-Norge"
"NINFP2410174468",0.126999330420548,0.0217822687700391,3672,2,"meta_highrescanopyheight_orthophoto",0.5,"orthophoto_50cm_2025","Nord-Norge"
"NINFP2510194603",5.26091462814527,5.28825640678406,175054,12,"meta_highrescanopyheight_orthophoto",0.5,"orthophoto_50cm_2025","Nord-Norge"
"NINFP2410155925",0.0951517583846036,0.0110429432243109,1151,2,"meta_highrescanopyheight_orthophoto",0.5,"orthophoto_50cm_2025","Nord-Norge"
"NINFP2510197145",0.0517878737454337,0.0117308227345347,1636,4,"meta_highrescanopyheight_orthophoto",0.5,"orthophoto_50cm_2025","Nord-Norge"
"NINFP1810026902",0.263706285784175,0.0460083279758692,1090,3,"meta_highrescanopyheight_orthophoto",0.5,"orthophoto_50cm_2025","Nord-Norge"
"NINFP2510188870",0.0833724409761601,0.0103101953864098,31499,5,"meta_highrescanopyheight_orthophoto",0.5,"orthophoto_50cm_2025","Nord-Norge"
"NINFP2410167536",0.0797413789351817,0.0106793073937297,40286,5,"meta_highrescanopyheight_orthophoto",0.5,"orthophoto_50cm_2025","Nord-Norge"
"NINFP2510203512",0.0109724040378983,0.0100774243474007,9831,1,"meta_highrescanopyheight_orthophoto",0.5,"orthophoto_50cm_2025","Nord-Norge"
"NINFP2410174976",0.133325688801565,0.0106528499163687,7940,2,"meta_highrescanopyheight_orthophoto",0.5,"orthophoto_50cm_2025","Nord-Norge"
"NINFP1910025838",0.0152340069611277,0.0101715987548232,47955,5,"meta_highrescanopyheight_orthophoto",0.5,"orthophoto_50cm_2025","Nord-Norge"
"NINFP1810022965",0.466577854304539,0.0506293643265963,8628,2,"meta_highrescanopyheight_orthophoto",0.5,"orthophoto_50cm_2025","Nord-Norge"
"NINFP2410156031",0.389042720252102,0.0212294813245535,20901,4,"meta_highrescanopyheight_orthophoto",0.5,"orthophoto_50cm_2025","Nord-Norge"
"NINFP2110019604",0.230811454228341,0.0160489492118359,5842,2,"meta_highrescanopyheight_orthophoto",0.5,"orthophoto_50cm_2025","Nord-Norge"
"NINFP2410156104",0.0171101343451865,0.0102234184741974,22259,4,"meta_highrescanopyheight_orthophoto",0.5,"orthophoto_50cm_2025","Nord-Norge"
"NINFP2210083452",0.0901317035508592,0.010331442579627,12699,2,"meta_highrescanopyheight_orthophoto",0.5,"orthophoto_50cm_2025","Nord-Norge"
"NINFP2210106597",0.0361492652413348,0.0102463755756617,5414,1,"meta_highrescanopyheight_orthophoto",0.5,"orthophoto_50cm_2025","Nord-Norge"
"NINFP1910039591",1.6087517592607,0.0697579756379128,10543,2,"meta_highrescanopyheight_orthophoto",0.5,"orthophoto_50cm_2025","Nord-Norge"
"NINFP2410157036",5.21910980443204,5.32909965515137,7209,2,"meta_highrescanopyheight_orthophoto",0.5,"orthophoto_50cm_2025","Nord-Norge"
"NINFP2410157653",0.0100698414262136,0.0100528672337532,5089,2,"meta_highrescanopyheight_orthophoto",0.5,"orthophoto_50cm_2025","Nord-Norge"
"NINFP2310126646",0.220368867821119,0.0118084792047739,8155,2,"meta_highrescanopyheight_orthophoto",0.5,"orthophoto_50cm_2025","Nord-Norge"
"NINFP2410157482",2.19846653724656,1.64996993541718,10867,1,"meta_highrescanopyheight_orthophoto",0.5,"orthophoto_50cm_2025","Nord-Norge"
"NINFP1810037353",0.199901103543474,0.0168691128492355,2931,2,"meta_highrescanopyheight_orthophoto",0.5,"orthophoto_50cm_2025","Nord-Norge"
"NINFP2110056559",0.0100624817554746,0.0100506525486708,14159,2,"meta_highrescanopyheight_orthophoto",0.5,"orthophoto_50cm_2025","Nord-Norge"
"NINFP2410154498",0.0108071460445135,0.0106154466047883,313,2,"meta_highrescanopyheight_orthophoto",0.5,"orthophoto_50cm_2025","Nord-Norge"
"NINFP2410151165",1.42695317004839,0.354686826467514,4713,3,"meta_highrescanopyheight_orthophoto",0.5,"orthophoto_50cm_2025","Nord-Norge"
"NINFP2210088736",0.0754065970692997,0.0104362852871418,23686,2,"meta_highrescanopyheight_orthophoto",0.5,"orthophoto_50cm_2025","Nord-Norge"
"NINFP2210095969",0.0104815411089356,0.0101202465593815,19566,2,"meta_highrescanopyheight_orthophoto",0.5,"orthophoto_50cm_2025","Nord-Norge"
"NINFP2510203547",0.0100846793907249,0.0100796078331769,18342,4,"meta_highrescanopyheight_orthophoto",0.5,"orthophoto_50cm_2025","Nord-Norge"
"NINFP2210095970",0.0471702195636217,0.0101119289174676,35045,5,"meta_highrescanopyheight_orthophoto",0.5,"orthophoto_50cm_2025","Nord-Norge"
"NINFP2310133682",0.0297067150290959,0.0101313274353743,29362,3,"meta_highrescanopyheight_orthophoto",0.5,"orthophoto_50cm_2025","Nord-Norge"
"NINFP2410172865",0.0101203029456107,0.0100732734426856,44777,4,"meta_highrescanopyheight_orthophoto",0.5,"orthophoto_50cm_2025","Nord-Norge"
"NINFP2110036527",0.0184246827445698,0.0100835151970387,130563,8,"meta_highrescanopyheight_orthophoto",0.5,"orthophoto_50cm_2025","Nord-Norge"
"NINFP2010044044",1.19351769214143,0.197569645941257,21146,2,"meta_highrescanopyheight_orthophoto",0.5,"orthophoto_50cm_2025","Nord-Norge"
"NINFP2210078153",0.0141993702291222,0.0100617706775665,93324,7,"meta_highrescanopyheight_orthophoto",0.5,"orthophoto_50cm_2025","Nord-Norge"
"NINFP2210083900",4.48027417556907,4.74194097518921,10733,4,"meta_highrescanopyheight_orthophoto",0.5,"orthophoto_50cm_2025","Nord-Norge"
"NINFP1910023810",0.27735092215748,0.0333321951329708,4092,2,"meta_highrescanopyheight_orthophoto",0.5,"orthophoto_50cm_2025","Nord-Norge"
"NINFP2410173037",0.150286894771354,0.010288835503161,22200,3,"meta_highrescanopyheight_orthophoto",0.5,"orthophoto_50cm_2025","Nord-Norge"
"NINFP1910031010",0.513250544874838,0.0207071360200644,4244,1,"meta_highrescanopyheight_orthophoto",0.5,"orthophoto_50cm_2025","Nord-Norge"
"NINFP2210090062",0.0123471502716325,0.0102181150577962,33120,6,"meta_highrescanopyheight_orthophoto",0.5,"orthophoto_50cm_2025","Nord-Norge"
"NINFP2210102051",0.144318293120316,0.0104059143923223,8166,4,"meta_highrescanopyheight_orthophoto",0.5,"orthophoto_50cm_2025","Nord-Norge"
"NINFP1810013507",0.0156193322250132,0.0101931560784578,97777,8,"meta_highrescanopyheight_orthophoto",0.5,"orthophoto_50cm_2025","Nord-Norge"
"NINFP2410156472",0.01812982226616,0.0102360881865025,31411,6,"meta_highrescanopyheight_orthophoto",0.5,"orthophoto_50cm_2025","Nord-Norge"
"NINFP1810026907",0.349078984328176,0.0112773058936,156255,7,"meta_highrescanopyheight_orthophoto",0.5,"orthophoto_50cm_2025","Nord-Norge"
"NINFP1810034737",0.482338613597789,0.015379386022687,53558,5,"meta_highrescanopyheight_orthophoto",0.5,"orthophoto_50cm_2025","Nord-Norge"
"NINFP2510186932",0.0101803823598257,0.010142020881176,5857,2,"meta_highrescanopyheight_orthophoto",0.5,"orthophoto_50cm_2025","Nord-Norge"
"NINFP2510206645",0.372271311403365,0.0108047183603048,4811,2,"meta_highrescanopyheight_orthophoto",0.5,"orthophoto_50cm_2025","Nord-Norge"
"NINFP2510212288",0.558442736540064,0.0835911929607391,4255,2,"meta_highrescanopyheight_orthophoto",0.5,"orthophoto_50cm_2025","Nord-Norge"
"NINFP2510185971",0.0925813230528621,0.0101750204339623,166659,8,"meta_highrescanopyheight_orthophoto",0.5,"orthophoto_50cm_2025","Nord-Norge"
"NINFP2110018364",0.0738275216784411,0.0102943130768836,43844,2,"meta_highrescanopyheight_orthophoto",0.5,"orthophoto_50cm_2025","Nord-Norge"
"NINFP2510198380",0.041082719259564,0.0111879105679691,4682,1,"meta_highrescanopyheight_orthophoto",0.5,"orthophoto_50cm_2025","Nord-Norge"
"NINFP1810030863",0.0187487540048194,0.0100931199267507,1147939,53,"meta_highrescanopyheight_orthophoto",0.5,"orthophoto_50cm_2025","Nord-Norge"
"NINFP2210098053",4.83280604564159,5.17459917068481,5319,2,"meta_highrescanopyheight_orthophoto",0.5,"orthophoto_50cm_2025","Nord-Norge"
"NINFP2410173394",0.0229889580576863,0.0102056991308928,37837,5,"meta_highrescanopyheight_orthophoto",0.5,"orthophoto_50cm_2025","Nord-Norge"
"NINFP2110043465",0.504281228514743,0.0408047027885914,7781,4,"meta_highrescanopyheight_orthophoto",0.5,"orthophoto_50cm_2025","Nord-Norge"
"NINFP2010038741",0.236079847216553,0.0128697045147419,20241,2,"meta_highrescanopyheight_orthophoto",0.5,"orthophoto_50cm_2025","Nord-Norge"
"NINFP2410174979",0.0718283907233037,0.010419424623251,23177,4,"meta_highrescanopyheight_orthophoto",0.5,"orthophoto_50cm_2025","Nord-Norge"
"NINFP2010016677",0.743647448154584,0.0400306303054094,5296,2,"meta_highrescanopyheight_orthophoto",0.5,"orthophoto_50cm_2025","Nord-Norge"
"NINFP1810026455",1.4909033040766,0.193646982312202,122651,9,"meta_highrescanopyheight_orthophoto",0.5,"orthophoto_50cm_2025","Nord-Norge"
"NINFP1810013471",0.195382038867123,0.0106372502632439,58316,4,"meta_highrescanopyheight_orthophoto",0.5,"orthophoto_50cm_2025","Nord-Norge"
"NINFP2210107539",0.0125042190179719,0.0100995786488056,81270,8,"meta_highrescanopyheight_orthophoto",0.5,"orthophoto_50cm_2025","Nord-Norge"
"NINFP2510219501",0.0100367558135467,0.0100303804501891,68447,9,"meta_highrescanopyheight_orthophoto",0.5,"orthophoto_50cm_2025","Nord-Norge"
"NINFP2010014166",4.93750080705141,5.07617855072021,5081,2,"meta_highrescanopyheight_orthophoto",0.5,"orthophoto_50cm_2025","Nord-Norge"
"NINFP2010034264",0.222430701990391,0.0127208726480603,1908,1,"meta_highrescanopyheight_orthophoto",0.5,"orthophoto_50cm_2025","Nord-Norge"
"NINFP2310125498",0.0239738566148769,0.0102539453655481,21403,4,"meta_highrescanopyheight_orthophoto",0.5,"orthophoto_50cm_2025","Nord-Norge"
"NINFP2510186002",0.0162828972490334,0.0102331452071667,35916,4,"meta_highrescanopyheight_orthophoto",0.5,"orthophoto_50cm_2025","Nord-Norge"
"NINFP1910026903",0.0970269992748495,0.0101085021160543,31530,5,"meta_highrescanopyheight_orthophoto",0.5,"orthophoto_50cm_2025","Nord-Norge"
"NINFP1810028798",0.150826243384396,0.0121017256751657,8053,1,"meta_highrescanopyheight_orthophoto",0.5,"orthophoto_50cm_2025","Nord-Norge"
"NINFP2210086108",0.248990961055654,0.010561952367425,16583,2,"meta_highrescanopyheight_orthophoto",0.5,"orthophoto_50cm_2025","Nord-Norge"
"NINFP2010017503",1.26132933069242,0.254420131444931,7402,2,"meta_highrescanopyheight_orthophoto",0.5,"orthophoto_50cm_2025","Nord-Norge"
"NINFP2110035664",0.0103314489986286,0.0100396610796452,172337,7,"meta_highrescanopyheight_orthophoto",0.5,"orthophoto_50cm_2025","Nord-Norge"
"NINFP1810016082",0.208144340786933,0.0106635307893157,40299,7,"meta_highrescanopyheight_orthophoto",0.5,"orthophoto_50cm_2025","Nord-Norge"
"NINFP1810019889",4.25463195607313,4.04265594482422,57477,6,"meta_highrescanopyheight_orthophoto",0.5,"orthophoto_50cm_2025","Nord-Norge"
"NINFP1810015562",0.602967426725947,0.0469118747860193,52916,7,"meta_highrescanopyheight_orthophoto",0.5,"orthophoto_50cm_2025","Nord-Norge"
"NINFP1910016603",0.0114155850330173,0.0104611124843359,6081,3,"meta_highrescanopyheight_orthophoto",0.5,"orthophoto_50cm_2025","Nord-Norge"
"NINFP2410165922",0.410741915593042,0.0252080988138914,4306,1,"meta_highrescanopyheight_orthophoto",0.5,"orthophoto_50cm_2025","Nord-Norge"
"NINFP2510200189",2.98474164298469,2.38623118400574,6224,3,"meta_highrescanopyheight_orthophoto",0.5,"orthophoto_50cm_2025","Nord-Norge"
"NINFP2310138854",5.74326584870804,6.26462697982788,22653,3,"meta_highrescanopyheight_orthophoto",0.5,"orthophoto_50cm_2025","Nord-Norge"
"NINFP2210112978",0.0164256197458103,0.0106835467740893,18187,2,"meta_highrescanopyheight_orthophoto",0.5,"orthophoto_50cm_2025","Nord-Norge"
"NINFP2210092279",0.0455742945142865,0.0118648065254092,21931,4,"meta_highrescanopyheight_orthophoto",0.5,"orthophoto_50cm_2025","Nord-Norge"
"NINFP2410147453",4.40736284924638,3.68614876270294,5246,1,"meta_highrescanopyheight_orthophoto",0.5,"orthophoto_50cm_2025","Nord-Norge"
"NINFP1910017523",1.6703513625378,0.101771593093872,28333,4,"meta_highrescanopyheight_orthophoto",0.5,"orthophoto_50cm_2025","Nord-Norge"
"NINFP2510215371",0.473604469021425,0.0337092932313681,21586,4,"meta_highrescanopyheight_orthophoto",0.5,"orthophoto_50cm_2025","Nord-Norge"
"NINFP2210098062",0.0215691353096463,0.0103146135807037,32346,3,"meta_highrescanopyheight_orthophoto",0.5,"orthophoto_50cm_2025","Nord-Norge"
"NINFP2010024577",1.07911771213907,0.101347044110298,4649,2,"meta_highrescanopyheight_orthophoto",0.5,"orthophoto_50cm_2025","Nord-Norge"
"NINFP2310122764",0.128248611181678,0.0105819376185536,66723,4,"meta_highrescanopyheight_orthophoto",0.5,"orthophoto_50cm_2025","Nord-Norge"
"NINFP2510197411",0.0309041429716072,0.0106113930232823,4332,1,"meta_highrescanopyheight_orthophoto",0.5,"orthophoto_50cm_2025","Nord-Norge"
"NINFP2510186053",0.0177110977835606,0.0101056871935725,141221,7,"meta_highrescanopyheight_orthophoto",0.5,"orthophoto_50cm_2025","Nord-Norge"
"NINFP2010014241",0.202295854464434,0.0108468900434673,48640,5,"meta_highrescanopyheight_orthophoto",0.5,"orthophoto_50cm_2025","Nord-Norge"
"NINFP2010040761",0.0714980071871179,0.010086833499372,58082,3,"meta_highrescanopyheight_orthophoto",0.5,"orthophoto_50cm_2025","Nord-Norge"
"NINFP2410157792",5.54040581898971,6.20820093154907,64499,5,"meta_highrescanopyheight_orthophoto",0.5,"orthophoto_50cm_2025","Nord-Norge"
"NINFP2210089642",0.305411384989162,0.0105212572962046,65131,5,"meta_highrescanopyheight_orthophoto",0.5,"orthophoto_50cm_2025","Nord-Norge"
"NINFP1810029465",0.633875025811664,0.0316900089383125,66347,6,"meta_highrescanopyheight_orthophoto",0.5,"orthophoto_50cm_2025","Nord-Norge"
"NINFP2110021767",0.844357404079832,0.037738649174571,4162,1,"meta_highrescanopyheight_orthophoto",0.5,"orthophoto_50cm_2025","Nord-Norge"
"NINFP2110024842",0.189668116488958,0.01293427310884,21952,3,"meta_highrescanopyheight_orthophoto",0.5,"orthophoto_50cm_2025","Nord-Norge"
"NINFP2010017277",0.209385383756232,0.0104077151045203,7225,2,"meta_highrescanopyheight_orthophoto",0.5,"orthophoto_50cm_2025","Nord-Norge"
"NINFP1910019649",0.0569805948079825,0.0101554533466697,13194,2,"meta_highrescanopyheight_orthophoto",0.5,"orthophoto_50cm_2025","Nord-Norge"
"NINFP1810033092",0.0256498511806307,0.0103412661701441,16915,5,"meta_highrescanopyheight_orthophoto",0.5,"orthophoto_50cm_2025","Nord-Norge"
"NINFP2310133580",0.0782361940294452,0.0101999137550592,191356,15,"meta_highrescanopyheight_orthophoto",0.5,"orthophoto_50cm_2025","Nord-Norge"
"NINFP1810030758",0.247805947427422,0.010278245434165,68196,5,"meta_highrescanopyheight_orthophoto",0.5,"orthophoto_50cm_2025","Nord-Norge"
"NINFP2310132663",0.309651136611617,0.0623843781650066,5222,2,"meta_highrescanopyheight_orthophoto",0.5,"orthophoto_50cm_2025","Nord-Norge"
"NINFP2510215736",0.245977840450545,0.0120748709887266,6193,1,"meta_highrescanopyheight_orthophoto",0.5,"orthophoto_50cm_2025","Nord-Norge"
"NINFP1810019760",0.14274163412399,0.120129659771919,147,1,"meta_highrescanopyheight_orthophoto",0.5,"orthophoto_50cm_2025","Nord-Norge"
"NINFP2310133587",2.94753953363581,3.00359845161438,92134,6,"meta_highrescanopyheight_orthophoto",0.5,"orthophoto_50cm_2025","Nord-Norge"
"NINFP2010024849",0.870556365717979,0.260586827993393,4848,1,"meta_highrescanopyheight_orthophoto",0.5,"orthophoto_50cm_2025","Nord-Norge"
"NINFP1810018832",0.0171996667710133,0.0101086217910051,45945,3,"meta_highrescanopyheight_orthophoto",0.5,"orthophoto_50cm_2025","Nord-Norge"
"NINFP2110019554",0.134444391652382,0.0104672824963927,4330,1,"meta_highrescanopyheight_orthophoto",0.5,"orthophoto_50cm_2025","Nord-Norge"
"NINFP2110051650",0.743682539790944,0.0126255755312741,6248,2,"meta_highrescanopyheight_orthophoto",0.5,"orthophoto_50cm_2025","Nord-Norge"
"NINFP2210082303",0.0101227603122048,0.0100385174155235,40842,4,"meta_highrescanopyheight_orthophoto",0.5,"orthophoto_50cm_2025","Nord-Norge"
"NINFP2210106939",0.0599526226200605,0.0102824801579118,44707,6,"meta_highrescanopyheight_orthophoto",0.5,"orthophoto_50cm_2025","Nord-Norge"
"NINFP2510206899",0.112430588280303,0.0101997749879956,33376,4,"meta_highrescanopyheight_orthophoto",0.5,"orthophoto_50cm_2025","Nord-Norge"
"NINFP2010029595",0.0100784350292635,0.0100745065137744,3425,2,"meta_highrescanopyheight_orthophoto",0.5,"orthophoto_50cm_2025","Nord-Norge"
"NINFP2110026683",0.214174456110608,0.0123285781592131,65721,4,"meta_highrescanopyheight_orthophoto",0.5,"orthophoto_50cm_2025","Nord-Norge"
"NINFP2210086545",0.325087585102563,0.0109411343000829,63396,6,"meta_highrescanopyheight_orthophoto",0.5,"orthophoto_50cm_2025","Nord-Norge"
"NINFP1810027250",1.43217993399632,0.408192589879036,8484,2,"meta_highrescanopyheight_orthophoto",0.5,"orthophoto_50cm_2025","Nord-Norge"
"NINFP2010024632",0.186129966828252,0.0102371973916888,404558,22,"meta_highrescanopyheight_orthophoto",0.5,"orthophoto_50cm_2025","Nord-Norge"
"NINFP1810035789",1.40384066940154,0.0699390769004822,30943,6,"meta_highrescanopyheight_orthophoto",0.5,"orthophoto_50cm_2025","Nord-Norge"
"NINFP1810028811",1.18385692213309,0.0372944921255112,92832,8,"meta_highrescanopyheight_orthophoto",0.5,"orthophoto_50cm_2025","Nord-Norge"
"NINFP2410167596",0.0149817841038564,0.0102167995646596,5256,2,"meta_highrescanopyheight_orthophoto",0.5,"orthophoto_50cm_2025","Nord-Norge"
"NINFP2410174980",0.0264053383087783,0.0111560304649174,8882,4,"meta_highrescanopyheight_orthophoto",0.5,"orthophoto_50cm_2025","Nord-Norge"
"NINFP1810035551",0.285703347717988,0.012012948282063,34466,4,"meta_highrescanopyheight_orthophoto",0.5,"orthophoto_50cm_2025","Nord-Norge"
"NINFP2210078038",0.0441681244151411,0.0100608188658953,460427,19,"meta_highrescanopyheight_orthophoto",0.5,"orthophoto_50cm_2025","Nord-Norge"
"NINFP1910034039",0.366125467332199,0.0102136582136154,36051,3,"meta_highrescanopyheight_orthophoto",0.5,"orthophoto_50cm_2025","Nord-Norge"
"NINFP1910013711",0.0237886541436486,0.0104286964051425,71770,6,"meta_highrescanopyheight_orthophoto",0.5,"orthophoto_50cm_2025","Nord-Norge"
"NINFP2210082315",0.0230830414076606,0.0102443108335137,30832,5,"meta_highrescanopyheight_orthophoto",0.5,"orthophoto_50cm_2025","Nord-Norge"
"NINFP2110030247",0.0103039901863598,0.0100792618468404,241873,10,"meta_highrescanopyheight_orthophoto",0.5,"orthophoto_50cm_2025","Nord-Norge"
"NINFP2210092170",0.0224726048725677,0.0101216491311789,208034,11,"meta_highrescanopyheight_orthophoto",0.5,"orthophoto_50cm_2025","Nord-Norge"
"NINFP2410154700",1.44061460285465,0.117690917104483,5300,1,"meta_highrescanopyheight_orthophoto",0.5,"orthophoto_50cm_2025","Nord-Norge"
"NINFP2510201451",0.960225294785388,0.0218827892094851,132788,10,"meta_highrescanopyheight_orthophoto",0.5,"orthophoto_50cm_2025","Nord-Norge"
"NINFP2210103516",0.0148702592307932,0.0102524505928159,45133,4,"meta_highrescanopyheight_orthophoto",0.5,"orthophoto_50cm_2025","Nord-Norge"
"NINFP2510185541",0.0209880303753684,0.0100972028449178,156298,8,"meta_highrescanopyheight_orthophoto",0.5,"orthophoto_50cm_2025","Nord-Norge"
"NINFP2110019550",0.0699851568927787,0.0105105703696609,7878,2,"meta_highrescanopyheight_orthophoto",0.5,"orthophoto_50cm_2025","Nord-Norge"
"NINFP2410155926",0.0123100356282368,0.0102265165187418,3992,1,"meta_highrescanopyheight_orthophoto",0.5,"orthophoto_50cm_2025","Nord-Norge"
"NINFP2010014088",1.5687084260902,0.0649099797010422,11748,3,"meta_highrescanopyheight_orthophoto",0.5,"orthophoto_50cm_2025","Nord-Norge"
"NINFP2510185227",0.0136635489773691,0.0100981532596052,32192,2,"meta_highrescanopyheight_orthophoto",0.5,"orthophoto_50cm_2025","Nord-Norge"
"NINFP2510196170",2.26322518835163,1.05457437038422,2343,1,"meta_highrescanopyheight_orthophoto",0.5,"orthophoto_50cm_2025","Nord-Norge"
"NINFP2010035376",0.258133833414168,0.0117417331784964,18639,4,"meta_highrescanopyheight_orthophoto",0.5,"orthophoto_50cm_2025","Nord-Norge"
"NINFP1810044966",0.0135253007031768,0.0102226762101054,113465,6,"meta_highrescanopyheight_orthophoto",0.5,"orthophoto_50cm_2025","Nord-Norge"
"NINFP2310114284",0.0210598789862645,0.0102012758143246,25244,4,"meta_highrescanopyheight_orthophoto",0.5,"orthophoto_50cm_2025","Nord-Norge"
"NINFP2110019417",0.108633082654351,0.0114574604667723,12904,2,"meta_highrescanopyheight_orthophoto",0.5,"orthophoto_50cm_2025","Nord-Norge"
"NINFP2210089607",0.244432306927999,0.0113682765513659,14087,3,"meta_highrescanopyheight_orthophoto",0.5,"orthophoto_50cm_2025","Nord-Norge"
"NINFP2210088593",0.262545827009142,0.012491054367274,17150,3,"meta_highrescanopyheight_orthophoto",0.5,"orthophoto_50cm_2025","Nord-Norge"
"NINFP2210106922",0.0416607667872987,0.0101340655237436,267476,18,"meta_highrescanopyheight_orthophoto",0.5,"orthophoto_50cm_2025","Nord-Norge"
"NINFP2510214733",0.0156578726276954,0.0104474602267146,11451,4,"meta_highrescanopyheight_orthophoto",0.5,"orthophoto_50cm_2025","Nord-Norge"
"NINFP1910058002",0.0101736452615929,0.0101708024740219,5213,2,"meta_highrescanopyheight_orthophoto",0.5,"orthophoto_50cm_2025","Nord-Norge"
"NINFP2110053058",0.0284860022188194,0.0102169057354331,60429,6,"meta_highrescanopyheight_orthophoto",0.5,"orthophoto_50cm_2025","Nord-Norge"
"NINFP2410175095",0.011439423039254,0.0102006001397967,6671,2,"meta_highrescanopyheight_orthophoto",0.5,"orthophoto_50cm_2025","Nord-Norge"
"NINFP2010021231",0.0104988964024326,0.0103108668699861,4303,2,"meta_highrescanopyheight_orthophoto",0.5,"orthophoto_50cm_2025","Nord-Norge"
"NINFP2210092269",0.0178126875597916,0.0104840667918324,41841,5,"meta_highrescanopyheight_orthophoto",0.5,"orthophoto_50cm_2025","Nord-Norge"
"NINFP1810021336",0.341497568204767,0.0943175479769707,4330,2,"meta_highrescanopyheight_orthophoto",0.5,"orthophoto_50cm_2025","Nord-Norge"
"NINFP2210086756",2.99834968465131,2.06868290901184,4260,3,"meta_highrescanopyheight_orthophoto",0.5,"orthophoto_50cm_2025","Nord-Norge"
"NINFP2010024187",0.0669932087635498,0.0101323882117867,241218,12,"meta_highrescanopyheight_orthophoto",0.5,"orthophoto_50cm_2025","Nord-Norge"
"NINFP2410156049",0.0501895391235782,0.0101690231822431,46396,4,"meta_highrescanopyheight_orthophoto",0.5,"orthophoto_50cm_2025","Nord-Norge"
"NINFP2310129541",0.0147072289922748,0.0101206405088305,33699,3,"meta_highrescanopyheight_orthophoto",0.5,"orthophoto_50cm_2025","Nord-Norge"
"NINFP2010016160",0.0833580263764861,0.0103353238664567,100566,7,"meta_highrescanopyheight_orthophoto",0.5,"orthophoto_50cm_2025","Nord-Norge"
"NINFP2210103494",0.0906930221248531,0.0104336999356747,4853,1,"meta_highrescanopyheight_orthophoto",0.5,"orthophoto_50cm_2025","Nord-Norge"
"NINFP2010056602",3.27108381280182,2.64959335327148,7838,3,"meta_highrescanopyheight_orthophoto",0.5,"orthophoto_50cm_2025","Nord-Norge"
"NINFP2210086478",0.155213831686898,0.0111087057739496,7030,2,"meta_highrescanopyheight_orthophoto",0.5,"orthophoto_50cm_2025","Nord-Norge"
"NINFP1810028825",0.393270578080641,0.0144580975174904,3936,1,"meta_highrescanopyheight_orthophoto",0.5,"orthophoto_50cm_2025","Nord-Norge"
"NINFP2310130269",0.0153500795993746,0.0101180383935571,52032,5,"meta_highrescanopyheight_orthophoto",0.5,"orthophoto_50cm_2025","Nord-Norge"
"NINFP2010039009",0.310735421541485,0.0107380766421556,9344,4,"meta_highrescanopyheight_orthophoto",0.5,"orthophoto_50cm_2025","Nord-Norge"
"NINFP2010017980",0.625068661280346,0.0342625547200441,12324,2,"meta_highrescanopyheight_orthophoto",0.5,"orthophoto_50cm_2025","Nord-Norge"
"NINFP2110024391",0.0103912431176192,0.0101598161272705,6412,1,"meta_highrescanopyheight_orthophoto",0.5,"orthophoto_50cm_2025","Nord-Norge"
"NINFP1810018183",0.275651102294661,0.0109814326278865,6066,2,"meta_highrescanopyheight_orthophoto",0.5,"orthophoto_50cm_2025","Nord-Norge"
"NINFP2210080197",0.102377647268234,0.0102800508029759,99822,8,"meta_highrescanopyheight_orthophoto",0.5,"orthophoto_50cm_2025","Nord-Norge"
"NINFP1810040118",0.0123699461679375,0.0100495712831616,496982,20,"meta_highrescanopyheight_orthophoto",0.5,"orthophoto_50cm_2025","Nord-Norge"
"NINFP1810024715",0.0172091078104132,0.0101005928590894,175205,8,"meta_highrescanopyheight_orthophoto",0.5,"orthophoto_50cm_2025","Nord-Norge"
"NINFP2410165919",0.242638645749766,0.0236510448157787,5096,1,"meta_highrescanopyheight_orthophoto",0.5,"orthophoto_50cm_2025","Nord-Norge"
"NINFP1810031176",0.522825820584463,0.158167347311974,5939,2,"meta_highrescanopyheight_orthophoto",0.5,"orthophoto_50cm_2025","Nord-Norge"
"NINFP2410156015",0.547276451235409,0.0107241291552782,22637,3,"meta_highrescanopyheight_orthophoto",0.5,"orthophoto_50cm_2025","Nord-Norge"
"NINFP1810036645",0.346599855870668,0.056487750262022,14184,2,"meta_highrescanopyheight_orthophoto",0.5,"orthophoto_50cm_2025","Nord-Norge"
"NINFP1810044701",0.0154780307869815,0.0101239425130188,284412,16,"meta_highrescanopyheight_orthophoto",0.5,"orthophoto_50cm_2025","Nord-Norge"
"NINFP2010033362",0.0264935331263811,0.0102893402799964,88515,9,"meta_highrescanopyheight_orthophoto",0.5,"orthophoto_50cm_2025","Nord-Norge"
"NINFP1910018348",1.65484900182726,0.070249579846859,3986,1,"meta_highrescanopyheight_orthophoto",0.5,"orthophoto_50cm_2025","Nord-Norge"
"NINFP2310135242",0.0572053419360563,0.0106354532763362,23823,2,"meta_highrescanopyheight_orthophoto",0.5,"orthophoto_50cm_2025","Nord-Norge"
"NINFP2310142125",1.28829867564387,0.0254512596875429,6634,1,"meta_highrescanopyheight_orthophoto",0.5,"orthophoto_50cm_2025","Nord-Norge"
"NINFP2510208861",0.272050547356877,0.0118062477558851,9650,1,"meta_highrescanopyheight_orthophoto",0.5,"orthophoto_50cm_2025","Nord-Norge"
"NINFP1810019891",0.0101116547144637,0.0100863156840205,4175,2,"meta_highrescanopyheight_orthophoto",0.5,"orthophoto_50cm_2025","Nord-Norge"
"NINFP1910033701",0.397889496477901,0.0427500288933516,12350,3,"meta_highrescanopyheight_orthophoto",0.5,"orthophoto_50cm_2025","Nord-Norge"
"NINFP2010015708",0.010691223120657,0.0100600132718682,259836,11,"meta_highrescanopyheight_orthophoto",0.5,"orthophoto_50cm_2025","Nord-Norge"
"NINFP1910029952",0.17713207731607,0.0105211082845926,301112,17,"meta_highrescanopyheight_orthophoto",0.5,"orthophoto_50cm_2025","Nord-Norge"
"NINFP2210107996",0.0313774302612723,0.0109125357121229,3415,3,"meta_highrescanopyheight_orthophoto",0.5,"orthophoto_50cm_2025","Nord-Norge"
"NINFP2510201465",0.315940384540942,0.0106889717280865,38231,4,"meta_highrescanopyheight_orthophoto",0.5,"orthophoto_50cm_2025","Nord-Norge"
"NINFP1810034577",0.1302163826057,0.0103175290860236,47408,4,"meta_highrescanopyheight_orthophoto",0.5,"orthophoto_50cm_2025","Nord-Norge"
"NINFP2110045023",0.0417384974301216,0.0101728979498148,84391,8,"meta_highrescanopyheight_orthophoto",0.5,"orthophoto_50cm_2025","Nord-Norge"
"NINFP2410173131",0.0873281367541544,0.0102201332338154,49164,4,"meta_highrescanopyheight_orthophoto",0.5,"orthophoto_50cm_2025","Nord-Norge"
"NINFP2310130025",1.10609806301278,0.176318317651749,21787,2,"meta_highrescanopyheight_orthophoto",0.5,"orthophoto_50cm_2025","Nord-Norge"
"NINFP2510186519",0.0110368804254505,0.0102207632735372,21049,2,"meta_highrescanopyheight_orthophoto",0.5,"orthophoto_50cm_2025","Nord-Norge"
"NINFP2510211128",0.0103725193202087,0.0100350007414818,607168,28,"meta_highrescanopyheight_orthophoto",0.5,"orthophoto_50cm_2025","Nord-Norge"
"NINFP1810035388",1.5265923004118,0.168098472058773,211808,15,"meta_highrescanopyheight_orthophoto",0.5,"orthophoto_50cm_2025","Nord-Norge"
"NINFP1910013341",0.174723788717402,0.0114292167127132,94361,9,"meta_highrescanopyheight_orthophoto",0.5,"orthophoto_50cm_2025","Nord-Norge"
"NINFP1810018803",0.0292267556022628,0.0104999225586653,45953,7,"meta_highrescanopyheight_orthophoto",0.5,"orthophoto_50cm_2025","Nord-Norge"
"NINFP2310142085",3.30928907512364,2.12718296051025,4807,2,"meta_highrescanopyheight_orthophoto",0.5,"orthophoto_50cm_2025","Nord-Norge"
"NINFP2510197915",0.619527080221862,0.134643152356148,19189,4,"meta_highrescanopyheight_orthophoto",0.5,"orthophoto_50cm_2025","Nord-Norge"
"NINFP2410157527",0.0767105358867988,0.0102914124727249,26505,3,"meta_highrescanopyheight_orthophoto",0.5,"orthophoto_50cm_2025","Nord-Norge"
"NINFP1910060334",0.358617168893337,0.0116252452135086,7691,4,"meta_highrescanopyheight_orthophoto",0.5,"orthophoto_50cm_2025","Nord-Norge"
"NINFP2210087556",0.217974290579331,0.0128659615293145,12918,3,"meta_highrescanopyheight_orthophoto",0.5,"orthophoto_50cm_2025","Nord-Norge"
"NINFP2210111507",0.425506185800838,0.0104247331619263,101991,14,"meta_highrescanopyheight_orthophoto",0.5,"orthophoto_50cm_2025","Nord-Norge"
"NINFP2110055033",0.0224972796220465,0.011143637355417,5176,4,"meta_highrescanopyheight_orthophoto",0.5,"orthophoto_50cm_2025","Nord-Norge"
"NINFP2010018919",1.90203385756757,1.3565262556076,89794,8,"meta_highrescanopyheight_orthophoto",0.5,"orthophoto_50cm_2025","Nord-Norge"
"NINFP2210089625",0.187453974131664,0.0102627677842975,82540,8,"meta_highrescanopyheight_orthophoto",0.5,"orthophoto_50cm_2025","Nord-Norge"
"NINFP2210106629",0.010128969818867,0.0101174749433994,9159,2,"meta_highrescanopyheight_orthophoto",0.5,"orthophoto_50cm_2025","Nord-Norge"
"NINFP1810033193",0.130205323118814,0.0103502091951668,14532,2,"meta_highrescanopyheight_orthophoto",0.5,"orthophoto_50cm_2025","Nord-Norge"
"NINFP2210096897",0.347633401974255,0.0154693522490561,5010,2,"meta_highrescanopyheight_orthophoto",0.5,"orthophoto_50cm_2025","Nord-Norge"
"NINFP2310125311",1.97024522849508,1.80474758148193,12150,1,"meta_highrescanopyheight_orthophoto",0.5,"orthophoto_50cm_2025","Nord-Norge"
"NINFP2210088772",0.0794439610168457,0.0103417932987213,10633,2,"meta_highrescanopyheight_orthophoto",0.5,"orthophoto_50cm_2025","Nord-Norge"
"NINFP2110019406",0.261715808947162,0.0119969467632473,20274,3,"meta_highrescanopyheight_orthophoto",0.5,"orthophoto_50cm_2025","Nord-Norge"
"NINFP2110021766",0.213689640002599,0.0148049294948578,28600,4,"meta_highrescanopyheight_orthophoto",0.5,"orthophoto_50cm_2025","Nord-Norge"
"NINFP2410154342",0.0915069437390627,0.0101951048709452,45854,4,"meta_highrescanopyheight_orthophoto",0.5,"orthophoto_50cm_2025","Nord-Norge"
"NINFP2510188809",0.0100554432328377,0.0100454539060593,31657,3,"meta_highrescanopyheight_orthophoto",0.5,"orthophoto_50cm_2025","Nord-Norge"
"NINFP1810023036",0.630752121309125,0.0153216980397701,84134,8,"meta_highrescanopyheight_orthophoto",0.5,"orthophoto_50cm_2025","Nord-Norge"
"NINFP2010025720",0.0994852942306785,0.0111592477187514,76141,5,"meta_highrescanopyheight_orthophoto",0.5,"orthophoto_50cm_2025","Nord-Norge"
"NINFP2010025019",0.153847801558497,0.0103538436815143,12255,4,"meta_highrescanopyheight_orthophoto",0.5,"orthophoto_50cm_2025","Nord-Norge"
"NINFP1810026448",0.901295147655135,0.101892657577991,256760,14,"meta_highrescanopyheight_orthophoto",0.5,"orthophoto_50cm_2025","Nord-Norge"
"NINFP2510201462",0.0968583124801445,0.0101117352023721,13492,3,"meta_highrescanopyheight_orthophoto",0.5,"orthophoto_50cm_2025","Nord-Norge"
"NINFP2410162271",0.879970475141033,0.282308965921402,8394,2,"meta_highrescanopyheight_orthophoto",0.5,"orthophoto_50cm_2025","Nord-Norge"
"NINFP2310131396",3.95917528890107,4.30683732032776,4826,1,"meta_highrescanopyheight_orthophoto",0.5,"orthophoto_50cm_2025","Nord-Norge"
"NINFP2110027186",0.0162841409455962,0.0102095231413841,13027,2,"meta_highrescanopyheight_orthophoto",0.5,"orthophoto_50cm_2025","Nord-Norge"
"NINFP2010039353",0.700434239751599,0.0338588505983353,1383,1,"meta_highrescanopyheight_orthophoto",0.5,"orthophoto_50cm_2025","Nord-Norge"
"NINFP2410160196",0.197130198728402,0.0112021137028933,1195,1,"meta_highrescanopyheight_orthophoto",0.5,"orthophoto_50cm_2025","Nord-Norge"
"NINFP2210105580",0.852490764979012,0.0275120697915554,6239,2,"meta_highrescanopyheight_orthophoto",0.5,"orthophoto_50cm_2025","Nord-Norge"
"NINFP1910033699",0.80126793297955,0.0427461229264736,25449,2,"meta_highrescanopyheight_orthophoto",0.5,"orthophoto_50cm_2025","Nord-Norge"
"NINFP2410156317",1.10780506091029,0.379939541220665,4084,1,"meta_highrescanopyheight_orthophoto",0.5,"orthophoto_50cm_2025","Nord-Norge"
"NINFP2210086263",0.327979633281676,0.014271579682827,13579,2,"meta_highrescanopyheight_orthophoto",0.5,"orthophoto_50cm_2025","Nord-Norge"
"NINFP2310136722",0.0102262267186605,0.0100859515368938,12715,2,"meta_highrescanopyheight_orthophoto",0.5,"orthophoto_50cm_2025","Nord-Norge"
"NINFP1810029802",0.958687117013231,0.250199884176254,17395,3,"meta_highrescanopyheight_orthophoto",0.5,"orthophoto_50cm_2025","Nord-Norge"
"NINFP1810038010",0.0106822034845558,0.0105648790486157,78,1,"meta_highrescanopyheight_orthophoto",0.5,"orthophoto_50cm_2025","Nord-Norge"
"NINFP2110031326",4.8671143855415,5.08284044265747,11667,2,"meta_highrescanopyheight_orthophoto",0.5,"orthophoto_50cm_2025","Nord-Norge"
"NINFP2410154826",0.0498756604770619,0.0101810451596975,182089,12,"meta_highrescanopyheight_orthophoto",0.5,"orthophoto_50cm_2025","Nord-Norge"
"NINFP2510200177",0.0213090025015222,0.0103273522108793,10599,2,"meta_highrescanopyheight_orthophoto",0.5,"orthophoto_50cm_2025","Nord-Norge"
"NINFP1810037115",0.010249898789384,0.0101366816088557,10215,1,"meta_highrescanopyheight_orthophoto",0.5,"orthophoto_50cm_2025","Nord-Norge"
"NINFP2410147837",0.0855414465756493,0.0106911826878786,12759,4,"meta_highrescanopyheight_orthophoto",0.5,"orthophoto_50cm_2025","Nord-Norge"
"NINFP2410174034",0.0104020607904873,0.010114885866642,117833,6,"meta_highrescanopyheight_orthophoto",0.5,"orthophoto_50cm_2025","Nord-Norge"
"NINFP1810040736",1.0768115419238,0.12318667024374,15141,2,"meta_highrescanopyheight_orthophoto",0.5,"orthophoto_50cm_2025","Nord-Norge"
"NINFP1810030759",0.206138417943153,0.0112980525009334,10318,2,"meta_highrescanopyheight_orthophoto",0.5,"orthophoto_50cm_2025","Nord-Norge"
"NINFP2310132018",0.0254868166294608,0.0102719585411251,13194,2,"meta_highrescanopyheight_orthophoto",0.5,"orthophoto_50cm_2025","Nord-Norge"
"NINFP2310124935",0.0741551700068385,0.0101727722212672,238852,22,"meta_highrescanopyheight_orthophoto",0.5,"orthophoto_50cm_2025","Nord-Norge"
"NINFP2010014200",0.243183051482234,0.0108974841423333,32872,4,"meta_highrescanopyheight_orthophoto",0.5,"orthophoto_50cm_2025","Nord-Norge"
"NINFP2510186923",0.0101888080518795,0.0100798113271594,42139,4,"meta_highrescanopyheight_orthophoto",0.5,"orthophoto_50cm_2025","Nord-Norge"
"NINFP2310123995",2.92423649214397,1.94469785690308,7061,4,"meta_highrescanopyheight_orthophoto",0.5,"orthophoto_50cm_2025","Nord-Norge"
"NINFP2110021763",0.238976152392016,0.013973013497889,4599,3,"meta_highrescanopyheight_orthophoto",0.5,"orthophoto_50cm_2025","Nord-Norge"
"NINFP1810028488",2.12862124566195,0.311553239822388,4358,1,"meta_highrescanopyheight_orthophoto",0.5,"orthophoto_50cm_2025","Nord-Norge"
"NINFP1810032843",1.049827031119,0.212645888328552,7681,2,"meta_highrescanopyheight_orthophoto",0.5,"orthophoto_50cm_2025","Nord-Norge"
"NINFP1810029799",1.34113367919863,0.470080658793449,25478,4,"meta_highrescanopyheight_orthophoto",0.5,"orthophoto_50cm_2025","Nord-Norge"
"NINFP1810037227",0.670388649137201,0.0125708393752575,17359,4,"meta_highrescanopyheight_orthophoto",0.5,"orthophoto_50cm_2025","Nord-Norge"
"NINFP2410167696",0.0136124688471521,0.0102342022582889,7437,2,"meta_highrescanopyheight_orthophoto",0.5,"orthophoto_50cm_2025","Nord-Norge"
"NINFP2210076421",0.0243177469093851,0.0102136731147766,52613,5,"meta_highrescanopyheight_orthophoto",0.5,"orthophoto_50cm_2025","Nord-Norge"
"NINFP1910024787",2.61781969794895,1.45941710472107,4469,1,"meta_highrescanopyheight_orthophoto",0.5,"orthophoto_50cm_2025","Nord-Norge"
"NINFP2410155465",0.0399436951325046,0.0102678388357162,22185,2,"meta_highrescanopyheight_orthophoto",0.5,"orthophoto_50cm_2025","Nord-Norge"
"NINFP2010021665",3.02463295177366,2.19934475421906,55152,4,"meta_highrescanopyheight_orthophoto",0.5,"orthophoto_50cm_2025","Nord-Norge"
"NINFP2010013436",0.660843126616714,0.154100060462952,5453,2,"meta_highrescanopyheight_orthophoto",0.5,"orthophoto_50cm_2025","Nord-Norge"
"NINFP1810035319",0.866828830139051,0.0116756791248918,112398,6,"meta_highrescanopyheight_orthophoto",0.5,"orthophoto_50cm_2025","Nord-Norge"
"NINFP2210107184",0.267473853660501,0.0103029166348279,133706,7,"meta_highrescanopyheight_orthophoto",0.5,"orthophoto_50cm_2025","Nord-Norge"
"NINFP2310132463",1.23776972020075,0.974968761205673,5338,2,"meta_highrescanopyheight_orthophoto",0.5,"orthophoto_50cm_2025","Nord-Norge"
"NINFP2110052646",0.237807467644345,0.0123290196061134,14857,3,"meta_highrescanopyheight_orthophoto",0.5,"orthophoto_50cm_2025","Nord-Norge"
"NINFP1810029819",0.297196827323676,0.0150874424725771,252010,12,"meta_highrescanopyheight_orthophoto",0.5,"orthophoto_50cm_2025","Nord-Norge"
"NINFP2010017303",0.0160366670065973,0.0101248454302549,22606,2,"meta_highrescanopyheight_orthophoto",0.5,"orthophoto_50cm_2025","Nord-Norge"
"NINFP1810037340",0.0315355642694606,0.0101473787799478,49299,5,"meta_highrescanopyheight_orthophoto",0.5,"orthophoto_50cm_2025","Nord-Norge"
"NINFP2310133608",0.168765363603045,0.0102494675666094,127694,12,"meta_highrescanopyheight_orthophoto",0.5,"orthophoto_50cm_2025","Nord-Norge"
"NINFP2410154441",5.17992898857873,5.33340001106262,10832,2,"meta_highrescanopyheight_orthophoto",0.5,"orthophoto_50cm_2025","Nord-Norge"
"NINFP2410174427",0.0103013450952201,0.0101044019684196,426691,18,"meta_highrescanopyheight_orthophoto",0.5,"orthophoto_50cm_2025","Nord-Norge"
"NINFP2410155703",1.00788786254776,0.560029447078705,9713,3,"meta_highrescanopyheight_orthophoto",0.5,"orthophoto_50cm_2025","Nord-Norge"
"NINFP2110019212",0.107877375499061,0.0101046115159988,194518,13,"meta_highrescanopyheight_orthophoto",0.5,"orthophoto_50cm_2025","Nord-Norge"
"NINFP1810032865",1.10080103990635,0.0531468093395233,236941,15,"meta_highrescanopyheight_orthophoto",0.5,"orthophoto_50cm_2025","Nord-Norge"
"NINFP2210091712",0.316911057123463,0.0168415494263172,4671,2,"meta_highrescanopyheight_orthophoto",0.5,"orthophoto_50cm_2025","Nord-Norge"
"NINFP1810031206",1.25236402776921,0.394133627414703,11213,1,"meta_highrescanopyheight_orthophoto",0.5,"orthophoto_50cm_2025","Nord-Norge"
"NINFP2310130154",0.0517690445627232,0.0101384371519089,62319,5,"meta_highrescanopyheight_orthophoto",0.5,"orthophoto_50cm_2025","Nord-Norge"
"NINFP2010013936",4.77650486363117,4.57397794723511,8752,2,"meta_highrescanopyheight_orthophoto",0.5,"orthophoto_50cm_2025","Nord-Norge"
"NINFP2010039017",0.369735972358855,0.0239273309707642,8451,2,"meta_highrescanopyheight_orthophoto",0.5,"orthophoto_50cm_2025","Nord-Norge"
"NINFP2310133583",0.0323349910865297,0.0100918663665652,33055,5,"meta_highrescanopyheight_orthophoto",0.5,"orthophoto_50cm_2025","Nord-Norge"
"NINFP1910017517",0.28874778431366,0.0130648715421557,8231,2,"meta_highrescanopyheight_orthophoto",0.5,"orthophoto_50cm_2025","Nord-Norge"
"NINFP2310126654",0.0639448118660665,0.0114962006919086,17390,4,"meta_highrescanopyheight_orthophoto",0.5,"orthophoto_50cm_2025","Nord-Norge"
"NINFP1910013710",0.922709572575222,0.06191018037498,10326,3,"meta_highrescanopyheight_orthophoto",0.5,"orthophoto_50cm_2025","Nord-Norge"
"NINFP2410163078",0.722611212941808,0.0155225899070501,4676,1,"meta_highrescanopyheight_orthophoto",0.5,"orthophoto_50cm_2025","Nord-Norge"
"NINFP2510197412",0.139338398374315,0.0104105556383729,22470,4,"meta_highrescanopyheight_orthophoto",0.5,"orthophoto_50cm_2025","Nord-Norge"
"NINFP2410182481",0.0181914762662793,0.0102650420740247,10584,3,"meta_highrescanopyheight_orthophoto",0.5,"orthophoto_50cm_2025","Nord-Norge"
"NINFP2010036721",0.0549530060552394,0.0127789974212646,1342,2,"meta_highrescanopyheight_orthophoto",0.5,"orthophoto_50cm_2025","Nord-Norge"
"NINFP2010014231",0.425632123245763,0.010997099801898,7051,3,"meta_highrescanopyheight_orthophoto",0.5,"orthophoto_50cm_2025","Nord-Norge"
"NINFP2510194710",3.32246084535463,2.85817110538483,4448,2,"meta_highrescanopyheight_orthophoto",0.5,"orthophoto_50cm_2025","Nord-Norge"
"NINFP2010039128",1.28251109592688,0.322936445474625,14003,4,"meta_highrescanopyheight_orthophoto",0.5,"orthophoto_50cm_2025","Nord-Norge"
"NINFP2310132670",1.30071043448725,1.1547235250473,1227,2,"meta_highrescanopyheight_orthophoto",0.5,"orthophoto_50cm_2025","Nord-Norge"
"NINFP2410154496",0.0268943190446349,0.0101423263549805,66726,5,"meta_highrescanopyheight_orthophoto",0.5,"orthophoto_50cm_2025","Nord-Norge"
"NINFP2010017505",0.258243211882105,0.0103455549106002,288829,13,"meta_highrescanopyheight_orthophoto",0.5,"orthophoto_50cm_2025","Nord-Norge"
"NINFP2010008960",2.9276656754188,2.56631636619568,33253,4,"meta_highrescanopyheight_orthophoto",0.5,"orthophoto_50cm_2025","Nord-Norge"
"NINFP2310133347",0.0358647903008181,0.0102007370442152,73675,10,"meta_highrescanopyheight_orthophoto",0.5,"orthophoto_50cm_2025","Nord-Norge"
"NINFP2110020963",0.646003626203537,0.0202881917357445,24643,4,"meta_highrescanopyheight_orthophoto",0.5,"orthophoto_50cm_2025","Nord-Norge"
"NINFP2110031047",0.011784493820265,0.0100920079275966,214909,11,"meta_highrescanopyheight_orthophoto",0.5,"orthophoto_50cm_2025","Nord-Norge"
"NINFP2210087650",0.135389124480656,0.0120566310361028,38910,4,"meta_highrescanopyheight_orthophoto",0.5,"orthophoto_50cm_2025","Nord-Norge"
"NINFP2510200182",0.013582538870263,0.0103384731337428,28671,5,"meta_highrescanopyheight_orthophoto",0.5,"orthophoto_50cm_2025","Nord-Norge"
"NINFP2510204256",0.0110090393089848,0.0101413154043257,176474,9,"meta_highrescanopyheight_orthophoto",0.5,"orthophoto_50cm_2025","Nord-Norge"
"NINFP2410159250",0.0357224131488966,0.0102422833442688,11135,3,"meta_highrescanopyheight_orthophoto",0.5,"orthophoto_50cm_2025","Nord-Norge"
"NINFP2510194625",0.0163205668793227,0.0103107751347125,101034,8,"meta_highrescanopyheight_orthophoto",0.5,"orthophoto_50cm_2025","Nord-Norge"
"NINFP2210077583",0.0494705722765958,0.0101438071578741,52615,7,"meta_highrescanopyheight_orthophoto",0.5,"orthophoto_50cm_2025","Nord-Norge"
"NINFP2410172836",0.30957140426676,0.0102452444843948,82102,5,"meta_highrescanopyheight_orthophoto",0.5,"orthophoto_50cm_2025","Nord-Norge"
"NINFP2510203510",0.0187384018893981,0.0101550277322531,38757,4,"meta_highrescanopyheight_orthophoto",0.5,"orthophoto_50cm_2025","Nord-Norge"
"NINFP2510203018",0.18739248516127,0.0149591593071818,7311,2,"meta_highrescanopyheight_orthophoto",0.5,"orthophoto_50cm_2025","Nord-Norge"
"NINFP2010026842",0.0942019813777468,0.0102871479466558,68793,5,"meta_highrescanopyheight_orthophoto",0.5,"orthophoto_50cm_2025","Nord-Norge"
"NINFP2010044376",0.551216386127176,0.0117088761180639,93978,7,"meta_highrescanopyheight_orthophoto",0.5,"orthophoto_50cm_2025","Nord-Norge"
"NINFP2410177439",0.028478906812429,0.0119045730680227,771,1,"meta_highrescanopyheight_orthophoto",0.5,"orthophoto_50cm_2025","Nord-Norge"
"NINFP2010025713",0.0139865210603664,0.0102711543440819,12510,4,"meta_highrescanopyheight_orthophoto",0.5,"orthophoto_50cm_2025","Nord-Norge"
"NINFP2010023494",0.568863049157055,0.0107115553691983,11485,2,"meta_highrescanopyheight_orthophoto",0.5,"orthophoto_50cm_2025","Nord-Norge"
"NINFP2210083720",0.105107113651864,0.0105722122825682,4440,1,"meta_highrescanopyheight_orthophoto",0.5,"orthophoto_50cm_2025","Nord-Norge"
"NINFP2010012659",0.0330409890418951,0.0102818962186575,69483,5,"meta_highrescanopyheight_orthophoto",0.5,"orthophoto_50cm_2025","Nord-Norge"
"NINFP2210089022",0.567161247254935,0.0223942920565605,28435,2,"meta_highrescanopyheight_orthophoto",0.5,"orthophoto_50cm_2025","Nord-Norge"
"NINFP2310130413",0.29593439678886,0.0176922949030995,3294,1,"meta_highrescanopyheight_orthophoto",0.5,"orthophoto_50cm_2025","Nord-Norge"
"NINFP2410162267",0.150268752847243,0.0141719006933272,4218,4,"meta_highrescanopyheight_orthophoto",0.5,"orthophoto_50cm_2025","Nord-Norge"
"NINFP2410159073",0.178339972967188,0.0132638206705451,5123,1,"meta_highrescanopyheight_orthophoto",0.5,"orthophoto_50cm_2025","Nord-Norge"
"NINFP1810035555",0.329865158627577,0.0166089795529842,17435,3,"meta_highrescanopyheight_orthophoto",0.5,"orthophoto_50cm_2025","Nord-Norge"
"NINFP2010025373",2.46241119330591,1.69919413328171,11706,4,"meta_highrescanopyheight_orthophoto",0.5,"orthophoto_50cm_2025","Nord-Norge"
"NINFP2410155663",0.0704356391706945,0.010834101587534,21539,5,"meta_highrescanopyheight_orthophoto",0.5,"orthophoto_50cm_2025","Nord-Norge"
"NINFP2010029957",0.0103140408949306,0.0100229578092694,179964,10,"meta_highrescanopyheight_orthophoto",0.5,"orthophoto_50cm_2025","Nord-Norge"
"NINFP2010022951",0.592172201624027,0.0464257393032312,58414,4,"meta_highrescanopyheight_orthophoto",0.5,"orthophoto_50cm_2025","Nord-Norge"
"NINFP2410152097",0.232735040498,0.0102488091215491,994128,31,"meta_highrescanopyheight_orthophoto",0.5,"orthophoto_50cm_2025","Nord-Norge"
"NINFP2210107937",0.372415125392221,0.0138441920280457,6336,1,"meta_highrescanopyheight_orthophoto",0.5,"orthophoto_50cm_2025","Nord-Norge"
"NINFP1810028473",0.0273320166967236,0.0180796012282372,78,1,"meta_highrescanopyheight_orthophoto",0.5,"orthophoto_50cm_2025","Nord-Norge"
"NINFP2010028809",0.01021533390528,0.0101424036547542,11052,2,"meta_highrescanopyheight_orthophoto",0.5,"orthophoto_50cm_2025","Nord-Norge"
"NINFP2310125630",0.0102894268039152,0.0101638417690992,34365,3,"meta_highrescanopyheight_orthophoto",0.5,"orthophoto_50cm_2025","Nord-Norge"
"NINFP2010007058",0.20713686246216,0.0100609185174108,1652943,41,"meta_highrescanopyheight_orthophoto",0.5,"orthophoto_50cm_2025","Nord-Norge"
"NINFP2010013882",2.92322072170424,1.35556763410568,4072,2,"meta_highrescanopyheight_orthophoto",0.5,"orthophoto_50cm_2025","Nord-Norge"
"NINFP2410160186",4.20105639451717,4.40942096710205,4120,4,"meta_highrescanopyheight_orthophoto",0.5,"orthophoto_50cm_2025","Nord-Norge"
"NINFP2310130200",0.010737137263943,0.0101171098649502,6317,3,"meta_highrescanopyheight_orthophoto",0.5,"orthophoto_50cm_2025","Nord-Norge"
"NINFP2410154624",0.979425095681611,0.130411133170128,8763,2,"meta_highrescanopyheight_orthophoto",0.5,"orthophoto_50cm_2025","Nord-Norge"
"NINFP2310133598",0.158308038904072,0.0101738041266799,124993,8,"meta_highrescanopyheight_orthophoto",0.5,"orthophoto_50cm_2025","Nord-Norge"
"NINFP2210106370",0.0552438590635114,0.0104563548229635,17486,3,"meta_highrescanopyheight_orthophoto",0.5,"orthophoto_50cm_2025","Nord-Norge"
"NINFP2410147838",0.0465915011511675,0.0102642457932234,9367,2,"meta_highrescanopyheight_orthophoto",0.5,"orthophoto_50cm_2025","Nord-Norge"
"NINFP2010030345",3.23557073297128,2.9635534286499,9705,4,"meta_highrescanopyheight_orthophoto",0.5,"orthophoto_50cm_2025","Nord-Norge"
"NINFP1810037140",0.0326199347256988,0.0101343309506774,104323,7,"meta_highrescanopyheight_orthophoto",0.5,"orthophoto_50cm_2025","Nord-Norge"
"NINFP2210082480",0.013131748231367,0.010131374001503,64193,9,"meta_highrescanopyheight_orthophoto",0.5,"orthophoto_50cm_2025","Nord-Norge"
"NINFP1810018953",0.0825472512419197,0.0103371716104448,97432,9,"meta_highrescanopyheight_orthophoto",0.5,"orthophoto_50cm_2025","Nord-Norge"
"NINFP1810038013",1.24307211453896,0.134935267269611,7784,4,"meta_highrescanopyheight_orthophoto",0.5,"orthophoto_50cm_2025","Nord-Norge"
"NINFP2510219167",0.0117638286738871,0.010153962764889,18410,2,"meta_highrescanopyheight_orthophoto",0.5,"orthophoto_50cm_2025","Nord-Norge"
"NINFP2110027188",0.0304117276642121,0.0103583005256951,16772,4,"meta_highrescanopyheight_orthophoto",0.5,"orthophoto_50cm_2025","Nord-Norge"
"NINFP2410156097",0.111628628565432,0.0114256339147687,4244,4,"meta_highrescanopyheight_orthophoto",0.5,"orthophoto_50cm_2025","Nord-Norge"
"NINFP2510197679",0.0565500601520459,0.0109357889741659,58340,5,"meta_highrescanopyheight_orthophoto",0.5,"orthophoto_50cm_2025","Nord-Norge"
"NINFP1810012082",0.0632853615707833,0.0102408034726977,96974,12,"meta_highrescanopyheight_orthophoto",0.5,"orthophoto_50cm_2025","Nord-Norge"
"NINFP1910013708",0.0311242503890574,0.0103033389896154,19602,3,"meta_highrescanopyheight_orthophoto",0.5,"orthophoto_50cm_2025","Nord-Norge"
"NINFP2010021261",0.0115336470470048,0.0102483006194234,19883,4,"meta_highrescanopyheight_orthophoto",0.5,"orthophoto_50cm_2025","Nord-Norge"
"NINFP2410166924",0.234032564087215,0.0103230401873589,30482,5,"meta_highrescanopyheight_orthophoto",0.5,"orthophoto_50cm_2025","Nord-Norge"
"NINFP1810034986",0.273856944639641,0.0206118552014232,14166,1,"meta_highrescanopyheight_orthophoto",0.5,"orthophoto_50cm_2025","Nord-Norge"
"NINFP1810028490",3.54386105490939,2.78445136547089,12914,2,"meta_highrescanopyheight_orthophoto",0.5,"orthophoto_50cm_2025","Nord-Norge"
"NINFP2110020623",0.817086630843904,0.0180086754262447,9339,2,"meta_highrescanopyheight_orthophoto",0.5,"orthophoto_50cm_2025","Nord-Norge"
"NINFP2110043537",0.16804104285389,0.0108976373448968,9849,2,"meta_highrescanopyheight_orthophoto",0.5,"orthophoto_50cm_2025","Nord-Norge"
"NINFP2410174817",0.364527427903104,0.0204558856785297,8978,1,"meta_highrescanopyheight_orthophoto",0.5,"orthophoto_50cm_2025","Nord-Norge"
"NINFP2410155545",2.54293134407164,1.75945281982422,6431,2,"meta_highrescanopyheight_orthophoto",0.5,"orthophoto_50cm_2025","Nord-Norge"
"NINFP1810021942",0.0130353282012846,0.01022490253672,141904,16,"meta_highrescanopyheight_orthophoto",0.5,"orthophoto_50cm_2025","Nord-Norge"
"NINFP1810029774",0.385545912092745,0.0109617961570621,93091,6,"meta_highrescanopyheight_orthophoto",0.5,"orthophoto_50cm_2025","Nord-Norge"
"NINFP1810029801",2.08046401322006,1.41505169868469,3785,3,"meta_highrescanopyheight_orthophoto",0.5,"orthophoto_50cm_2025","Nord-Norge"
"NINFP2010028119",0.0367303489800791,0.0100806411355734,13504,2,"meta_highrescanopyheight_orthophoto",0.5,"orthophoto_50cm_2025","Nord-Norge"
"NINFP1810031320",1.19412564748868,0.468559786677361,15622,2,"meta_highrescanopyheight_orthophoto",0.5,"orthophoto_50cm_2025","Nord-Norge"
"NINFP2110018365",0.4655198656874,0.0149205196648836,16615,4,"meta_highrescanopyheight_orthophoto",0.5,"orthophoto_50cm_2025","Nord-Norge"
"NINFP2410156992",2.50537015760972,1.63955640792847,5949,2,"meta_highrescanopyheight_orthophoto",0.5,"orthophoto_50cm_2025","Nord-Norge"
"NINFP2010024610",0.7866270438811,0.0245072655379772,10411,4,"meta_highrescanopyheight_orthophoto",0.5,"orthophoto_50cm_2025","Nord-Norge"
"NINFP2010024724",0.331453684170977,0.0221332795917988,200847,10,"meta_highrescanopyheight_orthophoto",0.5,"orthophoto_50cm_2025","Nord-Norge"
"NINFP2510199945",0.0464815262771999,0.0103852860629559,4621,2,"meta_highrescanopyheight_orthophoto",0.5,"orthophoto_50cm_2025","Nord-Norge"
"NINFP1910022814",1.59777219391953,0.0509095191955566,3973,2,"meta_highrescanopyheight_orthophoto",0.5,"orthophoto_50cm_2025","Nord-Norge"
"NINFP2010055753",1.30083955495005,0.209953188896179,24367,4,"meta_highrescanopyheight_orthophoto",0.5,"orthophoto_50cm_2025","Nord-Norge"
"NINFP2110026461",4.18873600829384,3.27379679679871,4163,2,"meta_highrescanopyheight_orthophoto",0.5,"orthophoto_50cm_2025","Nord-Norge"
"NINFP2410156280",0.404855809796128,0.0112000275403261,11317,1,"meta_highrescanopyheight_orthophoto",0.5,"orthophoto_50cm_2025","Nord-Norge"
"NINFP1810030757",0.0881748954856626,0.010250648483634,110826,8,"meta_highrescanopyheight_orthophoto",0.5,"orthophoto_50cm_2025","Nord-Norge"
"NINFP2310129850",0.19684779066063,0.0117838745936751,11153,2,"meta_highrescanopyheight_orthophoto",0.5,"orthophoto_50cm_2025","Nord-Norge"
"NINFP1810035533",0.383696026087118,0.0140316234901547,90571,6,"meta_highrescanopyheight_orthophoto",0.5,"orthophoto_50cm_2025","Nord-Norge"
"NINFP2310133601",0.826228261067598,0.0416666604578495,9991,4,"meta_highrescanopyheight_orthophoto",0.5,"orthophoto_50cm_2025","Nord-Norge"
"NINFP2210082324",1.35609150731559,0.276955723762512,42497,3,"meta_highrescanopyheight_orthophoto",0.5,"orthophoto_50cm_2025","Nord-Norge"
"NINFP2210094772",0.122901751873835,0.0107165658846498,9273,2,"meta_highrescanopyheight_orthophoto",0.5,"orthophoto_50cm_2025","Nord-Norge"
"NINFP2010010217",3.47424294144747,2.70970821380615,14453,2,"meta_highrescanopyheight_orthophoto",0.5,"orthophoto_50cm_2025","Nord-Norge"
"NINFP2210089626",0.011199384717507,0.0106104523874819,2144,2,"meta_highrescanopyheight_orthophoto",0.5,"orthophoto_50cm_2025","Nord-Norge"
"NINFP2110033145",0.0101636517692914,0.0101087475195527,6052,2,"meta_highrescanopyheight_orthophoto",0.5,"orthophoto_50cm_2025","Nord-Norge"
"NINFP2210083930",2.81428660410995,2.52091193199158,11508,4,"meta_highrescanopyheight_orthophoto",0.5,"orthophoto_50cm_2025","Nord-Norge"
"NINFP1810034725",0.950789299708444,0.0339088328182697,45265,3,"meta_highrescanopyheight_orthophoto",0.5,"orthophoto_50cm_2025","Nord-Norge"
"NINFP2110023408",0.0748727985372361,0.0103843528777361,36112,5,"meta_highrescanopyheight_orthophoto",0.5,"orthophoto_50cm_2025","Nord-Norge"
"NINFP2010013475",0.218651467719708,0.0101538868620992,544256,18,"meta_highrescanopyheight_orthophoto",0.5,"orthophoto_50cm_2025","Nord-Norge"
"NINFP2310116377",0.401715144683238,0.0105544924736023,45824,4,"meta_highrescanopyheight_orthophoto",0.5,"orthophoto_50cm_2025","Nord-Norge"
"NINFP1810037219",0.0648456119825635,0.0105453860014677,47973,5,"meta_highrescanopyheight_orthophoto",0.5,"orthophoto_50cm_2025","Nord-Norge"
"NINFP2510194379",0.0102413040413968,0.0100996401160955,15608,3,"meta_highrescanopyheight_orthophoto",0.5,"orthophoto_50cm_2025","Nord-Norge"
"NINFP2210105591",5.11967814310483,5.71470880508423,7780,3,"meta_highrescanopyheight_orthophoto",0.5,"orthophoto_50cm_2025","Nord-Norge"
"NINFP2410154338",0.121264604283312,0.0105893057771027,11924,2,"meta_highrescanopyheight_orthophoto",0.5,"orthophoto_50cm_2025","Nord-Norge"
"NINFP2410156474",0.256405377394076,0.0125283980742097,981,2,"meta_highrescanopyheight_orthophoto",0.5,"orthophoto_50cm_2025","Nord-Norge"
"NINFP2310142132",0.659808227899054,0.0720055215060711,5448,2,"meta_highrescanopyheight_orthophoto",0.5,"orthophoto_50cm_2025","Nord-Norge"
"NINFP2310133167",0.054478995356629,0.010205777361989,5324,2,"meta_highrescanopyheight_orthophoto",0.5,"orthophoto_50cm_2025","Nord-Norge"
"NINFP2510185473",0.0101098157723526,0.0100996368564665,7362,2,"meta_highrescanopyheight_orthophoto",0.5,"orthophoto_50cm_2025","Nord-Norge"
"NINFP2410157526",0.07578985809879,0.0103348353877664,23782,3,"meta_highrescanopyheight_orthophoto",0.5,"orthophoto_50cm_2025","Nord-Norge"
"NINFP2410159258",0.0733057120681926,0.010205446742475,17577,4,"meta_highrescanopyheight_orthophoto",0.5,"orthophoto_50cm_2025","Nord-Norge"
"NINFP2310131215",0.0113183422793206,0.010177668184042,5353,2,"meta_highrescanopyheight_orthophoto",0.5,"orthophoto_50cm_2025","Nord-Norge"
"NINFP2410155824",1.8994318180565,1.59066736698151,5508,1,"meta_highrescanopyheight_orthophoto",0.5,"orthophoto_50cm_2025","Nord-Norge"
"NINFP2410173509",0.389173349960364,0.0104348747991025,4970,1,"meta_highrescanopyheight_orthophoto",0.5,"orthophoto_50cm_2025","Nord-Norge"
"NINFP2110024380",0.337539986975396,0.0267343260347843,7197,3,"meta_highrescanopyheight_orthophoto",0.5,"orthophoto_50cm_2025","Nord-Norge"
"NINFP2310135362",1.04800434807019,0.0500006694346666,37190,3,"meta_highrescanopyheight_orthophoto",0.5,"orthophoto_50cm_2025","Nord-Norge"
"NINFP2110033112",0.0133739919892885,0.0100759789347649,41515,3,"meta_highrescanopyheight_orthophoto",0.5,"orthophoto_50cm_2025","Nord-Norge"
"NINFP2010023487",0.0448560961873312,0.0100871119648218,314565,11,"meta_highrescanopyheight_orthophoto",0.5,"orthophoto_50cm_2025","Nord-Norge"
"NINFP2210106774",0.058583380960463,0.0101767303422093,52603,5,"meta_highrescanopyheight_orthophoto",0.5,"orthophoto_50cm_2025","Nord-Norge"
"NINFP2110033625",0.0145123145082202,0.0102274846285582,90641,8,"meta_highrescanopyheight_orthophoto",0.5,"orthophoto_50cm_2025","Nord-Norge"
"NINFP2410158013",0.0941794324311998,0.0102828480303288,10789,3,"meta_highrescanopyheight_orthophoto",0.5,"orthophoto_50cm_2025","Nord-Norge"
"NINFP2410174735",0.0141228679263603,0.0102012185379863,8303,4,"meta_highrescanopyheight_orthophoto",0.5,"orthophoto_50cm_2025","Nord-Norge"
"NINFP2110018938",1.44643233906954,0.139161378145218,4633,4,"meta_highrescanopyheight_orthophoto",0.5,"orthophoto_50cm_2025","Nord-Norge"
"NINFP2410156316",2.36408684999431,1.35047388076782,5939,4,"meta_highrescanopyheight_orthophoto",0.5,"orthophoto_50cm_2025","Nord-Norge"
"NINFP1810023268",0.0767925641581474,0.0110043892636895,55234,8,"meta_highrescanopyheight_orthophoto",0.5,"orthophoto_50cm_2025","Nord-Norge"
"NINFP2410172863",0.0102063503417936,0.0101642226800323,54712,5,"meta_highrescanopyheight_orthophoto",0.5,"orthophoto_50cm_2025","Nord-Norge"
"NINFP2510202850",0.602622791359041,0.038097782060504,4898,2,"meta_highrescanopyheight_orthophoto",0.5,"orthophoto_50cm_2025","Nord-Norge"
"NINFP1910029316",0.0289882759662671,0.0102139282971621,5228,2,"meta_highrescanopyheight_orthophoto",0.5,"orthophoto_50cm_2025","Nord-Norge"
"NINFP2510205741",0.946736579237492,0.136909320950508,10957,2,"meta_highrescanopyheight_orthophoto",0.5,"orthophoto_50cm_2025","Nord-Norge"
"NINFP2410172070",0.0153317917957583,0.0102597558870912,16586,3,"meta_highrescanopyheight_orthophoto",0.5,"orthophoto_50cm_2025","Nord-Norge"
"NINFP1810034546",0.0107840343180824,0.0101437158882618,41289,5,"meta_highrescanopyheight_orthophoto",0.5,"orthophoto_50cm_2025","Nord-Norge"
"NINFP2010018979",0.132694784943052,0.0100845051929355,158456,6,"meta_highrescanopyheight_orthophoto",0.5,"orthophoto_50cm_2025","Nord-Norge"
"NINFP1910012659",0.147565834693605,0.0110201300121844,103664,7,"meta_highrescanopyheight_orthophoto",0.5,"orthophoto_50cm_2025","Nord-Norge"
"NINFP2410161637",0.938007941405938,0.136241607367992,7496,2,"meta_highrescanopyheight_orthophoto",0.5,"orthophoto_50cm_2025","Nord-Norge"
"NINFP2310134164",0.069240734216597,0.0102777588181198,74078,8,"meta_highrescanopyheight_orthophoto",0.5,"orthophoto_50cm_2025","Nord-Norge"
"NINFP2010030561",0.0632949461711333,0.0100387912243605,39419,4,"meta_highrescanopyheight_orthophoto",0.5,"orthophoto_50cm_2025","Nord-Norge"
"NINFP2010024596",0.0112515922541131,0.0101386392489076,22451,2,"meta_highrescanopyheight_orthophoto",0.5,"orthophoto_50cm_2025","Nord-Norge"
"NINFP2110019602",0.0244261317711057,0.0105845090001822,4371,1,"meta_highrescanopyheight_orthophoto",0.5,"orthophoto_50cm_2025","Nord-Norge"
"NINFP1910014647",1.95628534376004,0.723467350006104,41610,5,"meta_highrescanopyheight_orthophoto",0.5,"orthophoto_50cm_2025","Nord-Norge"
"NINFP2010026371",2.25209922202348,0.958397090435028,5024,2,"meta_highrescanopyheight_orthophoto",0.5,"orthophoto_50cm_2025","Nord-Norge"
"NINFP2210090181",0.0224823321652776,0.0105068916454911,21763,6,"meta_highrescanopyheight_orthophoto",0.5,"orthophoto_50cm_2025","Nord-Norge"
"NINFP2110021952",0.375168243680877,0.0120823215693235,31711,5,"meta_highrescanopyheight_orthophoto",0.5,"orthophoto_50cm_2025","Nord-Norge"
"NINFP2010025624",0.0943056112906615,0.0123231313191354,16958,2,"meta_highrescanopyheight_orthophoto",0.5,"orthophoto_50cm_2025","Nord-Norge"
"NINFP2010014282",0.145624999917528,0.0106344195082784,10335,2,"meta_highrescanopyheight_orthophoto",0.5,"orthophoto_50cm_2025","Nord-Norge"
"NINFP2410154589",1.55312526917997,0.686799168586731,6303,1,"meta_highrescanopyheight_orthophoto",0.5,"orthophoto_50cm_2025","Nord-Norge"
"NINFP1810036378",0.729626077985951,0.0195355778560042,69240,6,"meta_highrescanopyheight_orthophoto",0.5,"orthophoto_50cm_2025","Nord-Norge"
"NINFP2510204260",4.07299650850805,3.73366141319275,6040,3,"meta_highrescanopyheight_orthophoto",0.5,"orthophoto_50cm_2025","Nord-Norge"
"NINFP2410156275",0.204220285891971,0.0104728350415826,35263,3,"meta_highrescanopyheight_orthophoto",0.5,"orthophoto_50cm_2025","Nord-Norge"
"NINFP2210099784",0.199685940401276,0.0101334983482957,74807,6,"meta_highrescanopyheight_orthophoto",0.5,"orthophoto_50cm_2025","Nord-Norge"
"NINFP2110036448",0.0101660314282632,0.010061957873404,69007,4,"meta_highrescanopyheight_orthophoto",0.5,"orthophoto_50cm_2025","Nord-Norge"
"NINFP1810018365",1.67690672901775,0.241570234298706,16847,3,"meta_highrescanopyheight_orthophoto",0.5,"orthophoto_50cm_2025","Nord-Norge"
"NINFP2410175236",0.0305466671053993,0.0101121459156275,34717,4,"meta_highrescanopyheight_orthophoto",0.5,"orthophoto_50cm_2025","Nord-Norge"
"NINFP2410149582",0.0105317822716161,0.0101606175303459,38374,4,"meta_highrescanopyheight_orthophoto",0.5,"orthophoto_50cm_2025","Nord-Norge"
"NINFP1810035095",0.388405162004726,0.0146707054227591,190115,16,"meta_highrescanopyheight_orthophoto",0.5,"orthophoto_50cm_2025","Nord-Norge"
"NINFP2410157443",0.0248211312011936,0.0102572371251881,9546,2,"meta_highrescanopyheight_orthophoto",0.5,"orthophoto_50cm_2025","Nord-Norge"
"NINFP1810023685",0.879067212220021,0.0920874327421188,46916,4,"meta_highrescanopyheight_orthophoto",0.5,"orthophoto_50cm_2025","Nord-Norge"
"NINFP2510214736",0.0624576566429153,0.0108073763549328,23101,3,"meta_highrescanopyheight_orthophoto",0.5,"orthophoto_50cm_2025","Nord-Norge"
"NINFP1810022686",0.791682354794924,0.0364351347088814,49667,5,"meta_highrescanopyheight_orthophoto",0.5,"orthophoto_50cm_2025","Nord-Norge"
"NINFP2610220019",5.22780246142863,4.64860367774963,137320,11,"meta_highrescanopyheight_orthophoto",0.5,"orthophoto_50cm_2025","Nord-Norge"
"NINFP1810011759",3.24844232525294,1.85962188243866,1431,1,"meta_highrescanopyheight_orthophoto",0.5,"orthophoto_50cm_2025","Nord-Norge"
"NINFP2410156325",2.26519838008627,0.880445122718811,5325,2,"meta_highrescanopyheight_orthophoto",0.5,"orthophoto_50cm_2025","Nord-Norge"
"NINFP2410147457",4.14805220476661,3.88381063938141,9046,3,"meta_highrescanopyheight_orthophoto",0.5,"orthophoto_50cm_2025","Nord-Norge"
"NINFP2410154054",6.32231199884003,6.53947353363037,4133,2,"meta_highrescanopyheight_orthophoto",0.5,"orthophoto_50cm_2025","Nord-Norge"
"NINFP2410172041",0.0451760805517872,0.0108998864889145,7264,2,"meta_highrescanopyheight_orthophoto",0.5,"orthophoto_50cm_2025","Nord-Norge"
"NINFP2010034457",0.0445029559193792,0.0101293921470642,36023,4,"meta_highrescanopyheight_orthophoto",0.5,"orthophoto_50cm_2025","Nord-Norge"
"NINFP1810035539",0.961897309944271,0.14827237278223,61130,4,"meta_highrescanopyheight_orthophoto",0.5,"orthophoto_50cm_2025","Nord-Norge"
"NINFP2410156334",0.042268113052672,0.0102102123200893,42547,5,"meta_highrescanopyheight_orthophoto",0.5,"orthophoto_50cm_2025","Nord-Norge"
"NINFP2110020500",1.84670940260278,0.110128726810217,3720,2,"meta_highrescanopyheight_orthophoto",0.5,"orthophoto_50cm_2025","Nord-Norge"
"NINFP2310139227",4.23546454344357,3.02095317840576,5971,4,"meta_highrescanopyheight_orthophoto",0.5,"orthophoto_50cm_2025","Nord-Norge"
"NINFP1910024645",0.0678076964028047,0.0106155294924974,4337,2,"meta_highrescanopyheight_orthophoto",0.5,"orthophoto_50cm_2025","Nord-Norge"
"NINFP2310142299",1.52850847743298,0.47963485121727,4096,1,"meta_highrescanopyheight_orthophoto",0.5,"orthophoto_50cm_2025","Nord-Norge"
"NINFP2010019283",0.128276339526045,0.0103801572695374,37693,4,"meta_highrescanopyheight_orthophoto",0.5,"orthophoto_50cm_2025","Nord-Norge"
"NINFP2310136755",1.19642953433383,0.159260280430317,24222,1,"meta_highrescanopyheight_orthophoto",0.5,"orthophoto_50cm_2025","Nord-Norge"
"NINFP2510203101",0.0176423172330782,0.0102215819060802,4757,1,"meta_highrescanopyheight_orthophoto",0.5,"orthophoto_50cm_2025","Nord-Norge"
"NINFP1810022680",1.26111039658518,0.123887460678816,13876,4,"meta_highrescanopyheight_orthophoto",0.5,"orthophoto_50cm_2025","Nord-Norge"
"NINFP1810027309",0.854433091059572,0.0474197287112474,66442,8,"meta_highrescanopyheight_orthophoto",0.5,"orthophoto_50cm_2025","Nord-Norge"
"NINFP2010025781",0.0905825493428939,0.0101890536025167,50014,4,"meta_highrescanopyheight_orthophoto",0.5,"orthophoto_50cm_2025","Nord-Norge"
"NINFP2310132031",0.115358254980963,0.0108561567030847,12072,2,"meta_highrescanopyheight_orthophoto",0.5,"orthophoto_50cm_2025","Nord-Norge"
"NINFP2510203563",0.0103960247920682,0.0102346064522862,6624,1,"meta_highrescanopyheight_orthophoto",0.5,"orthophoto_50cm_2025","Nord-Norge"
"NINFP2510202780",0.0111054315442462,0.0100695472210646,108649,8,"meta_highrescanopyheight_orthophoto",0.5,"orthophoto_50cm_2025","Nord-Norge"
"NINFP2010008961",0.246877127341238,0.0101670017465949,1048599,29,"meta_highrescanopyheight_orthophoto",0.5,"orthophoto_50cm_2025","Nord-Norge"
"NINFP2110019544",0.0476473959449481,0.0103954132646322,8025,3,"meta_highrescanopyheight_orthophoto",0.5,"orthophoto_50cm_2025","Nord-Norge"
"NINFP2410156385",1.17837952842092,0.0866576582193375,10510,2,"meta_highrescanopyheight_orthophoto",0.5,"orthophoto_50cm_2025","Nord-Norge"
"NINFP2410174794",0.0619580351994679,0.0105972248129547,34772,5,"meta_highrescanopyheight_orthophoto",0.5,"orthophoto_50cm_2025","Nord-Norge"
"NINFP1810033201",0.321659808190556,0.010923033580184,11200,2,"meta_highrescanopyheight_orthophoto",0.5,"orthophoto_50cm_2025","Nord-Norge"
"NINFP2010022173",0.631869358223238,0.0110851065255702,35186,4,"meta_highrescanopyheight_orthophoto",0.5,"orthophoto_50cm_2025","Nord-Norge"
"NINFP2210091972",0.256253739031678,0.0151474215090275,4900,2,"meta_highrescanopyheight_orthophoto",0.5,"orthophoto_50cm_2025","Nord-Norge"
"NINFP1810034276",1.15140919935812,0.0184384789317846,5495,2,"meta_highrescanopyheight_orthophoto",0.5,"orthophoto_50cm_2025","Nord-Norge"
"NINFP2210100640",0.012030043584539,0.0103065744042397,110253,12,"meta_highrescanopyheight_orthophoto",0.5,"orthophoto_50cm_2025","Nord-Norge"
"NINFP2210099121",0.267445413603707,0.0122315720655024,5258,1,"meta_highrescanopyheight_orthophoto",0.5,"orthophoto_50cm_2025","Nord-Norge"
"NINFP2410173239",4.54661432902553,4.73698806762695,5861,2,"meta_highrescanopyheight_orthophoto",0.5,"orthophoto_50cm_2025","Nord-Norge"
"NINFP2210089627",0.016516609489438,0.0102490456774831,7765,2,"meta_highrescanopyheight_orthophoto",0.5,"orthophoto_50cm_2025","Nord-Norge"
"NINFP2510205592",0.0797770732413195,0.010320732370019,7025,2,"meta_highrescanopyheight_orthophoto",0.5,"orthophoto_50cm_2025","Nord-Norge"
"NINFP2310131640",0.015198345887377,0.0103234313428402,280166,14,"meta_highrescanopyheight_orthophoto",0.5,"orthophoto_50cm_2025","Nord-Norge"
"NINFP2110032585",0.011112565363025,0.0102168596349657,4698,2,"meta_highrescanopyheight_orthophoto",0.5,"orthophoto_50cm_2025","Nord-Norge"
"NINFP2410156093",1.71721194808221,0.532526671886444,9705,3,"meta_highrescanopyheight_orthophoto",0.5,"orthophoto_50cm_2025","Nord-Norge"
"NINFP2310136753",0.0650516805057782,0.0102959237992764,23355,4,"meta_highrescanopyheight_orthophoto",0.5,"orthophoto_50cm_2025","Nord-Norge"
"NINFP2110033630",0.0100839435948461,0.0100722899660468,45259,4,"meta_highrescanopyheight_orthophoto",0.5,"orthophoto_50cm_2025","Nord-Norge"
"NINFP2010024608",0.0246219722959183,0.0107083357870579,4221,2,"meta_highrescanopyheight_orthophoto",0.5,"orthophoto_50cm_2025","Nord-Norge"
"NINFP2110068611",0.0429210027588313,0.0102310953661799,103630,6,"meta_highrescanopyheight_orthophoto",0.5,"orthophoto_50cm_2025","Nord-Norge"
"NINFP1810037939",0.730007961423154,0.296409115195274,212,1,"meta_highrescanopyheight_orthophoto",0.5,"orthophoto_50cm_2025","Nord-Norge"
"NINFP1910012953",2.01298930408681,0.860550493001938,1532,2,"meta_highrescanopyheight_orthophoto",0.5,"orthophoto_50cm_2025","Nord-Norge"
"NINFP1810035434",0.0101419662550828,0.0101427072659135,81,1,"meta_highrescanopyheight_orthophoto",0.5,"orthophoto_50cm_2025","Nord-Norge"
"NINFP2010021259",0.290102225363099,0.0102867316454649,306665,12,"meta_highrescanopyheight_orthophoto",0.5,"orthophoto_50cm_2025","Nord-Norge"
"NINFP2210084707",0.125385184326116,0.0111501798965037,5646,1,"meta_highrescanopyheight_orthophoto",0.5,"orthophoto_50cm_2025","Nord-Norge"
"NINFP2410163931",0.0463330139474357,0.0106695210561156,32915,5,"meta_highrescanopyheight_orthophoto",0.5,"orthophoto_50cm_2025","Nord-Norge"
"NINFP2110031854",0.0100527626742472,0.010044302791357,17939,3,"meta_highrescanopyheight_orthophoto",0.5,"orthophoto_50cm_2025","Nord-Norge"
"NINFP2310130708",0.0166847584025666,0.0101646124385297,58638,7,"meta_highrescanopyheight_orthophoto",0.5,"orthophoto_50cm_2025","Nord-Norge"
"NINFP2410174273",0.0664313363583615,0.0102136735804379,41042,4,"meta_highrescanopyheight_orthophoto",0.5,"orthophoto_50cm_2025","Nord-Norge"
"NINFP1810037974",1.10519792744864,0.0817120373249054,8871,4,"meta_highrescanopyheight_orthophoto",0.5,"orthophoto_50cm_2025","Nord-Norge"
"NINFP2510204005",0.959777950626588,0.13564645498991,42330,4,"meta_highrescanopyheight_orthophoto",0.5,"orthophoto_50cm_2025","Nord-Norge"
"NINFP2210104406",0.0232322678894339,0.0101923365145922,96009,7,"meta_highrescanopyheight_orthophoto",0.5,"orthophoto_50cm_2025","Nord-Norge"
"NINFP1810025417",5.02804891862602,5.44819164276123,214,1,"meta_highrescanopyheight_orthophoto",0.5,"orthophoto_50cm_2025","Nord-Norge"
"NINFP2510206647",0.0325178208891296,0.010359225794673,11172,2,"meta_highrescanopyheight_orthophoto",0.5,"orthophoto_50cm_2025","Nord-Norge"
"NINFP2110019571",0.743392705423881,0.0166980512440205,4905,4,"meta_highrescanopyheight_orthophoto",0.5,"orthophoto_50cm_2025","Nord-Norge"
"NINFP2110019322",0.523716361546621,0.0138732227496803,61476,5,"meta_highrescanopyheight_orthophoto",0.5,"orthophoto_50cm_2025","Nord-Norge"
"NINFP2210098928",0.0261973355097632,0.0108597809448838,2621,1,"meta_highrescanopyheight_orthophoto",0.5,"orthophoto_50cm_2025","Nord-Norge"
"NINFP2210111511",0.0165280272353822,0.0103137320838869,29204,4,"meta_highrescanopyheight_orthophoto",0.5,"orthophoto_50cm_2025","Nord-Norge"
"NINFP1910029306",0.0333964292470929,0.0101087894290686,31859,4,"meta_highrescanopyheight_orthophoto",0.5,"orthophoto_50cm_2025","Nord-Norge"
"NINFP2310133171",0.225899563306439,0.0109168281778693,7961,2,"meta_highrescanopyheight_orthophoto",0.5,"orthophoto_50cm_2025","Nord-Norge"
"NINFP2310138784",2.32505816665379,1.90112268924713,4622,2,"meta_highrescanopyheight_orthophoto",0.5,"orthophoto_50cm_2025","Nord-Norge"
"NINFP2210087187",0.269795397003361,0.0115086566656828,262316,17,"meta_highrescanopyheight_orthophoto",0.5,"orthophoto_50cm_2025","Nord-Norge"
"NINFP2010024741",2.76163932708975,2.50815153121948,4007,2,"meta_highrescanopyheight_orthophoto",0.5,"orthophoto_50cm_2025","Nord-Norge"
"NINFP1810034604",0.0100358097896546,0.0100353313609958,79,1,"meta_highrescanopyheight_orthophoto",0.5,"orthophoto_50cm_2025","Nord-Norge"
"NINFP2010035416",0.861505948617594,0.0222485046833754,4868,2,"meta_highrescanopyheight_orthophoto",0.5,"orthophoto_50cm_2025","Nord-Norge"
"NINFP2510205458",0.0145818990485914,0.0100812269374728,38407,4,"meta_highrescanopyheight_orthophoto",0.5,"orthophoto_50cm_2025","Nord-Norge"
"NINFP2110032779",0.0100678469325654,0.010052964091301,48720,6,"meta_highrescanopyheight_orthophoto",0.5,"orthophoto_50cm_2025","Nord-Norge"
"NINFP2410172634",0.899125242348716,0.0667043477296829,4079,2,"meta_highrescanopyheight_orthophoto",0.5,"orthophoto_50cm_2025","Nord-Norge"
"NINFP1810020892",0.090778848003913,0.0138514349237084,10919,3,"meta_highrescanopyheight_orthophoto",0.5,"orthophoto_50cm_2025","Nord-Norge"
"NINFP2210099848",0.0116699562865845,0.0104223061352968,10861,2,"meta_highrescanopyheight_orthophoto",0.5,"orthophoto_50cm_2025","Nord-Norge"
"NINFP1910024696",1.3825734181906,0.0323226191103458,15032,2,"meta_highrescanopyheight_orthophoto",0.5,"orthophoto_50cm_2025","Nord-Norge"
"NINFP2010031101",0.159942330296046,0.0118567179888487,14541,3,"meta_highrescanopyheight_orthophoto",0.5,"orthophoto_50cm_2025","Nord-Norge"
"NINFP2110036470",0.0100549369986585,0.010046998038888,4347,2,"meta_highrescanopyheight_orthophoto",0.5,"orthophoto_50cm_2025","Nord-Norge"
"NINFP2410157023",0.660848907632793,0.0258619217202067,4640,2,"meta_highrescanopyheight_orthophoto",0.5,"orthophoto_50cm_2025","Nord-Norge"
"NINFP2010032247",0.0880360701100681,0.0103333732113242,20013,3,"meta_highrescanopyheight_orthophoto",0.5,"orthophoto_50cm_2025","Nord-Norge"
"NINFP2210103318",0.0245412831684602,0.0103270290419459,39416,5,"meta_highrescanopyheight_orthophoto",0.5,"orthophoto_50cm_2025","Nord-Norge"
"NINFP2410167850",0.0753632656766981,0.0102772768586874,32270,4,"meta_highrescanopyheight_orthophoto",0.5,"orthophoto_50cm_2025","Nord-Norge"
"NINFP2010040355",0.071441598886835,0.010071711614728,377127,14,"meta_highrescanopyheight_orthophoto",0.5,"orthophoto_50cm_2025","Nord-Norge"
"NINFP2110020581",0.0896578673135948,0.0105797476135194,5898,1,"meta_highrescanopyheight_orthophoto",0.5,"orthophoto_50cm_2025","Nord-Norge"
"NINFP2110030670",0.0100472777937171,0.0100440694950521,7452,1,"meta_highrescanopyheight_orthophoto",0.5,"orthophoto_50cm_2025","Nord-Norge"
"NINFP2010021256",0.283126287709088,0.0100893024355173,210913,14,"meta_highrescanopyheight_orthophoto",0.5,"orthophoto_50cm_2025","Nord-Norge"
"NINFP2210112151",0.047942019623083,0.0101471394300461,10199,2,"meta_highrescanopyheight_orthophoto",0.5,"orthophoto_50cm_2025","Nord-Norge"
"NINFP2010025243",2.92898955635308,2.66121971607208,5828,4,"meta_highrescanopyheight_orthophoto",0.5,"orthophoto_50cm_2025","Nord-Norge"
"NINFP2010013468",0.731374767512954,0.0406375098973513,55722,5,"meta_highrescanopyheight_orthophoto",0.5,"orthophoto_50cm_2025","Nord-Norge"
"NINFP1910025831",0.587617308321806,0.0163327483460307,22996,5,"meta_highrescanopyheight_orthophoto",0.5,"orthophoto_50cm_2025","Nord-Norge"
"NINFP1910024701",0.296593844882705,0.010826644487679,175528,9,"meta_highrescanopyheight_orthophoto",0.5,"orthophoto_50cm_2025","Nord-Norge"
"NINFP2010017643",1.5612418259929,0.301026970148087,8688,2,"meta_highrescanopyheight_orthophoto",0.5,"orthophoto_50cm_2025","Nord-Norge"
"NINFP2210077209",0.0102400918398055,0.010110161267221,88382,9,"meta_highrescanopyheight_orthophoto",0.5,"orthophoto_50cm_2025","Nord-Norge"
"NINFP2210084309",0.0508156542458712,0.0107777435332537,94759,8,"meta_highrescanopyheight_orthophoto",0.5,"orthophoto_50cm_2025","Nord-Norge"
"NINFP2310131974",0.0546467606614648,0.0101987076923251,5242,1,"meta_highrescanopyheight_orthophoto",0.5,"orthophoto_50cm_2025","Nord-Norge"
"NINFP2510198374",0.14924834338304,0.0111505296081305,13684,2,"meta_highrescanopyheight_orthophoto",0.5,"orthophoto_50cm_2025","Nord-Norge"
"NINFP1910014482",0.587131704936398,0.0151566984131932,24203,4,"meta_highrescanopyheight_orthophoto",0.5,"orthophoto_50cm_2025","Nord-Norge"
"NINFP2410174763",0.0714651780308619,0.0104970592074096,61010,6,"meta_highrescanopyheight_orthophoto",0.5,"orthophoto_50cm_2025","Nord-Norge"
"NINFP2410174105",0.0101345253027695,0.0100558497942984,113486,8,"meta_highrescanopyheight_orthophoto",0.5,"orthophoto_50cm_2025","Nord-Norge"
"NINFP2510203020",0.963143401371049,0.0938332825899124,2147,4,"meta_highrescanopyheight_orthophoto",0.5,"orthophoto_50cm_2025","Nord-Norge"
"NINFP2310133591",3.27751087983301,3.03674483299255,73449,8,"meta_highrescanopyheight_orthophoto",0.5,"orthophoto_50cm_2025","Nord-Norge"
"NINFP2510193925",0.010229194034303,0.0100895119830966,45971,3,"meta_highrescanopyheight_orthophoto",0.5,"orthophoto_50cm_2025","Nord-Norge"
"NINFP1810016190",0.87681516831241,0.0438426397740841,31775,4,"meta_highrescanopyheight_orthophoto",0.5,"orthophoto_50cm_2025","Nord-Norge"
"NINFP1910017527",0.295728042515988,0.010905341245234,11551,2,"meta_highrescanopyheight_orthophoto",0.5,"orthophoto_50cm_2025","Nord-Norge"
"NINFP2510193172",0.0102295801020577,0.0101589765399694,15432,2,"meta_highrescanopyheight_orthophoto",0.5,"orthophoto_50cm_2025","Nord-Norge"
"NINFP2010025511",0.236122891054905,0.0126723083667457,21992,2,"meta_highrescanopyheight_orthophoto",0.5,"orthophoto_50cm_2025","Nord-Norge"
"NINFP2310141771",0.450701475362173,0.0166566930711269,6527,1,"meta_highrescanopyheight_orthophoto",0.5,"orthophoto_50cm_2025","Nord-Norge"
"NINFP1810018378",1.38742084245907,0.246677339076996,10100,1,"meta_highrescanopyheight_orthophoto",0.5,"orthophoto_50cm_2025","Nord-Norge"
"NINFP1810035791",0.058309078732185,0.0102977915666997,75276,5,"meta_highrescanopyheight_orthophoto",0.5,"orthophoto_50cm_2025","Nord-Norge"
"NINFP2010023669",4.7921780705999,4.69642210006714,29721,6,"meta_highrescanopyheight_orthophoto",0.5,"orthophoto_50cm_2025","Nord-Norge"
"NINFP2410174812",0.0991920355928995,0.0146926855668426,10541,4,"meta_highrescanopyheight_orthophoto",0.5,"orthophoto_50cm_2025","Nord-Norge"
"NINFP2410156083",0.0698693078652134,0.0102225774899125,6278,1,"meta_highrescanopyheight_orthophoto",0.5,"orthophoto_50cm_2025","Nord-Norge"
"NINFP2010015226",0.758910292901416,0.0116232549771667,10831,3,"meta_highrescanopyheight_orthophoto",0.5,"orthophoto_50cm_2025","Nord-Norge"
"NINFP2010007260",3.08168919781036,2.32522916793823,47843,5,"meta_highrescanopyheight_orthophoto",0.5,"orthophoto_50cm_2025","Nord-Norge"
"NINFP2410156320",3.08700028307702,2.61703205108643,5611,2,"meta_highrescanopyheight_orthophoto",0.5,"orthophoto_50cm_2025","Nord-Norge"
"NINFP2110018939",1.30160384021822,0.19036278128624,7836,2,"meta_highrescanopyheight_orthophoto",0.5,"orthophoto_50cm_2025","Nord-Norge"
"NINFP2110043541",0.065629013629999,0.0124991117045283,8097,2,"meta_highrescanopyheight_orthophoto",0.5,"orthophoto_50cm_2025","Nord-Norge"
"NINFP1910019652",0.0928624468612884,0.0102225854061544,9318,3,"meta_highrescanopyheight_orthophoto",0.5,"orthophoto_50cm_2025","Nord-Norge"
"NINFP1810025859",1.58377180426306,0.267046421766281,19371,6,"meta_highrescanopyheight_orthophoto",0.5,"orthophoto_50cm_2025","Nord-Norge"
"NINFP2310141615",2.42117735667324,1.38172608613968,4708,1,"meta_highrescanopyheight_orthophoto",0.5,"orthophoto_50cm_2025","Nord-Norge"
"NINFP2210089655",0.446975776789666,0.0125707313418388,27272,4,"meta_highrescanopyheight_orthophoto",0.5,"orthophoto_50cm_2025","Nord-Norge"
"NINFP1810013518",0.110626290776402,0.0143112801015377,11367,2,"meta_highrescanopyheight_orthophoto",0.5,"orthophoto_50cm_2025","Nord-Norge"
"NINFP2210086468",0.159164198693242,0.0102923824451864,20510,2,"meta_highrescanopyheight_orthophoto",0.5,"orthophoto_50cm_2025","Nord-Norge"
"NINFP1910026918",0.0572237169536879,0.0101109268143773,59969,4,"meta_highrescanopyheight_orthophoto",0.5,"orthophoto_50cm_2025","Nord-Norge"
"NINFP1910019646",0.0275809852828277,0.0100983884185553,91363,7,"meta_highrescanopyheight_orthophoto",0.5,"orthophoto_50cm_2025","Nord-Norge"
"NINFP2010039558",0.947244829523532,0.0601285919547081,21865,5,"meta_highrescanopyheight_orthophoto",0.5,"orthophoto_50cm_2025","Nord-Norge"
"NINFP2310128533",0.274847955499629,0.014402961358428,10519,3,"meta_highrescanopyheight_orthophoto",0.5,"orthophoto_50cm_2025","Nord-Norge"
"NINFP2010025513",3.72105878540112,3.61675477027893,10120,4,"meta_highrescanopyheight_orthophoto",0.5,"orthophoto_50cm_2025","Nord-Norge"
"NINFP2310142133",2.89978797359145,1.27183997631073,4856,1,"meta_highrescanopyheight_orthophoto",0.5,"orthophoto_50cm_2025","Nord-Norge"
"NINFP2310134607",0.0737358646098417,0.0101883453316987,85576,6,"meta_highrescanopyheight_orthophoto",0.5,"orthophoto_50cm_2025","Nord-Norge"
"NINFP2010016551",0.186365181060477,0.0128090926446021,7220,3,"meta_highrescanopyheight_orthophoto",0.5,"orthophoto_50cm_2025","Nord-Norge"
"NINFP1910026795",0.515143251640935,0.0218597035855055,1219,1,"meta_highrescanopyheight_orthophoto",0.5,"orthophoto_50cm_2025","Nord-Norge"
"NINFP1810012110",0.0346494295780825,0.0101163694635034,732532,33,"meta_highrescanopyheight_orthophoto",0.5,"orthophoto_50cm_2025","Nord-Norge"
"NINFP2410150139",1.61779635333415,0.392737835645676,4279,1,"meta_highrescanopyheight_orthophoto",0.5,"orthophoto_50cm_2025","Nord-Norge"
"NINFP2210105777",0.249821306271157,0.0130131687037647,4350,1,"meta_highrescanopyheight_orthophoto",0.5,"orthophoto_50cm_2025","Nord-Norge"
"NINFP2210111323",0.23841428874182,0.0150618529878557,23972,3,"meta_highrescanopyheight_orthophoto",0.5,"orthophoto_50cm_2025","Nord-Norge"
"NINFP2410151932",0.0156828903518448,0.0101873641833663,5949,1,"meta_highrescanopyheight_orthophoto",0.5,"orthophoto_50cm_2025","Nord-Norge"
"NINFP2010025341",0.41024020561256,0.0607401952147484,4113,1,"meta_highrescanopyheight_orthophoto",0.5,"orthophoto_50cm_2025","Nord-Norge"
"NINFP2510202466",0.125290547365654,0.0110001135617495,7300,2,"meta_highrescanopyheight_orthophoto",0.5,"orthophoto_50cm_2025","Nord-Norge"
"NINFP2110032992",0.0101050232697526,0.0100931962952018,16370,2,"meta_highrescanopyheight_orthophoto",0.5,"orthophoto_50cm_2025","Nord-Norge"
"NINFP2310135417",0.0977404030387899,0.0105082672089338,7895,2,"meta_highrescanopyheight_orthophoto",0.5,"orthophoto_50cm_2025","Nord-Norge"
"NINFP2110027462",4.09074643767104,4.01678371429443,8351,1,"meta_highrescanopyheight_orthophoto",0.5,"orthophoto_50cm_2025","Nord-Norge"
"NINFP2510207322",0.236787996520005,0.011231335811317,10239,3,"meta_highrescanopyheight_orthophoto",0.5,"orthophoto_50cm_2025","Nord-Norge"
"NINFP1810028495",2.84938925478664,2.57069253921509,8175,2,"meta_highrescanopyheight_orthophoto",0.5,"orthophoto_50cm_2025","Nord-Norge"
"NINFP1910025969",0.160715002489737,0.0103949401527643,28362,2,"meta_highrescanopyheight_orthophoto",0.5,"orthophoto_50cm_2025","Nord-Norge"
"NINFP2510185750",0.0140072957106971,0.0101640280336142,801172,24,"meta_highrescanopyheight_orthophoto",0.5,"orthophoto_50cm_2025","Nord-Norge"
"NINFP2210091811",3.33411822027296,0.770813196897507,4310,1,"meta_highrescanopyheight_orthophoto",0.5,"orthophoto_50cm_2025","Nord-Norge"
"NINFP2210088661",0.248254107111978,0.0114073269069195,50945,7,"meta_highrescanopyheight_orthophoto",0.5,"orthophoto_50cm_2025","Nord-Norge"
"NINFP2310132669",2.36393294073658,2.07384610176086,2251,1,"meta_highrescanopyheight_orthophoto",0.5,"orthophoto_50cm_2025","Nord-Norge"
"NINFP1810031174",1.26466307326339,0.233422070741653,14610,4,"meta_highrescanopyheight_orthophoto",0.5,"orthophoto_50cm_2025","Nord-Norge"
"NINFP2410175004",0.017983007881437,0.0100990999490023,45496,5,"meta_highrescanopyheight_orthophoto",0.5,"orthophoto_50cm_2025","Nord-Norge"
"NINFP1810035522",0.146171366887953,0.010335510596633,388925,16,"meta_highrescanopyheight_orthophoto",0.5,"orthophoto_50cm_2025","Nord-Norge"
"NINFP1810023806",0.319945161630866,0.0144919282756746,48242,4,"meta_highrescanopyheight_orthophoto",0.5,"orthophoto_50cm_2025","Nord-Norge"
"NINFP2210082745",0.284432168363151,0.0106535479426384,16627,2,"meta_highrescanopyheight_orthophoto",0.5,"orthophoto_50cm_2025","Nord-Norge"
"NINFP2110044519",0.627481660228368,0.0259632952511311,2691,2,"meta_highrescanopyheight_orthophoto",0.5,"orthophoto_50cm_2025","Nord-Norge"
"NINFP2010055743",0.0160069409400408,0.010102316737175,139264,8,"meta_highrescanopyheight_orthophoto",0.5,"orthophoto_50cm_2025","Nord-Norge"
"NINFP2210090186",0.612008291045701,0.0108339190483093,36795,4,"meta_highrescanopyheight_orthophoto",0.5,"orthophoto_50cm_2025","Nord-Norge"
"NINFP2310136726",0.408796130568889,0.0132351657375693,16866,4,"meta_highrescanopyheight_orthophoto",0.5,"orthophoto_50cm_2025","Nord-Norge"
"NINFP1810034897",0.0603084527747736,0.0118189509958029,36328,4,"meta_highrescanopyheight_orthophoto",0.5,"orthophoto_50cm_2025","Nord-Norge"
"NINFP2510203927",0.30667174437187,0.019060380756855,86177,6,"meta_highrescanopyheight_orthophoto",0.5,"orthophoto_50cm_2025","Nord-Norge"
"NINFP2010008970",0.51332386507416,0.0101042296737432,53996,3,"meta_highrescanopyheight_orthophoto",0.5,"orthophoto_50cm_2025","Nord-Norge"
"NINFP2410154559",4.34188927792675,3.8116888999939,2569,2,"meta_highrescanopyheight_orthophoto",0.5,"orthophoto_50cm_2025","Nord-Norge"
"NINFP2510193192",0.565225076160858,0.0507846139371395,4897,4,"meta_highrescanopyheight_orthophoto",0.5,"orthophoto_50cm_2025","Nord-Norge"
"NINFP2210103650",0.118997768288359,0.010743847116828,7111,2,"meta_highrescanopyheight_orthophoto",0.5,"orthophoto_50cm_2025","Nord-Norge"
"NINFP2010039005",0.904686328306107,0.1779600456357,7050,1,"meta_highrescanopyheight_orthophoto",0.5,"orthophoto_50cm_2025","Nord-Norge"
"NINFP2210077672",0.0188390869711745,0.0100632244721055,101133,6,"meta_highrescanopyheight_orthophoto",0.5,"orthophoto_50cm_2025","Nord-Norge"
"NINFP2310124007",2.09473364226098,1.64296889305115,20683,4,"meta_highrescanopyheight_orthophoto",0.5,"orthophoto_50cm_2025","Nord-Norge"
"NINFP2210102780",0.567471922961655,0.0105547914281487,42639,4,"meta_highrescanopyheight_orthophoto",0.5,"orthophoto_50cm_2025","Nord-Norge"
"NINFP2310133613",3.08188100160376,2.78947126865387,100976,10,"meta_highrescanopyheight_orthophoto",0.5,"orthophoto_50cm_2025","Nord-Norge"
"NINFP1810029082",0.0974278828452066,0.0107595836743712,20617,3,"meta_highrescanopyheight_orthophoto",0.5,"orthophoto_50cm_2025","Nord-Norge"
"NINFP2210083404",0.232986667887974,0.0113347792066634,8168,2,"meta_highrescanopyheight_orthophoto",0.5,"orthophoto_50cm_2025","Nord-Norge"
"NINFP2410174181",0.293284127414571,0.0160879855975509,5086,2,"meta_highrescanopyheight_orthophoto",0.5,"orthophoto_50cm_2025","Nord-Norge"
"NINFP2210113583",0.0131018522704472,0.0100695509463549,418037,15,"meta_highrescanopyheight_orthophoto",0.5,"orthophoto_50cm_2025","Nord-Norge"
"NINFP2210086264",0.455185629926622,0.0249660778790712,18347,2,"meta_highrescanopyheight_orthophoto",0.5,"orthophoto_50cm_2025","Nord-Norge"
"NINFP2310132662",1.75255672394229,1.64984238147736,2891,1,"meta_highrescanopyheight_orthophoto",0.5,"orthophoto_50cm_2025","Nord-Norge"
"NINFP2510188832",0.116375981466043,0.010175796225667,162503,8,"meta_highrescanopyheight_orthophoto",0.5,"orthophoto_50cm_2025","Nord-Norge"
"NINFP2410154275",0.0649257562015385,0.0104202143847942,10647,1,"meta_highrescanopyheight_orthophoto",0.5,"orthophoto_50cm_2025","Nord-Norge"
"NINFP2010026124",0.0168327648461412,0.0103955171070993,8552,2,"meta_highrescanopyheight_orthophoto",0.5,"orthophoto_50cm_2025","Nord-Norge"
"NINFP2210089509",0.109246648836607,0.0152533780783415,4311,1,"meta_highrescanopyheight_orthophoto",0.5,"orthophoto_50cm_2025","Nord-Norge"
"NINFP2410177602",0.0159817499846709,0.0103077436797321,13110,4,"meta_highrescanopyheight_orthophoto",0.5,"orthophoto_50cm_2025","Nord-Norge"
"NINFP1910026021",0.0102452479288989,0.0101372222416103,16624,2,"meta_highrescanopyheight_orthophoto",0.5,"orthophoto_50cm_2025","Nord-Norge"
"NINFP2010013787",0.0597971260407905,0.0100384186953306,642310,19,"meta_highrescanopyheight_orthophoto",0.5,"orthophoto_50cm_2025","Nord-Norge"
"NINFP2210106546",5.9199850872402,6.73820400238037,12313,2,"meta_highrescanopyheight_orthophoto",0.5,"orthophoto_50cm_2025","Nord-Norge"
"NINFP2510186009",0.0258673493261002,0.0101196467876434,144171,7,"meta_highrescanopyheight_orthophoto",0.5,"orthophoto_50cm_2025","Nord-Norge"
"NINFP1810030376",0.67266784283581,0.123252123594284,61533,5,"meta_highrescanopyheight_orthophoto",0.5,"orthophoto_50cm_2025","Nord-Norge"
"NINFP2410155543",0.0211577822224379,0.0101529257372022,114431,4,"meta_highrescanopyheight_orthophoto",0.5,"orthophoto_50cm_2025","Nord-Norge"
"NINFP2010032000",0.0145639779246148,0.0100941760465503,5477,2,"meta_highrescanopyheight_orthophoto",0.5,"orthophoto_50cm_2025","Nord-Norge"
"NINFP2210095968",0.161816550189296,0.010292730294168,320027,17,"meta_highrescanopyheight_orthophoto",0.5,"orthophoto_50cm_2025","Nord-Norge"
"NINFP2410155534",4.20038221208857,4.10993075370789,19838,5,"meta_highrescanopyheight_orthophoto",0.5,"orthophoto_50cm_2025","Nord-Norge"
"NINFP2210107249",0.0261442400019791,0.0102486871182919,13501,2,"meta_highrescanopyheight_orthophoto",0.5,"orthophoto_50cm_2025","Nord-Norge"
"NINFP2110041324",0.109953630654417,0.0102979857474566,61868,5,"meta_highrescanopyheight_orthophoto",0.5,"orthophoto_50cm_2025","Nord-Norge"
"NINFP2110036366",0.010259957529523,0.0100865168496966,171248,10,"meta_highrescanopyheight_orthophoto",0.5,"orthophoto_50cm_2025","Nord-Norge"
"NINFP2410171814",0.294374385404646,0.0133191151544452,6362,2,"meta_highrescanopyheight_orthophoto",0.5,"orthophoto_50cm_2025","Nord-Norge"
"NINFP2510208261",2.49113824637935,1.5606644153595,8506,2,"meta_highrescanopyheight_orthophoto",0.5,"orthophoto_50cm_2025","Nord-Norge"
"NINFP2210113802",0.0147890967624692,0.0100839920341969,141635,8,"meta_highrescanopyheight_orthophoto",0.5,"orthophoto_50cm_2025","Nord-Norge"
"NINFP1910013339",0.209765508603844,0.0120378406718373,44142,4,"meta_highrescanopyheight_orthophoto",0.5,"orthophoto_50cm_2025","Nord-Norge"
"NINFP1810031169",0.248768455815041,0.0191834084689617,36631,6,"meta_highrescanopyheight_orthophoto",0.5,"orthophoto_50cm_2025","Nord-Norge"
"NINFP2410155461",0.0407756822687491,0.010425818618387,14006,4,"meta_highrescanopyheight_orthophoto",0.5,"orthophoto_50cm_2025","Nord-Norge"
"NINFP2010031962",0.331423080959453,0.0150896268896759,5158,1,"meta_highrescanopyheight_orthophoto",0.5,"orthophoto_50cm_2025","Nord-Norge"
"NINFP2310134301",0.0671241668376067,0.0104102408513427,26248,5,"meta_highrescanopyheight_orthophoto",0.5,"orthophoto_50cm_2025","Nord-Norge"
"NINFP2210076429",0.0102527860171507,0.0101059786975384,19191,3,"meta_highrescanopyheight_orthophoto",0.5,"orthophoto_50cm_2025","Nord-Norge"
"NINFP2310126653",0.338355263102955,0.0153656452894211,5481,1,"meta_highrescanopyheight_orthophoto",0.5,"orthophoto_50cm_2025","Nord-Norge"
"NINFP2410155922",0.0212953732844689,0.0102994833141565,33395,4,"meta_highrescanopyheight_orthophoto",0.5,"orthophoto_50cm_2025","Nord-Norge"
"NINFP2110020765",0.177239737362176,0.015550808981061,17881,4,"meta_highrescanopyheight_orthophoto",0.5,"orthophoto_50cm_2025","Nord-Norge"
"NINFP2410161624",0.0104325479792461,0.0103027620352805,3898,2,"meta_highrescanopyheight_orthophoto",0.5,"orthophoto_50cm_2025","Nord-Norge"
"NINFP1810015949",0.0295261449524757,0.0101437335833907,115047,8,"meta_highrescanopyheight_orthophoto",0.5,"orthophoto_50cm_2025","Nord-Norge"
"NINFP2510207819",0.330631150922057,0.0212643221020699,68734,5,"meta_highrescanopyheight_orthophoto",0.5,"orthophoto_50cm_2025","Nord-Norge"
"NINFP2310135428",0.213487237357915,0.011744995135814,57712,7,"meta_highrescanopyheight_orthophoto",0.5,"orthophoto_50cm_2025","Nord-Norge"
"NINFP1810032840",0.0645889968320141,0.0102948322892189,34357,4,"meta_highrescanopyheight_orthophoto",0.5,"orthophoto_50cm_2025","Nord-Norge"
"NINFP2210092505",0.199887599379629,0.0113953612744808,79307,5,"meta_highrescanopyheight_orthophoto",0.5,"orthophoto_50cm_2025","Nord-Norge"
"NINFP1810028816",0.301175008289536,0.0105701214633882,50176,4,"meta_highrescanopyheight_orthophoto",0.5,"orthophoto_50cm_2025","Nord-Norge"
"NINFP1810025832",0.126002755213495,0.0101810838095844,50268,4,"meta_highrescanopyheight_orthophoto",0.5,"orthophoto_50cm_2025","Nord-Norge"
"NINFP1810025358",0.138562402522902,0.0106661752797663,45160,5,"meta_highrescanopyheight_orthophoto",0.5,"orthophoto_50cm_2025","Nord-Norge"
"NINFP2410174786",0.0814254054425982,0.0103934276849031,39975,5,"meta_highrescanopyheight_orthophoto",0.5,"orthophoto_50cm_2025","Nord-Norge"
"NINFP2210089610",1.11736739198885,0.0353238880634308,11841,2,"meta_highrescanopyheight_orthophoto",0.5,"orthophoto_50cm_2025","Nord-Norge"
"NINFP1810027995",0.265552114378401,0.0128296250477433,33211,5,"meta_highrescanopyheight_orthophoto",0.5,"orthophoto_50cm_2025","Nord-Norge"
"NINFP2510200500",0.22570283137098,0.0109619973227382,2887,2,"meta_highrescanopyheight_orthophoto",0.5,"orthophoto_50cm_2025","Nord-Norge"
"NINFP1810011932",1.58543802573755,0.285055816173553,5858,3,"meta_highrescanopyheight_orthophoto",0.5,"orthophoto_50cm_2025","Nord-Norge"
"NINFP2310126105",0.0152894829231107,0.0102074248716235,14038,2,"meta_highrescanopyheight_orthophoto",0.5,"orthophoto_50cm_2025","Nord-Norge"
"NINFP2010026285",4.97821680102543,5.10907363891602,11841,2,"meta_highrescanopyheight_orthophoto",0.5,"orthophoto_50cm_2025","Nord-Norge"
"NINFP2210088683",0.0155510329972157,0.0104038873687387,4829,2,"meta_highrescanopyheight_orthophoto",0.5,"orthophoto_50cm_2025","Nord-Norge"
"NINFP2210102059",6.54100640359875,6.60876941680908,6472,2,"meta_highrescanopyheight_orthophoto",0.5,"orthophoto_50cm_2025","Nord-Norge"
"NINFP2510197170",0.165965446762781,0.0112110171467066,12766,3,"meta_highrescanopyheight_orthophoto",0.5,"orthophoto_50cm_2025","Nord-Norge"
"NINFP2410154066",2.72953332385248,2.07451176643372,5971,1,"meta_highrescanopyheight_orthophoto",0.5,"orthophoto_50cm_2025","Nord-Norge"
"NINFP2310131139",0.252204704957389,0.020006119273603,7094,4,"meta_highrescanopyheight_orthophoto",0.5,"orthophoto_50cm_2025","Nord-Norge"
"NINFP1910019885",1.79615108875462,0.0130426278337836,7485,1,"meta_highrescanopyheight_orthophoto",0.5,"orthophoto_50cm_2025","Nord-Norge"
"NINFP2110019327",0.221956380511287,0.0102256909012794,152321,8,"meta_highrescanopyheight_orthophoto",0.5,"orthophoto_50cm_2025","Nord-Norge"
"NINFP2010055810",3.98380781108791,3.89332818984985,16054,2,"meta_highrescanopyheight_orthophoto",0.5,"orthophoto_50cm_2025","Nord-Norge"
"NINFP2110033182",0.0315007057987297,0.0100550139322877,40671,5,"meta_highrescanopyheight_orthophoto",0.5,"orthophoto_50cm_2025","Nord-Norge"
"NINFP2410176974",0.0419531218902403,0.0108997784554958,7753,1,"meta_highrescanopyheight_orthophoto",0.5,"orthophoto_50cm_2025","Nord-Norge"
"NINFP2310141702",0.082887642638356,0.0119506288319826,7059,2,"meta_highrescanopyheight_orthophoto",0.5,"orthophoto_50cm_2025","Nord-Norge"
"NINFP2010032876",0.987561843196812,0.26271915435791,4045,1,"meta_highrescanopyheight_orthophoto",0.5,"orthophoto_50cm_2025","Nord-Norge"
"NINFP2410167556",0.0152439089548131,0.0102795613929629,35815,4,"meta_highrescanopyheight_orthophoto",0.5,"orthophoto_50cm_2025","Nord-Norge"
"NINFP2210102779",0.139185619195586,0.0116814654320478,4501,4,"meta_highrescanopyheight_orthophoto",0.5,"orthophoto_50cm_2025","Nord-Norge"
"NINFP2410163302",0.848732946357467,0.353064864873886,4953,1,"meta_highrescanopyheight_orthophoto",0.5,"orthophoto_50cm_2025","Nord-Norge"
"NINFP1810032846",0.245269027798594,0.015206353738904,11939,4,"meta_highrescanopyheight_orthophoto",0.5,"orthophoto_50cm_2025","Nord-Norge"
"NINFP2510210743",0.0982192626518294,0.0104111097753048,52065,3,"meta_highrescanopyheight_orthophoto",0.5,"orthophoto_50cm_2025","Nord-Norge"
"NINFP2410155816",0.0150305805342647,0.0105449203401804,5295,2,"meta_highrescanopyheight_orthophoto",0.5,"orthophoto_50cm_2025","Nord-Norge"
"NINFP2010015282",0.0903361440424489,0.0105462004430592,9202,3,"meta_highrescanopyheight_orthophoto",0.5,"orthophoto_50cm_2025","Nord-Norge"
"NINFP2210076419",0.0104525439367357,0.0100658684968948,43005,5,"meta_highrescanopyheight_orthophoto",0.5,"orthophoto_50cm_2025","Nord-Norge"
"NINFP1810029072",0.902947885035645,0.0781236104667187,47736,5,"meta_highrescanopyheight_orthophoto",0.5,"orthophoto_50cm_2025","Nord-Norge"
"NINFP2010035824",0.715489901501645,0.0110418638214469,73813,5,"meta_highrescanopyheight_orthophoto",0.5,"orthophoto_50cm_2025","Nord-Norge"
"NINFP1810034989",0.225070013101482,0.010265439748764,51160,5,"meta_highrescanopyheight_orthophoto",0.5,"orthophoto_50cm_2025","Nord-Norge"
"NINFP2510215743",0.418726507020753,0.0147275058552623,4063,2,"meta_highrescanopyheight_orthophoto",0.5,"orthophoto_50cm_2025","Nord-Norge"
"NINFP2110024731",5.34765682098223,5.54131889343262,48115,5,"meta_highrescanopyheight_orthophoto",0.5,"orthophoto_50cm_2025","Nord-Norge"
"NINFP2410150140",0.0235046522756124,0.0102214370854199,175576,11,"meta_highrescanopyheight_orthophoto",0.5,"orthophoto_50cm_2025","Nord-Norge"
"NINFP2310142176",0.521918917295137,0.0112873842008412,18078,4,"meta_highrescanopyheight_orthophoto",0.5,"orthophoto_50cm_2025","Nord-Norge"
"NINFP2310137347",0.020337050984261,0.0103502427227795,15552,4,"meta_highrescanopyheight_orthophoto",0.5,"orthophoto_50cm_2025","Nord-Norge"
"NINFP1810037605",0.056069649269529,0.0102614378556609,40075,4,"meta_highrescanopyheight_orthophoto",0.5,"orthophoto_50cm_2025","Nord-Norge"
"NINFP2110026681",1.53857118534238,0.570689618587494,35795,3,"meta_highrescanopyheight_orthophoto",0.5,"orthophoto_50cm_2025","Nord-Norge"
"NINFP2010025852",3.10143840825749,2.53085160255432,6859,1,"meta_highrescanopyheight_orthophoto",0.5,"orthophoto_50cm_2025","Nord-Norge"
"NINFP2310131649",0.011238201674817,0.0101729836314917,31839,4,"meta_highrescanopyheight_orthophoto",0.5,"orthophoto_50cm_2025","Nord-Norge"
"NINFP1910033389",0.0137742421977172,0.0102161979302764,7174,1,"meta_highrescanopyheight_orthophoto",0.5,"orthophoto_50cm_2025","Nord-Norge"
"NINFP1810035168",3.28209149090006,2.6700291633606,43282,4,"meta_highrescanopyheight_orthophoto",0.5,"orthophoto_50cm_2025","Nord-Norge"
"NINFP2110035412",0.0100265418451924,0.0100234635174274,13205,4,"meta_highrescanopyheight_orthophoto",0.5,"orthophoto_50cm_2025","Nord-Norge"
"NINFP2410155822",1.60119289225525,0.91614294052124,4272,4,"meta_highrescanopyheight_orthophoto",0.5,"orthophoto_50cm_2025","Nord-Norge"
"NINFP2210098045",0.0542348450424796,0.0103523842990398,47664,4,"meta_highrescanopyheight_orthophoto",0.5,"orthophoto_50cm_2025","Nord-Norge"
"NINFP1910026904",2.95962585249036,0.736152470111847,18295,4,"meta_highrescanopyheight_orthophoto",0.5,"orthophoto_50cm_2025","Nord-Norge"
"NINFP2510206931",0.935024391551877,0.271738648414612,7187,2,"meta_highrescanopyheight_orthophoto",0.5,"orthophoto_50cm_2025","Nord-Norge"
"NINFP2410155979",2.85956455887211,1.533895611763,7233,4,"meta_highrescanopyheight_orthophoto",0.5,"orthophoto_50cm_2025","Nord-Norge"
"NINFP1810029775",0.966886652126218,0.0720118060708046,23077,2,"meta_highrescanopyheight_orthophoto",0.5,"orthophoto_50cm_2025","Nord-Norge"
"NINFP2510189103",0.0338105450739694,0.0100992862135172,110540,7,"meta_highrescanopyheight_orthophoto",0.5,"orthophoto_50cm_2025","Nord-Norge"
"NINFP2010036344",3.91752948404865,2.86552512645721,52582,6,"meta_highrescanopyheight_orthophoto",0.5,"orthophoto_50cm_2025","Nord-Norge"
"NINFP2510201933",0.0495332533448761,0.0103848581202328,54912,6,"meta_highrescanopyheight_orthophoto",0.5,"orthophoto_50cm_2025","Nord-Norge"
"NINFP2410154157",0.386817109991704,0.010407717898488,49907,6,"meta_highrescanopyheight_orthophoto",0.5,"orthophoto_50cm_2025","Nord-Norge"
"NINFP2010038743",0.02459206581389,0.0109874964691699,4294,1,"meta_highrescanopyheight_orthophoto",0.5,"orthophoto_50cm_2025","Nord-Norge"
"NINFP1910033441",0.0112741909307545,0.0101011348888278,5561,1,"meta_highrescanopyheight_orthophoto",0.5,"orthophoto_50cm_2025","Nord-Norge"
"NINFP1810015972",0.0600426716356492,0.0103406058624387,97953,7,"meta_highrescanopyheight_orthophoto",0.5,"orthophoto_50cm_2025","Nord-Norge"
"NINFP2210080641",0.0129032826364327,0.0100367711856961,46505,3,"meta_highrescanopyheight_orthophoto",0.5,"orthophoto_50cm_2025","Nord-Norge"
"NINFP2210081172",0.0120928162284825,0.0100754918530583,22876,2,"meta_highrescanopyheight_orthophoto",0.5,"orthophoto_50cm_2025","Nord-Norge"
"NINFP1810021347",0.200277359045857,0.0104933809489012,100417,9,"meta_highrescanopyheight_orthophoto",0.5,"orthophoto_50cm_2025","Nord-Norge"
"NINFP1810028503",0.0161686761529707,0.0101078366860747,124838,13,"meta_highrescanopyheight_orthophoto",0.5,"orthophoto_50cm_2025","Nord-Norge"
"NINFP2110020788",0.0407627595552948,0.0104558952152729,4759,1,"meta_highrescanopyheight_orthophoto",0.5,"orthophoto_50cm_2025","Nord-Norge"
"NINFP2210095974",0.0425479148943472,0.0103026549331844,72082,6,"meta_highrescanopyheight_orthophoto",0.5,"orthophoto_50cm_2025","Nord-Norge"
"NINFP2210088622",0.0166872111942433,0.0102786966599524,5776,2,"meta_highrescanopyheight_orthophoto",0.5,"orthophoto_50cm_2025","Nord-Norge"
"NINFP2110020408",0.301841468091748,0.0105816917493939,35523,4,"meta_highrescanopyheight_orthophoto",0.5,"orthophoto_50cm_2025","Nord-Norge"
"NINFP2010006887",0.132741296394245,0.0101995128206909,420498,14,"meta_highrescanopyheight_orthophoto",0.5,"orthophoto_50cm_2025","Nord-Norge"
"NINFP2410174469",0.0440027546736857,0.0101824477314949,46575,4,"meta_highrescanopyheight_orthophoto",0.5,"orthophoto_50cm_2025","Nord-Norge"
"NINFP2210076428",0.0102525283970943,0.0100550395436585,8104,3,"meta_highrescanopyheight_orthophoto",0.5,"orthophoto_50cm_2025","Nord-Norge"
"NINFP2410154220",2.52724976518415,1.19262546300888,5870,1,"meta_highrescanopyheight_orthophoto",0.5,"orthophoto_50cm_2025","Nord-Norge"
"NINFP2310139216",2.78972132386994,1.89582049846649,54821,6,"meta_highrescanopyheight_orthophoto",0.5,"orthophoto_50cm_2025","Nord-Norge"
"NINFP2410156626",0.453390979816243,0.0480684135109186,9736,4,"meta_highrescanopyheight_orthophoto",0.5,"orthophoto_50cm_2025","Nord-Norge"
"NINFP2310132303",0.0489569797718587,0.0103185046464205,18573,2,"meta_highrescanopyheight_orthophoto",0.5,"orthophoto_50cm_2025","Nord-Norge"
"NINFP2010040351",0.0292315730732446,0.0100937359966338,176048,11,"meta_highrescanopyheight_orthophoto",0.5,"orthophoto_50cm_2025","Nord-Norge"
"NINFP2310136787",0.027212669289014,0.010395728982985,57513,5,"meta_highrescanopyheight_orthophoto",0.5,"orthophoto_50cm_2025","Nord-Norge"
"NINFP2510200173",0.0101060965196567,0.0100510511547327,47550,3,"meta_highrescanopyheight_orthophoto",0.5,"orthophoto_50cm_2025","Nord-Norge"
"NINFP2310139621",0.548289758217623,0.0141669902950525,1910,2,"meta_highrescanopyheight_orthophoto",0.5,"orthophoto_50cm_2025","Nord-Norge"
"NINFP2210082701",0.0159680209411861,0.0106027005240321,15274,4,"meta_highrescanopyheight_orthophoto",0.5,"orthophoto_50cm_2025","Nord-Norge"
"NINFP2010025849",3.84683824975232,3.94491279125214,6348,1,"meta_highrescanopyheight_orthophoto",0.5,"orthophoto_50cm_2025","Nord-Norge"
"NINFP2010010681",5.02328811571161,5.49237728118896,4776,2,"meta_highrescanopyheight_orthophoto",0.5,"orthophoto_50cm_2025","Nord-Norge"
"NINFP2310130286",0.0222186296920036,0.0101628466509283,15472,1,"meta_highrescanopyheight_orthophoto",0.5,"orthophoto_50cm_2025","Nord-Norge"
"NINFP2210087543",0.227115272246385,0.0152046792209148,5314,2,"meta_highrescanopyheight_orthophoto",0.5,"orthophoto_50cm_2025","Nord-Norge"
"NINFP2410172639",1.23425800687852,0.0332480240613222,22752,4,"meta_highrescanopyheight_orthophoto",0.5,"orthophoto_50cm_2025","Nord-Norge"
"NINFP2110024388",0.0315795131632125,0.0103083346039057,5886,1,"meta_highrescanopyheight_orthophoto",0.5,"orthophoto_50cm_2025","Nord-Norge"
"NINFP2010014066",3.02117845847052,0.992333292961121,5006,2,"meta_highrescanopyheight_orthophoto",0.5,"orthophoto_50cm_2025","Nord-Norge"
"NINFP2110056527",0.0100359684661623,0.0100286351516843,16319,3,"meta_highrescanopyheight_orthophoto",0.5,"orthophoto_50cm_2025","Nord-Norge"
"NINFP1910019887",0.328447081395782,0.0105150640010834,7427,2,"meta_highrescanopyheight_orthophoto",0.5,"orthophoto_50cm_2025","Nord-Norge"
"NINFP2010024931",0.0966297415538557,0.0119414357468486,4755,4,"meta_highrescanopyheight_orthophoto",0.5,"orthophoto_50cm_2025","Nord-Norge"
"NINFP1810028472",0.840145969157477,0.279958605766296,166,2,"meta_highrescanopyheight_orthophoto",0.5,"orthophoto_50cm_2025","Nord-Norge"
"NINFP2010024627",0.0328655410048668,0.0101463003084064,15744,3,"meta_highrescanopyheight_orthophoto",0.5,"orthophoto_50cm_2025","Nord-Norge"
"NINFP2210076260",0.0101259363865376,0.0100891208276153,19633,2,"meta_highrescanopyheight_orthophoto",0.5,"orthophoto_50cm_2025","Nord-Norge"
"NINFP2210076442",0.0100688673903176,0.0100510716438293,58723,7,"meta_highrescanopyheight_orthophoto",0.5,"orthophoto_50cm_2025","Nord-Norge"
"NINFP2010026653",0.032598826812145,0.01086843945086,29048,3,"meta_highrescanopyheight_orthophoto",0.5,"orthophoto_50cm_2025","Nord-Norge"
"NINFP2410149824",0.0114089995422277,0.0100720161572099,14921,1,"meta_highrescanopyheight_orthophoto",0.5,"orthophoto_50cm_2025","Nord-Norge"
"NINFP2110021925",1.73455446066155,1.43596911430359,11271,2,"meta_highrescanopyheight_orthophoto",0.5,"orthophoto_50cm_2025","Nord-Norge"
"NINFP2510188807",0.012655056601142,0.0100778071209788,131016,10,"meta_highrescanopyheight_orthophoto",0.5,"orthophoto_50cm_2025","Nord-Norge"
"NINFP2210098791",0.334543459981509,0.0273562325164676,5112,4,"meta_highrescanopyheight_orthophoto",0.5,"orthophoto_50cm_2025","Nord-Norge"
"NINFP2310135781",0.0210599353709188,0.0104319313541055,7257,2,"meta_highrescanopyheight_orthophoto",0.5,"orthophoto_50cm_2025","Nord-Norge"
"NINFP2210082511",0.0117549724667956,0.0100415698252618,93906,5,"meta_highrescanopyheight_orthophoto",0.5,"orthophoto_50cm_2025","Nord-Norge"
"NINFP2210099302",0.0116687677838865,0.0103491004556417,14137,4,"meta_highrescanopyheight_orthophoto",0.5,"orthophoto_50cm_2025","Nord-Norge"
"NINFP1910026823",0.354542525052623,0.0101823154836893,44463,4,"meta_highrescanopyheight_orthophoto",0.5,"orthophoto_50cm_2025","Nord-Norge"
"NINFP2010022087",3.5718203320389,2.58782887458801,40348,4,"meta_highrescanopyheight_orthophoto",0.5,"orthophoto_50cm_2025","Nord-Norge"
"NINFP1810036321",2.08875770618917,0.530204892158508,23189,5,"meta_highrescanopyheight_orthophoto",0.5,"orthophoto_50cm_2025","Nord-Norge"
"NINFP2110018824",0.546926719670072,0.0170187409967184,5022,2,"meta_highrescanopyheight_orthophoto",0.5,"orthophoto_50cm_2025","Nord-Norge"
"NINFP2510189163",0.613120144005765,0.0121064842678607,40048,4,"meta_highrescanopyheight_orthophoto",0.5,"orthophoto_50cm_2025","Nord-Norge"
"NINFP2210106592",0.0121561954716342,0.0101723205298185,19827,3,"meta_highrescanopyheight_orthophoto",0.5,"orthophoto_50cm_2025","Nord-Norge"
"NINFP1810037337",0.293493416354379,0.0180038437247276,27186,5,"meta_highrescanopyheight_orthophoto",0.5,"orthophoto_50cm_2025","Nord-Norge"
"NINFP2110026054",0.546191917168354,0.0126122049987316,10867,3,"meta_highrescanopyheight_orthophoto",0.5,"orthophoto_50cm_2025","Nord-Norge"
"NINFP2010013573",5.80836117088734,6.28312349319458,12338,2,"meta_highrescanopyheight_orthophoto",0.5,"orthophoto_50cm_2025","Nord-Norge"
"NINFP2410175043",0.0236790342085874,0.0106073450297117,4019,2,"meta_highrescanopyheight_orthophoto",0.5,"orthophoto_50cm_2025","Nord-Norge"
"NINFP1910011380",0.0226044412447935,0.0103410417214036,17573,4,"meta_highrescanopyheight_orthophoto",0.5,"orthophoto_50cm_2025","Nord-Norge"
"NINFP2210107923",0.447137591597171,0.0135316089726985,26746,3,"meta_highrescanopyheight_orthophoto",0.5,"orthophoto_50cm_2025","Nord-Norge"
"NINFP2110030708",0.0123381253075982,0.0101124523207545,66560,4,"meta_highrescanopyheight_orthophoto",0.5,"orthophoto_50cm_2025","Nord-Norge"
"NINFP2010034154",0.0182928277046741,0.0100613199174404,200932,13,"meta_highrescanopyheight_orthophoto",0.5,"orthophoto_50cm_2025","Nord-Norge"
"NINFP2110056094",0.017743129189635,0.0100491149351001,4629,2,"meta_highrescanopyheight_orthophoto",0.5,"orthophoto_50cm_2025","Nord-Norge"
"NINFP2510208724",0.200957794276492,0.0111655904911458,43658,4,"meta_highrescanopyheight_orthophoto",0.5,"orthophoto_50cm_2025","Nord-Norge"
"NINFP2510203183",0.0358515280753223,0.0102311251685023,6002,2,"meta_highrescanopyheight_orthophoto",0.5,"orthophoto_50cm_2025","Nord-Norge"
"NINFP2510201995",0.166390369356807,0.0104178432375193,22340,3,"meta_highrescanopyheight_orthophoto",0.5,"orthophoto_50cm_2025","Nord-Norge"
"NINFP2110053594",0.0241185805411994,0.010262337513268,85376,6,"meta_highrescanopyheight_orthophoto",0.5,"orthophoto_50cm_2025","Nord-Norge"
"NINFP2110026421",0.793260904971871,0.0177895650267601,14450,3,"meta_highrescanopyheight_orthophoto",0.5,"orthophoto_50cm_2025","Nord-Norge"
"NINFP1810036679",0.992540009106741,0.013204581104219,64699,5,"meta_highrescanopyheight_orthophoto",0.5,"orthophoto_50cm_2025","Nord-Norge"
"NINFP1910033397",0.23378802617094,0.0111199039965868,10330,4,"meta_highrescanopyheight_orthophoto",0.5,"orthophoto_50cm_2025","Nord-Norge"
"NINFP2010018214",0.140590853388285,0.0107695087790489,139869,7,"meta_highrescanopyheight_orthophoto",0.5,"orthophoto_50cm_2025","Nord-Norge"
"NINFP1810028837",1.59975454573109,0.116935644298792,20952,4,"meta_highrescanopyheight_orthophoto",0.5,"orthophoto_50cm_2025","Nord-Norge"
"NINFP2210112664",0.0221427016969223,0.0101324408315122,117272,9,"meta_highrescanopyheight_orthophoto",0.5,"orthophoto_50cm_2025","Nord-Norge"
"NINFP2510206708",1.52237494209329,0.680070877075195,9590,2,"meta_highrescanopyheight_orthophoto",0.5,"orthophoto_50cm_2025","Nord-Norge"
"NINFP1910027492",2.19419974668471,0.828205198049545,232550,10,"meta_highrescanopyheight_orthophoto",0.5,"orthophoto_50cm_2025","Nord-Norge"
"NINFP2410175132",0.152927771221085,0.0107891424559057,12072,3,"meta_highrescanopyheight_orthophoto",0.5,"orthophoto_50cm_2025","Nord-Norge"
"NINFP2310132693",0.190639868604975,0.010662779211998,2617,1,"meta_highrescanopyheight_orthophoto",0.5,"orthophoto_50cm_2025","Nord-Norge"
"NINFP2110019552",0.203244295883306,0.0116040017455816,12486,4,"meta_highrescanopyheight_orthophoto",0.5,"orthophoto_50cm_2025","Nord-Norge"
"NINFP2310133750",0.639941827683638,0.0132499947212636,30908,3,"meta_highrescanopyheight_orthophoto",0.5,"orthophoto_50cm_2025","Nord-Norge"
"NINFP1810027303",1.16513688432026,0.149363845586777,57651,5,"meta_highrescanopyheight_orthophoto",0.5,"orthophoto_50cm_2025","Nord-Norge"
"NINFP2510200584",0.0245302242597788,0.0101755047217011,58053,5,"meta_highrescanopyheight_orthophoto",0.5,"orthophoto_50cm_2025","Nord-Norge"
"NINFP2510203904",0.0100501954109478,0.0100474231876433,3274,1,"meta_highrescanopyheight_orthophoto",0.5,"orthophoto_50cm_2025","Nord-Norge"
"NINFP2510195743",2.88679168708583,1.54578709602356,19809,3,"meta_highrescanopyheight_orthophoto",0.5,"orthophoto_50cm_2025","Nord-Norge"
"NINFP2310132476",2.12357926141366,2.09500336647034,3813,1,"meta_highrescanopyheight_orthophoto",0.5,"orthophoto_50cm_2025","Nord-Norge"
"NINFP2410167609",0.049698848611583,0.0104589387774467,15723,2,"meta_highrescanopyheight_orthophoto",0.5,"orthophoto_50cm_2025","Nord-Norge"
"NINFP2410160423",0.388627914494148,0.0417467392981052,18478,5,"meta_highrescanopyheight_orthophoto",0.5,"orthophoto_50cm_2025","Nord-Norge"
"NINFP2510207854",1.12360932844711,0.183078579604626,11140,2,"meta_highrescanopyheight_orthophoto",0.5,"orthophoto_50cm_2025","Nord-Norge"
"NINFP1910026798",0.0308156163707413,0.010190486907959,26743,2,"meta_highrescanopyheight_orthophoto",0.5,"orthophoto_50cm_2025","Nord-Norge"
"NINFP2510186007",0.0163081465423796,0.0101236514747143,40210,3,"meta_highrescanopyheight_orthophoto",0.5,"orthophoto_50cm_2025","Nord-Norge"
"NINFP2310138719",0.0465842397772951,0.0104808323085308,51239,5,"meta_highrescanopyheight_orthophoto",0.5,"orthophoto_50cm_2025","Nord-Norge"
"NINFP2010028922",0.0238710734500819,0.0101124797947705,17798,2,"meta_highrescanopyheight_orthophoto",0.5,"orthophoto_50cm_2025","Nord-Norge"
"NINFP2310130667",0.0492782763098662,0.0106876101344824,6845,2,"meta_highrescanopyheight_orthophoto",0.5,"orthophoto_50cm_2025","Nord-Norge"
"NINFP2510186936",0.022577451501927,0.0100772469304502,251386,13,"meta_highrescanopyheight_orthophoto",0.5,"orthophoto_50cm_2025","Nord-Norge"
"NINFP2210089019",3.37401362023326,2.97810137271881,8204,2,"meta_highrescanopyheight_orthophoto",0.5,"orthophoto_50cm_2025","Nord-Norge"
"NINFP2410160054",0.0106553657738348,0.0102363415062428,10083,2,"meta_highrescanopyheight_orthophoto",0.5,"orthophoto_50cm_2025","Nord-Norge"
"NINFP2010013434",1.18435586049576,0.228641122579575,5824,2,"meta_highrescanopyheight_orthophoto",0.5,"orthophoto_50cm_2025","Nord-Norge"
"NINFP1810047474",0.189901228781829,0.0103715695440769,80572,4,"meta_highrescanopyheight_orthophoto",0.5,"orthophoto_50cm_2025","Nord-Norge"
"NINFP2210089634",3.76426680397509,4.01577663421631,27681,4,"meta_highrescanopyheight_orthophoto",0.5,"orthophoto_50cm_2025","Nord-Norge"
"NINFP2210107992",0.0224697737869295,0.0101192435249686,5112,2,"meta_highrescanopyheight_orthophoto",0.5,"orthophoto_50cm_2025","Nord-Norge"
"NINFP2010013999",0.252000443627457,0.0114903980866075,21512,3,"meta_highrescanopyheight_orthophoto",0.5,"orthophoto_50cm_2025","Nord-Norge"
"NINFP2410173611",0.0200850914100479,0.0101550631225109,1632271,41,"meta_highrescanopyheight_orthophoto",0.5,"orthophoto_50cm_2025","Nord-Norge"
"NINFP2010014813",0.392279074252509,0.0291052032262087,7642,3,"meta_highrescanopyheight_orthophoto",0.5,"orthophoto_50cm_2025","Nord-Norge"
"NINFP2510192964",0.0100337352187322,0.010032401420176,11153,2,"meta_highrescanopyheight_orthophoto",0.5,"orthophoto_50cm_2025","Nord-Norge"
"NINFP2110036450",0.0114726155741017,0.010131387040019,17145,3,"meta_highrescanopyheight_orthophoto",0.5,"orthophoto_50cm_2025","Nord-Norge"
"NINFP2210100325",0.0829370002370972,0.0105007407255471,10472,2,"meta_highrescanopyheight_orthophoto",0.5,"orthophoto_50cm_2025","Nord-Norge"
"NINFP2510189738",0.153247148158344,0.0101227895356715,166134,8,"meta_highrescanopyheight_orthophoto",0.5,"orthophoto_50cm_2025","Nord-Norge"
"NINFP2210077674",0.0100936326243015,0.0100257787853479,180080,11,"meta_highrescanopyheight_orthophoto",0.5,"orthophoto_50cm_2025","Nord-Norge"
"NINFP1810034961",0.0321182315108347,0.0101476572453976,41037,3,"meta_highrescanopyheight_orthophoto",0.5,"orthophoto_50cm_2025","Nord-Norge"
"NINFP2410155541",0.371192668470901,0.0132437092252076,3826,3,"meta_highrescanopyheight_orthophoto",0.5,"orthophoto_50cm_2025","Nord-Norge"
"NINFP2210078151",0.0100263014708549,0.0100216027349234,70291,5,"meta_highrescanopyheight_orthophoto",0.5,"orthophoto_50cm_2025","Nord-Norge"
"NINFP1810026607",0.746225075230062,0.0109915565699339,644858,22,"meta_highrescanopyheight_orthophoto",0.5,"orthophoto_50cm_2025","Nord-Norge"
"NINFP1810022692",1.8468727419672,1.4370311498642,11689,4,"meta_highrescanopyheight_orthophoto",0.5,"orthophoto_50cm_2025","Nord-Norge"
"NINFP1810027228",0.0316060831234648,0.0102283214218915,55620,6,"meta_highrescanopyheight_orthophoto",0.5,"orthophoto_50cm_2025","Nord-Norge"
"NINFP2210102607",4.83648659927874,4.6776704788208,15055,2,"meta_highrescanopyheight_orthophoto",0.5,"orthophoto_50cm_2025","Nord-Norge"
"NINFP2210092653",0.0103138288425533,0.0101096853613853,44743,4,"meta_highrescanopyheight_orthophoto",0.5,"orthophoto_50cm_2025","Nord-Norge"
"NINFP1810037236",0.0503812317880139,0.0102513376623392,15121,2,"meta_highrescanopyheight_orthophoto",0.5,"orthophoto_50cm_2025","Nord-Norge"
"NINFP2510219446",0.0101639822214007,0.0100666480138898,92236,7,"meta_highrescanopyheight_orthophoto",0.5,"orthophoto_50cm_2025","Nord-Norge"
"NINFP1910018184",0.0216291018997627,0.0100783044472337,20416,4,"meta_highrescanopyheight_orthophoto",0.5,"orthophoto_50cm_2025","Nord-Norge"
"NINFP1810032691",0.103129358085532,0.0140532488003373,36332,5,"meta_highrescanopyheight_orthophoto",0.5,"orthophoto_50cm_2025","Nord-Norge"
"NINFP2510200518",0.613150865034169,0.0165740363299847,10528,4,"meta_highrescanopyheight_orthophoto",0.5,"orthophoto_50cm_2025","Nord-Norge"
"NINFP2510207364",0.0407598942415301,0.0106963627040386,5483,2,"meta_highrescanopyheight_orthophoto",0.5,"orthophoto_50cm_2025","Nord-Norge"
"NINFP2510207841",0.370228845958088,0.0413659289479256,8795,1,"meta_highrescanopyheight_orthophoto",0.5,"orthophoto_50cm_2025","Nord-Norge"
"NINFP2210085871",0.725062073922759,0.013964831829071,14475,4,"meta_highrescanopyheight_orthophoto",0.5,"orthophoto_50cm_2025","Nord-Norge"
"NINFP2410165918",2.03008265450413,0.574505805969238,7641,2,"meta_highrescanopyheight_orthophoto",0.5,"orthophoto_50cm_2025","Nord-Norge"
"NINFP2010025386",0.0361892709933238,0.0107193887233734,5991,1,"meta_highrescanopyheight_orthophoto",0.5,"orthophoto_50cm_2025","Nord-Norge"
"NINFP2510207102",0.0107754683377798,0.0101857441477478,21812,5,"meta_highrescanopyheight_orthophoto",0.5,"orthophoto_50cm_2025","Nord-Norge"
"NINFP1810018956",0.112293808644121,0.0103714046999812,46757,4,"meta_highrescanopyheight_orthophoto",0.5,"orthophoto_50cm_2025","Nord-Norge"
"NINFP2010024620",0.023480407970368,0.0100511945784092,5002,2,"meta_highrescanopyheight_orthophoto",0.5,"orthophoto_50cm_2025","Nord-Norge"
"NINFP2310130411",0.0403304538397788,0.0102488193660975,9043,2,"meta_highrescanopyheight_orthophoto",0.5,"orthophoto_50cm_2025","Nord-Norge"
"NINFP1810028796",0.755832900386527,0.0560811255127192,41750,5,"meta_highrescanopyheight_orthophoto",0.5,"orthophoto_50cm_2025","Nord-Norge"
"NINFP2410159263",0.0229494361984039,0.0103293475694954,6222,2,"meta_highrescanopyheight_orthophoto",0.5,"orthophoto_50cm_2025","Nord-Norge"
"NINFP1810036338",0.0589341328426424,0.0100927613675594,867112,24,"meta_highrescanopyheight_orthophoto",0.5,"orthophoto_50cm_2025","Nord-Norge"
"NINFP1810040110",0.1535212098512,0.0102903163060546,49102,4,"meta_highrescanopyheight_orthophoto",0.5,"orthophoto_50cm_2025","Nord-Norge"
"NINFP2410153690",0.145374791155174,0.0102838082239032,22051,2,"meta_highrescanopyheight_orthophoto",0.5,"orthophoto_50cm_2025","Nord-Norge"
"NINFP2010025010",0.0100815150005412,0.0100181922316551,126498,6,"meta_highrescanopyheight_orthophoto",0.5,"orthophoto_50cm_2025","Nord-Norge"
"NINFP2410161621",0.0186181268815966,0.0103215239942074,38795,6,"meta_highrescanopyheight_orthophoto",0.5,"orthophoto_50cm_2025","Nord-Norge"
"NINFP2110022299",1.892068066017,0.81236732006073,7324,4,"meta_highrescanopyheight_orthophoto",0.5,"orthophoto_50cm_2025","Nord-Norge"
"NINFP2110020462",0.0100660587332436,0.010060662869364,3226,1,"meta_highrescanopyheight_orthophoto",0.5,"orthophoto_50cm_2025","Nord-Norge"
"NINFP2110032888",0.0124467517277352,0.0102219739928842,80104,4,"meta_highrescanopyheight_orthophoto",0.5,"orthophoto_50cm_2025","Nord-Norge"
"NINFP2410174170",0.577406813935437,0.0254983548074961,43855,4,"meta_highrescanopyheight_orthophoto",0.5,"orthophoto_50cm_2025","Nord-Norge"
"NINFP2410172363",0.15829469555176,0.0101917656138539,42431,4,"meta_highrescanopyheight_orthophoto",0.5,"orthophoto_50cm_2025","Nord-Norge"
"NINFP2110033015",0.0101262630495071,0.0100567517802119,122134,7,"meta_highrescanopyheight_orthophoto",0.5,"orthophoto_50cm_2025","Nord-Norge"
"NINFP2510197147",0.187355001024863,0.011612905189395,14072,2,"meta_highrescanopyheight_orthophoto",0.5,"orthophoto_50cm_2025","Nord-Norge"
"NINFP1810024956",0.545937841532998,0.0122459069825709,418340,18,"meta_highrescanopyheight_orthophoto",0.5,"orthophoto_50cm_2025","Nord-Norge"
"NINFP2010026756",0.0980599410162428,0.0111730145290494,17138,2,"meta_highrescanopyheight_orthophoto",0.5,"orthophoto_50cm_2025","Nord-Norge"
"NINFP2310125488",2.92523532136375,2.17174065113068,4970,1,"meta_highrescanopyheight_orthophoto",0.5,"orthophoto_50cm_2025","Nord-Norge"
"NINFP2410174297",1.09019387719323,0.0746296644210815,30627,2,"meta_highrescanopyheight_orthophoto",0.5,"orthophoto_50cm_2025","Nord-Norge"
"NINFP2510185967",0.0885089981743868,0.0102359931915998,69497,5,"meta_highrescanopyheight_orthophoto",0.5,"orthophoto_50cm_2025","Nord-Norge"
"NINFP2010028829",0.169417330342903,0.0102147664874792,15227,2,"meta_highrescanopyheight_orthophoto",0.5,"orthophoto_50cm_2025","Nord-Norge"
"NINFP2010035375",0.398844320185726,0.0128627698868513,15988,2,"meta_highrescanopyheight_orthophoto",0.5,"orthophoto_50cm_2025","Nord-Norge"
"NINFP1810012947",3.22105539516288,2.47077083587646,4758,2,"meta_highrescanopyheight_orthophoto",0.5,"orthophoto_50cm_2025","Nord-Norge"
"NINFP2310130292",0.128928199698302,0.0114511484280229,8690,3,"meta_highrescanopyheight_orthophoto",0.5,"orthophoto_50cm_2025","Nord-Norge"
"NINFP2110019319",6.04204962052003,6.39646148681641,5482,2,"meta_highrescanopyheight_orthophoto",0.5,"orthophoto_50cm_2025","Nord-Norge"
"NINFP2210106933",0.0145609510265027,0.0108650582842529,10632,2,"meta_highrescanopyheight_orthophoto",0.5,"orthophoto_50cm_2025","Nord-Norge"
"NINFP2210106924",0.0584190741659796,0.0103163048624992,110745,8,"meta_highrescanopyheight_orthophoto",0.5,"orthophoto_50cm_2025","Nord-Norge"
"NINFP2210098827",0.018525822299146,0.0100649939849973,50096,4,"meta_highrescanopyheight_orthophoto",0.5,"orthophoto_50cm_2025","Nord-Norge"
"NINFP1810012106",0.0475862586923521,0.0102450707927346,66055,8,"meta_highrescanopyheight_orthophoto",0.5,"orthophoto_50cm_2025","Nord-Norge"
"NINFP1910026004",0.0678641975791284,0.0103553468361497,25274,4,"meta_highrescanopyheight_orthophoto",0.5,"orthophoto_50cm_2025","Nord-Norge"
"NINFP2410156086",0.0107825795872552,0.0101800705306232,5754,4,"meta_highrescanopyheight_orthophoto",0.5,"orthophoto_50cm_2025","Nord-Norge"
"NINFP2210099841",0.0135307756958279,0.0101951332762837,90123,4,"meta_highrescanopyheight_orthophoto",0.5,"orthophoto_50cm_2025","Nord-Norge"
"NINFP2210084392",0.0959899239688503,0.0105466041713953,93085,7,"meta_highrescanopyheight_orthophoto",0.5,"orthophoto_50cm_2025","Nord-Norge"
"NINFP2110033627",0.0100634229713337,0.0100457770749927,6091,2,"meta_highrescanopyheight_orthophoto",0.5,"orthophoto_50cm_2025","Nord-Norge"
"NINFP2310136828",0.37153666950943,0.0204617381095886,19585,2,"meta_highrescanopyheight_orthophoto",0.5,"orthophoto_50cm_2025","Nord-Norge"
"NINFP2510186579",0.0435267991416705,0.0101162595674396,76683,7,"meta_highrescanopyheight_orthophoto",0.5,"orthophoto_50cm_2025","Nord-Norge"
"NINFP2310132461",0.0155436965201605,0.0102771027013659,21705,4,"meta_highrescanopyheight_orthophoto",0.5,"orthophoto_50cm_2025","Nord-Norge"
"NINFP2010026848",0.0903513009419144,0.0103641264140606,104359,8,"meta_highrescanopyheight_orthophoto",0.5,"orthophoto_50cm_2025","Nord-Norge"
"NINFP2310139900",0.0623834011890661,0.0109797157347202,21226,4,"meta_highrescanopyheight_orthophoto",0.5,"orthophoto_50cm_2025","Nord-Norge"
"NINFP2510194692",6.52168780360311,6.82446432113647,1236,1,"meta_highrescanopyheight_orthophoto",0.5,"orthophoto_50cm_2025","Nord-Norge"
"NINFP1810014233",0.209911057759503,0.0166094331070781,48028,7,"meta_highrescanopyheight_orthophoto",0.5,"orthophoto_50cm_2025","Nord-Norge"
"NINFP2110023424",0.281694113919559,0.0180520666763186,11660,2,"meta_highrescanopyheight_orthophoto",0.5,"orthophoto_50cm_2025","Nord-Norge"
"NINFP2010025889",0.157982273530285,0.0103467274457216,25552,4,"meta_highrescanopyheight_orthophoto",0.5,"orthophoto_50cm_2025","Nord-Norge"
"NINFP2210103676",4.87721504393271,4.87619709968567,13310,2,"meta_highrescanopyheight_orthophoto",0.5,"orthophoto_50cm_2025","Nord-Norge"
"NINFP2210082948",0.0145164112627503,0.0101235816255212,252402,16,"meta_highrescanopyheight_orthophoto",0.5,"orthophoto_50cm_2025","Nord-Norge"
"NINFP2410154478",2.40917321062203,2.51051139831543,2769,1,"meta_highrescanopyheight_orthophoto",0.5,"orthophoto_50cm_2025","Nord-Norge"
"NINFP1810022333",0.0432109187124297,0.0231111673638225,80,1,"meta_highrescanopyheight_orthophoto",0.5,"orthophoto_50cm_2025","Nord-Norge"
"NINFP2010013934",4.4746278200879,4.33688640594482,15702,1,"meta_highrescanopyheight_orthophoto",0.5,"orthophoto_50cm_2025","Nord-Norge"
"NINFP2210089611",0.022398326028125,0.0103311520069838,11381,2,"meta_highrescanopyheight_orthophoto",0.5,"orthophoto_50cm_2025","Nord-Norge"
"NINFP2410174826",0.140656789988934,0.0107169011607766,7341,2,"meta_highrescanopyheight_orthophoto",0.5,"orthophoto_50cm_2025","Nord-Norge"
"NINFP2010025785",0.0268398928891849,0.0103075806982815,4466,1,"meta_highrescanopyheight_orthophoto",0.5,"orthophoto_50cm_2025","Nord-Norge"
"NINFP2410156125",0.0105626547866839,0.0101610603742301,22744,3,"meta_highrescanopyheight_orthophoto",0.5,"orthophoto_50cm_2025","Nord-Norge"
"NINFP1810028821",0.322262828051529,0.0108504090458155,28601,3,"meta_highrescanopyheight_orthophoto",0.5,"orthophoto_50cm_2025","Nord-Norge"
"NINFP1910025026",2.06840353174377,0.361350029706955,35715,4,"meta_highrescanopyheight_orthophoto",0.5,"orthophoto_50cm_2025","Nord-Norge"
"NINFP1810018823",0.0599805637000503,0.0103450906462967,108076,9,"meta_highrescanopyheight_orthophoto",0.5,"orthophoto_50cm_2025","Nord-Norge"
"NINFP2510203186",0.0153837928966616,0.0102499453350902,55938,6,"meta_highrescanopyheight_orthophoto",0.5,"orthophoto_50cm_2025","Nord-Norge"
"NINFP1810014539",0.0261500046371234,0.0102446218952537,64690,6,"meta_highrescanopyheight_orthophoto",0.5,"orthophoto_50cm_2025","Nord-Norge"
"NINFP1810037127",0.772278099761153,0.0224664248526096,160000,6,"meta_highrescanopyheight_orthophoto",0.5,"orthophoto_50cm_2025","Nord-Norge"
