"id","meta_chm_mean","meta_chm_median","meta_chm_n","n_tiles","chm_source","model_input_res_m","ortho_source","region_filter"
"NINFP1810026591",1.56809387723811,0.0979074016213417,88519,8,"meta_highrescanopyheight_orthophoto",0.5,"orthophoto_50cm_2025","Vestlandet"
"NINFP2110007230",0.0276920798671201,0.0103261284530163,12529,2,"meta_highrescanopyheight_orthophoto",0.5,"orthophoto_50cm_2025","Vestlandet"
"NINFP1810014483",0.0105526211556111,0.0104593341238797,4680,1,"meta_highrescanopyheight_orthophoto",0.5,"orthophoto_50cm_2025","Vestlandet"
"NINFP1810038776",0.0183911870457656,0.0122134424746037,4479,3,"meta_highrescanopyheight_orthophoto",0.5,"orthophoto_50cm_2025","Vestlandet"
"NINFP2110009081",0.1209572393291,0.0104187349788845,9900,2,"meta_highrescanopyheight_orthophoto",0.5,"orthophoto_50cm_2025","Vestlandet"
"NINFP2210080681",0.811313741057005,0.0117421094328165,7342,3,"meta_highrescanopyheight_orthophoto",0.5,"orthophoto_50cm_2025","Vestlandet"
"NINFP2110035488",0.0109439679036401,0.0103006013669074,6172,1,"meta_highrescanopyheight_orthophoto",0.5,"orthophoto_50cm_2025","Vestlandet"
"NINFP1810011880",0.231231329250823,0.0120074641890824,8230,2,"meta_highrescanopyheight_orthophoto",0.5,"orthophoto_50cm_2025","Vestlandet"
"NINFP2310117987",0.0100336870578392,0.0100288363173604,17969,2,"meta_highrescanopyheight_orthophoto",0.5,"orthophoto_50cm_2025","Vestlandet"
"NINFP2110068029",0.198369218899875,0.0150893023237586,6713,4,"meta_highrescanopyheight_orthophoto",0.5,"orthophoto_50cm_2025","Vestlandet"
"NINFP2410173313",2.54559526314146,1.89589846134186,7985,1,"meta_highrescanopyheight_orthophoto",0.5,"orthophoto_50cm_2025","Vestlandet"
"NINFP2010019749",0.83404386601996,0.0499491058290005,7533,1,"meta_highrescanopyheight_orthophoto",0.5,"orthophoto_50cm_2025","Vestlandet"
"NINFP1910037356",0.0157855005074545,0.0103081846609712,1180,2,"meta_highrescanopyheight_orthophoto",0.5,"orthophoto_50cm_2025","Vestlandet"
"NINFP1810045286",1.35177574144818,0.0452440343797207,23210,4,"meta_highrescanopyheight_orthophoto",0.5,"orthophoto_50cm_2025","Vestlandet"
"NINFP1810011608",0.0290788216567838,0.0102656004019082,6696,1,"meta_highrescanopyheight_orthophoto",0.5,"orthophoto_50cm_2025","Vestlandet"
"NINFP1910024440",0.940484405817599,0.0150640159845352,4293,2,"meta_highrescanopyheight_orthophoto",0.5,"orthophoto_50cm_2025","Vestlandet"
"NINFP2010054594",0.0123447490388962,0.0116802174597979,4239,1,"meta_highrescanopyheight_orthophoto",0.5,"orthophoto_50cm_2025","Vestlandet"
"NINFP2410178188",1.53632432883545,0.472053557634354,11253,1,"meta_highrescanopyheight_orthophoto",0.5,"orthophoto_50cm_2025","Vestlandet"
"NINFP1810044891",0.383593316466744,0.0111439125612378,5238329,129,"meta_highrescanopyheight_orthophoto",0.5,"orthophoto_50cm_2025","Vestlandet"
"NINFP1810005107",2.74894392886295,1.07618713378906,9489,2,"meta_highrescanopyheight_orthophoto",0.5,"orthophoto_50cm_2025","Vestlandet"
"NINFP1810018266",5.53562921744333,5.75060844421387,19048,2,"meta_highrescanopyheight_orthophoto",0.5,"orthophoto_50cm_2025","Vestlandet"
"NINFP1810011274",0.0100738370443779,0.0100420098751783,4843,2,"meta_highrescanopyheight_orthophoto",0.5,"orthophoto_50cm_2025","Vestlandet"
"NINFP1810043811",0.0255371283406929,0.0103069627657533,1429752,47,"meta_highrescanopyheight_orthophoto",0.5,"orthophoto_50cm_2025","Vestlandet"
"NINFP1810023579",0.0103027899376618,0.0102326385676861,5631,1,"meta_highrescanopyheight_orthophoto",0.5,"orthophoto_50cm_2025","Vestlandet"
"NINFP1910022235",4.55459232465765,4.71190023422241,1337,2,"meta_highrescanopyheight_orthophoto",0.5,"orthophoto_50cm_2025","Vestlandet"
"NINFP1810016448",0.0100150265064431,0.0100137777626514,5718,2,"meta_highrescanopyheight_orthophoto",0.5,"orthophoto_50cm_2025","Vestlandet"
"NINFP1910005147",0.646820652233046,0.0104012549854815,9486,2,"meta_highrescanopyheight_orthophoto",0.5,"orthophoto_50cm_2025","Vestlandet"
"NINFP1910024357",0.0100971929570629,0.010059573687613,1188,2,"meta_highrescanopyheight_orthophoto",0.5,"orthophoto_50cm_2025","Vestlandet"
"NINFP1910016299",0.12322102467878,0.0104020633734763,939852,52,"meta_highrescanopyheight_orthophoto",0.5,"orthophoto_50cm_2025","Vestlandet"
"NINFP2010057274",0.110355951770203,0.0109038641676307,5017,2,"meta_highrescanopyheight_orthophoto",0.5,"orthophoto_50cm_2025","Vestlandet"
"NINFP1810043865",1.35095566314517,0.102576471865177,1563177,56,"meta_highrescanopyheight_orthophoto",0.5,"orthophoto_50cm_2025","Vestlandet"
"NINFP2110014800",0.0945187627106649,0.0103363352827728,70422,4,"meta_highrescanopyheight_orthophoto",0.5,"orthophoto_50cm_2025","Vestlandet"
"NINFP2210109214",0.126826553865686,0.0108318161219358,8655,4,"meta_highrescanopyheight_orthophoto",0.5,"orthophoto_50cm_2025","Vestlandet"
"NINFP2010006151",3.11845207729181,2.15615224838257,29091,5,"meta_highrescanopyheight_orthophoto",0.5,"orthophoto_50cm_2025","Vestlandet"
"NINFP1910041522",5.38805419752998,5.00340890884399,4891,2,"meta_highrescanopyheight_orthophoto",0.5,"orthophoto_50cm_2025","Vestlandet"
"NINFP2410182808",5.15880542092199,5.17687511444092,9911,2,"meta_highrescanopyheight_orthophoto",0.5,"orthophoto_50cm_2025","Vestlandet"
"NINFP2210099439",1.2708391291399,0.194956764578819,4722,3,"meta_highrescanopyheight_orthophoto",0.5,"orthophoto_50cm_2025","Vestlandet"
"NINFP2010055540",0.0101406556869468,0.0101125244982541,4064,3,"meta_highrescanopyheight_orthophoto",0.5,"orthophoto_50cm_2025","Vestlandet"
"NINFP2410159591",3.91495587932149,3.13311505317688,4026,4,"meta_highrescanopyheight_orthophoto",0.5,"orthophoto_50cm_2025","Vestlandet"
"NINFP2310118132",3.34713797306391,3.18087637424469,14304,4,"meta_highrescanopyheight_orthophoto",0.5,"orthophoto_50cm_2025","Vestlandet"
"NINFP2310123290",0.010080386719952,0.0100517626851797,232912,13,"meta_highrescanopyheight_orthophoto",0.5,"orthophoto_50cm_2025","Vestlandet"
"NINFP1810015762",0.0102285111801175,0.0100496895611286,40371,4,"meta_highrescanopyheight_orthophoto",0.5,"orthophoto_50cm_2025","Vestlandet"
"NINFP2110041684",0.0368560341612704,0.0101292598992586,13392,2,"meta_highrescanopyheight_orthophoto",0.5,"orthophoto_50cm_2025","Vestlandet"
"NINFP2010016336",1.75387951062442,0.0110341026447713,12286,2,"meta_highrescanopyheight_orthophoto",0.5,"orthophoto_50cm_2025","Vestlandet"
"NINFP1810023079",0.829309709119088,0.0605169497430325,13611,2,"meta_highrescanopyheight_orthophoto",0.5,"orthophoto_50cm_2025","Vestlandet"
"NINFP1810002266",2.6430978746749,1.58835178613663,7268,2,"meta_highrescanopyheight_orthophoto",0.5,"orthophoto_50cm_2025","Vestlandet"
"NINFP2010056932",2.25271896171181,0.616933822631836,3819,1,"meta_highrescanopyheight_orthophoto",0.5,"orthophoto_50cm_2025","Vestlandet"
"NINFP2510217036",5.98383748819049,6.0929811000824,31714,5,"meta_highrescanopyheight_orthophoto",0.5,"orthophoto_50cm_2025","Vestlandet"
"NINFP2210108672",4.09661182929349,3.96626996994019,28895,4,"meta_highrescanopyheight_orthophoto",0.5,"orthophoto_50cm_2025","Vestlandet"
"NINFP2210113899",1.77464922669618,0.553055047988892,15251,4,"meta_highrescanopyheight_orthophoto",0.5,"orthophoto_50cm_2025","Vestlandet"
"NINFP2410177955",0.0750908836036288,0.0103081380948424,7094,2,"meta_highrescanopyheight_orthophoto",0.5,"orthophoto_50cm_2025","Vestlandet"
"NINFP2410165540",0.938322082296733,0.0185352526605129,605437,26,"meta_highrescanopyheight_orthophoto",0.5,"orthophoto_50cm_2025","Vestlandet"
"NINFP2110007637",0.549430381491896,0.0116080325096846,92723,6,"meta_highrescanopyheight_orthophoto",0.5,"orthophoto_50cm_2025","Vestlandet"
"NINFP1910037370",0.0122492332586352,0.0119880400598049,81,1,"meta_highrescanopyheight_orthophoto",0.5,"orthophoto_50cm_2025","Vestlandet"
"NINFP2010032392",0.333327645093241,0.0104339467361569,6941,1,"meta_highrescanopyheight_orthophoto",0.5,"orthophoto_50cm_2025","Vestlandet"
"NINFP2310119060",0.0611528723923611,0.0100655145943165,10955,2,"meta_highrescanopyheight_orthophoto",0.5,"orthophoto_50cm_2025","Vestlandet"
"NINFP2110028910",0.0106793313192786,0.0101172216236591,29603,4,"meta_highrescanopyheight_orthophoto",0.5,"orthophoto_50cm_2025","Vestlandet"
"NINFP2210097840",3.78152103485345,3.07944631576538,10157,2,"meta_highrescanopyheight_orthophoto",0.5,"orthophoto_50cm_2025","Vestlandet"
"NINFP2110058644",0.0101425579075378,0.0101100783795118,5581,2,"meta_highrescanopyheight_orthophoto",0.5,"orthophoto_50cm_2025","Vestlandet"
"NINFP1810043696",1.29777300784183,0.167924880981445,91403,7,"meta_highrescanopyheight_orthophoto",0.5,"orthophoto_50cm_2025","Vestlandet"
"NINFP2110038035",0.397718919456208,0.0155267687514424,16710,3,"meta_highrescanopyheight_orthophoto",0.5,"orthophoto_50cm_2025","Vestlandet"
"NINFP2210112856",0.0101620648415097,0.0100887082517147,19414,4,"meta_highrescanopyheight_orthophoto",0.5,"orthophoto_50cm_2025","Vestlandet"
"NINFP1810030589",6.36649015679067,6.80169630050659,6191,4,"meta_highrescanopyheight_orthophoto",0.5,"orthophoto_50cm_2025","Vestlandet"
"NINFP2010053137",0.268076281196026,0.0103006241843104,21942,3,"meta_highrescanopyheight_orthophoto",0.5,"orthophoto_50cm_2025","Vestlandet"
"NINFP1810043098",0.307111276039424,0.0106320972554386,9244,2,"meta_highrescanopyheight_orthophoto",0.5,"orthophoto_50cm_2025","Vestlandet"
"NINFP1810008001",0.529372151538455,0.0138229713775218,9054,2,"meta_highrescanopyheight_orthophoto",0.5,"orthophoto_50cm_2025","Vestlandet"
"NINFP1810044741",0.283152544696259,0.0114946849644184,177295,11,"meta_highrescanopyheight_orthophoto",0.5,"orthophoto_50cm_2025","Vestlandet"
"NINFP2210078499",0.303812330376156,0.0118300672620535,1928,1,"meta_highrescanopyheight_orthophoto",0.5,"orthophoto_50cm_2025","Vestlandet"
"NINFP1810012532",0.0105541407397094,0.0101069882512093,99541,7,"meta_highrescanopyheight_orthophoto",0.5,"orthophoto_50cm_2025","Vestlandet"
"NINFP2010053595",1.46736968708201,0.125674851238728,1170,1,"meta_highrescanopyheight_orthophoto",0.5,"orthophoto_50cm_2025","Vestlandet"
"NINFP2310115298",0.0378973901545202,0.0102393571287394,7665,3,"meta_highrescanopyheight_orthophoto",0.5,"orthophoto_50cm_2025","Vestlandet"
"NINFP2010015033",5.53775248982028,5.77581024169922,17604,2,"meta_highrescanopyheight_orthophoto",0.5,"orthophoto_50cm_2025","Vestlandet"
"NINFP2310147156",0.0126445945601125,0.0103068738244474,1917524,59,"meta_highrescanopyheight_orthophoto",0.5,"orthophoto_50cm_2025","Vestlandet"
"NINFP1910050222",0.313847277572959,0.0106706116348505,4795,2,"meta_highrescanopyheight_orthophoto",0.5,"orthophoto_50cm_2025","Vestlandet"
"NINFP1810016439",0.0107172342242544,0.0100230295211077,183237,10,"meta_highrescanopyheight_orthophoto",0.5,"orthophoto_50cm_2025","Vestlandet"
"NINFP2310124422",0.0109523565215458,0.0103143183514476,14817,2,"meta_highrescanopyheight_orthophoto",0.5,"orthophoto_50cm_2025","Vestlandet"
"NINFP2310135611",1.0941557648498,0.023576557636261,50270,5,"meta_highrescanopyheight_orthophoto",0.5,"orthophoto_50cm_2025","Vestlandet"
"NINFP2110052776",0.0110037294127977,0.0102695738896728,19947,4,"meta_highrescanopyheight_orthophoto",0.5,"orthophoto_50cm_2025","Vestlandet"
"NINFP2010011675",5.30072034098739,4.39263725280762,4236,2,"meta_highrescanopyheight_orthophoto",0.5,"orthophoto_50cm_2025","Vestlandet"
"NINFP2010009099",2.66779622374687,0.558653354644775,4843,2,"meta_highrescanopyheight_orthophoto",0.5,"orthophoto_50cm_2025","Vestlandet"
"NINFP1910002291",0.0168750840473184,0.0101922103203833,5374,2,"meta_highrescanopyheight_orthophoto",0.5,"orthophoto_50cm_2025","Vestlandet"
"NINFP2410150288",0.164776372402753,0.0105796214193106,10771,4,"meta_highrescanopyheight_orthophoto",0.5,"orthophoto_50cm_2025","Vestlandet"
"NINFP1810015677",3.07390446093473,2.41560471057892,4322,2,"meta_highrescanopyheight_orthophoto",0.5,"orthophoto_50cm_2025","Vestlandet"
"NINFP2310118167",1.33355795589894,0.337468832731247,14382,2,"meta_highrescanopyheight_orthophoto",0.5,"orthophoto_50cm_2025","Vestlandet"
"NINFP2010057464",0.206717750559249,0.0103330183774233,19643,3,"meta_highrescanopyheight_orthophoto",0.5,"orthophoto_50cm_2025","Vestlandet"
"NINFP2010008985",4.60083645009869,4.29775428771973,7527,2,"meta_highrescanopyheight_orthophoto",0.5,"orthophoto_50cm_2025","Vestlandet"
"NINFP2110015612",0.0461789038029913,0.0103945462033153,15650,3,"meta_highrescanopyheight_orthophoto",0.5,"orthophoto_50cm_2025","Vestlandet"
"NINFP2110011448",0.0142144530205692,0.0101788081228733,33731,3,"meta_highrescanopyheight_orthophoto",0.5,"orthophoto_50cm_2025","Vestlandet"
"NINFP1810006861",0.0100183683342358,0.0100165791809559,57651,4,"meta_highrescanopyheight_orthophoto",0.5,"orthophoto_50cm_2025","Vestlandet"
"NINFP2410167571",0.0316237476205063,0.01037223264575,10665,1,"meta_highrescanopyheight_orthophoto",0.5,"orthophoto_50cm_2025","Vestlandet"
"NINFP2010011132",1.32813754611657,0.0850415900349617,10669,4,"meta_highrescanopyheight_orthophoto",0.5,"orthophoto_50cm_2025","Vestlandet"
"NINFP1910037415",1.58141100847393,0.162185452878475,9928,1,"meta_highrescanopyheight_orthophoto",0.5,"orthophoto_50cm_2025","Vestlandet"
"NINFP2410163389",0.0158083586024085,0.0100735062733293,42807,4,"meta_highrescanopyheight_orthophoto",0.5,"orthophoto_50cm_2025","Vestlandet"
"NINFP2410175883",5.27304287694679,4.07075595855713,11338,2,"meta_highrescanopyheight_orthophoto",0.5,"orthophoto_50cm_2025","Vestlandet"
"NINFP1810046948",0.0100234056872012,0.0100182006135583,59346,5,"meta_highrescanopyheight_orthophoto",0.5,"orthophoto_50cm_2025","Vestlandet"
"NINFP2310119718",0.0100804422334163,0.0100238574668765,52433,5,"meta_highrescanopyheight_orthophoto",0.5,"orthophoto_50cm_2025","Vestlandet"
"NINFP2010032393",0.120511428465913,0.0104647753760219,6144,2,"meta_highrescanopyheight_orthophoto",0.5,"orthophoto_50cm_2025","Vestlandet"
"NINFP2310118880",0.0100616151246036,0.010032644495368,11719,4,"meta_highrescanopyheight_orthophoto",0.5,"orthophoto_50cm_2025","Vestlandet"
"NINFP2010038245",0.17573456842694,0.0105519387871027,60335,6,"meta_highrescanopyheight_orthophoto",0.5,"orthophoto_50cm_2025","Vestlandet"
"NINFP2410163602",0.0129532786677989,0.0101444590836763,130967,6,"meta_highrescanopyheight_orthophoto",0.5,"orthophoto_50cm_2025","Vestlandet"
"NINFP2110060118",7.28523844539179,8.09547472000122,12224,4,"meta_highrescanopyheight_orthophoto",0.5,"orthophoto_50cm_2025","Vestlandet"
"NINFP2210097255",3.91392400692956,2.99598932266235,7361,3,"meta_highrescanopyheight_orthophoto",0.5,"orthophoto_50cm_2025","Vestlandet"
"NINFP1810044551",0.0808338046765069,0.0105928182601929,52207,4,"meta_highrescanopyheight_orthophoto",0.5,"orthophoto_50cm_2025","Vestlandet"
"NINFP2010023932",0.247629227159446,0.0125006847083569,5273,4,"meta_highrescanopyheight_orthophoto",0.5,"orthophoto_50cm_2025","Vestlandet"
"NINFP2010006058",1.81370570434008,0.0838819742202759,7495,2,"meta_highrescanopyheight_orthophoto",0.5,"orthophoto_50cm_2025","Vestlandet"
"NINFP1810018268",5.91170209889394,6.26324844360352,11594,4,"meta_highrescanopyheight_orthophoto",0.5,"orthophoto_50cm_2025","Vestlandet"
"NINFP1810015618",5.01429375134146,4.87585139274597,39326,5,"meta_highrescanopyheight_orthophoto",0.5,"orthophoto_50cm_2025","Vestlandet"
"NINFP1810015747",0.0101914995172658,0.0100294444710016,21202,2,"meta_highrescanopyheight_orthophoto",0.5,"orthophoto_50cm_2025","Vestlandet"
"NINFP1810009869",0.0100287684228327,0.0100224725902081,244297,10,"meta_highrescanopyheight_orthophoto",0.5,"orthophoto_50cm_2025","Vestlandet"
"NINFP1810002166",0.786756016244225,0.0596298240125179,15183,4,"meta_highrescanopyheight_orthophoto",0.5,"orthophoto_50cm_2025","Vestlandet"
"NINFP1910016296",0.0235054044617897,0.0100568663328886,70963,4,"meta_highrescanopyheight_orthophoto",0.5,"orthophoto_50cm_2025","Vestlandet"
"NINFP2210099654",0.0230078167714211,0.0100484574213624,18490,4,"meta_highrescanopyheight_orthophoto",0.5,"orthophoto_50cm_2025","Vestlandet"
"NINFP2310133660",0.718521974998149,0.0128209060057998,69052,5,"meta_highrescanopyheight_orthophoto",0.5,"orthophoto_50cm_2025","Vestlandet"
"NINFP2010034398",0.0211095986680536,0.0100344656966627,86448,4,"meta_highrescanopyheight_orthophoto",0.5,"orthophoto_50cm_2025","Vestlandet"
"NINFP1910037346",0.969684986184655,0.0600561052560806,30209,4,"meta_highrescanopyheight_orthophoto",0.5,"orthophoto_50cm_2025","Vestlandet"
"NINFP2210079353",0.0100452583495046,0.0100413532927632,44267,4,"meta_highrescanopyheight_orthophoto",0.5,"orthophoto_50cm_2025","Vestlandet"
"NINFP1910024754",0.310140572183748,0.0119731458835304,46664,5,"meta_highrescanopyheight_orthophoto",0.5,"orthophoto_50cm_2025","Vestlandet"
"NINFP2310123311",0.0100727673450323,0.0100220404565334,305071,12,"meta_highrescanopyheight_orthophoto",0.5,"orthophoto_50cm_2025","Vestlandet"
"NINFP1810018451",0.83779439850735,0.0140753304585814,53659,3,"meta_highrescanopyheight_orthophoto",0.5,"orthophoto_50cm_2025","Vestlandet"
"NINFP1810016862",0.400745571096553,0.0107776275835931,111288,8,"meta_highrescanopyheight_orthophoto",0.5,"orthophoto_50cm_2025","Vestlandet"
"NINFP2410168899",2.53286071086693,0.814744532108307,4042,1,"meta_highrescanopyheight_orthophoto",0.5,"orthophoto_50cm_2025","Vestlandet"
"NINFP2210093280",0.0105943275253925,0.0102870054543018,5820,4,"meta_highrescanopyheight_orthophoto",0.5,"orthophoto_50cm_2025","Vestlandet"
"NINFP2210079197",5.24293613499466,5.1965811252594,5086,3,"meta_highrescanopyheight_orthophoto",0.5,"orthophoto_50cm_2025","Vestlandet"
"NINFP2410176618",3.73218601862617,3.89738070964813,25584,3,"meta_highrescanopyheight_orthophoto",0.5,"orthophoto_50cm_2025","Vestlandet"
"NINFP2010019753",1.31501676210235,0.186815932393074,12027,2,"meta_highrescanopyheight_orthophoto",0.5,"orthophoto_50cm_2025","Vestlandet"
"NINFP1910039280",0.0215481432699394,0.0105099859647453,8752,2,"meta_highrescanopyheight_orthophoto",0.5,"orthophoto_50cm_2025","Vestlandet"
"NINFP1810032606",0.0100996035032226,0.010062285233289,20152,4,"meta_highrescanopyheight_orthophoto",0.5,"orthophoto_50cm_2025","Vestlandet"
"NINFP1810017287",1.83885357908476,0.718788802623749,13409,3,"meta_highrescanopyheight_orthophoto",0.5,"orthophoto_50cm_2025","Vestlandet"
"NINFP2410162894",0.293467753008384,0.0242034029215574,4960,1,"meta_highrescanopyheight_orthophoto",0.5,"orthophoto_50cm_2025","Vestlandet"
"NINFP2310129964",6.4315186465233,6.89260005950928,11261,3,"meta_highrescanopyheight_orthophoto",0.5,"orthophoto_50cm_2025","Vestlandet"
"NINFP2210079358",0.0145507644149112,0.0100454017519951,334235,18,"meta_highrescanopyheight_orthophoto",0.5,"orthophoto_50cm_2025","Vestlandet"
"NINFP1910048708",5.01393224855343,5.99377679824829,11271,3,"meta_highrescanopyheight_orthophoto",0.5,"orthophoto_50cm_2025","Vestlandet"
"NINFP2110009909",0.397194087118935,0.0103494888171554,5329,2,"meta_highrescanopyheight_orthophoto",0.5,"orthophoto_50cm_2025","Vestlandet"
"NINFP1810043700",0.318130744930231,0.01387326605618,96919,7,"meta_highrescanopyheight_orthophoto",0.5,"orthophoto_50cm_2025","Vestlandet"
"NINFP1910004170",0.0100344075945891,0.0100285364314914,58982,5,"meta_highrescanopyheight_orthophoto",0.5,"orthophoto_50cm_2025","Vestlandet"
"NINFP2310120644",0.253452648412659,0.0102530131116509,224086,10,"meta_highrescanopyheight_orthophoto",0.5,"orthophoto_50cm_2025","Vestlandet"
"NINFP2310121831",0.122455144797029,0.0100888218730688,38130,4,"meta_highrescanopyheight_orthophoto",0.5,"orthophoto_50cm_2025","Vestlandet"
"NINFP1810043452",0.562590512955051,0.0113950408995152,40273,3,"meta_highrescanopyheight_orthophoto",0.5,"orthophoto_50cm_2025","Vestlandet"
"NINFP1810019731",0.544136081429235,0.0161192696541548,60700,6,"meta_highrescanopyheight_orthophoto",0.5,"orthophoto_50cm_2025","Vestlandet"
"NINFP1810018478",6.90669987968001,7.26289367675781,8491,4,"meta_highrescanopyheight_orthophoto",0.5,"orthophoto_50cm_2025","Vestlandet"
"NINFP2310118164",0.644558400904548,0.0270549412816763,5844,1,"meta_highrescanopyheight_orthophoto",0.5,"orthophoto_50cm_2025","Vestlandet"
"NINFP1810043614",0.0392223315143241,0.0101890354417264,10702,2,"meta_highrescanopyheight_orthophoto",0.5,"orthophoto_50cm_2025","Vestlandet"
"NINFP1810038780",0.0100494355868533,0.0100455451756716,18311,2,"meta_highrescanopyheight_orthophoto",0.5,"orthophoto_50cm_2025","Vestlandet"
"NINFP2510219334",0.503692205549421,0.0103027485311031,25897,4,"meta_highrescanopyheight_orthophoto",0.5,"orthophoto_50cm_2025","Vestlandet"
"NINFP1810004779",0.457028750246629,0.0144188934937119,60628,4,"meta_highrescanopyheight_orthophoto",0.5,"orthophoto_50cm_2025","Vestlandet"
"NINFP2310139977",0.073377306765667,0.0102224620059133,24650,2,"meta_highrescanopyheight_orthophoto",0.5,"orthophoto_50cm_2025","Vestlandet"
"NINFP1910007386",0.0105397249521051,0.0100756674073637,14264,3,"meta_highrescanopyheight_orthophoto",0.5,"orthophoto_50cm_2025","Vestlandet"
"NINFP1910035901",0.973805690398715,0.0610460452735424,30856,6,"meta_highrescanopyheight_orthophoto",0.5,"orthophoto_50cm_2025","Vestlandet"
"NINFP2010015784",1.02624518984367,0.036089189350605,25710,5,"meta_highrescanopyheight_orthophoto",0.5,"orthophoto_50cm_2025","Vestlandet"
"NINFP2010006127",1.49752639618433,0.414411127567291,10243,2,"meta_highrescanopyheight_orthophoto",0.5,"orthophoto_50cm_2025","Vestlandet"
"NINFP1810035051",0.0155877472058074,0.0100588202476501,22540,6,"meta_highrescanopyheight_orthophoto",0.5,"orthophoto_50cm_2025","Vestlandet"
"NINFP2510211196",0.181112012039549,0.0103616714477539,17860,3,"meta_highrescanopyheight_orthophoto",0.5,"orthophoto_50cm_2025","Vestlandet"
"NINFP1810044033",0.423429942572554,0.0160817019641399,806724,30,"meta_highrescanopyheight_orthophoto",0.5,"orthophoto_50cm_2025","Vestlandet"
"NINFP1910002639",0.0102075072640513,0.0101292235776782,5581,1,"meta_highrescanopyheight_orthophoto",0.5,"orthophoto_50cm_2025","Vestlandet"
"NINFP1810044557",0.0110395985078438,0.0100770094431937,21856,3,"meta_highrescanopyheight_orthophoto",0.5,"orthophoto_50cm_2025","Vestlandet"
"NINFP2010022618",0.0109879552547904,0.0105676427483559,4177,3,"meta_highrescanopyheight_orthophoto",0.5,"orthophoto_50cm_2025","Vestlandet"
"NINFP2410167464",0.833347432974489,0.0277985278517008,35647,5,"meta_highrescanopyheight_orthophoto",0.5,"orthophoto_50cm_2025","Vestlandet"
"NINFP2410167463",0.0126201781579385,0.0101887984201312,1275,2,"meta_highrescanopyheight_orthophoto",0.5,"orthophoto_50cm_2025","Vestlandet"
"NINFP2510207695",1.84077918501459,0.04531030356884,4077,1,"meta_highrescanopyheight_orthophoto",0.5,"orthophoto_50cm_2025","Vestlandet"
"NINFP2110045506",0.0276003860047994,0.010201814584434,54869,5,"meta_highrescanopyheight_orthophoto",0.5,"orthophoto_50cm_2025","Vestlandet"
"NINFP2010023811",0.0156054437707526,0.0119376233778894,8870,2,"meta_highrescanopyheight_orthophoto",0.5,"orthophoto_50cm_2025","Vestlandet"
"NINFP2110061229",0.0100510252976652,0.0100322514772415,68984,7,"meta_highrescanopyheight_orthophoto",0.5,"orthophoto_50cm_2025","Vestlandet"
"NINFP2310140487",1.5476342473466,0.308344528079033,3448,1,"meta_highrescanopyheight_orthophoto",0.5,"orthophoto_50cm_2025","Vestlandet"
"NINFP2110013183",0.285719034279453,0.0102468659169972,5390,1,"meta_highrescanopyheight_orthophoto",0.5,"orthophoto_50cm_2025","Vestlandet"
"NINFP2310143566",4.04495798993971,3.58648061752319,14946,4,"meta_highrescanopyheight_orthophoto",0.5,"orthophoto_50cm_2025","Vestlandet"
"NINFP1810046235",0.0558359325270839,0.0101366150192916,54520,4,"meta_highrescanopyheight_orthophoto",0.5,"orthophoto_50cm_2025","Vestlandet"
"NINFP1810002267",2.89948574503285,1.18869060277939,10396,2,"meta_highrescanopyheight_orthophoto",0.5,"orthophoto_50cm_2025","Vestlandet"
"NINFP2010008280",0.0270601634783998,0.0102529712021351,16297,4,"meta_highrescanopyheight_orthophoto",0.5,"orthophoto_50cm_2025","Vestlandet"
"NINFP2210107389",5.39932347366391,5.0122218132019,5475,4,"meta_highrescanopyheight_orthophoto",0.5,"orthophoto_50cm_2025","Vestlandet"
"NINFP1910001730",0.0500046155553733,0.0105076022446156,4136,3,"meta_highrescanopyheight_orthophoto",0.5,"orthophoto_50cm_2025","Vestlandet"
"NINFP2110061297",0.0105737746520953,0.0101000936701894,26538,4,"meta_highrescanopyheight_orthophoto",0.5,"orthophoto_50cm_2025","Vestlandet"
"NINFP2310118892",0.0104295233645625,0.0100476490333676,29915,5,"meta_highrescanopyheight_orthophoto",0.5,"orthophoto_50cm_2025","Vestlandet"
"NINFP2310134475",0.0103252682343598,0.0102489646524191,7784,1,"meta_highrescanopyheight_orthophoto",0.5,"orthophoto_50cm_2025","Vestlandet"
"NINFP2010002009",7.4474768964677,8.39772891998291,34452,4,"meta_highrescanopyheight_orthophoto",0.5,"orthophoto_50cm_2025","Vestlandet"
"NINFP1810011062",0.130776049166345,0.010103041306138,45648,3,"meta_highrescanopyheight_orthophoto",0.5,"orthophoto_50cm_2025","Vestlandet"
"NINFP1810029017",1.67202579023252,0.790104269981384,31913,3,"meta_highrescanopyheight_orthophoto",0.5,"orthophoto_50cm_2025","Vestlandet"
"NINFP2210109529",3.11872912519299,2.12198746204376,21646,4,"meta_highrescanopyheight_orthophoto",0.5,"orthophoto_50cm_2025","Vestlandet"
"NINFP1810001677",0.409382529391724,0.0113923382014036,7534,3,"meta_highrescanopyheight_orthophoto",0.5,"orthophoto_50cm_2025","Vestlandet"
"NINFP1810035470",0.021494322748451,0.0101284487172961,36627,3,"meta_highrescanopyheight_orthophoto",0.5,"orthophoto_50cm_2025","Vestlandet"
"NINFP2210097734",2.92090428291253,2.37679839134216,4406,2,"meta_highrescanopyheight_orthophoto",0.5,"orthophoto_50cm_2025","Vestlandet"
"NINFP1810035011",0.182115171218526,0.0102278799749911,42396,3,"meta_highrescanopyheight_orthophoto",0.5,"orthophoto_50cm_2025","Vestlandet"
"NINFP2410172718",0.0522090346181436,0.010102016851306,40439,5,"meta_highrescanopyheight_orthophoto",0.5,"orthophoto_50cm_2025","Vestlandet"
"NINFP1810044022",0.0179769418578919,0.0105810347013175,129082,7,"meta_highrescanopyheight_orthophoto",0.5,"orthophoto_50cm_2025","Vestlandet"
"NINFP1810010297",0.126726533467417,0.0100640347227454,92498,6,"meta_highrescanopyheight_orthophoto",0.5,"orthophoto_50cm_2025","Vestlandet"
"NINFP2210079191",0.0102031261331038,0.010108663700521,9805,4,"meta_highrescanopyheight_orthophoto",0.5,"orthophoto_50cm_2025","Vestlandet"
"NINFP1910005795",0.0109559998038819,0.010135106742382,1337,4,"meta_highrescanopyheight_orthophoto",0.5,"orthophoto_50cm_2025","Vestlandet"
"NINFP2010024854",1.34682451598731,0.11730532348156,28204,5,"meta_highrescanopyheight_orthophoto",0.5,"orthophoto_50cm_2025","Vestlandet"
"NINFP1910003411",0.0247472824706894,0.0100780287757516,28199,4,"meta_highrescanopyheight_orthophoto",0.5,"orthophoto_50cm_2025","Vestlandet"
"NINFP2210107971",1.67550108737988,0.821562945842743,32667,5,"meta_highrescanopyheight_orthophoto",0.5,"orthophoto_50cm_2025","Vestlandet"
"NINFP1910029094",0.250918497795788,0.0106874541379511,201988,11,"meta_highrescanopyheight_orthophoto",0.5,"orthophoto_50cm_2025","Vestlandet"
"NINFP2010049001",0.0115329722339494,0.0106810694560409,4561,2,"meta_highrescanopyheight_orthophoto",0.5,"orthophoto_50cm_2025","Vestlandet"
"NINFP2010019731",0.996117443723866,0.0494484752416611,7294,4,"meta_highrescanopyheight_orthophoto",0.5,"orthophoto_50cm_2025","Vestlandet"
"NINFP1810046006",0.0100230955382752,0.010022671893239,14624,2,"meta_highrescanopyheight_orthophoto",0.5,"orthophoto_50cm_2025","Vestlandet"
"NINFP2210086638",0.243367780266073,0.0120270848274231,175802,12,"meta_highrescanopyheight_orthophoto",0.5,"orthophoto_50cm_2025","Vestlandet"
"NINFP2010020381",0.918440158317709,0.0883745215833187,6430,1,"meta_highrescanopyheight_orthophoto",0.5,"orthophoto_50cm_2025","Vestlandet"
"NINFP2410158981",0.870694814312482,0.114275999367237,5370,4,"meta_highrescanopyheight_orthophoto",0.5,"orthophoto_50cm_2025","Vestlandet"
"NINFP2410161832",0.0148562504558214,0.0101389428600669,43320,4,"meta_highrescanopyheight_orthophoto",0.5,"orthophoto_50cm_2025","Vestlandet"
"NINFP2210113883",3.84957127629452,2.4628963470459,14114,2,"meta_highrescanopyheight_orthophoto",0.5,"orthophoto_50cm_2025","Vestlandet"
"NINFP2110055684",0.0101879449591383,0.010097736492753,23233,2,"meta_highrescanopyheight_orthophoto",0.5,"orthophoto_50cm_2025","Vestlandet"
"NINFP2310122632",0.0702139588521664,0.0112583041191101,14747,2,"meta_highrescanopyheight_orthophoto",0.5,"orthophoto_50cm_2025","Vestlandet"
"NINFP1810011697",2.27942502437101,0.0400873273611069,9438,2,"meta_highrescanopyheight_orthophoto",0.5,"orthophoto_50cm_2025","Vestlandet"
"NINFP1910037886",0.113206818289526,0.0129264546558261,6621,3,"meta_highrescanopyheight_orthophoto",0.5,"orthophoto_50cm_2025","Vestlandet"
"NINFP1810042957",0.167643943311612,0.0107482774183154,40347,5,"meta_highrescanopyheight_orthophoto",0.5,"orthophoto_50cm_2025","Vestlandet"
"NINFP2110044830",0.19891411533925,0.0102771017700434,3205,1,"meta_highrescanopyheight_orthophoto",0.5,"orthophoto_50cm_2025","Vestlandet"
"NINFP1810045816",0.0104946946889115,0.0101883662864566,7343,4,"meta_highrescanopyheight_orthophoto",0.5,"orthophoto_50cm_2025","Vestlandet"
"NINFP2110061209",0.0101444713791429,0.0100629441440105,33291,5,"meta_highrescanopyheight_orthophoto",0.5,"orthophoto_50cm_2025","Vestlandet"
"NINFP1910060363",0.0104795066800813,0.0101567907258868,31115,4,"meta_highrescanopyheight_orthophoto",0.5,"orthophoto_50cm_2025","Vestlandet"
"NINFP1910037394",0.221900335062442,0.0108261769637465,7829,4,"meta_highrescanopyheight_orthophoto",0.5,"orthophoto_50cm_2025","Vestlandet"
"NINFP1810005507",0.0571277053851927,0.0102908909320831,148717,8,"meta_highrescanopyheight_orthophoto",0.5,"orthophoto_50cm_2025","Vestlandet"
"NINFP2310130064",0.110334346578166,0.0105215138755739,13292,4,"meta_highrescanopyheight_orthophoto",0.5,"orthophoto_50cm_2025","Vestlandet"
"NINFP2010010641",0.797558304026926,0.0346430670469999,5222,2,"meta_highrescanopyheight_orthophoto",0.5,"orthophoto_50cm_2025","Vestlandet"
"NINFP2210085692",0.0106030115029235,0.0101257264614105,28328,4,"meta_highrescanopyheight_orthophoto",0.5,"orthophoto_50cm_2025","Vestlandet"
"NINFP2110022829",0.0100998981587567,0.010055823251605,11447,4,"meta_highrescanopyheight_orthophoto",0.5,"orthophoto_50cm_2025","Vestlandet"
"NINFP2410154798",0.222793487029948,0.0105204600840807,32429,5,"meta_highrescanopyheight_orthophoto",0.5,"orthophoto_50cm_2025","Vestlandet"
"NINFP2410167794",4.5798088991061,4.88878726959229,10724,3,"meta_highrescanopyheight_orthophoto",0.5,"orthophoto_50cm_2025","Vestlandet"
"NINFP1810045827",0.0101949199092523,0.0100401127710938,5608,1,"meta_highrescanopyheight_orthophoto",0.5,"orthophoto_50cm_2025","Vestlandet"
"NINFP2310139988",0.081319129569932,0.0102212373167276,9038,4,"meta_highrescanopyheight_orthophoto",0.5,"orthophoto_50cm_2025","Vestlandet"
"NINFP2310135842",0.971646815485328,0.0334525555372238,18371,2,"meta_highrescanopyheight_orthophoto",0.5,"orthophoto_50cm_2025","Vestlandet"
"NINFP1810012907",0.010077124726443,0.0100517561659217,123489,9,"meta_highrescanopyheight_orthophoto",0.5,"orthophoto_50cm_2025","Vestlandet"
"NINFP1810018265",5.72904921940042,5.92521905899048,12385,2,"meta_highrescanopyheight_orthophoto",0.5,"orthophoto_50cm_2025","Vestlandet"
"NINFP2410183050",1.90234502047878,0.337311685085297,8183,3,"meta_highrescanopyheight_orthophoto",0.5,"orthophoto_50cm_2025","Vestlandet"
"NINFP2210084609",2.50444067363625,1.15770316123962,10424,4,"meta_highrescanopyheight_orthophoto",0.5,"orthophoto_50cm_2025","Vestlandet"
"NINFP2210085693",0.0100708468555107,0.0100655355490744,6148,1,"meta_highrescanopyheight_orthophoto",0.5,"orthophoto_50cm_2025","Vestlandet"
"NINFP2410161993",0.0100773102283758,0.0100514576770365,62322,6,"meta_highrescanopyheight_orthophoto",0.5,"orthophoto_50cm_2025","Vestlandet"
"NINFP2210106801",4.11324386974568,3.73588871955872,10996,1,"meta_highrescanopyheight_orthophoto",0.5,"orthophoto_50cm_2025","Vestlandet"
"NINFP1810016918",5.78392315762563,6.32750940322876,42331,6,"meta_highrescanopyheight_orthophoto",0.5,"orthophoto_50cm_2025","Vestlandet"
"NINFP2310116977",0.0122107647268526,0.0100952521897852,54068,4,"meta_highrescanopyheight_orthophoto",0.5,"orthophoto_50cm_2025","Vestlandet"
"NINFP2210088709",0.133336384066277,0.0107889669016004,28885,4,"meta_highrescanopyheight_orthophoto",0.5,"orthophoto_50cm_2025","Vestlandet"
"NINFP1810006747",0.0100663559994287,0.0100241275504231,42179,5,"meta_highrescanopyheight_orthophoto",0.5,"orthophoto_50cm_2025","Vestlandet"
"NINFP2010014887",1.3225718503269,0.105530180037022,19649,4,"meta_highrescanopyheight_orthophoto",0.5,"orthophoto_50cm_2025","Vestlandet"
"NINFP2510196289",0.218313588562078,0.0105097647756338,7944,2,"meta_highrescanopyheight_orthophoto",0.5,"orthophoto_50cm_2025","Vestlandet"
"NINFP2110038196",0.0102034372597955,0.0101496540009975,8107,2,"meta_highrescanopyheight_orthophoto",0.5,"orthophoto_50cm_2025","Vestlandet"
"NINFP2310118566",0.010605452136943,0.0103298239409924,1029,2,"meta_highrescanopyheight_orthophoto",0.5,"orthophoto_50cm_2025","Vestlandet"
"NINFP2410168041",4.40069653233537,4.18376731872559,9753,2,"meta_highrescanopyheight_orthophoto",0.5,"orthophoto_50cm_2025","Vestlandet"
"NINFP2110068483",0.942001611348737,0.014443488791585,6010,2,"meta_highrescanopyheight_orthophoto",0.5,"orthophoto_50cm_2025","Vestlandet"
"NINFP2510218713",0.855692782485421,0.0131818051449955,60124,4,"meta_highrescanopyheight_orthophoto",0.5,"orthophoto_50cm_2025","Vestlandet"
"NINFP2010047780",0.663565977813843,0.0186693873256445,11544,3,"meta_highrescanopyheight_orthophoto",0.5,"orthophoto_50cm_2025","Vestlandet"
"NINFP2210085793",2.2768389745316,1.01052588224411,14248,3,"meta_highrescanopyheight_orthophoto",0.5,"orthophoto_50cm_2025","Vestlandet"
"NINFP2310118112",1.25012493215615,0.142318427562714,23320,3,"meta_highrescanopyheight_orthophoto",0.5,"orthophoto_50cm_2025","Vestlandet"
"NINFP2210108666",1.32691991737784,0.284055575728416,64628,5,"meta_highrescanopyheight_orthophoto",0.5,"orthophoto_50cm_2025","Vestlandet"
"NINFP2310130973",0.11099925565682,0.0104558952152729,6140,2,"meta_highrescanopyheight_orthophoto",0.5,"orthophoto_50cm_2025","Vestlandet"
"NINFP1910002631",0.0112071999186949,0.0102477017790079,1854,1,"meta_highrescanopyheight_orthophoto",0.5,"orthophoto_50cm_2025","Vestlandet"
"NINFP1910022237",4.69931566665719,4.02204966545105,1670,2,"meta_highrescanopyheight_orthophoto",0.5,"orthophoto_50cm_2025","Vestlandet"
"NINFP2210095246",0.577650381702668,0.0118287699297071,43211,4,"meta_highrescanopyheight_orthophoto",0.5,"orthophoto_50cm_2025","Vestlandet"
"NINFP2210079351",0.0100468823768026,0.0100404340773821,150613,9,"meta_highrescanopyheight_orthophoto",0.5,"orthophoto_50cm_2025","Vestlandet"
"NINFP2410165342",1.39794950079996,0.0315167047083378,41776,3,"meta_highrescanopyheight_orthophoto",0.5,"orthophoto_50cm_2025","Vestlandet"
"NINFP2010022623",0.0233937335783333,0.0101332645863295,17045,3,"meta_highrescanopyheight_orthophoto",0.5,"orthophoto_50cm_2025","Vestlandet"
"NINFP1810015663",0.0101474965900991,0.0100151440128684,36746,6,"meta_highrescanopyheight_orthophoto",0.5,"orthophoto_50cm_2025","Vestlandet"
"NINFP2110016661",0.0100187267548971,0.0100170485675335,12775,1,"meta_highrescanopyheight_orthophoto",0.5,"orthophoto_50cm_2025","Vestlandet"
"NINFP2110017678",0.0101202067528561,0.0100831259042025,7467,1,"meta_highrescanopyheight_orthophoto",0.5,"orthophoto_50cm_2025","Vestlandet"
"NINFP2110065663",0.053093843557156,0.0105661940760911,5464,1,"meta_highrescanopyheight_orthophoto",0.5,"orthophoto_50cm_2025","Vestlandet"
"NINFP1810043266",1.08601189675646,0.22731164842844,4856,4,"meta_highrescanopyheight_orthophoto",0.5,"orthophoto_50cm_2025","Vestlandet"
"NINFP2310117912",2.05228985742862,0.627236157655716,62948,6,"meta_highrescanopyheight_orthophoto",0.5,"orthophoto_50cm_2025","Vestlandet"
"NINFP2310118544",0.0115947625154406,0.0104218730702996,4067,4,"meta_highrescanopyheight_orthophoto",0.5,"orthophoto_50cm_2025","Vestlandet"
"NINFP2310129893",0.0114053645302228,0.0102896243333817,4038,2,"meta_highrescanopyheight_orthophoto",0.5,"orthophoto_50cm_2025","Vestlandet"
"NINFP1810014972",0.0112129193194665,0.0100185265764594,67870,4,"meta_highrescanopyheight_orthophoto",0.5,"orthophoto_50cm_2025","Vestlandet"
"NINFP1910038831",1.09619126161132,0.164496190845966,24938,3,"meta_highrescanopyheight_orthophoto",0.5,"orthophoto_50cm_2025","Vestlandet"
"NINFP2210110568",0.010035209157015,0.0100313499569893,7549,2,"meta_highrescanopyheight_orthophoto",0.5,"orthophoto_50cm_2025","Vestlandet"
"NINFP2510195427",0.0833083481923921,0.0102003011852503,21843,2,"meta_highrescanopyheight_orthophoto",0.5,"orthophoto_50cm_2025","Vestlandet"
"NINFP1810007320",2.94915345424564,1.62359690666199,40586,3,"meta_highrescanopyheight_orthophoto",0.5,"orthophoto_50cm_2025","Vestlandet"
"NINFP1810046872",0.060951334721784,0.0102579705417156,59223,7,"meta_highrescanopyheight_orthophoto",0.5,"orthophoto_50cm_2025","Vestlandet"
"NINFP2110047750",0.0100263592376942,0.0100225359201431,44917,5,"meta_highrescanopyheight_orthophoto",0.5,"orthophoto_50cm_2025","Vestlandet"
"NINFP2410168357",0.239913363100335,0.0149548565968871,32591,4,"meta_highrescanopyheight_orthophoto",0.5,"orthophoto_50cm_2025","Vestlandet"
"NINFP2310118902",0.0197643444931648,0.0100933574140072,35699,6,"meta_highrescanopyheight_orthophoto",0.5,"orthophoto_50cm_2025","Vestlandet"
"NINFP1810002162",1.03028183799472,0.0683216266334057,5550,2,"meta_highrescanopyheight_orthophoto",0.5,"orthophoto_50cm_2025","Vestlandet"
"NINFP1810016266",4.75640071744039,5.21118640899658,11214,2,"meta_highrescanopyheight_orthophoto",0.5,"orthophoto_50cm_2025","Vestlandet"
"NINFP1910005865",0.742726628675089,0.0190549213439226,4741,1,"meta_highrescanopyheight_orthophoto",0.5,"orthophoto_50cm_2025","Vestlandet"
"NINFP1910036671",4.75846840806591,5.13766694068909,28284,3,"meta_highrescanopyheight_orthophoto",0.5,"orthophoto_50cm_2025","Vestlandet"
"NINFP2510200942",0.0100550966567491,0.0100426133722067,16088,3,"meta_highrescanopyheight_orthophoto",0.5,"orthophoto_50cm_2025","Vestlandet"
"NINFP1810006730",0.0100229514158667,0.0100185088813305,198252,10,"meta_highrescanopyheight_orthophoto",0.5,"orthophoto_50cm_2025","Vestlandet"
"NINFP1810044525",0.0340073631667319,0.0103628728538752,61271,8,"meta_highrescanopyheight_orthophoto",0.5,"orthophoto_50cm_2025","Vestlandet"
"NINFP1810016445",0.0101588524889041,0.0100180562585592,103477,7,"meta_highrescanopyheight_orthophoto",0.5,"orthophoto_50cm_2025","Vestlandet"
"NINFP2210082050",0.0101224985924729,0.0100322905927896,11183,5,"meta_highrescanopyheight_orthophoto",0.5,"orthophoto_50cm_2025","Vestlandet"
"NINFP2010022808",0.0173219262251023,0.010692672803998,11125,2,"meta_highrescanopyheight_orthophoto",0.5,"orthophoto_50cm_2025","Vestlandet"
"NINFP2510192407",2.90879872958401,2.69641494750977,16607,2,"meta_highrescanopyheight_orthophoto",0.5,"orthophoto_50cm_2025","Vestlandet"
"NINFP1810035258",0.41466218020539,0.0132282790727913,27290,4,"meta_highrescanopyheight_orthophoto",0.5,"orthophoto_50cm_2025","Vestlandet"
"NINFP2410161948",0.017959371297354,0.010063735768199,322919,16,"meta_highrescanopyheight_orthophoto",0.5,"orthophoto_50cm_2025","Vestlandet"
"NINFP2210083471",0.10367622473055,0.010052434168756,75355,4,"meta_highrescanopyheight_orthophoto",0.5,"orthophoto_50cm_2025","Vestlandet"
"NINFP2510211725",2.30337712077645,0.799903571605682,20738,4,"meta_highrescanopyheight_orthophoto",0.5,"orthophoto_50cm_2025","Vestlandet"
"NINFP2110058646",0.0100521030710259,0.010035558603704,14799,2,"meta_highrescanopyheight_orthophoto",0.5,"orthophoto_50cm_2025","Vestlandet"
"NINFP2310118888",0.0100341702671064,0.0100315725430846,3822,2,"meta_highrescanopyheight_orthophoto",0.5,"orthophoto_50cm_2025","Vestlandet"
"NINFP1910029096",0.1722692506831,0.0115759545005858,12172,3,"meta_highrescanopyheight_orthophoto",0.5,"orthophoto_50cm_2025","Vestlandet"
"NINFP2410168666",0.0169233258524912,0.0102116647176445,7342,2,"meta_highrescanopyheight_orthophoto",0.5,"orthophoto_50cm_2025","Vestlandet"
"NINFP2110048124",0.793310691509039,0.034285144880414,81558,4,"meta_highrescanopyheight_orthophoto",0.5,"orthophoto_50cm_2025","Vestlandet"
"NINFP2510215175",0.0582204371607013,0.0100263780914247,100742,7,"meta_highrescanopyheight_orthophoto",0.5,"orthophoto_50cm_2025","Vestlandet"
"NINFP2010012640",1.07213686151761,0.120844125747681,9459,2,"meta_highrescanopyheight_orthophoto",0.5,"orthophoto_50cm_2025","Vestlandet"
"NINFP1810002269",4.88870375202988,4.86555886268616,9500,2,"meta_highrescanopyheight_orthophoto",0.5,"orthophoto_50cm_2025","Vestlandet"
"NINFP1810043612",2.40178713804849,0.496252775192261,446148,20,"meta_highrescanopyheight_orthophoto",0.5,"orthophoto_50cm_2025","Vestlandet"
"NINFP1810005595",0.0102808145900382,0.0100607322528958,22050,4,"meta_highrescanopyheight_orthophoto",0.5,"orthophoto_50cm_2025","Vestlandet"
"NINFP1910060485",0.740074940665857,0.0168937593698502,11725,2,"meta_highrescanopyheight_orthophoto",0.5,"orthophoto_50cm_2025","Vestlandet"
"NINFP2510215337",0.0100702230520196,0.0100502003915608,49136,3,"meta_highrescanopyheight_orthophoto",0.5,"orthophoto_50cm_2025","Vestlandet"
"NINFP1910024383",0.340597668208386,0.0122369774617255,4010,2,"meta_highrescanopyheight_orthophoto",0.5,"orthophoto_50cm_2025","Vestlandet"
"NINFP1810011195",0.0160366402139805,0.0100959707051516,63490,5,"meta_highrescanopyheight_orthophoto",0.5,"orthophoto_50cm_2025","Vestlandet"
"NINFP2210081895",0.0780160134153894,0.0102850710973144,12225,4,"meta_highrescanopyheight_orthophoto",0.5,"orthophoto_50cm_2025","Vestlandet"
"NINFP2510191496",5.6709196327027,6.31728172302246,3616,1,"meta_highrescanopyheight_orthophoto",0.5,"orthophoto_50cm_2025","Vestlandet"
"NINFP1810015755",0.0100578698936946,0.0100179873406887,190706,8,"meta_highrescanopyheight_orthophoto",0.5,"orthophoto_50cm_2025","Vestlandet"
"NINFP2210099444",2.81556854701592,1.36683869361877,50733,5,"meta_highrescanopyheight_orthophoto",0.5,"orthophoto_50cm_2025","Vestlandet"
"NINFP2410183054",5.44329012208485,5.39042282104492,5246,1,"meta_highrescanopyheight_orthophoto",0.5,"orthophoto_50cm_2025","Vestlandet"
"NINFP2410158533",0.0128245639318262,0.0104296887293458,2004,1,"meta_highrescanopyheight_orthophoto",0.5,"orthophoto_50cm_2025","Vestlandet"
"NINFP2110023611",0.109734647660304,0.0103684924542904,42733,5,"meta_highrescanopyheight_orthophoto",0.5,"orthophoto_50cm_2025","Vestlandet"
"NINFP2310118394",2.09245877968802,0.501814186573029,9772,2,"meta_highrescanopyheight_orthophoto",0.5,"orthophoto_50cm_2025","Vestlandet"
"NINFP1910001202",0.0216446646063784,0.0158265307545662,81,1,"meta_highrescanopyheight_orthophoto",0.5,"orthophoto_50cm_2025","Vestlandet"
"NINFP2210084950",0.607677972421318,0.0620327182114124,8667,2,"meta_highrescanopyheight_orthophoto",0.5,"orthophoto_50cm_2025","Vestlandet"
"NINFP1810008084",0.826289704801601,0.0102672227658331,42626,6,"meta_highrescanopyheight_orthophoto",0.5,"orthophoto_50cm_2025","Vestlandet"
"NINFP2010033146",0.154793102481254,0.0101489908993244,16177,3,"meta_highrescanopyheight_orthophoto",0.5,"orthophoto_50cm_2025","Vestlandet"
"NINFP2310141049",0.010634432715903,0.0104912030510604,1140,1,"meta_highrescanopyheight_orthophoto",0.5,"orthophoto_50cm_2025","Vestlandet"
"NINFP1910039883",0.0112995693199486,0.0105546796694398,1994,2,"meta_highrescanopyheight_orthophoto",0.5,"orthophoto_50cm_2025","Vestlandet"
"NINFP2110048185",0.0102920529706286,0.01003657002002,663439,27,"meta_highrescanopyheight_orthophoto",0.5,"orthophoto_50cm_2025","Vestlandet"
"NINFP2010022635",0.0104984770597841,0.0102198189124465,8790,4,"meta_highrescanopyheight_orthophoto",0.5,"orthophoto_50cm_2025","Vestlandet"
"NINFP1810035462",0.0621816262528237,0.0101129012182355,83579,5,"meta_highrescanopyheight_orthophoto",0.5,"orthophoto_50cm_2025","Vestlandet"
"NINFP1910001201",3.85497427888123,3.82654213905334,81,1,"meta_highrescanopyheight_orthophoto",0.5,"orthophoto_50cm_2025","Vestlandet"
"NINFP1810046817",0.0392237308261849,0.0108725931495428,882652,36,"meta_highrescanopyheight_orthophoto",0.5,"orthophoto_50cm_2025","Vestlandet"
"NINFP2310130007",0.171684459272151,0.0109497252851725,4274,2,"meta_highrescanopyheight_orthophoto",0.5,"orthophoto_50cm_2025","Vestlandet"
"NINFP1810011061",0.0154497652335895,0.0100243045017123,394726,16,"meta_highrescanopyheight_orthophoto",0.5,"orthophoto_50cm_2025","Vestlandet"
"NINFP2310119176",0.0122932156724129,0.0109477825462818,2579,2,"meta_highrescanopyheight_orthophoto",0.5,"orthophoto_50cm_2025","Vestlandet"
"NINFP2410168763",0.202994972433292,0.0100424196571112,2947,2,"meta_highrescanopyheight_orthophoto",0.5,"orthophoto_50cm_2025","Vestlandet"
"NINFP1810043091",1.46035644669769,0.101764559745789,6374,1,"meta_highrescanopyheight_orthophoto",0.5,"orthophoto_50cm_2025","Vestlandet"
"NINFP2110017078",5.3971365573613,5.22020053863525,15163,3,"meta_highrescanopyheight_orthophoto",0.5,"orthophoto_50cm_2025","Vestlandet"
"NINFP2410172709",0.0553983182640105,0.0108212223276496,3588,2,"meta_highrescanopyheight_orthophoto",0.5,"orthophoto_50cm_2025","Vestlandet"
"NINFP2210074868",0.0101734346995022,0.0100662307813764,13358,2,"meta_highrescanopyheight_orthophoto",0.5,"orthophoto_50cm_2025","Vestlandet"
"NINFP2010043047",0.0126589667199427,0.0101665547117591,45430,6,"meta_highrescanopyheight_orthophoto",0.5,"orthophoto_50cm_2025","Vestlandet"
"NINFP2410176159",3.45273154442549,2.66101455688477,10335,4,"meta_highrescanopyheight_orthophoto",0.5,"orthophoto_50cm_2025","Vestlandet"
"NINFP1810035001",0.41680539234646,0.0157437790185213,58527,5,"meta_highrescanopyheight_orthophoto",0.5,"orthophoto_50cm_2025","Vestlandet"
"NINFP2310146682",0.0124095463022394,0.0101184165105224,35796,4,"meta_highrescanopyheight_orthophoto",0.5,"orthophoto_50cm_2025","Vestlandet"
"NINFP2210113484",4.81896287179091,4.4957480430603,12685,2,"meta_highrescanopyheight_orthophoto",0.5,"orthophoto_50cm_2025","Vestlandet"
"NINFP2310121827",0.400684446784572,0.0159645527601242,8219,1,"meta_highrescanopyheight_orthophoto",0.5,"orthophoto_50cm_2025","Vestlandet"
"NINFP1810021065",0.0100332899202255,0.0100194029510021,18257,3,"meta_highrescanopyheight_orthophoto",0.5,"orthophoto_50cm_2025","Vestlandet"
"NINFP1810037756",0.0127895570038751,0.0102369338274002,17266,2,"meta_highrescanopyheight_orthophoto",0.5,"orthophoto_50cm_2025","Vestlandet"
"NINFP1910049805",1.62960420926919,0.652648448944092,15685,2,"meta_highrescanopyheight_orthophoto",0.5,"orthophoto_50cm_2025","Vestlandet"
"NINFP1910003744",1.14636254379267,0.0109890378080308,7436,2,"meta_highrescanopyheight_orthophoto",0.5,"orthophoto_50cm_2025","Vestlandet"
"NINFP1910041447",0.0140719540392626,0.0118149467743933,5762,1,"meta_highrescanopyheight_orthophoto",0.5,"orthophoto_50cm_2025","Vestlandet"
"NINFP2510204239",0.0151735811987256,0.0100635420531034,44939,6,"meta_highrescanopyheight_orthophoto",0.5,"orthophoto_50cm_2025","Vestlandet"
"NINFP1810010293",0.0195070561660594,0.0100609799847007,432398,16,"meta_highrescanopyheight_orthophoto",0.5,"orthophoto_50cm_2025","Vestlandet"
"NINFP2010038234",0.0162352822687889,0.0105681661516428,11193,4,"meta_highrescanopyheight_orthophoto",0.5,"orthophoto_50cm_2025","Vestlandet"
"NINFP1810046813",0.0254857889133663,0.0101846279576421,405723,23,"meta_highrescanopyheight_orthophoto",0.5,"orthophoto_50cm_2025","Vestlandet"
"NINFP1810016383",0.01281063009103,0.0100665185600519,55280,3,"meta_highrescanopyheight_orthophoto",0.5,"orthophoto_50cm_2025","Vestlandet"
"NINFP2110035803",0.0435111459989387,0.0103012430481613,1196,1,"meta_highrescanopyheight_orthophoto",0.5,"orthophoto_50cm_2025","Vestlandet"
"NINFP2110009908",0.0125464354571305,0.0100801568478346,26645,4,"meta_highrescanopyheight_orthophoto",0.5,"orthophoto_50cm_2025","Vestlandet"
"NINFP2410167567",0.218157342879168,0.0112381763756275,15740,2,"meta_highrescanopyheight_orthophoto",0.5,"orthophoto_50cm_2025","Vestlandet"
"NINFP2210098945",0.0100731048825319,0.0100539815612137,29456,5,"meta_highrescanopyheight_orthophoto",0.5,"orthophoto_50cm_2025","Vestlandet"
"NINFP2010037814",2.78151420750292,1.12806618213654,11424,3,"meta_highrescanopyheight_orthophoto",0.5,"orthophoto_50cm_2025","Vestlandet"
"NINFP2310129525",0.0319466634569595,0.0104339453391731,3152,4,"meta_highrescanopyheight_orthophoto",0.5,"orthophoto_50cm_2025","Vestlandet"
"NINFP2110009100",0.99720947186719,0.0252653146162629,217080,13,"meta_highrescanopyheight_orthophoto",0.5,"orthophoto_50cm_2025","Vestlandet"
"NINFP2110023607",0.0100401138234837,0.0100365141406655,6031,2,"meta_highrescanopyheight_orthophoto",0.5,"orthophoto_50cm_2025","Vestlandet"
"NINFP1810036342",0.150203394686325,0.0187815492972732,8102,4,"meta_highrescanopyheight_orthophoto",0.5,"orthophoto_50cm_2025","Vestlandet"
"NINFP2410158747",1.8748516580839,0.10700649023056,2785,1,"meta_highrescanopyheight_orthophoto",0.5,"orthophoto_50cm_2025","Vestlandet"
"NINFP2410174074",2.57345164750292,2.03882932662964,28855,6,"meta_highrescanopyheight_orthophoto",0.5,"orthophoto_50cm_2025","Vestlandet"
"NINFP2310134808",0.0337858100757227,0.0102004501968622,6318,4,"meta_highrescanopyheight_orthophoto",0.5,"orthophoto_50cm_2025","Vestlandet"
"NINFP2110041682",0.0101787385449671,0.0101300533860922,8119,3,"meta_highrescanopyheight_orthophoto",0.5,"orthophoto_50cm_2025","Vestlandet"
"NINFP1810016913",9.64519255354857,10.4072794914246,23860,2,"meta_highrescanopyheight_orthophoto",0.5,"orthophoto_50cm_2025","Vestlandet"
"NINFP2210095284",0.0298904167320337,0.010348454117775,43648,6,"meta_highrescanopyheight_orthophoto",0.5,"orthophoto_50cm_2025","Vestlandet"
"NINFP2310134070",0.97933189237091,0.302719593048096,8299,4,"meta_highrescanopyheight_orthophoto",0.5,"orthophoto_50cm_2025","Vestlandet"
"NINFP2310123315",0.0100642243456228,0.010023333132267,657313,25,"meta_highrescanopyheight_orthophoto",0.5,"orthophoto_50cm_2025","Vestlandet"
"NINFP2010023815",0.0225162910154709,0.0136049641296268,7513,4,"meta_highrescanopyheight_orthophoto",0.5,"orthophoto_50cm_2025","Vestlandet"
"NINFP2110048181",0.419443665998446,0.0221648551523685,50164,4,"meta_highrescanopyheight_orthophoto",0.5,"orthophoto_50cm_2025","Vestlandet"
"NINFP2110024548",0.0104092819958183,0.0100929047912359,125609,6,"meta_highrescanopyheight_orthophoto",0.5,"orthophoto_50cm_2025","Vestlandet"
"NINFP2410177250",0.0101120085713101,0.0101000955328345,5043,2,"meta_highrescanopyheight_orthophoto",0.5,"orthophoto_50cm_2025","Vestlandet"
"NINFP2010022778",0.0140056464106716,0.0104182828217745,4615,1,"meta_highrescanopyheight_orthophoto",0.5,"orthophoto_50cm_2025","Vestlandet"
"NINFP1810018247",4.31388421626682,4.16409397125244,9251,4,"meta_highrescanopyheight_orthophoto",0.5,"orthophoto_50cm_2025","Vestlandet"
"NINFP1810038441",0.202329950160108,0.0102546834386885,566432,26,"meta_highrescanopyheight_orthophoto",0.5,"orthophoto_50cm_2025","Vestlandet"
"NINFP1810015752",0.010018126410925,0.0100152334198356,91789,6,"meta_highrescanopyheight_orthophoto",0.5,"orthophoto_50cm_2025","Vestlandet"
"NINFP2010055877",0.0113490893827033,0.0105646280571818,12386,2,"meta_highrescanopyheight_orthophoto",0.5,"orthophoto_50cm_2025","Vestlandet"
"NINFP2210110002",0.0102295671493312,0.0100623145699501,22877,4,"meta_highrescanopyheight_orthophoto",0.5,"orthophoto_50cm_2025","Vestlandet"
"NINFP1810012273",0.0105856659705726,0.0100999269634485,98467,5,"meta_highrescanopyheight_orthophoto",0.5,"orthophoto_50cm_2025","Vestlandet"
"NINFP1810019758",0.791013009027402,0.0107349650934339,41693,6,"meta_highrescanopyheight_orthophoto",0.5,"orthophoto_50cm_2025","Vestlandet"
"NINFP2210104995",0.0357486811505629,0.0100685739889741,65931,2,"meta_highrescanopyheight_orthophoto",0.5,"orthophoto_50cm_2025","Vestlandet"
"NINFP1810018412",4.71614087042685,4.90169882774353,10164,4,"meta_highrescanopyheight_orthophoto",0.5,"orthophoto_50cm_2025","Vestlandet"
"NINFP2310124291",0.0117453620293581,0.01041872613132,11262,4,"meta_highrescanopyheight_orthophoto",0.5,"orthophoto_50cm_2025","Vestlandet"
"NINFP2310133509",0.133113754981969,0.0105100674554706,13545,2,"meta_highrescanopyheight_orthophoto",0.5,"orthophoto_50cm_2025","Vestlandet"
"NINFP1810045548",1.54121135465654,0.116013914346695,22243,2,"meta_highrescanopyheight_orthophoto",0.5,"orthophoto_50cm_2025","Vestlandet"
"NINFP1810018317",0.0193826743779555,0.0102150710299611,20173,3,"meta_highrescanopyheight_orthophoto",0.5,"orthophoto_50cm_2025","Vestlandet"
"NINFP1810045294",0.784745158850286,0.0338582657277584,6797,2,"meta_highrescanopyheight_orthophoto",0.5,"orthophoto_50cm_2025","Vestlandet"
"NINFP2510211446",2.73998170300645,1.60068136453629,32422,5,"meta_highrescanopyheight_orthophoto",0.5,"orthophoto_50cm_2025","Vestlandet"
"NINFP2410168978",3.47457628138342,2.78426516056061,25654,2,"meta_highrescanopyheight_orthophoto",0.5,"orthophoto_50cm_2025","Vestlandet"
"NINFP2310116236",0.071282415121429,0.0103553896769881,20368,2,"meta_highrescanopyheight_orthophoto",0.5,"orthophoto_50cm_2025","Vestlandet"
"NINFP2210083236",0.0821000706966172,0.0101814419031143,41247,4,"meta_highrescanopyheight_orthophoto",0.5,"orthophoto_50cm_2025","Vestlandet"
"NINFP2110036739",0.0106504852304723,0.0102574238553643,48948,4,"meta_highrescanopyheight_orthophoto",0.5,"orthophoto_50cm_2025","Vestlandet"
"NINFP1910047049",0.0264980775461025,0.0102648036554456,5871,1,"meta_highrescanopyheight_orthophoto",0.5,"orthophoto_50cm_2025","Vestlandet"
"NINFP2010054596",0.0104308037120288,0.010167489759624,4181,1,"meta_highrescanopyheight_orthophoto",0.5,"orthophoto_50cm_2025","Vestlandet"
"NINFP2410174984",6.34456375817501,7.20478343963623,32726,4,"meta_highrescanopyheight_orthophoto",0.5,"orthophoto_50cm_2025","Vestlandet"
"NINFP2210105017",0.126349493592904,0.0103789111599326,40173,4,"meta_highrescanopyheight_orthophoto",0.5,"orthophoto_50cm_2025","Vestlandet"
"NINFP2310120601",0.464375641546479,0.0154265034943819,38813,4,"meta_highrescanopyheight_orthophoto",0.5,"orthophoto_50cm_2025","Vestlandet"
"NINFP1810044554",0.0100620056941885,0.0100488630123436,24826,3,"meta_highrescanopyheight_orthophoto",0.5,"orthophoto_50cm_2025","Vestlandet"
"NINFP2110037289",0.463625598226855,0.0120770311914384,70828,7,"meta_highrescanopyheight_orthophoto",0.5,"orthophoto_50cm_2025","Vestlandet"
"NINFP1810002133",3.60657050609589,3.47644197940826,80,1,"meta_highrescanopyheight_orthophoto",0.5,"orthophoto_50cm_2025","Vestlandet"
"NINFP1810046002",0.0100186449842236,0.0100166159681976,9378,1,"meta_highrescanopyheight_orthophoto",0.5,"orthophoto_50cm_2025","Vestlandet"
"NINFP2410167791",0.0321717968157973,0.0103183817118406,2514,1,"meta_highrescanopyheight_orthophoto",0.5,"orthophoto_50cm_2025","Vestlandet"
"NINFP2110007634",0.0149427696278957,0.0101730292662978,7852,2,"meta_highrescanopyheight_orthophoto",0.5,"orthophoto_50cm_2025","Vestlandet"
"NINFP1810011745",0.0132349163953768,0.0100571247749031,48036,4,"meta_highrescanopyheight_orthophoto",0.5,"orthophoto_50cm_2025","Vestlandet"
"NINFP1810012198",0.0118880034554837,0.0101071912795305,71345,5,"meta_highrescanopyheight_orthophoto",0.5,"orthophoto_50cm_2025","Vestlandet"
"NINFP2110009919",0.0103441258520556,0.0102759730070829,1673,1,"meta_highrescanopyheight_orthophoto",0.5,"orthophoto_50cm_2025","Vestlandet"
"NINFP2010023941",0.0377557645474992,0.010430907830596,9208,2,"meta_highrescanopyheight_orthophoto",0.5,"orthophoto_50cm_2025","Vestlandet"
"NINFP2310141429",2.15189128428804,0.0495158899575472,6738,2,"meta_highrescanopyheight_orthophoto",0.5,"orthophoto_50cm_2025","Vestlandet"
"NINFP2010052562",0.475984330242171,0.0105739557184279,40236,4,"meta_highrescanopyheight_orthophoto",0.5,"orthophoto_50cm_2025","Vestlandet"
"NINFP1810038426",0.0235349749743614,0.0101140988990664,120944,8,"meta_highrescanopyheight_orthophoto",0.5,"orthophoto_50cm_2025","Vestlandet"
"NINFP1810043654",2.34314480331024,1.08577859401703,15883,2,"meta_highrescanopyheight_orthophoto",0.5,"orthophoto_50cm_2025","Vestlandet"
"NINFP1910002434",0.0100930550134298,0.0100632095709443,21684,4,"meta_highrescanopyheight_orthophoto",0.5,"orthophoto_50cm_2025","Vestlandet"
"NINFP2310121478",0.0100427360707613,0.0100408140569925,1239,1,"meta_highrescanopyheight_orthophoto",0.5,"orthophoto_50cm_2025","Vestlandet"
"NINFP1810010294",0.020071254359869,0.0100693088024855,180807,8,"meta_highrescanopyheight_orthophoto",0.5,"orthophoto_50cm_2025","Vestlandet"
"NINFP2210077952",5.1292154887473,5.01911401748657,4499,4,"meta_highrescanopyheight_orthophoto",0.5,"orthophoto_50cm_2025","Vestlandet"
"NINFP2510200615",0.265675233697455,0.0104436762630939,25443,4,"meta_highrescanopyheight_orthophoto",0.5,"orthophoto_50cm_2025","Vestlandet"
"NINFP2110044748",0.0306949506132269,0.0116673144511878,4648,1,"meta_highrescanopyheight_orthophoto",0.5,"orthophoto_50cm_2025","Vestlandet"
"NINFP2010018037",0.227518460850181,0.0109400032088161,20021,5,"meta_highrescanopyheight_orthophoto",0.5,"orthophoto_50cm_2025","Vestlandet"
"NINFP2110015607",0.0977870582559536,0.0115114520303905,6054,3,"meta_highrescanopyheight_orthophoto",0.5,"orthophoto_50cm_2025","Vestlandet"
"NINFP1910038269",5.55063513895229,5.8793785572052,9982,1,"meta_highrescanopyheight_orthophoto",0.5,"orthophoto_50cm_2025","Vestlandet"
"NINFP2210081884",6.36310461567421,6.43453645706177,6647,2,"meta_highrescanopyheight_orthophoto",0.5,"orthophoto_50cm_2025","Vestlandet"
"NINFP2010022625",0.0110156702927851,0.0102529777213931,6694,1,"meta_highrescanopyheight_orthophoto",0.5,"orthophoto_50cm_2025","Vestlandet"
"NINFP2110023596",0.0100999423371303,0.0100714191794395,12695,2,"meta_highrescanopyheight_orthophoto",0.5,"orthophoto_50cm_2025","Vestlandet"
"NINFP2010023826",0.0242811804162852,0.010198624804616,43341,6,"meta_highrescanopyheight_orthophoto",0.5,"orthophoto_50cm_2025","Vestlandet"
"NINFP1810043498",2.4519236902147,1.54340434074402,30811,5,"meta_highrescanopyheight_orthophoto",0.5,"orthophoto_50cm_2025","Vestlandet"
"NINFP2310130535",0.0427668835238918,0.0110023519955575,5198,4,"meta_highrescanopyheight_orthophoto",0.5,"orthophoto_50cm_2025","Vestlandet"
"NINFP2510186556",2.6001159299668,2.33735132217407,11728,2,"meta_highrescanopyheight_orthophoto",0.5,"orthophoto_50cm_2025","Vestlandet"
"NINFP2210085665",0.0309708399956939,0.0103722736239433,11897,2,"meta_highrescanopyheight_orthophoto",0.5,"orthophoto_50cm_2025","Vestlandet"
"NINFP1810013758",0.0100171572227004,0.0100159551948309,35466,4,"meta_highrescanopyheight_orthophoto",0.5,"orthophoto_50cm_2025","Vestlandet"
"NINFP2110039261",0.0101958106275196,0.0100280996412039,69129,7,"meta_highrescanopyheight_orthophoto",0.5,"orthophoto_50cm_2025","Vestlandet"
"NINFP2010012070",0.140035284289934,0.0111825782805681,39309,4,"meta_highrescanopyheight_orthophoto",0.5,"orthophoto_50cm_2025","Vestlandet"
"NINFP1910040413",5.76256909158821,6.26271200180054,4330,2,"meta_highrescanopyheight_orthophoto",0.5,"orthophoto_50cm_2025","Vestlandet"
"NINFP1810016947",2.90184833056447,0.990279376506805,17945,3,"meta_highrescanopyheight_orthophoto",0.5,"orthophoto_50cm_2025","Vestlandet"
"NINFP2010037164",0.271188967576915,0.0107230008579791,52924,5,"meta_highrescanopyheight_orthophoto",0.5,"orthophoto_50cm_2025","Vestlandet"
"NINFP1910005745",0.0100554077978812,0.0100391814485192,70125,6,"meta_highrescanopyheight_orthophoto",0.5,"orthophoto_50cm_2025","Vestlandet"
"NINFP2010008277",0.213252185855172,0.0108482586219907,12377,1,"meta_highrescanopyheight_orthophoto",0.5,"orthophoto_50cm_2025","Vestlandet"
"NINFP1910042253",0.0175273517397482,0.0104712201282382,18554,5,"meta_highrescanopyheight_orthophoto",0.5,"orthophoto_50cm_2025","Vestlandet"
"NINFP1810024461",0.047372620681475,0.0102114165201783,47414,6,"meta_highrescanopyheight_orthophoto",0.5,"orthophoto_50cm_2025","Vestlandet"
"NINFP2210085749",0.516964787953527,0.0569926202297211,37937,3,"meta_highrescanopyheight_orthophoto",0.5,"orthophoto_50cm_2025","Vestlandet"
"NINFP1910037347",0.594709032765975,0.0213691312819719,34869,4,"meta_highrescanopyheight_orthophoto",0.5,"orthophoto_50cm_2025","Vestlandet"
"NINFP2110023697",0.340804457454232,0.0122288898564875,158330,10,"meta_highrescanopyheight_orthophoto",0.5,"orthophoto_50cm_2025","Vestlandet"
"NINFP1910045018",5.06623259439203,4.76196885108948,7426,4,"meta_highrescanopyheight_orthophoto",0.5,"orthophoto_50cm_2025","Vestlandet"
"NINFP2510191152",1.5406112807707,0.0108062420040369,15150,3,"meta_highrescanopyheight_orthophoto",0.5,"orthophoto_50cm_2025","Vestlandet"
"NINFP1810014810",0.522988135538332,0.0123218055814505,45691,5,"meta_highrescanopyheight_orthophoto",0.5,"orthophoto_50cm_2025","Vestlandet"
"NINFP1810015740",2.49777827160626,1.13307499885559,8637,1,"meta_highrescanopyheight_orthophoto",0.5,"orthophoto_50cm_2025","Vestlandet"
"NINFP1810002262",0.279361629257113,0.0106348730623722,55099,3,"meta_highrescanopyheight_orthophoto",0.5,"orthophoto_50cm_2025","Vestlandet"
"NINFP2010015128",0.238999406558848,0.0118174706585705,4070,2,"meta_highrescanopyheight_orthophoto",0.5,"orthophoto_50cm_2025","Vestlandet"
"NINFP1810004594",1.12554400756293,0.123418129980564,43866,5,"meta_highrescanopyheight_orthophoto",0.5,"orthophoto_50cm_2025","Vestlandet"
"NINFP2010022613",0.0142433061132692,0.0101638659834862,39829,5,"meta_highrescanopyheight_orthophoto",0.5,"orthophoto_50cm_2025","Vestlandet"
"NINFP2310134468",0.0106989552414772,0.0103337280452251,57507,5,"meta_highrescanopyheight_orthophoto",0.5,"orthophoto_50cm_2025","Vestlandet"
"NINFP1810016306",6.53705152774715,7.47384071350098,8046,4,"meta_highrescanopyheight_orthophoto",0.5,"orthophoto_50cm_2025","Vestlandet"
"NINFP1810046381",4.56878795857124,4.96399879455566,6653,1,"meta_highrescanopyheight_orthophoto",0.5,"orthophoto_50cm_2025","Vestlandet"
"NINFP2310143271",3.56750350329319,2.46936917304993,23714,3,"meta_highrescanopyheight_orthophoto",0.5,"orthophoto_50cm_2025","Vestlandet"
"NINFP1910003080",0.010554929535736,0.0101910457015038,20093,3,"meta_highrescanopyheight_orthophoto",0.5,"orthophoto_50cm_2025","Vestlandet"
"NINFP1910029063",0.333165513265033,0.0278112981468439,4596,2,"meta_highrescanopyheight_orthophoto",0.5,"orthophoto_50cm_2025","Vestlandet"
"NINFP2410169398",0.841733686083055,0.0219193007797003,11370,4,"meta_highrescanopyheight_orthophoto",0.5,"orthophoto_50cm_2025","Vestlandet"
"NINFP2010043049",0.010644671899842,0.0101581416092813,4376,2,"meta_highrescanopyheight_orthophoto",0.5,"orthophoto_50cm_2025","Vestlandet"
"NINFP1810014206",0.0100154852478604,0.0100138024426997,43906,4,"meta_highrescanopyheight_orthophoto",0.5,"orthophoto_50cm_2025","Vestlandet"
"NINFP2210105010",0.515141132508986,0.010672016069293,18685,3,"meta_highrescanopyheight_orthophoto",0.5,"orthophoto_50cm_2025","Vestlandet"
"NINFP1910037416",4.09005399511985,3.8764374256134,3810,2,"meta_highrescanopyheight_orthophoto",0.5,"orthophoto_50cm_2025","Vestlandet"
"NINFP2010053034",0.0102333608530744,0.0101445512846112,17541,3,"meta_highrescanopyheight_orthophoto",0.5,"orthophoto_50cm_2025","Vestlandet"
"NINFP2510205521",0.537713629812936,0.011035418137908,10015,1,"meta_highrescanopyheight_orthophoto",0.5,"orthophoto_50cm_2025","Vestlandet"
"NINFP1910003079",0.0101176898648403,0.0100702592171729,4146,1,"meta_highrescanopyheight_orthophoto",0.5,"orthophoto_50cm_2025","Vestlandet"
"NINFP2010022634",0.0117231606927422,0.0103452266193926,9958,4,"meta_highrescanopyheight_orthophoto",0.5,"orthophoto_50cm_2025","Vestlandet"
"NINFP2410168761",0.5033858854103,0.0111190266907215,11659,3,"meta_highrescanopyheight_orthophoto",0.5,"orthophoto_50cm_2025","Vestlandet"
"NINFP1810009580",1.20466618445705,0.0188866462558508,45893,6,"meta_highrescanopyheight_orthophoto",0.5,"orthophoto_50cm_2025","Vestlandet"
"NINFP2010053808",0.0118037456614007,0.0101440525613725,26262,3,"meta_highrescanopyheight_orthophoto",0.5,"orthophoto_50cm_2025","Vestlandet"
"NINFP1810021190",0.888209736647495,0.0115187242627144,5325,1,"meta_highrescanopyheight_orthophoto",0.5,"orthophoto_50cm_2025","Vestlandet"
"NINFP1910039131",4.87519282765478,4.14394426345825,535,1,"meta_highrescanopyheight_orthophoto",0.5,"orthophoto_50cm_2025","Vestlandet"
"NINFP2310116266",0.491477564693668,0.0128583610057831,11723,4,"meta_highrescanopyheight_orthophoto",0.5,"orthophoto_50cm_2025","Vestlandet"
"NINFP2410152968",0.0100445360220925,0.010027389973402,118323,11,"meta_highrescanopyheight_orthophoto",0.5,"orthophoto_50cm_2025","Vestlandet"
"NINFP1810015626",4.23453878406243,4.29797458648682,21938,4,"meta_highrescanopyheight_orthophoto",0.5,"orthophoto_50cm_2025","Vestlandet"
"NINFP1910049860",1.86228595671709,0.872441172599792,6439,2,"meta_highrescanopyheight_orthophoto",0.5,"orthophoto_50cm_2025","Vestlandet"
"NINFP1810025793",0.0100972064212746,0.0100663895718753,18122,2,"meta_highrescanopyheight_orthophoto",0.5,"orthophoto_50cm_2025","Vestlandet"
"NINFP2310118326",3.74776724273123,3.67410707473755,18267,4,"meta_highrescanopyheight_orthophoto",0.5,"orthophoto_50cm_2025","Vestlandet"
"NINFP2410163515",0.0111677318232473,0.0100972084328532,127840,11,"meta_highrescanopyheight_orthophoto",0.5,"orthophoto_50cm_2025","Vestlandet"
"NINFP2210081004",0.0489772920441456,0.0104300556704402,2728,2,"meta_highrescanopyheight_orthophoto",0.5,"orthophoto_50cm_2025","Vestlandet"
"NINFP1810014074",0.0456734213583106,0.0101858656853437,36843,5,"meta_highrescanopyheight_orthophoto",0.5,"orthophoto_50cm_2025","Vestlandet"
"NINFP1810014073",0.0101460471403369,0.0101141440682113,6122,1,"meta_highrescanopyheight_orthophoto",0.5,"orthophoto_50cm_2025","Vestlandet"
"NINFP1910029102",0.172194261567134,0.0106456661596894,49748,5,"meta_highrescanopyheight_orthophoto",0.5,"orthophoto_50cm_2025","Vestlandet"
"NINFP1810029021",0.813821733122929,0.0116226281970739,457221,17,"meta_highrescanopyheight_orthophoto",0.5,"orthophoto_50cm_2025","Vestlandet"
"NINFP2310115851",1.80268070653807,0.206717029213905,4044,1,"meta_highrescanopyheight_orthophoto",0.5,"orthophoto_50cm_2025","Vestlandet"
"NINFP1810018452",0.59310694478272,0.0148080205544829,173785,10,"meta_highrescanopyheight_orthophoto",0.5,"orthophoto_50cm_2025","Vestlandet"
"NINFP1810010299",0.031497899317736,0.0100474637001753,314354,11,"meta_highrescanopyheight_orthophoto",0.5,"orthophoto_50cm_2025","Vestlandet"
"NINFP1910014788",2.68333169013091,1.70079749822617,3060,2,"meta_highrescanopyheight_orthophoto",0.5,"orthophoto_50cm_2025","Vestlandet"
"NINFP1810033974",0.0241924679911551,0.0101809045299888,113438,10,"meta_highrescanopyheight_orthophoto",0.5,"orthophoto_50cm_2025","Vestlandet"
"NINFP2110007210",5.28661467739877,5.5418918132782,31654,6,"meta_highrescanopyheight_orthophoto",0.5,"orthophoto_50cm_2025","Vestlandet"
"NINFP1910029112",0.297610731201283,0.0204001348465681,5295,4,"meta_highrescanopyheight_orthophoto",0.5,"orthophoto_50cm_2025","Vestlandet"
"NINFP2110023328",0.0102210718480637,0.0100241545587778,4800,2,"meta_highrescanopyheight_orthophoto",0.5,"orthophoto_50cm_2025","Vestlandet"
"NINFP2010015597",3.07874047894141,2.62004351615906,9329,4,"meta_highrescanopyheight_orthophoto",0.5,"orthophoto_50cm_2025","Vestlandet"
"NINFP1810007342",3.28734410806888,2.15759742259979,44102,7,"meta_highrescanopyheight_orthophoto",0.5,"orthophoto_50cm_2025","Vestlandet"
"NINFP1810005321",0.441438610373154,0.0102856187149882,47505,6,"meta_highrescanopyheight_orthophoto",0.5,"orthophoto_50cm_2025","Vestlandet"
"NINFP2210095834",0.146480978327565,0.0103074088692665,26143,4,"meta_highrescanopyheight_orthophoto",0.5,"orthophoto_50cm_2025","Vestlandet"
"NINFP1810016937",3.18594137932421,2.05952119827271,5855,4,"meta_highrescanopyheight_orthophoto",0.5,"orthophoto_50cm_2025","Vestlandet"
"NINFP1810037812",0.0104500358061902,0.0102268378250301,4322,1,"meta_highrescanopyheight_orthophoto",0.5,"orthophoto_50cm_2025","Vestlandet"
"NINFP1910049869",0.0159691569419598,0.0103601776063442,18830,4,"meta_highrescanopyheight_orthophoto",0.5,"orthophoto_50cm_2025","Vestlandet"
"NINFP2210107284",0.056770565339227,0.0113226091489196,52827,5,"meta_highrescanopyheight_orthophoto",0.5,"orthophoto_50cm_2025","Vestlandet"
"NINFP2510213551",0.0210770558254023,0.010078270919621,15399,4,"meta_highrescanopyheight_orthophoto",0.5,"orthophoto_50cm_2025","Vestlandet"
"NINFP1810018313",0.010315558566754,0.0100747244432569,35932,4,"meta_highrescanopyheight_orthophoto",0.5,"orthophoto_50cm_2025","Vestlandet"
"NINFP2010030390",1.88643324474206,1.04307276010513,5458,2,"meta_highrescanopyheight_orthophoto",0.5,"orthophoto_50cm_2025","Vestlandet"
"NINFP2210108503",1.43434720141634,0.0775004029273987,4633,2,"meta_highrescanopyheight_orthophoto",0.5,"orthophoto_50cm_2025","Vestlandet"
"NINFP2110008133",1.01341820445163,0.0199267584830523,50970,4,"meta_highrescanopyheight_orthophoto",0.5,"orthophoto_50cm_2025","Vestlandet"
"NINFP2510188474",6.08989583951042,6.4382152557373,8170,2,"meta_highrescanopyheight_orthophoto",0.5,"orthophoto_50cm_2025","Vestlandet"
"NINFP1810043102",0.725964304560483,0.0278538446873426,189897,11,"meta_highrescanopyheight_orthophoto",0.5,"orthophoto_50cm_2025","Vestlandet"
"NINFP2110015409",0.0836732853190022,0.0102233975194395,9986,4,"meta_highrescanopyheight_orthophoto",0.5,"orthophoto_50cm_2025","Vestlandet"
"NINFP1810043407",0.0796808395004834,0.010369555093348,71547,7,"meta_highrescanopyheight_orthophoto",0.5,"orthophoto_50cm_2025","Vestlandet"
"NINFP2410147720",0.688361449584909,0.0109425177797675,68355,6,"meta_highrescanopyheight_orthophoto",0.5,"orthophoto_50cm_2025","Vestlandet"
"NINFP2110015385",0.0910640501954521,0.0103209894150496,4940,2,"meta_highrescanopyheight_orthophoto",0.5,"orthophoto_50cm_2025","Vestlandet"
"NINFP1910043109",1.28296229670008,0.0469435472041368,9710,2,"meta_highrescanopyheight_orthophoto",0.5,"orthophoto_50cm_2025","Vestlandet"
"NINFP1910044778",6.61834090550678,6.20897960662842,14865,3,"meta_highrescanopyheight_orthophoto",0.5,"orthophoto_50cm_2025","Vestlandet"
"NINFP2210088672",0.216579449080878,0.0107584041543305,4492,2,"meta_highrescanopyheight_orthophoto",0.5,"orthophoto_50cm_2025","Vestlandet"
"NINFP1810012519",0.0176124626099359,0.0100638270378113,76589,6,"meta_highrescanopyheight_orthophoto",0.5,"orthophoto_50cm_2025","Vestlandet"
"NINFP1810011492",0.0100244530617101,0.0100209545344114,34045,2,"meta_highrescanopyheight_orthophoto",0.5,"orthophoto_50cm_2025","Vestlandet"
"NINFP1810045673",0.0106256199091588,0.0100533263757825,59392,6,"meta_highrescanopyheight_orthophoto",0.5,"orthophoto_50cm_2025","Vestlandet"
"NINFP1810002263",0.0347197066801481,0.0267218360677361,78,1,"meta_highrescanopyheight_orthophoto",0.5,"orthophoto_50cm_2025","Vestlandet"
"NINFP1810016253",4.73269550147226,3.96155405044556,29373,5,"meta_highrescanopyheight_orthophoto",0.5,"orthophoto_50cm_2025","Vestlandet"
"NINFP2310118881",0.0107442637361969,0.0102078914642334,13040,3,"meta_highrescanopyheight_orthophoto",0.5,"orthophoto_50cm_2025","Vestlandet"
"NINFP2110050073",0.0184454369169805,0.0105160004459321,10688,2,"meta_highrescanopyheight_orthophoto",0.5,"orthophoto_50cm_2025","Vestlandet"
"NINFP1810011744",0.010207223344002,0.0100200418382883,42379,3,"meta_highrescanopyheight_orthophoto",0.5,"orthophoto_50cm_2025","Vestlandet"
"NINFP1910035660",2.2229421524331,2.17585611343384,80,2,"meta_highrescanopyheight_orthophoto",0.5,"orthophoto_50cm_2025","Vestlandet"
"NINFP2110039259",0.189458489736157,0.0119724944233894,175361,9,"meta_highrescanopyheight_orthophoto",0.5,"orthophoto_50cm_2025","Vestlandet"
"NINFP1910009141",0.0102980928344869,0.0100633041001856,52730,5,"meta_highrescanopyheight_orthophoto",0.5,"orthophoto_50cm_2025","Vestlandet"
"NINFP2310135007",0.0101249375924604,0.010056312661618,50258,4,"meta_highrescanopyheight_orthophoto",0.5,"orthophoto_50cm_2025","Vestlandet"
"NINFP2010013417",0.0665935782067627,0.0111368289217353,11563,2,"meta_highrescanopyheight_orthophoto",0.5,"orthophoto_50cm_2025","Vestlandet"
"NINFP2010006744",3.97625300621365,3.60144138336182,5593,2,"meta_highrescanopyheight_orthophoto",0.5,"orthophoto_50cm_2025","Vestlandet"
"NINFP2010015129",1.73609602472558,0.371524274349213,22742,4,"meta_highrescanopyheight_orthophoto",0.5,"orthophoto_50cm_2025","Vestlandet"
"NINFP1810018139",5.39860575549377,5.64671468734741,9154,2,"meta_highrescanopyheight_orthophoto",0.5,"orthophoto_50cm_2025","Vestlandet"
"NINFP2010037944",5.10259270519241,5.51342535018921,11931,2,"meta_highrescanopyheight_orthophoto",0.5,"orthophoto_50cm_2025","Vestlandet"
"NINFP1910048641",0.0741877196975677,0.0109800891950727,20040,2,"meta_highrescanopyheight_orthophoto",0.5,"orthophoto_50cm_2025","Vestlandet"
"NINFP2410172715",0.0237914521737058,0.0100482329726219,116954,9,"meta_highrescanopyheight_orthophoto",0.5,"orthophoto_50cm_2025","Vestlandet"
"NINFP1810011494",0.0279312630525507,0.0100324125960469,183138,9,"meta_highrescanopyheight_orthophoto",0.5,"orthophoto_50cm_2025","Vestlandet"
"NINFP2210089771",0.0826606199727382,0.0106443809345365,39556,5,"meta_highrescanopyheight_orthophoto",0.5,"orthophoto_50cm_2025","Vestlandet"
"NINFP1810011742",0.0105768716852731,0.010029885917902,160665,13,"meta_highrescanopyheight_orthophoto",0.5,"orthophoto_50cm_2025","Vestlandet"
"NINFP2210093278",0.0234530212314739,0.0101858330890536,31260,3,"meta_highrescanopyheight_orthophoto",0.5,"orthophoto_50cm_2025","Vestlandet"
"NINFP1810045867",0.0207768395955201,0.0100888479501009,8877,2,"meta_highrescanopyheight_orthophoto",0.5,"orthophoto_50cm_2025","Vestlandet"
"NINFP2010019250",1.13909043443266,0.0992079973220825,13877,4,"meta_highrescanopyheight_orthophoto",0.5,"orthophoto_50cm_2025","Vestlandet"
"NINFP2210112583",0.0148096083868775,0.0103792622685432,88751,6,"meta_highrescanopyheight_orthophoto",0.5,"orthophoto_50cm_2025","Vestlandet"
"NINFP2210108663",2.52464391472085,1.59286296367645,60484,4,"meta_highrescanopyheight_orthophoto",0.5,"orthophoto_50cm_2025","Vestlandet"
"NINFP1810039882",1.37150699465205,0.0402211733162403,67446,6,"meta_highrescanopyheight_orthophoto",0.5,"orthophoto_50cm_2025","Vestlandet"
"NINFP2410182035",2.04040315638347,1.48493802547455,13124,3,"meta_highrescanopyheight_orthophoto",0.5,"orthophoto_50cm_2025","Vestlandet"
"NINFP1810026588",0.913190603627143,0.0123717254027724,200495,14,"meta_highrescanopyheight_orthophoto",0.5,"orthophoto_50cm_2025","Vestlandet"
"NINFP2510198277",0.068082494601993,0.0106773492880166,35684,3,"meta_highrescanopyheight_orthophoto",0.5,"orthophoto_50cm_2025","Vestlandet"
"NINFP2010014254",0.0279342473106851,0.0100667448714375,103166,8,"meta_highrescanopyheight_orthophoto",0.5,"orthophoto_50cm_2025","Vestlandet"
"NINFP1810035503",3.63843626859391,2.7898576259613,7556,2,"meta_highrescanopyheight_orthophoto",0.5,"orthophoto_50cm_2025","Vestlandet"
"NINFP2310130212",0.256658740826593,0.0115119558759034,10150,4,"meta_highrescanopyheight_orthophoto",0.5,"orthophoto_50cm_2025","Vestlandet"
"NINFP1810014479",0.0102658121102344,0.0102033521980047,12328,2,"meta_highrescanopyheight_orthophoto",0.5,"orthophoto_50cm_2025","Vestlandet"
"NINFP2410152630",0.0100989050142674,0.0100744795054197,15870,5,"meta_highrescanopyheight_orthophoto",0.5,"orthophoto_50cm_2025","Vestlandet"
"NINFP1810012975",0.0100318364157322,0.0100164525210857,27288,3,"meta_highrescanopyheight_orthophoto",0.5,"orthophoto_50cm_2025","Vestlandet"
"NINFP2310119044",0.0102505507126599,0.0102278832346201,2602,2,"meta_highrescanopyheight_orthophoto",0.5,"orthophoto_50cm_2025","Vestlandet"
"NINFP1810005501",0.0106894089590179,0.0100333048030734,26394,3,"meta_highrescanopyheight_orthophoto",0.5,"orthophoto_50cm_2025","Vestlandet"
"NINFP2310118283",0.0104442440592218,0.0102599733509123,1538,2,"meta_highrescanopyheight_orthophoto",0.5,"orthophoto_50cm_2025","Vestlandet"
"NINFP2010023824",0.0198865809596329,0.0102096321061254,19615,4,"meta_highrescanopyheight_orthophoto",0.5,"orthophoto_50cm_2025","Vestlandet"
"NINFP2210081014",0.326150019900742,0.0117913871072233,2806,2,"meta_highrescanopyheight_orthophoto",0.5,"orthophoto_50cm_2025","Vestlandet"
"NINFP2110023562",0.0229034412616319,0.0101741487160325,32189,4,"meta_highrescanopyheight_orthophoto",0.5,"orthophoto_50cm_2025","Vestlandet"
"NINFP2410163381",0.0121461446699554,0.0100525505840778,53962,5,"meta_highrescanopyheight_orthophoto",0.5,"orthophoto_50cm_2025","Vestlandet"
"NINFP2310134540",0.0117599478564486,0.0101467715576291,128452,8,"meta_highrescanopyheight_orthophoto",0.5,"orthophoto_50cm_2025","Vestlandet"
"NINFP2410168234",1.1966848014533,0.123389393091202,51291,5,"meta_highrescanopyheight_orthophoto",0.5,"orthophoto_50cm_2025","Vestlandet"
"NINFP2010031043",0.0140757889673305,0.011571672745049,1953,1,"meta_highrescanopyheight_orthophoto",0.5,"orthophoto_50cm_2025","Vestlandet"
"NINFP2510188490",0.0100379447105836,0.0100191505625844,104409,8,"meta_highrescanopyheight_orthophoto",0.5,"orthophoto_50cm_2025","Vestlandet"
"NINFP2210082068",5.43246365686602,5.81168460845947,4183,1,"meta_highrescanopyheight_orthophoto",0.5,"orthophoto_50cm_2025","Vestlandet"
"NINFP2310140654",3.35994174209229,0.543212056159973,12301,3,"meta_highrescanopyheight_orthophoto",0.5,"orthophoto_50cm_2025","Vestlandet"
"NINFP2310135005",0.0117269886198164,0.010460480581969,8522,2,"meta_highrescanopyheight_orthophoto",0.5,"orthophoto_50cm_2025","Vestlandet"
"NINFP2310118878",0.0115284810749115,0.0102546634152532,5869,2,"meta_highrescanopyheight_orthophoto",0.5,"orthophoto_50cm_2025","Vestlandet"
"NINFP1810016291",5.38137073788404,5.57512474060059,9213,2,"meta_highrescanopyheight_orthophoto",0.5,"orthophoto_50cm_2025","Vestlandet"
"NINFP1910029053",0.0553883405034635,0.0102322325110435,459967,18,"meta_highrescanopyheight_orthophoto",0.5,"orthophoto_50cm_2025","Vestlandet"
"NINFP2210083626",0.081493515532987,0.0101503087207675,14170,2,"meta_highrescanopyheight_orthophoto",0.5,"orthophoto_50cm_2025","Vestlandet"
"NINFP2010031354",0.618140326621366,0.0115681756287813,28052,5,"meta_highrescanopyheight_orthophoto",0.5,"orthophoto_50cm_2025","Vestlandet"
"NINFP1810007348",5.43701755510837,5.33097839355469,26997,4,"meta_highrescanopyheight_orthophoto",0.5,"orthophoto_50cm_2025","Vestlandet"
"NINFP2410170153",0.0142539912766712,0.0100371530279517,55673,6,"meta_highrescanopyheight_orthophoto",0.5,"orthophoto_50cm_2025","Vestlandet"
"NINFP2310124052",0.010338062740752,0.010145484469831,6415,3,"meta_highrescanopyheight_orthophoto",0.5,"orthophoto_50cm_2025","Vestlandet"
"NINFP2110016829",0.0250285609549482,0.0101228253915906,15506,4,"meta_highrescanopyheight_orthophoto",0.5,"orthophoto_50cm_2025","Vestlandet"
"NINFP1910021063",0.266326026463264,0.0102913929149508,8543,4,"meta_highrescanopyheight_orthophoto",0.5,"orthophoto_50cm_2025","Vestlandet"
"NINFP2010030744",0.0106088923630126,0.010324742179364,59604,7,"meta_highrescanopyheight_orthophoto",0.5,"orthophoto_50cm_2025","Vestlandet"
"NINFP1810018120",8.92070772262303,9.94141101837158,48242,4,"meta_highrescanopyheight_orthophoto",0.5,"orthophoto_50cm_2025","Vestlandet"
"NINFP2010012903",3.01189858737988,3.38470077514648,1135,2,"meta_highrescanopyheight_orthophoto",0.5,"orthophoto_50cm_2025","Vestlandet"
"NINFP2210089468",0.0994777824933396,0.0107685383409262,14794,4,"meta_highrescanopyheight_orthophoto",0.5,"orthophoto_50cm_2025","Vestlandet"
"NINFP1910040960",3.2257011242,2.12085688114166,12572,3,"meta_highrescanopyheight_orthophoto",0.5,"orthophoto_50cm_2025","Vestlandet"
"NINFP1810045311",1.65498651193079,0.812737822532654,4260,4,"meta_highrescanopyheight_orthophoto",0.5,"orthophoto_50cm_2025","Vestlandet"
"NINFP1810014072",0.474678446793054,0.0352620966732502,6006,1,"meta_highrescanopyheight_orthophoto",0.5,"orthophoto_50cm_2025","Vestlandet"
"NINFP2310140701",0.165410351364099,0.01037642871961,40108,4,"meta_highrescanopyheight_orthophoto",0.5,"orthophoto_50cm_2025","Vestlandet"
"NINFP1810038449",0.147609410548466,0.0100913466885686,90844,6,"meta_highrescanopyheight_orthophoto",0.5,"orthophoto_50cm_2025","Vestlandet"
"NINFP1910035635",0.225449573844187,0.0102096609771252,14235,3,"meta_highrescanopyheight_orthophoto",0.5,"orthophoto_50cm_2025","Vestlandet"
"NINFP1810043478",1.40185909105819,0.163801252841949,112535,8,"meta_highrescanopyheight_orthophoto",0.5,"orthophoto_50cm_2025","Vestlandet"
"NINFP2310135202",0.0417290276811755,0.0115462467074394,1577,1,"meta_highrescanopyheight_orthophoto",0.5,"orthophoto_50cm_2025","Vestlandet"
"NINFP2310118173",0.67726839195258,0.01246466813609,20614,4,"meta_highrescanopyheight_orthophoto",0.5,"orthophoto_50cm_2025","Vestlandet"
"NINFP2310136179",0.836062081961309,0.0157611388713121,13929,2,"meta_highrescanopyheight_orthophoto",0.5,"orthophoto_50cm_2025","Vestlandet"
"NINFP2310123308",0.0100537700663998,0.0100293699651957,206155,10,"meta_highrescanopyheight_orthophoto",0.5,"orthophoto_50cm_2025","Vestlandet"
"NINFP2210082612",0.0101441185250388,0.0100680366158485,8355,2,"meta_highrescanopyheight_orthophoto",0.5,"orthophoto_50cm_2025","Vestlandet"
"NINFP2310119717",0.0102220116622582,0.0102013470605016,10186,2,"meta_highrescanopyheight_orthophoto",0.5,"orthophoto_50cm_2025","Vestlandet"
"NINFP1810016940",2.09644450305765,0.516119211912155,4668,1,"meta_highrescanopyheight_orthophoto",0.5,"orthophoto_50cm_2025","Vestlandet"
"NINFP2010013750",2.83047681756876,1.42422169446945,11096,3,"meta_highrescanopyheight_orthophoto",0.5,"orthophoto_50cm_2025","Vestlandet"
"NINFP1910036053",0.689880820822082,0.0315139219164848,4162,1,"meta_highrescanopyheight_orthophoto",0.5,"orthophoto_50cm_2025","Vestlandet"
"NINFP2510207797",0.224880649225655,0.0100728068500757,34535,4,"meta_highrescanopyheight_orthophoto",0.5,"orthophoto_50cm_2025","Vestlandet"
"NINFP1910001401",0.22591548358433,0.0118183707818389,5833,4,"meta_highrescanopyheight_orthophoto",0.5,"orthophoto_50cm_2025","Vestlandet"
"NINFP1810044440",1.1334482373229,0.129568934440613,93993,6,"meta_highrescanopyheight_orthophoto",0.5,"orthophoto_50cm_2025","Vestlandet"
"NINFP1810043830",4.21916010510305,4.10732340812683,4354,4,"meta_highrescanopyheight_orthophoto",0.5,"orthophoto_50cm_2025","Vestlandet"
"NINFP2310122042",0.178912071731747,0.0104344328865409,11800,2,"meta_highrescanopyheight_orthophoto",0.5,"orthophoto_50cm_2025","Vestlandet"
"NINFP2410159499",0.12141449367357,0.0139902364462614,5267,4,"meta_highrescanopyheight_orthophoto",0.5,"orthophoto_50cm_2025","Vestlandet"
"NINFP2310120003",0.0100987239182417,0.0100799649953842,4420,1,"meta_highrescanopyheight_orthophoto",0.5,"orthophoto_50cm_2025","Vestlandet"
"NINFP1810043298",0.472387949723155,0.0105373128317297,33918,4,"meta_highrescanopyheight_orthophoto",0.5,"orthophoto_50cm_2025","Vestlandet"
"NINFP2510186081",0.0914005370421167,0.010863178409636,16017,2,"meta_highrescanopyheight_orthophoto",0.5,"orthophoto_50cm_2025","Vestlandet"
"NINFP1810011254",0.0122517199414085,0.0100994110107422,590907,19,"meta_highrescanopyheight_orthophoto",0.5,"orthophoto_50cm_2025","Vestlandet"
"NINFP1810015665",0.01080016178388,0.0100213466212153,24192,3,"meta_highrescanopyheight_orthophoto",0.5,"orthophoto_50cm_2025","Vestlandet"
"NINFP2110048235",0.0119476517635081,0.0100590949878097,30879,8,"meta_highrescanopyheight_orthophoto",0.5,"orthophoto_50cm_2025","Vestlandet"
"NINFP2110053621",0.0437962238861386,0.0101801920682192,44063,6,"meta_highrescanopyheight_orthophoto",0.5,"orthophoto_50cm_2025","Vestlandet"
"NINFP2410152234",0.167840166147995,0.0101713240146637,76171,6,"meta_highrescanopyheight_orthophoto",0.5,"orthophoto_50cm_2025","Vestlandet"
"NINFP2010030770",0.0496425386611326,0.0101188500411808,8004,2,"meta_highrescanopyheight_orthophoto",0.5,"orthophoto_50cm_2025","Vestlandet"
"NINFP2410163390",0.0103914728882677,0.0100623345933855,42810,4,"meta_highrescanopyheight_orthophoto",0.5,"orthophoto_50cm_2025","Vestlandet"
"NINFP2010013973",0.010050875209847,0.0100476527586579,1749,1,"meta_highrescanopyheight_orthophoto",0.5,"orthophoto_50cm_2025","Vestlandet"
"NINFP2010013399",0.74896384626792,0.0317960977554321,30139,4,"meta_highrescanopyheight_orthophoto",0.5,"orthophoto_50cm_2025","Vestlandet"
"NINFP2410159592",3.63263673369879,3.5240159034729,7097,3,"meta_highrescanopyheight_orthophoto",0.5,"orthophoto_50cm_2025","Vestlandet"
"NINFP2310129891",0.171131530244473,0.0116794537752867,7137,2,"meta_highrescanopyheight_orthophoto",0.5,"orthophoto_50cm_2025","Vestlandet"
"NINFP1810016263",0.379251367583865,0.0134702539071441,12495,4,"meta_highrescanopyheight_orthophoto",0.5,"orthophoto_50cm_2025","Vestlandet"
"NINFP1810043701",0.198364462332488,0.0120371086522937,409992,19,"meta_highrescanopyheight_orthophoto",0.5,"orthophoto_50cm_2025","Vestlandet"
"NINFP2310123294",0.0101171573560472,0.0100681204348803,13191,1,"meta_highrescanopyheight_orthophoto",0.5,"orthophoto_50cm_2025","Vestlandet"
"NINFP1810012385",0.0100401470629663,0.0100414697080851,9293,2,"meta_highrescanopyheight_orthophoto",0.5,"orthophoto_50cm_2025","Vestlandet"
"NINFP2510215997",0.0105212556632185,0.0100908963941038,52856,7,"meta_highrescanopyheight_orthophoto",0.5,"orthophoto_50cm_2025","Vestlandet"
"NINFP1910037392",0.422184860329946,0.0109812198206782,3383,1,"meta_highrescanopyheight_orthophoto",0.5,"orthophoto_50cm_2025","Vestlandet"
"NINFP1810045284",0.14910487920508,0.0109816854819655,6022,1,"meta_highrescanopyheight_orthophoto",0.5,"orthophoto_50cm_2025","Vestlandet"
"NINFP2010020272",4.63849495787253,4.72121334075928,14871,2,"meta_highrescanopyheight_orthophoto",0.5,"orthophoto_50cm_2025","Vestlandet"
"NINFP2010012376",0.111943609159655,0.010547298938036,3063,2,"meta_highrescanopyheight_orthophoto",0.5,"orthophoto_50cm_2025","Vestlandet"
"NINFP2010023817",0.0117285682565386,0.01017597457394,4232,2,"meta_highrescanopyheight_orthophoto",0.5,"orthophoto_50cm_2025","Vestlandet"
"NINFP1910039091",0.918098277000099,0.372417151927948,7333,1,"meta_highrescanopyheight_orthophoto",0.5,"orthophoto_50cm_2025","Vestlandet"
"NINFP2010001428",0.210490150486123,0.0103168291971087,31187,4,"meta_highrescanopyheight_orthophoto",0.5,"orthophoto_50cm_2025","Vestlandet"
"NINFP2510218760",1.49907500352422,0.176407657563686,5294,3,"meta_highrescanopyheight_orthophoto",0.5,"orthophoto_50cm_2025","Vestlandet"
"NINFP1810029864",0.809590055646015,0.014460920356214,6296,2,"meta_highrescanopyheight_orthophoto",0.5,"orthophoto_50cm_2025","Vestlandet"
"NINFP1810003918",1.9100490138422,0.746846139431,4357,2,"meta_highrescanopyheight_orthophoto",0.5,"orthophoto_50cm_2025","Vestlandet"
"NINFP2510200621",1.6484471813708,0.151850834488869,11071,2,"meta_highrescanopyheight_orthophoto",0.5,"orthophoto_50cm_2025","Vestlandet"
"NINFP2310118160",0.0496503341609994,0.0104394135996699,160435,6,"meta_highrescanopyheight_orthophoto",0.5,"orthophoto_50cm_2025","Vestlandet"
"NINFP2210084620",7.6290491459266,7.51681184768677,11452,1,"meta_highrescanopyheight_orthophoto",0.5,"orthophoto_50cm_2025","Vestlandet"
"NINFP2210096405",0.0502288169211159,0.0102000785991549,25299,3,"meta_highrescanopyheight_orthophoto",0.5,"orthophoto_50cm_2025","Vestlandet"
"NINFP2010012147",3.94333368851288,3.7237560749054,32131,6,"meta_highrescanopyheight_orthophoto",0.5,"orthophoto_50cm_2025","Vestlandet"
"NINFP1810043855",4.42189063504764,3.97512698173523,13557,3,"meta_highrescanopyheight_orthophoto",0.5,"orthophoto_50cm_2025","Vestlandet"
"NINFP1910004166",0.010553622355019,0.0100286388769746,35672,4,"meta_highrescanopyheight_orthophoto",0.5,"orthophoto_50cm_2025","Vestlandet"
"NINFP2010023816",0.0107530101393632,0.0101893651299179,15762,4,"meta_highrescanopyheight_orthophoto",0.5,"orthophoto_50cm_2025","Vestlandet"
"NINFP1810012973",0.0125978034616551,0.0100322645157576,69626,5,"meta_highrescanopyheight_orthophoto",0.5,"orthophoto_50cm_2025","Vestlandet"
"NINFP2210104715",0.0102871688629546,0.0102344788610935,4262,4,"meta_highrescanopyheight_orthophoto",0.5,"orthophoto_50cm_2025","Vestlandet"
"NINFP1810016449",0.0104130223661364,0.0100214881822467,124499,9,"meta_highrescanopyheight_orthophoto",0.5,"orthophoto_50cm_2025","Vestlandet"
"NINFP2410167617",1.92673234662881,0.0360199380666018,27814,5,"meta_highrescanopyheight_orthophoto",0.5,"orthophoto_50cm_2025","Vestlandet"
"NINFP2310120682",0.58971913992269,0.0127349919639528,18066,4,"meta_highrescanopyheight_orthophoto",0.5,"orthophoto_50cm_2025","Vestlandet"
"NINFP1910029047",0.58886721841094,0.0199414975941181,9303,3,"meta_highrescanopyheight_orthophoto",0.5,"orthophoto_50cm_2025","Vestlandet"
"NINFP1810016866",0.459063374487339,0.0115307560190558,192372,14,"meta_highrescanopyheight_orthophoto",0.5,"orthophoto_50cm_2025","Vestlandet"
"NINFP2110022767",0.0112389242190283,0.0100359870120883,265254,13,"meta_highrescanopyheight_orthophoto",0.5,"orthophoto_50cm_2025","Vestlandet"
"NINFP2510215798",5.11904640386943,4.74516606330872,8304,1,"meta_highrescanopyheight_orthophoto",0.5,"orthophoto_50cm_2025","Vestlandet"
"NINFP2010038243",0.0679023491960367,0.0102950828149915,23273,4,"meta_highrescanopyheight_orthophoto",0.5,"orthophoto_50cm_2025","Vestlandet"
"NINFP2310140639",3.69497269138515,0.471092700958252,1647,2,"meta_highrescanopyheight_orthophoto",0.5,"orthophoto_50cm_2025","Vestlandet"
"NINFP2110015383",0.0111781580974135,0.0103218555450439,7947,2,"meta_highrescanopyheight_orthophoto",0.5,"orthophoto_50cm_2025","Vestlandet"
"NINFP2110065653",0.0677348844513106,0.0105112139135599,52967,5,"meta_highrescanopyheight_orthophoto",0.5,"orthophoto_50cm_2025","Vestlandet"
"NINFP2510197861",0.0128873551529385,0.0101065998896956,16266,2,"meta_highrescanopyheight_orthophoto",0.5,"orthophoto_50cm_2025","Vestlandet"
"NINFP1810041249",0.283128057723366,0.0103759719058871,145986,9,"meta_highrescanopyheight_orthophoto",0.5,"orthophoto_50cm_2025","Vestlandet"
"NINFP2110047763",0.0100331158627508,0.0100321108475327,13612,3,"meta_highrescanopyheight_orthophoto",0.5,"orthophoto_50cm_2025","Vestlandet"
"NINFP2310114638",0.0100656944233009,0.0100597646087408,24638,2,"meta_highrescanopyheight_orthophoto",0.5,"orthophoto_50cm_2025","Vestlandet"
"NINFP2110037719",1.63534448159493,0.486283704638481,4158,2,"meta_highrescanopyheight_orthophoto",0.5,"orthophoto_50cm_2025","Vestlandet"
"NINFP2010013429",2.48835516104716,1.55699127912521,10212,3,"meta_highrescanopyheight_orthophoto",0.5,"orthophoto_50cm_2025","Vestlandet"
"NINFP1810010936",0.0100615749757314,0.0100450590252876,119036,7,"meta_highrescanopyheight_orthophoto",0.5,"orthophoto_50cm_2025","Vestlandet"
"NINFP2410168354",0.733086754762149,0.0421599540859461,34198,3,"meta_highrescanopyheight_orthophoto",0.5,"orthophoto_50cm_2025","Vestlandet"
"NINFP2310143270",6.52766148467399,5.75976657867432,37257,4,"meta_highrescanopyheight_orthophoto",0.5,"orthophoto_50cm_2025","Vestlandet"
"NINFP1810016287",1.88382871029351,0.0551257412880659,10212,1,"meta_highrescanopyheight_orthophoto",0.5,"orthophoto_50cm_2025","Vestlandet"
"NINFP1810043697",1.79215248200804,0.607840418815613,82108,8,"meta_highrescanopyheight_orthophoto",0.5,"orthophoto_50cm_2025","Vestlandet"
"NINFP1810027909",0.13325799319475,0.0104072373360395,616347,21,"meta_highrescanopyheight_orthophoto",0.5,"orthophoto_50cm_2025","Vestlandet"
"NINFP2410161825",0.0251801219235578,0.0101028122007847,41410,5,"meta_highrescanopyheight_orthophoto",0.5,"orthophoto_50cm_2025","Vestlandet"
"NINFP2310135214",0.0108815144844951,0.0104784332215786,20317,3,"meta_highrescanopyheight_orthophoto",0.5,"orthophoto_50cm_2025","Vestlandet"
"NINFP2310121734",2.22876707762551,0.427507996559143,52887,8,"meta_highrescanopyheight_orthophoto",0.5,"orthophoto_50cm_2025","Vestlandet"
"NINFP1810033667",3.20339276733092,2.28153514862061,6670,1,"meta_highrescanopyheight_orthophoto",0.5,"orthophoto_50cm_2025","Vestlandet"
"NINFP1810011493",0.0100229632961473,0.0100169386714697,159875,11,"meta_highrescanopyheight_orthophoto",0.5,"orthophoto_50cm_2025","Vestlandet"
"NINFP2110041681",0.0102516002231543,0.010151008144021,4208,2,"meta_highrescanopyheight_orthophoto",0.5,"orthophoto_50cm_2025","Vestlandet"
"NINFP2010023939",0.174950488353457,0.0110816857777536,5610,2,"meta_highrescanopyheight_orthophoto",0.5,"orthophoto_50cm_2025","Vestlandet"
"NINFP2110061282",0.0367410615674859,0.0101531613618135,150293,13,"meta_highrescanopyheight_orthophoto",0.5,"orthophoto_50cm_2025","Vestlandet"
"NINFP1810001676",0.929365997821638,0.0156036713160574,53510,6,"meta_highrescanopyheight_orthophoto",0.5,"orthophoto_50cm_2025","Vestlandet"
"NINFP2110016030",0.01019279059561,0.0101225627586246,38849,4,"meta_highrescanopyheight_orthophoto",0.5,"orthophoto_50cm_2025","Vestlandet"
"NINFP1810043694",0.79283821864915,0.063665583729744,48685,4,"meta_highrescanopyheight_orthophoto",0.5,"orthophoto_50cm_2025","Vestlandet"
"NINFP2010011155",0.0913825988062388,0.010405819863081,65319,4,"meta_highrescanopyheight_orthophoto",0.5,"orthophoto_50cm_2025","Vestlandet"
"NINFP2010022621",0.0114352037335164,0.0102990297600627,7959,1,"meta_highrescanopyheight_orthophoto",0.5,"orthophoto_50cm_2025","Vestlandet"
"NINFP2210085787",1.94572023379062,0.684740990400314,171338,7,"meta_highrescanopyheight_orthophoto",0.5,"orthophoto_50cm_2025","Vestlandet"
"NINFP1810023610",0.0106944191391853,0.0105253644287586,6992,4,"meta_highrescanopyheight_orthophoto",0.5,"orthophoto_50cm_2025","Vestlandet"
"NINFP1810036881",0.0166670034748436,0.0101168463006616,72839,5,"meta_highrescanopyheight_orthophoto",0.5,"orthophoto_50cm_2025","Vestlandet"
"NINFP1810044067",2.07609332682006,0.476179361343384,285313,12,"meta_highrescanopyheight_orthophoto",0.5,"orthophoto_50cm_2025","Vestlandet"
"NINFP1810046781",1.3890358316704,0.127190783619881,48578,5,"meta_highrescanopyheight_orthophoto",0.5,"orthophoto_50cm_2025","Vestlandet"
"NINFP1810043473",3.0268236022117,3.02874326705933,4051,2,"meta_highrescanopyheight_orthophoto",0.5,"orthophoto_50cm_2025","Vestlandet"
"NINFP2010053450",4.77303929633684,5.04043769836426,4793,3,"meta_highrescanopyheight_orthophoto",0.5,"orthophoto_50cm_2025","Vestlandet"
"NINFP2510195316",0.301078588476446,0.0129567729309201,30518,5,"meta_highrescanopyheight_orthophoto",0.5,"orthophoto_50cm_2025","Vestlandet"
"NINFP2410157137",3.19339283148228,1.55352145433426,6130,2,"meta_highrescanopyheight_orthophoto",0.5,"orthophoto_50cm_2025","Vestlandet"
"NINFP1810043319",0.365869184170618,0.0103861736133695,55355,6,"meta_highrescanopyheight_orthophoto",0.5,"orthophoto_50cm_2025","Vestlandet"
"NINFP2510202865",0.0543169803316082,0.0103348479606211,8890,2,"meta_highrescanopyheight_orthophoto",0.5,"orthophoto_50cm_2025","Vestlandet"
"NINFP2310121943",0.0102461604073379,0.0100960498675704,18451,3,"meta_highrescanopyheight_orthophoto",0.5,"orthophoto_50cm_2025","Vestlandet"
"NINFP2010055878",0.0190314574447062,0.0103315347805619,27421,3,"meta_highrescanopyheight_orthophoto",0.5,"orthophoto_50cm_2025","Vestlandet"
"NINFP1810040200",1.05233364861226,0.0208127172663808,66942,5,"meta_highrescanopyheight_orthophoto",0.5,"orthophoto_50cm_2025","Vestlandet"
"NINFP1810011624",0.0529065246720043,0.0103347031399608,34836,3,"meta_highrescanopyheight_orthophoto",0.5,"orthophoto_50cm_2025","Vestlandet"
"NINFP2310114642",0.0100918184823798,0.0100719071924686,31588,2,"meta_highrescanopyheight_orthophoto",0.5,"orthophoto_50cm_2025","Vestlandet"
"NINFP2010015792",0.485553127729116,0.010492691770196,6859,2,"meta_highrescanopyheight_orthophoto",0.5,"orthophoto_50cm_2025","Vestlandet"
"NINFP2010021059",0.0233480143384701,0.0102214994840324,67782,6,"meta_highrescanopyheight_orthophoto",0.5,"orthophoto_50cm_2025","Vestlandet"
"NINFP1810045822",0.010060189739008,0.0100557543337345,3501,2,"meta_highrescanopyheight_orthophoto",0.5,"orthophoto_50cm_2025","Vestlandet"
"NINFP2310120613",1.1778246231138,0.0739613510668278,7882,1,"meta_highrescanopyheight_orthophoto",0.5,"orthophoto_50cm_2025","Vestlandet"
"NINFP2510189937",0.590818335645083,0.0124167930334806,73211,4,"meta_highrescanopyheight_orthophoto",0.5,"orthophoto_50cm_2025","Vestlandet"
"NINFP1910016300",0.981899219815054,0.148263469338417,8223,2,"meta_highrescanopyheight_orthophoto",0.5,"orthophoto_50cm_2025","Vestlandet"
"NINFP2310127871",1.34447151446612,0.189357683062553,68815,6,"meta_highrescanopyheight_orthophoto",0.5,"orthophoto_50cm_2025","Vestlandet"
"NINFP1810012619",0.0102175057199473,0.0100430846214294,22349,2,"meta_highrescanopyheight_orthophoto",0.5,"orthophoto_50cm_2025","Vestlandet"
"NINFP2010057509",0.0105040698191104,0.0103270737454295,4529,2,"meta_highrescanopyheight_orthophoto",0.5,"orthophoto_50cm_2025","Vestlandet"
"NINFP2110047453",0.0103546086986545,0.0100882351398468,43321,3,"meta_highrescanopyheight_orthophoto",0.5,"orthophoto_50cm_2025","Vestlandet"
"NINFP1910024400",4.75047308562969,5.70145225524902,4345,2,"meta_highrescanopyheight_orthophoto",0.5,"orthophoto_50cm_2025","Vestlandet"
"NINFP2410168355",1.80261763419703,0.328512251377106,13656,3,"meta_highrescanopyheight_orthophoto",0.5,"orthophoto_50cm_2025","Vestlandet"
"NINFP1810041255",0.742562195769222,0.0110825998708606,65677,4,"meta_highrescanopyheight_orthophoto",0.5,"orthophoto_50cm_2025","Vestlandet"
"NINFP2310120647",0.697332372505091,0.0101873371750116,27736,3,"meta_highrescanopyheight_orthophoto",0.5,"orthophoto_50cm_2025","Vestlandet"
"NINFP1810035004",0.119979328710093,0.0103752920404077,488602,17,"meta_highrescanopyheight_orthophoto",0.5,"orthophoto_50cm_2025","Vestlandet"
"NINFP2310121758",3.3541308714419,3.0796867609024,196,1,"meta_highrescanopyheight_orthophoto",0.5,"orthophoto_50cm_2025","Vestlandet"
"NINFP2010012066",3.57788936277118,3.39371359348297,54162,5,"meta_highrescanopyheight_orthophoto",0.5,"orthophoto_50cm_2025","Vestlandet"
"NINFP1810038453",0.263498653112442,0.0109899081289768,44811,7,"meta_highrescanopyheight_orthophoto",0.5,"orthophoto_50cm_2025","Vestlandet"
"NINFP2010033509",0.0103520042083475,0.0102908709086478,1266,1,"meta_highrescanopyheight_orthophoto",0.5,"orthophoto_50cm_2025","Vestlandet"
"NINFP1810038467",0.103642387185673,0.0102133746258914,52608,6,"meta_highrescanopyheight_orthophoto",0.5,"orthophoto_50cm_2025","Vestlandet"
"NINFP2110064538",0.0101660319871002,0.0101607479155064,715,1,"meta_highrescanopyheight_orthophoto",0.5,"orthophoto_50cm_2025","Vestlandet"
"NINFP2310118358",1.67281201678132,0.636433005332947,11771,3,"meta_highrescanopyheight_orthophoto",0.5,"orthophoto_50cm_2025","Vestlandet"
"NINFP2310125048",1.64854042309746,0.308014720678329,36298,3,"meta_highrescanopyheight_orthophoto",0.5,"orthophoto_50cm_2025","Vestlandet"
"NINFP2010002013",7.43692079584622,7.91465616226196,20410,2,"meta_highrescanopyheight_orthophoto",0.5,"orthophoto_50cm_2025","Vestlandet"
"NINFP1910038264",3.86986230855866,2.66940402984619,34224,5,"meta_highrescanopyheight_orthophoto",0.5,"orthophoto_50cm_2025","Vestlandet"
"NINFP2410163012",0.0119009238737166,0.0100672598928213,189581,12,"meta_highrescanopyheight_orthophoto",0.5,"orthophoto_50cm_2025","Vestlandet"
"NINFP1810012974",0.0101661797063542,0.0100265890359879,90114,5,"meta_highrescanopyheight_orthophoto",0.5,"orthophoto_50cm_2025","Vestlandet"
"NINFP2110048187",0.0100466036847438,0.010030934587121,88731,8,"meta_highrescanopyheight_orthophoto",0.5,"orthophoto_50cm_2025","Vestlandet"
"NINFP1910024397",3.32476476381868,2.32360458374023,7247,2,"meta_highrescanopyheight_orthophoto",0.5,"orthophoto_50cm_2025","Vestlandet"
"NINFP1810004600",0.0720983633106885,0.0104730371385813,91788,8,"meta_highrescanopyheight_orthophoto",0.5,"orthophoto_50cm_2025","Vestlandet"
"NINFP1810037818",0.0101897321513056,0.010131751652807,4628,2,"meta_highrescanopyheight_orthophoto",0.5,"orthophoto_50cm_2025","Vestlandet"
"NINFP2210106808",0.396269727409128,0.0150303589180112,2183,2,"meta_highrescanopyheight_orthophoto",0.5,"orthophoto_50cm_2025","Vestlandet"
"NINFP1910046081",0.0112987756259986,0.0104310978204012,22889,4,"meta_highrescanopyheight_orthophoto",0.5,"orthophoto_50cm_2025","Vestlandet"
"NINFP2310119859",7.65656344420833,8.81742286682129,4347,3,"meta_highrescanopyheight_orthophoto",0.5,"orthophoto_50cm_2025","Vestlandet"
"NINFP1910001397",0.0107862260544246,0.010123691521585,27838,4,"meta_highrescanopyheight_orthophoto",0.5,"orthophoto_50cm_2025","Vestlandet"
"NINFP2210083768",0.400943036680558,0.0179846063256264,66775,6,"meta_highrescanopyheight_orthophoto",0.5,"orthophoto_50cm_2025","Vestlandet"
"NINFP2310115733",7.27197909102649,7.67508769035339,10802,3,"meta_highrescanopyheight_orthophoto",0.5,"orthophoto_50cm_2025","Vestlandet"
"NINFP2310129559",0.0177138335158318,0.0105084674432874,13399,2,"meta_highrescanopyheight_orthophoto",0.5,"orthophoto_50cm_2025","Vestlandet"
"NINFP2010033491",0.629688965997813,0.0123146343976259,5401,2,"meta_highrescanopyheight_orthophoto",0.5,"orthophoto_50cm_2025","Vestlandet"
"NINFP2110016684",0.0188452033158969,0.0103276055306196,5742,2,"meta_highrescanopyheight_orthophoto",0.5,"orthophoto_50cm_2025","Vestlandet"
"NINFP2110045943",0.0152938264286515,0.0101976348087192,75328,6,"meta_highrescanopyheight_orthophoto",0.5,"orthophoto_50cm_2025","Vestlandet"
"NINFP2310135001",0.0167225174738924,0.0114445565268397,8342,4,"meta_highrescanopyheight_orthophoto",0.5,"orthophoto_50cm_2025","Vestlandet"
"NINFP1810002253",0.206934650584408,0.0105677153915167,6533,2,"meta_highrescanopyheight_orthophoto",0.5,"orthophoto_50cm_2025","Vestlandet"
"NINFP2310123283",0.0100411738828505,0.0100377295166254,26278,3,"meta_highrescanopyheight_orthophoto",0.5,"orthophoto_50cm_2025","Vestlandet"
"NINFP2410172062",0.0100586042070371,0.0100415982306004,61936,7,"meta_highrescanopyheight_orthophoto",0.5,"orthophoto_50cm_2025","Vestlandet"
"NINFP2110006311",0.0101697616984488,0.010139818303287,9150,2,"meta_highrescanopyheight_orthophoto",0.5,"orthophoto_50cm_2025","Vestlandet"
"NINFP2110050077",0.0108834629865538,0.0104700550436974,5647,1,"meta_highrescanopyheight_orthophoto",0.5,"orthophoto_50cm_2025","Vestlandet"
"NINFP2410159240",4.61841475971911,4.13822555541992,7412,3,"meta_highrescanopyheight_orthophoto",0.5,"orthophoto_50cm_2025","Vestlandet"
"NINFP1910016546",0.0100832487779383,0.0100297294557095,32037,4,"meta_highrescanopyheight_orthophoto",0.5,"orthophoto_50cm_2025","Vestlandet"
"NINFP1810002385",2.03962696196985,0.247384771704674,29145,6,"meta_highrescanopyheight_orthophoto",0.5,"orthophoto_50cm_2025","Vestlandet"
"NINFP1810018315",0.0100569365993299,0.0100375581532717,21430,3,"meta_highrescanopyheight_orthophoto",0.5,"orthophoto_50cm_2025","Vestlandet"
"NINFP2110046132",0.0128923696765762,0.0101199615746737,16843,3,"meta_highrescanopyheight_orthophoto",0.5,"orthophoto_50cm_2025","Vestlandet"
"NINFP1810037874",3.71972959574178,3.32767379283905,37586,3,"meta_highrescanopyheight_orthophoto",0.5,"orthophoto_50cm_2025","Vestlandet"
"NINFP2410159399",0.0100168608739392,0.0100149260833859,111252,6,"meta_highrescanopyheight_orthophoto",0.5,"orthophoto_50cm_2025","Vestlandet"
"NINFP1810012238",0.0108968045817689,0.0101754991337657,44467,6,"meta_highrescanopyheight_orthophoto",0.5,"orthophoto_50cm_2025","Vestlandet"
"NINFP1810015746",0.489452881759341,0.0110739804804325,9807,2,"meta_highrescanopyheight_orthophoto",0.5,"orthophoto_50cm_2025","Vestlandet"
"NINFP2310135203",0.0260172217822231,0.0130607429891825,4271,1,"meta_highrescanopyheight_orthophoto",0.5,"orthophoto_50cm_2025","Vestlandet"
"NINFP2310125022",3.4901174891728,2.62451171875,6185,1,"meta_highrescanopyheight_orthophoto",0.5,"orthophoto_50cm_2025","Vestlandet"
"NINFP1810044862",0.89346517456403,0.0127439247444272,74329,7,"meta_highrescanopyheight_orthophoto",0.5,"orthophoto_50cm_2025","Vestlandet"
"NINFP2310130015",0.278318583622638,0.010946212336421,3873,2,"meta_highrescanopyheight_orthophoto",0.5,"orthophoto_50cm_2025","Vestlandet"
"NINFP2010054592",0.0106378457000169,0.0104384860023856,5277,1,"meta_highrescanopyheight_orthophoto",0.5,"orthophoto_50cm_2025","Vestlandet"
"NINFP2010016322",0.0107737572143866,0.0102122235111892,14620,2,"meta_highrescanopyheight_orthophoto",0.5,"orthophoto_50cm_2025","Vestlandet"
"NINFP1810011411",3.33527267191052,1.60598576068878,41169,6,"meta_highrescanopyheight_orthophoto",0.5,"orthophoto_50cm_2025","Vestlandet"
"NINFP1810014063",0.702370914341438,0.0244615692645311,6271,2,"meta_highrescanopyheight_orthophoto",0.5,"orthophoto_50cm_2025","Vestlandet"
"NINFP2410168968",0.583007261840002,0.0417246371507645,18101,3,"meta_highrescanopyheight_orthophoto",0.5,"orthophoto_50cm_2025","Vestlandet"
"NINFP2410168757",0.664005604312352,0.0145190958864987,11348,4,"meta_highrescanopyheight_orthophoto",0.5,"orthophoto_50cm_2025","Vestlandet"
"NINFP2310121265",2.3868029199907,0.634600162506104,15735,2,"meta_highrescanopyheight_orthophoto",0.5,"orthophoto_50cm_2025","Vestlandet"
"NINFP2410181668",2.12085526556267,1.13371753692627,10720,2,"meta_highrescanopyheight_orthophoto",0.5,"orthophoto_50cm_2025","Vestlandet"
"NINFP1810031894",1.21102910597626,0.0412988997995853,11384,2,"meta_highrescanopyheight_orthophoto",0.5,"orthophoto_50cm_2025","Vestlandet"
"NINFP1810005942",1.11120253239592,0.0913384258747101,3995,1,"meta_highrescanopyheight_orthophoto",0.5,"orthophoto_50cm_2025","Vestlandet"
"NINFP2310130553",4.79791402472583,4.00793027877808,15853,2,"meta_highrescanopyheight_orthophoto",0.5,"orthophoto_50cm_2025","Vestlandet"
"NINFP2010007715",2.91909092950672,1.98813986778259,8395,2,"meta_highrescanopyheight_orthophoto",0.5,"orthophoto_50cm_2025","Vestlandet"
"NINFP2210111943",0.0115709107590086,0.0102158663794398,31620,6,"meta_highrescanopyheight_orthophoto",0.5,"orthophoto_50cm_2025","Vestlandet"
"NINFP1810047235",1.70023748974668,0.0435683727264404,731885,28,"meta_highrescanopyheight_orthophoto",0.5,"orthophoto_50cm_2025","Vestlandet"
"NINFP1810025792",0.138746542344018,0.0103311352431774,7544,2,"meta_highrescanopyheight_orthophoto",0.5,"orthophoto_50cm_2025","Vestlandet"
"NINFP2210103135",2.75364719070874,1.28922462463379,15759,4,"meta_highrescanopyheight_orthophoto",0.5,"orthophoto_50cm_2025","Vestlandet"
"NINFP2210102460",2.72951050365807,1.89386141300201,9307,1,"meta_highrescanopyheight_orthophoto",0.5,"orthophoto_50cm_2025","Vestlandet"
"NINFP1810015024",3.78437645041846,3.55465471744537,7124,2,"meta_highrescanopyheight_orthophoto",0.5,"orthophoto_50cm_2025","Vestlandet"
"NINFP2510202862",0.183162020252452,0.0101969484239817,16001,2,"meta_highrescanopyheight_orthophoto",0.5,"orthophoto_50cm_2025","Vestlandet"
"NINFP2210095950",0.322863009039055,0.01063615642488,22378,3,"meta_highrescanopyheight_orthophoto",0.5,"orthophoto_50cm_2025","Vestlandet"
"NINFP2210095830",0.0103169179315456,0.0101310843601823,36725,2,"meta_highrescanopyheight_orthophoto",0.5,"orthophoto_50cm_2025","Vestlandet"
"NINFP2310129622",0.878507532152477,0.017001167871058,18676,3,"meta_highrescanopyheight_orthophoto",0.5,"orthophoto_50cm_2025","Vestlandet"
"NINFP2310124415",0.0103877900232912,0.0102423392236233,4353,1,"meta_highrescanopyheight_orthophoto",0.5,"orthophoto_50cm_2025","Vestlandet"
"NINFP2510196889",0.184105745061978,0.0101187904365361,19954,5,"meta_highrescanopyheight_orthophoto",0.5,"orthophoto_50cm_2025","Vestlandet"
"NINFP2310135208",0.0121009528196409,0.0105960909277201,9188,2,"meta_highrescanopyheight_orthophoto",0.5,"orthophoto_50cm_2025","Vestlandet"
"NINFP1810012181",0.500466774944728,0.0161599144339561,97325,6,"meta_highrescanopyheight_orthophoto",0.5,"orthophoto_50cm_2025","Vestlandet"
"NINFP2010015600",0.154188598471085,0.0103849973529577,7994,3,"meta_highrescanopyheight_orthophoto",0.5,"orthophoto_50cm_2025","Vestlandet"
"NINFP2210108218",1.50465853804611,0.334466993808746,41879,4,"meta_highrescanopyheight_orthophoto",0.5,"orthophoto_50cm_2025","Vestlandet"
"NINFP2210087219",0.0718257720650797,0.0104007772170007,64342,4,"meta_highrescanopyheight_orthophoto",0.5,"orthophoto_50cm_2025","Vestlandet"
"NINFP1810043108",0.221608496512502,0.0103831202723086,147208,11,"meta_highrescanopyheight_orthophoto",0.5,"orthophoto_50cm_2025","Vestlandet"
"NINFP2410170730",0.14412938152682,0.0103149809874594,11350,4,"meta_highrescanopyheight_orthophoto",0.5,"orthophoto_50cm_2025","Vestlandet"
"NINFP2310118270",1.65023543962395,0.542352348566055,5498,2,"meta_highrescanopyheight_orthophoto",0.5,"orthophoto_50cm_2025","Vestlandet"
"NINFP2510214984",0.129605193329425,0.0103023005649447,68775,8,"meta_highrescanopyheight_orthophoto",0.5,"orthophoto_50cm_2025","Vestlandet"
"NINFP2210083786",3.61942519395943,3.60460782051086,20807,2,"meta_highrescanopyheight_orthophoto",0.5,"orthophoto_50cm_2025","Vestlandet"
"NINFP1810043421",0.0542697431181194,0.0109578752890229,8861,2,"meta_highrescanopyheight_orthophoto",0.5,"orthophoto_50cm_2025","Vestlandet"
"NINFP1810011739",0.0100166874708535,0.0100142685696483,56218,4,"meta_highrescanopyheight_orthophoto",0.5,"orthophoto_50cm_2025","Vestlandet"
"NINFP2110060920",0.0101646465315975,0.0100345397368073,39775,2,"meta_highrescanopyheight_orthophoto",0.5,"orthophoto_50cm_2025","Vestlandet"
"NINFP2210111941",0.0100979873753108,0.010085629299283,4200,3,"meta_highrescanopyheight_orthophoto",0.5,"orthophoto_50cm_2025","Vestlandet"
"NINFP1810040563",0.0100753232399126,0.0100634847767651,38628,4,"meta_highrescanopyheight_orthophoto",0.5,"orthophoto_50cm_2025","Vestlandet"
"NINFP1810013750",0.0100196426734963,0.0100187128409743,8801,3,"meta_highrescanopyheight_orthophoto",0.5,"orthophoto_50cm_2025","Vestlandet"
"NINFP2310118154",0.0903685720133014,0.0106737636961043,13862,4,"meta_highrescanopyheight_orthophoto",0.5,"orthophoto_50cm_2025","Vestlandet"
"NINFP2510205555",0.332568489278541,0.0106670409440994,35296,3,"meta_highrescanopyheight_orthophoto",0.5,"orthophoto_50cm_2025","Vestlandet"
"NINFP1810005505",0.0345098770537647,0.0100472858175635,89346,8,"meta_highrescanopyheight_orthophoto",0.5,"orthophoto_50cm_2025","Vestlandet"
"NINFP2010053557",0.489697271751329,0.0103795612230897,85663,5,"meta_highrescanopyheight_orthophoto",0.5,"orthophoto_50cm_2025","Vestlandet"
"NINFP2410147790",4.74343514156102,4.78798341751099,20639,4,"meta_highrescanopyheight_orthophoto",0.5,"orthophoto_50cm_2025","Vestlandet"
"NINFP2010011669",3.21417922348574,2.06739747524261,10680,2,"meta_highrescanopyheight_orthophoto",0.5,"orthophoto_50cm_2025","Vestlandet"
"NINFP2310115666",0.0115251332056368,0.0108932997100055,1578,1,"meta_highrescanopyheight_orthophoto",0.5,"orthophoto_50cm_2025","Vestlandet"
"NINFP2510195423",1.79658733782639,0.018997616134584,12472,4,"meta_highrescanopyheight_orthophoto",0.5,"orthophoto_50cm_2025","Vestlandet"
"NINFP2310124019",0.0102943395840198,0.0102698048576713,1362,1,"meta_highrescanopyheight_orthophoto",0.5,"orthophoto_50cm_2025","Vestlandet"
"NINFP2010030739",0.0444216390803018,0.0102757713757455,12646,3,"meta_highrescanopyheight_orthophoto",0.5,"orthophoto_50cm_2025","Vestlandet"
"NINFP2210093286",0.0518062160447595,0.0101669207215309,58775,6,"meta_highrescanopyheight_orthophoto",0.5,"orthophoto_50cm_2025","Vestlandet"
"NINFP1910007779",0.010044908490651,0.0100339544005692,41726,4,"meta_highrescanopyheight_orthophoto",0.5,"orthophoto_50cm_2025","Vestlandet"
"NINFP1810019416",8.21076754149072,8.55045509338379,5079,4,"meta_highrescanopyheight_orthophoto",0.5,"orthophoto_50cm_2025","Vestlandet"
"NINFP2210108501",5.81583654655251,6.43787813186646,7332,2,"meta_highrescanopyheight_orthophoto",0.5,"orthophoto_50cm_2025","Vestlandet"
"NINFP1910039884",5.51615374612771,5.75194311141968,31764,4,"meta_highrescanopyheight_orthophoto",0.5,"orthophoto_50cm_2025","Vestlandet"
"NINFP2110038502",4.03274327629027,4.21770429611206,6742,2,"meta_highrescanopyheight_orthophoto",0.5,"orthophoto_50cm_2025","Vestlandet"
"NINFP2310142788",1.02249477132228,0.0197691544890404,132056,8,"meta_highrescanopyheight_orthophoto",0.5,"orthophoto_50cm_2025","Vestlandet"
"NINFP1810027904",0.0770640847989015,0.0102184861898422,134158,11,"meta_highrescanopyheight_orthophoto",0.5,"orthophoto_50cm_2025","Vestlandet"
"NINFP1910029054",0.0807169165657037,0.0103495307266712,16993,1,"meta_highrescanopyheight_orthophoto",0.5,"orthophoto_50cm_2025","Vestlandet"
"NINFP2510202076",0.108489098621405,0.0103381793014705,54090,4,"meta_highrescanopyheight_orthophoto",0.5,"orthophoto_50cm_2025","Vestlandet"
"NINFP1910003267",0.0100216235446549,0.0100205894559622,5847,3,"meta_highrescanopyheight_orthophoto",0.5,"orthophoto_50cm_2025","Vestlandet"
"NINFP2010008938",0.0119333045711789,0.0104498225264251,5420,2,"meta_highrescanopyheight_orthophoto",0.5,"orthophoto_50cm_2025","Vestlandet"
"NINFP2010020385",1.01657860162514,0.0240893615409732,29834,3,"meta_highrescanopyheight_orthophoto",0.5,"orthophoto_50cm_2025","Vestlandet"
"NINFP2210077125",0.60374962392587,0.01020781788975,18693,4,"meta_highrescanopyheight_orthophoto",0.5,"orthophoto_50cm_2025","Vestlandet"
"NINFP2310124292",0.0104368852557382,0.010374628007412,4589,1,"meta_highrescanopyheight_orthophoto",0.5,"orthophoto_50cm_2025","Vestlandet"
"NINFP1810014201",0.0100396985284487,0.0100200520828366,22558,4,"meta_highrescanopyheight_orthophoto",0.5,"orthophoto_50cm_2025","Vestlandet"
"NINFP2110073274",0.238387769151281,0.0101830852217972,30212,3,"meta_highrescanopyheight_orthophoto",0.5,"orthophoto_50cm_2025","Vestlandet"
"NINFP2510201092",0.837213285469296,0.0394709445536137,10455,2,"meta_highrescanopyheight_orthophoto",0.5,"orthophoto_50cm_2025","Vestlandet"
"NINFP2410168898",0.745953056506296,0.0123483724892139,9174,2,"meta_highrescanopyheight_orthophoto",0.5,"orthophoto_50cm_2025","Vestlandet"
"NINFP2210084478",5.84359710249623,5.21972465515137,6640,2,"meta_highrescanopyheight_orthophoto",0.5,"orthophoto_50cm_2025","Vestlandet"
"NINFP1810016301",1.97747866375143,0.463991701602936,4989,3,"meta_highrescanopyheight_orthophoto",0.5,"orthophoto_50cm_2025","Vestlandet"
"NINFP1810015517",0.0274246015237192,0.0100815389305353,92097,6,"meta_highrescanopyheight_orthophoto",0.5,"orthophoto_50cm_2025","Vestlandet"
"NINFP2510215561",6.60750203791634,6.96563863754272,23072,3,"meta_highrescanopyheight_orthophoto",0.5,"orthophoto_50cm_2025","Vestlandet"
"NINFP2010006135",2.42973862878797,1.33353090286255,10233,3,"meta_highrescanopyheight_orthophoto",0.5,"orthophoto_50cm_2025","Vestlandet"
"NINFP1910025492",0.0362504302816889,0.0105058359913528,7098,2,"meta_highrescanopyheight_orthophoto",0.5,"orthophoto_50cm_2025","Vestlandet"
"NINFP2310119707",0.0102539522511021,0.0102417329326272,4602,2,"meta_highrescanopyheight_orthophoto",0.5,"orthophoto_50cm_2025","Vestlandet"
"NINFP2110015402",0.79815330195075,0.0132146272808313,2703,1,"meta_highrescanopyheight_orthophoto",0.5,"orthophoto_50cm_2025","Vestlandet"
"NINFP1810038447",0.0421615710689763,0.0101785212755203,42621,4,"meta_highrescanopyheight_orthophoto",0.5,"orthophoto_50cm_2025","Vestlandet"
"NINFP2110009304",0.1555165310871,0.0102027058601379,367096,15,"meta_highrescanopyheight_orthophoto",0.5,"orthophoto_50cm_2025","Vestlandet"
"NINFP2410177225",6.7274895216688,6.5817666053772,1377,1,"meta_highrescanopyheight_orthophoto",0.5,"orthophoto_50cm_2025","Vestlandet"
"NINFP2010056605",0.0104427433982435,0.0103079387918115,9224,2,"meta_highrescanopyheight_orthophoto",0.5,"orthophoto_50cm_2025","Vestlandet"
"NINFP2110017692",0.0100694836462314,0.0100603639148176,5248,2,"meta_highrescanopyheight_orthophoto",0.5,"orthophoto_50cm_2025","Vestlandet"
"NINFP1810042283",0.0102450855345398,0.0100439824163914,54685,5,"meta_highrescanopyheight_orthophoto",0.5,"orthophoto_50cm_2025","Vestlandet"
"NINFP1810022016",0.0415876977479304,0.0100595578551292,47533,3,"meta_highrescanopyheight_orthophoto",0.5,"orthophoto_50cm_2025","Vestlandet"
"NINFP2310130002",1.36779199167965,0.458773672580719,2303,2,"meta_highrescanopyheight_orthophoto",0.5,"orthophoto_50cm_2025","Vestlandet"
"NINFP2410176943",2.11405303273924,0.0195777481421828,18266,4,"meta_highrescanopyheight_orthophoto",0.5,"orthophoto_50cm_2025","Vestlandet"
"NINFP2210088453",0.610048994713184,0.0101745189167559,22472,3,"meta_highrescanopyheight_orthophoto",0.5,"orthophoto_50cm_2025","Vestlandet"
"NINFP2010053134",0.0124072902600258,0.0103411800228059,31736,4,"meta_highrescanopyheight_orthophoto",0.5,"orthophoto_50cm_2025","Vestlandet"
"NINFP2110022771",0.0200367738555652,0.0101275769993663,10548,3,"meta_highrescanopyheight_orthophoto",0.5,"orthophoto_50cm_2025","Vestlandet"
"NINFP2210100726",3.15509406910622,3.09892535209656,4421,1,"meta_highrescanopyheight_orthophoto",0.5,"orthophoto_50cm_2025","Vestlandet"
"NINFP2210083754",1.12225782535344,0.132809042930603,61146,6,"meta_highrescanopyheight_orthophoto",0.5,"orthophoto_50cm_2025","Vestlandet"
"NINFP2510195777",0.538008378835008,0.0104025360196829,3469,1,"meta_highrescanopyheight_orthophoto",0.5,"orthophoto_50cm_2025","Vestlandet"
"NINFP2010019742",1.69935830410777,0.145110547542572,35742,6,"meta_highrescanopyheight_orthophoto",0.5,"orthophoto_50cm_2025","Vestlandet"
"NINFP2210112567",0.0100605284331685,0.0100349998101592,28389,4,"meta_highrescanopyheight_orthophoto",0.5,"orthophoto_50cm_2025","Vestlandet"
"NINFP2110009007",0.135940815465648,0.0103501528501511,18283,2,"meta_highrescanopyheight_orthophoto",0.5,"orthophoto_50cm_2025","Vestlandet"
"NINFP1810009255",0.0100431575986619,0.0100188707001507,56910,5,"meta_highrescanopyheight_orthophoto",0.5,"orthophoto_50cm_2025","Vestlandet"
"NINFP1910059658",0.0226394854230926,0.0101389465853572,135253,5,"meta_highrescanopyheight_orthophoto",0.5,"orthophoto_50cm_2025","Vestlandet"
"NINFP2410159408",0.222180791843774,0.0116046755574644,12478,2,"meta_highrescanopyheight_orthophoto",0.5,"orthophoto_50cm_2025","Vestlandet"
"NINFP1810015674",0.688699047297565,0.0265404032543302,109374,10,"meta_highrescanopyheight_orthophoto",0.5,"orthophoto_50cm_2025","Vestlandet"
"NINFP1810043282",1.24978360405219,0.247933596372604,7561,2,"meta_highrescanopyheight_orthophoto",0.5,"orthophoto_50cm_2025","Vestlandet"
"NINFP2010054031",0.0116485951891938,0.0107283750548959,7449,2,"meta_highrescanopyheight_orthophoto",0.5,"orthophoto_50cm_2025","Vestlandet"
"NINFP1910046696",0.745711165464702,0.0419713035225868,11512,4,"meta_highrescanopyheight_orthophoto",0.5,"orthophoto_50cm_2025","Vestlandet"
"NINFP1810043524",0.441993617983248,0.0167345497757196,1025474,35,"meta_highrescanopyheight_orthophoto",0.5,"orthophoto_50cm_2025","Vestlandet"
"NINFP1810007221",0.178143841875339,0.0103882607072592,62244,6,"meta_highrescanopyheight_orthophoto",0.5,"orthophoto_50cm_2025","Vestlandet"
"NINFP1810035493",1.74213398637653,0.653309941291809,170712,11,"meta_highrescanopyheight_orthophoto",0.5,"orthophoto_50cm_2025","Vestlandet"
"NINFP1810044570",0.0167194739690564,0.0100812669843435,327461,19,"meta_highrescanopyheight_orthophoto",0.5,"orthophoto_50cm_2025","Vestlandet"
"NINFP2310125239",0.0400734799341448,0.0100159998983145,83347,6,"meta_highrescanopyheight_orthophoto",0.5,"orthophoto_50cm_2025","Vestlandet"
"NINFP1810016921",0.538888351428828,0.0268502682447433,174282,8,"meta_highrescanopyheight_orthophoto",0.5,"orthophoto_50cm_2025","Vestlandet"
"NINFP2210083781",0.972623386408357,0.052578330039978,131755,10,"meta_highrescanopyheight_orthophoto",0.5,"orthophoto_50cm_2025","Vestlandet"
"NINFP1910060405",0.987628816608659,0.0205350685864687,34594,4,"meta_highrescanopyheight_orthophoto",0.5,"orthophoto_50cm_2025","Vestlandet"
"NINFP2410172391",0.0165391612084028,0.0100925406441092,60410,5,"meta_highrescanopyheight_orthophoto",0.5,"orthophoto_50cm_2025","Vestlandet"
"NINFP2210081201",0.696281616378811,0.010385905392468,3967,1,"meta_highrescanopyheight_orthophoto",0.5,"orthophoto_50cm_2025","Vestlandet"
"NINFP1810044329",0.528339076046367,0.0105965458787978,84484,7,"meta_highrescanopyheight_orthophoto",0.5,"orthophoto_50cm_2025","Vestlandet"
"NINFP1810038455",0.0699895170172273,0.0101391756907105,65858,4,"meta_highrescanopyheight_orthophoto",0.5,"orthophoto_50cm_2025","Vestlandet"
"NINFP2310134834",0.0101691996340719,0.0100614270195365,91013,6,"meta_highrescanopyheight_orthophoto",0.5,"orthophoto_50cm_2025","Vestlandet"
"NINFP2510192728",0.319192507546133,0.0117650534957647,5325,4,"meta_highrescanopyheight_orthophoto",0.5,"orthophoto_50cm_2025","Vestlandet"
"NINFP2010054702",0.0130630471061142,0.0101848440244794,55358,3,"meta_highrescanopyheight_orthophoto",0.5,"orthophoto_50cm_2025","Vestlandet"
"NINFP2310117844",1.44383350947927,0.494149267673492,12477,2,"meta_highrescanopyheight_orthophoto",0.5,"orthophoto_50cm_2025","Vestlandet"
"NINFP2410157581",0.0106383034998913,0.0103106205351651,6464,4,"meta_highrescanopyheight_orthophoto",0.5,"orthophoto_50cm_2025","Vestlandet"
"NINFP1810012803",0.193553650932141,0.0112047959119081,6163,1,"meta_highrescanopyheight_orthophoto",0.5,"orthophoto_50cm_2025","Vestlandet"
"NINFP2010024459",0.863643519813943,0.0194858927279711,6228,2,"meta_highrescanopyheight_orthophoto",0.5,"orthophoto_50cm_2025","Vestlandet"
"NINFP2210081881",1.29913074308412,0.0170718021690845,42953,5,"meta_highrescanopyheight_orthophoto",0.5,"orthophoto_50cm_2025","Vestlandet"
"NINFP2510211442",2.70822937489538,2.0030118227005,12082,3,"meta_highrescanopyheight_orthophoto",0.5,"orthophoto_50cm_2025","Vestlandet"
"NINFP2310123282",0.0100517218352294,0.0100475233048201,43711,4,"meta_highrescanopyheight_orthophoto",0.5,"orthophoto_50cm_2025","Vestlandet"
"NINFP1810002143",0.162376543161098,0.0107835801318288,70942,6,"meta_highrescanopyheight_orthophoto",0.5,"orthophoto_50cm_2025","Vestlandet"
"NINFP2210083654",0.5085476612183,0.0107116950675845,178973,9,"meta_highrescanopyheight_orthophoto",0.5,"orthophoto_50cm_2025","Vestlandet"
"NINFP2210080023",0.194029640657235,0.0107426708564162,18488,3,"meta_highrescanopyheight_orthophoto",0.5,"orthophoto_50cm_2025","Vestlandet"
"NINFP2310135204",0.01120377021983,0.0106772989965975,15806,4,"meta_highrescanopyheight_orthophoto",0.5,"orthophoto_50cm_2025","Vestlandet"
"NINFP1810033669",3.32267796101099,2.59933423995972,5374,2,"meta_highrescanopyheight_orthophoto",0.5,"orthophoto_50cm_2025","Vestlandet"
"NINFP2310118610",0.0100358920715375,0.0100335143506527,27656,4,"meta_highrescanopyheight_orthophoto",0.5,"orthophoto_50cm_2025","Vestlandet"
"NINFP1910039579",0.548560182955869,0.0212210305035114,2797,1,"meta_highrescanopyheight_orthophoto",0.5,"orthophoto_50cm_2025","Vestlandet"
"NINFP2210089112",0.0580919735867296,0.0110548632219434,6497,1,"meta_highrescanopyheight_orthophoto",0.5,"orthophoto_50cm_2025","Vestlandet"
"NINFP2010023902",1.26443583486847,0.222409829497337,20088,2,"meta_highrescanopyheight_orthophoto",0.5,"orthophoto_50cm_2025","Vestlandet"
"NINFP2410147783",7.08805220245404,7.08917999267578,3207,2,"meta_highrescanopyheight_orthophoto",0.5,"orthophoto_50cm_2025","Vestlandet"
"NINFP2110023624",0.0135302079263522,0.0100944712758064,7119,4,"meta_highrescanopyheight_orthophoto",0.5,"orthophoto_50cm_2025","Vestlandet"
"NINFP2310119080",0.0100581432403787,0.0100512094795704,5741,4,"meta_highrescanopyheight_orthophoto",0.5,"orthophoto_50cm_2025","Vestlandet"
"NINFP2210108197",1.04615646428978,0.0978017672896385,12348,2,"meta_highrescanopyheight_orthophoto",0.5,"orthophoto_50cm_2025","Vestlandet"
"NINFP2010023909",1.98161438572583,0.824108868837357,17366,5,"meta_highrescanopyheight_orthophoto",0.5,"orthophoto_50cm_2025","Vestlandet"
"NINFP1810018122",1.37988133466264,0.0876517333090305,40044,4,"meta_highrescanopyheight_orthophoto",0.5,"orthophoto_50cm_2025","Vestlandet"
"NINFP2110008600",0.0105824126675341,0.0102647594176233,10668,2,"meta_highrescanopyheight_orthophoto",0.5,"orthophoto_50cm_2025","Vestlandet"
"NINFP1810007351",2.61944525266377,2.06166839599609,10843,3,"meta_highrescanopyheight_orthophoto",0.5,"orthophoto_50cm_2025","Vestlandet"
"NINFP2310130427",0.0288173580046,0.0105646066367626,6967,2,"meta_highrescanopyheight_orthophoto",0.5,"orthophoto_50cm_2025","Vestlandet"
"NINFP2410157112",2.8732317414069,2.69551968574524,4308,1,"meta_highrescanopyheight_orthophoto",0.5,"orthophoto_50cm_2025","Vestlandet"
"NINFP2410171712",1.22408670575378,0.0358581990003586,3707,1,"meta_highrescanopyheight_orthophoto",0.5,"orthophoto_50cm_2025","Vestlandet"
"NINFP2210086081",0.498778752675391,0.039868114516139,4344,2,"meta_highrescanopyheight_orthophoto",0.5,"orthophoto_50cm_2025","Vestlandet"
"NINFP1810043857",0.235886895897539,0.0138915907591581,442751,17,"meta_highrescanopyheight_orthophoto",0.5,"orthophoto_50cm_2025","Vestlandet"
"NINFP1910059305",0.0187503099751969,0.0104448138736188,3810,1,"meta_highrescanopyheight_orthophoto",0.5,"orthophoto_50cm_2025","Vestlandet"
"NINFP2310114872",0.115139706340822,0.010252583771944,13545,2,"meta_highrescanopyheight_orthophoto",0.5,"orthophoto_50cm_2025","Vestlandet"
"NINFP2510217127",0.155309892612106,0.0102027049288154,367090,15,"meta_highrescanopyheight_orthophoto",0.5,"orthophoto_50cm_2025","Vestlandet"
"NINFP1810037821",0.0364051139666509,0.010137815028429,23925,4,"meta_highrescanopyheight_orthophoto",0.5,"orthophoto_50cm_2025","Vestlandet"
"NINFP1910001208",3.2318031463057,2.95742332935333,4074,1,"meta_highrescanopyheight_orthophoto",0.5,"orthophoto_50cm_2025","Vestlandet"
"NINFP2010021536",0.0104010652236491,0.0101728513836861,105875,16,"meta_highrescanopyheight_orthophoto",0.5,"orthophoto_50cm_2025","Vestlandet"
"NINFP1810036452",5.79286686951553,5.79147911071777,8555,3,"meta_highrescanopyheight_orthophoto",0.5,"orthophoto_50cm_2025","Vestlandet"
"NINFP2010012152",3.46566763399638,3.07500600814819,41869,5,"meta_highrescanopyheight_orthophoto",0.5,"orthophoto_50cm_2025","Vestlandet"
"NINFP2010023319",0.0632527398552861,0.01049361564219,20674,3,"meta_highrescanopyheight_orthophoto",0.5,"orthophoto_50cm_2025","Vestlandet"
"NINFP2210113903",1.96802183694341,0.511938035488129,11606,5,"meta_highrescanopyheight_orthophoto",0.5,"orthophoto_50cm_2025","Vestlandet"
"NINFP1910029066",0.12000185290768,0.0103101502172649,214742,8,"meta_highrescanopyheight_orthophoto",0.5,"orthophoto_50cm_2025","Vestlandet"
"NINFP1810044579",0.0167864849564285,0.0100321527570486,32298,6,"meta_highrescanopyheight_orthophoto",0.5,"orthophoto_50cm_2025","Vestlandet"
"NINFP2210103141",0.0111428659728453,0.0105036059394479,1494,2,"meta_highrescanopyheight_orthophoto",0.5,"orthophoto_50cm_2025","Vestlandet"
"NINFP1910029092",0.264823878118156,0.0112203923054039,19276,2,"meta_highrescanopyheight_orthophoto",0.5,"orthophoto_50cm_2025","Vestlandet"
"NINFP1810011749",0.0100337736835695,0.0100189261138439,44089,4,"meta_highrescanopyheight_orthophoto",0.5,"orthophoto_50cm_2025","Vestlandet"
"NINFP2110044831",0.0100801451390794,0.0100391544401646,18627,4,"meta_highrescanopyheight_orthophoto",0.5,"orthophoto_50cm_2025","Vestlandet"
"NINFP1810018322",0.0742816871672301,0.0102376481518149,54205,8,"meta_highrescanopyheight_orthophoto",0.5,"orthophoto_50cm_2025","Vestlandet"
"NINFP1810019407",5.07137860480191,5.40753793716431,9670,2,"meta_highrescanopyheight_orthophoto",0.5,"orthophoto_50cm_2025","Vestlandet"
"NINFP2010038313",0.646000040772276,0.0125214611180127,4210,2,"meta_highrescanopyheight_orthophoto",0.5,"orthophoto_50cm_2025","Vestlandet"
"NINFP2010022622",0.0476733826627838,0.010337901301682,4630,2,"meta_highrescanopyheight_orthophoto",0.5,"orthophoto_50cm_2025","Vestlandet"
"NINFP2310115237",2.72040745685808,2.19954240322113,10712,4,"meta_highrescanopyheight_orthophoto",0.5,"orthophoto_50cm_2025","Vestlandet"
"NINFP2210109631",0.171095118349667,0.0103672258555889,23517,4,"meta_highrescanopyheight_orthophoto",0.5,"orthophoto_50cm_2025","Vestlandet"
"NINFP2210112536",0.325460794569882,0.0106562240980566,58934,7,"meta_highrescanopyheight_orthophoto",0.5,"orthophoto_50cm_2025","Vestlandet"
"NINFP2410163523",0.0100617827614005,0.0100297341123223,56694,5,"meta_highrescanopyheight_orthophoto",0.5,"orthophoto_50cm_2025","Vestlandet"
"NINFP1910020943",2.99805076914206,1.67356467247009,50336,6,"meta_highrescanopyheight_orthophoto",0.5,"orthophoto_50cm_2025","Vestlandet"
"NINFP2410163467",0.315719286587561,0.0107172951102257,142489,8,"meta_highrescanopyheight_orthophoto",0.5,"orthophoto_50cm_2025","Vestlandet"
"NINFP1810027898",0.120268629003264,0.0104054398834705,41083,4,"meta_highrescanopyheight_orthophoto",0.5,"orthophoto_50cm_2025","Vestlandet"
"NINFP2010043044",0.0103064643800931,0.0101896296255291,8980,2,"meta_highrescanopyheight_orthophoto",0.5,"orthophoto_50cm_2025","Vestlandet"
"NINFP1810044277",0.287033601327213,0.0104742217808962,11462,3,"meta_highrescanopyheight_orthophoto",0.5,"orthophoto_50cm_2025","Vestlandet"
"NINFP2010053601",0.0143335632012664,0.0103419218212366,9681,2,"meta_highrescanopyheight_orthophoto",0.5,"orthophoto_50cm_2025","Vestlandet"
"NINFP2010015043",2.62241221403426,0.659098565578461,3438,3,"meta_highrescanopyheight_orthophoto",0.5,"orthophoto_50cm_2025","Vestlandet"
"NINFP2310129934",4.01940215832379,3.6322066783905,13899,3,"meta_highrescanopyheight_orthophoto",0.5,"orthophoto_50cm_2025","Vestlandet"
"NINFP2010017962",0.162572319689218,0.0105296187102795,26169,3,"meta_highrescanopyheight_orthophoto",0.5,"orthophoto_50cm_2025","Vestlandet"
"NINFP1810044737",0.523114604891775,0.0140779595822096,107447,9,"meta_highrescanopyheight_orthophoto",0.5,"orthophoto_50cm_2025","Vestlandet"
"NINFP1910037881",0.0116003094240215,0.0103597454726696,39171,4,"meta_highrescanopyheight_orthophoto",0.5,"orthophoto_50cm_2025","Vestlandet"
"NINFP1810003922",0.8265396860763,0.0111184334382415,43228,5,"meta_highrescanopyheight_orthophoto",0.5,"orthophoto_50cm_2025","Vestlandet"
"NINFP1810024704",0.010075107510992,0.0100593888200819,26690,3,"meta_highrescanopyheight_orthophoto",0.5,"orthophoto_50cm_2025","Vestlandet"
"NINFP2110008074",0.0932922524049748,0.0102577367797494,10637,2,"meta_highrescanopyheight_orthophoto",0.5,"orthophoto_50cm_2025","Vestlandet"
"NINFP2510198085",0.175558656871985,0.0107103176414967,5021,3,"meta_highrescanopyheight_orthophoto",0.5,"orthophoto_50cm_2025","Vestlandet"
"NINFP2410147638",2.42500963001916,1.25240874290466,15508,2,"meta_highrescanopyheight_orthophoto",0.5,"orthophoto_50cm_2025","Vestlandet"
"NINFP2110009913",0.0937136830481622,0.0102606704458594,9499,1,"meta_highrescanopyheight_orthophoto",0.5,"orthophoto_50cm_2025","Vestlandet"
"NINFP1910041462",5.8547021175605,4.8773307800293,3367,1,"meta_highrescanopyheight_orthophoto",0.5,"orthophoto_50cm_2025","Vestlandet"
"NINFP2310123243",6.26406299149893,6.85441517829895,16138,4,"meta_highrescanopyheight_orthophoto",0.5,"orthophoto_50cm_2025","Vestlandet"
"NINFP1810037815",0.0362225055618695,0.0102168843150139,10211,3,"meta_highrescanopyheight_orthophoto",0.5,"orthophoto_50cm_2025","Vestlandet"
"NINFP1810046952",0.890697032337619,0.0486924462020397,65997,5,"meta_highrescanopyheight_orthophoto",0.5,"orthophoto_50cm_2025","Vestlandet"
"NINFP2310121492",0.505050173799969,0.014716574922204,38399,7,"meta_highrescanopyheight_orthophoto",0.5,"orthophoto_50cm_2025","Vestlandet"
"NINFP2510196617",0.47569603483899,0.0147290574386716,16975,4,"meta_highrescanopyheight_orthophoto",0.5,"orthophoto_50cm_2025","Vestlandet"
"NINFP1910038763",0.0217290348568515,0.0106827626004815,6490,2,"meta_highrescanopyheight_orthophoto",0.5,"orthophoto_50cm_2025","Vestlandet"
"NINFP1810038443",0.115656233125767,0.0102508859708905,213662,13,"meta_highrescanopyheight_orthophoto",0.5,"orthophoto_50cm_2025","Vestlandet"
"NINFP1910029113",0.0143323950838547,0.0102333873510361,16075,2,"meta_highrescanopyheight_orthophoto",0.5,"orthophoto_50cm_2025","Vestlandet"
"NINFP2210105941",0.0107837734554599,0.0100920926779509,1387,1,"meta_highrescanopyheight_orthophoto",0.5,"orthophoto_50cm_2025","Vestlandet"
"NINFP1910016543",0.0100675603830609,0.0100182676687837,11864,2,"meta_highrescanopyheight_orthophoto",0.5,"orthophoto_50cm_2025","Vestlandet"
"NINFP2110014783",0.0104187804365701,0.0100863836705685,22071,4,"meta_highrescanopyheight_orthophoto",0.5,"orthophoto_50cm_2025","Vestlandet"
"NINFP2410167465",3.92906750837934,3.15448212623596,33794,3,"meta_highrescanopyheight_orthophoto",0.5,"orthophoto_50cm_2025","Vestlandet"
"NINFP2010011861",0.0792933403544077,0.0107483244501054,26796,7,"meta_highrescanopyheight_orthophoto",0.5,"orthophoto_50cm_2025","Vestlandet"
"NINFP2210104393",6.31851695982395,6.46444463729858,6428,1,"meta_highrescanopyheight_orthophoto",0.5,"orthophoto_50cm_2025","Vestlandet"
"NINFP2010012731",1.03275242879058,0.0195269556716084,5322,2,"meta_highrescanopyheight_orthophoto",0.5,"orthophoto_50cm_2025","Vestlandet"
"NINFP2110051342",0.0436253063454526,0.0100629143416882,10347,2,"meta_highrescanopyheight_orthophoto",0.5,"orthophoto_50cm_2025","Vestlandet"
"NINFP1810044567",0.0100599948382942,0.0100349285639822,8788,3,"meta_highrescanopyheight_orthophoto",0.5,"orthophoto_50cm_2025","Vestlandet"
"NINFP2310146532",0.020937986682217,0.01026844792068,36285,6,"meta_highrescanopyheight_orthophoto",0.5,"orthophoto_50cm_2025","Vestlandet"
"NINFP1810046001",0.0100249786181994,0.0100183896720409,17579,4,"meta_highrescanopyheight_orthophoto",0.5,"orthophoto_50cm_2025","Vestlandet"
"NINFP2310134821",0.0114060572474168,0.0102540105581284,29615,4,"meta_highrescanopyheight_orthophoto",0.5,"orthophoto_50cm_2025","Vestlandet"
"NINFP1910016533",0.0111144369236527,0.0100421551615,130750,10,"meta_highrescanopyheight_orthophoto",0.5,"orthophoto_50cm_2025","Vestlandet"
"NINFP2010038611",0.144842857881294,0.010472955647856,15088,2,"meta_highrescanopyheight_orthophoto",0.5,"orthophoto_50cm_2025","Vestlandet"
"NINFP1910040998",1.79432255844171,0.0330280549824238,4327,1,"meta_highrescanopyheight_orthophoto",0.5,"orthophoto_50cm_2025","Vestlandet"
"NINFP1810017653",2.99267380860506,1.98762786388397,20291,4,"meta_highrescanopyheight_orthophoto",0.5,"orthophoto_50cm_2025","Vestlandet"
"NINFP2110055674",0.0109631098722421,0.0100833587348461,29648,4,"meta_highrescanopyheight_orthophoto",0.5,"orthophoto_50cm_2025","Vestlandet"
"NINFP2210080436",0.0100970820636147,0.0100731793791056,4294,1,"meta_highrescanopyheight_orthophoto",0.5,"orthophoto_50cm_2025","Vestlandet"
"NINFP2410176978",5.93934931591374,5.92598819732666,10544,4,"meta_highrescanopyheight_orthophoto",0.5,"orthophoto_50cm_2025","Vestlandet"
"NINFP2210087075",0.649267458968366,0.0248092636466026,141943,8,"meta_highrescanopyheight_orthophoto",0.5,"orthophoto_50cm_2025","Vestlandet"
"NINFP2110048118",0.504094972572739,0.0198948550969362,58360,5,"meta_highrescanopyheight_orthophoto",0.5,"orthophoto_50cm_2025","Vestlandet"
"NINFP2010022626",0.0324468526918034,0.0111011420376599,76848,6,"meta_highrescanopyheight_orthophoto",0.5,"orthophoto_50cm_2025","Vestlandet"
"NINFP1810044005",0.248570286679644,0.0114025035873055,294481,16,"meta_highrescanopyheight_orthophoto",0.5,"orthophoto_50cm_2025","Vestlandet"
"NINFP2110008069",0.191613121793708,0.0105098495259881,388317,18,"meta_highrescanopyheight_orthophoto",0.5,"orthophoto_50cm_2025","Vestlandet"
"NINFP2410158746",0.909177758621998,0.0131838014349341,5505,2,"meta_highrescanopyheight_orthophoto",0.5,"orthophoto_50cm_2025","Vestlandet"
"NINFP2010054035",0.0305046685621894,0.0102626690641046,15512,3,"meta_highrescanopyheight_orthophoto",0.5,"orthophoto_50cm_2025","Vestlandet"
"NINFP1810016441",0.0100221376022523,0.0100220562890172,2091,1,"meta_highrescanopyheight_orthophoto",0.5,"orthophoto_50cm_2025","Vestlandet"
"NINFP1910003527",0.0153508354377448,0.0100361071527004,21658,3,"meta_highrescanopyheight_orthophoto",0.5,"orthophoto_50cm_2025","Vestlandet"
"NINFP1910001405",0.0112287170650514,0.0107021923176944,4018,2,"meta_highrescanopyheight_orthophoto",0.5,"orthophoto_50cm_2025","Vestlandet"
"NINFP2010000843",0.0232504238998709,0.0103350766003132,6028,2,"meta_highrescanopyheight_orthophoto",0.5,"orthophoto_50cm_2025","Vestlandet"
"NINFP2010008508",2.43871166515217,1.99075174331665,5527,2,"meta_highrescanopyheight_orthophoto",0.5,"orthophoto_50cm_2025","Vestlandet"
"NINFP2010053806",0.0280721206167456,0.0101438332349062,13634,3,"meta_highrescanopyheight_orthophoto",0.5,"orthophoto_50cm_2025","Vestlandet"
"NINFP2310135363",0.0111571082170847,0.0103489868342876,6255,3,"meta_highrescanopyheight_orthophoto",0.5,"orthophoto_50cm_2025","Vestlandet"
"NINFP1910037420",0.671918606666525,0.0126508958637714,18571,3,"meta_highrescanopyheight_orthophoto",0.5,"orthophoto_50cm_2025","Vestlandet"
"NINFP2310118250",3.24513648640252,2.45980429649353,29847,2,"meta_highrescanopyheight_orthophoto",0.5,"orthophoto_50cm_2025","Vestlandet"
"NINFP2510191620",0.011321420936972,0.0105075500905514,5325,2,"meta_highrescanopyheight_orthophoto",0.5,"orthophoto_50cm_2025","Vestlandet"
"NINFP2010022610",0.0494721099982349,0.0104125626385212,29617,4,"meta_highrescanopyheight_orthophoto",0.5,"orthophoto_50cm_2025","Vestlandet"
"NINFP2310135197",0.0126417082416616,0.0102856303565204,26528,3,"meta_highrescanopyheight_orthophoto",0.5,"orthophoto_50cm_2025","Vestlandet"
"NINFP2110053647",0.0100468571920872,0.010034536011517,17057,2,"meta_highrescanopyheight_orthophoto",0.5,"orthophoto_50cm_2025","Vestlandet"
"NINFP2110037045",0.663741752065677,0.0358844287693501,5777,2,"meta_highrescanopyheight_orthophoto",0.5,"orthophoto_50cm_2025","Vestlandet"
"NINFP2110073278",0.010283553552089,0.0102463588118553,3121,2,"meta_highrescanopyheight_orthophoto",0.5,"orthophoto_50cm_2025","Vestlandet"
"NINFP1910002263",0.0115590795431536,0.0100531503558159,144161,8,"meta_highrescanopyheight_orthophoto",0.5,"orthophoto_50cm_2025","Vestlandet"
"NINFP1810044569",0.0210307485151164,0.0101231206208467,17229,2,"meta_highrescanopyheight_orthophoto",0.5,"orthophoto_50cm_2025","Vestlandet"
"NINFP2510211105",0.853304744680166,0.012828016653657,2855,3,"meta_highrescanopyheight_orthophoto",0.5,"orthophoto_50cm_2025","Vestlandet"
"NINFP2510215423",0.0392740584233386,0.0101615451276302,48289,6,"meta_highrescanopyheight_orthophoto",0.5,"orthophoto_50cm_2025","Vestlandet"
"NINFP2210085789",1.68092802584661,0.374353051185608,9665,4,"meta_highrescanopyheight_orthophoto",0.5,"orthophoto_50cm_2025","Vestlandet"
"NINFP1810005943",1.32461060823246,0.195134215056896,10754,2,"meta_highrescanopyheight_orthophoto",0.5,"orthophoto_50cm_2025","Vestlandet"
"NINFP1810006122",0.0390544814757432,0.0102344546467066,4505,3,"meta_highrescanopyheight_orthophoto",0.5,"orthophoto_50cm_2025","Vestlandet"
"NINFP1810011901",0.0100189995920947,0.0100167337805033,42776,4,"meta_highrescanopyheight_orthophoto",0.5,"orthophoto_50cm_2025","Vestlandet"
"NINFP2310114368",0.0101388188092273,0.0100985686294734,4210,2,"meta_highrescanopyheight_orthophoto",0.5,"orthophoto_50cm_2025","Vestlandet"
"NINFP2110045512",0.0215186978958309,0.0102970665320754,22169,2,"meta_highrescanopyheight_orthophoto",0.5,"orthophoto_50cm_2025","Vestlandet"
"NINFP2110037693",2.16923588191823,0.785665035247803,11029,3,"meta_highrescanopyheight_orthophoto",0.5,"orthophoto_50cm_2025","Vestlandet"
"NINFP2210083347",0.010076208081256,0.0100446874275804,14240,2,"meta_highrescanopyheight_orthophoto",0.5,"orthophoto_50cm_2025","Vestlandet"
"NINFP2510202077",0.0308936739747453,0.0101866633631289,9578,2,"meta_highrescanopyheight_orthophoto",0.5,"orthophoto_50cm_2025","Vestlandet"
"NINFP2410172059",0.0100659800525697,0.0100288800895214,44618,5,"meta_highrescanopyheight_orthophoto",0.5,"orthophoto_50cm_2025","Vestlandet"
"NINFP2010021062",0.659438095411817,0.0123487645760179,7183,2,"meta_highrescanopyheight_orthophoto",0.5,"orthophoto_50cm_2025","Vestlandet"
"NINFP1910060403",1.83303136671786,0.583217233419418,17770,2,"meta_highrescanopyheight_orthophoto",0.5,"orthophoto_50cm_2025","Vestlandet"
"NINFP2210096093",0.0493643898582681,0.0104300631210208,19536,4,"meta_highrescanopyheight_orthophoto",0.5,"orthophoto_50cm_2025","Vestlandet"
"NINFP2410182877",8.70202885101466,9.53616857528687,4038,1,"meta_highrescanopyheight_orthophoto",0.5,"orthophoto_50cm_2025","Vestlandet"
"NINFP1910038828",1.94849276929342,0.792383581399918,19588,4,"meta_highrescanopyheight_orthophoto",0.5,"orthophoto_50cm_2025","Vestlandet"
"NINFP2210090027",0.265693940878009,0.010840555652976,16776,3,"meta_highrescanopyheight_orthophoto",0.5,"orthophoto_50cm_2025","Vestlandet"
"NINFP2110048199",0.0942701067224916,0.0106883812695742,42431,4,"meta_highrescanopyheight_orthophoto",0.5,"orthophoto_50cm_2025","Vestlandet"
"NINFP2510211469",0.513260431771525,0.075437355786562,11318,2,"meta_highrescanopyheight_orthophoto",0.5,"orthophoto_50cm_2025","Vestlandet"
"NINFP1810017656",3.56738838250093,3.50896120071411,8917,2,"meta_highrescanopyheight_orthophoto",0.5,"orthophoto_50cm_2025","Vestlandet"
"NINFP2410170476",4.42074054323562,4.19698429107666,9653,2,"meta_highrescanopyheight_orthophoto",0.5,"orthophoto_50cm_2025","Vestlandet"
"NINFP2210105283",0.012329673867305,0.0100394515320659,80011,7,"meta_highrescanopyheight_orthophoto",0.5,"orthophoto_50cm_2025","Vestlandet"
"NINFP2010015786",0.462720385191651,0.0250950688496232,4456,2,"meta_highrescanopyheight_orthophoto",0.5,"orthophoto_50cm_2025","Vestlandet"
"NINFP2410168194",0.0103331731751752,0.0102017540484667,1170,2,"meta_highrescanopyheight_orthophoto",0.5,"orthophoto_50cm_2025","Vestlandet"
"NINFP2110023604",0.010074450185897,0.0100675579160452,5733,2,"meta_highrescanopyheight_orthophoto",0.5,"orthophoto_50cm_2025","Vestlandet"
"NINFP2310118145",0.14530851060128,0.0104853557422757,14369,4,"meta_highrescanopyheight_orthophoto",0.5,"orthophoto_50cm_2025","Vestlandet"
"NINFP2210109504",4.26396065757141,3.61657691001892,19964,3,"meta_highrescanopyheight_orthophoto",0.5,"orthophoto_50cm_2025","Vestlandet"
"NINFP1910035577",0.0125678016938664,0.0104086333885789,4376,1,"meta_highrescanopyheight_orthophoto",0.5,"orthophoto_50cm_2025","Vestlandet"
"NINFP1810043859",1.48105843090549,0.24781796336174,31151,3,"meta_highrescanopyheight_orthophoto",0.5,"orthophoto_50cm_2025","Vestlandet"
"NINFP1810045872",0.032530283876655,0.0100963274016976,28705,2,"meta_highrescanopyheight_orthophoto",0.5,"orthophoto_50cm_2025","Vestlandet"
"NINFP1910030693",1.09705420552528,0.0176980290561914,1095,1,"meta_highrescanopyheight_orthophoto",0.5,"orthophoto_50cm_2025","Vestlandet"
"NINFP2010024573",0.199746310105454,0.0106581090949476,14044,4,"meta_highrescanopyheight_orthophoto",0.5,"orthophoto_50cm_2025","Vestlandet"
"NINFP1810021057",0.115573980461209,0.010171502828598,220465,13,"meta_highrescanopyheight_orthophoto",0.5,"orthophoto_50cm_2025","Vestlandet"
"NINFP1810016361",2.63762013778031,0.733179211616516,17491,2,"meta_highrescanopyheight_orthophoto",0.5,"orthophoto_50cm_2025","Vestlandet"
"NINFP2210087902",1.69401440132436,0.615256398916245,32860,4,"meta_highrescanopyheight_orthophoto",0.5,"orthophoto_50cm_2025","Vestlandet"
"NINFP2010057344",0.0129831104945949,0.0104086762294173,28154,4,"meta_highrescanopyheight_orthophoto",0.5,"orthophoto_50cm_2025","Vestlandet"
"NINFP2010031046",0.0106375299773177,0.0104161780327559,1086,1,"meta_highrescanopyheight_orthophoto",0.5,"orthophoto_50cm_2025","Vestlandet"
"NINFP1810015597",0.0138672866509066,0.010020088404417,113805,5,"meta_highrescanopyheight_orthophoto",0.5,"orthophoto_50cm_2025","Vestlandet"
"NINFP1810012272",0.0100415474449014,0.0100399740040302,5939,1,"meta_highrescanopyheight_orthophoto",0.5,"orthophoto_50cm_2025","Vestlandet"
"NINFP2510219847",0.0109076072014663,0.0101978424936533,72473,6,"meta_highrescanopyheight_orthophoto",0.5,"orthophoto_50cm_2025","Vestlandet"
"NINFP2110007232",0.0562675604134855,0.0102793332189322,261242,12,"meta_highrescanopyheight_orthophoto",0.5,"orthophoto_50cm_2025","Vestlandet"
"NINFP1910001790",2.81726384469396,1.81770116090775,2076,2,"meta_highrescanopyheight_orthophoto",0.5,"orthophoto_50cm_2025","Vestlandet"
"NINFP1810016088",0.0106174143540887,0.0100994161330163,17002,3,"meta_highrescanopyheight_orthophoto",0.5,"orthophoto_50cm_2025","Vestlandet"
"NINFP1810021070",0.0172430887975066,0.0100463461130857,140736,6,"meta_highrescanopyheight_orthophoto",0.5,"orthophoto_50cm_2025","Vestlandet"
"NINFP2210113885",2.0620831118195,0.833243578672409,37340,8,"meta_highrescanopyheight_orthophoto",0.5,"orthophoto_50cm_2025","Vestlandet"
"NINFP1810014085",0.0100293763738206,0.0100257825106382,28992,4,"meta_highrescanopyheight_orthophoto",0.5,"orthophoto_50cm_2025","Vestlandet"
"NINFP2110007231",0.0564195179452543,0.010361832100898,52804,6,"meta_highrescanopyheight_orthophoto",0.5,"orthophoto_50cm_2025","Vestlandet"
"NINFP2110014791",0.0100910529265922,0.0100702033378184,14176,3,"meta_highrescanopyheight_orthophoto",0.5,"orthophoto_50cm_2025","Vestlandet"
"NINFP2210093840",0.128002913048554,0.0104225510731339,18149,4,"meta_highrescanopyheight_orthophoto",0.5,"orthophoto_50cm_2025","Vestlandet"
"NINFP1910055351",1.13658633564786,0.110000975430012,11447,3,"meta_highrescanopyheight_orthophoto",0.5,"orthophoto_50cm_2025","Vestlandet"
"NINFP1910040408",3.83783389733307,3.36435127258301,5257,2,"meta_highrescanopyheight_orthophoto",0.5,"orthophoto_50cm_2025","Vestlandet"
"NINFP2510207424",5.32105576364107,6.02492141723633,4688,1,"meta_highrescanopyheight_orthophoto",0.5,"orthophoto_50cm_2025","Vestlandet"
"NINFP1810043690",1.01842831959611,0.170635357499123,23607,5,"meta_highrescanopyheight_orthophoto",0.5,"orthophoto_50cm_2025","Vestlandet"
"NINFP1910029100",0.112000960283157,0.0102873402647674,50090,6,"meta_highrescanopyheight_orthophoto",0.5,"orthophoto_50cm_2025","Vestlandet"
"NINFP1810013277",0.0100926010424392,0.0100695001892745,40308,3,"meta_highrescanopyheight_orthophoto",0.5,"orthophoto_50cm_2025","Vestlandet"
"NINFP1910053143",0.0514291515755105,0.0160052301362157,4008,4,"meta_highrescanopyheight_orthophoto",0.5,"orthophoto_50cm_2025","Vestlandet"
"NINFP2010023897",0.91334006906466,0.131378032267094,4068,1,"meta_highrescanopyheight_orthophoto",0.5,"orthophoto_50cm_2025","Vestlandet"
"NINFP2010022619",0.014762865618487,0.0102608911693096,21055,3,"meta_highrescanopyheight_orthophoto",0.5,"orthophoto_50cm_2025","Vestlandet"
"NINFP1810017252",5.59273433372585,5.87054920196533,7717,2,"meta_highrescanopyheight_orthophoto",0.5,"orthophoto_50cm_2025","Vestlandet"
"NINFP2210084956",0.694483506501333,0.0570910573005676,27837,2,"meta_highrescanopyheight_orthophoto",0.5,"orthophoto_50cm_2025","Vestlandet"
"NINFP1810046005",0.0100236391084871,0.0100202346220613,5828,4,"meta_highrescanopyheight_orthophoto",0.5,"orthophoto_50cm_2025","Vestlandet"
"NINFP1810043090",1.43207113368518,0.336026519536972,51157,4,"meta_highrescanopyheight_orthophoto",0.5,"orthophoto_50cm_2025","Vestlandet"
"NINFP1810027896",0.149126893569418,0.0102968569844961,202839,12,"meta_highrescanopyheight_orthophoto",0.5,"orthophoto_50cm_2025","Vestlandet"
"NINFP2110048193",0.120440299491155,0.0104575855657458,153184,13,"meta_highrescanopyheight_orthophoto",0.5,"orthophoto_50cm_2025","Vestlandet"
"NINFP1810038775",0.0101071318776483,0.0100864483974874,10624,3,"meta_highrescanopyheight_orthophoto",0.5,"orthophoto_50cm_2025","Vestlandet"
"NINFP1810016446",0.0100336034839221,0.0100282216444612,10181,4,"meta_highrescanopyheight_orthophoto",0.5,"orthophoto_50cm_2025","Vestlandet"
"NINFP2210112548",0.0105165014839131,0.0102213490754366,7175,2,"meta_highrescanopyheight_orthophoto",0.5,"orthophoto_50cm_2025","Vestlandet"
"NINFP2310130818",0.0670855320474832,0.0106638423167169,11080,2,"meta_highrescanopyheight_orthophoto",0.5,"orthophoto_50cm_2025","Vestlandet"
"NINFP2110038005",1.52906785401542,0.640810489654541,12355,3,"meta_highrescanopyheight_orthophoto",0.5,"orthophoto_50cm_2025","Vestlandet"
"NINFP1810006733",0.0136500517503436,0.0100350202992558,342782,16,"meta_highrescanopyheight_orthophoto",0.5,"orthophoto_50cm_2025","Vestlandet"
"NINFP2110036881",2.7819700723933,2.14350640773773,7832,4,"meta_highrescanopyheight_orthophoto",0.5,"orthophoto_50cm_2025","Vestlandet"
"NINFP1810016267",5.23366212294043,5.43903779983521,27725,2,"meta_highrescanopyheight_orthophoto",0.5,"orthophoto_50cm_2025","Vestlandet"
"NINFP1810043959",0.0884001324687424,0.0101912170648575,90360,8,"meta_highrescanopyheight_orthophoto",0.5,"orthophoto_50cm_2025","Vestlandet"
"NINFP2510205203",0.0102422983205469,0.0101686944253743,8778,4,"meta_highrescanopyheight_orthophoto",0.5,"orthophoto_50cm_2025","Vestlandet"
"NINFP1810007359",2.11045240231101,0.724772959947586,22108,3,"meta_highrescanopyheight_orthophoto",0.5,"orthophoto_50cm_2025","Vestlandet"
"NINFP1810045299",4.07387462943324,3.81040179729462,54168,6,"meta_highrescanopyheight_orthophoto",0.5,"orthophoto_50cm_2025","Vestlandet"
"NINFP2010002017",0.944323815033243,0.0108972759917378,25838,4,"meta_highrescanopyheight_orthophoto",0.5,"orthophoto_50cm_2025","Vestlandet"
"NINFP2310119056",0.0149187273653843,0.0105587681755424,6245,4,"meta_highrescanopyheight_orthophoto",0.5,"orthophoto_50cm_2025","Vestlandet"
"NINFP2110047451",0.0100730841936465,0.010039983317256,32115,3,"meta_highrescanopyheight_orthophoto",0.5,"orthophoto_50cm_2025","Vestlandet"
"NINFP2310121832",0.0689383427243899,0.0113443844020367,3353,2,"meta_highrescanopyheight_orthophoto",0.5,"orthophoto_50cm_2025","Vestlandet"
"NINFP1810007350",1.64678299844708,0.338064551353455,62821,5,"meta_highrescanopyheight_orthophoto",0.5,"orthophoto_50cm_2025","Vestlandet"
"NINFP2010022792",0.110451866886155,0.0110927266068757,12238,3,"meta_highrescanopyheight_orthophoto",0.5,"orthophoto_50cm_2025","Vestlandet"
"NINFP2110009910",0.390099563394748,0.0108356745913625,22142,3,"meta_highrescanopyheight_orthophoto",0.5,"orthophoto_50cm_2025","Vestlandet"
"NINFP2010023891",2.45182392265573,1.22620117664337,12767,4,"meta_highrescanopyheight_orthophoto",0.5,"orthophoto_50cm_2025","Vestlandet"
"NINFP2110044872",0.0131980204136753,0.0101281618699431,10231,3,"meta_highrescanopyheight_orthophoto",0.5,"orthophoto_50cm_2025","Vestlandet"
"NINFP2310119048",0.0143929679265001,0.0100822225213051,20507,4,"meta_highrescanopyheight_orthophoto",0.5,"orthophoto_50cm_2025","Vestlandet"
"NINFP1810045315",0.540625896501786,0.0122821279801428,20396,2,"meta_highrescanopyheight_orthophoto",0.5,"orthophoto_50cm_2025","Vestlandet"
"NINFP2110050990",0.017325320042006,0.0102711375802755,14413,3,"meta_highrescanopyheight_orthophoto",0.5,"orthophoto_50cm_2025","Vestlandet"
"NINFP2010006299",3.93431544229151,4.14111399650574,4406,4,"meta_highrescanopyheight_orthophoto",0.5,"orthophoto_50cm_2025","Vestlandet"
"NINFP1910060488",7.29552843879291,7.56351542472839,7734,2,"meta_highrescanopyheight_orthophoto",0.5,"orthophoto_50cm_2025","Vestlandet"
"NINFP2210078505",3.08382083628172,1.46375620365143,4648,3,"meta_highrescanopyheight_orthophoto",0.5,"orthophoto_50cm_2025","Vestlandet"
"NINFP1810014109",0.0101062552505856,0.0100592328235507,56601,5,"meta_highrescanopyheight_orthophoto",0.5,"orthophoto_50cm_2025","Vestlandet"
"NINFP1910022227",4.18047593139577,4.239089012146,4051,2,"meta_highrescanopyheight_orthophoto",0.5,"orthophoto_50cm_2025","Vestlandet"
"NINFP2510198326",3.39366039281362,0.89506733417511,12985,3,"meta_highrescanopyheight_orthophoto",0.5,"orthophoto_50cm_2025","Vestlandet"
"NINFP1910006366",9.93140899735652,9.68858575820923,6602,3,"meta_highrescanopyheight_orthophoto",0.5,"orthophoto_50cm_2025","Vestlandet"
"NINFP1810018484",5.85440680030527,6.06087970733643,21882,2,"meta_highrescanopyheight_orthophoto",0.5,"orthophoto_50cm_2025","Vestlandet"
"NINFP1810018127",5.19043095573873,5.81723165512085,40957,4,"meta_highrescanopyheight_orthophoto",0.5,"orthophoto_50cm_2025","Vestlandet"
"NINFP2010015220",0.343384100594099,0.0107454122044146,72550,7,"meta_highrescanopyheight_orthophoto",0.5,"orthophoto_50cm_2025","Vestlandet"
"NINFP2410163558",0.0110222791127296,0.0101147778332233,42482,5,"meta_highrescanopyheight_orthophoto",0.5,"orthophoto_50cm_2025","Vestlandet"
"NINFP2010053801",0.0298529358481976,0.0103086177259684,7018,4,"meta_highrescanopyheight_orthophoto",0.5,"orthophoto_50cm_2025","Vestlandet"
"NINFP2010019735",0.492271263037256,0.015598626807332,3997,2,"meta_highrescanopyheight_orthophoto",0.5,"orthophoto_50cm_2025","Vestlandet"
"NINFP2010024458",0.529981132089341,0.0167912803590298,10657,1,"meta_highrescanopyheight_orthophoto",0.5,"orthophoto_50cm_2025","Vestlandet"
"NINFP1810005303",0.0728256244612674,0.0103634735569358,9865,3,"meta_highrescanopyheight_orthophoto",0.5,"orthophoto_50cm_2025","Vestlandet"
"NINFP1810009262",0.0100272172622262,0.0100197214633226,53981,5,"meta_highrescanopyheight_orthophoto",0.5,"orthophoto_50cm_2025","Vestlandet"
"NINFP2310134835",0.010743399495485,0.0101723205298185,6963,2,"meta_highrescanopyheight_orthophoto",0.5,"orthophoto_50cm_2025","Vestlandet"
"NINFP2110037716",1.31884849471408,0.0215451121330261,6331,2,"meta_highrescanopyheight_orthophoto",0.5,"orthophoto_50cm_2025","Vestlandet"
"NINFP2310140781",0.180652366564231,0.0111243864521384,12631,4,"meta_highrescanopyheight_orthophoto",0.5,"orthophoto_50cm_2025","Vestlandet"
"NINFP2010007659",0.0833579434107794,0.0112050892785192,4246,1,"meta_highrescanopyheight_orthophoto",0.5,"orthophoto_50cm_2025","Vestlandet"
"NINFP2110036878",6.28847210086321,6.48863363265991,4910,1,"meta_highrescanopyheight_orthophoto",0.5,"orthophoto_50cm_2025","Vestlandet"
"NINFP2310118168",1.86219045542312,0.367371425032616,4660,3,"meta_highrescanopyheight_orthophoto",0.5,"orthophoto_50cm_2025","Vestlandet"
"NINFP1810044138",0.0467365127283979,0.0101662743836641,48743,6,"meta_highrescanopyheight_orthophoto",0.5,"orthophoto_50cm_2025","Vestlandet"
"NINFP2010032399",0.940995177812356,0.0102208214811981,23722,4,"meta_highrescanopyheight_orthophoto",0.5,"orthophoto_50cm_2025","Vestlandet"
"NINFP2310119166",0.0101668624572165,0.0100902430713177,8951,2,"meta_highrescanopyheight_orthophoto",0.5,"orthophoto_50cm_2025","Vestlandet"
"NINFP1910050219",0.1860562278117,0.0104188253171742,7406,2,"meta_highrescanopyheight_orthophoto",0.5,"orthophoto_50cm_2025","Vestlandet"
"NINFP2010015790",1.54358090312665,0.0585830751806498,4060,1,"meta_highrescanopyheight_orthophoto",0.5,"orthophoto_50cm_2025","Vestlandet"
"NINFP2210083630",0.0495872193277711,0.0103549621999264,29937,4,"meta_highrescanopyheight_orthophoto",0.5,"orthophoto_50cm_2025","Vestlandet"
"NINFP2210089579",1.89576547513487,0.79644250869751,8323,2,"meta_highrescanopyheight_orthophoto",0.5,"orthophoto_50cm_2025","Vestlandet"
"NINFP2410158171",2.84170690679353,2.27763891220093,4258,1,"meta_highrescanopyheight_orthophoto",0.5,"orthophoto_50cm_2025","Vestlandet"
"NINFP2110035501",0.010028293975384,0.0100230388343334,69617,6,"meta_highrescanopyheight_orthophoto",0.5,"orthophoto_50cm_2025","Vestlandet"
"NINFP2310116976",0.056107422471367,0.0101884682662785,5764,2,"meta_highrescanopyheight_orthophoto",0.5,"orthophoto_50cm_2025","Vestlandet"
"NINFP1810032699",0.108441306283103,0.0106883514672518,85045,7,"meta_highrescanopyheight_orthophoto",0.5,"orthophoto_50cm_2025","Vestlandet"
"NINFP2110054894",0.0107714017848032,0.0102187199518085,16772,4,"meta_highrescanopyheight_orthophoto",0.5,"orthophoto_50cm_2025","Vestlandet"
"NINFP2010021955",3.17603904119235,1.93976843357086,9504,1,"meta_highrescanopyheight_orthophoto",0.5,"orthophoto_50cm_2025","Vestlandet"
"NINFP2410175017",0.0104529767163068,0.0103506953455508,6082,4,"meta_highrescanopyheight_orthophoto",0.5,"orthophoto_50cm_2025","Vestlandet"
"NINFP1810012530",0.0118833717698906,0.0100789964199066,170897,9,"meta_highrescanopyheight_orthophoto",0.5,"orthophoto_50cm_2025","Vestlandet"
"NINFP2210083834",0.659962467606368,0.0125961564481258,83517,6,"meta_highrescanopyheight_orthophoto",0.5,"orthophoto_50cm_2025","Vestlandet"
"NINFP2110052788",0.0164520467834104,0.0100903171114624,5912,2,"meta_highrescanopyheight_orthophoto",0.5,"orthophoto_50cm_2025","Vestlandet"
"NINFP2010054703",0.0142736215755464,0.0101322215050459,35493,3,"meta_highrescanopyheight_orthophoto",0.5,"orthophoto_50cm_2025","Vestlandet"
"NINFP2410182075",4.73438983757228,4.69281077384949,7106,2,"meta_highrescanopyheight_orthophoto",0.5,"orthophoto_50cm_2025","Vestlandet"
"NINFP1910010796",4.74058200527861,4.35435914993286,12583,3,"meta_highrescanopyheight_orthophoto",0.5,"orthophoto_50cm_2025","Vestlandet"
"NINFP2310133511",3.58210182644267,2.08561086654663,6392,1,"meta_highrescanopyheight_orthophoto",0.5,"orthophoto_50cm_2025","Vestlandet"
"NINFP1910038262",5.16810360664573,5.22638988494873,4027,1,"meta_highrescanopyheight_orthophoto",0.5,"orthophoto_50cm_2025","Vestlandet"
"NINFP2110061221",0.0100469705157876,0.0100324209779501,11261,1,"meta_highrescanopyheight_orthophoto",0.5,"orthophoto_50cm_2025","Vestlandet"
"NINFP1810043426",0.11975945236783,0.0107065830379725,9837,4,"meta_highrescanopyheight_orthophoto",0.5,"orthophoto_50cm_2025","Vestlandet"
"NINFP2110007638",0.607955354545263,0.0110949715599418,402073,16,"meta_highrescanopyheight_orthophoto",0.5,"orthophoto_50cm_2025","Vestlandet"
"NINFP2210086331",0.671016932017176,0.0599188189953566,28200,2,"meta_highrescanopyheight_orthophoto",0.5,"orthophoto_50cm_2025","Vestlandet"
"NINFP2310142394",7.01190358345553,7.26693391799927,10552,4,"meta_highrescanopyheight_orthophoto",0.5,"orthophoto_50cm_2025","Vestlandet"
"NINFP1810038774",0.0100238660977456,0.0100200278684497,5974,2,"meta_highrescanopyheight_orthophoto",0.5,"orthophoto_50cm_2025","Vestlandet"
"NINFP2510219846",0.0139994513085665,0.0101748472079635,117658,12,"meta_highrescanopyheight_orthophoto",0.5,"orthophoto_50cm_2025","Vestlandet"
"NINFP2110046740",0.0100817469570657,0.0100745065137744,4185,4,"meta_highrescanopyheight_orthophoto",0.5,"orthophoto_50cm_2025","Vestlandet"
"NINFP1910040511",0.0130395511854303,0.0106414132751524,7342,3,"meta_highrescanopyheight_orthophoto",0.5,"orthophoto_50cm_2025","Vestlandet"
"NINFP1810007218",0.749245578059246,0.0154198231175542,74719,7,"meta_highrescanopyheight_orthophoto",0.5,"orthophoto_50cm_2025","Vestlandet"
"NINFP2410163556",0.0100476394349404,0.0100329825654626,29778,4,"meta_highrescanopyheight_orthophoto",0.5,"orthophoto_50cm_2025","Vestlandet"
"NINFP1810017982",2.4677954690161,2.14824163913727,31176,6,"meta_highrescanopyheight_orthophoto",0.5,"orthophoto_50cm_2025","Vestlandet"
"NINFP1910016537",0.0100302479247078,0.0100294863805175,22673,2,"meta_highrescanopyheight_orthophoto",0.5,"orthophoto_50cm_2025","Vestlandet"
"NINFP1810012607",0.0101318149275834,0.0100905727595091,19797,3,"meta_highrescanopyheight_orthophoto",0.5,"orthophoto_50cm_2025","Vestlandet"
"NINFP1810024622",0.0170927345793514,0.0101090180687606,65744,5,"meta_highrescanopyheight_orthophoto",0.5,"orthophoto_50cm_2025","Vestlandet"
"NINFP2410161829",0.0101823856558032,0.0100493561476469,53009,4,"meta_highrescanopyheight_orthophoto",0.5,"orthophoto_50cm_2025","Vestlandet"
"NINFP1810021990",2.08605058054267,0.318763613700867,43175,5,"meta_highrescanopyheight_orthophoto",0.5,"orthophoto_50cm_2025","Vestlandet"
"NINFP1810005549",0.34454139184466,0.0103560630232096,2414,2,"meta_highrescanopyheight_orthophoto",0.5,"orthophoto_50cm_2025","Vestlandet"
"NINFP2110007221",0.116794746545354,0.0124363922514021,17598,4,"meta_highrescanopyheight_orthophoto",0.5,"orthophoto_50cm_2025","Vestlandet"
"NINFP2210113944",3.88455521032473,3.30185902118683,7092,2,"meta_highrescanopyheight_orthophoto",0.5,"orthophoto_50cm_2025","Vestlandet"
"NINFP1910040510",3.16105539694142,1.80969715118408,6859,4,"meta_highrescanopyheight_orthophoto",0.5,"orthophoto_50cm_2025","Vestlandet"
"NINFP2110023617",0.0100986428996083,0.0100623480975628,18607,4,"meta_highrescanopyheight_orthophoto",0.5,"orthophoto_50cm_2025","Vestlandet"
"NINFP1810005497",0.0100461316443811,0.0100262369960546,75210,6,"meta_highrescanopyheight_orthophoto",0.5,"orthophoto_50cm_2025","Vestlandet"
"NINFP2210108506",2.75117956586867,2.40857696533203,8647,2,"meta_highrescanopyheight_orthophoto",0.5,"orthophoto_50cm_2025","Vestlandet"
"NINFP1910035900",0.480888422618641,0.0244350396096706,10692,3,"meta_highrescanopyheight_orthophoto",0.5,"orthophoto_50cm_2025","Vestlandet"
"NINFP2110008067",0.0657694111381703,0.0103035559877753,166674,9,"meta_highrescanopyheight_orthophoto",0.5,"orthophoto_50cm_2025","Vestlandet"
"NINFP1810016362",0.828325800376516,0.0225134380161762,88335,9,"meta_highrescanopyheight_orthophoto",0.5,"orthophoto_50cm_2025","Vestlandet"
"NINFP1810015742",8.09536418525371,8.26352214813232,5755,1,"meta_highrescanopyheight_orthophoto",0.5,"orthophoto_50cm_2025","Vestlandet"
"NINFP2110008495",0.297681633911145,0.0123815163969994,5093,1,"meta_highrescanopyheight_orthophoto",0.5,"orthophoto_50cm_2025","Vestlandet"
"NINFP1810044000",0.358476046761059,0.0112466746941209,190367,11,"meta_highrescanopyheight_orthophoto",0.5,"orthophoto_50cm_2025","Vestlandet"
"NINFP1910041459",4.99061528064338,4.1548023223877,12501,2,"meta_highrescanopyheight_orthophoto",0.5,"orthophoto_50cm_2025","Vestlandet"
"NINFP1810014912",0.010141320416269,0.0100181726738811,7462,2,"meta_highrescanopyheight_orthophoto",0.5,"orthophoto_50cm_2025","Vestlandet"
"NINFP2110009092",0.0329883743449522,0.0103972866199911,68266,7,"meta_highrescanopyheight_orthophoto",0.5,"orthophoto_50cm_2025","Vestlandet"
"NINFP2010012140",3.39415179883014,2.62511718273163,8548,1,"meta_highrescanopyheight_orthophoto",0.5,"orthophoto_50cm_2025","Vestlandet"
"NINFP1810015633",0.0100386153914593,0.0100282691419125,4884,2,"meta_highrescanopyheight_orthophoto",0.5,"orthophoto_50cm_2025","Vestlandet"
"NINFP2510186083",0.0106871985481687,0.0103075187653303,3085,1,"meta_highrescanopyheight_orthophoto",0.5,"orthophoto_50cm_2025","Vestlandet"
"NINFP2310123284",0.0100700418113384,0.0100621958263218,2634,1,"meta_highrescanopyheight_orthophoto",0.5,"orthophoto_50cm_2025","Vestlandet"
"NINFP2010019733",1.06538606940349,0.069688405841589,12656,2,"meta_highrescanopyheight_orthophoto",0.5,"orthophoto_50cm_2025","Vestlandet"
"NINFP2410168765",0.0652946724802635,0.0102120791561902,5900,2,"meta_highrescanopyheight_orthophoto",0.5,"orthophoto_50cm_2025","Vestlandet"
"NINFP1810018432",0.732460207863361,0.0131301139481366,15412,3,"meta_highrescanopyheight_orthophoto",0.5,"orthophoto_50cm_2025","Vestlandet"
"NINFP2310135368",0.0137961491163838,0.0104238279163837,5414,1,"meta_highrescanopyheight_orthophoto",0.5,"orthophoto_50cm_2025","Vestlandet"
"NINFP2310135364",0.0107432391879033,0.0104950973764062,7891,3,"meta_highrescanopyheight_orthophoto",0.5,"orthophoto_50cm_2025","Vestlandet"
"NINFP2210114043",0.0101224887004065,0.0100322905927896,11182,5,"meta_highrescanopyheight_orthophoto",0.5,"orthophoto_50cm_2025","Vestlandet"
"NINFP2110071463",0.0102532650143204,0.0101474598050117,27471,4,"meta_highrescanopyheight_orthophoto",0.5,"orthophoto_50cm_2025","Vestlandet"
"NINFP2310135199",0.0106227763800756,0.0102640269324183,20972,2,"meta_highrescanopyheight_orthophoto",0.5,"orthophoto_50cm_2025","Vestlandet"
"NINFP2110067606",0.0614593727678006,0.0102134686894715,53370,5,"meta_highrescanopyheight_orthophoto",0.5,"orthophoto_50cm_2025","Vestlandet"
"NINFP1810043268",1.35310422802617,0.251731261610985,5304,1,"meta_highrescanopyheight_orthophoto",0.5,"orthophoto_50cm_2025","Vestlandet"
"NINFP2510218662",2.74962784221046,2.06635582447052,15682,4,"meta_highrescanopyheight_orthophoto",0.5,"orthophoto_50cm_2025","Vestlandet"
"NINFP1810011058",0.0167360649615657,0.0100219286978245,263722,13,"meta_highrescanopyheight_orthophoto",0.5,"orthophoto_50cm_2025","Vestlandet"
"NINFP1810042194",0.0100159607172666,0.0100148203782737,22494,2,"meta_highrescanopyheight_orthophoto",0.5,"orthophoto_50cm_2025","Vestlandet"
"NINFP2510201976",5.01872827088945,4.88197040557861,4741,1,"meta_highrescanopyheight_orthophoto",0.5,"orthophoto_50cm_2025","Vestlandet"
"NINFP2110023619",0.0100440549607267,0.0100363218225539,5202,1,"meta_highrescanopyheight_orthophoto",0.5,"orthophoto_50cm_2025","Vestlandet"
"NINFP2410159502",0.0181908672542015,0.0101362941786647,53866,6,"meta_highrescanopyheight_orthophoto",0.5,"orthophoto_50cm_2025","Vestlandet"
"NINFP2110037052",0.226369789317379,0.0111361453309655,56819,6,"meta_highrescanopyheight_orthophoto",0.5,"orthophoto_50cm_2025","Vestlandet"
"NINFP1810035043",0.0114535798912435,0.0103156184777617,5744,2,"meta_highrescanopyheight_orthophoto",0.5,"orthophoto_50cm_2025","Vestlandet"
"NINFP2310121845",0.590384133638494,0.0307365357875824,7176,2,"meta_highrescanopyheight_orthophoto",0.5,"orthophoto_50cm_2025","Vestlandet"
"NINFP1810011416",5.7709096450253,6.01187109947205,8056,2,"meta_highrescanopyheight_orthophoto",0.5,"orthophoto_50cm_2025","Vestlandet"
"NINFP1810038778",0.010761193858681,0.0101586962118745,4308,3,"meta_highrescanopyheight_orthophoto",0.5,"orthophoto_50cm_2025","Vestlandet"
"NINFP1910042281",4.86043499182993,5.2834005355835,12407,4,"meta_highrescanopyheight_orthophoto",0.5,"orthophoto_50cm_2025","Vestlandet"
"NINFP1810014061",0.0101544333352703,0.0101158674806356,7903,2,"meta_highrescanopyheight_orthophoto",0.5,"orthophoto_50cm_2025","Vestlandet"
"NINFP2110022831",0.0499646476728376,0.0100715341977775,50090,5,"meta_highrescanopyheight_orthophoto",0.5,"orthophoto_50cm_2025","Vestlandet"
"NINFP2310122442",2.11601168794972,0.456177905201912,10272,2,"meta_highrescanopyheight_orthophoto",0.5,"orthophoto_50cm_2025","Vestlandet"
"NINFP1910060025",7.44732936249656,7.77206325531006,62394,4,"meta_highrescanopyheight_orthophoto",0.5,"orthophoto_50cm_2025","Vestlandet"
"NINFP1810024423",6.81331660054883,7.56959295272827,11992,3,"meta_highrescanopyheight_orthophoto",0.5,"orthophoto_50cm_2025","Vestlandet"
"NINFP1810046868",0.514513910637586,0.012331759557128,265559,9,"meta_highrescanopyheight_orthophoto",0.5,"orthophoto_50cm_2025","Vestlandet"
"NINFP2310123331",0.123646008366518,0.0103930342011154,30994,3,"meta_highrescanopyheight_orthophoto",0.5,"orthophoto_50cm_2025","Vestlandet"
"NINFP2010021973",0.0132307671326346,0.0101836360991001,7401,2,"meta_highrescanopyheight_orthophoto",0.5,"orthophoto_50cm_2025","Vestlandet"
"NINFP1910059228",5.67340076919221,6.3130099773407,5362,1,"meta_highrescanopyheight_orthophoto",0.5,"orthophoto_50cm_2025","Vestlandet"
"NINFP2410180791",0.0852111609581935,0.0108710657805204,3899,2,"meta_highrescanopyheight_orthophoto",0.5,"orthophoto_50cm_2025","Vestlandet"
"NINFP1810031375",3.87942938237001,3.82736682891846,12570,2,"meta_highrescanopyheight_orthophoto",0.5,"orthophoto_50cm_2025","Vestlandet"
"NINFP2010008421",1.99615269724066,0.726321995258331,46541,5,"meta_highrescanopyheight_orthophoto",0.5,"orthophoto_50cm_2025","Vestlandet"
"NINFP2310119061",0.0312881184553023,0.0103897899389267,8996,4,"meta_highrescanopyheight_orthophoto",0.5,"orthophoto_50cm_2025","Vestlandet"
"NINFP2410159503",0.242448411033533,0.0103120412677526,21831,3,"meta_highrescanopyheight_orthophoto",0.5,"orthophoto_50cm_2025","Vestlandet"
"NINFP2310129978",7.83354642095729,7.90079498291016,1521,2,"meta_highrescanopyheight_orthophoto",0.5,"orthophoto_50cm_2025","Vestlandet"
"NINFP2410168189",1.58653194651708,0.0562931038439274,13186,4,"meta_highrescanopyheight_orthophoto",0.5,"orthophoto_50cm_2025","Vestlandet"
"NINFP2310140699",0.259995165758363,0.0107244299724698,31352,5,"meta_highrescanopyheight_orthophoto",0.5,"orthophoto_50cm_2025","Vestlandet"
"NINFP2310118214",2.7610718872943,2.10957503318787,5542,2,"meta_highrescanopyheight_orthophoto",0.5,"orthophoto_50cm_2025","Vestlandet"
"NINFP1810037869",8.33191820228295,9.0718150138855,24440,2,"meta_highrescanopyheight_orthophoto",0.5,"orthophoto_50cm_2025","Vestlandet"
"NINFP1910021068",0.01012011596721,0.0100439633242786,43032,2,"meta_highrescanopyheight_orthophoto",0.5,"orthophoto_50cm_2025","Vestlandet"
"NINFP2110023550",0.0933556903244014,0.0101239625364542,660261,30,"meta_highrescanopyheight_orthophoto",0.5,"orthophoto_50cm_2025","Vestlandet"
"NINFP2010022140",3.46021195499968,1.83829367160797,4321,2,"meta_highrescanopyheight_orthophoto",0.5,"orthophoto_50cm_2025","Vestlandet"
"NINFP1810043634",1.52424217988125,0.204499304294586,77077,7,"meta_highrescanopyheight_orthophoto",0.5,"orthophoto_50cm_2025","Vestlandet"
"NINFP1910041130",3.09725847567017,1.50643402338028,7216,2,"meta_highrescanopyheight_orthophoto",0.5,"orthophoto_50cm_2025","Vestlandet"
"NINFP2010017400",0.508533132277839,0.0123343244194984,4927,3,"meta_highrescanopyheight_orthophoto",0.5,"orthophoto_50cm_2025","Vestlandet"
"NINFP1810015744",5.16850083182858,5.36944580078125,18539,2,"meta_highrescanopyheight_orthophoto",0.5,"orthophoto_50cm_2025","Vestlandet"
"NINFP1910061862",0.010025141192041,0.0100236013531685,6962,1,"meta_highrescanopyheight_orthophoto",0.5,"orthophoto_50cm_2025","Vestlandet"
"NINFP2110048126",0.631748478754815,0.016209714114666,85566,6,"meta_highrescanopyheight_orthophoto",0.5,"orthophoto_50cm_2025","Vestlandet"
"NINFP2110024552",0.0661047504027123,0.0103522017598152,10012,2,"meta_highrescanopyheight_orthophoto",0.5,"orthophoto_50cm_2025","Vestlandet"
"NINFP2010033415",0.559790704216107,0.0276315193623304,14597,3,"meta_highrescanopyheight_orthophoto",0.5,"orthophoto_50cm_2025","Vestlandet"
"NINFP2410147493",4.22105676224731,2.16545724868774,6255,3,"meta_highrescanopyheight_orthophoto",0.5,"orthophoto_50cm_2025","Vestlandet"
"NINFP2310140483",0.0259931274023972,0.0115317367017269,3507,4,"meta_highrescanopyheight_orthophoto",0.5,"orthophoto_50cm_2025","Vestlandet"
"NINFP1810035057",0.236114948862235,0.0101435855031013,12178,3,"meta_highrescanopyheight_orthophoto",0.5,"orthophoto_50cm_2025","Vestlandet"
"NINFP2110023613",0.0100691501952994,0.0100609809160233,15051,3,"meta_highrescanopyheight_orthophoto",0.5,"orthophoto_50cm_2025","Vestlandet"
"NINFP2210079222",0.0134452044450487,0.0100765856914222,9960,2,"meta_highrescanopyheight_orthophoto",0.5,"orthophoto_50cm_2025","Vestlandet"
"NINFP2010031045",0.0214722370166611,0.0137846935540438,1027,2,"meta_highrescanopyheight_orthophoto",0.5,"orthophoto_50cm_2025","Vestlandet"
"NINFP2310123749",0.0134352695639039,0.0100267641246319,2134753,61,"meta_highrescanopyheight_orthophoto",0.5,"orthophoto_50cm_2025","Vestlandet"
"NINFP1810037772",0.0107087254845453,0.0101367421448231,5068,1,"meta_highrescanopyheight_orthophoto",0.5,"orthophoto_50cm_2025","Vestlandet"
"NINFP2010002011",3.99730968899691,3.88675379753113,18240,4,"meta_highrescanopyheight_orthophoto",0.5,"orthophoto_50cm_2025","Vestlandet"
"NINFP2010023813",0.0104644958465956,0.0101791396737099,16962,2,"meta_highrescanopyheight_orthophoto",0.5,"orthophoto_50cm_2025","Vestlandet"
"NINFP2010053803",0.0232689895860206,0.0101209534332156,13410,2,"meta_highrescanopyheight_orthophoto",0.5,"orthophoto_50cm_2025","Vestlandet"
"NINFP1810014070",1.84047433940986,0.222359478473663,33984,3,"meta_highrescanopyheight_orthophoto",0.5,"orthophoto_50cm_2025","Vestlandet"
"NINFP2110007226",0.0573392071424322,0.0103243673220277,20533,2,"meta_highrescanopyheight_orthophoto",0.5,"orthophoto_50cm_2025","Vestlandet"
"NINFP1810009256",0.0103232604580136,0.0100548416376114,62398,5,"meta_highrescanopyheight_orthophoto",0.5,"orthophoto_50cm_2025","Vestlandet"
"NINFP1910005744",0.0100821443854438,0.0100569045171142,17495,3,"meta_highrescanopyheight_orthophoto",0.5,"orthophoto_50cm_2025","Vestlandet"
"NINFP2310134817",0.0100741723204464,0.0100527191534638,24833,3,"meta_highrescanopyheight_orthophoto",0.5,"orthophoto_50cm_2025","Vestlandet"
"NINFP1810018269",5.9371765303385,6.57125234603882,15451,4,"meta_highrescanopyheight_orthophoto",0.5,"orthophoto_50cm_2025","Vestlandet"
"NINFP1810029134",0.150597279749129,0.0102035137824714,42722,7,"meta_highrescanopyheight_orthophoto",0.5,"orthophoto_50cm_2025","Vestlandet"
"NINFP1910035489",3.21464992589962,2.44280242919922,18918,3,"meta_highrescanopyheight_orthophoto",0.5,"orthophoto_50cm_2025","Vestlandet"
"NINFP2410173737",0.0100374223149522,0.0100354123860598,9073,2,"meta_highrescanopyheight_orthophoto",0.5,"orthophoto_50cm_2025","Vestlandet"
"NINFP2310116829",0.215416208159446,0.0204975893720984,9460,3,"meta_highrescanopyheight_orthophoto",0.5,"orthophoto_50cm_2025","Vestlandet"
"NINFP2310130945",2.99985712136561,0.232940822839737,9467,3,"meta_highrescanopyheight_orthophoto",0.5,"orthophoto_50cm_2025","Vestlandet"
"NINFP2410167754",0.0210443495999778,0.0118563147261739,11459,2,"meta_highrescanopyheight_orthophoto",0.5,"orthophoto_50cm_2025","Vestlandet"
"NINFP2010056431",0.0128695843057258,0.0100675858557224,67231,8,"meta_highrescanopyheight_orthophoto",0.5,"orthophoto_50cm_2025","Vestlandet"
"NINFP2210081892",4.65012758075594,4.17021942138672,2622,1,"meta_highrescanopyheight_orthophoto",0.5,"orthophoto_50cm_2025","Vestlandet"
"NINFP1810010310",0.464934503102074,0.0177951548248529,47549,7,"meta_highrescanopyheight_orthophoto",0.5,"orthophoto_50cm_2025","Vestlandet"
"NINFP2210089466",0.0336447410804919,0.0103919338434935,15792,2,"meta_highrescanopyheight_orthophoto",0.5,"orthophoto_50cm_2025","Vestlandet"
"NINFP1810006265",0.0100821931036279,0.01003697514534,305758,10,"meta_highrescanopyheight_orthophoto",0.5,"orthophoto_50cm_2025","Vestlandet"
"NINFP2110046734",0.0100528692591193,0.0100251557305455,4201,3,"meta_highrescanopyheight_orthophoto",0.5,"orthophoto_50cm_2025","Vestlandet"
"NINFP2010008932",0.142478817192206,0.0104961358010769,25787,6,"meta_highrescanopyheight_orthophoto",0.5,"orthophoto_50cm_2025","Vestlandet"
"NINFP1910047040",0.467928131262779,0.0159239368513227,6650,2,"meta_highrescanopyheight_orthophoto",0.5,"orthophoto_50cm_2025","Vestlandet"
"NINFP2110023802",0.0285704322608028,0.010085953399539,63259,4,"meta_highrescanopyheight_orthophoto",0.5,"orthophoto_50cm_2025","Vestlandet"
"NINFP1810013528",6.30577385814204,6.43134498596191,4325,2,"meta_highrescanopyheight_orthophoto",0.5,"orthophoto_50cm_2025","Vestlandet"
"NINFP2010013005",0.0114365847469711,0.0102094523608685,15949,4,"meta_highrescanopyheight_orthophoto",0.5,"orthophoto_50cm_2025","Vestlandet"
"NINFP1810045833",3.80762010738804,3.63035380840302,10092,1,"meta_highrescanopyheight_orthophoto",0.5,"orthophoto_50cm_2025","Vestlandet"
"NINFP2110046130",0.0104913897971731,0.010070413351059,12623,2,"meta_highrescanopyheight_orthophoto",0.5,"orthophoto_50cm_2025","Vestlandet"
"NINFP1810021071",0.0107942438580442,0.0100462436676025,194592,10,"meta_highrescanopyheight_orthophoto",0.5,"orthophoto_50cm_2025","Vestlandet"
"NINFP2410156726",1.52999007274317,0.0555295571684837,5646,4,"meta_highrescanopyheight_orthophoto",0.5,"orthophoto_50cm_2025","Vestlandet"
"NINFP2110016680",0.0103404768054877,0.0101444171741605,7387,2,"meta_highrescanopyheight_orthophoto",0.5,"orthophoto_50cm_2025","Vestlandet"
"NINFP2010014054",4.89120891332448,4.60869884490967,6465,4,"meta_highrescanopyheight_orthophoto",0.5,"orthophoto_50cm_2025","Vestlandet"
"NINFP1910037409",4.04608989081219,3.94180071353912,10552,2,"meta_highrescanopyheight_orthophoto",0.5,"orthophoto_50cm_2025","Vestlandet"
"NINFP2410176204",4.37758564495201,4.76810455322266,5040,2,"meta_highrescanopyheight_orthophoto",0.5,"orthophoto_50cm_2025","Vestlandet"
"NINFP1810014096",0.0131039520510564,0.0103339329361916,46929,4,"meta_highrescanopyheight_orthophoto",0.5,"orthophoto_50cm_2025","Vestlandet"
"NINFP1810013834",0.0102480379226173,0.0101242512464523,5777,2,"meta_highrescanopyheight_orthophoto",0.5,"orthophoto_50cm_2025","Vestlandet"
"NINFP1910051686",1.1040781948447,0.10248364508152,12984,3,"meta_highrescanopyheight_orthophoto",0.5,"orthophoto_50cm_2025","Vestlandet"
"NINFP2110037997",0.586677774503104,0.0899611748754978,6992,1,"meta_highrescanopyheight_orthophoto",0.5,"orthophoto_50cm_2025","Vestlandet"
"NINFP1910038767",0.0829901426850183,0.0107536446303129,25671,2,"meta_highrescanopyheight_orthophoto",0.5,"orthophoto_50cm_2025","Vestlandet"
"NINFP2410167655",2.21078130800548,1.36434417963028,7648,1,"meta_highrescanopyheight_orthophoto",0.5,"orthophoto_50cm_2025","Vestlandet"
"NINFP1810038451",0.281179648569543,0.0102772302925587,51753,5,"meta_highrescanopyheight_orthophoto",0.5,"orthophoto_50cm_2025","Vestlandet"
"NINFP1810037523",0.0101358812552766,0.0101048331707716,12645,3,"meta_highrescanopyheight_orthophoto",0.5,"orthophoto_50cm_2025","Vestlandet"
"NINFP1810011495",0.0310766311652216,0.0101304273121059,59556,6,"meta_highrescanopyheight_orthophoto",0.5,"orthophoto_50cm_2025","Vestlandet"
"NINFP2010031039",0.0196422722158549,0.0103490971960127,32642,6,"meta_highrescanopyheight_orthophoto",0.5,"orthophoto_50cm_2025","Vestlandet"
"NINFP1810044254",1.39799763121086,0.0814878195524216,10427,2,"meta_highrescanopyheight_orthophoto",0.5,"orthophoto_50cm_2025","Vestlandet"
"NINFP1810037862",6.786529598626,6.99335837364197,84664,8,"meta_highrescanopyheight_orthophoto",0.5,"orthophoto_50cm_2025","Vestlandet"
"NINFP1810016987",0.0286050153402106,0.010370563250035,52942,2,"meta_highrescanopyheight_orthophoto",0.5,"orthophoto_50cm_2025","Vestlandet"
"NINFP2210091223",1.86425904565129,0.266023993492126,7153,2,"meta_highrescanopyheight_orthophoto",0.5,"orthophoto_50cm_2025","Vestlandet"
"NINFP1910003062",0.0103565562052187,0.0102842785418034,7996,1,"meta_highrescanopyheight_orthophoto",0.5,"orthophoto_50cm_2025","Vestlandet"
"NINFP1810013393",0.275330272919748,0.011005521286279,11568,2,"meta_highrescanopyheight_orthophoto",0.5,"orthophoto_50cm_2025","Vestlandet"
"NINFP1910042251",0.0140592958100546,0.0103143602609634,11243,2,"meta_highrescanopyheight_orthophoto",0.5,"orthophoto_50cm_2025","Vestlandet"
"NINFP2110048165",0.0170720798181049,0.0108430404216051,14607,2,"meta_highrescanopyheight_orthophoto",0.5,"orthophoto_50cm_2025","Vestlandet"
"NINFP1810013936",8.06630238638376,8.93143749237061,24343,3,"meta_highrescanopyheight_orthophoto",0.5,"orthophoto_50cm_2025","Vestlandet"
"NINFP1810005116",0.672400424214051,0.0463108941912651,12144,2,"meta_highrescanopyheight_orthophoto",0.5,"orthophoto_50cm_2025","Vestlandet"
"NINFP2010056606",0.0120640085875055,0.0101938005536795,19117,3,"meta_highrescanopyheight_orthophoto",0.5,"orthophoto_50cm_2025","Vestlandet"
"NINFP2310119071",0.0116903633126696,0.0101946368813515,4893,3,"meta_highrescanopyheight_orthophoto",0.5,"orthophoto_50cm_2025","Vestlandet"
"NINFP1810046869",1.1288154988149,0.0332707390189171,40301,4,"meta_highrescanopyheight_orthophoto",0.5,"orthophoto_50cm_2025","Vestlandet"
"NINFP2010023318",0.142584452479707,0.0107605932280421,35640,7,"meta_highrescanopyheight_orthophoto",0.5,"orthophoto_50cm_2025","Vestlandet"
"NINFP1810031921",0.0417897526917733,0.0101947039365768,9715,4,"meta_highrescanopyheight_orthophoto",0.5,"orthophoto_50cm_2025","Vestlandet"
"NINFP1810007080",0.0110821690344362,0.0100720706395805,86116,6,"meta_highrescanopyheight_orthophoto",0.5,"orthophoto_50cm_2025","Vestlandet"
"NINFP2310142395",3.21395559881296,2.8138439655304,10256,2,"meta_highrescanopyheight_orthophoto",0.5,"orthophoto_50cm_2025","Vestlandet"
"NINFP2310136422",0.227639151575473,0.0108865546062589,6621,2,"meta_highrescanopyheight_orthophoto",0.5,"orthophoto_50cm_2025","Vestlandet"
"NINFP1810042829",2.79693610336745,2.28455543518066,13291,4,"meta_highrescanopyheight_orthophoto",0.5,"orthophoto_50cm_2025","Vestlandet"
"NINFP2210078498",6.30640580134142,6.5654411315918,24950,2,"meta_highrescanopyheight_orthophoto",0.5,"orthophoto_50cm_2025","Vestlandet"
"NINFP2010006730",0.0107017803658665,0.0104031036607921,3016,1,"meta_highrescanopyheight_orthophoto",0.5,"orthophoto_50cm_2025","Vestlandet"
"NINFP2310129892",0.0187531807128667,0.0103230979293585,19359,3,"meta_highrescanopyheight_orthophoto",0.5,"orthophoto_50cm_2025","Vestlandet"
"NINFP1910035898",0.680077889648242,0.0183667568489909,4042,1,"meta_highrescanopyheight_orthophoto",0.5,"orthophoto_50cm_2025","Vestlandet"
"NINFP2010019756",0.10436312946707,0.0145848542451859,4557,2,"meta_highrescanopyheight_orthophoto",0.5,"orthophoto_50cm_2025","Vestlandet"
"NINFP2510211545",0.117166050429588,0.0104542560875416,4311,2,"meta_highrescanopyheight_orthophoto",0.5,"orthophoto_50cm_2025","Vestlandet"
"NINFP2110065429",0.0625914596265125,0.0100561305880547,128007,9,"meta_highrescanopyheight_orthophoto",0.5,"orthophoto_50cm_2025","Vestlandet"
"NINFP1910003262",0.0105583269799905,0.0100326873362064,39895,6,"meta_highrescanopyheight_orthophoto",0.5,"orthophoto_50cm_2025","Vestlandet"
"NINFP1910042248",0.0225708918449056,0.0107797225937247,10329,4,"meta_highrescanopyheight_orthophoto",0.5,"orthophoto_50cm_2025","Vestlandet"
"NINFP2210100758",2.01635486840545,1.4523777961731,11891,4,"meta_highrescanopyheight_orthophoto",0.5,"orthophoto_50cm_2025","Vestlandet"
"NINFP2410157111",1.94588118440226,0.501912593841553,8304,4,"meta_highrescanopyheight_orthophoto",0.5,"orthophoto_50cm_2025","Vestlandet"
"NINFP1910035512",1.14626301870747,0.184556253254414,14628,2,"meta_highrescanopyheight_orthophoto",0.5,"orthophoto_50cm_2025","Vestlandet"
"NINFP2510212138",2.54588383068051,2.28159439563751,12214,1,"meta_highrescanopyheight_orthophoto",0.5,"orthophoto_50cm_2025","Vestlandet"
"NINFP2410159241",3.2090634148757,2.01577258110046,7221,2,"meta_highrescanopyheight_orthophoto",0.5,"orthophoto_50cm_2025","Vestlandet"
"NINFP1810044335",1.19070470128132,0.0193826789036393,323920,13,"meta_highrescanopyheight_orthophoto",0.5,"orthophoto_50cm_2025","Vestlandet"
"NINFP2210083446",0.0251836401064382,0.0101589215919375,18324,4,"meta_highrescanopyheight_orthophoto",0.5,"orthophoto_50cm_2025","Vestlandet"
"NINFP2510205518",0.360084207796896,0.0115335630252957,9083,4,"meta_highrescanopyheight_orthophoto",0.5,"orthophoto_50cm_2025","Vestlandet"
"NINFP2010023904",0.173774623523977,0.0164364837110043,3797,1,"meta_highrescanopyheight_orthophoto",0.5,"orthophoto_50cm_2025","Vestlandet"
"NINFP2510191557",0.0110107395556928,0.0100557701662183,148593,10,"meta_highrescanopyheight_orthophoto",0.5,"orthophoto_50cm_2025","Vestlandet"
"NINFP2010056434",1.01561712235249,0.0103673650883138,41184,2,"meta_highrescanopyheight_orthophoto",0.5,"orthophoto_50cm_2025","Vestlandet"
"NINFP2410163780",0.0167632082459838,0.0101616224274039,44064,6,"meta_highrescanopyheight_orthophoto",0.5,"orthophoto_50cm_2025","Vestlandet"
"NINFP2410182603",7.77531862829193,8.28012371063232,14487,4,"meta_highrescanopyheight_orthophoto",0.5,"orthophoto_50cm_2025","Vestlandet"
"NINFP2110023572",0.0903367396966776,0.0103522068820894,78758,6,"meta_highrescanopyheight_orthophoto",0.5,"orthophoto_50cm_2025","Vestlandet"
"NINFP1910054046",1.93251570767388,0.420620769262314,27808,4,"meta_highrescanopyheight_orthophoto",0.5,"orthophoto_50cm_2025","Vestlandet"
"NINFP1810045825",0.0187983576986242,0.0101061956956983,8079,2,"meta_highrescanopyheight_orthophoto",0.5,"orthophoto_50cm_2025","Vestlandet"
"NINFP1810029019",0.191346336778695,0.0105588007718325,707137,28,"meta_highrescanopyheight_orthophoto",0.5,"orthophoto_50cm_2025","Vestlandet"
"NINFP2310116252",0.0100998921210395,0.0100559741258621,13700,2,"meta_highrescanopyheight_orthophoto",0.5,"orthophoto_50cm_2025","Vestlandet"
"NINFP1910038966",1.71735138677154,0.764762759208679,7686,2,"meta_highrescanopyheight_orthophoto",0.5,"orthophoto_50cm_2025","Vestlandet"
"NINFP2010012068",0.177295559968846,0.012824734672904,20847,2,"meta_highrescanopyheight_orthophoto",0.5,"orthophoto_50cm_2025","Vestlandet"
"NINFP2510216701",2.34947267849958,1.63026601076126,11442,1,"meta_highrescanopyheight_orthophoto",0.5,"orthophoto_50cm_2025","Vestlandet"
"NINFP2210082289",0.724210742223558,0.0139677505940199,16595,3,"meta_highrescanopyheight_orthophoto",0.5,"orthophoto_50cm_2025","Vestlandet"
"NINFP1810043617",0.0100626101014831,0.0100444676354527,91337,8,"meta_highrescanopyheight_orthophoto",0.5,"orthophoto_50cm_2025","Vestlandet"
"NINFP2310123302",0.010331637497165,0.0101667609997094,27230,5,"meta_highrescanopyheight_orthophoto",0.5,"orthophoto_50cm_2025","Vestlandet"
"NINFP1910046323",0.31878281795588,0.010743741877377,29169,3,"meta_highrescanopyheight_orthophoto",0.5,"orthophoto_50cm_2025","Vestlandet"
"NINFP1810017976",3.53058471894403,3.19460439682007,8454,2,"meta_highrescanopyheight_orthophoto",0.5,"orthophoto_50cm_2025","Vestlandet"
"NINFP2210105269",0.38165643606437,0.0105610359460115,25741,3,"meta_highrescanopyheight_orthophoto",0.5,"orthophoto_50cm_2025","Vestlandet"
"NINFP1810043408",0.532962264394371,0.0104372464120388,70111,4,"meta_highrescanopyheight_orthophoto",0.5,"orthophoto_50cm_2025","Vestlandet"
"NINFP2110016660",0.0147867336023114,0.0100344028323889,52001,4,"meta_highrescanopyheight_orthophoto",0.5,"orthophoto_50cm_2025","Vestlandet"
"NINFP2310123304",0.0100890708458025,0.010044177994132,89644,7,"meta_highrescanopyheight_orthophoto",0.5,"orthophoto_50cm_2025","Vestlandet"
"NINFP1810018136",7.23975149999083,7.86440134048462,20857,4,"meta_highrescanopyheight_orthophoto",0.5,"orthophoto_50cm_2025","Vestlandet"
"NINFP2510203127",3.55766461632859,2.47825074195862,15521,3,"meta_highrescanopyheight_orthophoto",0.5,"orthophoto_50cm_2025","Vestlandet"
"NINFP1910060883",7.67559807916928,7.7334303855896,6015,2,"meta_highrescanopyheight_orthophoto",0.5,"orthophoto_50cm_2025","Vestlandet"
"NINFP1810011743",0.0100338776729424,0.0100169293582439,86874,8,"meta_highrescanopyheight_orthophoto",0.5,"orthophoto_50cm_2025","Vestlandet"
"NINFP2010011618",5.08738826784562,5.56390523910522,4195,1,"meta_highrescanopyheight_orthophoto",0.5,"orthophoto_50cm_2025","Vestlandet"
"NINFP2310124685",2.99378225811911,1.35894799232483,5689,2,"meta_highrescanopyheight_orthophoto",0.5,"orthophoto_50cm_2025","Vestlandet"
"NINFP2010056104",0.0111722504941281,0.0107432389631867,6400,2,"meta_highrescanopyheight_orthophoto",0.5,"orthophoto_50cm_2025","Vestlandet"
"NINFP2010018039",0.954936180829961,0.0124551872722805,7994,3,"meta_highrescanopyheight_orthophoto",0.5,"orthophoto_50cm_2025","Vestlandet"
"NINFP1810044553",0.0216532779196762,0.0103218713775277,70119,8,"meta_highrescanopyheight_orthophoto",0.5,"orthophoto_50cm_2025","Vestlandet"
"NINFP2110044827",0.0101599519825367,0.0101047987118363,6667,2,"meta_highrescanopyheight_orthophoto",0.5,"orthophoto_50cm_2025","Vestlandet"
"NINFP2310123899",0.0120732440861322,0.0103527391329408,35881,4,"meta_highrescanopyheight_orthophoto",0.5,"orthophoto_50cm_2025","Vestlandet"
"NINFP2010010335",4.10444877069954,3.46266078948975,12407,1,"meta_highrescanopyheight_orthophoto",0.5,"orthophoto_50cm_2025","Vestlandet"
"NINFP2110015381",0.437752829234189,0.0112811326980591,9589,2,"meta_highrescanopyheight_orthophoto",0.5,"orthophoto_50cm_2025","Vestlandet"
"NINFP1810035239",0.0136963814787826,0.0101459538564086,34181,3,"meta_highrescanopyheight_orthophoto",0.5,"orthophoto_50cm_2025","Vestlandet"
"NINFP2410182922",3.93908014973155,2.2409725189209,19186,4,"meta_highrescanopyheight_orthophoto",0.5,"orthophoto_50cm_2025","Vestlandet"
"NINFP1810012517",0.0260118058474107,0.0100518222898245,75514,6,"meta_highrescanopyheight_orthophoto",0.5,"orthophoto_50cm_2025","Vestlandet"
"NINFP2510217133",0.360984203167846,0.010810979641974,492544,22,"meta_highrescanopyheight_orthophoto",0.5,"orthophoto_50cm_2025","Vestlandet"
"NINFP2110009093",0.138248466465978,0.010320502333343,184891,11,"meta_highrescanopyheight_orthophoto",0.5,"orthophoto_50cm_2025","Vestlandet"
"NINFP2210112543",0.0121313240637372,0.0104702245444059,11611,2,"meta_highrescanopyheight_orthophoto",0.5,"orthophoto_50cm_2025","Vestlandet"
"NINFP2010014255",0.989795695558066,0.0282817063853145,24452,3,"meta_highrescanopyheight_orthophoto",0.5,"orthophoto_50cm_2025","Vestlandet"
"NINFP2110037991",0.495589985268576,0.0216070953756571,13766,2,"meta_highrescanopyheight_orthophoto",0.5,"orthophoto_50cm_2025","Vestlandet"
"NINFP2210086076",3.14754600443187,2.62991309165955,4134,2,"meta_highrescanopyheight_orthophoto",0.5,"orthophoto_50cm_2025","Vestlandet"
"NINFP2110037063",0.210866882434997,0.0116396648809314,8441,1,"meta_highrescanopyheight_orthophoto",0.5,"orthophoto_50cm_2025","Vestlandet"
"NINFP1810046236",0.12773068153928,0.010311521589756,52257,4,"meta_highrescanopyheight_orthophoto",0.5,"orthophoto_50cm_2025","Vestlandet"
"NINFP2110016543",0.0869468906502706,0.0102686486206949,51320,5,"meta_highrescanopyheight_orthophoto",0.5,"orthophoto_50cm_2025","Vestlandet"
"NINFP2410168185",1.27354545520153,0.137408494949341,9000,3,"meta_highrescanopyheight_orthophoto",0.5,"orthophoto_50cm_2025","Vestlandet"
"NINFP2010008986",0.789530189346674,0.0109438337385654,8024,2,"meta_highrescanopyheight_orthophoto",0.5,"orthophoto_50cm_2025","Vestlandet"
"NINFP1910046469",4.52237188773038,4.26567268371582,20465,3,"meta_highrescanopyheight_orthophoto",0.5,"orthophoto_50cm_2025","Vestlandet"
"NINFP2310121360",0.602314068333089,0.0102117089554667,10787,1,"meta_highrescanopyheight_orthophoto",0.5,"orthophoto_50cm_2025","Vestlandet"
"NINFP2310134628",0.0533578183890459,0.0106773730367422,10893,1,"meta_highrescanopyheight_orthophoto",0.5,"orthophoto_50cm_2025","Vestlandet"
"NINFP1810019379",8.4154396827636,8.80214405059814,3642,1,"meta_highrescanopyheight_orthophoto",0.5,"orthophoto_50cm_2025","Vestlandet"
"NINFP2410177607",0.0325160804763301,0.0103731309063733,8252,2,"meta_highrescanopyheight_orthophoto",0.5,"orthophoto_50cm_2025","Vestlandet"
"NINFP1910040468",4.64678520977567,3.28096199035645,19531,4,"meta_highrescanopyheight_orthophoto",0.5,"orthophoto_50cm_2025","Vestlandet"
"NINFP2010032449",0.358203381347861,0.0109044779092073,16414,4,"meta_highrescanopyheight_orthophoto",0.5,"orthophoto_50cm_2025","Vestlandet"
"NINFP1810029002",0.42414264462488,0.0104717956855893,125642,7,"meta_highrescanopyheight_orthophoto",0.5,"orthophoto_50cm_2025","Vestlandet"
"NINFP2110053633",0.120361192146507,0.0110313352197409,19845,3,"meta_highrescanopyheight_orthophoto",0.5,"orthophoto_50cm_2025","Vestlandet"
"NINFP2010007713",3.93570206770491,3.4035392999649,4590,1,"meta_highrescanopyheight_orthophoto",0.5,"orthophoto_50cm_2025","Vestlandet"
"NINFP1810013732",0.0100165069054106,0.0100156180560589,58114,4,"meta_highrescanopyheight_orthophoto",0.5,"orthophoto_50cm_2025","Vestlandet"
"NINFP2010033908",6.13403719366536,6.7151050567627,9583,2,"meta_highrescanopyheight_orthophoto",0.5,"orthophoto_50cm_2025","Vestlandet"
"NINFP2010006161",6.57801949267494,6.61596822738647,25761,5,"meta_highrescanopyheight_orthophoto",0.5,"orthophoto_50cm_2025","Vestlandet"
"NINFP2110015610",0.0598024482094696,0.010233772918582,20317,4,"meta_highrescanopyheight_orthophoto",0.5,"orthophoto_50cm_2025","Vestlandet"
"NINFP2410169673",2.93331596030934,1.64790737628937,4336,2,"meta_highrescanopyheight_orthophoto",0.5,"orthophoto_50cm_2025","Vestlandet"
"NINFP2110045672",0.0103640785053199,0.0100828860886395,20486,2,"meta_highrescanopyheight_orthophoto",0.5,"orthophoto_50cm_2025","Vestlandet"
"NINFP1910021058",0.0377707847834586,0.010103452950716,34195,2,"meta_highrescanopyheight_orthophoto",0.5,"orthophoto_50cm_2025","Vestlandet"
"NINFP2210099601",1.21306367039459,0.0123235224746168,37656,3,"meta_highrescanopyheight_orthophoto",0.5,"orthophoto_50cm_2025","Vestlandet"
"NINFP1810007372",0.637549077978821,0.0286097675561905,9687,2,"meta_highrescanopyheight_orthophoto",0.5,"orthophoto_50cm_2025","Vestlandet"
"NINFP1910053860",0.0100614589240899,0.0100416783243418,15510,3,"meta_highrescanopyheight_orthophoto",0.5,"orthophoto_50cm_2025","Vestlandet"
"NINFP2310130974",0.129122189434504,0.0109964888542891,46357,4,"meta_highrescanopyheight_orthophoto",0.5,"orthophoto_50cm_2025","Vestlandet"
"NINFP2310118123",0.788490586366501,0.0473960656672716,10670,2,"meta_highrescanopyheight_orthophoto",0.5,"orthophoto_50cm_2025","Vestlandet"
"NINFP2110055686",0.102085336852429,0.0105738937854767,51551,3,"meta_highrescanopyheight_orthophoto",0.5,"orthophoto_50cm_2025","Vestlandet"
"NINFP2010053579",3.38420720557111,1.85667729377747,20896,4,"meta_highrescanopyheight_orthophoto",0.5,"orthophoto_50cm_2025","Vestlandet"
"NINFP1910024756",6.04345016560748,6.85578346252441,21538,3,"meta_highrescanopyheight_orthophoto",0.5,"orthophoto_50cm_2025","Vestlandet"
"NINFP2110037721",6.46925093758627,6.75034165382385,8438,3,"meta_highrescanopyheight_orthophoto",0.5,"orthophoto_50cm_2025","Vestlandet"
"NINFP2010021968",0.370480037753643,0.0106438109651208,11006,4,"meta_highrescanopyheight_orthophoto",0.5,"orthophoto_50cm_2025","Vestlandet"
"NINFP2310135217",0.0106457037924965,0.0102191939949989,11441,3,"meta_highrescanopyheight_orthophoto",0.5,"orthophoto_50cm_2025","Vestlandet"
"NINFP2110008496",0.718948443757853,0.011690663639456,16024,2,"meta_highrescanopyheight_orthophoto",0.5,"orthophoto_50cm_2025","Vestlandet"
"NINFP2410157144",1.85833727716532,0.467336386442184,5238,1,"meta_highrescanopyheight_orthophoto",0.5,"orthophoto_50cm_2025","Vestlandet"
"NINFP2110008071",0.672240684974425,0.021239803172648,21396,4,"meta_highrescanopyheight_orthophoto",0.5,"orthophoto_50cm_2025","Vestlandet"
"NINFP2410152969",0.0100287508455654,0.0100251473486423,94791,7,"meta_highrescanopyheight_orthophoto",0.5,"orthophoto_50cm_2025","Vestlandet"
"NINFP1910039542",0.302672843690272,0.137049213051796,81,1,"meta_highrescanopyheight_orthophoto",0.5,"orthophoto_50cm_2025","Vestlandet"
"NINFP2010013006",0.0161859099998486,0.0108448239043355,7347,3,"meta_highrescanopyheight_orthophoto",0.5,"orthophoto_50cm_2025","Vestlandet"
"NINFP1810029006",2.0111292406071,0.694509863853455,6071,1,"meta_highrescanopyheight_orthophoto",0.5,"orthophoto_50cm_2025","Vestlandet"
"NINFP1810007347",0.185105546243162,0.0102692726068199,40644,4,"meta_highrescanopyheight_orthophoto",0.5,"orthophoto_50cm_2025","Vestlandet"
"NINFP2510213550",0.0459568033216611,0.0101781953126192,35893,5,"meta_highrescanopyheight_orthophoto",0.5,"orthophoto_50cm_2025","Vestlandet"
"NINFP1810043263",2.67971420097253,1.88644534349442,97230,9,"meta_highrescanopyheight_orthophoto",0.5,"orthophoto_50cm_2025","Vestlandet"
"NINFP2110060070",0.760906062841903,0.0105266873724759,48664,6,"meta_highrescanopyheight_orthophoto",0.5,"orthophoto_50cm_2025","Vestlandet"
"NINFP1910049887",0.0111758955281394,0.0103554683737457,8310,3,"meta_highrescanopyheight_orthophoto",0.5,"orthophoto_50cm_2025","Vestlandet"
"NINFP1810044580",0.0274246015237192,0.0100815389305353,92097,6,"meta_highrescanopyheight_orthophoto",0.5,"orthophoto_50cm_2025","Vestlandet"
"NINFP2310118174",2.24718195939124,1.34798860549927,4025,2,"meta_highrescanopyheight_orthophoto",0.5,"orthophoto_50cm_2025","Vestlandet"
"NINFP1810015750",0.0406800500632072,0.01004583761096,101224,5,"meta_highrescanopyheight_orthophoto",0.5,"orthophoto_50cm_2025","Vestlandet"
"NINFP2210086799",2.13450521686714,0.884040892124176,8681,1,"meta_highrescanopyheight_orthophoto",0.5,"orthophoto_50cm_2025","Vestlandet"
"NINFP1810044019",0.0109732243166691,0.0101439645513892,299397,12,"meta_highrescanopyheight_orthophoto",0.5,"orthophoto_50cm_2025","Vestlandet"
"NINFP2010033516",0.0124492374739712,0.0104081025347114,2453,2,"meta_highrescanopyheight_orthophoto",0.5,"orthophoto_50cm_2025","Vestlandet"
"NINFP1910038962",2.78637147454794,2.52086496353149,8969,2,"meta_highrescanopyheight_orthophoto",0.5,"orthophoto_50cm_2025","Vestlandet"
"NINFP2010008279",0.0810739048263209,0.0104364696890116,28990,4,"meta_highrescanopyheight_orthophoto",0.5,"orthophoto_50cm_2025","Vestlandet"
"NINFP2110044829",0.820682062947467,0.0213067010045052,1790,1,"meta_highrescanopyheight_orthophoto",0.5,"orthophoto_50cm_2025","Vestlandet"
"NINFP2310135625",0.148530923191256,0.0112449428997934,12966,4,"meta_highrescanopyheight_orthophoto",0.5,"orthophoto_50cm_2025","Vestlandet"
"NINFP2210084250",0.110084650209297,0.0103168804198503,19531,4,"meta_highrescanopyheight_orthophoto",0.5,"orthophoto_50cm_2025","Vestlandet"
"NINFP2210082055",2.75400839520202,2.23557090759277,34575,4,"meta_highrescanopyheight_orthophoto",0.5,"orthophoto_50cm_2025","Vestlandet"
"NINFP1810036885",0.0773803829981676,0.0102086458355188,54679,5,"meta_highrescanopyheight_orthophoto",0.5,"orthophoto_50cm_2025","Vestlandet"
"NINFP2210082069",0.481427390248095,0.0109803564846516,19440,4,"meta_highrescanopyheight_orthophoto",0.5,"orthophoto_50cm_2025","Vestlandet"
"NINFP1910000684",3.98773693422691,3.82235884666443,4625,3,"meta_highrescanopyheight_orthophoto",0.5,"orthophoto_50cm_2025","Vestlandet"
"NINFP2310115535",0.887818535706422,0.0225407937541604,56990,6,"meta_highrescanopyheight_orthophoto",0.5,"orthophoto_50cm_2025","Vestlandet"
"NINFP2410177218",9.58971375971758,10.4365787506104,3389,2,"meta_highrescanopyheight_orthophoto",0.5,"orthophoto_50cm_2025","Vestlandet"
"NINFP2410176825",6.6834557111051,6.7224383354187,13243,3,"meta_highrescanopyheight_orthophoto",0.5,"orthophoto_50cm_2025","Vestlandet"
"NINFP2310116394",0.769082917642638,0.049536544829607,1713,1,"meta_highrescanopyheight_orthophoto",0.5,"orthophoto_50cm_2025","Vestlandet"
"NINFP1810011541",0.0100393257575504,0.0100384964607656,8874,1,"meta_highrescanopyheight_orthophoto",0.5,"orthophoto_50cm_2025","Vestlandet"
"NINFP2110065221",0.0103160549685472,0.0101131098344922,22420,4,"meta_highrescanopyheight_orthophoto",0.5,"orthophoto_50cm_2025","Vestlandet"
"NINFP1910037948",0.70512845586054,0.458166792988777,80,1,"meta_highrescanopyheight_orthophoto",0.5,"orthophoto_50cm_2025","Vestlandet"
"NINFP1910035932",3.76078012408258,3.84711956977844,7339,2,"meta_highrescanopyheight_orthophoto",0.5,"orthophoto_50cm_2025","Vestlandet"
"NINFP1810016268",3.20256454683973,2.44034850597382,9124,3,"meta_highrescanopyheight_orthophoto",0.5,"orthophoto_50cm_2025","Vestlandet"
"NINFP2010021866",8.25084359992989,8.96954536437988,8490,2,"meta_highrescanopyheight_orthophoto",0.5,"orthophoto_50cm_2025","Vestlandet"
"NINFP2210088670",0.235328923656202,0.0107989530079067,6956,2,"meta_highrescanopyheight_orthophoto",0.5,"orthophoto_50cm_2025","Vestlandet"
"NINFP2010053600",0.0111683346959155,0.0103575009852648,14147,3,"meta_highrescanopyheight_orthophoto",0.5,"orthophoto_50cm_2025","Vestlandet"
"NINFP2410163383",0.0104926830128949,0.0100908074527979,42917,4,"meta_highrescanopyheight_orthophoto",0.5,"orthophoto_50cm_2025","Vestlandet"
"NINFP2410180713",0.679478759018058,0.0457962416112423,47577,4,"meta_highrescanopyheight_orthophoto",0.5,"orthophoto_50cm_2025","Vestlandet"
"NINFP2510195434",0.0100293742567793,0.0100233391858637,18602,1,"meta_highrescanopyheight_orthophoto",0.5,"orthophoto_50cm_2025","Vestlandet"
"NINFP2510217009",5.29860515546887,5.07263469696045,23651,6,"meta_highrescanopyheight_orthophoto",0.5,"orthophoto_50cm_2025","Vestlandet"
"NINFP2210079196",4.74930441911081,4.69646978378296,4257,1,"meta_highrescanopyheight_orthophoto",0.5,"orthophoto_50cm_2025","Vestlandet"
"NINFP2310140782",0.171894881255333,0.0102749643847346,15100,1,"meta_highrescanopyheight_orthophoto",0.5,"orthophoto_50cm_2025","Vestlandet"
"NINFP1910035510",0.343565959054865,0.0118850059807301,4990,2,"meta_highrescanopyheight_orthophoto",0.5,"orthophoto_50cm_2025","Vestlandet"
"NINFP2410168184",0.27530253449072,0.0174124846234918,25830,3,"meta_highrescanopyheight_orthophoto",0.5,"orthophoto_50cm_2025","Vestlandet"
"NINFP2110047501",1.14953687766237,0.0126782497391105,9904,3,"meta_highrescanopyheight_orthophoto",0.5,"orthophoto_50cm_2025","Vestlandet"
"NINFP2010033147",0.0100740689276931,0.0100523186847568,7717,2,"meta_highrescanopyheight_orthophoto",0.5,"orthophoto_50cm_2025","Vestlandet"
"NINFP2110009312",1.06904605587205,0.0396731309592724,10236,1,"meta_highrescanopyheight_orthophoto",0.5,"orthophoto_50cm_2025","Vestlandet"
"NINFP2410168977",1.55086881891058,0.150647051632404,5192,4,"meta_highrescanopyheight_orthophoto",0.5,"orthophoto_50cm_2025","Vestlandet"
"NINFP2110023610",0.0101510070174369,0.0100751467980444,5714,2,"meta_highrescanopyheight_orthophoto",0.5,"orthophoto_50cm_2025","Vestlandet"
"NINFP2010006131",3.39830614012187,2.1680953502655,27595,4,"meta_highrescanopyheight_orthophoto",0.5,"orthophoto_50cm_2025","Vestlandet"
"NINFP2210087072",0.341637325662191,0.0174112226814032,35167,4,"meta_highrescanopyheight_orthophoto",0.5,"orthophoto_50cm_2025","Vestlandet"
"NINFP2610220177",0.552107131884054,0.0114759691059589,191007,10,"meta_highrescanopyheight_orthophoto",0.5,"orthophoto_50cm_2025","Vestlandet"
"NINFP2210100395",0.376834265260294,0.0103510832414031,47026,4,"meta_highrescanopyheight_orthophoto",0.5,"orthophoto_50cm_2025","Vestlandet"
"NINFP1910037395",1.55651685495176,0.148286916315556,3180,1,"meta_highrescanopyheight_orthophoto",0.5,"orthophoto_50cm_2025","Vestlandet"
"NINFP2210106661",0.010138951363417,0.0101014371030033,18926,4,"meta_highrescanopyheight_orthophoto",0.5,"orthophoto_50cm_2025","Vestlandet"
"NINFP2310115247",2.28372508078973,1.06019455194473,4268,1,"meta_highrescanopyheight_orthophoto",0.5,"orthophoto_50cm_2025","Vestlandet"
"NINFP2010021534",0.142865201953766,0.0102883032523096,36540,5,"meta_highrescanopyheight_orthophoto",0.5,"orthophoto_50cm_2025","Vestlandet"
"NINFP2510186557",6.13899521659359,6.42513656616211,3562,1,"meta_highrescanopyheight_orthophoto",0.5,"orthophoto_50cm_2025","Vestlandet"
"NINFP2210110342",0.010370744937349,0.0101909385994077,13698,4,"meta_highrescanopyheight_orthophoto",0.5,"orthophoto_50cm_2025","Vestlandet"
"NINFP2210083787",0.3111399985847,0.0162834413349628,22163,4,"meta_highrescanopyheight_orthophoto",0.5,"orthophoto_50cm_2025","Vestlandet"
"NINFP1810015749",0.0119686880688808,0.0100169274955988,175767,11,"meta_highrescanopyheight_orthophoto",0.5,"orthophoto_50cm_2025","Vestlandet"
"NINFP2310115249",2.47867690250454,2.07672214508057,5275,2,"meta_highrescanopyheight_orthophoto",0.5,"orthophoto_50cm_2025","Vestlandet"
"NINFP2110045944",0.0473120791231253,0.0104782083071768,28696,2,"meta_highrescanopyheight_orthophoto",0.5,"orthophoto_50cm_2025","Vestlandet"
"NINFP2010056616",0.0104451151948454,0.0102704577147961,7645,4,"meta_highrescanopyheight_orthophoto",0.5,"orthophoto_50cm_2025","Vestlandet"
"NINFP1810018267",3.31802078909312,2.80122232437134,16489,3,"meta_highrescanopyheight_orthophoto",0.5,"orthophoto_50cm_2025","Vestlandet"
"NINFP2110061291",0.0367811385770825,0.0101896487176418,293297,18,"meta_highrescanopyheight_orthophoto",0.5,"orthophoto_50cm_2025","Vestlandet"
"NINFP1810010298",0.0477864057813231,0.0100253326818347,88878,6,"meta_highrescanopyheight_orthophoto",0.5,"orthophoto_50cm_2025","Vestlandet"
"NINFP1810014488",0.010637311463322,0.0104229254648089,15745,2,"meta_highrescanopyheight_orthophoto",0.5,"orthophoto_50cm_2025","Vestlandet"
"NINFP2410150770",0.0100450533150132,0.0100286593660712,62652,4,"meta_highrescanopyheight_orthophoto",0.5,"orthophoto_50cm_2025","Vestlandet"
"NINFP2110007639",0.453205108532654,0.0110627734102309,50038,5,"meta_highrescanopyheight_orthophoto",0.5,"orthophoto_50cm_2025","Vestlandet"
"NINFP2310130009",0.229093124745419,0.0108210612088442,3246,1,"meta_highrescanopyheight_orthophoto",0.5,"orthophoto_50cm_2025","Vestlandet"
"NINFP1810033966",0.16217946501698,0.0102915111929178,44807,5,"meta_highrescanopyheight_orthophoto",0.5,"orthophoto_50cm_2025","Vestlandet"
"NINFP1910037393",1.70420924061648,0.131297379732132,4626,3,"meta_highrescanopyheight_orthophoto",0.5,"orthophoto_50cm_2025","Vestlandet"
"NINFP2410183166",0.36584403997515,0.0116028003394604,30990,5,"meta_highrescanopyheight_orthophoto",0.5,"orthophoto_50cm_2025","Vestlandet"
"NINFP2310130147",0.0224896511447931,0.010165018029511,46814,5,"meta_highrescanopyheight_orthophoto",0.5,"orthophoto_50cm_2025","Vestlandet"
"NINFP2310121475",0.333215544451671,0.0199359823018312,4017,1,"meta_highrescanopyheight_orthophoto",0.5,"orthophoto_50cm_2025","Vestlandet"
"NINFP1810009904",0.0100631755223065,0.0100183533504605,170624,8,"meta_highrescanopyheight_orthophoto",0.5,"orthophoto_50cm_2025","Vestlandet"
"NINFP2410158982",0.44209871719553,0.0269002132117748,9605,2,"meta_highrescanopyheight_orthophoto",0.5,"orthophoto_50cm_2025","Vestlandet"
"NINFP1810006729",0.010037072429582,0.0100229317322373,128261,8,"meta_highrescanopyheight_orthophoto",0.5,"orthophoto_50cm_2025","Vestlandet"
"NINFP2110024549",0.128447278289713,0.0102352574467659,149521,8,"meta_highrescanopyheight_orthophoto",0.5,"orthophoto_50cm_2025","Vestlandet"
"NINFP2210109368",2.40273825755264,0.940303266048431,44440,4,"meta_highrescanopyheight_orthophoto",0.5,"orthophoto_50cm_2025","Vestlandet"
"NINFP1810016863",0.482555807388138,0.0107360202819109,58463,5,"meta_highrescanopyheight_orthophoto",0.5,"orthophoto_50cm_2025","Vestlandet"
"NINFP2210106640",4.35971080561856,3.56538105010986,4615,2,"meta_highrescanopyheight_orthophoto",0.5,"orthophoto_50cm_2025","Vestlandet"
"NINFP1810016384",0.027724990513573,0.0100538963451982,215309,9,"meta_highrescanopyheight_orthophoto",0.5,"orthophoto_50cm_2025","Vestlandet"
"NINFP2310130820",0.0101734652550162,0.0101316943764687,5455,2,"meta_highrescanopyheight_orthophoto",0.5,"orthophoto_50cm_2025","Vestlandet"
"NINFP2310118185",0.83367019579594,0.0819752216339111,81762,4,"meta_highrescanopyheight_orthophoto",0.5,"orthophoto_50cm_2025","Vestlandet"
"NINFP2010024858",1.04204457560504,0.0598963759839535,21091,4,"meta_highrescanopyheight_orthophoto",0.5,"orthophoto_50cm_2025","Vestlandet"
"NINFP1910002118",3.32082662167869,1.43245530128479,5651,2,"meta_highrescanopyheight_orthophoto",0.5,"orthophoto_50cm_2025","Vestlandet"
"NINFP1810035007",0.102700103717243,0.0103835389018059,69483,5,"meta_highrescanopyheight_orthophoto",0.5,"orthophoto_50cm_2025","Vestlandet"
"NINFP2010031048",0.0106984118198699,0.0103935562074184,4043,2,"meta_highrescanopyheight_orthophoto",0.5,"orthophoto_50cm_2025","Vestlandet"
"NINFP2510204241",0.036433327432123,0.0101500293239951,156333,8,"meta_highrescanopyheight_orthophoto",0.5,"orthophoto_50cm_2025","Vestlandet"
"NINFP1910040051",0.182176840340253,0.0353140775114298,80,1,"meta_highrescanopyheight_orthophoto",0.5,"orthophoto_50cm_2025","Vestlandet"
"NINFP2210093583",1.54931923252911,0.206576362252235,21516,3,"meta_highrescanopyheight_orthophoto",0.5,"orthophoto_50cm_2025","Vestlandet"
"NINFP2210113920",1.26860857777382,0.372371971607208,10004,3,"meta_highrescanopyheight_orthophoto",0.5,"orthophoto_50cm_2025","Vestlandet"
"NINFP2010020384",0.939478381850722,0.0423227343708277,76976,4,"meta_highrescanopyheight_orthophoto",0.5,"orthophoto_50cm_2025","Vestlandet"
"NINFP2510218717",1.41330077064165,0.0992254018783569,10842,2,"meta_highrescanopyheight_orthophoto",0.5,"orthophoto_50cm_2025","Vestlandet"
"NINFP2310120610",0.0847440246227715,0.0101400716230273,30382,3,"meta_highrescanopyheight_orthophoto",0.5,"orthophoto_50cm_2025","Vestlandet"
"NINFP2010022788",0.222681527442256,0.0122077320702374,16646,5,"meta_highrescanopyheight_orthophoto",0.5,"orthophoto_50cm_2025","Vestlandet"
"NINFP2510200626",3.37398469942064,2.73271226882935,4319,2,"meta_highrescanopyheight_orthophoto",0.5,"orthophoto_50cm_2025","Vestlandet"
"NINFP2110008913",0.52848363985242,0.0230656173080206,6196,2,"meta_highrescanopyheight_orthophoto",0.5,"orthophoto_50cm_2025","Vestlandet"
"NINFP1810011746",0.0108023755021952,0.0100242402404547,808357,32,"meta_highrescanopyheight_orthophoto",0.5,"orthophoto_50cm_2025","Vestlandet"
"NINFP2010045519",2.9509683069885,2.95424580574036,7984,2,"meta_highrescanopyheight_orthophoto",0.5,"orthophoto_50cm_2025","Vestlandet"
"NINFP2210112584",0.0106824944313384,0.0101229790598154,149995,12,"meta_highrescanopyheight_orthophoto",0.5,"orthophoto_50cm_2025","Vestlandet"
"NINFP2110037032",3.07889352746855,1.13787513971329,6300,4,"meta_highrescanopyheight_orthophoto",0.5,"orthophoto_50cm_2025","Vestlandet"
"NINFP1810038437",5.56740781078188,4.87579154968262,4191,4,"meta_highrescanopyheight_orthophoto",0.5,"orthophoto_50cm_2025","Vestlandet"
"NINFP2110016533",0.127640747890472,0.0102607272565365,31077,6,"meta_highrescanopyheight_orthophoto",0.5,"orthophoto_50cm_2025","Vestlandet"
"NINFP1910057552",0.0104342857651661,0.0101277092471719,17518,1,"meta_highrescanopyheight_orthophoto",0.5,"orthophoto_50cm_2025","Vestlandet"
"NINFP1810018263",5.36288864753073,5.4579029083252,17949,5,"meta_highrescanopyheight_orthophoto",0.5,"orthophoto_50cm_2025","Vestlandet"
"NINFP1910044370",0.272464354042311,0.0119578503072262,8415,1,"meta_highrescanopyheight_orthophoto",0.5,"orthophoto_50cm_2025","Vestlandet"
"NINFP2510184350",6.63688567153516,6.28242921829224,5691,3,"meta_highrescanopyheight_orthophoto",0.5,"orthophoto_50cm_2025","Vestlandet"
"NINFP1810042088",0.266221586118938,0.0110186580568552,10376,2,"meta_highrescanopyheight_orthophoto",0.5,"orthophoto_50cm_2025","Vestlandet"
"NINFP2210081905",6.62079651763457,7.55903339385986,11896,2,"meta_highrescanopyheight_orthophoto",0.5,"orthophoto_50cm_2025","Vestlandet"
"NINFP2310124798",1.54818940763708,0.0110934060066938,6817,2,"meta_highrescanopyheight_orthophoto",0.5,"orthophoto_50cm_2025","Vestlandet"
"NINFP1810035243",0.558176809024177,0.0106087792664766,58972,4,"meta_highrescanopyheight_orthophoto",0.5,"orthophoto_50cm_2025","Vestlandet"
"NINFP1810044046",0.370819221563043,0.0117590818554163,684037,20,"meta_highrescanopyheight_orthophoto",0.5,"orthophoto_50cm_2025","Vestlandet"
"NINFP1810033671",2.18850388625564,1.16413396596909,16838,2,"meta_highrescanopyheight_orthophoto",0.5,"orthophoto_50cm_2025","Vestlandet"
"NINFP2010023887",1.2898568601973,0.264887616038322,20418,3,"meta_highrescanopyheight_orthophoto",0.5,"orthophoto_50cm_2025","Vestlandet"
"NINFP1810019467",0.131966713368047,0.0104389451444149,51409,5,"meta_highrescanopyheight_orthophoto",0.5,"orthophoto_50cm_2025","Vestlandet"
"NINFP2310125029",4.51877153338265,4.14069747924805,89349,8,"meta_highrescanopyheight_orthophoto",0.5,"orthophoto_50cm_2025","Vestlandet"
"NINFP1910003060",0.0104276716815154,0.0101428627967834,108982,10,"meta_highrescanopyheight_orthophoto",0.5,"orthophoto_50cm_2025","Vestlandet"
"NINFP2010022629",0.172994109778073,0.0110945804044604,14979,4,"meta_highrescanopyheight_orthophoto",0.5,"orthophoto_50cm_2025","Vestlandet"
"NINFP2410171586",0.179391730466915,0.0106594059616327,14355,2,"meta_highrescanopyheight_orthophoto",0.5,"orthophoto_50cm_2025","Vestlandet"
"NINFP2310135457",0.0105438826721444,0.0103329974226654,7176,3,"meta_highrescanopyheight_orthophoto",0.5,"orthophoto_50cm_2025","Vestlandet"
"NINFP2410173734",0.0100492769679384,0.0100363474339247,20469,2,"meta_highrescanopyheight_orthophoto",0.5,"orthophoto_50cm_2025","Vestlandet"
"NINFP2110039260",0.0101647062703636,0.0100642805919051,116577,10,"meta_highrescanopyheight_orthophoto",0.5,"orthophoto_50cm_2025","Vestlandet"
"NINFP1810007340",0.289344331822034,0.010719767306,89532,7,"meta_highrescanopyheight_orthophoto",0.5,"orthophoto_50cm_2025","Vestlandet"
"NINFP1810043689",2.42418495458916,1.5763663649559,4614,4,"meta_highrescanopyheight_orthophoto",0.5,"orthophoto_50cm_2025","Vestlandet"
"NINFP1910009145",0.0125524567796091,0.0101409144699574,48615,5,"meta_highrescanopyheight_orthophoto",0.5,"orthophoto_50cm_2025","Vestlandet"
"NINFP2310121869",2.57952546270405,0.614059537649155,23064,3,"meta_highrescanopyheight_orthophoto",0.5,"orthophoto_50cm_2025","Vestlandet"
"NINFP2110037725",1.49467108922556,0.209781467914581,1011,2,"meta_highrescanopyheight_orthophoto",0.5,"orthophoto_50cm_2025","Vestlandet"
"NINFP2110036740",0.010468003512022,0.0100422846153378,31413,3,"meta_highrescanopyheight_orthophoto",0.5,"orthophoto_50cm_2025","Vestlandet"
"NINFP2410172711",0.0105774900566971,0.0100510977208614,44846,4,"meta_highrescanopyheight_orthophoto",0.5,"orthophoto_50cm_2025","Vestlandet"
"NINFP2010020380",3.1868670807893,2.61156272888184,5660,1,"meta_highrescanopyheight_orthophoto",0.5,"orthophoto_50cm_2025","Vestlandet"
"NINFP1910058553",0.130393908736719,0.0102088851854205,92950,7,"meta_highrescanopyheight_orthophoto",0.5,"orthophoto_50cm_2025","Vestlandet"
"NINFP2310133080",0.240622026913143,0.0109125748276711,16474,2,"meta_highrescanopyheight_orthophoto",0.5,"orthophoto_50cm_2025","Vestlandet"
"NINFP1910002283",0.0751009281087135,0.0102315214462578,15788,3,"meta_highrescanopyheight_orthophoto",0.5,"orthophoto_50cm_2025","Vestlandet"
"NINFP2110071445",0.0109609336773449,0.0105869947001338,6903,2,"meta_highrescanopyheight_orthophoto",0.5,"orthophoto_50cm_2025","Vestlandet"
"NINFP2510186082",0.0809537672911357,0.0104429647326469,14317,2,"meta_highrescanopyheight_orthophoto",0.5,"orthophoto_50cm_2025","Vestlandet"
"NINFP2210080830",6.97422532478307,7.18685054779053,10689,2,"meta_highrescanopyheight_orthophoto",0.5,"orthophoto_50cm_2025","Vestlandet"
"NINFP1910039517",0.220322654188414,0.0106484433636069,6316,2,"meta_highrescanopyheight_orthophoto",0.5,"orthophoto_50cm_2025","Vestlandet"
"NINFP1810043274",0.0774928082028616,0.0102680367417634,54412,3,"meta_highrescanopyheight_orthophoto",0.5,"orthophoto_50cm_2025","Vestlandet"
"NINFP2310135207",0.0108765120904499,0.0103083485737443,7351,1,"meta_highrescanopyheight_orthophoto",0.5,"orthophoto_50cm_2025","Vestlandet"
"NINFP1910001965",2.26679561952121,1.09016340970993,7326,3,"meta_highrescanopyheight_orthophoto",0.5,"orthophoto_50cm_2025","Vestlandet"
"NINFP2410147724",1.43739329618219,0.165649324655533,36492,6,"meta_highrescanopyheight_orthophoto",0.5,"orthophoto_50cm_2025","Vestlandet"
"NINFP2010014258",0.558072839586955,0.0263412091881037,43263,5,"meta_highrescanopyheight_orthophoto",0.5,"orthophoto_50cm_2025","Vestlandet"
"NINFP2110016547",0.0577356648151887,0.0102893430739641,27209,3,"meta_highrescanopyheight_orthophoto",0.5,"orthophoto_50cm_2025","Vestlandet"
"NINFP2310124711",0.0118705346590751,0.0104434192180634,30839,2,"meta_highrescanopyheight_orthophoto",0.5,"orthophoto_50cm_2025","Vestlandet"
"NINFP1810014842",3.47477509457617,2.24387836456299,8403,2,"meta_highrescanopyheight_orthophoto",0.5,"orthophoto_50cm_2025","Vestlandet"
"NINFP1810044337",0.441776136885535,0.0204787058755755,355530,16,"meta_highrescanopyheight_orthophoto",0.5,"orthophoto_50cm_2025","Vestlandet"
"NINFP1810016443",0.0100186337224693,0.0100182313472033,4793,2,"meta_highrescanopyheight_orthophoto",0.5,"orthophoto_50cm_2025","Vestlandet"
"NINFP2210106792",0.0100512555883765,0.010044360999018,14296,4,"meta_highrescanopyheight_orthophoto",0.5,"orthophoto_50cm_2025","Vestlandet"
"NINFP1810002254",0.563712253417002,0.18471022695303,82,1,"meta_highrescanopyheight_orthophoto",0.5,"orthophoto_50cm_2025","Vestlandet"
"NINFP1910029051",0.0979166906623888,0.010461060795933,15748,4,"meta_highrescanopyheight_orthophoto",0.5,"orthophoto_50cm_2025","Vestlandet"
"NINFP2210104698",1.73019707929023,0.0234948806464672,9379,2,"meta_highrescanopyheight_orthophoto",0.5,"orthophoto_50cm_2025","Vestlandet"
"NINFP2310124982",2.82632152581567,1.8758692741394,47763,5,"meta_highrescanopyheight_orthophoto",0.5,"orthophoto_50cm_2025","Vestlandet"
"NINFP2410172372",0.177307520808075,0.0102235907688737,15502,4,"meta_highrescanopyheight_orthophoto",0.5,"orthophoto_50cm_2025","Vestlandet"
"NINFP1810039881",0.592530828741288,0.0103275831788778,175730,9,"meta_highrescanopyheight_orthophoto",0.5,"orthophoto_50cm_2025","Vestlandet"
"NINFP1910003076",0.0109642139142376,0.0100565096363425,13915,2,"meta_highrescanopyheight_orthophoto",0.5,"orthophoto_50cm_2025","Vestlandet"
"NINFP1810017314",1.15849277809241,0.130449891090393,8764,2,"meta_highrescanopyheight_orthophoto",0.5,"orthophoto_50cm_2025","Vestlandet"
"NINFP1810043307",0.12876051315051,0.0103582795709372,296835,17,"meta_highrescanopyheight_orthophoto",0.5,"orthophoto_50cm_2025","Vestlandet"
"NINFP2310118246",1.6104536137938,0.247811317443848,35745,4,"meta_highrescanopyheight_orthophoto",0.5,"orthophoto_50cm_2025","Vestlandet"
"NINFP1810043301",0.0953302063219901,0.010411789175123,40888,6,"meta_highrescanopyheight_orthophoto",0.5,"orthophoto_50cm_2025","Vestlandet"
"NINFP1910008021",0.0143307171572379,0.010486560408026,1670,2,"meta_highrescanopyheight_orthophoto",0.5,"orthophoto_50cm_2025","Vestlandet"
"NINFP1910039583",0.492973631611195,0.0131788160651922,17631,2,"meta_highrescanopyheight_orthophoto",0.5,"orthophoto_50cm_2025","Vestlandet"
"NINFP1810042819",1.9475083643492,1.63698101043701,9033,4,"meta_highrescanopyheight_orthophoto",0.5,"orthophoto_50cm_2025","Vestlandet"
"NINFP2010005014",0.194398512087389,0.010656195692718,9504,2,"meta_highrescanopyheight_orthophoto",0.5,"orthophoto_50cm_2025","Vestlandet"
"NINFP1810044012",0.0111241287613408,0.0102256815880537,46893,5,"meta_highrescanopyheight_orthophoto",0.5,"orthophoto_50cm_2025","Vestlandet"
"NINFP2210078178",5.27540210019278,5.31660890579224,5020,1,"meta_highrescanopyheight_orthophoto",0.5,"orthophoto_50cm_2025","Vestlandet"
"NINFP2010023936",0.0558136800135604,0.0104030417278409,6159,1,"meta_highrescanopyheight_orthophoto",0.5,"orthophoto_50cm_2025","Vestlandet"
"NINFP2010056103",0.0140741492381472,0.0107923625037074,20928,6,"meta_highrescanopyheight_orthophoto",0.5,"orthophoto_50cm_2025","Vestlandet"
"NINFP2110017671",0.0102107743247911,0.010072264354676,3958,2,"meta_highrescanopyheight_orthophoto",0.5,"orthophoto_50cm_2025","Vestlandet"
"NINFP2010054591",0.0106626870463557,0.0102904522791505,4618,1,"meta_highrescanopyheight_orthophoto",0.5,"orthophoto_50cm_2025","Vestlandet"
"NINFP2410177222",0.0103674123668026,0.0101091945543885,23387,3,"meta_highrescanopyheight_orthophoto",0.5,"orthophoto_50cm_2025","Vestlandet"
"NINFP2010012713",9.54127379267407,10.2852420806885,19175,2,"meta_highrescanopyheight_orthophoto",0.5,"orthophoto_50cm_2025","Vestlandet"
"NINFP2010022632",0.0114834193230442,0.0102677810937166,14542,3,"meta_highrescanopyheight_orthophoto",0.5,"orthophoto_50cm_2025","Vestlandet"
"NINFP2110044866",0.028135679201066,0.010205764323473,4657,2,"meta_highrescanopyheight_orthophoto",0.5,"orthophoto_50cm_2025","Vestlandet"
"NINFP1810043825",3.83424689182448,3.29333329200745,4943,2,"meta_highrescanopyheight_orthophoto",0.5,"orthophoto_50cm_2025","Vestlandet"
"NINFP2010038248",0.135820673711992,0.0102373911067843,29423,4,"meta_highrescanopyheight_orthophoto",0.5,"orthophoto_50cm_2025","Vestlandet"
"NINFP2010022802",0.0635268820849929,0.0105085084214807,26221,4,"meta_highrescanopyheight_orthophoto",0.5,"orthophoto_50cm_2025","Vestlandet"
"NINFP2110024554",0.0103775249182982,0.0100571503862739,87350,6,"meta_highrescanopyheight_orthophoto",0.5,"orthophoto_50cm_2025","Vestlandet"
"NINFP1810018438",1.54121135465654,0.116013914346695,22243,2,"meta_highrescanopyheight_orthophoto",0.5,"orthophoto_50cm_2025","Vestlandet"
"NINFP2010030742",0.0111289629864711,0.0106903063133359,6188,1,"meta_highrescanopyheight_orthophoto",0.5,"orthophoto_50cm_2025","Vestlandet"
"NINFP2110045685",0.0131980204136753,0.0101281618699431,10231,3,"meta_highrescanopyheight_orthophoto",0.5,"orthophoto_50cm_2025","Vestlandet"
"NINFP1810010296",0.0100272172622262,0.0100197214633226,53981,5,"meta_highrescanopyheight_orthophoto",0.5,"orthophoto_50cm_2025","Vestlandet"
"NINFP1910053295",0.0146720014962813,0.0117026860825717,20034,3,"meta_highrescanopyheight_orthophoto",0.5,"orthophoto_50cm_2025","Vestlandet"
"NINFP1810043281",0.530336445073964,0.0353263355791569,26032,4,"meta_highrescanopyheight_orthophoto",0.5,"orthophoto_50cm_2025","Vestlandet"
"NINFP2010010088",6.72412385095415,7.17367911338806,10780,2,"meta_highrescanopyheight_orthophoto",0.5,"orthophoto_50cm_2025","Vestlandet"
"NINFP1810035156",0.960025005121634,0.028677137568593,92943,5,"meta_highrescanopyheight_orthophoto",0.5,"orthophoto_50cm_2025","Vestlandet"
"NINFP2110038349",3.15535855629922,1.95163369178772,7387,4,"meta_highrescanopyheight_orthophoto",0.5,"orthophoto_50cm_2025","Vestlandet"
"NINFP1810017875",0.0251506955969237,0.010201646015048,39197,5,"meta_highrescanopyheight_orthophoto",0.5,"orthophoto_50cm_2025","Vestlandet"
"NINFP2310141051",0.820394235935398,0.0106695294380188,11821,2,"meta_highrescanopyheight_orthophoto",0.5,"orthophoto_50cm_2025","Vestlandet"
"NINFP2410159510",0.0785432037709507,0.0103242518380284,18215,4,"meta_highrescanopyheight_orthophoto",0.5,"orthophoto_50cm_2025","Vestlandet"
"NINFP2310120602",0.0727751503714099,0.0125891515053809,3828,1,"meta_highrescanopyheight_orthophoto",0.5,"orthophoto_50cm_2025","Vestlandet"
"NINFP2410162557",0.267808979019564,0.010394174605608,1982,1,"meta_highrescanopyheight_orthophoto",0.5,"orthophoto_50cm_2025","Vestlandet"
"NINFP2510197996",0.0106906516813168,0.0100142071023583,15730,4,"meta_highrescanopyheight_orthophoto",0.5,"orthophoto_50cm_2025","Vestlandet"
"NINFP1910048297",0.373002462680217,0.0160744674503803,25607,3,"meta_highrescanopyheight_orthophoto",0.5,"orthophoto_50cm_2025","Vestlandet"
"NINFP2310124078",0.0101478734510495,0.0100573366507888,17598,5,"meta_highrescanopyheight_orthophoto",0.5,"orthophoto_50cm_2025","Vestlandet"
"NINFP1910002383",0.155172365787333,0.0100815631449223,85704,9,"meta_highrescanopyheight_orthophoto",0.5,"orthophoto_50cm_2025","Vestlandet"
"NINFP2510204751",1.06444698489141,0.0108221583068371,10976,2,"meta_highrescanopyheight_orthophoto",0.5,"orthophoto_50cm_2025","Vestlandet"
"NINFP1810043659",1.6542389741903,0.432334676384926,37102,3,"meta_highrescanopyheight_orthophoto",0.5,"orthophoto_50cm_2025","Vestlandet"
"NINFP1810044560",0.0182589143829232,0.0101057030260563,95708,7,"meta_highrescanopyheight_orthophoto",0.5,"orthophoto_50cm_2025","Vestlandet"
"NINFP1810035151",0.663661945219211,0.0110460687428713,40809,3,"meta_highrescanopyheight_orthophoto",0.5,"orthophoto_50cm_2025","Vestlandet"
"NINFP2310119246",0.0101931530371679,0.010095710400492,1446,2,"meta_highrescanopyheight_orthophoto",0.5,"orthophoto_50cm_2025","Vestlandet"
"NINFP2310133672",0.656102856482522,0.0110650239512324,55836,5,"meta_highrescanopyheight_orthophoto",0.5,"orthophoto_50cm_2025","Vestlandet"
"NINFP2310117868",0.865795352651427,0.0473618973046541,37032,2,"meta_highrescanopyheight_orthophoto",0.5,"orthophoto_50cm_2025","Vestlandet"
"NINFP2310118119",3.08856631248388,2.48190319538116,58892,6,"meta_highrescanopyheight_orthophoto",0.5,"orthophoto_50cm_2025","Vestlandet"
"NINFP2010010640",2.58497690880529,1.23365271091461,10928,2,"meta_highrescanopyheight_orthophoto",0.5,"orthophoto_50cm_2025","Vestlandet"
"NINFP2110008971",0.105440480625432,0.0103775314055383,5198,1,"meta_highrescanopyheight_orthophoto",0.5,"orthophoto_50cm_2025","Vestlandet"
"NINFP2110052326",0.0101522557463605,0.0100356629118323,33717,5,"meta_highrescanopyheight_orthophoto",0.5,"orthophoto_50cm_2025","Vestlandet"
"NINFP1810017250",5.51812649150825,5.6922779083252,6917,2,"meta_highrescanopyheight_orthophoto",0.5,"orthophoto_50cm_2025","Vestlandet"
"NINFP2010053154",0.302679969420261,0.022898368537426,5719,4,"meta_highrescanopyheight_orthophoto",0.5,"orthophoto_50cm_2025","Vestlandet"
"NINFP2010024855",2.09101452761415,0.56899020075798,4446,1,"meta_highrescanopyheight_orthophoto",0.5,"orthophoto_50cm_2025","Vestlandet"
"NINFP2310146522",3.96758514839114,3.82290244102478,26797,3,"meta_highrescanopyheight_orthophoto",0.5,"orthophoto_50cm_2025","Vestlandet"
"NINFP2410172410",0.106978383445653,0.0107249170541763,135217,10,"meta_highrescanopyheight_orthophoto",0.5,"orthophoto_50cm_2025","Vestlandet"
"NINFP2010019745",2.9479094358454,1.59749853610992,29627,6,"meta_highrescanopyheight_orthophoto",0.5,"orthophoto_50cm_2025","Vestlandet"
"NINFP1910050217",0.0171059355377517,0.0102936672046781,1363,2,"meta_highrescanopyheight_orthophoto",0.5,"orthophoto_50cm_2025","Vestlandet"
"NINFP1910059238",7.3271971883718,7.91817092895508,5827,1,"meta_highrescanopyheight_orthophoto",0.5,"orthophoto_50cm_2025","Vestlandet"
"NINFP2010024859",0.659232088637555,0.0149019728414714,20968,4,"meta_highrescanopyheight_orthophoto",0.5,"orthophoto_50cm_2025","Vestlandet"
"NINFP1810037819",0.246262764479975,0.0103465085849166,120385,6,"meta_highrescanopyheight_orthophoto",0.5,"orthophoto_50cm_2025","Vestlandet"
"NINFP1810011738",0.0100169857850273,0.0100152203813195,42843,4,"meta_highrescanopyheight_orthophoto",0.5,"orthophoto_50cm_2025","Vestlandet"
"NINFP2110037046",0.419184404349182,0.0138826281763613,21124,4,"meta_highrescanopyheight_orthophoto",0.5,"orthophoto_50cm_2025","Vestlandet"
"NINFP2110016513",0.0424628920871636,0.0102828158996999,24368,3,"meta_highrescanopyheight_orthophoto",0.5,"orthophoto_50cm_2025","Vestlandet"
"NINFP2310122491",0.027379558067126,0.0105166016146541,2724,1,"meta_highrescanopyheight_orthophoto",0.5,"orthophoto_50cm_2025","Vestlandet"
"NINFP2110054898",0.0102016339762568,0.0101804258301854,12921,2,"meta_highrescanopyheight_orthophoto",0.5,"orthophoto_50cm_2025","Vestlandet"
"NINFP2110008492",0.604062103461789,0.0138570461422205,8768,4,"meta_highrescanopyheight_orthophoto",0.5,"orthophoto_50cm_2025","Vestlandet"
"NINFP2410178000",0.118066642789933,0.0204515103250742,4540,2,"meta_highrescanopyheight_orthophoto",0.5,"orthophoto_50cm_2025","Vestlandet"
"NINFP1810005948",0.799724888808902,0.0498933102935553,1754,2,"meta_highrescanopyheight_orthophoto",0.5,"orthophoto_50cm_2025","Vestlandet"
"NINFP2410172393",0.0330335372270405,0.010219456627965,1989,2,"meta_highrescanopyheight_orthophoto",0.5,"orthophoto_50cm_2025","Vestlandet"
"NINFP2210112585",0.0281730337619453,0.0102142337709665,167779,15,"meta_highrescanopyheight_orthophoto",0.5,"orthophoto_50cm_2025","Vestlandet"
"NINFP1810015765",0.0100190554656097,0.0100176017731428,2719,2,"meta_highrescanopyheight_orthophoto",0.5,"orthophoto_50cm_2025","Vestlandet"
"NINFP2010033990",3.92370206481345,3.75952434539795,75781,7,"meta_highrescanopyheight_orthophoto",0.5,"orthophoto_50cm_2025","Vestlandet"
"NINFP1910037421",0.659164945807247,0.0240702573210001,3501,2,"meta_highrescanopyheight_orthophoto",0.5,"orthophoto_50cm_2025","Vestlandet"
"NINFP2010054599",0.059702441032876,0.0101641481742263,29571,3,"meta_highrescanopyheight_orthophoto",0.5,"orthophoto_50cm_2025","Vestlandet"
"NINFP1810030582",5.44326790336265,5.46592330932617,67923,7,"meta_highrescanopyheight_orthophoto",0.5,"orthophoto_50cm_2025","Vestlandet"
"NINFP2210084493",0.895486114658324,0.0125415083020926,48473,4,"meta_highrescanopyheight_orthophoto",0.5,"orthophoto_50cm_2025","Vestlandet"
"NINFP2310118121",0.40516083322155,0.0235174130648375,8400,1,"meta_highrescanopyheight_orthophoto",0.5,"orthophoto_50cm_2025","Vestlandet"
"NINFP2410167526",0.195711584251934,0.0104680042713881,7669,4,"meta_highrescanopyheight_orthophoto",0.5,"orthophoto_50cm_2025","Vestlandet"
"NINFP2410161981",0.0516301601470911,0.0103773856535554,5674,1,"meta_highrescanopyheight_orthophoto",0.5,"orthophoto_50cm_2025","Vestlandet"
"NINFP2210100595",3.84281753180146,3.84200811386108,17734,2,"meta_highrescanopyheight_orthophoto",0.5,"orthophoto_50cm_2025","Vestlandet"
"NINFP1810014998",0.685895003544683,0.0109722120687366,44530,5,"meta_highrescanopyheight_orthophoto",0.5,"orthophoto_50cm_2025","Vestlandet"
"NINFP2110007227",0.0177560381888077,0.0102210999466479,14066,3,"meta_highrescanopyheight_orthophoto",0.5,"orthophoto_50cm_2025","Vestlandet"
"NINFP1810015759",0.0100205284930062,0.0100160334259272,83782,6,"meta_highrescanopyheight_orthophoto",0.5,"orthophoto_50cm_2025","Vestlandet"
"NINFP2010020619",0.0272144436573581,0.0100640393793583,12332,2,"meta_highrescanopyheight_orthophoto",0.5,"orthophoto_50cm_2025","Vestlandet"
"NINFP2010054037",0.0113437908325588,0.0105808875523508,5350,4,"meta_highrescanopyheight_orthophoto",0.5,"orthophoto_50cm_2025","Vestlandet"
"NINFP2210096685",0.0100388813546075,0.0100273825228214,16447,4,"meta_highrescanopyheight_orthophoto",0.5,"orthophoto_50cm_2025","Vestlandet"
"NINFP2410173312",0.702125522171768,0.0472732409834862,8795,2,"meta_highrescanopyheight_orthophoto",0.5,"orthophoto_50cm_2025","Vestlandet"
"NINFP1810012175",0.498889455080553,0.0124601796269417,134891,8,"meta_highrescanopyheight_orthophoto",0.5,"orthophoto_50cm_2025","Vestlandet"
"NINFP2010043043",0.0752587615187208,0.0104289199225605,14736,2,"meta_highrescanopyheight_orthophoto",0.5,"orthophoto_50cm_2025","Vestlandet"
"NINFP1910001411",0.018315163889238,0.0101722674444318,8097,2,"meta_highrescanopyheight_orthophoto",0.5,"orthophoto_50cm_2025","Vestlandet"
"NINFP2210083777",1.49964574324866,0.208476074039936,19308,1,"meta_highrescanopyheight_orthophoto",0.5,"orthophoto_50cm_2025","Vestlandet"
"NINFP1810009366",0.108772926045565,0.0102188289165497,61795,6,"meta_highrescanopyheight_orthophoto",0.5,"orthophoto_50cm_2025","Vestlandet"
"NINFP2010000848",0.0130130428571872,0.0104968333616853,4182,1,"meta_highrescanopyheight_orthophoto",0.5,"orthophoto_50cm_2025","Vestlandet"
"NINFP2210082052",0.0100293117004452,0.0100232725962996,3540,1,"meta_highrescanopyheight_orthophoto",0.5,"orthophoto_50cm_2025","Vestlandet"
"NINFP2310123266",0.0101817229306075,0.0100287236273289,146687,8,"meta_highrescanopyheight_orthophoto",0.5,"orthophoto_50cm_2025","Vestlandet"
"NINFP1910008023",0.0161777663816694,0.0119258668273687,1345,1,"meta_highrescanopyheight_orthophoto",0.5,"orthophoto_50cm_2025","Vestlandet"
"NINFP2410174656",0.0122312342129104,0.0102774780243635,4162,2,"meta_highrescanopyheight_orthophoto",0.5,"orthophoto_50cm_2025","Vestlandet"
"NINFP2310121490",0.0130560241343658,0.0104686580598354,3965,1,"meta_highrescanopyheight_orthophoto",0.5,"orthophoto_50cm_2025","Vestlandet"
"NINFP2510205365",0.135704062511337,0.0104405824095011,4247,2,"meta_highrescanopyheight_orthophoto",0.5,"orthophoto_50cm_2025","Vestlandet"
"NINFP2210085018",4.36628739662378,3.13054060935974,11417,3,"meta_highrescanopyheight_orthophoto",0.5,"orthophoto_50cm_2025","Vestlandet"
"NINFP1810038465",0.0125173842090382,0.0101067274808884,72024,6,"meta_highrescanopyheight_orthophoto",0.5,"orthophoto_50cm_2025","Vestlandet"
"NINFP2310128819",0.0121948116498396,0.0100580137223005,123983,9,"meta_highrescanopyheight_orthophoto",0.5,"orthophoto_50cm_2025","Vestlandet"
"NINFP2110021804",0.0102708634848577,0.0100767002440989,42806,5,"meta_highrescanopyheight_orthophoto",0.5,"orthophoto_50cm_2025","Vestlandet"
"NINFP2410174659",0.0101292844323519,0.0101079624146223,1277,1,"meta_highrescanopyheight_orthophoto",0.5,"orthophoto_50cm_2025","Vestlandet"
"NINFP1810011533",0.0104591891685721,0.0100485868752003,66643,6,"meta_highrescanopyheight_orthophoto",0.5,"orthophoto_50cm_2025","Vestlandet"
"NINFP1910043108",4.57546837068721,2.8512237071991,1998,2,"meta_highrescanopyheight_orthophoto",0.5,"orthophoto_50cm_2025","Vestlandet"
"NINFP2310146681",0.0564969310914586,0.0106525989249349,24659,4,"meta_highrescanopyheight_orthophoto",0.5,"orthophoto_50cm_2025","Vestlandet"
"NINFP2110038221",0.0105221758297089,0.0100500090047717,123708,6,"meta_highrescanopyheight_orthophoto",0.5,"orthophoto_50cm_2025","Vestlandet"
"NINFP2210104713",0.0131746567093536,0.0100951967760921,29546,4,"meta_highrescanopyheight_orthophoto",0.5,"orthophoto_50cm_2025","Vestlandet"
"NINFP2110071117",0.0100279960123714,0.0100262286141515,27715,4,"meta_highrescanopyheight_orthophoto",0.5,"orthophoto_50cm_2025","Vestlandet"
"NINFP2010012378",0.235167015945348,0.0122440317645669,10844,4,"meta_highrescanopyheight_orthophoto",0.5,"orthophoto_50cm_2025","Vestlandet"
"NINFP2510211445",1.80838837697058,0.789061486721039,6533,3,"meta_highrescanopyheight_orthophoto",0.5,"orthophoto_50cm_2025","Vestlandet"
"NINFP1910021100",0.432259723565162,0.0106324991211295,25451,4,"meta_highrescanopyheight_orthophoto",0.5,"orthophoto_50cm_2025","Vestlandet"
"NINFP1910002461",0.01004408570628,0.0100342696532607,23691,4,"meta_highrescanopyheight_orthophoto",0.5,"orthophoto_50cm_2025","Vestlandet"
"NINFP1810016307",3.95427503842594,3.29700398445129,7392,2,"meta_highrescanopyheight_orthophoto",0.5,"orthophoto_50cm_2025","Vestlandet"
"NINFP1810006771",0.0101485182317283,0.0100401928648353,10341,4,"meta_highrescanopyheight_orthophoto",0.5,"orthophoto_50cm_2025","Vestlandet"
"NINFP2210084619",0.694375549652199,0.0182417305186391,23718,4,"meta_highrescanopyheight_orthophoto",0.5,"orthophoto_50cm_2025","Vestlandet"
"NINFP1810038463",0.0265652533645481,0.0102644367143512,156810,9,"meta_highrescanopyheight_orthophoto",0.5,"orthophoto_50cm_2025","Vestlandet"
"NINFP2410170045",4.48805605009974,4.08315134048462,4093,1,"meta_highrescanopyheight_orthophoto",0.5,"orthophoto_50cm_2025","Vestlandet"
"NINFP2410163008",0.0100948332815586,0.010045297909528,53304,6,"meta_highrescanopyheight_orthophoto",0.5,"orthophoto_50cm_2025","Vestlandet"
"NINFP2010012374",0.231668907008777,0.0146345132961869,4739,2,"meta_highrescanopyheight_orthophoto",0.5,"orthophoto_50cm_2025","Vestlandet"
"NINFP2310118260",0.0953284016181744,0.0104069383814931,18872,2,"meta_highrescanopyheight_orthophoto",0.5,"orthophoto_50cm_2025","Vestlandet"
"NINFP2110047450",0.0101810056233998,0.0100709684193134,190882,11,"meta_highrescanopyheight_orthophoto",0.5,"orthophoto_50cm_2025","Vestlandet"
"NINFP2010044587",0.142627548375657,0.0106309773400426,4571,1,"meta_highrescanopyheight_orthophoto",0.5,"orthophoto_50cm_2025","Vestlandet"
"NINFP2010015038",5.81014463177217,6.27079391479492,9617,5,"meta_highrescanopyheight_orthophoto",0.5,"orthophoto_50cm_2025","Vestlandet"
"NINFP2110027171",0.0101290625292818,0.0100882104597986,14140,3,"meta_highrescanopyheight_orthophoto",0.5,"orthophoto_50cm_2025","Vestlandet"
"NINFP2310130217",0.273555080667135,0.0115834772586823,14068,3,"meta_highrescanopyheight_orthophoto",0.5,"orthophoto_50cm_2025","Vestlandet"
"NINFP1910040050",4.73183607837049,4.0309100151062,82,1,"meta_highrescanopyheight_orthophoto",0.5,"orthophoto_50cm_2025","Vestlandet"
"NINFP1810045518",1.57483328820359,0.354230269789696,28646,5,"meta_highrescanopyheight_orthophoto",0.5,"orthophoto_50cm_2025","Vestlandet"
"NINFP2210083241",0.0770041764718085,0.0100624458864331,142713,9,"meta_highrescanopyheight_orthophoto",0.5,"orthophoto_50cm_2025","Vestlandet"
"NINFP2110009306",0.301921969709174,0.011166543699801,4111,1,"meta_highrescanopyheight_orthophoto",0.5,"orthophoto_50cm_2025","Vestlandet"
"NINFP2310115433",0.0104233744223774,0.0101697714999318,13965,4,"meta_highrescanopyheight_orthophoto",0.5,"orthophoto_50cm_2025","Vestlandet"
"NINFP2010016554",0.929395147876991,0.0199635438621044,23485,3,"meta_highrescanopyheight_orthophoto",0.5,"orthophoto_50cm_2025","Vestlandet"
"NINFP2110047728",0.0100788297288623,0.010034971870482,108461,7,"meta_highrescanopyheight_orthophoto",0.5,"orthophoto_50cm_2025","Vestlandet"
"NINFP2110023614",0.020673807229869,0.0100505175068974,28887,2,"meta_highrescanopyheight_orthophoto",0.5,"orthophoto_50cm_2025","Vestlandet"
"NINFP2310135366",0.0102637855160316,0.0102027496322989,8489,2,"meta_highrescanopyheight_orthophoto",0.5,"orthophoto_50cm_2025","Vestlandet"
"NINFP2510210397",0.214578944065532,0.0120079768821597,48720,4,"meta_highrescanopyheight_orthophoto",0.5,"orthophoto_50cm_2025","Vestlandet"
"NINFP2310114875",0.0513312381688954,0.0102791795507073,18188,4,"meta_highrescanopyheight_orthophoto",0.5,"orthophoto_50cm_2025","Vestlandet"
"NINFP2310118138",0.0745622510829512,0.0101899560540915,25138,2,"meta_highrescanopyheight_orthophoto",0.5,"orthophoto_50cm_2025","Vestlandet"
"NINFP2410184129",4.47214357991882,3.89830708503723,5781,2,"meta_highrescanopyheight_orthophoto",0.5,"orthophoto_50cm_2025","Vestlandet"
"NINFP2110029376",0.391733119595752,0.0108284093439579,17831,1,"meta_highrescanopyheight_orthophoto",0.5,"orthophoto_50cm_2025","Vestlandet"
"NINFP1810044556",0.0103006525071126,0.0101291169412434,10020,4,"meta_highrescanopyheight_orthophoto",0.5,"orthophoto_50cm_2025","Vestlandet"
"NINFP1810043710",1.87986762464622,0.76739102602005,91234,8,"meta_highrescanopyheight_orthophoto",0.5,"orthophoto_50cm_2025","Vestlandet"
"NINFP2110015608",0.112701604259402,0.0104585816152394,74982,6,"meta_highrescanopyheight_orthophoto",0.5,"orthophoto_50cm_2025","Vestlandet"
"NINFP2510204695",0.010303431715118,0.0102154756896198,10830,2,"meta_highrescanopyheight_orthophoto",0.5,"orthophoto_50cm_2025","Vestlandet"
"NINFP1810037871",1.83397030530891,0.781063109636307,57084,4,"meta_highrescanopyheight_orthophoto",0.5,"orthophoto_50cm_2025","Vestlandet"
"NINFP2410167461",0.154037563394479,0.011629537679255,30613,1,"meta_highrescanopyheight_orthophoto",0.5,"orthophoto_50cm_2025","Vestlandet"
"NINFP2210108676",3.17581119641632,2.63313412666321,23031,3,"meta_highrescanopyheight_orthophoto",0.5,"orthophoto_50cm_2025","Vestlandet"
"NINFP1810012196",0.0378873043617682,0.0102129592560232,186412,11,"meta_highrescanopyheight_orthophoto",0.5,"orthophoto_50cm_2025","Vestlandet"
"NINFP1910040961",2.94973276401523,1.67474746704102,9195,3,"meta_highrescanopyheight_orthophoto",0.5,"orthophoto_50cm_2025","Vestlandet"
"NINFP1810042275",0.0131118553313675,0.0100617315620184,57507,7,"meta_highrescanopyheight_orthophoto",0.5,"orthophoto_50cm_2025","Vestlandet"
"NINFP2110048623",0.786964492285145,0.0249043544754386,64828,6,"meta_highrescanopyheight_orthophoto",0.5,"orthophoto_50cm_2025","Vestlandet"
"NINFP2010011849",0.0548629152758101,0.0104035707190633,25036,5,"meta_highrescanopyheight_orthophoto",0.5,"orthophoto_50cm_2025","Vestlandet"
"NINFP2210100393",2.61567831809082,1.63975435495377,21394,1,"meta_highrescanopyheight_orthophoto",0.5,"orthophoto_50cm_2025","Vestlandet"
"NINFP1810012980",0.0101052217457184,0.0100217433646321,242176,11,"meta_highrescanopyheight_orthophoto",0.5,"orthophoto_50cm_2025","Vestlandet"
"NINFP2110008919",2.19451045671444,0.617789179086685,25402,3,"meta_highrescanopyheight_orthophoto",0.5,"orthophoto_50cm_2025","Vestlandet"
"NINFP1810043447",0.0111619512019741,0.0101157128810883,94762,10,"meta_highrescanopyheight_orthophoto",0.5,"orthophoto_50cm_2025","Vestlandet"
"NINFP2510211114",0.324971736234488,0.0103732934221625,16539,4,"meta_highrescanopyheight_orthophoto",0.5,"orthophoto_50cm_2025","Vestlandet"
"NINFP1910035664",3.24718359783292,2.67435550689697,80,1,"meta_highrescanopyheight_orthophoto",0.5,"orthophoto_50cm_2025","Vestlandet"
"NINFP2010011619",4.68166467985758,5.48961544036865,12569,2,"meta_highrescanopyheight_orthophoto",0.5,"orthophoto_50cm_2025","Vestlandet"
"NINFP2110023320",0.0101114548996298,0.0100811133161187,23400,3,"meta_highrescanopyheight_orthophoto",0.5,"orthophoto_50cm_2025","Vestlandet"
"NINFP2110007234",0.0212490338891368,0.0102452896535397,23964,3,"meta_highrescanopyheight_orthophoto",0.5,"orthophoto_50cm_2025","Vestlandet"
"NINFP1810011856",1.11025192630748,0.0268307998776436,10437,2,"meta_highrescanopyheight_orthophoto",0.5,"orthophoto_50cm_2025","Vestlandet"
"NINFP1910049892",0.115740549494295,0.0105651328340173,7619,2,"meta_highrescanopyheight_orthophoto",0.5,"orthophoto_50cm_2025","Vestlandet"
"NINFP2110023324",0.0100335541831694,0.0100299473851919,45390,4,"meta_highrescanopyheight_orthophoto",0.5,"orthophoto_50cm_2025","Vestlandet"
"NINFP1910029081",0.128984012979106,0.0103120589628816,48363,3,"meta_highrescanopyheight_orthophoto",0.5,"orthophoto_50cm_2025","Vestlandet"
"NINFP2410170731",0.154299186008143,0.0102355647832155,29871,3,"meta_highrescanopyheight_orthophoto",0.5,"orthophoto_50cm_2025","Vestlandet"
"NINFP1810043106",0.729097437197386,0.0496693197637796,11072,2,"meta_highrescanopyheight_orthophoto",0.5,"orthophoto_50cm_2025","Vestlandet"
"NINFP1910035849",1.11023976603831,0.121956136077642,12018,2,"meta_highrescanopyheight_orthophoto",0.5,"orthophoto_50cm_2025","Vestlandet"
"NINFP2310134704",0.0277814649351585,0.0102134291082621,29085,5,"meta_highrescanopyheight_orthophoto",0.5,"orthophoto_50cm_2025","Vestlandet"
"NINFP1810006207",0.0100522237322265,0.0100511955097318,9649,2,"meta_highrescanopyheight_orthophoto",0.5,"orthophoto_50cm_2025","Vestlandet"
"NINFP1810035152",0.114501399514199,0.0102089885622263,40575,5,"meta_highrescanopyheight_orthophoto",0.5,"orthophoto_50cm_2025","Vestlandet"
"NINFP2510189340",0.733482291740257,0.0167380124330521,12695,2,"meta_highrescanopyheight_orthophoto",0.5,"orthophoto_50cm_2025","Vestlandet"
"NINFP1910060364",0.0103608130560162,0.0100344512611628,68348,5,"meta_highrescanopyheight_orthophoto",0.5,"orthophoto_50cm_2025","Vestlandet"
"NINFP2210089781",0.58021467275254,0.0853043757379055,14570,4,"meta_highrescanopyheight_orthophoto",0.5,"orthophoto_50cm_2025","Vestlandet"
"NINFP2010007714",5.25368418098745,5.7441258430481,11218,4,"meta_highrescanopyheight_orthophoto",0.5,"orthophoto_50cm_2025","Vestlandet"
"NINFP2210110562",0.0101039274886552,0.0101063051261008,3554,2,"meta_highrescanopyheight_orthophoto",0.5,"orthophoto_50cm_2025","Vestlandet"
"NINFP2510213005",0.426059721932685,0.01064726524055,46409,6,"meta_highrescanopyheight_orthophoto",0.5,"orthophoto_50cm_2025","Vestlandet"
"NINFP2310124079",0.0100739413979059,0.0100522050634027,24440,4,"meta_highrescanopyheight_orthophoto",0.5,"orthophoto_50cm_2025","Vestlandet"
"NINFP2010053800",0.0582660594524406,0.0105211781337857,4779,1,"meta_highrescanopyheight_orthophoto",0.5,"orthophoto_50cm_2025","Vestlandet"
"NINFP2110054916",0.0259429193710917,0.0101757133379579,37897,3,"meta_highrescanopyheight_orthophoto",0.5,"orthophoto_50cm_2025","Vestlandet"
"NINFP1810042417",0.0258320844673897,0.0101571343839169,46464,4,"meta_highrescanopyheight_orthophoto",0.5,"orthophoto_50cm_2025","Vestlandet"
"NINFP1810044096",1.87977127384503,0.680631339550018,60801,4,"meta_highrescanopyheight_orthophoto",0.5,"orthophoto_50cm_2025","Vestlandet"
"NINFP1810015757",0.0100213783765186,0.0100186755880713,43393,5,"meta_highrescanopyheight_orthophoto",0.5,"orthophoto_50cm_2025","Vestlandet"
"NINFP2110014787",0.0101134575419343,0.0101095056161284,21625,3,"meta_highrescanopyheight_orthophoto",0.5,"orthophoto_50cm_2025","Vestlandet"
"NINFP2010012372",0.508684671508301,0.0381143689155579,5389,2,"meta_highrescanopyheight_orthophoto",0.5,"orthophoto_50cm_2025","Vestlandet"
"NINFP2110007633",0.115901465480265,0.0102565120905638,20649,2,"meta_highrescanopyheight_orthophoto",0.5,"orthophoto_50cm_2025","Vestlandet"
"NINFP2310115282",0.354795309580273,0.0109479250386357,10779,2,"meta_highrescanopyheight_orthophoto",0.5,"orthophoto_50cm_2025","Vestlandet"
"NINFP2310123637",0.0105746866576529,0.0102400491014123,3591,2,"meta_highrescanopyheight_orthophoto",0.5,"orthophoto_50cm_2025","Vestlandet"
"NINFP2210085811",1.9565375578568,0.52657163143158,7331,2,"meta_highrescanopyheight_orthophoto",0.5,"orthophoto_50cm_2025","Vestlandet"
"NINFP2210080041",0.426319657198585,0.0105940401554108,41397,4,"meta_highrescanopyheight_orthophoto",0.5,"orthophoto_50cm_2025","Vestlandet"
"NINFP1810037771",5.83963406497828,6.55986714363098,5226,2,"meta_highrescanopyheight_orthophoto",0.5,"orthophoto_50cm_2025","Vestlandet"
"NINFP2110039257",0.0821917276564235,0.0103915096260607,177532,7,"meta_highrescanopyheight_orthophoto",0.5,"orthophoto_50cm_2025","Vestlandet"
"NINFP1810044558",0.0104120989798354,0.0100849983282387,14440,2,"meta_highrescanopyheight_orthophoto",0.5,"orthophoto_50cm_2025","Vestlandet"
"NINFP2010011098",1.3820212270906,0.147221401333809,37179,5,"meta_highrescanopyheight_orthophoto",0.5,"orthophoto_50cm_2025","Vestlandet"
"NINFP2310123309",0.0101234653651398,0.0100525328889489,16079,4,"meta_highrescanopyheight_orthophoto",0.5,"orthophoto_50cm_2025","Vestlandet"
"NINFP1810037806",0.0408801344593127,0.0100794583559036,12655,2,"meta_highrescanopyheight_orthophoto",0.5,"orthophoto_50cm_2025","Vestlandet"
"NINFP1810002140",0.0496061645197737,0.0102402539923787,84829,6,"meta_highrescanopyheight_orthophoto",0.5,"orthophoto_50cm_2025","Vestlandet"
"NINFP2410163805",0.0105240290803684,0.0100826057605445,41316,5,"meta_highrescanopyheight_orthophoto",0.5,"orthophoto_50cm_2025","Vestlandet"
"NINFP1810036889",0.104096890318339,0.0102326888591051,17919,4,"meta_highrescanopyheight_orthophoto",0.5,"orthophoto_50cm_2025","Vestlandet"
"NINFP2310123239",4.72776055837674,4.96860790252686,29491,4,"meta_highrescanopyheight_orthophoto",0.5,"orthophoto_50cm_2025","Vestlandet"
"NINFP1810036341",0.0106650725647458,0.0101276100613177,54838,5,"meta_highrescanopyheight_orthophoto",0.5,"orthophoto_50cm_2025","Vestlandet"
"NINFP2110022781",0.0103136747717712,0.0100452117621899,10881,4,"meta_highrescanopyheight_orthophoto",0.5,"orthophoto_50cm_2025","Vestlandet"
"NINFP1910003057",0.0109090735935224,0.0100566782057285,45374,5,"meta_highrescanopyheight_orthophoto",0.5,"orthophoto_50cm_2025","Vestlandet"
"NINFP1810007223",0.633483152386305,0.0181631734594703,60152,3,"meta_highrescanopyheight_orthophoto",0.5,"orthophoto_50cm_2025","Vestlandet"
"NINFP1810007339",2.76735750610557,1.54674589633942,31472,4,"meta_highrescanopyheight_orthophoto",0.5,"orthophoto_50cm_2025","Vestlandet"
"NINFP2310121824",0.472181190082402,0.0124445986002684,13039,3,"meta_highrescanopyheight_orthophoto",0.5,"orthophoto_50cm_2025","Vestlandet"
"NINFP2010022617",0.129509990935218,0.010610984172672,18898,5,"meta_highrescanopyheight_orthophoto",0.5,"orthophoto_50cm_2025","Vestlandet"
"NINFP2110028911",0.150132731550814,0.0115003786049783,23980,2,"meta_highrescanopyheight_orthophoto",0.5,"orthophoto_50cm_2025","Vestlandet"
"NINFP2110066334",0.600823955867539,0.0118326731026173,31361,2,"meta_highrescanopyheight_orthophoto",0.5,"orthophoto_50cm_2025","Vestlandet"
"NINFP2210084946",0.792582724560629,0.0345773585140705,25847,4,"meta_highrescanopyheight_orthophoto",0.5,"orthophoto_50cm_2025","Vestlandet"
"NINFP2510192768",5.18279106940251,4.96707034111023,15120,3,"meta_highrescanopyheight_orthophoto",0.5,"orthophoto_50cm_2025","Vestlandet"
"NINFP2310119168",0.0917099460768424,0.0102043319493532,3179,1,"meta_highrescanopyheight_orthophoto",0.5,"orthophoto_50cm_2025","Vestlandet"
"NINFP2010013749",2.70620956135523,1.87253057956696,4539,1,"meta_highrescanopyheight_orthophoto",0.5,"orthophoto_50cm_2025","Vestlandet"
"NINFP2210087073",0.865867243619635,0.0640785619616508,131591,7,"meta_highrescanopyheight_orthophoto",0.5,"orthophoto_50cm_2025","Vestlandet"
"NINFP1810038459",0.150345314020868,0.0103042349219322,28959,4,"meta_highrescanopyheight_orthophoto",0.5,"orthophoto_50cm_2025","Vestlandet"
"NINFP1810018567",7.56311149728821,8.03696537017822,6404,2,"meta_highrescanopyheight_orthophoto",0.5,"orthophoto_50cm_2025","Vestlandet"
"NINFP2410159511",0.0401000874562882,0.0101208579726517,55374,3,"meta_highrescanopyheight_orthophoto",0.5,"orthophoto_50cm_2025","Vestlandet"
"NINFP1910033735",2.75797496258285,1.37925398349762,23815,5,"meta_highrescanopyheight_orthophoto",0.5,"orthophoto_50cm_2025","Vestlandet"
"NINFP2210085433",0.156458655995168,0.0125145968049765,47379,4,"meta_highrescanopyheight_orthophoto",0.5,"orthophoto_50cm_2025","Vestlandet"
"NINFP1910041469",4.44351565517867,2.84154987335205,14134,3,"meta_highrescanopyheight_orthophoto",0.5,"orthophoto_50cm_2025","Vestlandet"
"NINFP2110046651",0.0112439365724741,0.0102549185976386,6269,3,"meta_highrescanopyheight_orthophoto",0.5,"orthophoto_50cm_2025","Vestlandet"
"NINFP2510189886",3.91978229174286,3.71009635925293,11007,2,"meta_highrescanopyheight_orthophoto",0.5,"orthophoto_50cm_2025","Vestlandet"
"NINFP2010022784",0.141684299239612,0.0108242398127913,5093,1,"meta_highrescanopyheight_orthophoto",0.5,"orthophoto_50cm_2025","Vestlandet"
"NINFP2410168182",2.49163038641901,1.20332968235016,161093,9,"meta_highrescanopyheight_orthophoto",0.5,"orthophoto_50cm_2025","Vestlandet"
"NINFP2110053637",0.0264981884078701,0.0104057593271136,20122,4,"meta_highrescanopyheight_orthophoto",0.5,"orthophoto_50cm_2025","Vestlandet"
"NINFP1810002257",0.726288602935835,0.0252847652882338,16657,4,"meta_highrescanopyheight_orthophoto",0.5,"orthophoto_50cm_2025","Vestlandet"
"NINFP1910029061",0.213614160188688,0.0167840085923672,67943,6,"meta_highrescanopyheight_orthophoto",0.5,"orthophoto_50cm_2025","Vestlandet"
"NINFP2410178190",0.0101045931885349,0.0100949490442872,3361,1,"meta_highrescanopyheight_orthophoto",0.5,"orthophoto_50cm_2025","Vestlandet"
"NINFP2210093288",0.0102308017181123,0.0101872379891574,5516,3,"meta_highrescanopyheight_orthophoto",0.5,"orthophoto_50cm_2025","Vestlandet"
"NINFP2410174645",0.610066887477023,0.0398301631212234,10217,4,"meta_highrescanopyheight_orthophoto",0.5,"orthophoto_50cm_2025","Vestlandet"
"NINFP2110016659",0.0104557901043401,0.0100308004766703,6435,2,"meta_highrescanopyheight_orthophoto",0.5,"orthophoto_50cm_2025","Vestlandet"
"NINFP2110038860",4.4272499315402,4.25174999237061,23929,3,"meta_highrescanopyheight_orthophoto",0.5,"orthophoto_50cm_2025","Vestlandet"
"NINFP2210091132",0.0100165425845806,0.0100151998922229,4938,2,"meta_highrescanopyheight_orthophoto",0.5,"orthophoto_50cm_2025","Vestlandet"
"NINFP1910039543",0.0121480777907448,0.0112934615463018,78,1,"meta_highrescanopyheight_orthophoto",0.5,"orthophoto_50cm_2025","Vestlandet"
"NINFP1810015025",2.98391103020904,2.17527770996094,8469,1,"meta_highrescanopyheight_orthophoto",0.5,"orthophoto_50cm_2025","Vestlandet"
"NINFP2210086959",0.862151415126538,0.121030710637569,5694,2,"meta_highrescanopyheight_orthophoto",0.5,"orthophoto_50cm_2025","Vestlandet"
"NINFP1810012617",0.0101014377094158,0.0100774234160781,61609,8,"meta_highrescanopyheight_orthophoto",0.5,"orthophoto_50cm_2025","Vestlandet"
"NINFP1810007325",0.253374475149819,0.0108648906461895,32956,4,"meta_highrescanopyheight_orthophoto",0.5,"orthophoto_50cm_2025","Vestlandet"
"NINFP2010057380",0.0116942988585303,0.0102457064203918,22144,2,"meta_highrescanopyheight_orthophoto",0.5,"orthophoto_50cm_2025","Vestlandet"
"NINFP1810009253",0.0100326675817787,0.0100262248888612,46274,3,"meta_highrescanopyheight_orthophoto",0.5,"orthophoto_50cm_2025","Vestlandet"
"NINFP2310116830",0.254403893376566,0.0179796870797873,73295,5,"meta_highrescanopyheight_orthophoto",0.5,"orthophoto_50cm_2025","Vestlandet"
"NINFP2510215802",1.04554418106471,0.0508762374520302,25729,4,"meta_highrescanopyheight_orthophoto",0.5,"orthophoto_50cm_2025","Vestlandet"
"NINFP2010014305",0.0334055386175774,0.0103548485785723,7562,2,"meta_highrescanopyheight_orthophoto",0.5,"orthophoto_50cm_2025","Vestlandet"
"NINFP2510191611",1.23897174007637,0.024449922144413,19905,4,"meta_highrescanopyheight_orthophoto",0.5,"orthophoto_50cm_2025","Vestlandet"
"NINFP1810014199",0.0100174777375344,0.0100158443674445,303495,14,"meta_highrescanopyheight_orthophoto",0.5,"orthophoto_50cm_2025","Vestlandet"
"NINFP2010012373",0.0292356738943694,0.0106774736195803,10220,2,"meta_highrescanopyheight_orthophoto",0.5,"orthophoto_50cm_2025","Vestlandet"
"NINFP2110053609",0.0219576632747564,0.0103594036772847,11249,4,"meta_highrescanopyheight_orthophoto",0.5,"orthophoto_50cm_2025","Vestlandet"
"NINFP2010016558",1.96955268768002,0.389696031808853,12720,3,"meta_highrescanopyheight_orthophoto",0.5,"orthophoto_50cm_2025","Vestlandet"
"NINFP1910037879",0.185185730928358,0.0129651082679629,22027,3,"meta_highrescanopyheight_orthophoto",0.5,"orthophoto_50cm_2025","Vestlandet"
"NINFP2010022628",0.0124488750084298,0.0102586429566145,10091,5,"meta_highrescanopyheight_orthophoto",0.5,"orthophoto_50cm_2025","Vestlandet"
"NINFP2210094698",0.0100480582358057,0.0100463405251503,48381,4,"meta_highrescanopyheight_orthophoto",0.5,"orthophoto_50cm_2025","Vestlandet"
"NINFP2310120611",0.250463764717571,0.0109717026352882,78581,8,"meta_highrescanopyheight_orthophoto",0.5,"orthophoto_50cm_2025","Vestlandet"
"NINFP2110007225",0.0191794453953786,0.0103640044108033,10662,3,"meta_highrescanopyheight_orthophoto",0.5,"orthophoto_50cm_2025","Vestlandet"
"NINFP2010034051",8.23487530437837,8.39871311187744,105906,8,"meta_highrescanopyheight_orthophoto",0.5,"orthophoto_50cm_2025","Vestlandet"
"NINFP2410154797",0.0555132916142228,0.0101865269243717,45589,4,"meta_highrescanopyheight_orthophoto",0.5,"orthophoto_50cm_2025","Vestlandet"
"NINFP1810014081",0.0107031123537179,0.0101349353790283,26165,2,"meta_highrescanopyheight_orthophoto",0.5,"orthophoto_50cm_2025","Vestlandet"
"NINFP1910039165",0.137720308908072,0.011599300429225,241,1,"meta_highrescanopyheight_orthophoto",0.5,"orthophoto_50cm_2025","Vestlandet"
"NINFP1810009258",0.0100274764299391,0.010016456246376,41619,5,"meta_highrescanopyheight_orthophoto",0.5,"orthophoto_50cm_2025","Vestlandet"
"NINFP2110053641",0.0107835357958894,0.010035871528089,303562,18,"meta_highrescanopyheight_orthophoto",0.5,"orthophoto_50cm_2025","Vestlandet"
"NINFP2410178192",0.0164171951973554,0.0100899562239647,6542,1,"meta_highrescanopyheight_orthophoto",0.5,"orthophoto_50cm_2025","Vestlandet"
"NINFP2010010130",0.894582127642032,0.0709768906235695,18874,3,"meta_highrescanopyheight_orthophoto",0.5,"orthophoto_50cm_2025","Vestlandet"
"NINFP1810037521",0.0101796110540185,0.0101353218778968,16561,3,"meta_highrescanopyheight_orthophoto",0.5,"orthophoto_50cm_2025","Vestlandet"
"NINFP1810043288",1.35848691594364,0.38183718919754,10439,2,"meta_highrescanopyheight_orthophoto",0.5,"orthophoto_50cm_2025","Vestlandet"
"NINFP2310118259",3.17217438141425,3.17778301239014,10818,2,"meta_highrescanopyheight_orthophoto",0.5,"orthophoto_50cm_2025","Vestlandet"
"NINFP1810033663",7.37968907062308,7.63626146316528,6225,1,"meta_highrescanopyheight_orthophoto",0.5,"orthophoto_50cm_2025","Vestlandet"
"NINFP2010014260",0.022534527254352,0.0102000371553004,4294,1,"meta_highrescanopyheight_orthophoto",0.5,"orthophoto_50cm_2025","Vestlandet"
"NINFP1910001906",0.248023493694217,0.0103534944355488,4190,2,"meta_highrescanopyheight_orthophoto",0.5,"orthophoto_50cm_2025","Vestlandet"
"NINFP2510215172",0.26055290830724,0.0101776528172195,62008,6,"meta_highrescanopyheight_orthophoto",0.5,"orthophoto_50cm_2025","Vestlandet"
"NINFP1810021634",0.0207859845062271,0.010076055303216,42433,4,"meta_highrescanopyheight_orthophoto",0.5,"orthophoto_50cm_2025","Vestlandet"
"NINFP2110045668",0.0121246092306155,0.0100692035630345,31863,4,"meta_highrescanopyheight_orthophoto",0.5,"orthophoto_50cm_2025","Vestlandet"
"NINFP1910022234",1.48644686677968,0.135043919086456,6559,1,"meta_highrescanopyheight_orthophoto",0.5,"orthophoto_50cm_2025","Vestlandet"
"NINFP1810002168",1.21004183199648,0.0444112755358219,5618,2,"meta_highrescanopyheight_orthophoto",0.5,"orthophoto_50cm_2025","Vestlandet"
"NINFP1910003382",0.0102937011714503,0.0100985895842314,22526,3,"meta_highrescanopyheight_orthophoto",0.5,"orthophoto_50cm_2025","Vestlandet"
"NINFP2010023944",0.0795501454634959,0.0104021094739437,16912,2,"meta_highrescanopyheight_orthophoto",0.5,"orthophoto_50cm_2025","Vestlandet"
"NINFP1910040057",0.0121412845779911,0.0106361866928637,4394,2,"meta_highrescanopyheight_orthophoto",0.5,"orthophoto_50cm_2025","Vestlandet"
"NINFP1810023162",0.0104679493365945,0.010149278678,64441,6,"meta_highrescanopyheight_orthophoto",0.5,"orthophoto_50cm_2025","Vestlandet"
"NINFP1810044689",0.152906952259876,0.01038515008986,113373,11,"meta_highrescanopyheight_orthophoto",0.5,"orthophoto_50cm_2025","Vestlandet"
"NINFP2510192921",1.02023702196946,0.0409210287034512,20332,2,"meta_highrescanopyheight_orthophoto",0.5,"orthophoto_50cm_2025","Vestlandet"
"NINFP2510207696",2.82404791383988,0.884039640426636,6659,4,"meta_highrescanopyheight_orthophoto",0.5,"orthophoto_50cm_2025","Vestlandet"
"NINFP2410160108",0.15236504799175,0.0109795420430601,5482,2,"meta_highrescanopyheight_orthophoto",0.5,"orthophoto_50cm_2025","Vestlandet"
"NINFP1810012270",0.0107083329829029,0.0101635716855526,17187,2,"meta_highrescanopyheight_orthophoto",0.5,"orthophoto_50cm_2025","Vestlandet"
"NINFP2510217123",0.191616713619774,0.0105098653584719,388335,18,"meta_highrescanopyheight_orthophoto",0.5,"orthophoto_50cm_2025","Vestlandet"
"NINFP2410177247",0.01077838948262,0.0101348184980452,8980,2,"meta_highrescanopyheight_orthophoto",0.5,"orthophoto_50cm_2025","Vestlandet"
"NINFP1910002273",0.0260752543561696,0.0100898472592235,22458,2,"meta_highrescanopyheight_orthophoto",0.5,"orthophoto_50cm_2025","Vestlandet"
"NINFP2110045949",0.0168888569038855,0.0104213217273355,19301,3,"meta_highrescanopyheight_orthophoto",0.5,"orthophoto_50cm_2025","Vestlandet"
"NINFP1910022238",4.65633202022772,4.45864057540894,4569,2,"meta_highrescanopyheight_orthophoto",0.5,"orthophoto_50cm_2025","Vestlandet"
"NINFP2010011783",0.398078126780058,0.0117942877113819,11486,2,"meta_highrescanopyheight_orthophoto",0.5,"orthophoto_50cm_2025","Vestlandet"
"NINFP1810012982",0.0100418349163218,0.0100331278517842,8819,4,"meta_highrescanopyheight_orthophoto",0.5,"orthophoto_50cm_2025","Vestlandet"
"NINFP1910040410",2.70948130107515,1.42071169614792,15822,3,"meta_highrescanopyheight_orthophoto",0.5,"orthophoto_50cm_2025","Vestlandet"
"NINFP2110023568",0.0840087130923419,0.0102452412247658,75051,7,"meta_highrescanopyheight_orthophoto",0.5,"orthophoto_50cm_2025","Vestlandet"
"NINFP2010022816",0.0173449466805413,0.0105252396315336,10062,4,"meta_highrescanopyheight_orthophoto",0.5,"orthophoto_50cm_2025","Vestlandet"
"NINFP1910001410",0.0127413260956466,0.0106031410396099,4815,2,"meta_highrescanopyheight_orthophoto",0.5,"orthophoto_50cm_2025","Vestlandet"
"NINFP2110065604",0.0147562033969855,0.0101698259823024,5666,2,"meta_highrescanopyheight_orthophoto",0.5,"orthophoto_50cm_2025","Vestlandet"
"NINFP2410177855",0.358074721774445,0.0109666273929179,41174,5,"meta_highrescanopyheight_orthophoto",0.5,"orthophoto_50cm_2025","Vestlandet"
"NINFP1810009871",0.0242372590604498,0.0100308833643794,391982,18,"meta_highrescanopyheight_orthophoto",0.5,"orthophoto_50cm_2025","Vestlandet"
"NINFP2210078495",5.19022330465277,5.3443341255188,21935,4,"meta_highrescanopyheight_orthophoto",0.5,"orthophoto_50cm_2025","Vestlandet"
"NINFP2110017023",0.0774626793125782,0.0103405555710196,16776,4,"meta_highrescanopyheight_orthophoto",0.5,"orthophoto_50cm_2025","Vestlandet"
"NINFP1910035655",0.130588447030831,0.0145867276005447,5334,2,"meta_highrescanopyheight_orthophoto",0.5,"orthophoto_50cm_2025","Vestlandet"
"NINFP2310119105",0.0101836382103422,0.0101618156768382,7118,2,"meta_highrescanopyheight_orthophoto",0.5,"orthophoto_50cm_2025","Vestlandet"
"NINFP1810017873",0.0111515460771145,0.0101634599268436,40133,4,"meta_highrescanopyheight_orthophoto",0.5,"orthophoto_50cm_2025","Vestlandet"
"NINFP2010053455",5.54972270930997,5.89750266075134,16368,4,"meta_highrescanopyheight_orthophoto",0.5,"orthophoto_50cm_2025","Vestlandet"
"NINFP1810045316",0.748287704648295,0.0390787124633789,25923,3,"meta_highrescanopyheight_orthophoto",0.5,"orthophoto_50cm_2025","Vestlandet"
"NINFP1810043834",4.08583652933781,4.26912498474121,9206,1,"meta_highrescanopyheight_orthophoto",0.5,"orthophoto_50cm_2025","Vestlandet"
"NINFP2010033512",0.0733508057911404,0.0102104297839105,36118,2,"meta_highrescanopyheight_orthophoto",0.5,"orthophoto_50cm_2025","Vestlandet"
"NINFP2210091222",3.57604364877844,1.84667456150055,7043,2,"meta_highrescanopyheight_orthophoto",0.5,"orthophoto_50cm_2025","Vestlandet"
"NINFP2010008937",0.0103540288003271,0.0102219246327877,8076,3,"meta_highrescanopyheight_orthophoto",0.5,"orthophoto_50cm_2025","Vestlandet"
"NINFP2310123272",0.0101000164636303,0.0100422948598862,1414319,38,"meta_highrescanopyheight_orthophoto",0.5,"orthophoto_50cm_2025","Vestlandet"
"NINFP1810036774",0.0278626188020614,0.0101300496608019,17851,4,"meta_highrescanopyheight_orthophoto",0.5,"orthophoto_50cm_2025","Vestlandet"
"NINFP1810045823",0.0738638153558067,0.0100672654807568,21973,2,"meta_highrescanopyheight_orthophoto",0.5,"orthophoto_50cm_2025","Vestlandet"
"NINFP1810023065",0.421822598837654,0.0119753922335804,30544,5,"meta_highrescanopyheight_orthophoto",0.5,"orthophoto_50cm_2025","Vestlandet"
"NINFP1810017655",4.80674360228022,4.96273422241211,8901,2,"meta_highrescanopyheight_orthophoto",0.5,"orthophoto_50cm_2025","Vestlandet"
"NINFP2210100471",2.3481988914141,1.78092408180237,4110,2,"meta_highrescanopyheight_orthophoto",0.5,"orthophoto_50cm_2025","Vestlandet"
"NINFP1810002846",0.420416725676373,0.0106036271899939,56393,6,"meta_highrescanopyheight_orthophoto",0.5,"orthophoto_50cm_2025","Vestlandet"
"NINFP1810013899",0.0101893058866279,0.0100896656513214,4384,1,"meta_highrescanopyheight_orthophoto",0.5,"orthophoto_50cm_2025","Vestlandet"
"NINFP1810011701",7.99442780862942,8.19683599472046,10368,4,"meta_highrescanopyheight_orthophoto",0.5,"orthophoto_50cm_2025","Vestlandet"
"NINFP2510187807",0.0239405213327284,0.0100325644016266,117258,9,"meta_highrescanopyheight_orthophoto",0.5,"orthophoto_50cm_2025","Vestlandet"
"NINFP1910033736",4.84898970476063,4.71236658096313,4772,2,"meta_highrescanopyheight_orthophoto",0.5,"orthophoto_50cm_2025","Vestlandet"
"NINFP2210083774",1.30341005229411,0.0877305716276169,76117,6,"meta_highrescanopyheight_orthophoto",0.5,"orthophoto_50cm_2025","Vestlandet"
"NINFP2310140488",0.917874638312709,0.0125535568222404,4988,1,"meta_highrescanopyheight_orthophoto",0.5,"orthophoto_50cm_2025","Vestlandet"
"NINFP2310131192",0.696285011274662,0.0148024745285511,12301,2,"meta_highrescanopyheight_orthophoto",0.5,"orthophoto_50cm_2025","Vestlandet"
"NINFP2010057608",0.0119019596727825,0.010198931209743,18323,2,"meta_highrescanopyheight_orthophoto",0.5,"orthophoto_50cm_2025","Vestlandet"
"NINFP2310118115",0.043376468301752,0.0103440834209323,6487,4,"meta_highrescanopyheight_orthophoto",0.5,"orthophoto_50cm_2025","Vestlandet"
"NINFP2210079361",0.0100419488117791,0.0100372564047575,84545,7,"meta_highrescanopyheight_orthophoto",0.5,"orthophoto_50cm_2025","Vestlandet"
"NINFP1810002268",1.06450179145502,0.047296741977334,14598,2,"meta_highrescanopyheight_orthophoto",0.5,"orthophoto_50cm_2025","Vestlandet"
"NINFP1810043693",0.938038731093973,0.0670259855687618,81460,6,"meta_highrescanopyheight_orthophoto",0.5,"orthophoto_50cm_2025","Vestlandet"
"NINFP1810043651",0.412390160172723,0.0163422934710979,185068,8,"meta_highrescanopyheight_orthophoto",0.5,"orthophoto_50cm_2025","Vestlandet"
"NINFP2010022786",0.840780820778659,0.0422942563891411,5029,2,"meta_highrescanopyheight_orthophoto",0.5,"orthophoto_50cm_2025","Vestlandet"
"NINFP2310125068",1.3132286007463,0.176804006099701,17318,3,"meta_highrescanopyheight_orthophoto",0.5,"orthophoto_50cm_2025","Vestlandet"
"NINFP1910035933",0.662237244396998,0.0162469726055861,6087,4,"meta_highrescanopyheight_orthophoto",0.5,"orthophoto_50cm_2025","Vestlandet"
"NINFP2310131368",0.0889667905775055,0.0151481330394745,6678,2,"meta_highrescanopyheight_orthophoto",0.5,"orthophoto_50cm_2025","Vestlandet"
"NINFP2010015788",1.03997417591744,0.0161719061434269,5785,2,"meta_highrescanopyheight_orthophoto",0.5,"orthophoto_50cm_2025","Vestlandet"
"NINFP1810005671",0.0596345312870156,0.0104291555471718,58442,6,"meta_highrescanopyheight_orthophoto",0.5,"orthophoto_50cm_2025","Vestlandet"
"NINFP2210106665",0.0521779632316238,0.0102876415476203,26128,4,"meta_highrescanopyheight_orthophoto",0.5,"orthophoto_50cm_2025","Vestlandet"
"NINFP2110048116",0.839618502734566,0.0477690063416958,10873,1,"meta_highrescanopyheight_orthophoto",0.5,"orthophoto_50cm_2025","Vestlandet"
"NINFP1810012365",0.0100590689643079,0.0100313816219568,78413,7,"meta_highrescanopyheight_orthophoto",0.5,"orthophoto_50cm_2025","Vestlandet"
"NINFP2010010132",1.9142494632582,0.218394607305527,2138,2,"meta_highrescanopyheight_orthophoto",0.5,"orthophoto_50cm_2025","Vestlandet"
"NINFP2010013406",0.184266610226425,0.0111659946851432,6582,4,"meta_highrescanopyheight_orthophoto",0.5,"orthophoto_50cm_2025","Vestlandet"
"NINFP2410174205",0.0100636136539441,0.0100650629028678,1762,1,"meta_highrescanopyheight_orthophoto",0.5,"orthophoto_50cm_2025","Vestlandet"
"NINFP2210107981",5.47129442652679,5.24748373031616,14674,2,"meta_highrescanopyheight_orthophoto",0.5,"orthophoto_50cm_2025","Vestlandet"
"NINFP2310122631",2.64156345543377,1.64482855796814,3707,4,"meta_highrescanopyheight_orthophoto",0.5,"orthophoto_50cm_2025","Vestlandet"
"NINFP2410162553",0.105966711088467,0.010650017298758,6509,2,"meta_highrescanopyheight_orthophoto",0.5,"orthophoto_50cm_2025","Vestlandet"
"NINFP2010022631",0.0121618055974319,0.0106240212917328,7737,2,"meta_highrescanopyheight_orthophoto",0.5,"orthophoto_50cm_2025","Vestlandet"
"NINFP1810004673",0.184537682986374,0.0107803624123335,41703,4,"meta_highrescanopyheight_orthophoto",0.5,"orthophoto_50cm_2025","Vestlandet"
"NINFP2010016555",0.608167430710458,0.0143824834376574,24271,4,"meta_highrescanopyheight_orthophoto",0.5,"orthophoto_50cm_2025","Vestlandet"
"NINFP1810043275",0.0796155224142693,0.0101935733109713,77835,6,"meta_highrescanopyheight_orthophoto",0.5,"orthophoto_50cm_2025","Vestlandet"
"NINFP2510211475",0.116689904204092,0.0179400881752372,3152,3,"meta_highrescanopyheight_orthophoto",0.5,"orthophoto_50cm_2025","Vestlandet"
"NINFP2110052784",0.0302055024015875,0.0105607127770782,6517,2,"meta_highrescanopyheight_orthophoto",0.5,"orthophoto_50cm_2025","Vestlandet"
"NINFP2210113964",0.919847547148923,0.0977409966289997,10630,2,"meta_highrescanopyheight_orthophoto",0.5,"orthophoto_50cm_2025","Vestlandet"
"NINFP2210076078",1.13552598350065,0.298743337392807,4649,2,"meta_highrescanopyheight_orthophoto",0.5,"orthophoto_50cm_2025","Vestlandet"
"NINFP2210077798",0.500486820539054,0.0103025743737817,25889,4,"meta_highrescanopyheight_orthophoto",0.5,"orthophoto_50cm_2025","Vestlandet"
"NINFP2310122190",0.0186355139824936,0.0100210821256042,88924,7,"meta_highrescanopyheight_orthophoto",0.5,"orthophoto_50cm_2025","Vestlandet"
"NINFP1810035726",1.86814112569185,0.405582427978516,31053,5,"meta_highrescanopyheight_orthophoto",0.5,"orthophoto_50cm_2025","Vestlandet"
"NINFP2410152629",0.0100766211674437,0.0100623089820147,11451,4,"meta_highrescanopyheight_orthophoto",0.5,"orthophoto_50cm_2025","Vestlandet"
"NINFP2110038854",3.68416397614837,3.47480046749115,5594,2,"meta_highrescanopyheight_orthophoto",0.5,"orthophoto_50cm_2025","Vestlandet"
"NINFP1910036843",1.71218315785444,1.34124398231506,79,1,"meta_highrescanopyheight_orthophoto",0.5,"orthophoto_50cm_2025","Vestlandet"
"NINFP2010047805",0.650288328999126,0.0103160999715328,7637,2,"meta_highrescanopyheight_orthophoto",0.5,"orthophoto_50cm_2025","Vestlandet"
"NINFP2210085752",1.26458929275626,0.186500236392021,18727,2,"meta_highrescanopyheight_orthophoto",0.5,"orthophoto_50cm_2025","Vestlandet"
"NINFP2010031047",0.068647823290835,0.0101415356621146,168557,9,"meta_highrescanopyheight_orthophoto",0.5,"orthophoto_50cm_2025","Vestlandet"
"NINFP2110037068",0.437248411398311,0.0122877070680261,35237,3,"meta_highrescanopyheight_orthophoto",0.5,"orthophoto_50cm_2025","Vestlandet"
"NINFP1810043861",4.23089348144186,4.53121423721313,4246,2,"meta_highrescanopyheight_orthophoto",0.5,"orthophoto_50cm_2025","Vestlandet"
"NINFP2010057374",0.109028913993411,0.0103391148149967,7509,1,"meta_highrescanopyheight_orthophoto",0.5,"orthophoto_50cm_2025","Vestlandet"
"NINFP2510201972",2.77243576441026,1.414266705513,22530,6,"meta_highrescanopyheight_orthophoto",0.5,"orthophoto_50cm_2025","Vestlandet"
"NINFP2510184434",0.0760531288247704,0.0103412298485637,21507,3,"meta_highrescanopyheight_orthophoto",0.5,"orthophoto_50cm_2025","Vestlandet"
"NINFP2010011095",3.37567385266793,3.30729913711548,9024,1,"meta_highrescanopyheight_orthophoto",0.5,"orthophoto_50cm_2025","Vestlandet"
"NINFP1810045303",1.04473466399196,0.0260590566322207,22344,4,"meta_highrescanopyheight_orthophoto",0.5,"orthophoto_50cm_2025","Vestlandet"
"NINFP2010022141",0.867979631525104,0.0187955312430859,14058,3,"meta_highrescanopyheight_orthophoto",0.5,"orthophoto_50cm_2025","Vestlandet"
"NINFP1810043817",0.249681807293567,0.012186087667942,451766,23,"meta_highrescanopyheight_orthophoto",0.5,"orthophoto_50cm_2025","Vestlandet"
"NINFP1810037817",0.0551440300557802,0.0101096332073212,99201,5,"meta_highrescanopyheight_orthophoto",0.5,"orthophoto_50cm_2025","Vestlandet"
"NINFP1810036065",0.100670708236208,0.0101297283545136,59366,5,"meta_highrescanopyheight_orthophoto",0.5,"orthophoto_50cm_2025","Vestlandet"
"NINFP2310119715",0.010149183568801,0.0101365717127919,5549,1,"meta_highrescanopyheight_orthophoto",0.5,"orthophoto_50cm_2025","Vestlandet"
"NINFP1810014089",0.0107112126534547,0.0100644528865814,26418,3,"meta_highrescanopyheight_orthophoto",0.5,"orthophoto_50cm_2025","Vestlandet"
"NINFP1910002274",0.0249306433429634,0.0101188644766808,19697,5,"meta_highrescanopyheight_orthophoto",0.5,"orthophoto_50cm_2025","Vestlandet"
"NINFP2010013425",2.12248197718996,1.44417613744736,4218,1,"meta_highrescanopyheight_orthophoto",0.5,"orthophoto_50cm_2025","Vestlandet"
"NINFP2010044588",0.19156210323397,0.0105283814482391,49838,6,"meta_highrescanopyheight_orthophoto",0.5,"orthophoto_50cm_2025","Vestlandet"
"NINFP2010016348",0.597338071021604,0.0374744571745396,10950,4,"meta_highrescanopyheight_orthophoto",0.5,"orthophoto_50cm_2025","Vestlandet"
"NINFP2010021966",0.0118473388228328,0.0102301575243473,6583,2,"meta_highrescanopyheight_orthophoto",0.5,"orthophoto_50cm_2025","Vestlandet"
"NINFP2210106636",3.63180970220969,3.39153409004211,21752,3,"meta_highrescanopyheight_orthophoto",0.5,"orthophoto_50cm_2025","Vestlandet"
"NINFP1810014079",0.010050243736977,0.010039770975709,40061,4,"meta_highrescanopyheight_orthophoto",0.5,"orthophoto_50cm_2025","Vestlandet"
"NINFP2010010129",2.7864276146793,1.67786628007889,10714,3,"meta_highrescanopyheight_orthophoto",0.5,"orthophoto_50cm_2025","Vestlandet"
"NINFP2410175614",6.3054315630598,6.78535652160645,21322,4,"meta_highrescanopyheight_orthophoto",0.5,"orthophoto_50cm_2025","Vestlandet"
"NINFP1810037324",0.0360404685968674,0.0102818310260773,6691,4,"meta_highrescanopyheight_orthophoto",0.5,"orthophoto_50cm_2025","Vestlandet"
"NINFP2310118609",0.0115882680290038,0.0100828893482685,90303,8,"meta_highrescanopyheight_orthophoto",0.5,"orthophoto_50cm_2025","Vestlandet"
"NINFP1810012244",0.0102632989495939,0.0101130455732346,23565,2,"meta_highrescanopyheight_orthophoto",0.5,"orthophoto_50cm_2025","Vestlandet"
"NINFP2410154840",0.0100348972791599,0.0100284591317177,78750,5,"meta_highrescanopyheight_orthophoto",0.5,"orthophoto_50cm_2025","Vestlandet"
"NINFP1910003743",0.156759604566327,0.0112075284123421,9733,3,"meta_highrescanopyheight_orthophoto",0.5,"orthophoto_50cm_2025","Vestlandet"
"NINFP1810039033",0.0224210943314355,0.0100823007524014,126197,14,"meta_highrescanopyheight_orthophoto",0.5,"orthophoto_50cm_2025","Vestlandet"
"NINFP2310135622",0.0258453913249486,0.0106173576787114,9112,4,"meta_highrescanopyheight_orthophoto",0.5,"orthophoto_50cm_2025","Vestlandet"
"NINFP1810014203",0.0100209058483785,0.0100156469270587,75115,7,"meta_highrescanopyheight_orthophoto",0.5,"orthophoto_50cm_2025","Vestlandet"
"NINFP1810008083",1.63074572099896,0.0973612666130066,6546,3,"meta_highrescanopyheight_orthophoto",0.5,"orthophoto_50cm_2025","Vestlandet"
"NINFP2010047319",2.04643323577693,0.43607984483242,6328,2,"meta_highrescanopyheight_orthophoto",0.5,"orthophoto_50cm_2025","Vestlandet"
"NINFP1810029856",5.43597531526733,5.19791841506958,8329,4,"meta_highrescanopyheight_orthophoto",0.5,"orthophoto_50cm_2025","Vestlandet"
"NINFP2310124963",0.0281593108131116,0.0101260701194406,43981,4,"meta_highrescanopyheight_orthophoto",0.5,"orthophoto_50cm_2025","Vestlandet"
"NINFP2410158914",0.0321094396169486,0.010193151421845,27726,3,"meta_highrescanopyheight_orthophoto",0.5,"orthophoto_50cm_2025","Vestlandet"
"NINFP2010057275",0.0106824413947338,0.0104109859094024,4400,2,"meta_highrescanopyheight_orthophoto",0.5,"orthophoto_50cm_2025","Vestlandet"
"NINFP2410181134",1.49271306578326,0.119216993451118,12887,4,"meta_highrescanopyheight_orthophoto",0.5,"orthophoto_50cm_2025","Vestlandet"
"NINFP2410174307",0.0100560759126283,0.0100316470488906,14605,3,"meta_highrescanopyheight_orthophoto",0.5,"orthophoto_50cm_2025","Vestlandet"
"NINFP1810018418",4.37578886961499,4.48199605941772,7952,2,"meta_highrescanopyheight_orthophoto",0.5,"orthophoto_50cm_2025","Vestlandet"
"NINFP2310119699",0.0100804422334163,0.0100238574668765,52433,5,"meta_highrescanopyheight_orthophoto",0.5,"orthophoto_50cm_2025","Vestlandet"
"NINFP2010019723",1.21908548846355,0.126661479473114,5751,2,"meta_highrescanopyheight_orthophoto",0.5,"orthophoto_50cm_2025","Vestlandet"
"NINFP2210095256",3.2621197321578,1.71813553571701,57862,7,"meta_highrescanopyheight_orthophoto",0.5,"orthophoto_50cm_2025","Vestlandet"
"NINFP2410176903",0.884434784740837,0.0122497705742717,6945,2,"meta_highrescanopyheight_orthophoto",0.5,"orthophoto_50cm_2025","Vestlandet"
"NINFP1910040409",4.82053868210111,5.03515005111694,4417,4,"meta_highrescanopyheight_orthophoto",0.5,"orthophoto_50cm_2025","Vestlandet"
"NINFP1910029114",0.310558162670387,0.0106627135537565,19274,3,"meta_highrescanopyheight_orthophoto",0.5,"orthophoto_50cm_2025","Vestlandet"
"NINFP1810029009",1.22201728557561,0.0693050399422646,274699,13,"meta_highrescanopyheight_orthophoto",0.5,"orthophoto_50cm_2025","Vestlandet"
"NINFP2310119160",0.0625365340074866,0.0101166996173561,7350,2,"meta_highrescanopyheight_orthophoto",0.5,"orthophoto_50cm_2025","Vestlandet"
"NINFP2010023819",0.0289700707980253,0.0104978382587433,11135,3,"meta_highrescanopyheight_orthophoto",0.5,"orthophoto_50cm_2025","Vestlandet"
"NINFP2410158744",4.93096519741105,3.3279482126236,4722,1,"meta_highrescanopyheight_orthophoto",0.5,"orthophoto_50cm_2025","Vestlandet"
"NINFP2010023942",0.27870050910393,0.0109949726611376,19333,3,"meta_highrescanopyheight_orthophoto",0.5,"orthophoto_50cm_2025","Vestlandet"
"NINFP2110057973",0.211307675324454,0.0108319688588381,19627,3,"meta_highrescanopyheight_orthophoto",0.5,"orthophoto_50cm_2025","Vestlandet"
"NINFP2410177753",3.89017466954131,3.12775158882141,5749,2,"meta_highrescanopyheight_orthophoto",0.5,"orthophoto_50cm_2025","Vestlandet"
"NINFP1810016305",4.98425375180791,5.08086895942688,28298,5,"meta_highrescanopyheight_orthophoto",0.5,"orthophoto_50cm_2025","Vestlandet"
"NINFP1910029040",0.395306112073802,0.0120562161318958,24100,3,"meta_highrescanopyheight_orthophoto",0.5,"orthophoto_50cm_2025","Vestlandet"
"NINFP2010022612",0.0108043171967565,0.0101016601547599,34759,5,"meta_highrescanopyheight_orthophoto",0.5,"orthophoto_50cm_2025","Vestlandet"
"NINFP2010013960",0.0119926904127576,0.010329750366509,9829,3,"meta_highrescanopyheight_orthophoto",0.5,"orthophoto_50cm_2025","Vestlandet"
"NINFP2410159409",0.221065305522922,0.0109453145414591,12121,2,"meta_highrescanopyheight_orthophoto",0.5,"orthophoto_50cm_2025","Vestlandet"
"NINFP1810042506",6.37301673903254,7.17378425598145,17055,5,"meta_highrescanopyheight_orthophoto",0.5,"orthophoto_50cm_2025","Vestlandet"
"NINFP1910002249",0.0100850432163067,0.010056528262794,30987,4,"meta_highrescanopyheight_orthophoto",0.5,"orthophoto_50cm_2025","Vestlandet"
"NINFP2110009315",1.76655006263456,0.0589728262275457,39476,3,"meta_highrescanopyheight_orthophoto",0.5,"orthophoto_50cm_2025","Vestlandet"
"NINFP1810005681",0.0987212331430797,0.0100738266482949,339269,12,"meta_highrescanopyheight_orthophoto",0.5,"orthophoto_50cm_2025","Vestlandet"
"NINFP1910037885",1.28174792568448,0.0543954148888588,11287,2,"meta_highrescanopyheight_orthophoto",0.5,"orthophoto_50cm_2025","Vestlandet"
"NINFP2310120002",0.0105286237685431,0.0101460963487625,8707,3,"meta_highrescanopyheight_orthophoto",0.5,"orthophoto_50cm_2025","Vestlandet"
"NINFP2010031041",0.0115339685014703,0.0103943692520261,1375,1,"meta_highrescanopyheight_orthophoto",0.5,"orthophoto_50cm_2025","Vestlandet"
"NINFP1810044740",0.425290379153044,0.0132898143492639,123876,7,"meta_highrescanopyheight_orthophoto",0.5,"orthophoto_50cm_2025","Vestlandet"
"NINFP2210102457",2.92968228806238,2.007399559021,106525,9,"meta_highrescanopyheight_orthophoto",0.5,"orthophoto_50cm_2025","Vestlandet"
"NINFP2310127224",0.0270581041541872,0.010146610904485,12378,2,"meta_highrescanopyheight_orthophoto",0.5,"orthophoto_50cm_2025","Vestlandet"
"NINFP2010035364",0.0864848434891702,0.0107107367366552,3739,2,"meta_highrescanopyheight_orthophoto",0.5,"orthophoto_50cm_2025","Vestlandet"
"NINFP2410177215",5.74285432780805,5.96221017837524,3169,2,"meta_highrescanopyheight_orthophoto",0.5,"orthophoto_50cm_2025","Vestlandet"
"NINFP2010016346",0.132279373005615,0.0101421917788684,186892,11,"meta_highrescanopyheight_orthophoto",0.5,"orthophoto_50cm_2025","Vestlandet"
"NINFP1810037760",0.0212837970698435,0.0102135436609387,4976,2,"meta_highrescanopyheight_orthophoto",0.5,"orthophoto_50cm_2025","Vestlandet"
"NINFP2110063410",0.0100761520357022,0.0100508341565728,10381,2,"meta_highrescanopyheight_orthophoto",0.5,"orthophoto_50cm_2025","Vestlandet"
"NINFP2510195512",2.71267389179602,1.07469248771667,21682,6,"meta_highrescanopyheight_orthophoto",0.5,"orthophoto_50cm_2025","Vestlandet"
"NINFP2410163520",0.0293740325851848,0.0100850285962224,152180,12,"meta_highrescanopyheight_orthophoto",0.5,"orthophoto_50cm_2025","Vestlandet"
"NINFP1810043306",0.240067881211311,0.0106350649148226,169173,9,"meta_highrescanopyheight_orthophoto",0.5,"orthophoto_50cm_2025","Vestlandet"
"NINFP2110044854",0.26254803958622,0.0101830386556685,5088,2,"meta_highrescanopyheight_orthophoto",0.5,"orthophoto_50cm_2025","Vestlandet"
"NINFP2110008915",0.215638770572137,0.0105855530127883,37759,4,"meta_highrescanopyheight_orthophoto",0.5,"orthophoto_50cm_2025","Vestlandet"
"NINFP2010006137",2.82395067325297,2.04762244224548,5898,2,"meta_highrescanopyheight_orthophoto",0.5,"orthophoto_50cm_2025","Vestlandet"
"NINFP1810031345",3.51873924757126,3.34653878211975,17818,4,"meta_highrescanopyheight_orthophoto",0.5,"orthophoto_50cm_2025","Vestlandet"
"NINFP2310120006",0.0103602819160542,0.0102826450020075,3533,3,"meta_highrescanopyheight_orthophoto",0.5,"orthophoto_50cm_2025","Vestlandet"
"NINFP2310123274",0.010051854801365,0.0100402180105448,6055,3,"meta_highrescanopyheight_orthophoto",0.5,"orthophoto_50cm_2025","Vestlandet"
"NINFP2310120615",0.928299465149267,0.0220698155462742,36795,3,"meta_highrescanopyheight_orthophoto",0.5,"orthophoto_50cm_2025","Vestlandet"
"NINFP2110015394",0.696015255643333,0.0162228886038065,58528,6,"meta_highrescanopyheight_orthophoto",0.5,"orthophoto_50cm_2025","Vestlandet"
"NINFP1810015761",0.01001684761475,0.0100150341168046,19677,3,"meta_highrescanopyheight_orthophoto",0.5,"orthophoto_50cm_2025","Vestlandet"
"NINFP1910029068",0.0135775463961096,0.0100397542119026,30753,3,"meta_highrescanopyheight_orthophoto",0.5,"orthophoto_50cm_2025","Vestlandet"
"NINFP2310118762",0.112610042404363,0.0111909853294492,13281,3,"meta_highrescanopyheight_orthophoto",0.5,"orthophoto_50cm_2025","Vestlandet"
"NINFP1810015758",0.0100225973531133,0.0100193247199059,125697,8,"meta_highrescanopyheight_orthophoto",0.5,"orthophoto_50cm_2025","Vestlandet"
"NINFP1910051539",0.0121419535866678,0.0101150004193187,21707,3,"meta_highrescanopyheight_orthophoto",0.5,"orthophoto_50cm_2025","Vestlandet"
"NINFP2110054976",0.390997444736956,0.0132699087262154,8805,2,"meta_highrescanopyheight_orthophoto",0.5,"orthophoto_50cm_2025","Vestlandet"
"NINFP2410157107",3.57693040577216,3.24282789230347,8629,2,"meta_highrescanopyheight_orthophoto",0.5,"orthophoto_50cm_2025","Vestlandet"
"NINFP2210080682",0.0702546993306246,0.0100935604423285,28151,3,"meta_highrescanopyheight_orthophoto",0.5,"orthophoto_50cm_2025","Vestlandet"
"NINFP2410184139",1.69716804671541,0.225630924105644,5823,4,"meta_highrescanopyheight_orthophoto",0.5,"orthophoto_50cm_2025","Vestlandet"
"NINFP2110023801",0.0116356954928416,0.0100639453157783,101941,6,"meta_highrescanopyheight_orthophoto",0.5,"orthophoto_50cm_2025","Vestlandet"
"NINFP2310129895",0.0381825755794745,0.0104791959747672,2525,1,"meta_highrescanopyheight_orthophoto",0.5,"orthophoto_50cm_2025","Vestlandet"
"NINFP1910022858",4.36265043038105,4.7947154045105,36116,6,"meta_highrescanopyheight_orthophoto",0.5,"orthophoto_50cm_2025","Vestlandet"
"NINFP2110008979",0.0574963895355263,0.0105249374173582,10266,4,"meta_highrescanopyheight_orthophoto",0.5,"orthophoto_50cm_2025","Vestlandet"
"NINFP2010055154",4.81155831369846,5.25732278823853,63189,6,"meta_highrescanopyheight_orthophoto",0.5,"orthophoto_50cm_2025","Vestlandet"
"NINFP2410168358",0.25604193855868,0.0152424648404121,14172,2,"meta_highrescanopyheight_orthophoto",0.5,"orthophoto_50cm_2025","Vestlandet"
"NINFP2310129894",0.230562581289394,0.0109801082871854,10586,2,"meta_highrescanopyheight_orthophoto",0.5,"orthophoto_50cm_2025","Vestlandet"
"NINFP1810016227",0.52384103758363,0.0116117252036929,40105,3,"meta_highrescanopyheight_orthophoto",0.5,"orthophoto_50cm_2025","Vestlandet"
"NINFP2310123981",3.19791291297309,0.971659749746323,12334,3,"meta_highrescanopyheight_orthophoto",0.5,"orthophoto_50cm_2025","Vestlandet"
"NINFP2410152971",0.0101460761729656,0.0100752338767052,16397,3,"meta_highrescanopyheight_orthophoto",0.5,"orthophoto_50cm_2025","Vestlandet"
"NINFP2510197860",0.382816238622982,0.0112551040947437,12610,1,"meta_highrescanopyheight_orthophoto",0.5,"orthophoto_50cm_2025","Vestlandet"
"NINFP2410168762",0.284150777692471,0.0102255586534739,4880,2,"meta_highrescanopyheight_orthophoto",0.5,"orthophoto_50cm_2025","Vestlandet"
"NINFP2110043971",0.0100660025015084,0.0100248772650957,12425,2,"meta_highrescanopyheight_orthophoto",0.5,"orthophoto_50cm_2025","Vestlandet"
"NINFP2210083767",0.593188085245034,0.0318250507116318,51055,5,"meta_highrescanopyheight_orthophoto",0.5,"orthophoto_50cm_2025","Vestlandet"
"NINFP2010015793",1.75643587576682,0.520773589611053,20076,4,"meta_highrescanopyheight_orthophoto",0.5,"orthophoto_50cm_2025","Vestlandet"
"NINFP2210112538",0.0318875987129379,0.0101386960595846,46547,4,"meta_highrescanopyheight_orthophoto",0.5,"orthophoto_50cm_2025","Vestlandet"
"NINFP2510191499",0.0101405540914238,0.0101154986768961,5979,2,"meta_highrescanopyheight_orthophoto",0.5,"orthophoto_50cm_2025","Vestlandet"
"NINFP1810044228",0.0109072976074091,0.0101500181481242,174462,11,"meta_highrescanopyheight_orthophoto",0.5,"orthophoto_50cm_2025","Vestlandet"
"NINFP1810009566",2.00344255726212,1.10805892944336,4571,2,"meta_highrescanopyheight_orthophoto",0.5,"orthophoto_50cm_2025","Vestlandet"
"NINFP1810002946",2.090547663577,0.391165971755981,8094,2,"meta_highrescanopyheight_orthophoto",0.5,"orthophoto_50cm_2025","Vestlandet"
"NINFP1810017332",0.526392695484942,0.0107832569628954,5349,2,"meta_highrescanopyheight_orthophoto",0.5,"orthophoto_50cm_2025","Vestlandet"
"NINFP1910005152",0.0789281183923423,0.0101181529462337,8394,2,"meta_highrescanopyheight_orthophoto",0.5,"orthophoto_50cm_2025","Vestlandet"
"NINFP2310133078",0.0354523020404902,0.0110306441783905,6826,2,"meta_highrescanopyheight_orthophoto",0.5,"orthophoto_50cm_2025","Vestlandet"
"NINFP2010023006",1.65122265425881,0.369541823863983,8585,1,"meta_highrescanopyheight_orthophoto",0.5,"orthophoto_50cm_2025","Vestlandet"
"NINFP2110042987",0.011950459712173,0.0101133612915874,5697,2,"meta_highrescanopyheight_orthophoto",0.5,"orthophoto_50cm_2025","Vestlandet"
"NINFP1810043082",1.18392588119848,0.221799299120903,7793,2,"meta_highrescanopyheight_orthophoto",0.5,"orthophoto_50cm_2025","Vestlandet"
"NINFP1810043105",0.492397404124877,0.0181597666814923,3350,1,"meta_highrescanopyheight_orthophoto",0.5,"orthophoto_50cm_2025","Vestlandet"
"NINFP2010014256",1.15727778552163,0.119284063577652,18385,4,"meta_highrescanopyheight_orthophoto",0.5,"orthophoto_50cm_2025","Vestlandet"
"NINFP2310118212",2.47638218754568,1.40321910381317,6909,2,"meta_highrescanopyheight_orthophoto",0.5,"orthophoto_50cm_2025","Vestlandet"
"NINFP2110016536",0.0127229694331595,0.0100818010978401,10654,2,"meta_highrescanopyheight_orthophoto",0.5,"orthophoto_50cm_2025","Vestlandet"
"NINFP2110015404",0.0315522523487208,0.0116153480485082,3057,4,"meta_highrescanopyheight_orthophoto",0.5,"orthophoto_50cm_2025","Vestlandet"
"NINFP1910002357",0.0136837985599414,0.0111018740572035,80,2,"meta_highrescanopyheight_orthophoto",0.5,"orthophoto_50cm_2025","Vestlandet"
"NINFP1810044009",1.18210170738852,0.101694874465466,44382,3,"meta_highrescanopyheight_orthophoto",0.5,"orthophoto_50cm_2025","Vestlandet"
"NINFP1810022055",3.35785835103763,2.69559323787689,56190,4,"meta_highrescanopyheight_orthophoto",0.5,"orthophoto_50cm_2025","Vestlandet"
"NINFP2110017704",0.0100944692329195,0.0100735854357481,8474,4,"meta_highrescanopyheight_orthophoto",0.5,"orthophoto_50cm_2025","Vestlandet"
"NINFP2010055707",0.0119490561042692,0.0107376254163682,8230,2,"meta_highrescanopyheight_orthophoto",0.5,"orthophoto_50cm_2025","Vestlandet"
"NINFP1910021099",0.203658589361543,0.0101292077451944,244431,17,"meta_highrescanopyheight_orthophoto",0.5,"orthophoto_50cm_2025","Vestlandet"
"NINFP2010033154",0.0338654389217274,0.0102299875579774,6232,3,"meta_highrescanopyheight_orthophoto",0.5,"orthophoto_50cm_2025","Vestlandet"
"NINFP1810012976",0.010249016150676,0.0100238518789411,187035,9,"meta_highrescanopyheight_orthophoto",0.5,"orthophoto_50cm_2025","Vestlandet"
"NINFP2310119298",0.0103057468866742,0.0100489193573594,3543,2,"meta_highrescanopyheight_orthophoto",0.5,"orthophoto_50cm_2025","Vestlandet"
"NINFP2410147723",1.28986635083506,0.0255142571404576,24612,3,"meta_highrescanopyheight_orthophoto",0.5,"orthophoto_50cm_2025","Vestlandet"
"NINFP1810044886",0.113624598774964,0.0105893462896347,746418,29,"meta_highrescanopyheight_orthophoto",0.5,"orthophoto_50cm_2025","Vestlandet"
"NINFP2110016685",0.0106231446366581,0.0101395933888853,12798,2,"meta_highrescanopyheight_orthophoto",0.5,"orthophoto_50cm_2025","Vestlandet"
"NINFP2010043272",5.32274777408435,5.21508121490479,10829,4,"meta_highrescanopyheight_orthophoto",0.5,"orthophoto_50cm_2025","Vestlandet"
"NINFP1910003630",0.140897904761,0.0120830554515123,17209,2,"meta_highrescanopyheight_orthophoto",0.5,"orthophoto_50cm_2025","Vestlandet"
"NINFP2310119163",0.0103051474763979,0.0101372990757227,10197,3,"meta_highrescanopyheight_orthophoto",0.5,"orthophoto_50cm_2025","Vestlandet"
"NINFP2010049066",0.022377226900495,0.0101907774806023,34171,4,"meta_highrescanopyheight_orthophoto",0.5,"orthophoto_50cm_2025","Vestlandet"
"NINFP1810017872",0.0441952418801466,0.0101767629384995,148265,11,"meta_highrescanopyheight_orthophoto",0.5,"orthophoto_50cm_2025","Vestlandet"
"NINFP1910044042",0.0102886078016131,0.0102230380289257,5734,2,"meta_highrescanopyheight_orthophoto",0.5,"orthophoto_50cm_2025","Vestlandet"
"NINFP1810045824",0.0116328115060175,0.0100636845454574,19884,3,"meta_highrescanopyheight_orthophoto",0.5,"orthophoto_50cm_2025","Vestlandet"
"NINFP1810045288",1.56874928164681,0.162206679582596,6313,2,"meta_highrescanopyheight_orthophoto",0.5,"orthophoto_50cm_2025","Vestlandet"
"NINFP1810015610",0.0100228621566152,0.0100204488262534,19551,2,"meta_highrescanopyheight_orthophoto",0.5,"orthophoto_50cm_2025","Vestlandet"
"NINFP2310118349",1.20988598677777,0.110107805579901,5040,1,"meta_highrescanopyheight_orthophoto",0.5,"orthophoto_50cm_2025","Vestlandet"
"NINFP2310122438",0.0114283060511523,0.0101051721721888,6647,2,"meta_highrescanopyheight_orthophoto",0.5,"orthophoto_50cm_2025","Vestlandet"
"NINFP1910029057",0.0570430569017568,0.0100890719331801,26054,4,"meta_highrescanopyheight_orthophoto",0.5,"orthophoto_50cm_2025","Vestlandet"
"NINFP2410183044",7.03506775367469,7.6225962638855,8000,2,"meta_highrescanopyheight_orthophoto",0.5,"orthophoto_50cm_2025","Vestlandet"
"NINFP1810014205",0.0100173415201016,0.0100124999880791,46730,5,"meta_highrescanopyheight_orthophoto",0.5,"orthophoto_50cm_2025","Vestlandet"
"NINFP2010008506",2.4423440341866,1.12787812948227,10676,4,"meta_highrescanopyheight_orthophoto",0.5,"orthophoto_50cm_2025","Vestlandet"
"NINFP1810014080",0.0119184680809902,0.0106878923252225,11784,2,"meta_highrescanopyheight_orthophoto",0.5,"orthophoto_50cm_2025","Vestlandet"
"NINFP1810036345",0.0116801433871136,0.010251444298774,7556,2,"meta_highrescanopyheight_orthophoto",0.5,"orthophoto_50cm_2025","Vestlandet"
"NINFP2110016830",0.0914778070985434,0.0102706849575043,27966,2,"meta_highrescanopyheight_orthophoto",0.5,"orthophoto_50cm_2025","Vestlandet"
"NINFP1910044439",2.5703516122122,1.35012823343277,41960,6,"meta_highrescanopyheight_orthophoto",0.5,"orthophoto_50cm_2025","Vestlandet"
"NINFP1810012369",0.0100654934356433,0.0100519340485334,29970,2,"meta_highrescanopyheight_orthophoto",0.5,"orthophoto_50cm_2025","Vestlandet"
"NINFP2310115231",0.144785330119959,0.0107501996681094,12821,3,"meta_highrescanopyheight_orthophoto",0.5,"orthophoto_50cm_2025","Vestlandet"
"NINFP2210093284",0.0279439997558195,0.0103559670969844,5985,3,"meta_highrescanopyheight_orthophoto",0.5,"orthophoto_50cm_2025","Vestlandet"
"NINFP2210094471",0.0102657727458779,0.0101804966107011,16579,2,"meta_highrescanopyheight_orthophoto",0.5,"orthophoto_50cm_2025","Vestlandet"
"NINFP1810007222",0.13906140316252,0.0105897784233093,65737,4,"meta_highrescanopyheight_orthophoto",0.5,"orthophoto_50cm_2025","Vestlandet"
"NINFP2110008640",0.217881519849897,0.0106298765167594,8350,2,"meta_highrescanopyheight_orthophoto",0.5,"orthophoto_50cm_2025","Vestlandet"
"NINFP2010023825",0.0105866406121389,0.0102344071492553,14059,4,"meta_highrescanopyheight_orthophoto",0.5,"orthophoto_50cm_2025","Vestlandet"
"NINFP2010011852",0.0619861794426181,0.0102576655335724,14254,2,"meta_highrescanopyheight_orthophoto",0.5,"orthophoto_50cm_2025","Vestlandet"
"NINFP2010013544",4.76495305088577,4.49111700057983,6357,2,"meta_highrescanopyheight_orthophoto",0.5,"orthophoto_50cm_2025","Vestlandet"
"NINFP2110022780",0.0100300105137724,0.0100286453962326,6073,1,"meta_highrescanopyheight_orthophoto",0.5,"orthophoto_50cm_2025","Vestlandet"
"NINFP2210106639",1.83042733286909,1.00146484375,4379,4,"meta_highrescanopyheight_orthophoto",0.5,"orthophoto_50cm_2025","Vestlandet"
"NINFP2210082384",1.29644651444647,0.037810230627656,4622,1,"meta_highrescanopyheight_orthophoto",0.5,"orthophoto_50cm_2025","Vestlandet"
"NINFP1910033740",1.27320070777568,0.199244022369385,8329,2,"meta_highrescanopyheight_orthophoto",0.5,"orthophoto_50cm_2025","Vestlandet"
"NINFP2310147150",0.0136387472146394,0.0101453326642513,544321,21,"meta_highrescanopyheight_orthophoto",0.5,"orthophoto_50cm_2025","Vestlandet"
"NINFP1810001675",0.89346517456403,0.0127439247444272,74329,7,"meta_highrescanopyheight_orthophoto",0.5,"orthophoto_50cm_2025","Vestlandet"
"NINFP1810011598",0.0134428397695384,0.0101639190688729,10317,1,"meta_highrescanopyheight_orthophoto",0.5,"orthophoto_50cm_2025","Vestlandet"
"NINFP2010054593",0.0116083907215057,0.0100612919777632,84030,7,"meta_highrescanopyheight_orthophoto",0.5,"orthophoto_50cm_2025","Vestlandet"
"NINFP2310124959",0.086180375633791,0.0101589518599212,83298,5,"meta_highrescanopyheight_orthophoto",0.5,"orthophoto_50cm_2025","Vestlandet"
"NINFP2010009097",3.35973331460603,2.5358202457428,5871,2,"meta_highrescanopyheight_orthophoto",0.5,"orthophoto_50cm_2025","Vestlandet"
"NINFP2010008276",1.25988934154743,0.0359731111675501,5316,2,"meta_highrescanopyheight_orthophoto",0.5,"orthophoto_50cm_2025","Vestlandet"
"NINFP2010022620",0.0104457071410386,0.01009985152632,16466,3,"meta_highrescanopyheight_orthophoto",0.5,"orthophoto_50cm_2025","Vestlandet"
"NINFP2110045515",0.0101497869928626,0.0100887473672628,26299,2,"meta_highrescanopyheight_orthophoto",0.5,"orthophoto_50cm_2025","Vestlandet"
"NINFP1810014083",0.0101752976030456,0.0101435640826821,7789,1,"meta_highrescanopyheight_orthophoto",0.5,"orthophoto_50cm_2025","Vestlandet"
"NINFP2210109199",0.0379183795336607,0.0102254436351359,8896,3,"meta_highrescanopyheight_orthophoto",0.5,"orthophoto_50cm_2025","Vestlandet"
"NINFP1810046004",0.0100243377003904,0.0100204991176724,6832,1,"meta_highrescanopyheight_orthophoto",0.5,"orthophoto_50cm_2025","Vestlandet"
"NINFP2210106805",0.346679215227783,0.0181706044822931,21741,3,"meta_highrescanopyheight_orthophoto",0.5,"orthophoto_50cm_2025","Vestlandet"
"NINFP2210087455",3.85792185316923,3.57828593254089,12705,2,"meta_highrescanopyheight_orthophoto",0.5,"orthophoto_50cm_2025","Vestlandet"
"NINFP2410167460",0.20400788761334,0.0129994377493858,59691,3,"meta_highrescanopyheight_orthophoto",0.5,"orthophoto_50cm_2025","Vestlandet"
"NINFP2310118248",0.221971027539521,0.0105564650148153,11538,2,"meta_highrescanopyheight_orthophoto",0.5,"orthophoto_50cm_2025","Vestlandet"
"NINFP2010023901",1.67468737342344,0.114905022084713,12571,2,"meta_highrescanopyheight_orthophoto",0.5,"orthophoto_50cm_2025","Vestlandet"
"NINFP1810002264",3.04174309852238,1.009974360466,11131,2,"meta_highrescanopyheight_orthophoto",0.5,"orthophoto_50cm_2025","Vestlandet"
"NINFP2010014876",0.241015423618878,0.0103297792375088,18415,2,"meta_highrescanopyheight_orthophoto",0.5,"orthophoto_50cm_2025","Vestlandet"
"NINFP1810007219",0.220139911493355,0.0105340583249927,122960,8,"meta_highrescanopyheight_orthophoto",0.5,"orthophoto_50cm_2025","Vestlandet"
"NINFP1910039281",0.0100703355718591,0.0100636752322316,9540,1,"meta_highrescanopyheight_orthophoto",0.5,"orthophoto_50cm_2025","Vestlandet"
"NINFP2210084961",0.972086911535372,0.0674829222261906,10008,2,"meta_highrescanopyheight_orthophoto",0.5,"orthophoto_50cm_2025","Vestlandet"
"NINFP1910016297",0.0747280993562089,0.0103390323929489,701430,41,"meta_highrescanopyheight_orthophoto",0.5,"orthophoto_50cm_2025","Vestlandet"
"NINFP1810011740",0.0100316915438952,0.0100249135866761,12812,2,"meta_highrescanopyheight_orthophoto",0.5,"orthophoto_50cm_2025","Vestlandet"
"NINFP2010006133",3.15830722275571,2.23041272163391,46033,4,"meta_highrescanopyheight_orthophoto",0.5,"orthophoto_50cm_2025","Vestlandet"
"NINFP1810014204",0.0198050203735107,0.0100194243714213,47023,5,"meta_highrescanopyheight_orthophoto",0.5,"orthophoto_50cm_2025","Vestlandet"
"NINFP2310115064",0.337791152272422,0.010835075750947,37963,5,"meta_highrescanopyheight_orthophoto",0.5,"orthophoto_50cm_2025","Vestlandet"
"NINFP2010045520",4.96450744067651,4.84777569770813,7634,2,"meta_highrescanopyheight_orthophoto",0.5,"orthophoto_50cm_2025","Vestlandet"
"NINFP2210104708",0.0100349388460061,0.0100201368331909,3765,2,"meta_highrescanopyheight_orthophoto",0.5,"orthophoto_50cm_2025","Vestlandet"
"NINFP1810006783",0.0101471266819065,0.0100982459262013,1671,1,"meta_highrescanopyheight_orthophoto",0.5,"orthophoto_50cm_2025","Vestlandet"
"NINFP1810043860",1.37876666230717,0.0539307091385126,198774,9,"meta_highrescanopyheight_orthophoto",0.5,"orthophoto_50cm_2025","Vestlandet"
"NINFP2110016828",0.044195613881358,0.010078864172101,38563,5,"meta_highrescanopyheight_orthophoto",0.5,"orthophoto_50cm_2025","Vestlandet"
"NINFP1810033666",5.15835166881957,5.08873772621155,39142,4,"meta_highrescanopyheight_orthophoto",0.5,"orthophoto_50cm_2025","Vestlandet"
"NINFP2210081002",9.73731067371784,12.5517578125,1925,1,"meta_highrescanopyheight_orthophoto",0.5,"orthophoto_50cm_2025","Vestlandet"
"NINFP2510205520",0.915393828546187,0.0151707120239735,7193,3,"meta_highrescanopyheight_orthophoto",0.5,"orthophoto_50cm_2025","Vestlandet"
"NINFP2110065547",0.214437806695492,0.0109939086250961,11508,1,"meta_highrescanopyheight_orthophoto",0.5,"orthophoto_50cm_2025","Vestlandet"
"NINFP2010018040",0.014843887265417,0.0107965720817447,20241,4,"meta_highrescanopyheight_orthophoto",0.5,"orthophoto_50cm_2025","Vestlandet"
"NINFP2010006746",1.62889942949265,0.440383195877075,5125,1,"meta_highrescanopyheight_orthophoto",0.5,"orthophoto_50cm_2025","Vestlandet"
"NINFP2210112549",0.0148930891502733,0.0103956749662757,4615,2,"meta_highrescanopyheight_orthophoto",0.5,"orthophoto_50cm_2025","Vestlandet"
"NINFP2010006093",4.82057021126087,3.95520663261414,14035,3,"meta_highrescanopyheight_orthophoto",0.5,"orthophoto_50cm_2025","Vestlandet"
"NINFP2410174203",0.0101926793345295,0.0100353918969631,5724,1,"meta_highrescanopyheight_orthophoto",0.5,"orthophoto_50cm_2025","Vestlandet"
"NINFP1810037859",1.5116388415289,0.103969927877188,63664,7,"meta_highrescanopyheight_orthophoto",0.5,"orthophoto_50cm_2025","Vestlandet"
"NINFP1810037876",6.47062443564616,7.1360809803009,22296,3,"meta_highrescanopyheight_orthophoto",0.5,"orthophoto_50cm_2025","Vestlandet"
"NINFP1810009896",0.0125585240385184,0.010128503665328,55361,6,"meta_highrescanopyheight_orthophoto",0.5,"orthophoto_50cm_2025","Vestlandet"
"NINFP2010011891",1.8192701330666,0.181596964597702,15082,3,"meta_highrescanopyheight_orthophoto",0.5,"orthophoto_50cm_2025","Vestlandet"
"NINFP2010023907",4.48327069733976,4.48058819770813,18186,4,"meta_highrescanopyheight_orthophoto",0.5,"orthophoto_50cm_2025","Vestlandet"
"NINFP2010056610",0.0106565775626649,0.0100701521150768,16648,2,"meta_highrescanopyheight_orthophoto",0.5,"orthophoto_50cm_2025","Vestlandet"
"NINFP1810044924",2.37259594881812,1.00055289268494,8006,1,"meta_highrescanopyheight_orthophoto",0.5,"orthophoto_50cm_2025","Vestlandet"
"NINFP1810045520",0.733714217986604,0.044201672077179,28277,4,"meta_highrescanopyheight_orthophoto",0.5,"orthophoto_50cm_2025","Vestlandet"
"NINFP1810038593",0.0302621677060175,0.0101465191692114,94655,6,"meta_highrescanopyheight_orthophoto",0.5,"orthophoto_50cm_2025","Vestlandet"
"NINFP2110008717",0.0722669163017836,0.0106118260882795,43910,4,"meta_highrescanopyheight_orthophoto",0.5,"orthophoto_50cm_2025","Vestlandet"
"NINFP2010054736",8.36908942028314,8.78919315338135,25760,2,"meta_highrescanopyheight_orthophoto",0.5,"orthophoto_50cm_2025","Vestlandet"
"NINFP2110061671",0.693472822927343,0.0207817498594522,89940,6,"meta_highrescanopyheight_orthophoto",0.5,"orthophoto_50cm_2025","Vestlandet"
"NINFP2510201094",0.0838985812900981,0.0106755588203669,2940,2,"meta_highrescanopyheight_orthophoto",0.5,"orthophoto_50cm_2025","Vestlandet"
"NINFP1810018393",4.21504989177321,4.35246324539185,6633,1,"meta_highrescanopyheight_orthophoto",0.5,"orthophoto_50cm_2025","Vestlandet"
"NINFP1810011065",0.011929560964254,0.0100219612941146,352201,15,"meta_highrescanopyheight_orthophoto",0.5,"orthophoto_50cm_2025","Vestlandet"
"NINFP2410184132",1.82916705588805,0.413902461528778,4673,1,"meta_highrescanopyheight_orthophoto",0.5,"orthophoto_50cm_2025","Vestlandet"
"NINFP2010033519",0.421736885019455,0.0107323415577412,28087,2,"meta_highrescanopyheight_orthophoto",0.5,"orthophoto_50cm_2025","Vestlandet"
"NINFP1910039244",3.90083311082398,3.29658818244934,4562,1,"meta_highrescanopyheight_orthophoto",0.5,"orthophoto_50cm_2025","Vestlandet"
"NINFP2310130215",0.0943878972804545,0.0104763307608664,79450,5,"meta_highrescanopyheight_orthophoto",0.5,"orthophoto_50cm_2025","Vestlandet"
"NINFP2010028409",0.312718064062684,0.0111742736771703,6229,2,"meta_highrescanopyheight_orthophoto",0.5,"orthophoto_50cm_2025","Vestlandet"
"NINFP2210095913",4.29801625820084,4.10246181488037,3751,2,"meta_highrescanopyheight_orthophoto",0.5,"orthophoto_50cm_2025","Vestlandet"
"NINFP2010011667",2.15671156794094,0.475599959492683,4564,2,"meta_highrescanopyheight_orthophoto",0.5,"orthophoto_50cm_2025","Vestlandet"
"NINFP2010023883",6.98425288390416,6.88615298271179,3298,1,"meta_highrescanopyheight_orthophoto",0.5,"orthophoto_50cm_2025","Vestlandet"
"NINFP1810015751",0.0101112509957336,0.0100294537842274,88860,8,"meta_highrescanopyheight_orthophoto",0.5,"orthophoto_50cm_2025","Vestlandet"
"NINFP2010055706",0.687271655517605,0.0103865382261574,33100,3,"meta_highrescanopyheight_orthophoto",0.5,"orthophoto_50cm_2025","Vestlandet"
"NINFP2410158446",0.340751772182146,0.0107668256387115,28935,4,"meta_highrescanopyheight_orthophoto",0.5,"orthophoto_50cm_2025","Vestlandet"
"NINFP2410159339",0.0100258040369572,0.0100226793438196,25662,4,"meta_highrescanopyheight_orthophoto",0.5,"orthophoto_50cm_2025","Vestlandet"
"NINFP1810044272",3.76084722375662,3.61927020549774,5734,2,"meta_highrescanopyheight_orthophoto",0.5,"orthophoto_50cm_2025","Vestlandet"
"NINFP2010024480",0.0892695604683413,0.010326880030334,35414,3,"meta_highrescanopyheight_orthophoto",0.5,"orthophoto_50cm_2025","Vestlandet"
"NINFP1810027891",0.425937913846325,0.0105044571682811,142133,6,"meta_highrescanopyheight_orthophoto",0.5,"orthophoto_50cm_2025","Vestlandet"
"NINFP1810024707",0.0100878732571426,0.01003940962255,44012,6,"meta_highrescanopyheight_orthophoto",0.5,"orthophoto_50cm_2025","Vestlandet"
"NINFP2110064536",0.0115711405476387,0.0100531196221709,59984,5,"meta_highrescanopyheight_orthophoto",0.5,"orthophoto_50cm_2025","Vestlandet"
"NINFP1810016931",1.82035406866593,0.740014791488647,5074,1,"meta_highrescanopyheight_orthophoto",0.5,"orthophoto_50cm_2025","Vestlandet"
"NINFP2310118133",4.01718348255642,3.98635649681091,64005,4,"meta_highrescanopyheight_orthophoto",0.5,"orthophoto_50cm_2025","Vestlandet"
"NINFP2410162233",0.0232993868992148,0.0101037188433111,84686,7,"meta_highrescanopyheight_orthophoto",0.5,"orthophoto_50cm_2025","Vestlandet"
"NINFP2410183104",0.0674102916262249,0.0111973932944238,16996,4,"meta_highrescanopyheight_orthophoto",0.5,"orthophoto_50cm_2025","Vestlandet"
"NINFP2310118111",0.285268445783406,0.0154216722585261,5352,4,"meta_highrescanopyheight_orthophoto",0.5,"orthophoto_50cm_2025","Vestlandet"
"NINFP2510188029",2.46089424977251,1.64387965202332,11483,1,"meta_highrescanopyheight_orthophoto",0.5,"orthophoto_50cm_2025","Vestlandet"
"NINFP1810017868",0.0304051139874007,0.0102046141400933,47798,7,"meta_highrescanopyheight_orthophoto",0.5,"orthophoto_50cm_2025","Vestlandet"
"NINFP1910035688",1.10476943086155,0.441408693790436,8602,2,"meta_highrescanopyheight_orthophoto",0.5,"orthophoto_50cm_2025","Vestlandet"
"NINFP1810017257",6.52869736631408,6.31151580810547,7852,3,"meta_highrescanopyheight_orthophoto",0.5,"orthophoto_50cm_2025","Vestlandet"
"NINFP2210085401",0.0358840258129381,0.0101014273241162,141698,9,"meta_highrescanopyheight_orthophoto",0.5,"orthophoto_50cm_2025","Vestlandet"
"NINFP1810044102",1.8769565258027,0.22762268781662,423268,17,"meta_highrescanopyheight_orthophoto",0.5,"orthophoto_50cm_2025","Vestlandet"
"NINFP2010021058",0.337771147455092,0.0105852177366614,4541,2,"meta_highrescanopyheight_orthophoto",0.5,"orthophoto_50cm_2025","Vestlandet"
"NINFP1810007374",1.80670113230764,0.575612187385559,16732,4,"meta_highrescanopyheight_orthophoto",0.5,"orthophoto_50cm_2025","Vestlandet"
"NINFP1810044844",0.929365997821638,0.0156036713160574,53510,6,"meta_highrescanopyheight_orthophoto",0.5,"orthophoto_50cm_2025","Vestlandet"
"NINFP2210107979",3.54529935554438,3.16474866867065,6513,2,"meta_highrescanopyheight_orthophoto",0.5,"orthophoto_50cm_2025","Vestlandet"
"NINFP2010015037",3.82833105503197,0.742777645587921,5705,2,"meta_highrescanopyheight_orthophoto",0.5,"orthophoto_50cm_2025","Vestlandet"
"NINFP1910041442",0.113762054997009,0.0187518140301108,6120,1,"meta_highrescanopyheight_orthophoto",0.5,"orthophoto_50cm_2025","Vestlandet"
"NINFP1810016061",0.0119455534057373,0.0100472709164023,36207,4,"meta_highrescanopyheight_orthophoto",0.5,"orthophoto_50cm_2025","Vestlandet"
"NINFP2310118113",2.33318627620719,1.13202917575836,27781,4,"meta_highrescanopyheight_orthophoto",0.5,"orthophoto_50cm_2025","Vestlandet"
"NINFP1810018442",0.0100829093824093,0.0100368242710829,78513,6,"meta_highrescanopyheight_orthophoto",0.5,"orthophoto_50cm_2025","Vestlandet"
"NINFP2010049309",0.320756508553877,0.0102367629297078,4898,2,"meta_highrescanopyheight_orthophoto",0.5,"orthophoto_50cm_2025","Vestlandet"
"NINFP2210082067",0.273624741895075,0.0103288614191115,13528,3,"meta_highrescanopyheight_orthophoto",0.5,"orthophoto_50cm_2025","Vestlandet"
"NINFP2310118143",0.619931135048208,0.0216808505356312,21084,4,"meta_highrescanopyheight_orthophoto",0.5,"orthophoto_50cm_2025","Vestlandet"
"NINFP1810012623",0.0102076602028814,0.0100941881537437,136895,8,"meta_highrescanopyheight_orthophoto",0.5,"orthophoto_50cm_2025","Vestlandet"
"NINFP2010011630",5.79684413838172,5.70275020599365,8211,2,"meta_highrescanopyheight_orthophoto",0.5,"orthophoto_50cm_2025","Vestlandet"
"NINFP2310118890",0.0100434569563253,0.0100266141816974,26841,3,"meta_highrescanopyheight_orthophoto",0.5,"orthophoto_50cm_2025","Vestlandet"
"NINFP2410168186",1.57536816159703,0.331781625747681,13071,4,"meta_highrescanopyheight_orthophoto",0.5,"orthophoto_50cm_2025","Vestlandet"
"NINFP2310140484",0.193830434451791,0.0111058950424194,14929,4,"meta_highrescanopyheight_orthophoto",0.5,"orthophoto_50cm_2025","Vestlandet"
"NINFP2010011202",4.5799568891553,4.22483968734741,4027,1,"meta_highrescanopyheight_orthophoto",0.5,"orthophoto_50cm_2025","Vestlandet"
"NINFP2110044855",0.204846779284106,0.0104995612055063,1825,1,"meta_highrescanopyheight_orthophoto",0.5,"orthophoto_50cm_2025","Vestlandet"
"NINFP1810014065",2.13261770882988,0.48593071103096,4593,1,"meta_highrescanopyheight_orthophoto",0.5,"orthophoto_50cm_2025","Vestlandet"
"NINFP2210081900",0.589751216967956,0.0103571778163314,16800,3,"meta_highrescanopyheight_orthophoto",0.5,"orthophoto_50cm_2025","Vestlandet"
"NINFP2410159803",5.41488490733504,4.98493480682373,1500,2,"meta_highrescanopyheight_orthophoto",0.5,"orthophoto_50cm_2025","Vestlandet"
"NINFP1810039883",4.52184852714862,4.72297501564026,43482,5,"meta_highrescanopyheight_orthophoto",0.5,"orthophoto_50cm_2025","Vestlandet"
"NINFP2010010686",0.750614348909834,0.0289789633825421,8024,3,"meta_highrescanopyheight_orthophoto",0.5,"orthophoto_50cm_2025","Vestlandet"
"NINFP2510201202",0.961512887128521,0.0591638181358576,2170,4,"meta_highrescanopyheight_orthophoto",0.5,"orthophoto_50cm_2025","Vestlandet"
"NINFP2410177226",7.03949837628163,6.63159942626953,4713,2,"meta_highrescanopyheight_orthophoto",0.5,"orthophoto_50cm_2025","Vestlandet"
"NINFP2310134473",0.0103098411646292,0.0102311726659536,13500,3,"meta_highrescanopyheight_orthophoto",0.5,"orthophoto_50cm_2025","Vestlandet"
"NINFP1910053144",0.011591925650867,0.0103713013231754,7683,1,"meta_highrescanopyheight_orthophoto",0.5,"orthophoto_50cm_2025","Vestlandet"
"NINFP2310118628",0.0113756413288845,0.010092212818563,2685,1,"meta_highrescanopyheight_orthophoto",0.5,"orthophoto_50cm_2025","Vestlandet"
"NINFP1910003055",0.0149023331548062,0.0102076507173479,49192,6,"meta_highrescanopyheight_orthophoto",0.5,"orthophoto_50cm_2025","Vestlandet"
"NINFP2310127863",0.31870817701611,0.0131390821188688,3425,2,"meta_highrescanopyheight_orthophoto",0.5,"orthophoto_50cm_2025","Vestlandet"
"NINFP2310130011",0.0209841008137452,0.0103509444743395,75707,5,"meta_highrescanopyheight_orthophoto",0.5,"orthophoto_50cm_2025","Vestlandet"
"NINFP1810037757",0.205063790805157,0.0102634374052286,41017,4,"meta_highrescanopyheight_orthophoto",0.5,"orthophoto_50cm_2025","Vestlandet"
"NINFP2210087074",0.0434457794765138,0.0110182538628578,9358,4,"meta_highrescanopyheight_orthophoto",0.5,"orthophoto_50cm_2025","Vestlandet"
"NINFP2110028906",0.0393682293365571,0.0114439241588116,11079,2,"meta_highrescanopyheight_orthophoto",0.5,"orthophoto_50cm_2025","Vestlandet"
"NINFP1810011064",0.01603866342692,0.0100511400960386,100048,7,"meta_highrescanopyheight_orthophoto",0.5,"orthophoto_50cm_2025","Vestlandet"
"NINFP2510217125",0.072272928288973,0.0106118260882795,43910,4,"meta_highrescanopyheight_orthophoto",0.5,"orthophoto_50cm_2025","Vestlandet"
"NINFP1910041521",3.76591975405839,2.75133395195007,7050,3,"meta_highrescanopyheight_orthophoto",0.5,"orthophoto_50cm_2025","Vestlandet"
"NINFP1810037873",6.20900719846896,6.84373617172241,14291,2,"meta_highrescanopyheight_orthophoto",0.5,"orthophoto_50cm_2025","Vestlandet"
"NINFP2010056433",0.0100816448137793,0.0100440112873912,52952,6,"meta_highrescanopyheight_orthophoto",0.5,"orthophoto_50cm_2025","Vestlandet"
"NINFP1910040047",1.63610384054482,1.43775326013565,80,1,"meta_highrescanopyheight_orthophoto",0.5,"orthophoto_50cm_2025","Vestlandet"
"NINFP2510196888",0.0353051076498508,0.01010737195611,144565,10,"meta_highrescanopyheight_orthophoto",0.5,"orthophoto_50cm_2025","Vestlandet"
"NINFP2310123238",6.29246875536663,6.67782640457153,4812,1,"meta_highrescanopyheight_orthophoto",0.5,"orthophoto_50cm_2025","Vestlandet"
"NINFP1810011330",0.0100386674358038,0.0100323455408216,105371,9,"meta_highrescanopyheight_orthophoto",0.5,"orthophoto_50cm_2025","Vestlandet"
"NINFP2010023906",6.71411257690154,7.3876941204071,5572,1,"meta_highrescanopyheight_orthophoto",0.5,"orthophoto_50cm_2025","Vestlandet"
"NINFP2110038334",0.0434997180036566,0.0108052012510598,12592,3,"meta_highrescanopyheight_orthophoto",0.5,"orthophoto_50cm_2025","Vestlandet"
"NINFP1810046378",3.89579870985162,3.79005455970764,7131,3,"meta_highrescanopyheight_orthophoto",0.5,"orthophoto_50cm_2025","Vestlandet"
"NINFP2010022614",0.0105998670869184,0.0103002050891519,11931,3,"meta_highrescanopyheight_orthophoto",0.5,"orthophoto_50cm_2025","Vestlandet"
"NINFP1810046631",6.92819758264396,6.91061210632324,2447,1,"meta_highrescanopyheight_orthophoto",0.5,"orthophoto_50cm_2025","Vestlandet"
"NINFP1810043866",2.95469402805826,1.97200220823288,4554,2,"meta_highrescanopyheight_orthophoto",0.5,"orthophoto_50cm_2025","Vestlandet"
"NINFP1810014996",3.39643202472157,3.15388584136963,19640,2,"meta_highrescanopyheight_orthophoto",0.5,"orthophoto_50cm_2025","Vestlandet"
"NINFP1910044942",0.116461227263459,0.0118319932371378,5990,2,"meta_highrescanopyheight_orthophoto",0.5,"orthophoto_50cm_2025","Vestlandet"
"NINFP2410156727",0.596378963352968,0.0273210164159536,7562,1,"meta_highrescanopyheight_orthophoto",0.5,"orthophoto_50cm_2025","Vestlandet"
"NINFP2210096395",0.0369319390834799,0.010210077278316,29582,4,"meta_highrescanopyheight_orthophoto",0.5,"orthophoto_50cm_2025","Vestlandet"
"NINFP2310117872",0.387893277073283,0.0109439250081778,16665,2,"meta_highrescanopyheight_orthophoto",0.5,"orthophoto_50cm_2025","Vestlandet"
"NINFP1910001967",3.09747924783458,2.11015319824219,4615,2,"meta_highrescanopyheight_orthophoto",0.5,"orthophoto_50cm_2025","Vestlandet"
"NINFP2310123260",0.0100601889759279,0.0100368112325668,227743,15,"meta_highrescanopyheight_orthophoto",0.5,"orthophoto_50cm_2025","Vestlandet"
"NINFP2310140485",0.457045461600351,0.0109202265739441,14791,1,"meta_highrescanopyheight_orthophoto",0.5,"orthophoto_50cm_2025","Vestlandet"
"NINFP2010011679",5.52469787872626,4.80036163330078,5785,2,"meta_highrescanopyheight_orthophoto",0.5,"orthophoto_50cm_2025","Vestlandet"
"NINFP1810002255",0.341374373593936,0.0103966412134469,266296,15,"meta_highrescanopyheight_orthophoto",0.5,"orthophoto_50cm_2025","Vestlandet"
"NINFP2110023606",0.0102399521520573,0.010035075712949,15744,2,"meta_highrescanopyheight_orthophoto",0.5,"orthophoto_50cm_2025","Vestlandet"
"NINFP2010008992",6.60003797747095,6.92199850082397,31870,3,"meta_highrescanopyheight_orthophoto",0.5,"orthophoto_50cm_2025","Vestlandet"
"NINFP2410154782",0.0169113351948427,0.0100535470992327,101413,6,"meta_highrescanopyheight_orthophoto",0.5,"orthophoto_50cm_2025","Vestlandet"
"NINFP1910037418",2.82120375567061,1.01828002929688,8216,3,"meta_highrescanopyheight_orthophoto",0.5,"orthophoto_50cm_2025","Vestlandet"
"NINFP2210083248",0.265372201976942,0.0134452534839511,1387,2,"meta_highrescanopyheight_orthophoto",0.5,"orthophoto_50cm_2025","Vestlandet"
"NINFP1810045310",4.56046220102386,5.30831432342529,4511,2,"meta_highrescanopyheight_orthophoto",0.5,"orthophoto_50cm_2025","Vestlandet"
"NINFP2210076176",2.15278993286025,0.063276395201683,7896,2,"meta_highrescanopyheight_orthophoto",0.5,"orthophoto_50cm_2025","Vestlandet"
"NINFP1810017679",0.0329933305831117,0.0100846299901605,25317,4,"meta_highrescanopyheight_orthophoto",0.5,"orthophoto_50cm_2025","Vestlandet"
"NINFP1910029106",0.339780966502135,0.0162377152591944,61948,5,"meta_highrescanopyheight_orthophoto",0.5,"orthophoto_50cm_2025","Vestlandet"
"NINFP2110007629",0.0104933300302711,0.0100576407276094,9172,2,"meta_highrescanopyheight_orthophoto",0.5,"orthophoto_50cm_2025","Vestlandet"
"NINFP1810011491",0.0100323665542356,0.0100235790014267,201829,11,"meta_highrescanopyheight_orthophoto",0.5,"orthophoto_50cm_2025","Vestlandet"
"NINFP1910059302",0.131387001811419,0.0102771096862853,56578,6,"meta_highrescanopyheight_orthophoto",0.5,"orthophoto_50cm_2025","Vestlandet"
"NINFP2310118165",2.11153860217213,1.17660069465637,9971,2,"meta_highrescanopyheight_orthophoto",0.5,"orthophoto_50cm_2025","Vestlandet"
"NINFP1910035896",0.680437159216909,0.022216372191906,14437,4,"meta_highrescanopyheight_orthophoto",0.5,"orthophoto_50cm_2025","Vestlandet"
"NINFP2210110556",0.010025894203978,0.0100253019481897,6169,2,"meta_highrescanopyheight_orthophoto",0.5,"orthophoto_50cm_2025","Vestlandet"
"NINFP2110015445",5.73967663506122,6.17008590698242,7443,2,"meta_highrescanopyheight_orthophoto",0.5,"orthophoto_50cm_2025","Vestlandet"
"NINFP2010057384",0.0105707209690088,0.0102318469434977,10534,1,"meta_highrescanopyheight_orthophoto",0.5,"orthophoto_50cm_2025","Vestlandet"
"NINFP2010022139",1.76331936329098,0.951021909713745,4043,1,"meta_highrescanopyheight_orthophoto",0.5,"orthophoto_50cm_2025","Vestlandet"
"NINFP1910025133",6.31186072167841,6.26051187515259,7477,2,"meta_highrescanopyheight_orthophoto",0.5,"orthophoto_50cm_2025","Vestlandet"
"NINFP1910003075",0.0121146199140451,0.0113369757309556,4511,2,"meta_highrescanopyheight_orthophoto",0.5,"orthophoto_50cm_2025","Vestlandet"
"NINFP1810007327",0.262910696726765,0.0107052433304489,42832,5,"meta_highrescanopyheight_orthophoto",0.5,"orthophoto_50cm_2025","Vestlandet"
"NINFP1810016302",4.77892035802872,4.8170108795166,5126,4,"meta_highrescanopyheight_orthophoto",0.5,"orthophoto_50cm_2025","Vestlandet"
"NINFP2410163385",0.0101030938016462,0.0100836055353284,61461,3,"meta_highrescanopyheight_orthophoto",0.5,"orthophoto_50cm_2025","Vestlandet"
"NINFP2510192913",0.123973170175006,0.0102356066927314,23215,2,"meta_highrescanopyheight_orthophoto",0.5,"orthophoto_50cm_2025","Vestlandet"
"NINFP1910016563",0.0117738106463616,0.0100507116876543,13938,4,"meta_highrescanopyheight_orthophoto",0.5,"orthophoto_50cm_2025","Vestlandet"
"NINFP2210081883",0.720435793814981,0.0103616723790765,126835,7,"meta_highrescanopyheight_orthophoto",0.5,"orthophoto_50cm_2025","Vestlandet"
"NINFP2310118258",0.538879734967914,0.0258457232266665,6012,2,"meta_highrescanopyheight_orthophoto",0.5,"orthophoto_50cm_2025","Vestlandet"
"NINFP2510211565",0.0100306441743053,0.0100206080824137,39385,4,"meta_highrescanopyheight_orthophoto",0.5,"orthophoto_50cm_2025","Vestlandet"
"NINFP1810016447",0.0100154916861706,0.0100147221237421,29862,3,"meta_highrescanopyheight_orthophoto",0.5,"orthophoto_50cm_2025","Vestlandet"
"NINFP2010018046",0.41852461242461,0.0106316572055221,75785,6,"meta_highrescanopyheight_orthophoto",0.5,"orthophoto_50cm_2025","Vestlandet"
"NINFP2210101064",0.0155060977991241,0.010385817848146,12246,2,"meta_highrescanopyheight_orthophoto",0.5,"orthophoto_50cm_2025","Vestlandet"
"NINFP2510213102",0.163452680706974,0.0101272063329816,27081,4,"meta_highrescanopyheight_orthophoto",0.5,"orthophoto_50cm_2025","Vestlandet"
"NINFP1810043496",0.785762747567694,0.1650520414114,20275,2,"meta_highrescanopyheight_orthophoto",0.5,"orthophoto_50cm_2025","Vestlandet"
"NINFP1910029046",0.215938109673173,0.0170186115428805,8518,2,"meta_highrescanopyheight_orthophoto",0.5,"orthophoto_50cm_2025","Vestlandet"
"NINFP2410184134",3.13807175880569,0.655168205499649,14674,4,"meta_highrescanopyheight_orthophoto",0.5,"orthophoto_50cm_2025","Vestlandet"
"NINFP1910002119",4.19146220125258,4.93990206718445,80,1,"meta_highrescanopyheight_orthophoto",0.5,"orthophoto_50cm_2025","Vestlandet"
"NINFP1810013772",0.0264588578499611,0.0100220125168562,157438,8,"meta_highrescanopyheight_orthophoto",0.5,"orthophoto_50cm_2025","Vestlandet"
"NINFP2410184137",0.526577340050357,0.0257498808205128,5179,2,"meta_highrescanopyheight_orthophoto",0.5,"orthophoto_50cm_2025","Vestlandet"
"NINFP1910029111",0.280677432875737,0.0192386722192168,27194,4,"meta_highrescanopyheight_orthophoto",0.5,"orthophoto_50cm_2025","Vestlandet"
"NINFP2310119152",0.0100956267299371,0.0100818574428558,9161,1,"meta_highrescanopyheight_orthophoto",0.5,"orthophoto_50cm_2025","Vestlandet"
"NINFP1910001904",5.86019012452889,5.78068518638611,10468,3,"meta_highrescanopyheight_orthophoto",0.5,"orthophoto_50cm_2025","Vestlandet"
"NINFP2310136566",0.180328956234623,0.0111090275458992,19890,2,"meta_highrescanopyheight_orthophoto",0.5,"orthophoto_50cm_2025","Vestlandet"
"NINFP1810037866",3.87527435769755,3.55250716209412,6360,1,"meta_highrescanopyheight_orthophoto",0.5,"orthophoto_50cm_2025","Vestlandet"
"NINFP1810014836",2.79991066317378,1.16003239154816,12625,4,"meta_highrescanopyheight_orthophoto",0.5,"orthophoto_50cm_2025","Vestlandet"
"NINFP1910053294",0.0155305973967943,0.0115323355421424,5780,2,"meta_highrescanopyheight_orthophoto",0.5,"orthophoto_50cm_2025","Vestlandet"
"NINFP1910020946",1.95284758787311,0.543791770935059,8643,2,"meta_highrescanopyheight_orthophoto",0.5,"orthophoto_50cm_2025","Vestlandet"
"NINFP1810042949",0.579011415473761,0.0139448195695877,4589,3,"meta_highrescanopyheight_orthophoto",0.5,"orthophoto_50cm_2025","Vestlandet"
"NINFP2310124669",5.02183382032416,5.08776426315308,8502,2,"meta_highrescanopyheight_orthophoto",0.5,"orthophoto_50cm_2025","Vestlandet"
"NINFP2310123262",0.0100651846619736,0.0100360382348299,240155,11,"meta_highrescanopyheight_orthophoto",0.5,"orthophoto_50cm_2025","Vestlandet"
"NINFP2310119677",0.0100454998720922,0.0100244386121631,187197,11,"meta_highrescanopyheight_orthophoto",0.5,"orthophoto_50cm_2025","Vestlandet"
"NINFP2310140170",1.01199917267218,0.0114224590361118,30070,4,"meta_highrescanopyheight_orthophoto",0.5,"orthophoto_50cm_2025","Vestlandet"
"NINFP2410169809",0.0254355944332787,0.0102678351104259,5423,2,"meta_highrescanopyheight_orthophoto",0.5,"orthophoto_50cm_2025","Vestlandet"
"NINFP1810017260",7.70866492481824,8.23621845245361,8015,2,"meta_highrescanopyheight_orthophoto",0.5,"orthophoto_50cm_2025","Vestlandet"
"NINFP2110055040",0.0331833286890196,0.0100563364103436,5399,2,"meta_highrescanopyheight_orthophoto",0.5,"orthophoto_50cm_2025","Vestlandet"
"NINFP2410168229",1.24769355115407,0.300424158573151,18125,3,"meta_highrescanopyheight_orthophoto",0.5,"orthophoto_50cm_2025","Vestlandet"
"NINFP2010022616",0.0104782990907363,0.0102466261014342,28545,6,"meta_highrescanopyheight_orthophoto",0.5,"orthophoto_50cm_2025","Vestlandet"
"NINFP2310146629",2.93522065630848,0.698623657226562,13712,3,"meta_highrescanopyheight_orthophoto",0.5,"orthophoto_50cm_2025","Vestlandet"
"NINFP1910038766",0.164170363338196,0.0103638144209981,30289,4,"meta_highrescanopyheight_orthophoto",0.5,"orthophoto_50cm_2025","Vestlandet"
"NINFP1810045544",2.09644450305765,0.516119211912155,4668,1,"meta_highrescanopyheight_orthophoto",0.5,"orthophoto_50cm_2025","Vestlandet"
"NINFP1810014087",0.0127828982909937,0.0102703934535384,5801,4,"meta_highrescanopyheight_orthophoto",0.5,"orthophoto_50cm_2025","Vestlandet"
"NINFP2310125067",2.79626268570993,1.69537377357483,82003,6,"meta_highrescanopyheight_orthophoto",0.5,"orthophoto_50cm_2025","Vestlandet"
"NINFP2010017983",1.08328452839425,0.052381681278348,31222,6,"meta_highrescanopyheight_orthophoto",0.5,"orthophoto_50cm_2025","Vestlandet"
"NINFP2010022627",0.0995779507047443,0.0104090673848987,5861,2,"meta_highrescanopyheight_orthophoto",0.5,"orthophoto_50cm_2025","Vestlandet"
"NINFP2310118323",3.28301873233954,3.08991003036499,9563,2,"meta_highrescanopyheight_orthophoto",0.5,"orthophoto_50cm_2025","Vestlandet"
"NINFP2310116253",0.0955718140593578,0.0105560049414635,5029,4,"meta_highrescanopyheight_orthophoto",0.5,"orthophoto_50cm_2025","Vestlandet"
"NINFP2510196950",5.78967489595292,4.93412160873413,32291,3,"meta_highrescanopyheight_orthophoto",0.5,"orthophoto_50cm_2025","Vestlandet"
"NINFP1810045699",0.0110272577872743,0.0100459549576044,72039,6,"meta_highrescanopyheight_orthophoto",0.5,"orthophoto_50cm_2025","Vestlandet"
"NINFP2210088673",0.024839575289292,0.0105264429003,5556,4,"meta_highrescanopyheight_orthophoto",0.5,"orthophoto_50cm_2025","Vestlandet"
"NINFP2410169515",2.73481761870038,2.04040956497192,12455,2,"meta_highrescanopyheight_orthophoto",0.5,"orthophoto_50cm_2025","Vestlandet"
"NINFP2210095829",0.0113890357132144,0.0102081019431353,37731,3,"meta_highrescanopyheight_orthophoto",0.5,"orthophoto_50cm_2025","Vestlandet"
"NINFP1910038272",1.75629701885259,0.598680555820465,16925,5,"meta_highrescanopyheight_orthophoto",0.5,"orthophoto_50cm_2025","Vestlandet"
"NINFP1810021054",0.0843477624336678,0.0101155331358314,89461,6,"meta_highrescanopyheight_orthophoto",0.5,"orthophoto_50cm_2025","Vestlandet"
"NINFP1810029020",0.151916411647296,0.0108031406998634,42811,5,"meta_highrescanopyheight_orthophoto",0.5,"orthophoto_50cm_2025","Vestlandet"
"NINFP2010016429",0.444146995643669,0.0142797417938709,14341,4,"meta_highrescanopyheight_orthophoto",0.5,"orthophoto_50cm_2025","Vestlandet"
"NINFP2110023564",0.185829845788083,0.0111334528774023,96963,6,"meta_highrescanopyheight_orthophoto",0.5,"orthophoto_50cm_2025","Vestlandet"
"NINFP2110023595",0.0102641641805252,0.0101858116686344,7918,2,"meta_highrescanopyheight_orthophoto",0.5,"orthophoto_50cm_2025","Vestlandet"
"NINFP1810006883",0.0101061803886508,0.0100218327715993,51361,4,"meta_highrescanopyheight_orthophoto",0.5,"orthophoto_50cm_2025","Vestlandet"
"NINFP1910058402",6.76402606925362,6.73495435714722,7568,2,"meta_highrescanopyheight_orthophoto",0.5,"orthophoto_50cm_2025","Vestlandet"
"NINFP1810037761",0.0373354440429733,0.0103135532699525,12106,2,"meta_highrescanopyheight_orthophoto",0.5,"orthophoto_50cm_2025","Vestlandet"
"NINFP2110071465",0.113303314501552,0.010453840252012,23470,4,"meta_highrescanopyheight_orthophoto",0.5,"orthophoto_50cm_2025","Vestlandet"
"NINFP2510205556",0.204567106139909,0.0109040839597583,5416,2,"meta_highrescanopyheight_orthophoto",0.5,"orthophoto_50cm_2025","Vestlandet"
"NINFP2510215174",0.0799557148675068,0.0101763885468245,38617,4,"meta_highrescanopyheight_orthophoto",0.5,"orthophoto_50cm_2025","Vestlandet"
"NINFP2310135218",0.0102737630623327,0.0101210623979568,8499,2,"meta_highrescanopyheight_orthophoto",0.5,"orthophoto_50cm_2025","Vestlandet"
"NINFP2110016512",0.0552062274505642,0.01025172136724,9885,2,"meta_highrescanopyheight_orthophoto",0.5,"orthophoto_50cm_2025","Vestlandet"
"NINFP2210088449",0.131555562227321,0.0101582985371351,26029,4,"meta_highrescanopyheight_orthophoto",0.5,"orthophoto_50cm_2025","Vestlandet"
"NINFP2410167563",0.0738593524308152,0.0116334892809391,5008,4,"meta_highrescanopyheight_orthophoto",0.5,"orthophoto_50cm_2025","Vestlandet"
"NINFP1810046385",1.80619809282082,0.296228066086769,5688,2,"meta_highrescanopyheight_orthophoto",0.5,"orthophoto_50cm_2025","Vestlandet"
"NINFP2310114871",0.19441810442621,0.0102704204618931,19181,4,"meta_highrescanopyheight_orthophoto",0.5,"orthophoto_50cm_2025","Vestlandet"
"NINFP2310120618",0.198793554158208,0.0106954425573349,6173,2,"meta_highrescanopyheight_orthophoto",0.5,"orthophoto_50cm_2025","Vestlandet"
"NINFP2310124820",1.56763663356454,0.224136255681515,4532,2,"meta_highrescanopyheight_orthophoto",0.5,"orthophoto_50cm_2025","Vestlandet"
"NINFP1810021068",0.0105652501352004,0.0101521625183523,95588,8,"meta_highrescanopyheight_orthophoto",0.5,"orthophoto_50cm_2025","Vestlandet"
"NINFP1810037774",0.0130021953586788,0.0102090267464519,17312,4,"meta_highrescanopyheight_orthophoto",0.5,"orthophoto_50cm_2025","Vestlandet"
"NINFP2210078177",1.07441542483039,0.0108581036329269,3151,3,"meta_highrescanopyheight_orthophoto",0.5,"orthophoto_50cm_2025","Vestlandet"
"NINFP2110044845",0.0101263770113596,0.0100671108812094,16572,3,"meta_highrescanopyheight_orthophoto",0.5,"orthophoto_50cm_2025","Vestlandet"
"NINFP2310123259",0.010053732043841,0.0100367413833737,51987,4,"meta_highrescanopyheight_orthophoto",0.5,"orthophoto_50cm_2025","Vestlandet"
"NINFP1810010302",5.20993814223415,5.00104212760925,7398,3,"meta_highrescanopyheight_orthophoto",0.5,"orthophoto_50cm_2025","Vestlandet"
"NINFP1810006728",0.0134720624070763,0.0101000061258674,10407,3,"meta_highrescanopyheight_orthophoto",0.5,"orthophoto_50cm_2025","Vestlandet"
"NINFP1810007546",3.80662803631124,1.96990364789963,8610,2,"meta_highrescanopyheight_orthophoto",0.5,"orthophoto_50cm_2025","Vestlandet"
"NINFP2010019738",1.19367209358462,0.0244061481207609,21407,3,"meta_highrescanopyheight_orthophoto",0.5,"orthophoto_50cm_2025","Vestlandet"
"NINFP1810007316",5.21678771403185,5.57784748077393,14439,3,"meta_highrescanopyheight_orthophoto",0.5,"orthophoto_50cm_2025","Vestlandet"
"NINFP2110069475",1.99098007638256,0.879501700401306,11094,1,"meta_highrescanopyheight_orthophoto",0.5,"orthophoto_50cm_2025","Vestlandet"
"NINFP2310122435",0.389502441224217,0.0107858227565885,44686,4,"meta_highrescanopyheight_orthophoto",0.5,"orthophoto_50cm_2025","Vestlandet"
"NINFP2010024486",0.107270266807737,0.0109915882349014,16065,4,"meta_highrescanopyheight_orthophoto",0.5,"orthophoto_50cm_2025","Vestlandet"
"NINFP2210085757",1.58310658179371,0.491090774536133,74593,7,"meta_highrescanopyheight_orthophoto",0.5,"orthophoto_50cm_2025","Vestlandet"
"NINFP1810018325",0.010080476797299,0.0100379986688495,31991,2,"meta_highrescanopyheight_orthophoto",0.5,"orthophoto_50cm_2025","Vestlandet"
"NINFP2210108191",1.57221313948887,0.692358583211899,48644,5,"meta_highrescanopyheight_orthophoto",0.5,"orthophoto_50cm_2025","Vestlandet"
"NINFP2210105286",0.010337773710113,0.0100812464952469,66837,4,"meta_highrescanopyheight_orthophoto",0.5,"orthophoto_50cm_2025","Vestlandet"
"NINFP2110045296",0.0100955075301704,0.0100655425339937,68806,4,"meta_highrescanopyheight_orthophoto",0.5,"orthophoto_50cm_2025","Vestlandet"
"NINFP2010022265",2.5493287569848,0.966222286224365,29154,2,"meta_highrescanopyheight_orthophoto",0.5,"orthophoto_50cm_2025","Vestlandet"
"NINFP1910041552",6.06553098619803,5.92648673057556,9026,3,"meta_highrescanopyheight_orthophoto",0.5,"orthophoto_50cm_2025","Vestlandet"
"NINFP1810016294",0.538133751340135,0.0119149340316653,63046,5,"meta_highrescanopyheight_orthophoto",0.5,"orthophoto_50cm_2025","Vestlandet"
"NINFP2510200943",0.0101295576057695,0.0100502017885447,142645,10,"meta_highrescanopyheight_orthophoto",0.5,"orthophoto_50cm_2025","Vestlandet"
"NINFP2010034239",5.3848116759743,5.65120196342468,1764,1,"meta_highrescanopyheight_orthophoto",0.5,"orthophoto_50cm_2025","Vestlandet"
"NINFP2410159120",7.57464442060316,7.74343276023865,210250,13,"meta_highrescanopyheight_orthophoto",0.5,"orthophoto_50cm_2025","Vestlandet"
"NINFP1810017658",0.73801797370732,0.0285476772114635,40226,3,"meta_highrescanopyheight_orthophoto",0.5,"orthophoto_50cm_2025","Vestlandet"
"NINFP2010017941",0.0176701779179333,0.0106568690389395,12293,2,"meta_highrescanopyheight_orthophoto",0.5,"orthophoto_50cm_2025","Vestlandet"
"NINFP2210113041",0.928080397448165,0.203055813908577,16875,5,"meta_highrescanopyheight_orthophoto",0.5,"orthophoto_50cm_2025","Vestlandet"
"NINFP2010018045",0.0278246767368353,0.0103070130571723,13303,2,"meta_highrescanopyheight_orthophoto",0.5,"orthophoto_50cm_2025","Vestlandet"
"NINFP2010022624",0.0118385705161083,0.0106409233994782,5402,2,"meta_highrescanopyheight_orthophoto",0.5,"orthophoto_50cm_2025","Vestlandet"
"NINFP2010037948",3.66012535264858,2.65923023223877,15127,3,"meta_highrescanopyheight_orthophoto",0.5,"orthophoto_50cm_2025","Vestlandet"
"NINFP2410163595",0.0101429131971686,0.0100692803971469,10752,2,"meta_highrescanopyheight_orthophoto",0.5,"orthophoto_50cm_2025","Vestlandet"
"NINFP1910016568",0.0101054927365623,0.0100609604269266,10429,1,"meta_highrescanopyheight_orthophoto",0.5,"orthophoto_50cm_2025","Vestlandet"
"NINFP1810006731",0.04623778156821,0.0100865131244063,130520,7,"meta_highrescanopyheight_orthophoto",0.5,"orthophoto_50cm_2025","Vestlandet"
"NINFP1810005095",0.872023264867239,0.0436462983489037,24056,2,"meta_highrescanopyheight_orthophoto",0.5,"orthophoto_50cm_2025","Vestlandet"
"NINFP1910044948",0.029549374816324,0.011418966576457,4363,1,"meta_highrescanopyheight_orthophoto",0.5,"orthophoto_50cm_2025","Vestlandet"
"NINFP2110011027",0.952051496126354,0.0219419989734888,26497,4,"meta_highrescanopyheight_orthophoto",0.5,"orthophoto_50cm_2025","Vestlandet"
"NINFP2110022833",0.0100977200851355,0.0100653022527695,5483,4,"meta_highrescanopyheight_orthophoto",0.5,"orthophoto_50cm_2025","Vestlandet"
"NINFP1910005788",0.0697643903233711,0.0100747598335147,55016,5,"meta_highrescanopyheight_orthophoto",0.5,"orthophoto_50cm_2025","Vestlandet"
"NINFP2210106630",3.62120461631679,3.12239837646484,9447,3,"meta_highrescanopyheight_orthophoto",0.5,"orthophoto_50cm_2025","Vestlandet"
"NINFP2510186832",1.03153651382116,0.0454045664519072,9452,2,"meta_highrescanopyheight_orthophoto",0.5,"orthophoto_50cm_2025","Vestlandet"
"NINFP2110023599",0.010099322643918,0.0100817643105984,5794,2,"meta_highrescanopyheight_orthophoto",0.5,"orthophoto_50cm_2025","Vestlandet"
"NINFP2110036971",0.02503550696009,0.0101636536419392,36395,8,"meta_highrescanopyheight_orthophoto",0.5,"orthophoto_50cm_2025","Vestlandet"
"NINFP1910007385",0.0160328778584453,0.0102129485458136,11181,2,"meta_highrescanopyheight_orthophoto",0.5,"orthophoto_50cm_2025","Vestlandet"
"NINFP2010003335",0.0190258159007743,0.0100383423268795,13380,3,"meta_highrescanopyheight_orthophoto",0.5,"orthophoto_50cm_2025","Vestlandet"
"NINFP2410168359",0.46487410589838,0.0295001501217484,8768,3,"meta_highrescanopyheight_orthophoto",0.5,"orthophoto_50cm_2025","Vestlandet"
"NINFP2310118179",1.76075662700373,0.260354742407799,20276,3,"meta_highrescanopyheight_orthophoto",0.5,"orthophoto_50cm_2025","Vestlandet"
"NINFP2310123916",0.0106497771671543,0.0103334607556462,5017,3,"meta_highrescanopyheight_orthophoto",0.5,"orthophoto_50cm_2025","Vestlandet"
"NINFP2210085014",4.86679460949389,4.29914283752441,4053,2,"meta_highrescanopyheight_orthophoto",0.5,"orthophoto_50cm_2025","Vestlandet"
"NINFP1910021161",0.724157876230351,0.0242817169055343,41358,5,"meta_highrescanopyheight_orthophoto",0.5,"orthophoto_50cm_2025","Vestlandet"
"NINFP2110047449",0.010419145286458,0.0101149035617709,16459,4,"meta_highrescanopyheight_orthophoto",0.5,"orthophoto_50cm_2025","Vestlandet"
"NINFP2010017397",0.0424477827059601,0.0101401135325432,146591,9,"meta_highrescanopyheight_orthophoto",0.5,"orthophoto_50cm_2025","Vestlandet"
"NINFP1910035693",3.34270958752023,2.2407386302948,53065,8,"meta_highrescanopyheight_orthophoto",0.5,"orthophoto_50cm_2025","Vestlandet"
"NINFP2010019739",0.92764330686706,0.079334270209074,7630,2,"meta_highrescanopyheight_orthophoto",0.5,"orthophoto_50cm_2025","Vestlandet"
"NINFP2310120681",0.706214853019459,0.0238440912216902,32906,3,"meta_highrescanopyheight_orthophoto",0.5,"orthophoto_50cm_2025","Vestlandet"
"NINFP2510215173",0.0100540429451139,0.0100504420697689,52787,4,"meta_highrescanopyheight_orthophoto",0.5,"orthophoto_50cm_2025","Vestlandet"
"NINFP2310118622",0.0100659605991465,0.0100633148103952,2265,2,"meta_highrescanopyheight_orthophoto",0.5,"orthophoto_50cm_2025","Vestlandet"
"NINFP2110023623",0.0101177845340315,0.0101168425753713,4586,2,"meta_highrescanopyheight_orthophoto",0.5,"orthophoto_50cm_2025","Vestlandet"
"NINFP2210099440",3.59566957135802,1.85912531614304,2458,2,"meta_highrescanopyheight_orthophoto",0.5,"orthophoto_50cm_2025","Vestlandet"
"NINFP2110053681",0.01014070789382,0.0100618684664369,14515,4,"meta_highrescanopyheight_orthophoto",0.5,"orthophoto_50cm_2025","Vestlandet"
"NINFP1810013859",0.010044816197513,0.0100357504561543,5443,1,"meta_highrescanopyheight_orthophoto",0.5,"orthophoto_50cm_2025","Vestlandet"
"NINFP1910041516",5.80056057941045,5.94507169723511,14847,3,"meta_highrescanopyheight_orthophoto",0.5,"orthophoto_50cm_2025","Vestlandet"
"NINFP2510205513",0.201406341830904,0.0118071725592017,9573,2,"meta_highrescanopyheight_orthophoto",0.5,"orthophoto_50cm_2025","Vestlandet"
"NINFP2210103281",0.178494410390976,0.0106172617524862,40387,5,"meta_highrescanopyheight_orthophoto",0.5,"orthophoto_50cm_2025","Vestlandet"
"NINFP2310121846",0.0144169358813564,0.0105689209885895,6658,2,"meta_highrescanopyheight_orthophoto",0.5,"orthophoto_50cm_2025","Vestlandet"
"NINFP2010021694",2.75471216924574,1.72332692146301,1309,2,"meta_highrescanopyheight_orthophoto",0.5,"orthophoto_50cm_2025","Vestlandet"
"NINFP2210107976",3.7444591547386,3.80009913444519,15655,2,"meta_highrescanopyheight_orthophoto",0.5,"orthophoto_50cm_2025","Vestlandet"
"NINFP2110072659",0.816043313663403,0.0519428458064795,463496,20,"meta_highrescanopyheight_orthophoto",0.5,"orthophoto_50cm_2025","Vestlandet"
"NINFP2310130976",0.461132439494135,0.0136413034051657,141017,11,"meta_highrescanopyheight_orthophoto",0.5,"orthophoto_50cm_2025","Vestlandet"
"NINFP1910002431",0.0309406007954222,0.0102904308587313,3507,1,"meta_highrescanopyheight_orthophoto",0.5,"orthophoto_50cm_2025","Vestlandet"
"NINFP1810016396",0.758590183519734,0.0131551530212164,5340,2,"meta_highrescanopyheight_orthophoto",0.5,"orthophoto_50cm_2025","Vestlandet"
"NINFP2010031037",0.0537416632928298,0.0203014444559813,10859,1,"meta_highrescanopyheight_orthophoto",0.5,"orthophoto_50cm_2025","Vestlandet"
"NINFP2410163787",0.0102952739539191,0.0100829117000103,11122,3,"meta_highrescanopyheight_orthophoto",0.5,"orthophoto_50cm_2025","Vestlandet"
"NINFP2410182793",5.5771369451126,6.12348604202271,13371,2,"meta_highrescanopyheight_orthophoto",0.5,"orthophoto_50cm_2025","Vestlandet"
"NINFP2210075603",6.60045890121205,6.81275463104248,8158,3,"meta_highrescanopyheight_orthophoto",0.5,"orthophoto_50cm_2025","Vestlandet"
"NINFP1910016294",0.0494847270168778,0.0102725550532341,78951,7,"meta_highrescanopyheight_orthophoto",0.5,"orthophoto_50cm_2025","Vestlandet"
"NINFP1910004006",1.04360275090584,0.0142436791211367,5300,2,"meta_highrescanopyheight_orthophoto",0.5,"orthophoto_50cm_2025","Vestlandet"
"NINFP2210083250",0.808122127905962,0.0108500989153981,9339,4,"meta_highrescanopyheight_orthophoto",0.5,"orthophoto_50cm_2025","Vestlandet"
"NINFP2010023938",0.014140569016721,0.010261494666338,28612,3,"meta_highrescanopyheight_orthophoto",0.5,"orthophoto_50cm_2025","Vestlandet"
"NINFP2010055708",0.0154680450238913,0.0105052744038403,15466,2,"meta_highrescanopyheight_orthophoto",0.5,"orthophoto_50cm_2025","Vestlandet"
"NINFP2310120594",0.194866641255294,0.0109007335267961,2888,2,"meta_highrescanopyheight_orthophoto",0.5,"orthophoto_50cm_2025","Vestlandet"
"NINFP1810042950",1.00183955295253,0.0152206132188439,5714,4,"meta_highrescanopyheight_orthophoto",0.5,"orthophoto_50cm_2025","Vestlandet"
"NINFP1810004683",0.304240636378527,0.0109071284532547,46775,5,"meta_highrescanopyheight_orthophoto",0.5,"orthophoto_50cm_2025","Vestlandet"
"NINFP1810010306",0.781780735227793,0.013159416615963,40443,5,"meta_highrescanopyheight_orthophoto",0.5,"orthophoto_50cm_2025","Vestlandet"
"NINFP2010014057",3.19174885455027,1.51003420352936,5052,2,"meta_highrescanopyheight_orthophoto",0.5,"orthophoto_50cm_2025","Vestlandet"
"NINFP2510217226",0.2877832758672,0.0111162401735783,3787,1,"meta_highrescanopyheight_orthophoto",0.5,"orthophoto_50cm_2025","Vestlandet"
"NINFP1910048323",0.0518573696678224,0.0106229865923524,6819,2,"meta_highrescanopyheight_orthophoto",0.5,"orthophoto_50cm_2025","Vestlandet"
"NINFP2010013008",0.0104621277278753,0.0102901356294751,10233,4,"meta_highrescanopyheight_orthophoto",0.5,"orthophoto_50cm_2025","Vestlandet"
"NINFP2310118558",0.0100598982887581,0.0100576160475612,3992,1,"meta_highrescanopyheight_orthophoto",0.5,"orthophoto_50cm_2025","Vestlandet"
"NINFP2410168897",3.79666101447504,3.05351209640503,22157,4,"meta_highrescanopyheight_orthophoto",0.5,"orthophoto_50cm_2025","Vestlandet"
"NINFP2110066030",0.300892139915951,0.0124342236667871,15873,2,"meta_highrescanopyheight_orthophoto",0.5,"orthophoto_50cm_2025","Vestlandet"
"NINFP2210080435",0.0114986322338945,0.0100673185661435,29679,3,"meta_highrescanopyheight_orthophoto",0.5,"orthophoto_50cm_2025","Vestlandet"
"NINFP1810015760",0.113938484659949,0.0100285364314914,41863,5,"meta_highrescanopyheight_orthophoto",0.5,"orthophoto_50cm_2025","Vestlandet"
"NINFP2110009099",0.361154315980488,0.0108110383152962,492527,22,"meta_highrescanopyheight_orthophoto",0.5,"orthophoto_50cm_2025","Vestlandet"
"NINFP2310114645",0.0101615530716402,0.0100436909124255,32181,4,"meta_highrescanopyheight_orthophoto",0.5,"orthophoto_50cm_2025","Vestlandet"
"NINFP2210114009",0.010029307332699,0.0100232711993158,3536,1,"meta_highrescanopyheight_orthophoto",0.5,"orthophoto_50cm_2025","Vestlandet"
"NINFP1810037767",0.0750911717113402,0.0102309253998101,41702,3,"meta_highrescanopyheight_orthophoto",0.5,"orthophoto_50cm_2025","Vestlandet"
"NINFP1810018638",0.0342776547759992,0.0101215504109859,53851,4,"meta_highrescanopyheight_orthophoto",0.5,"orthophoto_50cm_2025","Vestlandet"
"NINFP2010021061",0.0811945025649107,0.0105181382969022,38696,7,"meta_highrescanopyheight_orthophoto",0.5,"orthophoto_50cm_2025","Vestlandet"
"NINFP1810045554",0.732460207863361,0.0131301139481366,15412,3,"meta_highrescanopyheight_orthophoto",0.5,"orthophoto_50cm_2025","Vestlandet"
"NINFP1810002903",1.40543814538613,0.236551553010941,11283,4,"meta_highrescanopyheight_orthophoto",0.5,"orthophoto_50cm_2025","Vestlandet"
"NINFP1810040551",0.0162903062165765,0.0100753596052527,22379,4,"meta_highrescanopyheight_orthophoto",0.5,"orthophoto_50cm_2025","Vestlandet"
"NINFP1910002501",0.132988113502504,0.0102119133807719,57938,6,"meta_highrescanopyheight_orthophoto",0.5,"orthophoto_50cm_2025","Vestlandet"
"NINFP1810043862",4.13680794782456,4.14528322219849,14971,3,"meta_highrescanopyheight_orthophoto",0.5,"orthophoto_50cm_2025","Vestlandet"
"NINFP2410163808",0.02845714834576,0.0100425276905298,492889,18,"meta_highrescanopyheight_orthophoto",0.5,"orthophoto_50cm_2025","Vestlandet"
"NINFP1810047757",0.0662921088790198,0.0101146195083857,79447,9,"meta_highrescanopyheight_orthophoto",0.5,"orthophoto_50cm_2025","Vestlandet"
"NINFP1910029117",0.0265568863239091,0.0101758204400539,56647,4,"meta_highrescanopyheight_orthophoto",0.5,"orthophoto_50cm_2025","Vestlandet"
"NINFP2110009097",0.0615570249556203,0.010728171095252,7379,2,"meta_highrescanopyheight_orthophoto",0.5,"orthophoto_50cm_2025","Vestlandet"
"NINFP2110053623",0.0608380749190196,0.0105510046705604,10793,3,"meta_highrescanopyheight_orthophoto",0.5,"orthophoto_50cm_2025","Vestlandet"
"NINFP2210094736",3.29720822935591,2.65178716182709,10748,4,"meta_highrescanopyheight_orthophoto",0.5,"orthophoto_50cm_2025","Vestlandet"
"NINFP1910060869",5.72466230970275,5.79936623573303,7852,2,"meta_highrescanopyheight_orthophoto",0.5,"orthophoto_50cm_2025","Vestlandet"
"NINFP2010008281",0.499420761507602,0.0273625664412975,6937,2,"meta_highrescanopyheight_orthophoto",0.5,"orthophoto_50cm_2025","Vestlandet"
"NINFP2110007229",0.1727709790361,0.0106244059279561,69835,5,"meta_highrescanopyheight_orthophoto",0.5,"orthophoto_50cm_2025","Vestlandet"
"NINFP2010012638",1.52052547833102,0.13600942492485,7797,4,"meta_highrescanopyheight_orthophoto",0.5,"orthophoto_50cm_2025","Vestlandet"
"NINFP2210087445",3.13051016793639,2.37279510498047,7671,3,"meta_highrescanopyheight_orthophoto",0.5,"orthophoto_50cm_2025","Vestlandet"
"NINFP2310118265",1.14217728408505,0.167118191719055,9700,2,"meta_highrescanopyheight_orthophoto",0.5,"orthophoto_50cm_2025","Vestlandet"
"NINFP2410163627",0.0100364366210253,0.0100284349173307,44989,4,"meta_highrescanopyheight_orthophoto",0.5,"orthophoto_50cm_2025","Vestlandet"
"NINFP1810044636",0.633155273627867,0.0214716084301472,40357,6,"meta_highrescanopyheight_orthophoto",0.5,"orthophoto_50cm_2025","Vestlandet"
"NINFP1910016316",0.0367698503260275,0.0107016288675368,7312,1,"meta_highrescanopyheight_orthophoto",0.5,"orthophoto_50cm_2025","Vestlandet"
"NINFP2510214432",0.010049679128553,0.0100478390231729,1585,1,"meta_highrescanopyheight_orthophoto",0.5,"orthophoto_50cm_2025","Vestlandet"
"NINFP2310119156",0.0100854016209562,0.0100651541724801,10664,4,"meta_highrescanopyheight_orthophoto",0.5,"orthophoto_50cm_2025","Vestlandet"
"NINFP1810036767",0.174991534672913,0.0103932395577431,28937,5,"meta_highrescanopyheight_orthophoto",0.5,"orthophoto_50cm_2025","Vestlandet"
"NINFP1810001678",1.20940215953981,0.052873820066452,8776,2,"meta_highrescanopyheight_orthophoto",0.5,"orthophoto_50cm_2025","Vestlandet"
"NINFP2110009914",0.14711718075472,0.0107451165094972,5084,1,"meta_highrescanopyheight_orthophoto",0.5,"orthophoto_50cm_2025","Vestlandet"
"NINFP1910016566",0.0100420808264981,0.0100250653922558,63010,6,"meta_highrescanopyheight_orthophoto",0.5,"orthophoto_50cm_2025","Vestlandet"
"NINFP2210112582",0.0565715260733233,0.0102574955672026,16547,3,"meta_highrescanopyheight_orthophoto",0.5,"orthophoto_50cm_2025","Vestlandet"
"NINFP2310124964",0.0101064750897631,0.0100435642525554,30270,5,"meta_highrescanopyheight_orthophoto",0.5,"orthophoto_50cm_2025","Vestlandet"
"NINFP2110069477",1.45938705765849,0.0358442775905132,9358,2,"meta_highrescanopyheight_orthophoto",0.5,"orthophoto_50cm_2025","Vestlandet"
"NINFP2110015603",0.0357329769081259,0.0101196747273207,9645,1,"meta_highrescanopyheight_orthophoto",0.5,"orthophoto_50cm_2025","Vestlandet"
"NINFP2410170564",3.34401831796633,0.658173263072968,15109,2,"meta_highrescanopyheight_orthophoto",0.5,"orthophoto_50cm_2025","Vestlandet"
"NINFP1810038410",4.94758522288434,4.51381778717041,11151,2,"meta_highrescanopyheight_orthophoto",0.5,"orthophoto_50cm_2025","Vestlandet"
"NINFP2210079354",0.0125116959370724,0.0100755151361227,59159,4,"meta_highrescanopyheight_orthophoto",0.5,"orthophoto_50cm_2025","Vestlandet"
"NINFP2110061354",0.181199642792908,0.011028291657567,103975,5,"meta_highrescanopyheight_orthophoto",0.5,"orthophoto_50cm_2025","Vestlandet"
"NINFP2510217131",0.296016572324599,0.0123817026615143,5092,1,"meta_highrescanopyheight_orthophoto",0.5,"orthophoto_50cm_2025","Vestlandet"
"NINFP2110015620",0.032832608223141,0.010244682431221,15147,4,"meta_highrescanopyheight_orthophoto",0.5,"orthophoto_50cm_2025","Vestlandet"
"NINFP2110066022",0.0118498024863472,0.0101019255816936,13518,2,"meta_highrescanopyheight_orthophoto",0.5,"orthophoto_50cm_2025","Vestlandet"
"NINFP1910007391",5.36652056985745,4.82032823562622,9394,1,"meta_highrescanopyheight_orthophoto",0.5,"orthophoto_50cm_2025","Vestlandet"
"NINFP1810010295",0.0100274764299391,0.010016456246376,41619,5,"meta_highrescanopyheight_orthophoto",0.5,"orthophoto_50cm_2025","Vestlandet"
"NINFP2310114377",0.0106504914056848,0.0100735337473452,33754,3,"meta_highrescanopyheight_orthophoto",0.5,"orthophoto_50cm_2025","Vestlandet"
"NINFP1910058568",0.0106548827359693,0.0100555224344134,96475,6,"meta_highrescanopyheight_orthophoto",0.5,"orthophoto_50cm_2025","Vestlandet"
"NINFP2010022637",0.0244828848552419,0.0102426679804921,14119,2,"meta_highrescanopyheight_orthophoto",0.5,"orthophoto_50cm_2025","Vestlandet"
"NINFP1910021101",0.110425489504195,0.010152505710721,28265,4,"meta_highrescanopyheight_orthophoto",0.5,"orthophoto_50cm_2025","Vestlandet"
"NINFP1910024359",2.7910207822613,1.26424241065979,11787,3,"meta_highrescanopyheight_orthophoto",0.5,"orthophoto_50cm_2025","Vestlandet"
"NINFP1810012750",0.0105627982052265,0.010211412794888,7213,2,"meta_highrescanopyheight_orthophoto",0.5,"orthophoto_50cm_2025","Vestlandet"
"NINFP1910002459",0.0185109022141339,0.0101305646821856,72279,7,"meta_highrescanopyheight_orthophoto",0.5,"orthophoto_50cm_2025","Vestlandet"
"NINFP2110010927",1.56710776001248,0.0527952406555414,46994,4,"meta_highrescanopyheight_orthophoto",0.5,"orthophoto_50cm_2025","Vestlandet"
"NINFP2110015614",0.0289448738392246,0.010435726493597,1881,1,"meta_highrescanopyheight_orthophoto",0.5,"orthophoto_50cm_2025","Vestlandet"
"NINFP1810016917",6.5212675939377,7.27817487716675,20064,2,"meta_highrescanopyheight_orthophoto",0.5,"orthophoto_50cm_2025","Vestlandet"
"NINFP1910038967",3.28867411647829,2.45873296260834,42530,5,"meta_highrescanopyheight_orthophoto",0.5,"orthophoto_50cm_2025","Vestlandet"
"NINFP2110057963",2.87398757273019,0.848307400941849,15200,2,"meta_highrescanopyheight_orthophoto",0.5,"orthophoto_50cm_2025","Vestlandet"
"NINFP1910043103",0.903653540555189,0.0179460616782308,1876,1,"meta_highrescanopyheight_orthophoto",0.5,"orthophoto_50cm_2025","Vestlandet"
"NINFP2110044849",0.0104816178145568,0.0100687784142792,4962,1,"meta_highrescanopyheight_orthophoto",0.5,"orthophoto_50cm_2025","Vestlandet"
"NINFP2210083906",0.0106788022174489,0.0101152877323329,54150,6,"meta_highrescanopyheight_orthophoto",0.5,"orthophoto_50cm_2025","Vestlandet"
"NINFP1810011590",0.019318772451014,0.0101044531911612,95913,6,"meta_highrescanopyheight_orthophoto",0.5,"orthophoto_50cm_2025","Vestlandet"
"NINFP2510215230",5.70902894835749,6.09112024307251,2689,1,"meta_highrescanopyheight_orthophoto",0.5,"orthophoto_50cm_2025","Vestlandet"
"NINFP2210109630",0.0100789021674643,0.0100592551752925,5306,2,"meta_highrescanopyheight_orthophoto",0.5,"orthophoto_50cm_2025","Vestlandet"
"NINFP2310141414",1.31820125484457,0.0175948413088918,12320,1,"meta_highrescanopyheight_orthophoto",0.5,"orthophoto_50cm_2025","Vestlandet"
"NINFP2010011671",4.73412577004412,4.44345116615295,20302,5,"meta_highrescanopyheight_orthophoto",0.5,"orthophoto_50cm_2025","Vestlandet"
"NINFP1910020229",4.21376335634766,3.77946019172668,9698,2,"meta_highrescanopyheight_orthophoto",0.5,"orthophoto_50cm_2025","Vestlandet"
"NINFP2410168555",1.61930767738258,0.16065177321434,34169,4,"meta_highrescanopyheight_orthophoto",0.5,"orthophoto_50cm_2025","Vestlandet"
"NINFP1810011747",0.0100298600220335,0.0100244674831629,51670,5,"meta_highrescanopyheight_orthophoto",0.5,"orthophoto_50cm_2025","Vestlandet"
"NINFP2310121486",0.0751283114560373,0.0104638636112213,11609,4,"meta_highrescanopyheight_orthophoto",0.5,"orthophoto_50cm_2025","Vestlandet"
"NINFP2310134815",0.0100775001727396,0.0100633772090077,15584,2,"meta_highrescanopyheight_orthophoto",0.5,"orthophoto_50cm_2025","Vestlandet"
"NINFP1810016360",0.668448585434649,0.0120556904003024,47783,6,"meta_highrescanopyheight_orthophoto",0.5,"orthophoto_50cm_2025","Vestlandet"
"NINFP1910009436",5.34804581035471,5.53880929946899,22488,4,"meta_highrescanopyheight_orthophoto",0.5,"orthophoto_50cm_2025","Vestlandet"
"NINFP1810043521",1.33104026439953,0.156546659767628,10950,4,"meta_highrescanopyheight_orthophoto",0.5,"orthophoto_50cm_2025","Vestlandet"
"NINFP2510195781",0.080769476480815,0.0107007324695587,56509,5,"meta_highrescanopyheight_orthophoto",0.5,"orthophoto_50cm_2025","Vestlandet"
"NINFP1810014207",0.0100233951995818,0.0100178271532059,33475,3,"meta_highrescanopyheight_orthophoto",0.5,"orthophoto_50cm_2025","Vestlandet"
"NINFP2210099090",4.97666881504603,4.51772880554199,9181,4,"meta_highrescanopyheight_orthophoto",0.5,"orthophoto_50cm_2025","Vestlandet"
"NINFP2210104589",3.77666802121454,3.64399933815002,4551,1,"meta_highrescanopyheight_orthophoto",0.5,"orthophoto_50cm_2025","Vestlandet"
"NINFP2010011152",2.2228107774635,0.345557823777199,8108,3,"meta_highrescanopyheight_orthophoto",0.5,"orthophoto_50cm_2025","Vestlandet"
"NINFP2210105414",0.619630372644603,0.0142698902636766,43213,3,"meta_highrescanopyheight_orthophoto",0.5,"orthophoto_50cm_2025","Vestlandet"
"NINFP2510192793",0.0579291136846786,0.0106014674529433,3407,2,"meta_highrescanopyheight_orthophoto",0.5,"orthophoto_50cm_2025","Vestlandet"
"NINFP2110008718",0.50595704727115,0.0112466616556048,5972,2,"meta_highrescanopyheight_orthophoto",0.5,"orthophoto_50cm_2025","Vestlandet"
"NINFP1810038777",0.0104815430330256,0.0100349215790629,9568,3,"meta_highrescanopyheight_orthophoto",0.5,"orthophoto_50cm_2025","Vestlandet"
"NINFP1910046078",0.0105752647891465,0.0104457810521126,5501,2,"meta_highrescanopyheight_orthophoto",0.5,"orthophoto_50cm_2025","Vestlandet"
"NINFP2410168353",0.751156088494777,0.07017932087183,17753,2,"meta_highrescanopyheight_orthophoto",0.5,"orthophoto_50cm_2025","Vestlandet"
"NINFP1810041247",0.0583208726336849,0.010158465243876,104407,6,"meta_highrescanopyheight_orthophoto",0.5,"orthophoto_50cm_2025","Vestlandet"
"NINFP2110022797",0.0177837647078523,0.0100922980345786,12910,2,"meta_highrescanopyheight_orthophoto",0.5,"orthophoto_50cm_2025","Vestlandet"
"NINFP2310118619",0.0700263786352011,0.0102450596168637,108375,13,"meta_highrescanopyheight_orthophoto",0.5,"orthophoto_50cm_2025","Vestlandet"
"NINFP1910029059",0.197197007115922,0.0109417643398046,11575,1,"meta_highrescanopyheight_orthophoto",0.5,"orthophoto_50cm_2025","Vestlandet"
"NINFP2010023317",0.0187433146123801,0.0104529205709696,7471,2,"meta_highrescanopyheight_orthophoto",0.5,"orthophoto_50cm_2025","Vestlandet"
"NINFP2110044833",0.0495051279309748,0.0111197233200073,2492,3,"meta_highrescanopyheight_orthophoto",0.5,"orthophoto_50cm_2025","Vestlandet"
"NINFP1810043269",0.71454274936995,0.0126290125772357,11461,1,"meta_highrescanopyheight_orthophoto",0.5,"orthophoto_50cm_2025","Vestlandet"
"NINFP2510196727",0.334840213951345,0.010141845792532,131959,9,"meta_highrescanopyheight_orthophoto",0.5,"orthophoto_50cm_2025","Vestlandet"
"NINFP1810011708",2.21997328925508,0.4217529296875,49875,8,"meta_highrescanopyheight_orthophoto",0.5,"orthophoto_50cm_2025","Vestlandet"
"NINFP1810035035",0.0101682552667324,0.0100343972444534,16767,4,"meta_highrescanopyheight_orthophoto",0.5,"orthophoto_50cm_2025","Vestlandet"
"NINFP1810021052",0.0188150403579121,0.0100527405738831,19207,3,"meta_highrescanopyheight_orthophoto",0.5,"orthophoto_50cm_2025","Vestlandet"
"NINFP1810005327",0.0834538239218502,0.0100600542500615,133257,10,"meta_highrescanopyheight_orthophoto",0.5,"orthophoto_50cm_2025","Vestlandet"
"NINFP2010030735",0.0101179563163826,0.0100559322163463,27449,4,"meta_highrescanopyheight_orthophoto",0.5,"orthophoto_50cm_2025","Vestlandet"
"NINFP1910044950",0.0528280005216229,0.0103258336894214,12612,2,"meta_highrescanopyheight_orthophoto",0.5,"orthophoto_50cm_2025","Vestlandet"
"NINFP2310143276",3.11519230497794,3.13158583641052,12898,1,"meta_highrescanopyheight_orthophoto",0.5,"orthophoto_50cm_2025","Vestlandet"
"NINFP1810043286",0.834500024704919,0.070081252604723,14686,3,"meta_highrescanopyheight_orthophoto",0.5,"orthophoto_50cm_2025","Vestlandet"
"NINFP2310119245",0.912845553113593,0.0104861417785287,10322,2,"meta_highrescanopyheight_orthophoto",0.5,"orthophoto_50cm_2025","Vestlandet"
"NINFP2010008502",2.32180728990362,0.508756399154663,13727,2,"meta_highrescanopyheight_orthophoto",0.5,"orthophoto_50cm_2025","Vestlandet"
"NINFP1810023083",1.2949251835209,0.143578812479973,9689,1,"meta_highrescanopyheight_orthophoto",0.5,"orthophoto_50cm_2025","Vestlandet"
"NINFP2010008982",1.35520954489161,0.0673858635127544,10348,2,"meta_highrescanopyheight_orthophoto",0.5,"orthophoto_50cm_2025","Vestlandet"
"NINFP2210107401",0.0102974907668733,0.0101249455474317,8152,4,"meta_highrescanopyheight_orthophoto",0.5,"orthophoto_50cm_2025","Vestlandet"
"NINFP2410168222",2.30013583529722,0.97656261920929,21902,3,"meta_highrescanopyheight_orthophoto",0.5,"orthophoto_50cm_2025","Vestlandet"
"NINFP2010030736",0.0107483147924806,0.0104097072035074,16789,5,"meta_highrescanopyheight_orthophoto",0.5,"orthophoto_50cm_2025","Vestlandet"
"NINFP2010013397",0.351926007718371,0.0112675726413727,16311,2,"meta_highrescanopyheight_orthophoto",0.5,"orthophoto_50cm_2025","Vestlandet"
"NINFP1810036069",0.36883659068049,0.0102920713834465,46202,6,"meta_highrescanopyheight_orthophoto",0.5,"orthophoto_50cm_2025","Vestlandet"
"NINFP1910037876",0.11427316085111,0.0115864016115665,12167,2,"meta_highrescanopyheight_orthophoto",0.5,"orthophoto_50cm_2025","Vestlandet"
"NINFP2310124992",2.53872277899755,1.94008219242096,10425,2,"meta_highrescanopyheight_orthophoto",0.5,"orthophoto_50cm_2025","Vestlandet"
"NINFP1810042845",0.23971064429036,0.0102699585258961,235059,14,"meta_highrescanopyheight_orthophoto",0.5,"orthophoto_50cm_2025","Vestlandet"
"NINFP2010002007",0.210025612399927,0.0101631209254265,380045,21,"meta_highrescanopyheight_orthophoto",0.5,"orthophoto_50cm_2025","Vestlandet"
"NINFP2210080425",0.0100922019950119,0.0100785847753286,6249,2,"meta_highrescanopyheight_orthophoto",0.5,"orthophoto_50cm_2025","Vestlandet"
"NINFP2410168231",1.78335552979757,0.75680610537529,35810,2,"meta_highrescanopyheight_orthophoto",0.5,"orthophoto_50cm_2025","Vestlandet"
"NINFP2010018044",0.0134512103976959,0.0105338506400585,9785,3,"meta_highrescanopyheight_orthophoto",0.5,"orthophoto_50cm_2025","Vestlandet"
"NINFP1810011382",1.6611570395009,0.44446425139904,18172,3,"meta_highrescanopyheight_orthophoto",0.5,"orthophoto_50cm_2025","Vestlandet"
"NINFP1910047039",0.0852727713794994,0.0142888016998768,6161,1,"meta_highrescanopyheight_orthophoto",0.5,"orthophoto_50cm_2025","Vestlandet"
"NINFP2310131370",0.0222182239645135,0.0123357186093926,4016,1,"meta_highrescanopyheight_orthophoto",0.5,"orthophoto_50cm_2025","Vestlandet"
"NINFP2410167793",0.229466532494556,0.0101651446893811,151375,9,"meta_highrescanopyheight_orthophoto",0.5,"orthophoto_50cm_2025","Vestlandet"
"NINFP1810012611",0.114243066839758,0.0102036315947771,34833,5,"meta_highrescanopyheight_orthophoto",0.5,"orthophoto_50cm_2025","Vestlandet"
"NINFP2310119041",0.0100819795618142,0.0100646018981934,4564,2,"meta_highrescanopyheight_orthophoto",0.5,"orthophoto_50cm_2025","Vestlandet"
"NINFP1810045278",0.244315278409721,0.0127952396869659,6165,2,"meta_highrescanopyheight_orthophoto",0.5,"orthophoto_50cm_2025","Vestlandet"
"NINFP2210095297",0.234006428650812,0.0109601751901209,64332,6,"meta_highrescanopyheight_orthophoto",0.5,"orthophoto_50cm_2025","Vestlandet"
"NINFP2210081574",0.41153514918749,0.0104827503673732,7648,2,"meta_highrescanopyheight_orthophoto",0.5,"orthophoto_50cm_2025","Vestlandet"
"NINFP1810012981",0.0101813795092629,0.0100281788036227,66704,5,"meta_highrescanopyheight_orthophoto",0.5,"orthophoto_50cm_2025","Vestlandet"
"NINFP2010009184",4.1415108624134,3.38445162773132,30435,6,"meta_highrescanopyheight_orthophoto",0.5,"orthophoto_50cm_2025","Vestlandet"
"NINFP2310119063",0.0101064628374063,0.0100568551570177,16917,3,"meta_highrescanopyheight_orthophoto",0.5,"orthophoto_50cm_2025","Vestlandet"
"NINFP2010013969",0.142227152483471,0.01119614392519,6265,1,"meta_highrescanopyheight_orthophoto",0.5,"orthophoto_50cm_2025","Vestlandet"
"NINFP1910029115",0.699947150288199,0.0302765890955925,27695,4,"meta_highrescanopyheight_orthophoto",0.5,"orthophoto_50cm_2025","Vestlandet"
"NINFP2110014803",0.0101716198082088,0.0101501382887363,13829,4,"meta_highrescanopyheight_orthophoto",0.5,"orthophoto_50cm_2025","Vestlandet"
"NINFP2210089533",5.79469291004487,5.92413687705994,14814,1,"meta_highrescanopyheight_orthophoto",0.5,"orthophoto_50cm_2025","Vestlandet"
"NINFP2010011626",3.80716340176873,1.40605974197388,5576,2,"meta_highrescanopyheight_orthophoto",0.5,"orthophoto_50cm_2025","Vestlandet"
"NINFP2210087906",0.930956705385695,0.178823634982109,31891,3,"meta_highrescanopyheight_orthophoto",0.5,"orthophoto_50cm_2025","Vestlandet"
"NINFP1810043457",0.0679633252686577,0.0104002677835524,51564,5,"meta_highrescanopyheight_orthophoto",0.5,"orthophoto_50cm_2025","Vestlandet"
"NINFP2210093283",0.0107005463189789,0.0102004958316684,10373,2,"meta_highrescanopyheight_orthophoto",0.5,"orthophoto_50cm_2025","Vestlandet"
"NINFP2410168764",2.33050981905715,1.55867743492126,8607,2,"meta_highrescanopyheight_orthophoto",0.5,"orthophoto_50cm_2025","Vestlandet"
"NINFP1810012218",0.0100201186525016,0.0100152054801583,126951,9,"meta_highrescanopyheight_orthophoto",0.5,"orthophoto_50cm_2025","Vestlandet"
"NINFP1810024703",0.0100603084549517,0.0100553734228015,13373,2,"meta_highrescanopyheight_orthophoto",0.5,"orthophoto_50cm_2025","Vestlandet"
"NINFP1810044274",1.92256022661436,0.47094701230526,4160,2,"meta_highrescanopyheight_orthophoto",0.5,"orthophoto_50cm_2025","Vestlandet"
"NINFP2010022777",0.0122162172935359,0.0104102231562138,6244,2,"meta_highrescanopyheight_orthophoto",0.5,"orthophoto_50cm_2025","Vestlandet"
"NINFP2010020557",0.0883266087207477,0.0103740133345127,7919,1,"meta_highrescanopyheight_orthophoto",0.5,"orthophoto_50cm_2025","Vestlandet"
"NINFP2410184087",0.48493839211816,0.115798160433769,1102,2,"meta_highrescanopyheight_orthophoto",0.5,"orthophoto_50cm_2025","Vestlandet"
"NINFP2210103280",0.120742893100544,0.0102937677875161,65407,5,"meta_highrescanopyheight_orthophoto",0.5,"orthophoto_50cm_2025","Vestlandet"
"NINFP1810011741",0.117017341133365,0.0104701230302453,45595,4,"meta_highrescanopyheight_orthophoto",0.5,"orthophoto_50cm_2025","Vestlandet"
"NINFP2010029258",3.95266617558492,3.78755927085876,6983,1,"meta_highrescanopyheight_orthophoto",0.5,"orthophoto_50cm_2025","Vestlandet"
"NINFP2410152967",0.0183475843747136,0.0102204401046038,32379,8,"meta_highrescanopyheight_orthophoto",0.5,"orthophoto_50cm_2025","Vestlandet"
"NINFP2410168044",3.81006171790569,3.12181496620178,4040,2,"meta_highrescanopyheight_orthophoto",0.5,"orthophoto_50cm_2025","Vestlandet"
"NINFP2310124017",0.0104573367452544,0.0104170804843307,1231,1,"meta_highrescanopyheight_orthophoto",0.5,"orthophoto_50cm_2025","Vestlandet"
"NINFP1810044004",0.0829986808481328,0.010766202583909,229497,11,"meta_highrescanopyheight_orthophoto",0.5,"orthophoto_50cm_2025","Vestlandet"
"NINFP2310123750",0.0100512862553124,0.0100361360237002,41125,5,"meta_highrescanopyheight_orthophoto",0.5,"orthophoto_50cm_2025","Vestlandet"
"NINFP2310118118",0.755646256343893,0.0235869586467743,32400,4,"meta_highrescanopyheight_orthophoto",0.5,"orthophoto_50cm_2025","Vestlandet"
"NINFP2110053639",0.034627668470217,0.0103286793455482,51813,4,"meta_highrescanopyheight_orthophoto",0.5,"orthophoto_50cm_2025","Vestlandet"
"NINFP1810006887",0.0100371006182664,0.0100261336192489,58283,6,"meta_highrescanopyheight_orthophoto",0.5,"orthophoto_50cm_2025","Vestlandet"
"NINFP1910059741",5.6872971818558,6.18605828285217,27008,4,"meta_highrescanopyheight_orthophoto",0.5,"orthophoto_50cm_2025","Vestlandet"
"NINFP2010058251",0.0102601342871439,0.0101572219282389,40426,5,"meta_highrescanopyheight_orthophoto",0.5,"orthophoto_50cm_2025","Vestlandet"
"NINFP1910029083",0.0274373527402007,0.0102278776466846,29080,4,"meta_highrescanopyheight_orthophoto",0.5,"orthophoto_50cm_2025","Vestlandet"
"NINFP2410163527",0.0113169906029492,0.0100541152060032,89946,10,"meta_highrescanopyheight_orthophoto",0.5,"orthophoto_50cm_2025","Vestlandet"
"NINFP1810004574",1.1691204618327,0.159741133451462,18187,3,"meta_highrescanopyheight_orthophoto",0.5,"orthophoto_50cm_2025","Vestlandet"
"NINFP2110048147",0.678770886599665,0.0234198216348886,81619,5,"meta_highrescanopyheight_orthophoto",0.5,"orthophoto_50cm_2025","Vestlandet"
"NINFP2210078993",3.85567168389368,3.17431259155273,9643,2,"meta_highrescanopyheight_orthophoto",0.5,"orthophoto_50cm_2025","Vestlandet"
"NINFP2310141045",0.732823044186942,0.0237414538860321,52178,3,"meta_highrescanopyheight_orthophoto",0.5,"orthophoto_50cm_2025","Vestlandet"
"NINFP1810009572",2.72978967871111,2.43948721885681,5410,2,"meta_highrescanopyheight_orthophoto",0.5,"orthophoto_50cm_2025","Vestlandet"
"NINFP2510211444",1.61255133895887,0.551076591014862,11137,2,"meta_highrescanopyheight_orthophoto",0.5,"orthophoto_50cm_2025","Vestlandet"
"NINFP2010033151",0.0302441889994571,0.0101095540449023,10490,1,"meta_highrescanopyheight_orthophoto",0.5,"orthophoto_50cm_2025","Vestlandet"
"NINFP2110048114",0.987198223932668,0.182737872004509,18970,2,"meta_highrescanopyheight_orthophoto",0.5,"orthophoto_50cm_2025","Vestlandet"
"NINFP2010052462",3.38181672845856,3.415452003479,5655,1,"meta_highrescanopyheight_orthophoto",0.5,"orthophoto_50cm_2025","Vestlandet"
"NINFP2510195776",0.0581543773366827,0.0107388272881508,1015,1,"meta_highrescanopyheight_orthophoto",0.5,"orthophoto_50cm_2025","Vestlandet"
"NINFP1910029101",0.200585366769719,0.0127183273434639,7341,2,"meta_highrescanopyheight_orthophoto",0.5,"orthophoto_50cm_2025","Vestlandet"
"NINFP1810042277",0.409675606983768,0.0109530156478286,56977,5,"meta_highrescanopyheight_orthophoto",0.5,"orthophoto_50cm_2025","Vestlandet"
"NINFP2010012375",0.0108172498773543,0.0103859640657902,5181,2,"meta_highrescanopyheight_orthophoto",0.5,"orthophoto_50cm_2025","Vestlandet"
"NINFP1910035658",5.18648236546166,5.29039764404297,16319,3,"meta_highrescanopyheight_orthophoto",0.5,"orthophoto_50cm_2025","Vestlandet"
"NINFP2010023900",4.42653643228775,4.20408916473389,21561,4,"meta_highrescanopyheight_orthophoto",0.5,"orthophoto_50cm_2025","Vestlandet"
"NINFP2110048153",1.18612760904841,0.0534544866532087,72880,4,"meta_highrescanopyheight_orthophoto",0.5,"orthophoto_50cm_2025","Vestlandet"
"NINFP1910053304",0.0257504659555895,0.0102403946220875,46707,5,"meta_highrescanopyheight_orthophoto",0.5,"orthophoto_50cm_2025","Vestlandet"
"NINFP2210112541",0.0106928751860401,0.0103202271275222,7554,3,"meta_highrescanopyheight_orthophoto",0.5,"orthophoto_50cm_2025","Vestlandet"
"NINFP2410162006",0.0325624871476656,0.0112310852855444,4853,4,"meta_highrescanopyheight_orthophoto",0.5,"orthophoto_50cm_2025","Vestlandet"
"NINFP2510191147",0.164921538669003,0.0112661314196885,24828,3,"meta_highrescanopyheight_orthophoto",0.5,"orthophoto_50cm_2025","Vestlandet"
"NINFP1810016919",0.467777122167696,0.0145261399447918,255102,18,"meta_highrescanopyheight_orthophoto",0.5,"orthophoto_50cm_2025","Vestlandet"
"NINFP2310122439",5.63475566951243,6.11978149414062,30009,4,"meta_highrescanopyheight_orthophoto",0.5,"orthophoto_50cm_2025","Vestlandet"
"NINFP2110015605",0.0337601910310653,0.0103230010718107,27076,3,"meta_highrescanopyheight_orthophoto",0.5,"orthophoto_50cm_2025","Vestlandet"
"NINFP2210083780",0.378048731584803,0.0179121140390635,29343,4,"meta_highrescanopyheight_orthophoto",0.5,"orthophoto_50cm_2025","Vestlandet"
"NINFP1810045276",0.0167023451444736,0.0102775036357343,4518,4,"meta_highrescanopyheight_orthophoto",0.5,"orthophoto_50cm_2025","Vestlandet"
"NINFP2310135365",0.0103920874403973,0.0102956867776811,9650,2,"meta_highrescanopyheight_orthophoto",0.5,"orthophoto_50cm_2025","Vestlandet"
"NINFP1810046780",3.225168840679,3.14230465888977,189838,10,"meta_highrescanopyheight_orthophoto",0.5,"orthophoto_50cm_2025","Vestlandet"
"NINFP2010043050",0.048270529179176,0.0104307550936937,7042,1,"meta_highrescanopyheight_orthophoto",0.5,"orthophoto_50cm_2025","Vestlandet"
"NINFP1810044561",0.0101317985905749,0.0100557613186538,17374,4,"meta_highrescanopyheight_orthophoto",0.5,"orthophoto_50cm_2025","Vestlandet"
"NINFP1810014705",0.225063817723656,0.0104396976530552,56974,4,"meta_highrescanopyheight_orthophoto",0.5,"orthophoto_50cm_2025","Vestlandet"
"NINFP2410152103",0.0100939741567592,0.0100406892597675,367324,18,"meta_highrescanopyheight_orthophoto",0.5,"orthophoto_50cm_2025","Vestlandet"
"NINFP2110014801",0.0155103351215479,0.010055239778012,27780,2,"meta_highrescanopyheight_orthophoto",0.5,"orthophoto_50cm_2025","Vestlandet"
"NINFP1810035041",0.0129013996296593,0.0100369090214372,11425,3,"meta_highrescanopyheight_orthophoto",0.5,"orthophoto_50cm_2025","Vestlandet"
"NINFP2210097776",0.425274551595604,0.0115003380924463,17925,2,"meta_highrescanopyheight_orthophoto",0.5,"orthophoto_50cm_2025","Vestlandet"
"NINFP1810043620",0.010250533472789,0.0101188709959388,15723,3,"meta_highrescanopyheight_orthophoto",0.5,"orthophoto_50cm_2025","Vestlandet"
"NINFP1810020721",0.0296122728304983,0.0101975407451391,64667,7,"meta_highrescanopyheight_orthophoto",0.5,"orthophoto_50cm_2025","Vestlandet"
"NINFP2410174206",0.0100323984843111,0.0100272987037897,64485,6,"meta_highrescanopyheight_orthophoto",0.5,"orthophoto_50cm_2025","Vestlandet"
"NINFP2310134820",0.0100852199706304,0.0100493719801307,9854,2,"meta_highrescanopyheight_orthophoto",0.5,"orthophoto_50cm_2025","Vestlandet"
"NINFP1910008022",0.0236480658066262,0.0101164970546961,13962,2,"meta_highrescanopyheight_orthophoto",0.5,"orthophoto_50cm_2025","Vestlandet"
"NINFP2310140693",0.667852805180847,0.0140337180346251,36477,4,"meta_highrescanopyheight_orthophoto",0.5,"orthophoto_50cm_2025","Vestlandet"
"NINFP2210087078",0.839245757402002,0.0409166663885117,43689,6,"meta_highrescanopyheight_orthophoto",0.5,"orthophoto_50cm_2025","Vestlandet"
"NINFP2010023895",1.87176503313224,0.254323929548264,10592,2,"meta_highrescanopyheight_orthophoto",0.5,"orthophoto_50cm_2025","Vestlandet"
"NINFP2410156728",0.780799061692166,0.0388029590249062,6794,1,"meta_highrescanopyheight_orthophoto",0.5,"orthophoto_50cm_2025","Vestlandet"
"NINFP2010011890",1.59938889683908,0.474055051803589,27959,5,"meta_highrescanopyheight_orthophoto",0.5,"orthophoto_50cm_2025","Vestlandet"
"NINFP1910055348",0.260186403973106,0.012686072383076,13340,2,"meta_highrescanopyheight_orthophoto",0.5,"orthophoto_50cm_2025","Vestlandet"
"NINFP2410183115",0.225347771905653,0.0107816811650991,17707,3,"meta_highrescanopyheight_orthophoto",0.5,"orthophoto_50cm_2025","Vestlandet"
"NINFP1810002386",2.59735003183853,0.547858834266663,5169,1,"meta_highrescanopyheight_orthophoto",0.5,"orthophoto_50cm_2025","Vestlandet"
"NINFP2010014699",0.0104287614857338,0.0101844733580947,8574,4,"meta_highrescanopyheight_orthophoto",0.5,"orthophoto_50cm_2025","Vestlandet"
"NINFP2310135196",0.010642089723749,0.0104193650186062,10305,2,"meta_highrescanopyheight_orthophoto",0.5,"orthophoto_50cm_2025","Vestlandet"
"NINFP2110011218",0.145935409406699,0.0108651164919138,12099,2,"meta_highrescanopyheight_orthophoto",0.5,"orthophoto_50cm_2025","Vestlandet"
"NINFP1810015617",5.99127766318275,6.43736362457275,13359,1,"meta_highrescanopyheight_orthophoto",0.5,"orthophoto_50cm_2025","Vestlandet"
"NINFP2310130222",1.57395303400049,0.145114928483963,11909,2,"meta_highrescanopyheight_orthophoto",0.5,"orthophoto_50cm_2025","Vestlandet"
"NINFP1910040045",0.0245974126452798,0.0102788675576448,6729,2,"meta_highrescanopyheight_orthophoto",0.5,"orthophoto_50cm_2025","Vestlandet"
"NINFP2410168187",2.22933099958495,1.27901804447174,5983,2,"meta_highrescanopyheight_orthophoto",0.5,"orthophoto_50cm_2025","Vestlandet"
"NINFP1910022256",0.42531906493556,0.0114441066980362,4379,2,"meta_highrescanopyheight_orthophoto",0.5,"orthophoto_50cm_2025","Vestlandet"
"NINFP1810017869",0.0123351412088072,0.0101087717339396,79694,9,"meta_highrescanopyheight_orthophoto",0.5,"orthophoto_50cm_2025","Vestlandet"
"NINFP2310146455",0.0111798288036532,0.0100494623184204,57353,6,"meta_highrescanopyheight_orthophoto",0.5,"orthophoto_50cm_2025","Vestlandet"
"NINFP1810005155",0.488655720118678,0.011613704264164,80092,8,"meta_highrescanopyheight_orthophoto",0.5,"orthophoto_50cm_2025","Vestlandet"
"NINFP1910049604",1.8413060972127,0.702431082725525,27077,3,"meta_highrescanopyheight_orthophoto",0.5,"orthophoto_50cm_2025","Vestlandet"
"NINFP2010019734",1.1517188585471,0.116727769374847,4240,2,"meta_highrescanopyheight_orthophoto",0.5,"orthophoto_50cm_2025","Vestlandet"
"NINFP2210084878",0.552089153742965,0.0118753975257277,108597,7,"meta_highrescanopyheight_orthophoto",0.5,"orthophoto_50cm_2025","Vestlandet"
"NINFP2110068031",1.20751531269574,0.0131666045635939,2595,1,"meta_highrescanopyheight_orthophoto",0.5,"orthophoto_50cm_2025","Vestlandet"
"NINFP2210113884",2.23427431855518,0.740049332380295,18120,3,"meta_highrescanopyheight_orthophoto",0.5,"orthophoto_50cm_2025","Vestlandet"
"NINFP1910002254",0.0123479495361547,0.0101091088727117,38170,4,"meta_highrescanopyheight_orthophoto",0.5,"orthophoto_50cm_2025","Vestlandet"
"NINFP1910003063",0.0187353144856156,0.010039871558547,16725,4,"meta_highrescanopyheight_orthophoto",0.5,"orthophoto_50cm_2025","Vestlandet"
"NINFP2110023630",0.0102649297226112,0.0100303022190928,157318,11,"meta_highrescanopyheight_orthophoto",0.5,"orthophoto_50cm_2025","Vestlandet"
"NINFP2010056106",0.0179450454147322,0.0103414542973042,9432,2,"meta_highrescanopyheight_orthophoto",0.5,"orthophoto_50cm_2025","Vestlandet"
"NINFP2210082065",0.132687665748152,0.0102809676900506,28963,4,"meta_highrescanopyheight_orthophoto",0.5,"orthophoto_50cm_2025","Vestlandet"
"NINFP2310129967",6.74779652521211,6.83142471313477,2349,1,"meta_highrescanopyheight_orthophoto",0.5,"orthophoto_50cm_2025","Vestlandet"
"NINFP1810014994",1.20241960194132,0.0212360173463821,43303,3,"meta_highrescanopyheight_orthophoto",0.5,"orthophoto_50cm_2025","Vestlandet"
"NINFP1810014200",0.0110655810385169,0.0100204618647695,69451,6,"meta_highrescanopyheight_orthophoto",0.5,"orthophoto_50cm_2025","Vestlandet"
"NINFP1810044441",1.05967255365062,0.0630851238965988,948081,38,"meta_highrescanopyheight_orthophoto",0.5,"orthophoto_50cm_2025","Vestlandet"
"NINFP1810012809",1.10906515062197,0.100765656679869,11488,2,"meta_highrescanopyheight_orthophoto",0.5,"orthophoto_50cm_2025","Vestlandet"
"NINFP2310121867",1.41057933597023,0.0448810663074255,29630,4,"meta_highrescanopyheight_orthophoto",0.5,"orthophoto_50cm_2025","Vestlandet"
"NINFP2410168232",0.811205588764677,0.0376023948192596,63196,7,"meta_highrescanopyheight_orthophoto",0.5,"orthophoto_50cm_2025","Vestlandet"
"NINFP2410182795",7.89167336946158,7.78732180595398,5192,2,"meta_highrescanopyheight_orthophoto",0.5,"orthophoto_50cm_2025","Vestlandet"
"NINFP2310128817",0.011542903471084,0.0100775239989161,60093,6,"meta_highrescanopyheight_orthophoto",0.5,"orthophoto_50cm_2025","Vestlandet"
"NINFP2610220065",0.0228559257064783,0.0101396702229977,31191,5,"meta_highrescanopyheight_orthophoto",0.5,"orthophoto_50cm_2025","Vestlandet"
"NINFP2410158743",1.93383786504629,0.065276138484478,12731,3,"meta_highrescanopyheight_orthophoto",0.5,"orthophoto_50cm_2025","Vestlandet"
"NINFP2210077119",0.262843204746351,0.0103076435625553,14377,2,"meta_highrescanopyheight_orthophoto",0.5,"orthophoto_50cm_2025","Vestlandet"
"NINFP2010046372",6.19496564273503,6.84460926055908,20833,4,"meta_highrescanopyheight_orthophoto",0.5,"orthophoto_50cm_2025","Vestlandet"
"NINFP2110023598",0.0100991115904356,0.010092687793076,4713,2,"meta_highrescanopyheight_orthophoto",0.5,"orthophoto_50cm_2025","Vestlandet"
"NINFP2110010187",1.54321198728468,0.0460601076483727,9121,1,"meta_highrescanopyheight_orthophoto",0.5,"orthophoto_50cm_2025","Vestlandet"
"NINFP2110042726",0.0247403319478362,0.0108339693397284,9557,4,"meta_highrescanopyheight_orthophoto",0.5,"orthophoto_50cm_2025","Vestlandet"
"NINFP2410152970",0.0100319915338042,0.0100257024168968,59149,5,"meta_highrescanopyheight_orthophoto",0.5,"orthophoto_50cm_2025","Vestlandet"
"NINFP2010053032",0.1363330138413,0.0100909769535065,64429,4,"meta_highrescanopyheight_orthophoto",0.5,"orthophoto_50cm_2025","Vestlandet"
"NINFP2210113982",0.0155997296109363,0.0100428927689791,68063,6,"meta_highrescanopyheight_orthophoto",0.5,"orthophoto_50cm_2025","Vestlandet"
"NINFP2010022136",2.47597844406476,1.27926248311996,7226,2,"meta_highrescanopyheight_orthophoto",0.5,"orthophoto_50cm_2025","Vestlandet"
"NINFP2110014807",0.0105480119954681,0.0100401286035776,118481,6,"meta_highrescanopyheight_orthophoto",0.5,"orthophoto_50cm_2025","Vestlandet"
"NINFP1810011059",0.0100181670720526,0.0100150341168046,37741,3,"meta_highrescanopyheight_orthophoto",0.5,"orthophoto_50cm_2025","Vestlandet"
"NINFP2510192212",1.05813605699913,0.0129156978800893,38943,5,"meta_highrescanopyheight_orthophoto",0.5,"orthophoto_50cm_2025","Vestlandet"
"NINFP1810011122",3.54321558393814,3.43614876270294,18446,2,"meta_highrescanopyheight_orthophoto",0.5,"orthophoto_50cm_2025","Vestlandet"
"NINFP2410184124",3.34081383159197,2.78270137310028,8832,2,"meta_highrescanopyheight_orthophoto",0.5,"orthophoto_50cm_2025","Vestlandet"
"NINFP2210107973",0.695356869746465,0.0583722442388535,38918,4,"meta_highrescanopyheight_orthophoto",0.5,"orthophoto_50cm_2025","Vestlandet"
"NINFP2010019725",0.722385157830055,0.0468310434371233,5834,1,"meta_highrescanopyheight_orthophoto",0.5,"orthophoto_50cm_2025","Vestlandet"
"NINFP1910040405",5.55294520323965,4.93081116676331,5112,2,"meta_highrescanopyheight_orthophoto",0.5,"orthophoto_50cm_2025","Vestlandet"
"NINFP1810043704",1.06263648079975,0.0325919575989246,57979,4,"meta_highrescanopyheight_orthophoto",0.5,"orthophoto_50cm_2025","Vestlandet"
"NINFP2210080029",0.998555235327124,0.0141802122816443,29290,4,"meta_highrescanopyheight_orthophoto",0.5,"orthophoto_50cm_2025","Vestlandet"
"NINFP2310124712",0.011972275827456,0.0109349517151713,4469,2,"meta_highrescanopyheight_orthophoto",0.5,"orthophoto_50cm_2025","Vestlandet"
"NINFP2010015782",5.88802339607564,6.13528513908386,4532,1,"meta_highrescanopyheight_orthophoto",0.5,"orthophoto_50cm_2025","Vestlandet"
"NINFP2310116833",0.346540124081752,0.0234645511955023,9297,1,"meta_highrescanopyheight_orthophoto",0.5,"orthophoto_50cm_2025","Vestlandet"
"NINFP2210081052",0.0659974941838166,0.010178810916841,40577,4,"meta_highrescanopyheight_orthophoto",0.5,"orthophoto_50cm_2025","Vestlandet"
"NINFP2210085788",1.61112124121842,0.531408905982971,70123,6,"meta_highrescanopyheight_orthophoto",0.5,"orthophoto_50cm_2025","Vestlandet"
"NINFP1810043083",1.04636693586681,0.0965017378330231,103407,6,"meta_highrescanopyheight_orthophoto",0.5,"orthophoto_50cm_2025","Vestlandet"
"NINFP2510196887",0.0603396776293216,0.0100942831486464,31424,4,"meta_highrescanopyheight_orthophoto",0.5,"orthophoto_50cm_2025","Vestlandet"
"NINFP1810043096",1.61949204623847,0.413968399167061,13426,2,"meta_highrescanopyheight_orthophoto",0.5,"orthophoto_50cm_2025","Vestlandet"
